CT-7,CT-1
0.0,1.0
0.023519469925833668,0.9764805300741662
0.02625574201691044,0.9737442579830896
4.163336342344337e-17,1.0
0.03172053967011323,0.9682794603298868
0.0879809768677023,0.9120190231322978
1.1102230246251565e-16,0.9999999999999999
0.2786370502994465,0.7213629497005534
6.661338147750939e-16,0.9999999999999993
2.7755575615628914e-17,1.0
0.0,1.0
0.08799354497562878,0.9120064550243712
0.0,1.0
1.6653345369377348e-16,0.9999999999999999
0.009775566332781184,0.9902244336672187
1.3877787807814457e-17,1.0
0.0,1.0
1.1518563880486e-15,0.9999999999999989
0.0,1.0
0.2717062303649324,0.7282937696350676
0.0,1.0
1.1102230246251565e-16,1.0
0.0,1.0
1.8735013540549517e-16,0.9999999999999998
0.4963053083818992,0.5036946916181009
0.26517440733469255,0.7348255926653074
0.6858458424459581,0.31415415755404164
1.3877787807814457e-17,1.0
5.759281940243e-16,0.9999999999999993
6.938893903907228e-17,1.0
1.1102230246251565e-16,0.9999999999999998
0.0,1.0
0.2229399120043419,0.7770600879956582
0.0,1.0
0.30811702783927586,0.6918829721607241
0.08060736470886505,0.919392635291135
0.6842869764619609,0.31571302353803915
4.163336342344337e-17,1.0
0.4766131956130266,0.5233868043869734
5.551115123125783e-17,1.0
0.0,1.0
0.05713770166039411,0.9428622983396059
0.6542807106626531,0.34571928933734675
0.0,1.0
0.0,1.0
5.551115123125783e-17,1.0
0.0,1.0
0.0,1.0
0.0,1.0
0.0,1.0
0.1887817729965957,0.8112182270034042
0.0,1.0
0.18933348475725717,0.8106665152427428
1.6653345369377348e-16,0.9999999999999999
0.2813252328541907,0.7186747671458092
0.5,0.5
1.1102230246251565e-16,0.9999999999999999
5.551115123125783e-17,1.0
5.551115123125783e-17,1.0
1.6653345369377348e-16,0.9999999999999998
0.05185274867800141,0.9481472513219985
0.2205577872005669,0.779442212799433
0.012508022103449215,0.9874919778965509
0.0,1.0
0.0,1.0
1.6653345369377348e-16,1.0
3.0531133177191805e-16,0.9999999999999997
0.0,1.0
1.1102230246251565e-16,1.0
0.29792268752270495,0.7020773124772951
5.551115123125783e-17,1.0
0.0,1.0
0.18575447712304374,0.8142455228769563
1.1102230246251565e-16,1.0
0.19198892679486657,0.8080110732051333
2.220446049250313e-16,0.9999999999999998
3.0531133177191805e-16,0.9999999999999998
0.15335319250232726,0.8466468074976727
1.1102230246251565e-16,0.9999999999999999
2.7755575615628914e-17,1.0
2.7755575615628914e-16,0.9999999999999998
5.551115123125783e-17,1.0
3.885780586188048e-16,0.9999999999999996
2.220446049250313e-16,0.9999999999999998
1.1102230246251565e-16,1.0
0.4361436507769275,0.5638563492230726
0.0,1.0
1.8041124150158794e-16,0.9999999999999998
0.039833258266804804,0.9601667417331953
0.5503615463571366,0.44963845364286337
1.1102230246251565e-16,0.9999999999999999
2.498001805406602e-16,0.9999999999999998
0.0,1.0
5.551115123125783e-17,1.0
3.885780586188048e-16,0.9999999999999997
1.6653345369377348e-16,0.9999999999999999
0.0,1.0
3.469446951953614e-18,1.0
0.0,1.0
0.6741132265952919,0.3258867734047082
0.09822205252804114,0.9017779474719588
0.3294686330132975,0.6705313669867026
0.0,1.0
5.551115123125783e-17,1.0
0.0,1.0
0.14851165869701044,0.8514883413029896
0.007770637752455278,0.9922293622475447
0.4063503122866159,0.5936496877133841
0.3920298998692377,0.6079701001307625
0.3971002072418724,0.6028997927581278
4.163336342344337e-17,1.0
0.0,1.0
5.551115123125783e-17,1.0
5.551115123125783e-17,1.0
0.24784911651833025,0.7521508834816698
0.0,1.0
0.6247799049936085,0.3752200950063914
0.0,1.0
0.8587568988106098,0.1412431011893901
0.8404559958639933,0.1595440041360066
0.0,1.0
0.0,1.0
2.7755575615628914e-17,1.0
0.0,1.0
5.551115123125783e-17,1.0
0.22226464149508754,0.7777353585049124
0.5322204607874276,0.4677795392125723
0.2970536906132959,0.7029463093867042
0.27438177728984803,0.725618222710152
5.551115123125783e-17,1.0
0.09750322614973396,0.902496773850266
0.0,1.0
5.551115123125783e-17,1.0
0.5,0.5
0.0,1.0
0.2697253726037729,0.7302746273962272
0.0,1.0
0.48654350305030253,0.5134564969496974
0.0456716332309818,0.9543283667690183
0.17608898161161018,0.8239110183883898
0.20027124679864436,0.7997287532013557
0.13700072594734095,0.8629992740526591
5.551115123125783e-17,1.0
0.6517252541681262,0.34827474583187384
0.3053411272825385,0.6946588727174615
0.0,1.0
5.551115123125783e-17,1.0
1.1102230246251565e-16,0.9999999999999999
2.7755575615628914e-16,0.9999999999999998
0.3321375076121387,0.6678624923878612
0.0,1.0
0.0,1.0
0.7235344526933121,0.27646554730668804
0.0,1.0
4.163336342344337e-17,0.9999999999999999
0.0,0.9999999999999999
1.6653345369377348e-16,0.9999999999999998
0.4742305464210608,0.5257694535789391
5.273559366969494e-16,0.9999999999999993
0.7080635320840725,0.2919364679159275
0.44335679978695813,0.5566432002130417
0.09704330239020366,0.9029566976097962
0.717918865894097,0.282081134105903
0.0,1.0
0.19654383625066682,0.8034561637493332
0.0,1.0
0.0,1.0
1.1796119636642288e-16,0.9999999999999999
0.0,1.0
1.942890293094024e-16,0.9999999999999999
0.0,1.0
0.7576252487711137,0.24237475122888627
2.220446049250313e-16,0.9999999999999998
8.500145032286355e-17,1.0
0.2684690277996994,0.7315309722003007
5.551115123125783e-17,0.9999999999999999
1.6653345369377348e-16,0.9999999999999999
3.3306690738754696e-16,0.9999999999999998
5.551115123125783e-17,1.0
2.7755575615628914e-16,0.9999999999999999
0.0,1.0
0.0,1.0
2.7755575615628914e-17,1.0
1.5265566588595902e-16,0.9999999999999999
0.05861749289267336,0.9413825071073266
0.0,1.0
0.0,1.0
1.1102230246251565e-16,1.0
0.019211350108467487,0.9807886498915327
0.2414145884910858,0.7585854115089141
1.1102230246251565e-16,1.0
8.326672684688674e-17,1.0
0.2509953195471416,0.7490046804528584
0.0,1.0
0.09312977531806065,0.9068702246819396
2.7755575615628914e-16,0.9999999999999998
0.0,1.0
0.454079897951042,0.5459201020489581
0.0,1.0
5.551115123125783e-17,1.0
5.551115123125783e-17,1.0
3.3306690738754696e-16,0.9999999999999998
3.608224830031759e-16,0.9999999999999996
0.0,1.0
1.734723475976807e-16,0.9999999999999999
2.220446049250313e-16,0.9999999999999998
0.7150289836567504,0.2849710163432496
5.551115123125783e-17,0.9999999999999999
0.21906399568123314,0.7809360043187668
0.0,1.0
0.0,1.0
1.6653345369377348e-16,0.9999999999999999
0.35950487668410436,0.6404951233158958
0.023773518434001915,0.9762264815659981
4.85722573273506e-16,0.9999999999999996
0.014242204354467375,0.9857577956455326
0.08868882701832553,0.9113111729816744
0.0,1.0
0.16003746626143409,0.8399625337385658
2.220446049250313e-16,0.9999999999999998
0.0,1.0
0.0,1.0
6.522560269672795e-16,0.9999999999999993
0.12022622850469637,0.8797737714953037
6.591949208711867e-17,0.9999999999999999
5.065392549852277e-16,0.9999999999999996
0.3171821848859746,0.6828178151140254
1.1102230246251565e-16,0.9999999999999999
0.04115598997321277,0.9588440100267872
1.6653345369377348e-16,0.9999999999999999
0.0,1.0
0.360220154499689,0.639779845500311
0.43211554901964894,0.5678844509803509
0.0,1.0
0.7094569679164913,0.2905430320835087
0.0,1.0
4.440892098500626e-16,0.9999999999999996
0.5,0.5
0.5,0.5
0.10677543563781368,0.8932245643621862
2.7755575615628914e-16,0.9999999999999998
0.2714491672813889,0.7285508327186111
0.5576258297078837,0.4423741702921163
0.0,1.0
0.14038099336593796,0.8596190066340621
1.1102230246251565e-16,0.9999999999999999
0.0,1.0
0.05559622985751909,0.9444037701424808
0.2733204337131961,0.726679566286804
0.0,1.0
0.0,1.0
0.19150409742907046,0.8084959025709295
0.21461409367839993,0.7853859063216002
0.17355444095167738,0.8264455590483226
0.0,1.0
0.3470492036122772,0.6529507963877228
0.7064698751643306,0.29353012483566954
3.0531133177191805e-16,0.9999999999999997
5.551115123125783e-17,1.0
0.10950432647587573,0.8904956735241244
0.0,1.0
2.7755575615628914e-17,1.0
0.7660878111834075,0.23391218881659245
0.0,1.0
0.0,1.0
0.22854720484095412,0.7714527951590459
2.7755575615628914e-17,1.0
0.0327152077027638,0.9672847922972362
0.03523021255056531,0.9647697874494346
0.8891591621370248,0.11084083786297527
4.163336342344337e-16,0.9999999999999996
2.7755575615628914e-17,1.0
0.29888582231756455,0.7011141776824354
0.0,1.0
5.273559366969494e-16,0.9999999999999994
0.0,1.0
0.006600601492993169,0.9933993985070069
4.163336342344337e-17,0.9999999999999999
0.0,1.0
2.7755575615628914e-17,1.0
2.220446049250313e-16,0.9999999999999999
0.2360945142958927,0.7639054857041073
0.0,1.0
0.21235269476849128,0.7876473052315088
0.27763351692489674,0.7223664830751033
1.1102230246251565e-16,1.0
5.551115123125783e-17,0.9999999999999999
0.08841211464083729,0.9115878853591628
0.5946706463709949,0.40532935362900524
0.0,1.0
0.836559629589274,0.16344037041072595
1.1102230246251565e-16,1.0
1.231653667943533e-16,0.9999999999999999
0.0,1.0
2.220446049250313e-16,0.9999999999999998
5.551115123125783e-17,1.0
0.2903796834662415,0.7096203165337587
5.551115123125783e-17,1.0
0.6042014892672117,0.3957985107327883
0.0,0.9999999999999999
5.551115123125783e-17,1.0
0.0,1.0
0.0052028208385503025,0.9947971791614497
0.0,1.0
0.17058446499973298,0.8294155350002671
0.17747202008392166,0.8225279799160784
0.0,1.0
0.0,1.0
0.3066551711010624,0.6933448288989376
0.2863546621394448,0.7136453378605553
0.06512203922220147,0.9348779607777985
1.0269562977782698e-15,0.9999999999999991
2.220446049250313e-16,0.9999999999999998
0.12668832268982283,0.8733116773101772
0.05699274789207116,0.9430072519607855
0.819236638642525,0.18076336135747506
1.6653345369377348e-16,0.9999999999999998
1.1102230246251565e-16,1.0
0.020984744505875744,0.9790152554941243
1.942890293094024e-16,0.9999999999999998
0.0,1.0
1.6653345369377348e-16,0.9999999999999999
0.24630200378269462,0.7536979962173052
0.1488017028319464,0.8511982971680536
0.08368181010783711,0.9163181898921628
0.4484928863075482,0.5515071136924518
0.15113036390785153,0.8488696360921485
0.0,1.0
0.5,0.5
0.0,1.0
1.0408340855860843e-16,1.0
0.0,1.0
0.0,1.0
0.05734148868867007,0.9426585113113299
0.0,1.0
0.18584980232512424,0.8141501976748757
2.220446049250313e-16,0.9999999999999998
0.46773114857529596,0.5322688514247041
1.1102230246251565e-16,1.0
5.551115123125783e-17,1.0
5.551115123125783e-17,1.0
0.0,1.0
0.19317425728461413,0.8068257427153859
0.0,1.0
0.5128248448994935,0.4871751551005064
0.0,1.0
0.0,1.0
0.0,1.0
0.010994066729925858,0.9890059332700742
0.0,1.0
0.5088908909939416,0.4911091090060585
0.3638258820581716,0.6361741179418285
0.0,1.0
0.32839965743356725,0.671600342566433
1.6653345369377348e-16,0.9999999999999998
5.551115123125783e-17,1.0
0.2583367953854304,0.7416632046145696
0.17380815047016457,0.8261918495298354
1.1102230246251565e-16,0.9999999999999999
5.551115123125783e-17,1.0
0.0,1.0
1.6653345369377348e-16,0.9999999999999999
0.19913823071290124,0.8008617692870988
0.18994288037910023,0.8100571196209
1.6653345369377348e-16,0.9999999999999998
5.551115123125783e-17,1.0
3.3306690738754696e-16,0.9999999999999998
2.0122792321330962e-16,0.9999999999999999
0.06567982606727013,0.9343201739327299
0.0,1.0
5.551115123125783e-17,1.0
0.249814151354286,0.750185848645714
0.0,1.0
4.163336342344337e-16,0.9999999999999996
0.07392560130885761,0.9260743986911425
3.885780586188048e-16,0.9999999999999996
5.551115123125783e-17,1.0
0.0,1.0
0.20102479359257172,0.7989752064074283
0.7566430029089984,0.24335699709100153
0.0,1.0
0.1635515028089064,0.8364484971910935
0.05981559687790411,0.940184403122096
0.507808312285139,0.49219168771486077
0.018308458267123667,0.9816915417328763
3.469446951953614e-17,1.0
0.30516297577022256,0.6948370242297774
0.003938327534403251,0.9960616724655967
0.6959939358236552,0.3040060641763446
0.12315709782555542,0.8768429021744446
0.032532095080933555,0.9674679049190665
5.551115123125783e-17,1.0
1.1102230246251565e-16,1.0
0.6782565405979822,0.32174345940201793
1.0408340855860843e-16,1.0
1.5785983631388945e-16,0.9999999999999999
0.11507673460438254,0.8849232653956175
0.4123554229720325,0.5876445770279675
0.17189163449024705,0.828108365509753
0.0,1.0
0.0,1.0
5.551115123125783e-17,1.0
0.0,1.0
5.551115123125783e-17,1.0
0.0,1.0
0.3390145320580436,0.6609854679419563
1.6653345369377348e-16,0.9999999999999999
6.522560269672795e-16,0.9999999999999994
2.220446049250313e-16,0.9999999999999999
0.03090316959586952,0.9690968304041305
0.07745842517695838,0.9225415748230416
0.4747028456899856,0.5252971543100144
5.551115123125783e-17,1.0
0.4928970437355256,0.5071029562644745
8.881784197001252e-16,0.9999999999999991
1.1102230246251565e-16,0.9999999999999999
1.6653345369377348e-16,0.9999999999999999
1.1102230246251565e-16,0.9999999999999999
0.009848447805065275,0.9901515521949348
5.551115123125783e-17,1.0
0.0,1.0
0.0,1.0
1.6653345369377348e-16,0.9999999999999999
0.1724006379969372,0.8275993620030628
0.27037328752794093,0.729626712472059
0.0,1.0
0.5,0.5
5.551115123125783e-17,1.0
0.4584232199720336,0.5415767800279663
0.031230526080085797,0.9687694739199143
0.0,1.0
0.34639144692705914,0.653608553072941
1.1102230246251565e-16,1.0
2.7755575615628914e-17,1.0
0.0,1.0
2.7755575615628914e-17,1.0
5.551115123125783e-17,1.0
2.498001805406602e-16,0.9999999999999998
0.5,0.5
8.326672684688674e-17,1.0
0.0,1.0
8.326672684688674e-17,1.0
0.12754616189752208,0.872453838102478
0.0,1.0
0.2820081791275173,0.7179918208724828
0.1493216906914204,0.8506783093085797
0.2542737037188947,0.7457262962811052
8.326672684688674e-17,1.0
0.11409346096734199,0.885906539032658
1.1102230246251565e-16,1.0
2.220446049250313e-16,0.9999999999999999
4.440892098500626e-16,0.9999999999999997
0.1079996463221666,0.8920003536778335
5.551115123125783e-17,1.0
2.7755575615628914e-16,0.9999999999999998
1.1102230246251565e-16,0.9999999999999999
0.14821224190167842,0.8517877580983217
1.6653345369377348e-16,0.9999999999999999
0.0,1.0
5.551115123125783e-17,1.0
0.0,1.0
4.163336342344337e-16,0.9999999999999996
0.019328646501030496,0.9806713534989695
2.220446049250313e-16,0.9999999999999999
0.0,1.0
9.020562075079397e-16,0.9999999999999991
1.5265566588595902e-16,0.9999999999999999
0.0,1.0
0.056147546221328164,0.9438524537786719
0.0,1.0
1.1102230246251565e-16,0.9999999999999999
0.3546459054514906,0.6453540945485092
0.04957293120914595,0.950427068790854
6.106226635438361e-16,0.9999999999999993
4.163336342344337e-16,0.9999999999999996
0.48446926281758534,0.5155307371824146
0.0,1.0
2.7755575615628914e-16,0.9999999999999998
5.551115123125783e-17,0.9999999999999999
0.1085851824711819,0.8914148175288181
0.0,1.0
0.3983907979623198,0.6016092020376802
0.7752600254349074,0.22473997456509254
5.551115123125783e-17,1.0
2.220446049250313e-16,0.9999999999999998
5.551115123125783e-17,1.0
4.163336342344337e-17,0.9999999999999999
0.7419354339096313,0.2580645660903687
5.551115123125783e-17,0.9999999999999999
0.0,1.0
0.0,1.0
5.828670879282072e-16,0.9999999999999994
1.6653345369377348e-16,0.9999999999999998
0.19760244705399044,0.8023975529460097
0.5249101917322758,0.4750898082677243
0.10552626899154269,0.8944737310084573
0.4649095651051887,0.5350904348948113
0.024528256027031396,0.9754717439729687
0.0,1.0
0.0,1.0
1.1102230246251565e-16,0.9999999999999999
0.0,1.0
0.4873706845893781,0.512629315410622
2.220446049250313e-16,0.9999999999999998
0.0,1.0
0.0,1.0
1.6653345369377348e-16,1.0
3.3306690738754696e-16,0.9999999999999998
5.134781488891349e-16,0.9999999999999994
0.5209893863808961,0.479010613619104
0.02108760885917209,0.9789123911408278
4.718447854656915e-16,0.9999999999999996
0.09323722251386382,0.9067627769175756
0.36611981543754896,0.633880184562451
0.0,1.0
5.551115123125783e-17,1.0
0.0,1.0
4.163336342344337e-16,0.9999999999999996
0.6303510031717737,0.3696489968282264
0.45309962707530077,0.5469003729246992
8.326672684688674e-17,1.0
5.715913853343579e-16,0.9999999999999996
0.0,1.0
0.11835467862243895,0.8816453213775611
0.0,1.0
0.6958657085879693,0.30413429141203074
5.273559366969494e-16,0.9999999999999994
0.0,1.0
0.0,1.0
0.2239025728164636,0.7760974271835364
0.2502648214457843,0.7497351785542155
4.163336342344337e-16,0.9999999999999996
0.0,1.0
0.3343796187878812,0.6656203812121189
9.367506770274758e-17,1.0
0.7851391268314569,0.2148608731685429
0.10324482918015807,0.8967551708198419
0.7264823633050924,0.27351763669490764
1.6653345369377348e-16,0.9999999999999998
0.1336829185716315,0.8663170814283684
0.4472687289642702,0.5527312710357297
0.0,1.0
0.0,1.0
0.0,1.0
0.03838970142618038,0.9616102985738196
0.09402190824414006,0.9059780914473908
0.21339742026946718,0.7866025797305328
4.163336342344337e-16,0.9999999999999996
0.0,1.0
0.22273445744797699,0.7772655425520231
8.326672684688674e-17,1.0
0.0,1.0
5.551115123125783e-17,1.0
0.0,1.0
0.2437270701840095,0.7562729298159905
0.0,1.0
0.22620804370219572,0.7737919562978041
0.5743964276194389,0.425603572380561
1.6653345369377348e-16,0.9999999999999998
2.220446049250313e-16,0.9999999999999999
0.0,1.0
0.0,1.0
5.551115123125783e-17,1.0
0.43964615866878093,0.560353841331219
4.718447854656915e-16,0.9999999999999996
0.07840966013689533,0.9215903398631047
5.551115123125783e-17,1.0
0.18971921504988656,0.8102807849501134
2.7755575615628914e-16,0.9999999999999998
0.0,1.0
1.6653345369377348e-16,0.9999999999999999
2.7755575615628914e-17,1.0
0.0,1.0
1.1102230246251565e-16,1.0
0.0,1.0
1.3877787807814457e-16,0.9999999999999999
1.1102230246251565e-16,0.9999999999999999
5.551115123125783e-17,1.0
0.0,1.0
9.71445146547012e-17,1.0
0.0,1.0
0.0,1.0
2.220446049250313e-16,0.9999999999999999
0.11085837022668715,0.8891416297733128
4.996003610813204e-16,0.9999999999999997
0.1478661213048067,0.8521338786951933
5.551115123125783e-17,1.0
0.0,1.0
0.0,1.0
4.163336342344337e-17,0.9999999999999999
1.3877787807814457e-16,0.9999999999999999
1.6653345369377348e-16,1.0
1.1102230246251565e-16,0.9999999999999999
0.12167266239141292,0.878327337608587
0.6765395506870873,0.32346044931291273
0.18633027725177426,0.8136697227482257
0.05497993107539942,0.9450200689246007
0.0,1.0
0.0,1.0
0.06527166439509383,0.9347283356049062
0.0,1.0
0.016007917306242476,0.9839920826937576
2.220446049250313e-16,0.9999999999999998
0.0,1.0
0.5500630849767583,0.4499369150232418
0.0,1.0
3.469446951953614e-16,0.9999999999999996
0.0885107610041133,0.9114892389958867
0.5099961195117767,0.4900038804882234
0.0,1.0
3.608224830031759e-16,0.9999999999999997
1.1102230246251565e-16,1.0
0.21162296472791595,0.788377035272084
0.0,1.0
0.0,1.0
5.551115123125783e-17,1.0
5.551115123125783e-17,1.0
2.1510571102112408e-16,0.9999999999999998
3.434752482434078e-16,0.9999999999999996
0.0,1.0
0.6558695870840975,0.34413041291590246
0.0,1.0
0.5005751301975114,0.49942486980248857
0.0,1.0
0.1245728848178174,0.8754271151821825
1.6653345369377348e-16,0.9999999999999998
0.06232031175546837,0.9376796882445316
0.0,1.0
3.885780586188048e-16,0.9999999999999996
0.22514581974026043,0.7748541802597395
2.220446049250313e-16,0.9999999999999998
1.1102230246251565e-16,0.9999999999999999
0.0,0.9999999999999999
1.942890293094024e-16,0.9999999999999999
0.0,1.0
0.0,1.0
8.326672684688674e-17,0.9999999999999999
0.06611902600012703,0.933880973999873
8.326672684688674e-17,1.0
1.3877787807814457e-16,0.9999999999999999
5.117434254131581e-17,1.0
1.8735013540549517e-16,0.9999999999999999
0.15393126917225888,0.8460687308277411
1.1102230246251565e-16,0.9999999999999999
0.0,1.0
0.8073363190709011,0.192663680929099
0.0495168375295937,0.9504831624704062
0.0,1.0
0.07236754618978304,0.9276324538102171
5.689893001203927e-16,0.9999999999999994
2.7755575615628914e-17,1.0
0.0,1.0
0.0,1.0
0.43417180473955747,0.5658281952604425
5.551115123125783e-17,1.0
2.7755575615628914e-16,0.9999999999999998
0.033785827978983864,0.9662141718784689
0.0,1.0
0.0,1.0
0.0,1.0
0.5038817255478354,0.49611827445216466
0.1988351014757659,0.801164898524234
0.17893754466447734,0.8210624553355226
0.21401603789126594,0.785983962108734
0.0,1.0
0.0,1.0
0.40611895194871933,0.5938810480512808
8.326672684688674e-17,0.9999999999999998
0.5,0.5
1.1102230246251565e-16,1.0
2.3418766925686896e-16,0.9999999999999998
1.1102230246251565e-16,0.9999999999999999
0.10275080464320074,0.8972491953567993
0.0,1.0
0.0,1.0
0.2888195670077829,0.7111804329922173
0.0,1.0
4.440892098500626e-16,0.9999999999999996
1.3877787807814457e-17,1.0
0.279650975921927,0.7203490240780729
5.273559366969494e-16,0.9999999999999994
0.0,1.0
1.0269562977782698e-15,0.9999999999999991
3.0531133177191805e-16,0.9999999999999997
0.0,1.0
0.0,1.0
0.0,1.0
1.1102230246251565e-16,0.9999999999999999
0.0,1.0
4.440892098500626e-16,0.9999999999999996
0.0,1.0
0.23071441678236862,0.7692855832176314
0.0,1.0
0.4334393486999876,0.5665606513000125
0.1950915598268662,0.8049084401731338
0.22063975253543225,0.7793602474645678
0.0,1.0
9.71445146547012e-17,1.0
5.828670879282072e-16,0.9999999999999996
0.0,1.0
0.0,1.0
1.942890293094024e-16,0.9999999999999998
2.498001805406602e-16,0.9999999999999998
2.7755575615628914e-17,1.0
0.0,1.0
0.0,1.0
5.551115123125783e-17,0.9999999999999999
0.6071186444569218,0.39288135554307824
5.551115123125783e-17,1.0
2.220446049250313e-16,0.9999999999999999
5.551115123125783e-17,1.0
1.1102230246251565e-16,0.9999999999999999
5.715913853343579e-16,0.9999999999999996
0.0,1.0
0.0,1.0
0.06964009141219783,0.9303599085878022
0.672619276195271,0.327380723804729
0.17433970094994894,0.8256602990500511
2.220446049250313e-16,0.9999999999999998
0.06601447617818605,0.933985523821814
0.0,1.0
0.0,1.0
0.0,1.0
3.469446951953614e-17,1.0
1.1102230246251565e-16,1.0
0.23125751439442252,0.7687424856055775
1.1102230246251565e-16,0.9999999999999999
3.2959746043559335e-17,1.0
0.29187728862789397,0.7081227113721061
4.718447854656915e-16,0.9999999999999997
0.025509548070191693,0.9744904519298082
0.2074499700800869,0.7925500299199132
0.5838130773134897,0.41618692268651025
2.7755575615628914e-17,1.0
0.0,1.0
1.6653345369377348e-16,0.9999999999999998
8.049116928532385e-16,0.9999999999999992
1.1102230246251565e-16,0.9999999999999999
0.0,1.0
0.05137181986469105,0.948628180135309
2.7755575615628914e-17,1.0
0.42445559366497715,0.5755444063350229
0.2399880491784023,0.7600119508215977
5.551115123125783e-17,1.0
0.0,1.0
0.2470544105013532,0.752945589498647
1.1102230246251565e-16,0.9999999999999999
6.106226635438361e-16,0.9999999999999993
6.106226635438361e-16,0.9999999999999993
5.551115123125783e-17,1.0
0.0,1.0
5.828670879282072e-16,0.9999999999999996
0.0,1.0
0.058053657850349806,0.9419463421496501
0.0,1.0
0.0,1.0
2.220446049250313e-16,0.9999999999999998
0.0008854225790345263,0.9991145774209654
0.10395419451008521,0.8960458052090946
0.0,1.0
5.551115123125783e-17,1.0
0.0,1.0
0.18605992952564102,0.813940070474359
0.0,1.0
0.3214190798538664,0.6785809201461336
0.0,1.0
0.0,1.0
0.0,1.0
0.27946104813735656,0.7205389518626435
0.0027966825435143707,0.9972033174564856
1.5265566588595902e-16,1.0
0.1850063933819158,0.8149936066180842
0.0,1.0
5.551115123125783e-17,1.0
0.0,1.0
0.5134483248174949,0.486551675182505
0.26459455139060023,0.7354054486093999
0.6511307684521215,0.3488692315478787
0.1689284140148323,0.8310715859851677
0.0,1.0
0.58018773352512,0.4198122664748802
0.0,1.0
0.0,1.0
0.0,1.0
1.3877787807814457e-16,0.9999999999999999
0.0,1.0
0.0,1.0
0.0,1.0
0.3572080867827463,0.6427919132172536
1.3877787807814457e-17,1.0
2.7755575615628914e-17,1.0
0.0,1.0
0.0,1.0
5.551115123125783e-17,1.0
2.7755575615628914e-17,1.0
0.06184814853761635,0.9381518514623837
0.26933711034428615,0.7306628896557138
0.387367127034635,0.612632872965365
1.1102230246251565e-16,1.0
0.0,1.0
1.6653345369377348e-16,0.9999999999999998
5.551115123125783e-17,1.0
0.27732194897664963,0.7226780510233505
2.0816681711721685e-17,1.0
0.051555544157005355,0.9484444558429947
3.3306690738754696e-16,0.9999999999999997
0.0,1.0
0.32627754190261843,0.6737224580973816
0.0,1.0
5.551115123125783e-17,1.0
1.1102230246251565e-16,0.9999999999999999
0.15754720931763977,0.8424527906823603
0.14005498133215238,0.8599450186678477
0.27078242487263005,0.7292175751273701
0.0,1.0
1.1102230246251565e-16,1.0
0.0,1.0
0.13476098883986176,0.8652390111601383
0.0,1.0
0.0,1.0
0.0,1.0
0.0,1.0
0.1638148141818799,0.8361851858181201
0.0,1.0
9.71445146547012e-17,1.0
0.07405657757294773,0.9259434224270522
0.4758761410952186,0.5241238589047814
0.35977197075047407,0.6402280292495256
3.885780586188048e-16,0.9999999999999998
0.0,1.0
0.0,1.0
0.0,1.0
1.1102230246251565e-16,0.9999999999999999
2.220446049250313e-16,0.9999999999999999
0.0,1.0
0.056043699279598805,0.9439563007204013
0.23455428708746745,0.7654457129125326
0.0,1.0
0.44726085190694936,0.5527391480930506
2.220446049250313e-16,0.9999999999999998
0.0,1.0
0.0,1.0
1.6653345369377348e-16,0.9999999999999998
1.1796119636642288e-16,1.0
0.07105287493961547,0.9289471250603846
0.0,1.0
0.40239028688239453,0.5976097131176057
0.1678335396726353,0.8321664603273647
0.0,1.0
0.0,1.0
5.551115123125783e-17,0.9999999999999999
0.35886816358104,0.6411318364189599
5.551115123125783e-17,1.0
0.46183957192340314,0.5381604280765968
1.6653345369377348e-16,0.9999999999999998
0.0,1.0
0.7133571372942266,0.28664286270577355
0.0,1.0
0.0,1.0
0.0,1.0
0.0,1.0
0.10313792388692075,0.8968620761130792
0.37812947284311055,0.6218705271568895
8.881784197001252e-16,0.9999999999999991
0.06329949230665372,0.9367005076933462
1.1102230246251565e-16,0.9999999999999999
0.0,1.0
0.0,1.0
0.0,1.0
0.09564115916543461,0.9043588408345654
0.0,1.0
0.0,1.0
0.0,1.0
0.053236410030129716,0.9467635899698704
4.163336342344337e-16,0.9999999999999996
2.7755575615628914e-16,0.9999999999999998
3.885780586188048e-16,0.9999999999999997
1.942890293094024e-16,0.9999999999999998
0.0,1.0
0.0,1.0
0.0,1.0
0.0,1.0
0.0,1.0
4.163336342344337e-17,1.0
3.191891195797325e-16,0.9999999999999997
0.0,1.0
0.0,1.0
0.044568805976893416,0.9554311940231066
1.6653345369377348e-16,0.9999999999999999
0.03133720706800415,0.9686627929319958
1.6653345369377348e-16,1.0
5.551115123125783e-17,1.0
5.551115123125783e-17,1.0
6.938893903907228e-17,1.0
0.1498407759354052,0.8501592240645948
0.0,1.0
1.6653345369377348e-16,1.0
2.220446049250313e-16,0.9999999999999998
5.551115123125783e-17,1.0
1.1102230246251565e-16,1.0
0.0,1.0
0.6637773188839355,0.33622268111606457
0.0,1.0
0.4494353057691529,0.5505646942308471
0.0,1.0
5.204170427930421e-17,1.0
6.938893903907228e-17,1.0
5.551115123125783e-17,1.0
5.551115123125783e-17,1.0
0.5088772651271525,0.4911227348728473
1.1102230246251565e-16,1.0
5.828670879282072e-16,0.9999999999999996
1.1102230246251565e-16,1.0
0.011668298505048606,0.9883317014949513
0.30670455480274345,0.6932954451972565
0.12725373754067434,0.8727462619243352
5.134781488891349e-16,0.9999999999999994
2.220446049250313e-16,0.9999999999999998
0.45883878705841225,0.5411612129415875
8.326672684688674e-17,1.0
1.1102230246251565e-16,0.9999999999999998
0.5,0.5
0.0,1.0
0.012006223107137746,0.9879937768928623
6.661338147750939e-16,0.9999999999999993
6.106226635438361e-16,0.9999999999999994
0.0,1.0
3.608224830031759e-16,0.9999999999999997
5.967448757360216e-16,0.9999999999999994
0.0,1.0
5.551115123125783e-17,1.0
2.7755575615628914e-16,0.9999999999999998
0.2542526058183721,0.7457473941816278
0.1359728393665553,0.8640271606334448
0.0,0.9999999999999999
1.1102230246251565e-16,1.0
0.5,0.5
0.0,1.0
1.1102230246251565e-16,0.9999999999999999
2.220446049250313e-16,0.9999999999999998
0.0,1.0
0.0,1.0
0.0,1.0
0.27352590712472363,0.7264740928752762
2.7755575615628914e-17,1.0
5.551115123125783e-17,1.0
0.4206751645313182,0.5793248354686817
2.220446049250313e-16,0.9999999999999999
0.0,1.0
1.6653345369377348e-16,0.9999999999999998
5.551115123125783e-17,1.0
1.6653345369377348e-16,0.9999999999999999
0.0,1.0
0.31382968488921026,0.68617031511079
0.7660487018141533,0.23395129818584645
0.10803006668785405,0.8919699333121459
0.08015793337187456,0.9198420666281254
0.6665450383373428,0.33345496166265726
0.19326228960262823,0.8067377103973716
0.0,1.0
0.0,1.0
8.326672684688674e-17,1.0
0.0,1.0
1.6653345369377348e-16,0.9999999999999999
1.1796119636642288e-16,0.9999999999999999
0.3834793432083905,0.6165206567916096
0.0978838696785165,0.9021161303214836
3.885780586188048e-16,0.9999999999999996
0.2062446147259473,0.7937553852740526
0.0,1.0
0.0,1.0
1.214306433183765e-17,0.9999999999999999
1.6653345369377348e-16,0.9999999999999999
0.0,1.0
0.15988330458502809,0.8401166954149718
0.10112449996661496,0.8988755000333849
5.551115123125783e-17,1.0
0.0,1.0
0.5518971498822481,0.448102850117752
1.1102230246251565e-16,1.0
1.1102230246251565e-16,1.0
3.157196726277789e-16,0.9999999999999997
0.0,1.0
0.3125224115064049,0.6874775884935953
0.0,1.0
0.0,1.0
0.12534684579696595,0.874653154203034
0.0,1.0
0.054968245531912284,0.9450317544680877
0.7486163942505292,0.25138360574947083
0.0,1.0
1.1102230246251565e-16,1.0
1.6653345369377348e-16,1.0
2.220446049250313e-16,0.9999999999999998
0.0,1.0
0.24991370144488695,0.750086298555113
0.0,1.0
0.0,1.0
0.0,1.0
0.46792241332357953,0.5320775866764205
4.163336342344337e-16,0.9999999999999997
0.0,1.0
0.0,1.0
0.21909199646149594,0.780908003538504
0.0,1.0
1.1102230246251565e-16,1.0
0.0,1.0
0.1437454894185063,0.8562545105814937
0.2640354679720535,0.7359645320279464
5.551115123125783e-17,1.0
0.3406210749417023,0.6593789250582976
0.3424274737782081,0.657572526221792
0.39671058293154315,0.6032894170684566
0.0,1.0
1.1102230246251565e-16,1.0
0.18224590879690072,0.8177540912030993
0.0,1.0
0.0,1.0
0.0,1.0
0.0,1.0
0.0,1.0
0.24572500521278112,0.7542749947872189
8.326672684688674e-17,0.9999999999999999
0.0031663511490566077,0.9968336488509434
8.326672684688674e-17,0.9999999999999999
1.1102230246251565e-16,0.9999999999999999
0.3577194701603247,0.6422805298396752
0.1684027916994134,0.8315972083005866
8.326672684688674e-17,0.9999999999999999
0.0,1.0
0.20015701527758903,0.7998429847224111
0.0,1.0
1.6653345369377348e-16,0.9999999999999998
0.1346840189369496,0.8653159810630504
0.22639913606950737,0.7736008639304927
0.3163308177213759,0.6836691822786242
0.0,1.0
0.4270037094314622,0.5729962905685377
0.0,1.0
0.3896691344094552,0.6103308655905448
4.3021142204224816e-16,0.9999999999999996
0.0,1.0
0.0,1.0
0.0,1.0
0.23397860564438264,0.7660213943556174
0.05389331653714202,0.946106683462858
0.391968227418083,0.6080317725819171
3.885780586188048e-16,0.9999999999999998
0.0,1.0
9.020562075079397e-17,1.0
0.15902734584062914,0.8409726541593708
5.551115123125783e-17,0.9999999999999999
2.498001805406602e-16,0.9999999999999998
0.0,1.0
0.0,1.0
0.0,1.0
2.7755575615628914e-16,0.9999999999999998
0.39183022573726695,0.608169774262733
1.1102230246251565e-16,1.0
0.0,1.0
0.040379875210099336,0.9596201247899007
0.0,1.0
0.5,0.5
0.5222242792438321,0.47777572075616775
5.551115123125783e-17,1.0
2.7755575615628914e-16,0.9999999999999997
2.7755575615628914e-17,1.0
0.44749311239875816,0.5525068876012417
1.3877787807814457e-16,0.9999999999999999
3.3306690738754696e-16,0.9999999999999998
0.0,1.0
0.0,1.0
0.010981335899600275,0.9890186641003997
0.24617595263867975,0.7538240473613202
0.0,1.0
0.6239185258746145,0.3760814741253854
0.13333604816993527,0.8666639518300648
0.0,1.0
5.898059818321144e-17,1.0
0.009914612308542228,0.9900853876914577
0.05489377559558578,0.9451062244044143
2.220446049250313e-16,0.9999999999999998
1.1102230246251565e-16,1.0
0.17672186331857245,0.8232781366814276
0.0877359112823649,0.9122640887176351
0.0,1.0
0.0,1.0
0.0,1.0
0.2206826486236749,0.7793173513763252
0.2334473851375267,0.7665526148624734
2.220446049250313e-16,0.9999999999999998
0.0,1.0
0.8695082171028624,0.13049178289713778
0.04789038262045992,0.95210961737954
4.85722573273506e-17,1.0
0.0,0.9999999999999999
1.1102230246251565e-16,0.9999999999999999
0.0,1.0
5.551115123125783e-17,1.0
2.7755575615628914e-16,0.9999999999999998
1.3877787807814457e-16,0.9999999999999999
5.551115123125783e-17,1.0
7.797582024515748e-16,0.9999999999999993
8.326672684688674e-17,0.9999999999999999
0.0,1.0
5.551115123125783e-17,1.0
3.0531133177191805e-16,0.9999999999999998
0.18925940006186348,0.8107405999381366
0.3289402890525129,0.6710597109474872
0.42570063951109594,0.5742993604889041
1.1102230246251565e-16,1.0
0.0,1.0
0.0,1.0
8.326672684688674e-17,1.0
0.0,1.0
1.1102230246251565e-16,1.0
0.5,0.5
0.5014425300234976,0.49855746997650235
0.0,0.9999999999999999
1.6653345369377348e-16,0.9999999999999999
0.4265479119019464,0.5734520880980531
0.5,0.5
0.30859524602491095,0.6914047539750892
0.049086582278464144,0.9509134180190965
0.2787440601805387,0.7212559398194613
0.0,1.0
1.1102230246251565e-16,0.9999999999999999
0.07726865812891301,0.9227313418710871
0.3916419428129138,0.6083580571870862
8.326672684688674e-17,0.9999999999999999
0.0,1.0
0.0,1.0
0.3543681853602377,0.6456318146397622
3.3306690738754696e-16,0.9999999999999997
1.0269562977782698e-15,0.9999999999999991
0.0,1.0
0.0,1.0
0.0,1.0
0.0077931132318481856,0.9922068867681517
2.7755575615628914e-16,0.9999999999999999
0.21577143114231856,0.7842285688576814
0.0,1.0
0.0,1.0
0.15208557175862986,0.8479144282413701
0.06845429047364145,0.9315457095263586
0.0,1.0
0.7990640124728942,0.20093598752710595
0.0,1.0
0.0,1.0
1.1102230246251565e-16,1.0
3.0531133177191805e-16,0.9999999999999998
0.0,1.0
0.0,1.0
0.13965533151955084,0.8603446684804492
0.13643506453959295,0.8635649349844061
1.3704315460216776e-16,0.9999999999999999
0.8209762038253433,0.17902379617465683
0.0,1.0
0.2441483380445002,0.7558516619554998
0.08779477677096002,0.9122052232290401
0.1033000046930292,0.8966999953069709
0.0,1.0
0.0,1.0
0.0,1.0
0.22564417251876426,0.7743558274812358
0.28705936350772393,0.712940636492276
0.0,1.0
3.3306690738754696e-16,0.9999999999999998
0.0,1.0
1.942890293094024e-16,0.9999999999999998
0.23135798922090572,0.7686420107790942
0.5398723473420761,0.4601276526579238
0.6199202698150094,0.38007973018499064
0.8327423523361573,0.16725764766384277
1.1102230246251565e-16,1.0
0.0,1.0
0.04570440226967093,0.954295597730329
0.0,1.0
0.0,1.0
8.881784197001252e-16,0.9999999999999991
0.3180135485756175,0.6819864514243826
0.058613954186345914,0.941386045813654
0.0,1.0
0.0,1.0
0.0,1.0
0.0,1.0
1.6653345369377348e-16,0.9999999999999999
1.1102230246251565e-16,1.0
1.6653345369377348e-16,0.9999999999999998
5.551115123125783e-17,1.0
0.018778875059184172,0.9812211249408158
6.938893903907228e-17,1.0
1.1102230246251565e-16,1.0
0.47341910595184516,0.5265808940481548
1.1102230246251565e-16,1.0
0.0,1.0
0.1320863555372116,0.8679136444627883
0.39195932112981713,0.608040678870183
0.1888536961405123,0.8111463038594876
0.4089288372247846,0.5910711627752154
8.881784197001252e-16,0.9999999999999991
0.21270874655651661,0.7872912534434834
0.0,1.0
0.6958960174926181,0.30410398250738185
0.5,0.5
1.6653345369377348e-16,1.0
0.8099597183973436,0.19004028160265635
0.22129286273275336,0.7787071372672464
1.1102230246251565e-16,1.0
3.3306690738754696e-16,0.9999999999999997
0.2716960292627026,0.7283039707372974
0.0,1.0
0.16080579859397093,0.8391942014060292
0.08808055064465795,0.9119194493553422
0.0,1.0
0.21563389012791673,0.7843661098720834
0.0,1.0
0.0,1.0
1.1102230246251565e-16,1.0
2.220446049250313e-16,0.9999999999999998
0.0,1.0
0.0,1.0
0.33297402399467996,0.6670259760053202
0.10900703315029481,0.8909929668497051
0.0,1.0
0.030453746099112708,0.9695462539008872
0.22383283603590087,0.7761671639640992
0.030527295920927462,0.9694727040790725
0.47630904292544246,0.5236909570745575
2.0816681711721685e-16,0.9999999999999998
0.32651415422592084,0.6734858457740791
8.326672684688674e-17,1.0
1.1102230246251565e-16,1.0
0.035831180235575265,0.9641688197644248
1.6653345369377348e-16,0.9999999999999999
0.4435244943686683,0.5564755056313317
0.39508978430482755,0.6049102156951724
0.44075458137347306,0.5592454186265269
0.14496922393919193,0.8550307760608081
0.10419247889929192,0.895807521100708
2.220446049250313e-16,0.9999999999999998
0.5438190784844236,0.4561809215155764
0.0,1.0
0.3159981862870509,0.6840018137129491
0.0,1.0
0.04506663510439865,0.9549333647182537
0.2825702260069881,0.7174297739930119
0.0,1.0
0.04218748787433902,0.9578125121256611
5.551115123125783e-17,1.0
5.551115123125783e-17,1.0
0.0,1.0
0.16137190575818353,0.8386280942418164
0.25821508703251006,0.74178491296749
0.2307145066646189,0.7692854933353813
0.10645473128156437,0.8935452687184356
0.03500088147485863,0.9649991185251414
0.0,1.0
0.09621332211005909,0.9037866778899409
0.11783040975553336,0.8821695902444667
0.11228740450002087,0.8877125954999792
0.1470867513719388,0.8529132486280612
0.0,1.0
0.20797037463354986,0.7920296253664503
0.1715441878984572,0.8284558121015427
1.6653345369377348e-16,0.9999999999999998
0.0,1.0
3.885780586188048e-16,0.9999999999999997
5.551115123125783e-17,1.0
0.4217936367840885,0.5782063632159115
2.7755575615628914e-17,1.0
0.0,1.0
0.5,0.5
0.0,1.0
0.3990545385396173,0.6009454614603826
0.0,1.0
0.20042816951159567,0.7995718304884044
5.065392549852277e-16,0.9999999999999996
1.0408340855860843e-17,0.9999999999999999
0.03352058244831326,0.9664794175516868
6.938893903907228e-17,1.0
0.0,1.0
6.245004513516506e-17,0.9999999999999999
1.1102230246251565e-16,1.0
0.0,1.0
0.0181358393947795,0.9818641606052205
4.718447854656915e-16,0.9999999999999996
5.551115123125783e-17,1.0
0.0,1.0
0.140341947872417,0.8596580521275831
0.16108404159406806,0.8389159587905175
0.26547448257917233,0.7345255174208276
0.3720044976963906,0.6279955023036093
0.0,1.0
0.14617853318449045,0.8538214668155096
6.617970060851519e-16,0.9999999999999993
1.0755285551056204e-16,1.0
0.276471390669617,0.723528609330383
0.0,1.0
0.6402617899444794,0.35973821005552065
2.220446049250313e-16,0.9999999999999998
0.09431117433062328,0.9056888256693767
1.6653345369377348e-16,0.9999999999999998
0.0,1.0
5.551115123125783e-17,1.0
0.2955028878384554,0.7044971121615445
0.20137234192832862,0.7986276580716715
5.551115123125783e-17,1.0
0.6283215431481828,0.3716784568518173
0.0,1.0
0.0,1.0
0.6334117924590362,0.3665882075409636
0.1889709733457244,0.8110290266542758
0.0,1.0
0.189334505056664,0.8106654949433362
0.5399575246381587,0.4600424753618412
0.16796489550433158,0.8320351044956685
2.7755575615628914e-17,0.9999999999999999
0.028456089613425772,0.9715439103865742
2.220446049250313e-16,0.9999999999999998
2.7755575615628914e-17,0.9999999999999999
0.0,1.0
5.551115123125783e-17,1.0
0.0,1.0
0.20822747278701897,0.7917725272129811
1.1102230246251565e-16,1.0
0.0,1.0
0.614679061875114,0.3853209381248859
0.6090000417567074,0.39099995824329253
1.1102230246251565e-16,1.0
0.0,1.0
2.220446049250313e-16,0.9999999999999998
0.02789831513142819,0.9721016848685718
0.3325468068204508,0.6674531931795491
0.39817293938306436,0.6018270606169357
0.0,1.0
0.0,1.0
0.13215321115818843,0.8678467888418118
0.0,1.0
0.0,1.0
0.5135560000939858,0.4864439999060141
0.0,1.0
0.06755405250196109,0.9324459474980389
5.551115123125783e-17,1.0
1.1102230246251565e-16,1.0
9.992007221626409e-16,0.999999999999999
0.2755583659021428,0.7244416340978572
0.1944178128227197,0.8055821871772805
0.05290009363985652,0.9470999063601435
0.31603186225253704,0.683968137747463
1.6653345369377348e-16,0.9999999999999998
5.551115123125783e-17,1.0
0.0,1.0
0.0,1.0
0.0,1.0
2.7755575615628914e-16,0.9999999999999998
0.0,1.0
0.16033036685819757,0.8396696331418024
0.06826001528057839,0.9317399847194217
0.18544941594384667,0.8145505840561533
0.24384981613122272,0.7561501838687773
1.6653345369377348e-16,0.9999999999999999
0.0,1.0
0.0,1.0
0.0,1.0
0.0,1.0
0.1897884239249777,0.8102115760750224
0.5619292016237768,0.4380707983762231
2.220446049250313e-16,0.9999999999999998
0.3226265288843668,0.6773734711156331
0.35826077503252646,0.6417392249674734
0.0,1.0
0.329488106071949,0.670511893928051
0.20536977561717182,0.7946302243828282
0.689792671149875,0.3102073288501252
0.0,1.0
0.29470314492770994,0.7052968550722899
0.4077190599179868,0.5922809400820132
0.23305403524213136,0.7669459647578686
0.0,1.0
0.0,1.0
1.1102230246251565e-16,1.0
0.7392235107828113,0.26077648921718843
5.93275428784068e-16,0.9999999999999994
0.7182734913657243,0.2817265086342756
0.594497710969015,0.40550228903098495
0.0,1.0
0.0506204709622958,0.9493795290377042
5.551115123125783e-17,1.0
0.543010928202423,0.456989071797577
0.37888017261902734,0.6211198273809728
1.1102230246251565e-16,0.9999999999999999
1.1102230246251565e-16,0.9999999999999999
5.551115123125783e-17,1.0
1.6653345369377348e-16,0.9999999999999999
0.2158502531470282,0.7841497468529717
0.25954130046996976,0.7404586995300302
4.996003610813204e-16,0.9999999999999996
1.1102230246251565e-16,1.0
1.1102230246251565e-16,1.0
0.0,1.0
0.0,1.0
0.0,1.0
0.25988896828496233,0.7401110317150378
6.314393452555578e-16,0.9999999999999994
0.2166916107643597,0.7833083892356402
1.6653345369377348e-16,0.9999999999999998
5.551115123125783e-17,0.9999999999999999
0.3118862775780248,0.6881137224219752
0.14365484667416514,0.8563451533258348
0.0,1.0
0.0,1.0
0.19410820071085413,0.8058917992891458
0.6525744103440421,0.34742558965595793
5.551115123125783e-17,0.9999999999999999
0.0,1.0
0.17068989626999803,0.829310103730002
1.3877787807814457e-16,0.9999999999999999
0.0,1.0
1.1102230246251565e-16,1.0
1.6653345369377348e-16,0.9999999999999998
0.7177178255006849,0.28228217449931486
5.551115123125783e-17,1.0
0.0,1.0
2.220446049250313e-16,0.9999999999999998
0.0,1.0
0.07558766669165438,0.9244123333083456
0.0,1.0
0.0,1.0
2.220446049250313e-16,0.9999999999999998
0.0,0.9999999999999999
1.1102230246251565e-16,0.9999999999999998
0.3261626743752758,0.6738373256247242
1.6653345369377348e-16,0.9999999999999999
0.0,1.0
2.7755575615628914e-17,1.0
1.6653345369377348e-16,0.9999999999999998
0.3451120023369872,0.6548879976630129
0.37520494533490395,0.624795054665096
0.1487761783203327,0.8512238216796673
9.71445146547012e-17,1.0
0.0,1.0
5.551115123125783e-17,0.9999999999999999
1.6653345369377348e-16,0.9999999999999998
1.1102230246251565e-16,0.9999999999999999
0.11923305738980253,0.8807669426101977
0.06590123283848577,0.9340987671615141
0.13994021917087493,0.860059780829125
0.2596841752524863,0.7403158247475137
2.7755575615628914e-17,1.0
3.3306690738754696e-16,0.9999999999999998
0.0,1.0
0.0,1.0
0.0,1.0
0.6509796762967487,0.34902032370325137
0.27651926902588864,0.7234807309741115
0.15293156907067715,0.8470684309293229
0.027683751467231663,0.9723162485327683
0.1603366790041366,0.8396633209958633
0.0,1.0
0.0,1.0
0.0,1.0
3.157196726277789e-16,0.9999999999999997
0.13068473723558605,0.869315262764414
0.004465013174876538,0.9955349868251234
0.263204845234557,0.736795154765443
0.14155152781618127,0.8584484721838188
0.3360934785687653,0.6639065214312345
3.885780586188048e-16,0.9999999999999996
0.0,1.0
6.106226635438361e-16,0.9999999999999994
0.6837582589299348,0.31624174107006525
0.0,1.0
6.938893903907228e-17,0.9999999999999999
0.1801509173490092,0.8198490826509908
0.5067253219056874,0.49327467809431247
5.551115123125783e-17,1.0
0.0,1.0
0.0,1.0
0.0,1.0
0.009435353154733421,0.9905646468452666
0.488364782500749,0.5116352174992512
0.0,1.0
0.0,1.0
0.14822920379461121,0.8517707962053888
0.0,1.0
2.220446049250313e-16,0.9999999999999999
0.06281420876107079,0.9371857912389291
5.551115123125783e-17,1.0
2.7755575615628914e-16,0.9999999999999998
2.7755575615628914e-16,0.9999999999999998
0.0,1.0
1.1102230246251565e-16,0.9999999999999999
0.26720905995453803,0.732790940045462
1.1102230246251565e-16,1.0
0.017125026810100353,0.9828749731898995
0.08502884711351086,0.9149711528864891
0.0,1.0
0.2902630493359626,0.7097369506640375
0.07608129327336864,0.9239187067266313
0.0,1.0
0.3700732998549939,0.6299267001450062
0.0,1.0
1.6653345369377348e-16,0.9999999999999998
5.551115123125783e-17,1.0
0.2032505201147035,0.7967494798852965
6.661338147750939e-16,0.9999999999999994
0.493324981247165,0.5066750187528348
0.2752802663986184,0.7247197336013815
1.8041124150158794e-16,0.9999999999999998
0.5,0.5
0.16619694750356181,0.833803052496438
0.5743906760773556,0.4256093239226445
0.37993873721713456,0.6200612627828654
0.567448737935753,0.4325512620642471
0.11661585656494679,0.8833841434350532
0.0,1.0
0.0,1.0
1.6653345369377348e-16,0.9999999999999998
0.0,1.0
0.2559546182495163,0.7440453817504838
0.0,1.0
0.0,1.0
0.0,1.0
0.17260795803209789,0.8273920419679022
5.065392549852277e-16,0.9999999999999996
0.0,1.0
2.7755575615628914e-17,0.9999999999999999
0.0,1.0
5.551115123125783e-17,1.0
0.0,1.0
0.03490553866687169,0.9650944611789699
0.0,1.0
0.5190046939547174,0.4809953060452827
0.0,1.0
0.0,1.0
0.21053316087936477,0.7894668391206354
1.3877787807814457e-16,0.9999999999999998
3.2612801348363973e-16,0.9999999999999998
7.008282842946301e-16,0.9999999999999992
5.551115123125783e-17,1.0
6.106226635438361e-16,0.9999999999999994
9.71445146547012e-17,1.0
0.574400392825872,0.4255996071741281
1.1102230246251565e-16,1.0
0.036087421718840135,0.9639125782811598
0.0,1.0
0.0,1.0
1.3877787807814457e-17,1.0
1.6653345369377348e-16,1.0
0.0,1.0
0.0,1.0
5.551115123125783e-17,1.0
0.030108105865261473,0.9698918941347385
0.0,1.0
0.47408199651545085,0.5259180034845492
0.0,1.0
0.5657135907199138,0.43428640928008616
5.551115123125783e-17,1.0
0.0,1.0
0.0,1.0
0.0,1.0
0.0,0.9999999999999999
0.18829036149966227,0.8117096385003377
3.608224830031759e-16,0.9999999999999996
0.11453425403876255,0.8854657459612374
0.0,1.0
0.5649957037304658,0.43500429626953413
1.6653345369377348e-16,1.0
6.661338147750939e-16,0.9999999999999993
0.0,1.0
0.0,1.0
0.21116439255063843,0.7888356074493617
0.07471317196930921,0.9252868280306906
0.8102063817225302,0.18979361827746968
0.0,1.0
0.0,1.0
0.0,1.0
0.5946551526697793,0.40534484733022064
0.0,1.0
0.47887588025219036,0.5211241197478096
3.885780586188048e-16,0.9999999999999998
0.27905914701472084,0.7209408529852792
5.551115123125783e-17,1.0
0.0,1.0
0.557787418276586,0.44221258172341404
0.7870779597228238,0.21292204027717615
0.0,1.0
2.498001805406602e-16,0.9999999999999998
0.0,1.0
0.10770115481696525,0.8922988451830348
2.7755575615628914e-17,0.9999999999999999
1.1102230246251565e-16,1.0
0.1396837178677463,0.8603162821322538
5.551115123125783e-17,1.0
0.0,1.0
0.03315399150147828,0.9668460084985218
0.08784012527899969,0.9121598747210004
0.0,1.0
0.016950981588032286,0.9830490184119678
0.02466568375111103,0.9753343162488889
0.0,1.0
0.4747007603804993,0.5252992396195009
5.551115123125783e-17,1.0
5.551115123125783e-17,1.0
8.326672684688674e-17,1.0
0.0,1.0
0.0,1.0
8.326672684688674e-17,0.9999999999999999
0.05883259010004423,0.9411674095806134
0.0,1.0
0.1168167272456696,0.8831832727543305
0.0,1.0
0.18933306799585858,0.8106669320041415
0.2528174509096173,0.7471825490903827
0.10171303371442647,0.8982869662855736
0.08799042346344363,0.9120095765365563
0.027085206618148894,0.972914793381851
0.5280997611487456,0.4719002388512545
0.029763965500431214,0.9702360344995689
1.1102230246251565e-16,1.0
6.617970060851519e-16,0.9999999999999993
0.0,1.0
0.14585481393724722,0.8541451860627528
5.551115123125783e-17,1.0
5.551115123125783e-17,1.0
0.0,1.0
0.14233587115109475,0.8576641288489052
0.12576594688515003,0.8742340531148501
5.551115123125783e-17,0.9999999999999999
0.280853897770243,0.719146102229757
3.608224830031759e-16,0.9999999999999996
3.885780586188048e-16,0.9999999999999997
0.0,1.0
6.938893903907228e-17,1.0
5.551115123125783e-17,0.9999999999999999
0.27793982318796023,0.7220601768120397
0.28324702487238407,0.7167529751276158
0.47885844419105716,0.5211415558089427
0.02531834296326959,0.9746816570367305
0.0,1.0
0.15438956096590978,0.8456104390340902
0.0,1.0
5.551115123125783e-17,1.0
0.0,1.0
1.1102230246251565e-16,1.0
0.0,1.0
0.0,1.0
1.1102230246251565e-16,1.0
0.6853458607491164,0.31465413925088376
2.220446049250313e-16,0.9999999999999998
1.6653345369377348e-16,1.0
0.4633906778950847,0.5366093221049153
0.4557488801885265,0.5442511198114734
0.04530107583877731,0.9546989241612227
0.08852094072389087,0.9114790592761091
1.1102230246251565e-16,1.0
0.0,1.0
2.7755575615628914e-17,1.0
0.0,1.0
0.24927431425109287,0.7507256857489072
0.03582332938018621,0.9641766706198136
4.544975507059235e-16,0.9999999999999994
0.0,1.0
2.220446049250313e-16,0.9999999999999998
0.23312725970803394,0.766872740291966
5.551115123125783e-17,1.0
0.7192982180372085,0.28070178196279155
0.4789864108491079,0.5210135891508921
1.6653345369377348e-16,0.9999999999999998
3.885780586188048e-16,0.9999999999999998
0.5192854114386783,0.48071458856132165
0.13476485677532593,0.8652351432246741
0.0926802355921368,0.9073197644078631
1.1102230246251565e-16,1.0
5.551115123125783e-17,1.0
0.2166861732608697,0.7833138267391303
0.0,1.0
0.5067464469275831,0.493253553072417
0.5,0.5
0.0,1.0
0.0,1.0
0.4704678179599345,0.5295321820400655
0.06971471680370502,0.930285283196295
0.0,1.0
2.7755575615628914e-17,1.0
0.0,1.0
1.1102230246251565e-16,1.0
0.0,1.0
0.0,1.0
2.7755575615628914e-17,1.0
0.054236203870470456,0.9457637961295297
2.7755575615628914e-17,1.0
1.6653345369377348e-16,1.0
0.0,1.0
0.19112501677751462,0.8088749832224854
0.0,1.0
0.30339427709060063,0.6966057229093996
0.0,1.0
5.551115123125783e-17,1.0
0.0,1.0
1.6653345369377348e-16,0.9999999999999998
0.21131763752134441,0.7886823624786556
5.551115123125783e-17,1.0
0.23141506744854934,0.7685849325514508
0.0,1.0
4.926614671774132e-16,0.9999999999999996
0.0,1.0
1.1102230246251565e-16,0.9999999999999999
0.39197462808709327,0.6080253719129068
0.0,1.0
0.0,1.0
0.07184217983985186,0.9281578201601483
0.0,1.0
5.828670879282072e-16,0.9999999999999996
0.15706560330019056,0.8429343966998095
0.20090207069789467,0.7990979293021055
0.14213779494272513,0.8578622050572747
0.44965393565136197,0.5503460643486382
0.330389098514238,0.6696109014857621
0.1635638926681076,0.8364361073318923
5.551115123125783e-17,1.0
0.0,1.0
0.6386699331672997,0.3613300668327001
0.0,1.0
0.0,1.0
0.12291412868665196,0.8770858713133481
0.5531169083931399,0.44688309160686024
1.6653345369377348e-16,0.9999999999999998
0.0,1.0
0.0,1.0
0.19477759423905733,0.8052224057609426
0.0,1.0
0.7236228178531423,0.27637718214685764
1.6653345369377348e-16,0.9999999999999999
0.0,1.0
0.02448968557839616,0.975510314421604
0.08802706726715805,0.911972932732842
0.13192415913108174,0.8680758408689183
0.0,1.0
0.21388210544461034,0.7861178945553897
1.1102230246251565e-16,0.9999999999999999
2.7755575615628914e-17,1.0
0.07424453506643726,0.9257554649335626
0.0,1.0
0.0,1.0
0.0,1.0
0.26553434350262045,0.7344656564973796
6.617970060851519e-16,0.9999999999999993
5.551115123125783e-17,1.0
0.025736317283795884,0.9742636827162042
0.0,1.0
2.7755575615628914e-17,1.0
0.0,1.0
0.11406011837045549,0.8859398816295446
1.1102230246251565e-16,1.0
0.0,1.0
6.661338147750939e-16,0.9999999999999993
0.4403031206769532,0.5596968793230468
0.2792538091677185,0.7207461908322816
0.0,1.0
0.14894851422676608,0.8510514857732339
0.0,1.0
2.7755575615628914e-17,1.0
1.1102230246251565e-16,0.9999999999999999
0.0013046841968105114,0.9986953158031896
0.0,1.0
1.6653345369377348e-16,0.9999999999999999
0.0,1.0
2.949029909160572e-17,1.0
4.440892098500626e-16,0.9999999999999996
0.06353056096201316,0.936469439037987
0.010894840102149849,0.9891051598978502
4.926614671774132e-16,0.9999999999999994
0.283315033607262,0.7166849663927382
0.0,1.0
5.551115123125783e-17,1.0
0.1772033390981427,0.8227966609018573
0.2004260411636638,0.7995739588363363
0.23309056767375486,0.7669094323262452
8.326672684688674e-17,1.0
0.0,1.0
1.1102230246251565e-16,1.0
0.0,1.0
0.26071633000194133,0.7392836699980586
0.06272797765136771,0.9372720223486323
0.0,1.0
0.19421846525142294,0.805781534748577
0.0,1.0
0.0,1.0
0.2988732490014941,0.7011267509985061
2.914335439641036e-16,0.9999999999999998
1.1102230246251565e-16,0.9999999999999999
9.71445146547012e-17,1.0
0.0,1.0
0.08800917870986205,0.911990821290138
0.0,1.0
0.0,1.0
0.21782637777509814,0.7821736222249019
2.7755575615628914e-17,0.9999999999999999
0.0,1.0
1.1102230246251565e-16,1.0
1.1102230246251565e-16,1.0
0.191769921824598,0.8082300781754019
0.03723328561003092,0.9627667143899692
0.0,1.0
1.1102230246251565e-16,1.0
0.0,1.0
0.0005437976803820156,0.999456202319618
5.551115123125783e-17,0.9999999999999999
0.010887204156234646,0.9891127958437653
0.7065316735431515,0.2934683264568484
0.013356158062405341,0.9866438419916443
2.7755575615628914e-17,1.0
0.0,1.0
3.3306690738754696e-16,0.9999999999999998
5.551115123125783e-17,1.0
0.0,1.0
0.27101151590274186,0.7289884840972581
2.7755575615628914e-17,1.0
0.0,1.0
0.2705285165345215,0.7294714834654786
0.3478917265324198,0.6521082734675802
0.6578574888873079,0.34214251111269206
0.22251693817101595,0.777483061828984
0.0,1.0
0.0,1.0
0.249678328474301,0.750321671525699
0.30513836623124546,0.6948616337687545
0.0,1.0
0.0,1.0
0.0,1.0
0.0,1.0
0.30219229327120734,0.6978077067287928
5.551115123125783e-17,0.9999999999999999
1.8041124150158794e-16,0.9999999999999998
0.4126157665130885,0.5873842334869116
2.220446049250313e-16,0.9999999999999998
1.1102230246251565e-16,0.9999999999999999
0.0,1.0
5.551115123125783e-17,1.0
0.0,1.0
0.2702765801275234,0.7297234198724767
0.0462500677614177,0.9537499322385824
0.0,1.0
8.326672684688674e-17,0.9999999999999999
0.6724516893301422,0.3275483106698577
0.3712394463483129,0.628760553651687
1.1102230246251565e-16,1.0
1.3877787807814457e-16,0.9999999999999999
1.1518563880486e-15,0.9999999999999989
0.0,1.0
1.1102230246251565e-16,0.9999999999999999
5.551115123125783e-17,1.0
0.409658622542173,0.5903413774578269
0.48340368682573237,0.5165963131742676
0.0,1.0
1.3877787807814457e-17,0.9999999999999999
0.15872503531473278,0.8412749646852672
0.0,1.0
2.7755575615628914e-16,0.9999999999999998
6.938893903907228e-17,1.0
0.21519278119926943,0.7848072188007307
0.03297637828536057,0.9670236217146394
5.551115123125783e-17,0.9999999999999999
2.7755575615628914e-16,0.9999999999999999
0.0,1.0
0.0,1.0
0.23874494269648894,0.7612550573035108
5.551115123125783e-17,1.0
0.0,1.0
0.0,1.0
6.661338147750939e-16,0.9999999999999993
0.08801321832256336,0.9119867816774367
0.5946665837855883,0.40533341621441177
0.2730033931699951,0.7269966068300049
2.220446049250313e-16,0.9999999999999998
2.7755575615628914e-16,0.9999999999999998
0.0,1.0
0.382566949569225,0.6174330504307751
5.828670879282072e-16,0.9999999999999996
8.326672684688674e-17,0.9999999999999999
0.0,1.0
0.0,1.0
0.18999477615630572,0.8100052238436943
0.5080516825283138,0.4919483174716861
0.5159612648805431,0.48403873511945694
0.0,1.0
0.07747178085507787,0.9225282191449222
5.273559366969494e-16,0.9999999999999994
1.3877787807814457e-16,0.9999999999999998
1.5265566588595902e-16,0.9999999999999999
0.0,1.0
0.0,1.0
2.220446049250313e-16,0.9999999999999998
0.6351832239443369,0.364816776055663
1.1102230246251565e-16,0.9999999999999999
0.0,1.0
1.1102230246251565e-16,0.9999999999999999
0.16281590849997635,0.8371840915000236
0.3093527873197259,0.6906472126802742
0.0,1.0
0.0,1.0
2.498001805406602e-16,0.9999999999999998
1.3877787807814457e-17,1.0
0.0,1.0
0.23673092802572057,0.7632690719742794
0.23483895092321128,0.7651610490767887
5.273559366969494e-16,0.9999999999999996
0.0,0.9999999999999999
0.18642640653047055,0.8135735934695295
0.2403900861475976,0.7596099138524025
0.2345296275952254,0.7654703724047746
0.5656899823286526,0.43431001767134747
0.6674969093871972,0.33250309061280275
2.7755575615628914e-17,1.0
3.0531133177191805e-16,0.9999999999999997
0.5783806704659977,0.4216193295340023
1.1102230246251565e-16,0.9999999999999998
0.0,1.0
0.4348507512296075,0.5651492487703923
0.300632222829287,0.6993677771707131
0.0,1.0
2.7755575615628914e-16,0.9999999999999998
0.08468578836997598,0.915314211630024
0.0,1.0
0.0,1.0
0.0,1.0
0.08335954569008254,0.9166404543099175
0.7117131311213131,0.2882868688786869
0.7973326773166102,0.20266732268338983
0.6389428272255819,0.3610571727744181
2.7755575615628914e-17,0.9999999999999999
0.7254289065661373,0.2745710934338626
1.3877787807814457e-16,0.9999999999999998
0.0,1.0
0.0,1.0
0.0,1.0
1.1102230246251565e-16,1.0
0.0,1.0
3.2959746043559335e-16,0.9999999999999997
0.0,1.0
0.5872979085132024,0.4127020914867976
0.08034466624725828,0.9196553337527417
0.0846873325251656,0.9153126674748346
0.0,1.0
0.0,1.0
0.3920308521543361,0.6079691478456639
2.7755575615628914e-17,1.0
6.661338147750939e-16,0.9999999999999993
0.06867209456855426,0.9313279054314456
5.551115123125783e-17,1.0
0.05135078328441516,0.9486492167155849
2.220446049250313e-16,0.9999999999999998
0.5944942477065219,0.4055057522934781
0.0,1.0
0.0,1.0
1.1102230246251565e-16,1.0
0.0,1.0
0.0,1.0
0.35239191474574594,0.6476080852542541
0.10850347487196656,0.8914965251280335
5.551115123125783e-17,1.0
0.4679043828005894,0.5320956171994106
0.0,1.0
4.163336342344337e-16,0.9999999999999996
0.0843091406766106,0.9156908593233893
0.18492802238980113,0.8150719776101989
8.326672684688674e-17,1.0
0.0,1.0
0.4141090376088427,0.5858909623911573
0.08660555005517799,0.913394449944822
1.1102230246251565e-16,1.0
0.47970431981303435,0.5202956801869656
0.0,1.0
2.498001805406602e-16,0.9999999999999997
0.31074082665509317,0.6892591733449067
0.04467591850911396,0.9553240814908862
5.551115123125783e-17,1.0
5.134781488891349e-16,0.9999999999999994
0.32093998581865946,0.6790600141813405
0.15514933473919393,0.8448506652608061
5.551115123125783e-17,1.0
0.0,1.0
0.0,1.0
0.0,1.0
0.24615711548418928,0.7538428845158106
5.551115123125783e-17,1.0
5.551115123125783e-17,1.0
2.220446049250313e-16,0.9999999999999998
0.04312226004705296,0.9568777397612183
0.3119407561631854,0.6880592438368148
0.5,0.5
1.1102230246251565e-16,1.0
1.1102230246251565e-16,0.9999999999999999
1.6653345369377348e-16,0.9999999999999998
0.1810038482354372,0.8189961517645629
0.0,1.0
0.28288012869074797,0.7171198713092521
2.220446049250313e-16,0.9999999999999998
0.24955586792554607,0.7504441320744539
4.163336342344337e-16,0.9999999999999996
0.3052273736900505,0.6947726263099496
1.1102230246251565e-16,0.9999999999999999
0.08879587744917782,0.9112041225508222
0.0,1.0
8.326672684688674e-17,0.9999999999999999
0.2343575512113378,0.7656424487886623
0.0,1.0
0.5583439017167507,0.44165609828324937
0.0,1.0
0.0,1.0
0.0,1.0
0.14583466371744175,0.8541653362825584
5.551115123125783e-17,1.0
0.0,1.0
0.571954810429046,0.428045189570954
0.6519226349369842,0.34807736506301584
0.7265311228239235,0.27346887717607654
0.0,1.0
0.33635738182409786,0.6636426181759021
0.3012873529060861,0.6987126470939138
5.551115123125783e-17,1.0
0.09355496831316788,0.9064450316868321
2.7755575615628914e-17,1.0
0.0,1.0
0.11383209403625513,0.8861679059637448
0.20468847068715124,0.7953115293128489
0.03622024641409124,0.9637797535859091
1.1102230246251565e-16,1.0
0.15962038239752765,0.8403796176024723
8.326672684688674e-17,1.0
4.163336342344337e-17,1.0
0.010498472132121682,0.9895015278678785
1.6653345369377348e-16,0.9999999999999998
0.17893019498329082,0.8210698050167092
0.31146943470113225,0.688530565298868
1.1102230246251565e-16,0.9999999999999999
0.08938707817816119,0.9106129218218387
1.3877787807814457e-16,1.0
0.5338950753929599,0.46610492460704017
0.15379568315622846,0.8462043168437717
0.0,1.0
1.1102230246251565e-16,0.9999999999999999
0.31491311203722044,0.6850868879627796
0.3968127556924188,0.6031872443075811
0.0,1.0
5.551115123125783e-17,1.0
0.0,1.0
0.33839724682132144,0.6616027531786786
0.0,1.0
0.10038055107445559,0.8996194489255445
9.71445146547012e-17,1.0
5.551115123125783e-17,1.0
0.17751657990447475,0.8224834200955253
0.28044153078538125,0.7195584692146187
5.967448757360216e-16,0.9999999999999993
0.4949437958046408,0.5050562041953592
0.20472570592357572,0.7952742940764245
0.36207053851635673,0.6379294614836433
2.2898349882893854e-16,0.9999999999999998
3.191891195797325e-16,0.9999999999999997
0.4138811925261618,0.5861188074738383
8.326672684688674e-17,1.0
0.0,1.0
0.0,1.0
0.0,1.0
5.551115123125783e-17,1.0
0.21324772464801062,0.7867522753519893
4.3021142204224816e-16,0.9999999999999996
2.220446049250313e-16,0.9999999999999998
0.0,1.0
4.440892098500626e-16,0.9999999999999997
2.220446049250313e-16,0.9999999999999999
0.08841601863693643,0.9115839813630636
0.0,1.0
0.31117207706784467,0.6888279229321553
4.440892098500626e-16,0.9999999999999996
5.551115123125783e-17,1.0
0.0,1.0
0.2394276262567952,0.7605723737432049
0.5,0.5
1.6653345369377348e-16,0.9999999999999999
3.3306690738754696e-16,0.9999999999999998
4.718447854656915e-16,0.9999999999999996
0.0,1.0
5.551115123125783e-17,1.0
0.0,1.0
2.220446049250313e-16,0.9999999999999998
0.026245613692683616,0.9737543863073165
0.037235463381818525,0.9627645366181815
0.0,1.0
0.0,1.0
0.0,1.0
0.15976380730505188,0.840236192694948
0.046587005486529234,0.9534129945134707
0.021221475425816254,0.9787785245741838
0.30215739091116095,0.6978426090888392
4.163336342344337e-17,1.0
0.08780718915902597,0.912192810840974
0.5978696105881836,0.4021303894118164
0.0,1.0
1.1102230246251565e-16,1.0
2.220446049250313e-16,0.9999999999999998
0.0,1.0
1.3183898417423734e-16,0.9999999999999999
1.1102230246251565e-16,1.0
1.942890293094024e-16,0.9999999999999999
5.551115123125783e-17,0.9999999999999999
0.0,1.0
0.3124169594581395,0.6875830405418606
0.0,1.0
0.0,1.0
5.551115123125783e-17,1.0
3.7470027081099033e-16,0.9999999999999997
0.7150428092596973,0.28495719074030285
5.551115123125783e-17,1.0
2.7755575615628914e-17,1.0
0.0,1.0
0.1517250152301337,0.8482749847698663
0.0,1.0
0.0,1.0
1.1102230246251565e-16,1.0
0.0,1.0
0.0,1.0
0.0,1.0
0.0,1.0
0.0,1.0
0.4714786923835479,0.5285213076164521
4.163336342344337e-16,0.9999999999999998
0.0,1.0
0.3269225766774445,0.6730774233225554
4.163336342344337e-17,1.0
0.0,1.0
0.17432031467023687,0.8256796853297632
0.3544702413328364,0.6455297586671637
0.0,1.0
1.0044048925905713e-15,0.999999999999999
0.01993380253823636,0.9800661974617636
0.17288030892804893,0.8271196910719509
0.0,1.0
1.249000902703301e-16,1.0
0.41804806843099857,0.5819519315690014
0.0795573490207171,0.9204426509792829
0.0,1.0
0.25075577064969196,0.7492442293503079
0.0,1.0
3.3133218391157016e-16,0.9999999999999997
0.3450523435603521,0.6549476564396478
2.740863092043355e-16,0.9999999999999998
0.0,1.0
0.159805535740455,0.8401944642595449
0.6524028520218097,0.3475971479781904
0.04653109324346425,0.9534689067565358
0.21278919705573968,0.7872108029442604
1.6653345369377348e-16,0.9999999999999998
0.0,1.0
0.0,1.0
0.40294982814328056,0.5970501718567193
2.498001805406602e-16,0.9999999999999997
0.0,1.0
0.0,1.0
0.0,1.0
0.18706349704961267,0.8129365029503874
0.3051383041154474,0.6948616958845526
0.0,1.0
0.0,1.0
8.326672684688674e-17,1.0
0.06824768045457681,0.9317523195454233
6.106226635438361e-16,0.9999999999999993
0.4949260285033883,0.5050739714966118
0.0,1.0
0.0,1.0
8.326672684688674e-17,0.9999999999999999
5.551115123125783e-17,1.0
0.20146296450153708,0.7985370354984629
0.05618067299273698,0.943819327007263
0.8004405394303498,0.19955946056964988
1.1102230246251565e-16,1.0
2.498001805406602e-16,0.9999999999999998
0.15580138594380732,0.8441986140561929
4.440892098500626e-16,0.9999999999999996
1.1102230246251565e-16,1.0
0.0,1.0
0.2755053520166488,0.7244946479833513
0.0,1.0
0.5130857136558346,0.4869142863441654
0.17328190565005924,0.8267180943499408
0.2703977486941925,0.7296022513058077
0.29561982242468443,0.7043801775753157
0.05404112092902332,0.9459588789194799
0.0,1.0
3.885780586188048e-16,0.9999999999999996
5.551115123125783e-17,1.0
2.7755575615628914e-16,0.9999999999999998
5.551115123125783e-17,0.9999999999999999
0.0,1.0
0.39236361533403386,0.6076363846659661
8.326672684688674e-17,1.0
0.0,1.0
0.46032403877965183,0.5396759612203482
0.11579911942309827,0.8842008805769017
4.787836793695988e-16,0.9999999999999996
0.0,1.0
0.10304604503265263,0.8969539549673472
0.16372478494563264,0.8362752150543674
0.0,1.0
0.0,1.0
4.163336342344337e-17,1.0
5.551115123125783e-17,1.0
1.3877787807814457e-16,0.9999999999999999
0.2565228029490598,0.7434771970509401
0.0,1.0
2.220446049250313e-16,0.9999999999999998
0.0,1.0
0.05403172503236978,0.9459682749676304
1.6653345369377348e-16,0.9999999999999998
0.5981015259728496,0.4018984740271504
0.16540772203921225,0.8345922779607876
6.591949208711867e-17,1.0
0.0,1.0
0.0,1.0
0.401802254499679,0.5981977455003211
0.0,1.0
0.0,1.0
0.17610185104591486,0.8238981489540851
0.0,1.0
1.6653345369377348e-16,0.9999999999999998
2.220446049250313e-16,0.9999999999999998
0.0,1.0
0.15794285861155735,0.8420571413884426
0.0,1.0
0.49850252497612135,0.5014974750238788
5.551115123125783e-17,1.0
5.551115123125783e-17,1.0
3.0531133177191805e-16,0.9999999999999998
0.0,1.0
1.6653345369377348e-16,0.9999999999999999
0.0,1.0
1.1102230246251565e-16,0.9999999999999998
2.498001805406602e-16,0.9999999999999998
4.718447854656915e-16,0.9999999999999996
0.0,1.0
0.021072266303303343,0.9789277336966967
0.36348505128423636,0.6365149487157638
0.0,1.0
5.551115123125783e-17,1.0
0.23962483185165281,0.7603751681483472
1.6653345369377348e-16,0.9999999999999999
0.2357096520252012,0.7642903479747989
0.0,1.0
0.0,0.9999999999999999
6.617970060851519e-16,0.9999999999999993
0.7031122788995915,0.29688772110040845
0.19506259820696373,0.8049374017930363
0.3032326881875666,0.6967673118124333
1.3877787807814457e-17,0.9999999999999999
0.4106291730419241,0.589370826958076
1.6653345369377348e-16,0.9999999999999999
0.5,0.5
1.6653345369377348e-16,0.9999999999999998
0.4872392935154306,0.5127607064845695
0.4647748615314419,0.5352251384685581
1.1102230246251565e-16,0.9999999999999999
0.0,1.0
0.6832094916403991,0.3167905083596008
0.0,1.0
0.27099059753805943,0.7290094024619406
0.47877538149795235,0.5212246185020476
0.5205130596528648,0.4794869403471352
5.273559366969494e-16,0.9999999999999993
0.28763905618676766,0.7123609438132323
0.0,1.0
0.3597692426326877,0.6402307573673124
0.0,1.0
8.326672684688674e-17,1.0
0.019216871892936718,0.9807831280819129
0.0,1.0
1.6653345369377348e-16,0.9999999999999999
3.3306690738754696e-16,0.9999999999999998
0.0,1.0
0.0,1.0
2.7755575615628914e-16,0.9999999999999998
0.13473771232815726,0.8652622876718429
0.025378826367742614,0.9746211736322574
2.220446049250313e-16,0.9999999999999998
0.0,1.0
0.7420227691012573,0.25797723089874264
0.0,1.0
0.2718551083659072,0.7281448916340928
0.0,1.0
5.551115123125783e-17,1.0
2.220446049250313e-16,0.9999999999999998
0.0,1.0
0.1294680366677758,0.8705319633322243
0.0,1.0
0.4221202636526834,0.5778797363473167
0.0,1.0
3.3306690738754696e-16,0.9999999999999997
0.0,1.0
0.0,1.0
1.6653345369377348e-16,0.9999999999999999
4.5102810375396984e-17,0.9999999999999999
1.1102230246251565e-16,1.0
0.05316316088894284,0.9468368391110572
2.220446049250313e-16,0.9999999999999998
0.2282862834608859,0.771713716539114
0.0,1.0
0.20540555531798665,0.7945944446820133
0.0,1.0
0.0,1.0
0.3077570167105103,0.6922429832894897
5.551115123125783e-17,1.0
0.0,1.0
0.0,1.0
1.1102230246251565e-16,0.9999999999999999
0.0,1.0
0.3919991055191775,0.6080008944808225
0.3244321791029898,0.6755678208970102
2.7755575615628914e-17,1.0
0.12597936060518597,0.8740206393948141
4.163336342344337e-17,1.0
5.551115123125783e-17,1.0
0.0,1.0
0.41964513508833284,0.5803548649116672
1.5612511283791264e-17,1.0
0.2162736796737561,0.7837263203262439
1.1102230246251565e-16,0.9999999999999999
0.0,1.0
5.551115123125783e-17,1.0
2.220446049250313e-16,0.9999999999999998
0.2896995783789166,0.7103004216210833
6.938893903907228e-17,1.0
0.0,1.0
0.2059678661719411,0.7940321338280588
0.0,1.0
0.08827851196211234,0.9117214880378876
1.3877787807814457e-16,1.0
0.09169194056903995,0.90830805943096
1.1102230246251565e-16,1.0
0.0,1.0
0.367967656951967,0.6320323430480331
0.14941748326315268,0.8505825167368473
0.0,1.0
0.10001490971065989,0.8999850902893402
0.0,1.0
0.2568864649844006,0.7431135350155994
0.39309392648366237,0.6069060735163375
0.24830681497365695,0.7516931850263432
0.09343562348248688,0.9065643765175131
8.326672684688674e-17,1.0
0.4592027027085372,0.5407972972914629
0.0765207584836032,0.9234792415163968
0.21902474127755858,0.7809752587224414
1.942890293094024e-16,0.9999999999999998
0.2741753055485516,0.7258246944514484
0.6808352984822558,0.3191647015177443
0.0,1.0
0.2163731099981864,0.7836268900018137
1.6653345369377348e-16,0.9999999999999999
0.0,1.0
1.6653345369377348e-16,0.9999999999999998
0.11207019926591649,0.8879298007340837
0.0,1.0
0.1473395847760646,0.8526604152239353
0.0,1.0
0.0,1.0
0.16826189256383453,0.8317381074361654
0.0,1.0
1.1102230246251565e-16,0.9999999999999999
0.04320625295665647,0.9567937470433435
0.6492639160857665,0.35073608391423344
0.0,1.0
0.5270966834923313,0.4729033165076687
4.440892098500626e-16,0.9999999999999996
0.19109281679344045,0.8089071832065596
3.885780586188048e-16,0.9999999999999997
0.6596578295211458,0.34034217047885423
5.551115123125783e-17,0.9999999999999999
0.0,1.0
0.4336662942272744,0.5663337057727256
0.0,1.0
0.0,1.0
0.0,1.0
0.5403473830331017,0.45965261696689835
2.7755575615628914e-16,0.9999999999999998
0.3485143790834735,0.6514856209165266
0.0,0.9999999999999999
0.0,1.0
0.4079874721683952,0.5920125278316047
5.551115123125783e-17,1.0
9.71445146547012e-17,0.9999999999999999
0.23738694964690088,0.7626130503530991
0.0,1.0
1.6653345369377348e-16,0.9999999999999999
0.0,1.0
1.1102230246251565e-16,0.9999999999999999
2.7755575615628914e-17,1.0
0.0,1.0
0.06358913028584698,0.9364108697141531
8.764690362372818e-16,0.9999999999999991
2.7755575615628914e-16,0.9999999999999998
0.3813407344105483,0.6186592655894517
5.551115123125783e-17,1.0
0.0,1.0
0.0,1.0
2.220446049250313e-16,0.9999999999999998
0.09574795347098351,0.9042520465290165
0.0,1.0
0.0,1.0
0.07339049302305954,0.9266095069769403
5.134781488891349e-16,0.9999999999999994
0.0,1.0
0.0,1.0
0.0,1.0
0.0,1.0
0.10918249738283652,0.8908175026171637
0.1577264540467144,0.8422735459532856
0.01842216562729155,0.9815778343727084
9.020562075079397e-17,1.0
0.5,0.5
0.1787932936703775,0.8212067063296227
0.17041696250890626,0.8295830374910937
0.24336815367122758,0.7566318463287721
0.0,1.0
5.551115123125783e-17,0.9999999999999999
0.2898527608700313,0.7101472391299686
0.0,1.0
0.20412801251448273,0.7958719874855175
2.7755575615628914e-16,0.9999999999999998
1.1102230246251565e-16,0.9999999999999999
0.08068984033554077,0.9193101596644593
0.12194764297187462,0.8780523570281255
1.6653345369377348e-16,0.9999999999999998
1.1102230246251565e-16,1.0
0.10157789276321054,0.8984221072367893
0.0,1.0
0.0,1.0
5.551115123125783e-17,0.9999999999999999
3.608224830031759e-16,0.9999999999999997
0.008581470802489768,0.9914185291851286
0.3722142420718318,0.6277857579281682
1.1102230246251565e-16,1.0
2.7755575615628914e-16,0.9999999999999998
2.220446049250313e-16,0.9999999999999999
5.551115123125783e-17,1.0
6.661338147750939e-16,0.9999999999999993
0.0,1.0
5.273559366969494e-16,0.9999999999999996
5.551115123125783e-17,0.9999999999999999
0.34175406003609843,0.6582459399639016
0.20141545484532491,0.7985845451546751
1.3877787807814457e-16,0.9999999999999999
0.25947814605139047,0.7405218539486096
0.0,1.0
0.0,1.0
5.551115123125783e-17,1.0
3.469446951953614e-16,0.9999999999999998
0.0,1.0
0.0,1.0
1.1102230246251565e-16,1.0
0.23377595139984236,0.7662240486001575
1.6653345369377348e-16,0.9999999999999998
0.0,1.0
0.1404724044512388,0.8595275955487612
0.02273548649849375,0.9772645135015062
0.0,1.0
5.551115123125783e-17,1.0
0.6697825274228815,0.3302174725771186
0.1773374531906673,0.8226625468093326
0.0,1.0
0.0,1.0
0.0,1.0
0.0,1.0
0.0,1.0
0.0,1.0
0.0,1.0
0.06341749397437778,0.9365825060256222
0.0,1.0
1.1102230246251565e-16,0.9999999999999999
5.551115123125783e-17,1.0
0.10981443090442086,0.8901855685470889
0.2180764565993945,0.7819235434006055
8.326672684688674e-17,1.0
0.0,1.0
0.030519854752554854,0.9694801452474452
0.0,1.0
0.0,1.0
0.0,1.0
0.15411676133886226,0.8458832386611378
1.1102230246251565e-16,0.9999999999999999
0.0,1.0
0.0,1.0
1.3877787807814457e-16,1.0
0.3710901168613632,0.6289098831386369
0.08862474553890358,0.9113752544610964
0.0,1.0
0.15866543160999483,0.8413345683900052
0.08784255695097601,0.912157443049024
0.0,1.0
0.0,1.0
4.163336342344337e-16,0.9999999999999996
5.551115123125783e-17,1.0
0.0,1.0
5.828670879282072e-16,0.9999999999999994
7.632783294297951e-17,1.0
0.08581052925647567,0.9141894707435244
8.326672684688674e-17,1.0
0.40687495570802723,0.5931250442919728
2.220446049250313e-16,0.9999999999999999
5.551115123125783e-17,1.0
0.0,1.0
0.4671424528909107,0.5328575471090893
0.0,1.0
0.0,1.0
0.0,1.0
0.014806152349076248,0.9851938476509238
0.16271965305764308,0.837280346942357
5.551115123125783e-17,0.9999999999999999
0.0,1.0
2.498001805406602e-16,0.9999999999999998
0.12022469328242662,0.8797753067175735
0.0,1.0
0.0,1.0
0.08784255695097601,0.912157443049024
5.551115123125783e-17,1.0
0.0,1.0
0.5,0.5
0.0,1.0
9.475926987523309e-17,0.9999999999999999
0.0,1.0
0.0,1.0
0.052510984569302276,0.9474890154306977
0.0,1.0
0.0,1.0
2.7755575615628914e-16,0.9999999999999998
5.551115123125783e-17,1.0
1.1102230246251565e-16,1.0
0.0,1.0
0.5,0.5
0.05477418783516223,0.9452258121648377
0.0,1.0
0.12158010878591206,0.878419891214088
5.551115123125783e-17,1.0
0.4942959492525033,0.5057040507474967
2.220446049250313e-16,0.9999999999999999
0.0,1.0
0.0008293841495483318,0.9991706158504516
0.0,1.0
0.0,1.0
0.0,1.0
1.6653345369377348e-16,1.0
0.0,1.0
0.21096327161887052,0.7890367283811295
1.1102230246251565e-16,1.0
0.09220867582131918,0.9077913241786808
0.0,1.0
1.6653345369377348e-16,0.9999999999999999
0.0,1.0
0.5,0.5
0.3974318911863819,0.602568108813618
0.12946580450133316,0.8705341954986668
0.3044344855655437,0.6955655144344561
0.18147978963152891,0.8185202103684711
1.1102230246251565e-16,1.0
5.551115123125783e-17,1.0
0.0,1.0
4.163336342344337e-17,1.0
0.013604196165165582,0.9863958038348345
0.24000059690449682,0.7599994030955032
0.3874834656950386,0.6125165343049613
0.0,1.0
1.3877787807814457e-16,0.9999999999999999
0.5,0.5
0.19318103584661836,0.8068189641533817
0.0,1.0
0.07119333616169203,0.928806663838308
0.0,1.0
5.551115123125783e-17,1.0
0.15396368241259661,0.8460363175874035
0.0,1.0
2.220446049250313e-16,0.9999999999999998
5.551115123125783e-17,1.0
0.19104721001641367,0.8089527899835863
0.0,1.0
0.0,1.0
0.0,1.0
1.1102230246251565e-16,1.0
0.0,1.0
5.551115123125783e-17,1.0
0.39224203391833345,0.6077579660816665
2.220446049250313e-16,0.9999999999999998
0.13156260694756117,0.8684373930524387
0.2458813085833546,0.7541186914166456
8.326672684688674e-17,1.0
3.608224830031759e-16,0.9999999999999998
0.19239737767349044,0.8076026223265096
0.012083155891543363,0.9879168441084568
0.8707556590599761,0.12924434094002393
0.0,1.0
0.3157314856583972,0.6842685143416029
0.02391143118702004,0.97608856881298
5.551115123125783e-17,1.0
0.1446977837914653,0.8553022162085349
4.718447854656915e-16,0.9999999999999996
3.885780586188048e-16,0.9999999999999996
0.0,1.0
0.0,1.0
5.551115123125783e-17,0.9999999999999999
0.005405539031558594,0.9945944609684414
0.06699890704977501,0.9330010929502249
0.23028196196612788,0.7697180380338722
0.0,1.0
0.0,1.0
0.0,1.0
0.0,1.0
0.0,1.0
0.016102319245188988,0.983897680754811
0.0,1.0
0.25343996174995587,0.7465600382500442
4.3021142204224816e-16,0.9999999999999996
0.17468213222153664,0.8253178677784634
0.6110345574418267,0.38896544255817334
0.0,1.0
0.054790586175694954,0.9452094138243051
1.9081958235744878e-17,1.0
0.42713817962398376,0.5728618203760162
0.027255466321474735,0.9727445336785252
0.4316424809262147,0.5683575190737852
0.05492094547279316,0.9450790545272068
5.828670879282072e-16,0.9999999999999994
0.0,1.0
4.996003610813204e-16,0.9999999999999996
5.551115123125783e-17,0.9999999999999999
0.3399460422470346,0.6600539577529653
2.220446049250313e-16,0.9999999999999998
5.134781488891349e-16,0.9999999999999994
1.1102230246251565e-16,1.0
1.6653345369377348e-16,1.0
1.1102230246251565e-16,1.0
0.05900501074433548,0.9409949892556646
0.2594768108103627,0.7405231891896372
0.19672676725299235,0.8032732327470077
0.011084459780665114,0.9889155402193349
5.828670879282072e-16,0.9999999999999993
0.6683230399613479,0.33167696003865227
2.220446049250313e-16,0.9999999999999998
4.163336342344337e-16,0.9999999999999996
0.0,1.0
0.17860848758728806,0.821391512412712
0.38710704470759444,0.6128929552924056
0.11584232379854695,0.8841576762014531
0.4876491717848545,0.5123508282151454
5.551115123125783e-17,1.0
0.29310531691809966,0.7068946830819005
0.07925066357279864,0.9207493364272014
0.21783708465188964,0.7821629153481103
0.2922112160512297,0.7077887839487703
1.6653345369377348e-16,0.9999999999999998
0.0,1.0
0.0,1.0
2.220446049250313e-16,0.9999999999999998
0.5,0.5
0.7021294561426398,0.2978705438573605
0.0,1.0
0.0,1.0
0.06345784699907758,0.9365421528693195
0.027330095085128826,0.9726699049148713
3.3306690738754696e-16,0.9999999999999998
0.2400195131617262,0.7599804868382739
0.36571030378602826,0.6342896962139717
0.2930843556413364,0.7069156443586637
9.71445146547012e-17,1.0
0.0,1.0
4.996003610813204e-16,0.9999999999999996
2.220446049250313e-16,0.9999999999999998
4.0245584642661925e-16,0.9999999999999996
8.673617379884035e-18,1.0
0.3147469457962359,0.6852530542037641
1.1102230246251565e-16,0.9999999999999999
0.37802283858786223,0.6219771614121379
0.07118434866630624,0.9288156513336937
0.12184852426417786,0.8781514757358221
0.0,1.0
0.3139939811603141,0.686006018839686
0.45572258213474587,0.5442774178652541
0.0,1.0
1.1102230246251565e-16,1.0
1.3183898417423734e-16,1.0
0.0,1.0
0.12672029998327328,0.8732797000167268
0.42971714361853236,0.5702828563814678
5.551115123125783e-17,1.0
1.1102230246251565e-16,0.9999999999999999
0.08462580407585948,0.9153741959241405
2.220446049250313e-16,0.9999999999999999
0.0,1.0
0.0,1.0
2.7755575615628914e-17,1.0
0.0,1.0
3.3306690738754696e-16,0.9999999999999998
0.0,1.0
0.0,1.0
0.11473062043902778,0.8852693795609722
0.0,1.0
0.043309046972936804,0.9566909530270633
0.5,0.5
0.008919401014331611,0.9910805989856685
5.828670879282072e-16,0.9999999999999996
0.15702487790426148,0.8429751220957385
0.0,1.0
2.220446049250313e-16,0.9999999999999999
0.0,1.0
1.6653345369377348e-16,0.9999999999999999
0.35162707707221463,0.6483729229277854
0.3492398964040085,0.6507601035959915
1.6653345369377348e-16,0.9999999999999998
0.8565270678176746,0.14347293218232543
0.20598737146543003,0.7940126285345699
0.07599301866257939,0.9240069813374204
0.0,1.0
1.1102230246251565e-16,1.0
0.0,1.0
0.0877880803803256,0.9122119196196743
0.3252598760531446,0.6747401239468555
5.551115123125783e-17,1.0
0.41818171387733205,0.5818182861226678
2.7755575615628914e-16,0.9999999999999998
0.0,1.0
0.0,1.0
1.1102230246251565e-16,0.9999999999999999
0.5,0.5
0.04128252160242125,0.9587174783975787
0.0,1.0
0.0,1.0
3.0531133177191805e-16,0.9999999999999998
5.551115123125783e-17,1.0
1.6653345369377348e-16,0.9999999999999999
0.6975174112133133,0.30248258878668677
0.6543782612341144,0.3456217387658858
0.10439887875607208,0.895601121243928
0.0,1.0
0.20125463874967753,0.7987453612503225
5.551115123125783e-17,1.0
0.562452059557364,0.4375479404426359
0.29397680393213493,0.7060231960678652
5.551115123125783e-17,1.0
1.6653345369377348e-16,0.9999999999999999
0.0,1.0
0.5541006859868184,0.4458993140131817
4.163336342344337e-17,1.0
0.1918204227299613,0.8081795772700388
0.14019863894747506,0.8598013610525251
0.09749312813400662,0.9025068718659933
0.452612066140114,0.5473879338598862
0.0,1.0
3.885780586188048e-16,0.9999999999999996
2.2551405187698492e-17,1.0
0.0,1.0
1.6653345369377348e-16,1.0
0.12289406429315924,0.8771059357068408
0.3825917828888336,0.6174082171111664
0.0,1.0
0.17461599418464702,0.825384005815353
0.16668349795166876,0.8333165020483312
5.551115123125783e-17,1.0
0.1703343502728351,0.8296656497271649
0.14880259163816728,0.8511974083618327
0.2897873406565687,0.7102126593434314
0.0,1.0
1.6653345369377348e-16,0.9999999999999998
1.6653345369377348e-16,0.9999999999999998
1.3877787807814457e-17,0.9999999999999999
0.0,1.0
0.0,1.0
1.1102230246251565e-16,1.0
0.3431189995174114,0.6568810004825886
0.39199998531403113,0.6080000146859688
0.0,1.0
1.8041124150158794e-16,0.9999999999999999
3.729655473350135e-17,0.9999999999999999
0.30198325758672423,0.6980167424132757
0.23416497221535432,0.7658350277846457
0.0,1.0
0.0,1.0
0.0,1.0
0.45181150399599446,0.5481884960040054
0.1859913836327535,0.8140086163672463
0.4003479888295648,0.5996520111704352
1.1102230246251565e-16,1.0
8.326672684688674e-17,0.9999999999999998
0.0,1.0
0.0,1.0
0.5693333673715895,0.4306666326284106
0.0,1.0
0.0,1.0
0.12032092129551342,0.8796790783144156
0.05999159732976464,0.9400084026702354
0.0,1.0
0.0,1.0
0.23075050843213718,0.7692494915678626
0.18515967654043866,0.8148403234595614
0.0,1.0
0.08503265845640212,0.9149673415435978
0.0,1.0
0.47256494053235726,0.5274350594676429
0.6199901569716334,0.3800098430283666
1.1102230246251565e-16,0.9999999999999999
0.0,1.0
0.6874127192021103,0.31258728079788983
2.220446049250313e-16,0.9999999999999998
0.0,1.0
0.48804750695984733,0.5119524930401528
0.14479316783691235,0.8552068321630878
0.0,1.0
5.551115123125783e-17,1.0
0.1855222870921832,0.8144777129078169
0.35884253947383576,0.6411574605261642
0.0,1.0
2.220446049250313e-16,0.9999999999999999
0.36963775571268903,0.6303622442873111
1.1206313654810174e-15,0.999999999999999
0.04044463209405913,0.9595553679059409
5.551115123125783e-17,1.0
0.0,1.0
0.06140291666772058,0.9385970833322794
0.23961581536129506,0.7603841846387049
1.1102230246251565e-16,0.9999999999999999
3.3306690738754696e-16,0.9999999999999998
0.0,1.0
0.6057246947618412,0.3942753052381587
0.1665263698638821,0.8334736301361176
0.17272132179608346,0.8272786782039169
1.1102230246251565e-16,1.0
0.0,1.0
0.8106058653376815,0.1893941346623185
0.0,1.0
5.551115123125783e-17,1.0
0.6920820912761653,0.3079179087238347
4.718447854656915e-16,0.9999999999999996
0.1953869453249338,0.8046130546750663
0.5594255782503122,0.440574421749688
0.29809177447656626,0.7019082255234338
1.6653345369377348e-16,0.9999999999999998
6.106226635438361e-16,0.9999999999999994
1.1102230246251565e-16,1.0
0.13477373216028352,0.8652262678397165
0.1080981203991198,0.8919018796008804
0.3731335567411741,0.6268664432588259
0.0,1.0
0.0,1.0
0.33664375682339265,0.6633562431766074
5.551115123125783e-17,1.0
0.29410459224702795,0.7058954077529721
5.551115123125783e-17,1.0
0.39195190354729215,0.608048096452708
8.326672684688674e-17,0.9999999999999999
0.0,1.0
0.3920143929931984,0.6079856070068017
0.0,1.0
0.3679272788896598,0.6320727211103402
0.7423279640948713,0.25767203590512866
2.7755575615628914e-16,0.9999999999999998
0.729760867590594,0.270239132409406
0.0,1.0
0.46118324855038356,0.5388167514496166
0.0,1.0
0.0,0.9999999999999999
0.5848539778249509,0.4151460221750491
0.3591759819644059,0.6408240180355942
0.0,1.0
1.3877787807814457e-16,0.9999999999999999
8.326672684688674e-17,1.0
0.0,1.0
0.0,1.0
0.6400672271713886,0.35993277282861136
2.220446049250313e-16,0.9999999999999999
5.551115123125783e-17,1.0
0.0,1.0
0.3097252676731872,0.6902747323268127
0.0,1.0
1.1102230246251565e-16,0.9999999999999999
0.0,1.0
2.220446049250313e-16,0.9999999999999998
2.7755575615628914e-17,1.0
0.0,1.0
0.027887744081723065,0.9721122559182769
0.33025998345008173,0.6697400165499182
0.25828548218123915,0.7417145178187609
5.551115123125783e-17,1.0
5.551115123125783e-17,0.9999999999999998
0.0,1.0
0.0,1.0
0.0,1.0
5.551115123125783e-17,1.0
0.0016189676450291185,0.9983810323549709
5.551115123125783e-17,1.0
0.4595216087610586,0.5404783912389416
0.0,1.0
0.6742231749211403,0.3257768250788598
5.551115123125783e-17,0.9999999999999999
0.0,1.0
0.0,1.0
5.551115123125783e-17,1.0
0.3394886949455422,0.6605113050544579
0.0,1.0
0.5578204871959173,0.4421795128040827
0.0,1.0
1.0824674490095276e-15,0.9999999999999991
4.163336342344337e-16,0.9999999999999998
0.4299639906307428,0.5700360093692571
0.0,1.0
5.551115123125783e-17,1.0
0.12175994676662308,0.8782400532333768
0.28435808769169163,0.7156419123083084
8.881784197001252e-16,0.9999999999999991
0.21540785204729065,0.7845921479527093
0.04413664984141202,0.9558633501585878
0.0,1.0
0.0,1.0
6.869504964868156e-16,0.9999999999999992
5.551115123125783e-17,1.0
0.8283143760030528,0.17168562399694698
5.551115123125783e-17,1.0
0.0,1.0
0.0,1.0
4.163336342344337e-17,1.0
0.0,1.0
2.220446049250313e-16,0.9999999999999998
5.828670879282072e-16,0.9999999999999996
0.0,1.0
0.0,1.0
1.6653345369377348e-16,0.9999999999999998
0.09346201414821498,0.9065379858517849
0.6572120898077665,0.34278791019223354
5.551115123125783e-17,1.0
0.0,1.0
0.29064927527991335,0.7093507247200869
1.6653345369377348e-16,0.9999999999999998
0.0,1.0
1.1102230246251565e-16,0.9999999999999999
1.1102230246251565e-16,1.0
0.0,1.0
0.0,1.0
7.632783294297951e-17,1.0
0.0,1.0
3.885780586188048e-16,0.9999999999999997
0.0,0.9999999999999999
0.2141335841589869,0.7858664158410132
2.7755575615628914e-17,1.0
1.1102230246251565e-16,0.9999999999999998
0.7497050051044885,0.25029499489551155
0.0741704259296271,0.9258295740703728
0.20965841782492886,0.7903415821750712
0.0,1.0
0.09229071565049861,0.9077092843495014
2.7755575615628914e-17,1.0
0.15816289589256366,0.8418371041074365
0.0,1.0
0.4933246821089965,0.5066753178910036
0.0,1.0
0.0,1.0
1.1102230246251565e-16,1.0
0.0,1.0
3.707971429900425e-17,0.9999999999999999
0.0,1.0
1.249000902703301e-16,0.9999999999999998
1.1102230246251565e-16,0.9999999999999999
8.326672684688674e-17,1.0
4.163336342344337e-16,0.9999999999999996
0.0,1.0
2.220446049250313e-16,0.9999999999999998
0.0,1.0
0.1133111069084885,0.8866888930915116
0.0,1.0
0.0,1.0
0.0,1.0
0.3995254226281547,0.6004745773718453
0.0,0.9999999999999999
0.20960506953002792,0.790394930469972
5.551115123125783e-17,1.0
0.5,0.5
0.026455457359321418,0.9735445426406786
0.26067554114433367,0.7393244588556666
2.7755575615628914e-17,1.0
3.885780586188048e-16,0.9999999999999998
5.551115123125783e-17,0.9999999999999999
3.3306690738754696e-16,0.9999999999999997
0.0,1.0
0.14313043115792054,0.8568695688420795
1.3877787807814457e-16,0.9999999999999998
0.3446571820919305,0.6553428179080693
0.2704261479640071,0.7295738520359927
5.551115123125783e-17,1.0
1.1102230246251565e-16,1.0
0.0,1.0
9.43689570931383e-16,0.9999999999999991
0.596348417153452,0.40365158284654795
9.71445146547012e-17,0.9999999999999999
1.249000902703301e-16,1.0
0.0,1.0
0.0,1.0
0.2901995986690174,0.7098004013309827
0.02640669893779873,0.9735933010622013
0.0,1.0
0.0,1.0
5.551115123125783e-17,1.0
0.4547437031282715,0.5452562968717286
4.649058915617843e-16,0.9999999999999996
0.0,1.0
0.6751425204766847,0.32485747952331506
0.01859451343971021,0.9814054865602898
5.551115123125783e-17,1.0
5.551115123125783e-17,1.0
0.08798352655701853,0.9120164734429814
0.0,1.0
5.551115123125783e-17,1.0
2.706168622523819e-16,0.9999999999999998
0.3482400939870688,0.6517599060129312
0.8136026676316624,0.18639733236833766
1.1102230246251565e-16,1.0
0.0,1.0
0.5,0.5
0.0,1.0
0.6555327339560724,0.3444672660439276
0.0,1.0
0.10388261010671476,0.8961173898932854
0.19734001649441107,0.8026599835055889
6.800116025829084e-16,0.9999999999999992
0.0,1.0
0.0627542997748983,0.9372457002251017
0.05377202515660647,0.9462279748433934
0.13355171914445657,0.8664482808555434
0.07030722843176053,0.9296927715682394
2.0816681711721685e-17,1.0
2.220446049250313e-16,0.9999999999999999
0.18026686977705092,0.8197331302229491
0.08209680894779636,0.9179031910522036
2.7755575615628914e-17,0.9999999999999999
2.220446049250313e-16,0.9999999999999998
1.3877787807814457e-16,1.0
0.5946145556549244,0.4053854443450758
0.4473567064563998,0.5526432935436003
2.7755575615628914e-16,0.9999999999999999
1.942890293094024e-16,0.9999999999999998
2.8449465006019636e-16,0.9999999999999998
5.551115123125783e-17,1.0
2.220446049250313e-16,0.9999999999999998
0.051672219244341344,0.9483277807556586
0.5418437929963896,0.4581562070036104
4.163336342344337e-17,1.0
0.12138440497409118,0.8786155950259088
1.1102230246251565e-16,1.0
0.0,1.0
0.004694889233289108,0.9953051107667109
0.009841275603478396,0.9901587243965216
0.0,1.0
0.0823269411921499,0.9176730588078501
1.942890293094024e-16,0.9999999999999998
4.440892098500626e-16,0.9999999999999996
0.49205047278768127,0.5079495272123189
0.6973475885373316,0.3026524114626681
5.412337245047638e-16,0.9999999999999994
0.270386526543789,0.729613473456211
0.0,1.0
0.004672272998550246,0.9953277270014498
0.0,1.0
0.444198348032621,0.5558016519673791
0.157022679387442,0.8429773206125581
2.220446049250313e-16,0.9999999999999998
0.0,1.0
2.7755575615628914e-17,1.0
0.0,1.0
0.0,1.0
1.1102230246251565e-16,1.0
7.494005416219807e-16,0.9999999999999992
0.8156366581781341,0.18436334182186606
4.163336342344337e-17,1.0
0.0,1.0
5.715913853343579e-16,0.9999999999999996
2.220446049250313e-16,0.9999999999999998
5.551115123125783e-17,1.0
1.5265566588595902e-16,0.9999999999999999
0.0,1.0
0.0,1.0
0.0,1.0
0.0,1.0
0.0,1.0
8.049116928532385e-16,0.9999999999999992
0.5300193801438433,0.4699806198561567
0.22977652791517614,0.770223472084824
0.17747033316762165,0.8225296668323783
0.3968623224628571,0.6031376775371429
5.551115123125783e-17,1.0
0.0,1.0
0.0,1.0
5.551115123125783e-17,1.0
1.1102230246251565e-16,1.0
0.07317005956363752,0.9268299404363626
4.85722573273506e-17,1.0
0.0,1.0
0.0,1.0
0.0,0.9999999999999999
0.0,1.0
0.0,1.0
5.273559366969494e-16,0.9999999999999996
0.26012995882813916,0.7398700411718608
5.551115123125783e-17,1.0
0.3081648679808538,0.6918351320191461
0.0,1.0
3.0531133177191805e-16,0.9999999999999997
1.1102230246251565e-16,1.0
0.2845094410337704,0.7154905589662295
3.3306690738754696e-16,0.9999999999999997
0.5,0.5
0.07183125528759797,0.9281687447124022
3.0531133177191805e-16,0.9999999999999998
5.551115123125783e-17,1.0
0.6280849319698227,0.3719150680301772
0.0,1.0
2.220446049250313e-16,0.9999999999999998
0.6070579879572718,0.39294201204272816
3.3306690738754696e-16,0.9999999999999998
0.16399980624149807,0.836000193758502
0.3640187391474306,0.6359812608525696
0.2624063141264994,0.7375936858735006
0.7683039029079829,0.23169609709201713
0.0,1.0
0.0,1.0
0.08109656584626068,0.9189034341537393
0.0,1.0
1.1102230246251565e-16,0.9999999999999999
0.7323951128065935,0.2676048871934065
1.1102230246251565e-16,0.9999999999999999
1.6653345369377348e-16,0.9999999999999998
0.49790004734905735,0.5020999526509426
0.11844812058236111,0.8815518794176389
1.3877787807814457e-16,1.0
3.0531133177191805e-16,0.9999999999999997
7.216449660063518e-16,0.9999999999999993
0.0,1.0
1.1102230246251565e-16,1.0
1.1102230246251565e-16,0.9999999999999999
0.024212384235348165,0.9757876157646519
0.0,1.0
4.440892098500626e-16,0.9999999999999996
0.16435131755393617,0.8356486824460639
0.27937152329851034,0.7206284767014894
5.551115123125783e-17,1.0
0.1709905561951948,0.8290094438048053
1.6653345369377348e-16,0.9999999999999999
0.3303015832780915,0.6696984167219086
0.7661527070460958,0.23384729295390405
8.326672684688674e-17,0.9999999999999999
0.0,1.0
0.0,1.0
0.0,1.0
0.0,1.0
0.20365046782040025,0.7963495321795998
0.0,1.0
1.1796119636642288e-16,1.0
0.0,1.0
0.0,1.0
6.661338147750939e-16,0.9999999999999993
0.0,1.0
0.19449868667328812,0.8055013133267119
0.29617260135877493,0.703827398641225
0.1347193899610624,0.8652806100389375
0.0,1.0
0.0,1.0
0.0,1.0
0.035632705720011995,0.9643672942799881
0.4975587504189152,0.5024412495810847
4.163336342344337e-16,0.9999999999999996
0.11797435501509564,0.8820256449849044
2.7755575615628914e-17,1.0
3.3306690738754696e-16,0.9999999999999998
0.02715859444217622,0.9728414055578238
0.13181229891552038,0.8681877010844795
0.4084347395194029,0.5915652604805971
3.3306690738754696e-16,0.9999999999999998
1.6653345369377348e-16,0.9999999999999998
1.1102230246251565e-16,0.9999999999999999
1.1102230246251565e-16,1.0
0.0,1.0
0.131465438401806,0.8685345615981939
1.1102230246251565e-16,0.9999999999999999
0.0018445394631668051,0.9981554605368332
0.0,1.0
2.7755575615628914e-16,0.9999999999999998
0.0,1.0
0.07198764122142974,0.9280123587785704
5.551115123125783e-17,1.0
3.885780586188048e-16,0.9999999999999996
3.3306690738754696e-16,0.9999999999999997
0.0,1.0
5.863365348801608e-16,0.9999999999999996
0.06620536318890864,0.9337946368110913
5.551115123125783e-17,1.0
2.220446049250313e-16,0.9999999999999999
0.0,1.0
0.0,1.0
1.1102230246251565e-16,1.0
0.0,1.0
8.326672684688674e-17,1.0
2.7755575615628914e-16,0.9999999999999998
0.16293287250524127,0.8370671274947585
0.0,1.0
0.5,0.5
0.0,1.0
1.1102230246251565e-16,0.9999999999999999
0.5948705942751911,0.40512940572480904
0.0,1.0
0.31658790574578893,0.6834120942542111
5.551115123125783e-17,1.0
3.885780586188048e-16,0.9999999999999996
2.7755575615628914e-16,0.9999999999999998
2.220446049250313e-16,0.9999999999999998
0.0,1.0
0.05694626165754752,0.9430537383424524
0.0,1.0
0.0,1.0
0.08169500750757058,0.9183049924924295
0.0,1.0
5.551115123125783e-17,0.9999999999999999
2.220446049250313e-16,0.9999999999999999
0.0,1.0
0.0,1.0
0.5496292128242267,0.45037078717577345
0.0,1.0
0.20598412460019475,0.7940158753998052
0.0,1.0
0.0,1.0
0.5396121884361298,0.4603878115638704
0.15888548483736153,0.8411145151626386
0.0,1.0
2.220446049250313e-16,0.9999999999999997
0.0,1.0
4.718447854656915e-16,0.9999999999999996
0.35357437407113307,0.6464256259288671
0.0,1.0
0.08800997885425536,0.9119900211457447
5.551115123125783e-17,1.0
0.08835032967089156,0.9116496703291085
2.7755575615628914e-17,1.0
0.0,1.0
1.249000902703301e-16,1.0
1.1102230246251565e-16,0.9999999999999999
0.0,1.0
0.1089911920668014,0.8910088079331986
0.0,1.0
5.551115123125783e-17,1.0
2.220446049250313e-16,0.9999999999999998
5.551115123125783e-17,1.0
2.220446049250313e-16,0.9999999999999998
0.0,1.0
2.7755575615628914e-16,0.9999999999999998
0.5,0.5
0.08017431580293173,0.9198256841970681
1.6653345369377348e-16,1.0
0.0,1.0
0.0,1.0
0.0,1.0
0.5346677443041005,0.46533225569589953
0.0,1.0
0.0,1.0
1.1102230246251565e-16,1.0
0.17274374200778783,0.8272562579922121
1.6653345369377348e-16,0.9999999999999999
0.0,1.0
6.661338147750939e-16,0.9999999999999993
1.942890293094024e-16,0.9999999999999998
1.6653345369377348e-16,1.0
1.1102230246251565e-16,0.9999999999999999
0.0,1.0
3.608224830031759e-16,0.9999999999999996
0.0,1.0
2.220446049250313e-16,0.9999999999999999
0.0,1.0
0.0,1.0
0.0,1.0
0.7189203153385781,0.28107968466142186
1.6653345369377348e-16,1.0
0.0,1.0
0.0,1.0
0.0,1.0
2.7755575615628914e-16,0.9999999999999998
1.1102230246251565e-16,1.0
5.551115123125783e-17,1.0
0.32719591060416664,0.6728040893958334
0.0,1.0
5.551115123125783e-17,1.0
0.8100008512512452,0.1899991487487548
8.326672684688674e-17,0.9999999999999999
0.0,1.0
0.18146640768500882,0.818533592314991
0.0,1.0
1.1102230246251565e-16,0.9999999999999999
0.0,1.0
0.0,1.0
0.0,1.0
0.0,1.0
1.3877787807814457e-17,1.0
4.683753385137379e-17,1.0
5.551115123125783e-17,1.0
0.0,1.0
0.0,1.0
5.551115123125783e-17,1.0
0.08405533931995504,0.9159446606800451
1.6653345369377348e-16,0.9999999999999999
0.23384652220861324,0.7661534777913868
0.11770019120130303,0.8822998087986971
0.15393886741142881,0.8460611325885712
1.1102230246251565e-16,0.9999999999999999
0.0,1.0
0.565341458019958,0.43465854198004195
1.1102230246251565e-16,0.9999999999999999
2.220446049250313e-16,0.9999999999999999
0.31898060277575024,0.68101939722425
3.608224830031759e-16,0.9999999999999997
3.0531133177191805e-16,0.9999999999999998
1.6653345369377348e-16,0.9999999999999999
3.0531133177191805e-16,0.9999999999999998
1.1102230246251565e-16,0.9999999999999999
2.393918396847994e-16,0.9999999999999998
0.0,1.0
0.16136040990124148,0.8386395900987585
0.0,1.0
5.551115123125783e-17,1.0
0.13015513143568286,0.8698448685643172
2.220446049250313e-16,0.9999999999999998
5.551115123125783e-17,1.0
1.6653345369377348e-16,0.9999999999999998
0.03305322198958435,0.9669467780104157
0.8262991241909045,0.17370087580909555
0.0,1.0
0.0,1.0
0.07387317144861003,0.9261268285513901
5.551115123125783e-17,1.0
0.0,1.0
0.0,1.0
0.0003255509810639323,0.9996744490189361
0.4788977455825165,0.5211022544174835
2.7755575615628914e-17,1.0
0.19146854954280665,0.8085314504571934
0.24637688710221473,0.7536231128977852
1.6653345369377348e-16,0.9999999999999999
1.1102230246251565e-16,1.0
0.0,1.0
1.6653345369377348e-16,1.0
2.7755575615628914e-17,0.9999999999999999
5.551115123125783e-17,1.0
0.0,1.0
1.1102230246251565e-16,0.9999999999999999
0.0,1.0
0.039170060127772625,0.9608299398722274
0.0,1.0
3.885780586188048e-16,0.9999999999999997
0.0,1.0
8.326672684688674e-17,1.0
0.0,1.0
2.636779683484747e-16,0.9999999999999999
0.0,1.0
1.3877787807814457e-16,1.0
0.24943238564347833,0.7505676143565218
1.942890293094024e-16,0.9999999999999999
0.6958422825270167,0.30415771747298315
0.0283829556154508,0.9716170443845492
0.18895709683156547,0.8110429031684345
0.6709557401915383,0.32904425980846175
0.0,1.0
0.0,1.0
0.0,1.0
0.16741423143745876,0.8325857685625413
0.0017567001081617117,0.9982432998918384
0.0,1.0
2.220446049250313e-16,0.9999999999999998
0.0,1.0
0.042560240859908505,0.9574397591400915
0.5493936709626313,0.4506063290373687
0.05182064512019723,0.9481793548798028
0.0,1.0
0.11628525183433552,0.8837147481656645
0.012986930776019498,0.9870130692239805
5.551115123125783e-17,1.0
0.0,1.0
0.38517395009881994,0.61482604990118
0.0,1.0
4.579669976578771e-16,0.9999999999999994
1.8041124150158794e-16,0.9999999999999998
4.163336342344337e-17,1.0
0.13579459017370143,0.8642054098262986
1.1102230246251565e-16,0.9999999999999999
3.0531133177191805e-16,0.9999999999999997
0.5,0.5
6.938893903907228e-17,0.9999999999999999
0.0,1.0
0.0,1.0
0.0,1.0
0.0880165370233373,0.9119834629766628
0.0,1.0
2.220446049250313e-16,0.9999999999999999
0.5222840430721272,0.4777159569278727
0.0,1.0
0.0,1.0
0.435232406039207,0.564767593960793
0.5583489723526537,0.4416510276473463
0.0,1.0
0.0,1.0
1.1102230246251565e-16,1.0
0.0,1.0
0.0,1.0
1.1102230246251565e-16,1.0
0.35605998353830265,0.6439400164616973
5.551115123125783e-17,1.0
0.0,1.0
1.1102230246251565e-16,1.0
0.010314402414534846,0.9896855975854651
0.0,1.0
0.03883249722392322,0.9611675027760768
2.7755575615628914e-17,1.0
0.05261084663823845,0.9473891533617615
1.1102230246251565e-16,0.9999999999999999
0.0,1.0
1.6653345369377348e-16,1.0
0.0,1.0
0.0,1.0
0.0,1.0
1.1102230246251565e-16,1.0
5.273559366969494e-16,0.9999999999999993
1.6653345369377348e-16,0.9999999999999999
2.7755575615628914e-16,0.9999999999999998
0.23248768107833181,0.7675123189216683
0.007793083081885678,0.9922069169181144
0.0,1.0
2.498001805406602e-16,0.9999999999999998
1.942890293094024e-16,0.9999999999999998
0.03766366260148705,0.962336337398513
0.05469642828759421,0.9453035717124059
3.0531133177191805e-16,0.9999999999999998
5.551115123125783e-17,1.0
5.551115123125783e-17,1.0
0.0,1.0
0.22846916508631637,0.7715308349136838
0.0,1.0
0.0,1.0
1.1102230246251565e-16,1.0
1.1102230246251565e-16,1.0
0.0,1.0
2.7755575615628914e-16,0.9999999999999998
0.0,1.0
1.1102230246251565e-16,1.0
2.220446049250313e-16,0.9999999999999998
3.608224830031759e-16,0.9999999999999997
0.0,1.0
0.4665408569841354,0.5334591430158646
0.0,1.0
0.0,1.0
0.2543499487977279,0.7456500512022721
0.0,1.0
0.0,1.0
1.3877787807814457e-17,1.0
0.0,1.0
0.0,1.0
0.299965445767624,0.7000345542323759
5.551115123125783e-17,1.0
5.551115123125783e-17,1.0
1.6653345369377348e-16,1.0
2.7755575615628914e-16,0.9999999999999998
0.0,1.0
8.326672684688674e-17,0.9999999999999999
2.220446049250313e-16,0.9999999999999999
0.0,1.0
0.0,1.0
0.0,1.0
0.024141348731544065,0.975858651268456
2.2551405187698492e-17,1.0
0.0,1.0
0.07119939753370971,0.9288006024662904
0.10745562198849584,0.8925443780115041
5.863365348801608e-16,0.9999999999999996
0.1336980422069539,0.8663019577930461
0.0,1.0
0.004813557265031016,0.9951864427349688
1.1102230246251565e-16,0.9999999999999999
0.2906643906951019,0.7093356093048979
2.220446049250313e-16,0.9999999999999998
0.27622735967264306,0.7237726403273568
1.1102230246251565e-16,1.0
0.5277827278439986,0.4722172721560015
0.0,1.0
4.0766001685454967e-17,1.0
0.04023274370799487,0.9597672562920052
2.7755575615628914e-17,1.0
1.6653345369377348e-16,0.9999999999999998
0.0,1.0
3.0531133177191805e-16,0.9999999999999997
3.0531133177191805e-16,0.9999999999999997
2.2551405187698492e-17,1.0
0.0,1.0
8.326672684688674e-17,0.9999999999999999
0.0,1.0
0.004010563088121273,0.9959894369118789
5.551115123125783e-16,0.9999999999999996
5.551115123125783e-17,1.0
0.19015810994938803,0.809841890050612
0.4614072611003455,0.5385927388996544
5.273559366969494e-16,0.9999999999999996
0.0,1.0
0.0005968340614529271,0.9994031659385471
0.0,1.0
8.326672684688674e-17,1.0
0.0,1.0
5.93275428784068e-16,0.9999999999999994
0.7973311713563095,0.20266882864369054
0.5160471799825633,0.48395282001743667
0.2893302780237255,0.7106697219762744
0.39052484647359137,0.6094751535264086
0.0,1.0
0.23091235734879348,0.7690876426512064
0.0,0.9999999999999999
0.4472961321961708,0.5527038678038292
0.11900981653152136,0.8809901834684787
0.3216927180362923,0.6783072819637077
1.1102230246251565e-16,0.9999999999999999
0.0,1.0
0.053164558711255534,0.9468354412887445
0.0,1.0
0.15484683718574305,0.845153162814257
1.6653345369377348e-16,1.0
0.0,1.0
0.0,1.0
0.22215600324236204,0.777843996757638
1.8214596497756474e-17,1.0
0.0,1.0
0.0,1.0
0.04255640004612374,0.9574435999538762
0.40687489315177117,0.5931251068482288
0.6959878949138959,0.3040121050861042
0.0,1.0
0.26087438974931443,0.7391256102506858
0.0,1.0
0.0,1.0
0.0,1.0
0.18935734534091545,0.8106426546590846
0.0,1.0
0.0,1.0
0.0,1.0
0.0,1.0
0.0,1.0
0.2513998101212578,0.7486001898787421
3.3306690738754696e-16,0.9999999999999998
0.00041181642283462865,0.9995881835771653
0.1634941140737745,0.8365058859262253
1.1102230246251565e-16,1.0
0.0,1.0
9.71445146547012e-17,1.0
0.0,1.0
2.7755575615628914e-16,0.9999999999999998
0.6960009108502889,0.30399908914971113
0.3519380003087373,0.6480619996912628
5.551115123125783e-17,1.0
0.0,1.0
0.0,1.0
0.3988089728733498,0.6011910271266501
0.0,1.0
0.0,1.0
0.5,0.5
0.0,1.0
0.5,0.5
0.7879058923907356,0.21209410760926434
0.11202809696471672,0.8879719030352833
3.3306690738754696e-16,0.9999999999999998
8.326672684688674e-17,1.0
0.0,1.0
5.551115123125783e-17,0.9999999999999999
5.551115123125783e-17,1.0
4.163336342344337e-16,0.9999999999999996
3.122502256758253e-17,1.0
3.885780586188048e-16,0.9999999999999997
0.39810771435556785,0.6018922856444322
8.326672684688674e-17,1.0
0.0,1.0
0.12397948720358787,0.8760205127964121
1.6653345369377348e-16,0.9999999999999998
4.163336342344337e-16,0.9999999999999996
5.412337245047638e-16,0.9999999999999994
1.3877787807814457e-17,1.0
0.148762944761746,0.8512370552382541
0.0,1.0
5.828670879282072e-16,0.9999999999999994
0.6681763215394492,0.3318236784605508
3.434752482434078e-16,0.9999999999999996
5.551115123125783e-17,1.0
0.7394226464574227,0.2605773535425772
0.0,1.0
0.0,1.0
0.0,1.0
0.0,1.0
0.011732106180452288,0.9882678938195476
0.0447176060453682,0.955282393954632
8.326672684688674e-17,1.0
5.551115123125783e-17,1.0
2.220446049250313e-16,0.9999999999999998
0.39389975576087305,0.606100244239127
0.04129553567735789,0.9587044643226422
0.07686666068565239,0.9231333393143475
0.0,1.0
0.0,1.0
0.05763301736520538,0.9423669826347946
0.45514604462355596,0.544853955376444
0.20620742495626088,0.7937925750437391
1.1102230246251565e-16,1.0
8.326672684688674e-17,1.0
1.6653345369377348e-16,0.9999999999999998
0.6459308376990511,0.3540691623009489
0.09848880350384268,0.9015111964961573
0.5555224791114837,0.4444775208885164
0.0,1.0
0.33823908157841115,0.6617609184215888
2.7755575615628914e-17,1.0
0.0,1.0
0.0,1.0
0.061157697768592284,0.9388423022314076
0.0,1.0
0.0,1.0
1.1102230246251565e-16,0.9999999999999999
0.41410650483662925,0.5858934951633707
0.27045617086748996,0.7295438291325101
0.3662339760611984,0.6337660239388018
0.1738788480113834,0.8261211519886167
0.0,1.0
1.1102230246251565e-16,1.0
0.0,1.0
0.09977322264800123,0.9002267773519989
3.608224830031759e-16,0.9999999999999997
0.1274488974665248,0.8725511025334752
0.5520608316536557,0.4479391683463441
1.1102230246251565e-16,1.0
2.7755575615628914e-16,0.9999999999999998
0.07827765823088242,0.9217223417691175
0.19110439753151237,0.8088956024684877
0.2261429543821634,0.7738570456178366
0.5873427678544203,0.4126572321455798
5.551115123125783e-17,1.0
0.40971058825143875,0.5902894117485613
0.39704466843171227,0.6029553315682876
0.0,1.0
5.828670879282072e-16,0.9999999999999996
0.0,1.0
0.0,1.0
1.5265566588595902e-16,0.9999999999999998
2.220446049250313e-16,0.9999999999999998
2.7755575615628914e-17,1.0
0.2585405829126841,0.7414594170873158
0.0,1.0
0.2703355444896581,0.7296644555103419
0.38590398988343017,0.6140960101165698
4.163336342344337e-16,0.9999999999999996
0.0,1.0
0.0,1.0
0.5270124660609165,0.4729875339390837
0.0,1.0
5.715913853343579e-16,0.9999999999999996
0.38798555536918783,0.6120144446308121
5.551115123125783e-17,1.0
1.6653345369377348e-16,0.9999999999999999
0.0,1.0
0.0,1.0
0.0,1.0
0.0,1.0
0.0,1.0
2.7755575615628914e-16,0.9999999999999998
6.106226635438361e-16,0.9999999999999994
0.0,1.0
0.0,1.0
0.0,1.0
5.551115123125783e-17,1.0
1.942890293094024e-16,0.9999999999999998
0.0,1.0
1.942890293094024e-16,0.9999999999999998
0.0,1.0
5.551115123125783e-17,1.0
9.992007221626409e-16,0.999999999999999
0.0,1.0
0.28301884809034933,0.7169811519096507
0.0,1.0
2.7755575615628914e-16,0.9999999999999998
0.051362639662193996,0.948637360337806
5.551115123125783e-17,1.0
3.885780586188048e-16,0.9999999999999996
0.5869480566332704,0.4130519433667297
5.551115123125783e-17,1.0
1.1102230246251565e-16,1.0
0.33758421793615995,0.6624157820638401
0.17595426232280575,0.8240457376771941
0.1689139299696695,0.8310860700303304
2.7755575615628914e-16,0.9999999999999999
0.4047937925593606,0.5952062074406395
0.0,1.0
0.0,1.0
1.1102230246251565e-16,0.9999999999999999
0.2808994442214124,0.7191005557785877
0.0,1.0
0.023043804548289675,0.9769561954517104
0.17274567243748842,0.8272543275625117
0.3265166385956761,0.6734833614043237
0.43505167216062546,0.5649483278393745
0.039206356574272204,0.9607936434257278
0.0,1.0
0.0,1.0
0.1300468631088732,0.8699531368911267
4.544975507059235e-16,0.9999999999999996
0.12181078538822064,0.8781892146117793
0.0,1.0
6.617970060851519e-16,0.9999999999999993
5.551115123125783e-17,1.0
0.0,1.0
1.1102230246251565e-16,1.0
0.0,1.0
0.0,1.0
0.0,1.0
4.163336342344337e-17,1.0
0.0,1.0
1.0044048925905713e-15,0.999999999999999
0.4062146925216981,0.5937853074783019
0.11897170251717831,0.8810282974828219
0.0,1.0
0.0,1.0
0.0,1.0
0.0,1.0
0.03923172396796214,0.9607682760320378
1.6653345369377348e-16,0.9999999999999999
0.0,1.0
0.2891454807012892,0.7108545192987108
0.0,1.0
5.551115123125783e-17,1.0
0.0,1.0
1.6653345369377348e-16,0.9999999999999999
1.6653345369377348e-16,0.9999999999999998
2.7755575615628914e-17,1.0
0.0,1.0
2.220446049250313e-16,0.9999999999999998
0.5,0.5
0.010285745178112088,0.989714254821888
0.49007905052362327,0.5099209494763767
0.4246156928149204,0.5753843071850796
0.4605316303931293,0.5394683696068707
0.0,1.0
1.0044048925905713e-15,0.999999999999999
0.0,1.0
2.7755575615628914e-17,1.0
0.24739574919275878,0.7526042508072411
0.6230479415708094,0.3769520584291906
5.551115123125783e-17,1.0
0.017074122375281747,0.9829258776247184
0.0,1.0
0.0,1.0
0.0,1.0
0.0,1.0
0.0,1.0
0.38340429011314336,0.6165957098868566
8.326672684688674e-17,0.9999999999999999
0.0,1.0
0.0,1.0
1.6653345369377348e-16,1.0
0.45940782815016634,0.5405921718498337
0.0,1.0
0.392492268120664,0.607507731879336
2.220446049250313e-16,0.9999999999999998
0.0,1.0
0.20717316363234536,0.7928268363676546
5.551115123125783e-17,1.0
0.6960661006256154,0.30393389937438464
1.1102230246251565e-16,1.0
2.220446049250313e-16,0.9999999999999999
0.2760255380226495,0.7239744619773504
1.1102230246251565e-16,1.0
0.17231393621830607,0.8276860637816942
0.07113408103843089,0.9288659189615692
5.551115123125783e-17,1.0
1.3183898417423734e-16,0.9999999999999999
0.0,1.0
0.0,1.0
1.3877787807814457e-16,0.9999999999999999
0.06301788922901294,0.936982110770987
5.551115123125783e-17,1.0
0.024820288104628815,0.9751797118953712
0.2979479478048206,0.7020520521951794
0.0,1.0
5.551115123125783e-17,1.0
0.0,1.0
0.0,1.0
0.07197254218208597,0.9280274578179141
0.0,1.0
0.03740756979140512,0.962592430208595
0.0,1.0
0.6757376783560105,0.32426232164398955
1.1102230246251565e-16,1.0
0.0,0.9999999999999999
0.0,1.0
1.1102230246251565e-16,0.9999999999999999
5.551115123125783e-17,1.0
0.0,1.0
2.220446049250313e-16,0.9999999999999998
5.551115123125783e-17,1.0
0.0,1.0
0.40359986815766685,0.5964001318423333
1.1518563880486e-15,0.9999999999999989
0.0,1.0
4.718447854656915e-16,0.9999999999999996
1.3600232051658168e-15,0.9999999999999986
0.0,1.0
2.220446049250313e-16,0.9999999999999998
5.551115123125783e-17,0.9999999999999999
0.3733222354254452,0.626677764574555
0.2281395194921853,0.7718604805078148
0.0,1.0
0.4179354655776148,0.5820645344223854
0.10732138490913207,0.8926786150908681
0.4054887660273901,0.59451123397261
0.3178670326489181,0.6821329673510819
2.7755575615628914e-16,0.9999999999999998
0.0,1.0
0.13219569257831232,0.8678043074216877
0.5058067349279833,0.4941932650720166
3.2959746043559335e-16,0.9999999999999997
5.551115123125783e-17,1.0
0.17918516017985278,0.8208148398201472
5.551115123125783e-17,1.0
0.0,1.0
5.551115123125783e-17,1.0
0.0,1.0
5.551115123125783e-17,1.0
0.33804721454834796,0.661952785451652
0.07693241344433965,0.9230675865556605
0.10595945728457616,0.8940405427154238
0.0,1.0
0.0,1.0
0.5,0.5
0.0,1.0
1.6653345369377348e-16,1.0
0.0,1.0
0.0,1.0
0.017569639735780136,0.982430360234853
1.249000902703301e-16,0.9999999999999999
0.0,1.0
0.568299920079394,0.4317000799206061
0.6390587993829139,0.360941200617086
0.2903573965531224,0.7096426034468777
0.0,1.0
0.09773552705935436,0.9022644729406457
0.17440231784109206,0.8255976821589079
0.0,1.0
0.10496799816949454,0.8950320018305054
0.0,1.0
0.36114443333133367,0.6388555666686664
2.220446049250313e-16,0.9999999999999998
0.2606435222553997,0.7393564777446003
0.0,1.0
5.863365348801608e-16,0.9999999999999996
0.2883793019318951,0.7116206980681049
0.2555811402107453,0.7444188597892548
0.1512791499281634,0.8487208500718365
1.6653345369377348e-16,1.0
0.031633019447326216,0.9683669805526738
0.18516844124219953,0.8148315587578004
0.0,1.0
5.551115123125783e-17,1.0
5.551115123125783e-17,0.9999999999999999
1.1102230246251565e-16,0.9999999999999999
0.21382321970904739,0.7861767802909526
0.4788605103541891,0.5211394896458109
0.26585934246126564,0.7341406575387345
0.728081975319497,0.27191802468050325
0.11498637326739192,0.8850136267326081
1.3877787807814457e-17,1.0
1.3877787807814457e-16,0.9999999999999999
0.0,1.0
0.07246739967329453,0.9275326003267055
5.551115123125783e-17,1.0
0.0,1.0
0.01891018601283499,0.9810898139871651
0.06123604183162387,0.9387639581683762
0.385030527996112,0.6149694720038882
3.3306690738754696e-16,0.9999999999999998
2.220446049250313e-16,0.9999999999999998
1.734723475976807e-16,0.9999999999999999
0.6026853095480148,0.39731469045198514
0.0,1.0
0.34711515546294386,0.6528848445370561
0.0,1.0
8.326672684688674e-17,1.0
0.0,1.0
0.4867355460345034,0.5132644539654968
0.39343749431360386,0.6065625056863962
0.0,1.0
0.5,0.5
0.0,1.0
0.3511379824794321,0.6488620175205679
0.0,1.0
3.3306690738754696e-16,0.9999999999999998
0.47266720304031806,0.5273327969596818
0.0,1.0
0.0,1.0
0.3534359576206907,0.6465640423793093
1.1102230246251565e-16,0.9999999999999999
5.551115123125783e-17,0.9999999999999999
0.22207021541008465,0.7779297845899155
0.0,1.0
0.0,1.0
0.0,1.0
0.12538721987995416,0.8746127801200458
5.551115123125783e-17,1.0
0.33196557755186645,0.6680344224481336
0.0,1.0
0.3814545300640631,0.6185454699359368
4.163336342344337e-16,0.9999999999999996
1.6653345369377348e-16,1.0
0.05385300956202021,0.9461469904379799
0.002030189503565365,0.9979698104964346
0.4661728839026518,0.5338271160973482
0.0,1.0
0.5,0.5
0.0,1.0
0.0,1.0
0.0,1.0
0.07815009679974275,0.9218499032002573
0.04963519687393856,0.9503648031260614
0.4643147598154907,0.5356852401845092
0.0,1.0
3.3306690738754696e-16,0.9999999999999998
1.1102230246251565e-16,1.0
5.551115123125783e-17,1.0
5.551115123125783e-17,1.0
0.0,1.0
4.718447854656915e-16,0.9999999999999997
0.0,1.0
0.15336916921132576,0.8466308307886742
5.551115123125783e-17,1.0
4.440892098500626e-16,0.9999999999999996
3.2959746043559335e-16,0.9999999999999997
0.0,1.0
0.0,1.0
0.0,1.0
0.0,1.0
0.0,1.0
0.0,1.0
5.273559366969494e-16,0.9999999999999993
0.4690578557867875,0.5309421442132125
0.3921534741262186,0.6078465258737814
0.13475980533933124,0.8652401946606687
0.0,1.0
0.0,1.0
1.3877787807814457e-16,1.0
0.0,1.0
2.498001805406602e-16,0.9999999999999998
0.07548324318511934,0.9245167568148807
0.0,1.0
0.0,1.0
0.2467380332588899,0.7532619667411101
0.133202218296348,0.866797781703652
0.0,1.0
5.551115123125783e-17,1.0
8.326672684688674e-17,0.9999999999999999
6.938893903907228e-17,0.9999999999999999
0.1578183090173058,0.8421816909826942
8.326672684688674e-17,0.9999999999999999
0.0,1.0
0.18995576710737466,0.8100442328926253
0.11985429416769323,0.8801457058323068
5.551115123125783e-17,1.0
4.440892098500626e-16,0.9999999999999997
0.0,1.0
0.0,1.0
5.551115123125783e-17,1.0
0.5860850220637174,0.41391497793628257
0.0,1.0
1.1102230246251565e-16,0.9999999999999999
0.1637849094847242,0.8362150905152758
0.4321692998296085,0.5678307001703914
6.800116025829084e-16,0.9999999999999992
0.0,1.0
5.551115123125783e-17,1.0
0.0,1.0
0.0,1.0
0.1047565054801194,0.8952434945198805
5.551115123125783e-17,1.0
0.0,1.0
0.0,1.0
4.163336342344337e-16,0.9999999999999996
1.6653345369377348e-16,0.9999999999999999
0.15248963997077764,0.8475103600292224
0.18393551734633187,0.8160644826536683
0.0,1.0
4.163336342344337e-17,1.0
0.26506909056687283,0.7349309094331271
0.0,1.0
6.661338147750939e-16,0.9999999999999993
0.0,1.0
0.0,1.0
4.2804301769727715e-16,0.9999999999999996
1.1102230246251565e-16,1.0
0.7466720060487281,0.253327993951272
0.0,1.0
0.26454844330963506,0.735451556690365
0.0,1.0
5.551115123125783e-17,1.0
1.6653345369377348e-16,0.9999999999999999
0.11403498486724768,0.8859650151327523
0.0,1.0
0.15701710287915277,0.8429828971208473
0.0,1.0
0.11108701955589048,0.8889129804441096
5.551115123125783e-17,1.0
1.3877787807814457e-16,1.0
0.7347080322940234,0.2652919677059766
0.0,1.0
0.0,1.0
5.551115123125783e-17,1.0
4.440892098500626e-16,0.9999999999999996
0.1965033112218773,0.8034966887781227
0.0881300664048876,0.9118699335951125
0.6242846935471494,0.3757153064528504
0.41769912474409526,0.5823008752559048
0.0,1.0
4.163336342344337e-17,1.0
0.0,1.0
0.0,1.0
0.22710080871934582,0.7728991912806542
0.0,1.0
0.43795588996555224,0.5620441100344479
0.13481883086063798,0.8651811691393622
4.3021142204224816e-16,0.9999999999999996
0.0,1.0
0.6702003207125841,0.3297996792874158
5.551115123125783e-17,0.9999999999999999
5.551115123125783e-17,1.0
5.551115123125783e-17,1.0
0.0,1.0
0.08128746232080213,0.918712537679198
0.0,1.0
0.3351553591925521,0.664844640807448
0.6971153099477849,0.30288469005221524
0.0,1.0
0.0,1.0
1.6653345369377348e-16,0.9999999999999999
0.0,1.0
0.1905903089184753,0.8094096910815246
0.0,1.0
3.885780586188048e-16,0.9999999999999998
0.1684724079739614,0.8315275920260387
0.0,1.0
1.1102230246251565e-16,0.9999999999999999
0.22898153549798753,0.7710184645020124
0.0,1.0
1.1102230246251565e-16,1.0
0.21236539022626957,0.7876346097737303
0.0,1.0
0.0,1.0
4.440892098500626e-16,0.9999999999999996
0.0,1.0
0.0,1.0
0.0,1.0
1.6653345369377348e-16,0.9999999999999998
4.163336342344337e-16,0.9999999999999996
0.0,1.0
0.0,1.0
0.0,1.0
0.17238428435187683,0.8276157156481231
0.0,1.0
5.551115123125783e-17,1.0
0.28142118889876033,0.7185788111012396
3.3306690738754696e-16,0.9999999999999998
0.5,0.5
0.11277519735558815,0.8872248026444118
0.27412680490973157,0.7258731950902686
0.752712105652337,0.24728789434766277
5.551115123125783e-17,0.9999999999999999
0.0,1.0
2.7755575615628914e-17,1.0
0.0,1.0
0.1551753475022829,0.8448246524977171
1.1102230246251565e-16,1.0
0.0,1.0
0.053834120974199706,0.9461658790258003
0.0,1.0
0.0,1.0
3.885780586188048e-16,0.9999999999999997
0.3964624940084071,0.6035375059915928
0.173068202986111,0.826931797013889
0.20793191358996796,0.7920680864100321
0.0,1.0
5.551115123125783e-17,1.0
1.1102230246251565e-16,1.0
0.0,1.0
0.21904881705009127,0.7809511829499086
6.938893903907228e-18,1.0
1.1102230246251565e-16,0.9999999999999999
0.6090746453652695,0.39092535463473077
0.0,1.0
0.08788089195007015,0.9121191080499298
2.7755575615628914e-17,0.9999999999999999
0.0,1.0
2.220446049250313e-16,0.9999999999999998
5.551115123125783e-17,1.0
0.44603390904467194,0.553966090955328
0.0,1.0
0.0,1.0
1.1102230246251565e-16,1.0
1.6653345369377348e-16,0.9999999999999999
0.04165206703302929,0.9583479328604657
1.1102230246251565e-16,1.0
3.191891195797325e-16,0.9999999999999997
0.0,1.0
0.0,1.0
0.52695773306267,0.47304226693733004
1.0269562977782698e-15,0.9999999999999991
0.621307003887986,0.37869299611201407
0.6757427341603293,0.3242572658396706
0.4175868045317243,0.5824131954682759
0.0,1.0
1.6653345369377348e-16,0.9999999999999998
1.3877787807814457e-16,0.9999999999999999
1.1102230246251565e-16,1.0
2.220446049250313e-16,0.9999999999999998
0.0,1.0
0.45848780110609966,0.5415121988939003
0.0,1.0
0.0,1.0
0.3244306457844533,0.6755693542155468
0.0,1.0
0.0,1.0
5.551115123125783e-17,1.0
0.26932070358227866,0.7306792964177213
0.01193601170576731,0.9880639882942328
0.5117092081284643,0.4882907918715356
0.48830550182349725,0.5116944981765028
0.33993896264685014,0.6600610373531499
0.36901456149197365,0.6309854385080264
0.5581617809396008,0.44183821906039916
0.3917892709850115,0.6082107290149884
5.551115123125783e-17,1.0
9.71445146547012e-17,1.0
0.5227447962733205,0.4772552037266794
0.36383257729286655,0.6361674227071333
0.30515137914746066,0.6948486208525394
1.3877787807814457e-16,0.9999999999999999
3.608224830031759e-16,0.9999999999999996
0.12439187681977536,0.8756081231802246
0.6146280176468295,0.3853719823531707
0.04898611753734016,0.9510138824626598
0.0,1.0
0.59466886240305,0.40533113759695005
0.0,1.0
0.0,1.0
0.14790577270878025,0.8520942272912198
0.0,1.0
0.28282612090304887,0.7171738790969511
0.0,1.0
0.2399828320629633,0.7600171679370368
0.0034553483479002937,0.9965446516520998
0.5665813917038444,0.4334186082961555
0.02445258448887354,0.9755474155111264
0.2605936470948052,0.7394063529051949
1.6653345369377348e-16,0.9999999999999998
0.07128829459790575,0.9287117054020944
0.1416285405091154,0.8583714594908847
5.967448757360216e-16,0.9999999999999994
0.0,1.0
0.0,1.0
0.0,1.0
0.38459991799801935,0.6154000820019806
0.0,1.0
0.0,1.0
0.0,1.0
1.3877787807814457e-17,1.0
0.6162679850214564,0.38373201497854365
0.1822441124605083,0.8177558875394917
2.220446049250313e-16,0.9999999999999998
0.0,1.0
5.551115123125783e-17,1.0
1.1102230246251565e-16,1.0
6.617970060851519e-16,0.9999999999999993
0.0,1.0
0.0,1.0
0.07939335520246404,0.9206066447311201
1.1102230246251565e-16,0.9999999999999999
0.19555816903812362,0.8044418309618764
0.1503783752918829,0.8496216247081172
0.0,1.0
0.25876878913549234,0.7412312108645077
0.0,1.0
0.0,1.0
0.09206634942749409,0.907933650572506
0.0,1.0
4.9439619065339e-17,1.0
0.10412779133179106,0.8958722086682089
0.23965004955259236,0.7603499504474077
0.0,1.0
0.0,1.0
0.5657128899293034,0.4342871100706968
0.3752990469560546,0.6247009530439454
0.0,1.0
5.551115123125783e-17,1.0
0.34331460639380756,0.6566853936061925
6.765421556309548e-17,0.9999999999999999
0.19885496180679563,0.8011450381932044
0.0,1.0
0.0,1.0
0.11215873686788433,0.8878412629738591
1.1102230246251565e-16,0.9999999999999999
0.3409013332304459,0.659098666769554
1.1102230246251565e-16,1.0
0.0,1.0
0.6557390853053892,0.34426091469461095
0.0,1.0
0.23965743708382067,0.7603425629161793
3.3306690738754696e-16,0.9999999999999997
0.0,1.0
0.209462514505633,0.7905374854943671
0.5018395863146666,0.4981604136853333
0.01117992956833416,0.988820070431666
0.25690541532301936,0.7430945846769806
0.19213351015006153,0.8078664898499383
1.6653345369377348e-16,0.9999999999999999
0.006018193991829157,0.9939818060081709
0.0,1.0
0.7419503833436675,0.25804961665633264
5.551115123125783e-17,1.0
3.885780586188048e-16,0.9999999999999997
0.5,0.5
0.1768727771175731,0.8231272228824268
0.09596392750899299,0.9040360724910071
5.551115123125783e-17,1.0
0.0,1.0
0.0,1.0
2.949029909160572e-17,1.0
0.3918504367609563,0.6081495632390438
1.6653345369377348e-16,0.9999999999999999
0.03548280016231424,0.9645171998376858
5.551115123125783e-17,0.9999999999999999
0.0,1.0
0.029982278136578625,0.9700177218634213
0.0,1.0
0.0,1.0
0.0,1.0
0.0,1.0
0.0,1.0
0.45040046664774963,0.5495995333522503
5.551115123125783e-17,1.0
0.0,1.0
0.0323063002445208,0.9676936997554793
0.5227035542811367,0.4772964457188635
1.1102230246251565e-16,1.0
4.163336342344337e-17,1.0
0.5305560993559651,0.46944390064403485
0.0,1.0
0.26405912637710627,0.7359408736228936
0.0,1.0
1.1102230246251565e-16,1.0
0.0,1.0
0.18748618802676545,0.8125138119732345
0.13584051093721916,0.8641594890627807
1.1102230246251565e-16,0.9999999999999999
4.440892098500626e-16,0.9999999999999996
0.35238438603560346,0.6476156139643966
0.289460299433775,0.710539700566225
0.0,1.0
0.6492816996746132,0.3507183003253867
0.0,1.0
0.02094622188837848,0.9790537781116216
0.21248530775752847,0.7875146922424715
0.2621038634679756,0.7378961365320242
4.718447854656915e-16,0.9999999999999996
0.13476981515891578,0.8652301848410842
2.7755575615628914e-17,1.0
5.412337245047638e-16,0.9999999999999994
0.0,1.0
5.551115123125783e-17,1.0
0.0,1.0
0.7643184297416897,0.2356815702583104
0.0,1.0
0.29612163962677196,0.7038783603732282
3.7470027081099033e-16,0.9999999999999996
0.3413713914745179,0.6586286085254822
0.018375016906198458,0.9816249830938015
5.551115123125783e-17,1.0
0.0,1.0
0.0,1.0
0.6972098691310931,0.3027901308689069
0.0,1.0
0.3193370964935681,0.6806629035064317
0.0,1.0
5.551115123125783e-17,1.0
0.0,1.0
0.0,1.0
1.1102230246251565e-16,1.0
0.02533972752812011,0.9746602724718798
5.828670879282072e-16,0.9999999999999996
0.06759885860399367,0.9324011413960064
0.12214627504784804,0.8778537249521522
1.3877787807814457e-17,1.0
0.1573406713519262,0.8426593286480738
5.551115123125783e-17,1.0
0.0004346105629094893,0.9995653894370906
0.0,1.0
0.0738650892699799,0.9261349107300202
2.220446049250313e-16,0.9999999999999998
0.0,1.0
2.220446049250313e-16,0.9999999999999999
0.0,1.0
1.3877787807814457e-16,0.9999999999999999
0.0,1.0
0.0,1.0
0.0,1.0
0.0,1.0
2.7755575615628914e-16,0.9999999999999999
0.4683464085842369,0.5316535914157634
0.10558723288827478,0.8944127671117253
0.0740765405607711,0.9259234594392289
3.885780586188048e-16,0.9999999999999998
4.5102810375396984e-17,1.0
0.5778422052649564,0.4221577947350435
0.3546909138474657,0.6453090861525345
0.0,1.0
0.0,1.0
2.220446049250313e-16,0.9999999999999998
0.0,1.0
0.4862868006664716,0.5137131993335283
0.0,1.0
0.5333131045099703,0.46668689549002984
5.551115123125783e-17,1.0
0.1913607040707335,0.8086392959292664
0.2787113459049545,0.7212886540950453
0.024979888101940538,0.9750201118980595
5.551115123125783e-17,0.9999999999999999
0.29977735782932197,0.700222642170678
0.018712009499928975,0.9812879905000711
0.2944604448500487,0.7055395551499511
0.0,1.0
0.0,1.0
0.22094816916276783,0.7790518308372323
9.71445146547012e-17,0.9999999999999999
0.1332899189435676,0.8667100810564324
0.24806973595181514,0.7519302640481849
5.273559366969494e-16,0.9999999999999994
0.0,1.0
0.0,1.0
0.2724876867598891,0.7275123132401109
2.498001805406602e-16,0.9999999999999998
0.3696894407104475,0.6303105592895524
0.0444256510681988,0.9555743489318012
0.0,1.0
0.6315399940129487,0.36846000598705136
0.044546405955386975,0.955453594044613
2.220446049250313e-16,0.9999999999999998
0.6434245571851872,0.35657544281481296
0.3487250287411648,0.6512749712588354
0.4293288905173541,0.5706711094826459
0.1932535537620981,0.806746446237902
0.058057699513493,0.9419423004865072
4.5102810375396984e-17,1.0
0.08886266931730973,0.9111373306826905
0.014609952164341961,0.985390047835658
0.33220989278928786,0.6677901072107122
7.632783294297951e-17,1.0
0.088906431430054,0.911093568569946
0.0,1.0
0.0,1.0
0.24782415266928165,0.7521758473307184
0.0,1.0
5.551115123125783e-17,1.0
0.447431819231551,0.552568180768449
1.1102230246251565e-16,1.0
0.22298993649272,0.77701006350728
0.0,1.0
0.0,1.0
1.6653345369377348e-16,0.9999999999999998
0.33590088443320965,0.6640991155667904
0.0,1.0
5.551115123125783e-17,1.0
9.020562075079397e-17,0.9999999999999999
0.0,1.0
5.551115123125783e-17,0.9999999999999999
0.0,1.0
0.3751320486490286,0.6248679513509715
0.0,1.0
0.016222272359936188,0.9837777276400639
0.0,1.0
0.3875954270075337,0.6124045729924662
5.551115123125783e-17,0.9999999999999999
0.09501497243404945,0.9049850275659506
5.551115123125783e-17,1.0
0.392023313028255,0.6079766869717451
0.26322738323848666,0.7367726167615134
0.23963505781839023,0.7603649421816098
2.7755575615628914e-17,1.0
0.4391310988285876,0.5608689011714125
0.0,1.0
1.1102230246251565e-16,1.0
4.163336342344337e-16,0.9999999999999997
5.551115123125783e-17,1.0
1.1102230246251565e-16,1.0
1.249000902703301e-16,0.9999999999999999
0.15899071381390373,0.8410092861860962
0.30293198488652706,0.6970680151134729
0.04412879380305764,0.9558712061969423
0.0,1.0
6.106226635438361e-16,0.9999999999999994
5.551115123125783e-17,1.0
5.551115123125783e-17,1.0
0.0,1.0
5.551115123125783e-17,0.9999999999999999
5.93275428784068e-16,0.9999999999999994
0.564698344737988,0.4353016552620117
0.0,1.0
0.0,1.0
1.1102230246251565e-16,1.0
0.0,1.0
1.1102230246251565e-16,1.0
1.6653345369377348e-16,0.9999999999999999
0.37750378610852253,0.6224962138914771
1.3877787807814457e-16,0.9999999999999999
0.0,1.0
0.0,1.0
0.4687666967497229,0.5312333032502773
6.938893903907228e-17,1.0
1.6653345369377348e-16,1.0
0.16373484697332008,0.8362651530266799
0.7442456448466439,0.25575435515335626
1.3877787807814457e-16,1.0
0.14509358334416395,0.8549064166558361
0.171536920672062,0.828463079327938
0.0,1.0
0.0,1.0
5.273559366969494e-16,0.9999999999999994
5.551115123125783e-17,1.0
5.273559366969494e-16,0.9999999999999994
0.10683694305274295,0.893163056947257
1.8041124150158794e-16,0.9999999999999999
0.2543649619912883,0.7456350380087117
0.0,1.0
0.0,1.0
1.8735013540549517e-16,0.9999999999999999
0.0,1.0
1.6653345369377348e-16,0.9999999999999999
0.03170921292776822,0.9682907870722319
0.15299523174658733,0.8470047682534129
0.0,1.0
2.7755575615628914e-16,0.9999999999999998
2.220446049250313e-16,0.9999999999999998
1.1102230246251565e-16,1.0
0.0,1.0
0.0,1.0
0.23278552417530582,0.7672144758246942
0.0,1.0
0.11569162516071921,0.8843083748392807
0.4211086362138622,0.5788913637861378
0.17444889638684072,0.8255511036131592
0.0,1.0
0.0,1.0
4.718447854656915e-16,0.9999999999999996
0.40536487428633877,0.5946351257136611
0.14563807472586637,0.8543619252741337
0.4667225621113952,0.5332774378886049
0.042632213241508864,0.9573677867584912
0.0,1.0
0.21802552979001155,0.7819744702099882
0.7720012106027139,0.22799878939728607
0.0,1.0
1.3877787807814457e-16,0.9999999999999999
0.0,1.0
0.0,1.0
5.551115123125783e-17,1.0
1.3877787807814457e-16,0.9999999999999998
0.0929527941004863,0.9070472058995138
0.6958017504968621,0.3041982495031379
0.0,1.0
0.0,1.0
0.2906810837924176,0.7093189162075825
0.0,1.0
0.0,1.0
0.13260706859980995,0.8673929314001901
0.0,1.0
0.0,1.0
0.0,1.0
0.027150206497988265,0.9728497935020117
0.0,1.0
0.18754021514370275,0.8124597848562972
0.0,1.0
5.551115123125783e-17,1.0
5.551115123125783e-17,1.0
0.0,1.0
0.0,1.0
0.10091696633629983,0.8990830336637002
6.938893903907228e-17,1.0
1.1102230246251565e-16,1.0
5.551115123125783e-17,1.0
0.21827788409333682,0.7817221159066632
5.551115123125783e-17,1.0
0.0,1.0
0.5137719111236492,0.4862280888763508
1.97758476261356e-16,0.9999999999999999
0.0,1.0
0.0,1.0
0.0153682315884223,0.9846317684115778
0.25661258952194066,0.7433874104780593
4.0245584642661925e-16,0.9999999999999997
5.551115123125783e-17,1.0
0.0,1.0
0.0,1.0
0.24288879128239838,0.7571112087176016
0.34342598213280673,0.6565740178671933
5.551115123125783e-17,1.0
9.020562075079397e-17,0.9999999999999999
0.3438459345181425,0.6561540654818573
0.29067311908135096,0.709326880918649
0.0,1.0
0.0,1.0
0.0,1.0
0.0,1.0
0.05837302458380297,0.941626975416197
0.1820915835007531,0.8179084164992468
0.09376372454107043,0.9062362754589297
0.40185657253642004,0.59814342746358
5.551115123125783e-17,1.0
0.0,1.0
0.015864366717946332,0.9841356332820538
0.0,1.0
5.551115123125783e-17,1.0
2.220446049250313e-16,0.9999999999999998
5.551115123125783e-17,1.0
0.0,1.0
2.220446049250313e-16,0.9999999999999998
0.37076798351629936,0.6292320164837006
0.5945219790086945,0.4054780209913054
0.39195932112981713,0.608040678870183
0.3920048462998848,0.6079951537001153
0.08536490397719364,0.9146350960228065
0.0,1.0
1.6653345369377348e-16,0.9999999999999999
0.0,1.0
5.551115123125783e-17,1.0
1.1102230246251565e-16,1.0
0.26202937252398356,0.7379706274760164
3.8510861166685117e-16,0.9999999999999997
1.1102230246251565e-16,1.0
0.029242681059734932,0.9707573189402651
1.1102230246251565e-16,1.0
1.1102230246251565e-16,0.9999999999999999
0.0,1.0
0.0,1.0
0.0,1.0
0.3327935052334195,0.6672064947665806
1.1102230246251565e-16,0.9999999999999999
0.08080159947184438,0.9191984005281557
2.220446049250313e-16,0.9999999999999998
0.0,1.0
0.08560199747286752,0.91439800274178
1.6653345369377348e-16,0.9999999999999999
0.07603490248520314,0.9239650975147969
0.24285261725947796,0.7571473827405221
4.996003610813204e-16,0.9999999999999994
0.7093236883628525,0.29067631163714747
0.3919989565277636,0.6080010434722365
0.17543290134500922,0.8245670986549908
0.48493460433964014,0.5150653956603599
0.15354678071987238,0.8464532192801276
0.34513341632193784,0.6548665836780622
0.16322547806342577,0.8367745219365742
0.7449712565638072,0.25502874343619275
2.220446049250313e-16,0.9999999999999998
0.04122959878607409,0.958770401213926
0.0,1.0
0.2691960040805994,0.7308039959194004
0.12622890336021048,0.8737710966397896
0.3794107249284068,0.6205892750715933
5.551115123125783e-17,1.0
1.6653345369377348e-16,0.9999999999999998
0.0,1.0
0.0,1.0
2.220446049250313e-16,0.9999999999999998
1.6653345369377348e-16,1.0
0.0,1.0
0.46405432067566227,0.5359456793243376
0.5800715081831739,0.41992849181682584
5.551115123125783e-17,1.0
0.5946538523098301,0.40534614769016997
0.0,1.0
0.4432875396554939,0.5567124603445062
3.3306690738754696e-16,0.9999999999999998
0.05829510864924982,0.9417048913507501
0.0,1.0
1.1102230246251565e-16,0.9999999999999999
5.551115123125783e-17,1.0
1.1102230246251565e-16,1.0
0.668245255671918,0.3317547443280822
0.0,1.0
6.38378239159465e-16,0.9999999999999994
0.29661160065315145,0.7033883993468485
0.06523019360849075,0.9347698063915093
0.0,1.0
0.0,1.0
6.106226635438361e-16,0.9999999999999994
0.2978918638348925,0.7021081361651075
0.23692835694835399,0.7630716430516461
0.0,1.0
1.3877787807814457e-17,0.9999999999999999
0.5324814464699801,0.4675185535300199
0.03431307857316757,0.9656869214268325
0.0,1.0
1.6653345369377348e-16,0.9999999999999998
1.6653345369377348e-16,0.9999999999999999
1.1102230246251565e-16,1.0
0.18519910968005457,0.8148008903199454
0.0,1.0
0.5,0.5
0.0,1.0
0.08014988044805314,0.919850119551947
2.7755575615628914e-17,1.0
0.39186487562686745,0.6081351243731326
0.0542425610765136,0.9457574389234864
0.0,1.0
0.0,1.0
6.800116025829084e-16,0.9999999999999992
0.0,1.0
0.03435247947248603,0.965647520527514
0.4880333015187373,0.5119666984812627
0.33489775884760214,0.665102241152398
0.0,1.0
3.885780586188048e-16,0.9999999999999996
0.0,1.0
0.0,1.0
0.0,1.0
0.4667830708071393,0.5332169291928609
0.07697638443250172,0.9230236155674983
0.0,1.0
8.326672684688674e-17,1.0
1.6653345369377348e-16,0.9999999999999998
0.13013762221346628,0.8698623777865337
0.336009468726817,0.6639905312731831
3.885780586188048e-16,0.9999999999999998
0.21902705654934662,0.7809729434506534
0.5502417327600305,0.44975826723996964
0.0,1.0
1.1102230246251565e-16,0.9999999999999998
0.06824543751940247,0.9317545624805975
1.249000902703301e-16,0.9999999999999999
8.326672684688674e-17,1.0
5.551115123125783e-17,1.0
0.8226779333506942,0.17732206664930583
0.052660033137160854,0.9473399668628394
0.29490347084079443,0.7050965291592056
0.2749656732717112,0.7250343267282888
0.1811190220757685,0.8188809779242316
1.734723475976807e-17,1.0
0.0,1.0
4.163336342344337e-16,0.9999999999999996
0.12179032106502183,0.8782096789349781
0.19074189129017055,0.8092581087098296
2.740863092043355e-16,0.9999999999999998
0.1492241146886356,0.8507758853113644
5.551115123125783e-17,1.0
0.7297913816759573,0.2702086183240428
5.551115123125783e-17,1.0
0.0,1.0
0.03129762109002399,0.968702378909976
0.22390038984455699,0.7760996101554432
0.2496687856159265,0.7503312143840736
0.6958559857985082,0.30414401420149173
0.12178502352523998,0.8782149764747601
0.2187671921575585,0.7812328078424414
0.0,1.0
0.0,1.0
0.0,1.0
0.25139900839902146,0.7486009916009785
0.3920579094928531,0.6079420905071471
0.0,1.0
0.0,1.0
0.3224729663396941,0.6775270336603062
0.1470507969638925,0.8529492030361076
1.6653345369377348e-16,0.9999999999999999
0.0,1.0
0.23027850581351358,0.7697214941864865
0.4797086336527138,0.5202913663472862
2.7755575615628914e-17,1.0
0.0,1.0
8.326672684688674e-17,1.0
0.2323153022973617,0.7676846977026381
0.18704620118330026,0.8129537988166997
0.514677978724674,0.48532202127532587
2.220446049250313e-16,0.9999999999999998
1.1102230246251565e-16,1.0
0.0,1.0
0.0,1.0
2.7755575615628914e-16,0.9999999999999998
1.6653345369377348e-16,0.9999999999999998
0.0,1.0
0.15227263707720845,0.8477273629227914
2.7755575615628914e-17,1.0
0.2876417883863646,0.7123582116136354
0.26278561701169867,0.7372143829883013
1.6653345369377348e-16,0.9999999999999999
0.0,1.0
1.1102230246251565e-16,1.0
5.273559366969494e-16,0.9999999999999994
0.3308567975813781,0.6691432024186219
1.6653345369377348e-16,1.0
3.885780586188048e-16,0.9999999999999997
5.551115123125783e-17,1.0
0.0,1.0
1.6653345369377348e-16,1.0
0.0,1.0
0.2606423401110678,0.739357659888932
0.0,1.0
2.7755575615628914e-17,1.0
0.03603579801034278,0.9639642019896573
0.0,1.0
0.27047952126673447,0.7295204787332655
0.08748527800689053,0.9125147219931095
0.03110848158721252,0.9688915184127874
4.996003610813204e-16,0.9999999999999994
0.07386177852001974,0.9261382214799802
0.0994738681049236,0.9005261318950765
0.0,1.0
0.4510274099028828,0.5489725900971172
0.4527633893476868,0.5472366106523133
0.3920334832147465,0.6079665167852534
3.3306690738754696e-16,0.9999999999999997
0.6826593115285446,0.31734068847145536
0.1316690668463708,0.8683309331536293
0.0,1.0
0.03606827437595994,0.9639317256240401
0.0,1.0
1.1102230246251565e-16,1.0
0.0,1.0
2.7755575615628914e-16,0.9999999999999998
5.551115123125783e-17,1.0
0.0,1.0
0.032632713101908184,0.9673672868980917
0.003882829242358385,0.9961171707576416
0.2137940363462594,0.7862059636537406
0.17916507101200324,0.8208349289879969
4.163336342344337e-16,0.9999999999999996
5.551115123125783e-17,1.0
1.1102230246251565e-16,1.0
0.039220916092051375,0.9607790839079486
0.0,1.0
0.12998651291980945,0.8700134870801906
1.1102230246251565e-16,0.9999999999999999
1.1102230246251565e-16,1.0
5.551115123125783e-17,1.0
2.220446049250313e-16,0.9999999999999999
0.12170040235440292,0.8782995976455971
5.551115123125783e-17,1.0
0.2449630523073123,0.7550369476926876
0.7031920189992776,0.2968079810007225
0.08799101572951135,0.9120089842704887
0.0,1.0
0.0,1.0
0.0,1.0
5.551115123125783e-17,1.0
0.23834854778256676,0.7616514522174334
0.0,1.0
0.0,1.0
0.10603998204381426,0.8939600179561857
0.4334779553484489,0.5665220446515512
0.1272879257309144,0.8727120742690857
0.5423235268018142,0.45767647319818583
2.7755575615628914e-17,1.0
0.3218898166792563,0.6781101833207438
0.0,1.0
0.0,1.0
0.17174252833850573,0.8282574716614943
0.0,1.0
0.0,1.0
0.0,1.0
1.6653345369377348e-16,0.9999999999999998
0.2028919988135187,0.7971080011864813
0.0,1.0
2.7755575615628914e-17,1.0
0.0,1.0
0.08752914799239016,0.9124708520076098
0.4247794990605042,0.5752205009394958
0.2925221763984533,0.7074778236015468
0.0,1.0
0.0,1.0
1.6653345369377348e-16,0.9999999999999998
0.48594970862258785,0.5140502913774121
0.057824864041618705,0.9421751359583812
0.1460105570214141,0.8539894429785858
0.0,1.0
1.1102230246251565e-16,1.0
0.0179516272388117,0.9820483727611883
0.0,1.0
0.0,1.0
0.2722534942722406,0.7277465057277596
0.226168408278016,0.7738315917219841
3.2959746043559335e-16,0.9999999999999997
0.13822819747397422,0.8617718025260258
0.19211746051070006,0.8078825394892999
0.0,1.0
0.015109865238977697,0.9848901347610222
0.0,1.0
8.326672684688674e-17,0.9999999999999999
0.22184916287401088,0.7781508371259891
0.0,1.0
0.47884700238392675,0.5211529976160734
5.551115123125783e-17,1.0
0.37941543046139187,0.6205845695386083
0.014836241700949375,0.9851637582990507
0.12307502644801906,0.876924973551981
3.608224830031759e-16,0.9999999999999996
0.2482199861272154,0.7517800138727845
0.5005646176636219,0.49943538233637813
0.0,1.0
6.38378239159465e-16,0.9999999999999994
0.32231700060207596,0.6776829993979239
5.898059818321144e-17,0.9999999999999999
1.1102230246251565e-16,1.0
1.6653345369377348e-16,0.9999999999999999
0.0,1.0
0.2251653611406279,0.7748346388593721
4.163336342344337e-16,0.9999999999999996
1.3877787807814457e-16,1.0
0.08612779538957431,0.9138722046104257
0.21933710870304288,0.7806628912969571
0.26583780124264056,0.7341621987573596
0.0,1.0
2.7755575615628914e-17,1.0
0.5576900164684375,0.44230998353156237
0.0,1.0
0.08536373544964422,0.9146362645503558
6.938893903907228e-17,1.0
0.06356079414842696,0.936439205851573
0.0,1.0
0.7788905543074041,0.22110944569259586
2.3592239273284576e-16,0.9999999999999999
0.4389865384725174,0.5610134615274828
0.3620786224519453,0.6379213775480548
0.0,1.0
1.6653345369377348e-16,0.9999999999999999
0.0,1.0
0.0,1.0
0.5440002097185116,0.4559997902814883
0.0,1.0
3.608224830031759e-16,0.9999999999999996
0.0,1.0
0.6215803957532889,0.378419604246711
1.5265566588595902e-16,0.9999999999999998
5.551115123125783e-17,1.0
0.0,1.0
0.6895046198638913,0.3104953801361088
0.0,1.0
0.0633629717929518,0.9366370282070482
0.0,1.0
0.0,1.0
0.0,1.0
0.03592963512530925,0.9640703648746907
1.1102230246251565e-16,0.9999999999999999
1.1102230246251565e-16,1.0
0.07498991351035587,0.9250100864896442
0.0,1.0
5.551115123125783e-17,1.0
1.1102230246251565e-16,0.9999999999999999
0.02788703589341584,0.9721129641065842
0.0,1.0
1.6653345369377348e-16,0.9999999999999999
3.608224830031759e-16,0.9999999999999997
0.29201021705239527,0.7079897829476047
0.14905598461335506,0.850944015386645
2.7755575615628914e-16,0.9999999999999998
0.21817680963157451,0.7818231903684254
5.828670879282072e-16,0.9999999999999994
0.0,1.0
1.721713049906981e-16,0.9999999999999998
0.0,1.0
0.0,1.0
0.35389140324077323,0.6461085967592268
5.551115123125783e-17,0.9999999999999999
5.551115123125783e-17,1.0
0.0,1.0
5.551115123125783e-17,1.0
4.0245584642661925e-16,0.9999999999999997
0.0,1.0
0.0,1.0
0.4933317961125758,0.5066682038874241
1.1102230246251565e-16,1.0
1.1102230246251565e-16,1.0
2.7929047963226594e-16,0.9999999999999997
0.0,1.0
0.0,1.0
0.0,1.0
2.7755575615628914e-17,1.0
0.0,1.0
2.220446049250313e-16,0.9999999999999999
0.00753174958070551,0.9924682504192945
3.191891195797325e-16,0.9999999999999997
8.326672684688674e-17,0.9999999999999999
0.12295534176680513,0.877044658233195
0.8649174581400434,0.1350825418599566
0.0836990816160131,0.9163009183839869
0.0480281205393989,0.951971879460601
0.15437654998804803,0.8456234500119519
0.5,0.5
0.20785884009443292,0.7921411599055671
0.423877484871398,0.576122515128602
0.0,1.0
0.0,1.0
5.551115123125783e-17,1.0
1.1102230246251565e-16,1.0
0.1324831479062729,0.867516852093727
1.0859368959614812e-15,0.999999999999999
8.153200337090993e-17,0.9999999999999999
0.08258563977936749,0.9174143602206325
5.551115123125783e-17,0.9999999999999999
0.0,0.9999999999999999
6.661338147750939e-16,0.9999999999999994
0.0,1.0
0.4281216512601812,0.5718783487398189
0.4498958312918608,0.5501041687081392
0.0007895634591591833,0.9992104365408409
1.6653345369377348e-16,1.0
0.232190194446822,0.767809805553178
0.019361644875850414,0.9806383551241495
0.004403686623722599,0.9955963133762774
0.33264176347628405,0.667358236523716
8.465450562766819e-16,0.9999999999999992
4.440892098500626e-16,0.9999999999999997
1.942890293094024e-16,0.9999999999999998
3.3306690738754696e-16,0.9999999999999998
0.0,1.0
0.0,1.0
2.7755575615628914e-17,1.0
0.0,1.0
4.996003610813204e-16,0.9999999999999994
0.6005873884093522,0.3994126115906477
0.5473088142747528,0.4526911857252474
0.19213828959254434,0.8078617104074556
5.551115123125783e-17,0.9999999999999999
0.16062008389417004,0.8393799161058298
0.4861953047611108,0.513804695238889
0.06900949287698122,0.930990507123019
0.01640184790378378,0.9835981520962164
2.3592239273284576e-16,0.9999999999999998
0.20006540819327304,0.799934591806727
0.37168529080896634,0.6283147091910337
0.15042497623901693,0.8495750237609828
0.4375758784193987,0.5624241215806014
2.7755575615628914e-16,0.9999999999999998
0.5390850922089007,0.46091490779109945
0.39692104507274656,0.6030789549272533
0.0,1.0
0.0,1.0
0.20103435033169959,0.7989656496683004
0.07811872848796209,0.9218812715120379
0.0,1.0
6.938893903907228e-17,1.0
0.17024236406010224,0.8297576359398976
0.0,1.0
0.23612917789640492,0.763870822103595
0.18932299208873818,0.8106770079112617
1.1102230246251565e-16,1.0
0.17917155427430798,0.8208284457256921
3.3306690738754696e-16,0.9999999999999996
0.0,1.0
0.1815847639063116,0.8184152360936884
0.14573759743569978,0.8542624025643004
0.5438798738667608,0.45612012613323927
0.030963664853127223,0.9690363351468727
5.551115123125783e-17,1.0
0.0,1.0
2.220446049250313e-16,0.9999999999999998
0.0,1.0
0.18473913860444954,0.8152608613955504
0.0,1.0
5.551115123125783e-17,1.0
0.5889848147928756,0.4110151852071245
4.440892098500626e-16,0.9999999999999996
0.14101348316038717,0.8589865168396128
2.7755575615628914e-17,1.0
1.6653345369377348e-16,0.9999999999999999
5.551115123125783e-17,1.0
4.85722573273506e-17,0.9999999999999999
0.0,1.0
0.049143186602954775,0.9508568133970452
1.1102230246251565e-16,1.0
0.015667975002812088,0.9843320249971879
1.6653345369377348e-16,0.9999999999999999
0.0960691752374245,0.9039308247625756
0.41179754978888955,0.5882024502111104
0.04681121269008155,0.9531887873099184
0.0,1.0
5.551115123125783e-17,1.0
0.2655718712805398,0.7344281287194602
0.11896200402034995,0.88103799597965
1.3877787807814457e-17,1.0
5.551115123125783e-17,1.0
5.134781488891349e-16,0.9999999999999994
0.18931857698286464,0.8106814230171354
0.12326738393999041,0.8767326160600096
0.46742712941294856,0.5325728705870515
0.6362653151154518,0.36373468488454813
1.1102230246251565e-16,1.0
0.0,1.0
0.0,1.0
0.0,1.0
5.551115123125783e-17,1.0
0.0,1.0
8.500145032286355e-16,0.9999999999999991
1.6653345369377348e-16,1.0
1.1102230246251565e-16,0.9999999999999999
4.85722573273506e-16,0.9999999999999996
2.220446049250313e-16,0.9999999999999998
1.6653345369377348e-16,0.9999999999999998
1.1102230246251565e-16,0.9999999999999999
2.7755575615628914e-17,1.0
0.0,1.0
5.551115123125783e-17,1.0
0.031235621930607346,0.9687643780693928
5.551115123125783e-17,1.0
0.4427275282540888,0.5572724717459112
1.6653345369377348e-16,1.0
1.1102230246251565e-16,1.0
0.23174006166349204,0.7682599383365079
1.3877787807814457e-16,0.9999999999999999
0.0,1.0
0.0,1.0
0.0,1.0
0.1689136649462239,0.8310863350537762
0.014944273906962253,0.9850557260930377
5.551115123125783e-17,1.0
0.501111763760275,0.49888823623972506
0.39158682800876254,0.6084131719912376
0.6165398753566904,0.38346012464330953
0.0,1.0
0.0,1.0
5.551115123125783e-17,1.0
0.47818991283725965,0.5218100871627402
0.2580832601581291,0.7419167398418708
0.0057136298868788815,0.9942863701131212
0.0,1.0
0.0,1.0
2.7755575615628914e-17,0.9999999999999999
1.1102230246251565e-16,1.0
0.07642467318440846,0.9235753268155916
1.6653345369377348e-16,0.9999999999999999
0.5994678600129805,0.40053213998701964
0.005950859360691259,0.9940491406393087
2.7755575615628914e-17,1.0
1.6653345369377348e-16,0.9999999999999999
0.0,1.0
0.3932254683346307,0.6067745316653693
1.6653345369377348e-16,0.9999999999999999
0.0,1.0
2.7755575615628914e-17,1.0
0.43038462874641686,0.5696153712535831
0.43058404510679665,0.5694159548932033
0.09905823631080928,0.9009417636891908
5.273559366969494e-16,0.9999999999999994
0.012115836451278422,0.9878841635487216
0.0,1.0
0.027876557454465406,0.9721234425455345
0.0,1.0
0.5834773476745212,0.4165226523254788
0.0,1.0
2.636779683484747e-16,0.9999999999999997
0.0,1.0
0.0,1.0
1.1102230246251565e-16,1.0
0.0,1.0
0.35253701366383855,0.6474629863361614
0.27966805880765566,0.7203319411923444
5.551115123125783e-17,1.0
1.1102230246251565e-16,1.0
0.0,1.0
3.191891195797325e-16,0.9999999999999997
4.440892098500626e-16,0.9999999999999996
5.551115123125783e-17,0.9999999999999999
1.6653345369377348e-16,0.9999999999999999
0.594680978026342,0.40531902197365804
0.2772190258313813,0.7227809741686188
0.0,1.0
0.0,1.0
0.09594025666602193,0.9040597433339781
0.0,1.0
0.0,1.0
0.0,1.0
0.30049884297091134,0.6995011570290887
0.0,1.0
0.39200292347694515,0.6079970765230549
0.2930039267299809,0.7069960732700192
0.0,1.0
0.0,1.0
4.163336342344337e-16,0.9999999999999998
1.3877787807814457e-16,0.9999999999999999
5.499073418846478e-16,0.9999999999999996
0.5986325091206763,0.4013674908793236
3.3306690738754696e-16,0.9999999999999997
3.191891195797325e-16,0.9999999999999998
1.1102230246251565e-16,1.0
8.465450562766819e-16,0.9999999999999992
0.0,1.0
0.0,1.0
0.534751889496745,0.46524811050325493
0.03805145181511604,0.9619485481848841
1.1102230246251565e-16,1.0
0.0,1.0
0.8262858601632167,0.1737141398367834
8.326672684688674e-17,1.0
0.07757733243850838,0.9224226675614916
0.03122970025036092,0.968770299749639
0.15583788529389306,0.8441621147061069
0.0,1.0
0.0,1.0
0.5,0.5
0.5946649399478717,0.40533506005212827
8.326672684688674e-17,0.9999999999999999
0.43278642541499635,0.5672135745850038
0.0,1.0
0.0,1.0
0.05448402916569835,0.9455159706904477
0.0,1.0
0.0,1.0
8.326672684688674e-17,1.0
0.0,1.0
0.0,1.0
0.0,1.0
0.0,1.0
1.1102230246251565e-16,0.9999999999999999
0.015604317808396917,0.984395682191603
0.10660701542698608,0.8933929845730139
0.16784071374759466,0.8321592862524054
0.21158284491214413,0.7884171550878559
1.1102230246251565e-16,0.9999999999999999
3.885780586188048e-16,0.9999999999999996
0.1399476421181544,0.8600523578818455
0.0,1.0
3.3306690738754696e-16,0.9999999999999997
0.0,1.0
0.0,1.0
2.7755575615628914e-16,0.9999999999999998
0.0,1.0
2.3592239273284576e-16,0.9999999999999998
0.0,1.0
0.1167718546859325,0.8832281453140676
0.2547918652845068,0.7452081347154932
0.43939553607699544,0.5606044639230044
5.551115123125783e-17,1.0
8.326672684688674e-17,0.9999999999999999
4.163336342344337e-16,0.9999999999999996
0.2689767683695936,0.7310232316304065
9.194034422677078e-17,0.9999999999999999
1.1102230246251565e-16,1.0
4.926614671774132e-16,0.9999999999999996
0.2762382212353667,0.7237617787646334
0.0,1.0
1.6653345369377348e-16,0.9999999999999999
0.0,1.0
0.7333877736465375,0.2666122263534627
5.551115123125783e-17,1.0
5.551115123125783e-17,1.0
5.551115123125783e-17,1.0
5.551115123125783e-17,1.0
2.220446049250313e-16,0.9999999999999998
0.2178034642259929,0.7821965357740073
0.13192297903398953,0.8680770209660105
0.0,1.0
0.2130899295417395,0.7869100704582603
5.551115123125783e-17,1.0
0.3213545798364954,0.6786454201635045
0.0,1.0
5.551115123125783e-17,0.9999999999999999
0.1636410685118805,0.8363589314881197
0.6768990645547182,0.32310093544528184
6.617970060851519e-16,0.9999999999999993
3.7968760080442365e-16,0.9999999999999997
0.0,1.0
5.551115123125783e-17,1.0
0.0,1.0
0.11289257481717647,0.8871074251828235
0.1512663773450461,0.8487336226549538
0.0,1.0
0.0,1.0
0.7719833035462645,0.2280166964537357
0.05513466492997679,0.9448653350700232
0.08927267759850878,0.9107273224014912
0.0,1.0
0.0,1.0
8.326672684688674e-17,0.9999999999999999
0.1893329029826244,0.8106670970173756
5.551115123125783e-17,1.0
5.551115123125783e-17,1.0
0.0,1.0
0.054627628924859985,0.9453723710751399
6.938893903907228e-17,1.0
0.0,1.0
0.0,1.0
0.004186792205238987,0.9958132077947609
0.619610573445811,0.38038942655418884
0.045705972135237735,0.9542940278647623
0.06125356253123695,0.9387464374687631
0.0,1.0
0.2591219065408752,0.7408780934591249
4.9873299934333204e-17,1.0
0.35123976278091196,0.6487602372190882
0.25358565311785625,0.7464143468821437
0.15955009026724915,0.8404499097327508
0.26709352307267015,0.73290647692733
5.551115123125783e-17,1.0
2.220446049250313e-16,0.9999999999999998
0.0,1.0
0.07814448713856392,0.9218555128614363
0.4186140448538911,0.5813859551461089
1.3877787807814457e-16,0.9999999999999999
0.0,1.0
0.0,1.0
1.1102230246251565e-16,1.0
0.016934685201083544,0.9830653147442806
1.6653345369377348e-16,0.9999999999999998
0.22092114091161208,0.7790788590883879
0.7652390073304222,0.23476099266957795
6.617970060851519e-16,0.9999999999999993
2.7755575615628914e-17,1.0
0.08315480212620065,0.9168451978737993
1.3877787807814457e-17,0.9999999999999999
0.0,1.0
0.2472408867324382,0.7527591132675618
0.2677883963080412,0.7322116036919588
0.428404242397469,0.571595757602531
0.0,1.0
0.13949216619777885,0.8605078338022213
0.0,1.0
0.0,1.0
0.42784212322996473,0.5721578767700352
0.0,1.0
0.03566093831096799,0.9643390616890318
0.30516537130215843,0.6948346286978416
1.4363510381087963e-15,0.9999999999999986
0.0,1.0
0.0031369719590114806,0.9968630280409886
2.220446049250313e-16,0.9999999999999999
4.440892098500626e-16,0.9999999999999996
0.0,1.0
0.14478157285486884,0.8552184271451313
0.5493480840362366,0.4506519159637635
1.5265566588595902e-16,1.0
0.19294499087873118,0.8070550091212686
0.0,1.0
0.797330518780847,0.20266948121915299
0.01065449214613348,0.9893455078538665
1.6653345369377348e-16,0.9999999999999998
0.0,1.0
0.0,1.0
0.5,0.5
0.4180609818660469,0.5819390181339531
0.0,1.0
0.0,1.0
0.0,1.0
0.20055281459736393,0.7994471854026362
0.17982466254530663,0.8201753374546934
0.29022649448186794,0.7097735055181321
0.1533098527157289,0.8466901472842713
1.1796119636642288e-16,0.9999999999999999
1.1102230246251565e-16,1.0
1.1102230246251565e-16,0.9999999999999999
0.0,1.0
5.551115123125783e-17,1.0
0.007782918558109396,0.9922170814418906
1.3877787807814457e-16,0.9999999999999998
0.2059057937761409,0.7940942062238592
0.0,1.0
2.7755575615628914e-16,0.9999999999999998
0.009167966846134495,0.9908320331538656
0.0,1.0
0.0,1.0
0.0,1.0
5.551115123125783e-17,1.0
0.0,1.0
0.0,1.0
2.498001805406602e-16,0.9999999999999998
0.0,1.0
0.7567549770542289,0.24324502294577108
4.440892098500626e-16,0.9999999999999996
5.551115123125783e-17,1.0
0.1924754738686588,0.8075245261313413
0.017214668692698016,0.9827853313073021
0.08375791100355519,0.916242088996445
0.0,1.0
0.09251468990857266,0.9074853100914274
0.04277544361731588,0.9572245563826843
0.0,1.0
0.0,1.0
0.09434074425841506,0.905659255741585
0.030958558456347787,0.9690414415436521
1.1102230246251565e-16,1.0
0.26602476034728983,0.7339752396527102
1.6653345369377348e-16,0.9999999999999998
0.0,1.0
0.19515807675118613,0.804841923248814
0.340155798082932,0.6598442019170683
0.1610624588690447,0.8389375411309553
0.2327573476764015,0.7672426523235982
2.220446049250313e-16,0.9999999999999998
5.273559366969494e-16,0.9999999999999993
0.6077302150182761,0.39226978498172377
0.12457062344085959,0.8754293765591404
0.06656835159384107,0.9334316484061589
0.0,1.0
3.3306690738754696e-16,0.9999999999999997
0.04178843137880759,0.9582115686211924
0.49821304393597465,0.5017869560640255
0.0,1.0
5.551115123125783e-17,1.0
0.3584369844265877,0.6415630155734124
0.3324268018191993,0.6675731981808006
0.2627650880452358,0.7372349119547641
0.0,1.0
1.1102230246251565e-16,1.0
3.885780586188048e-16,0.9999999999999996
0.0,1.0
0.1547493778561171,0.845250622143883
1.1102230246251565e-16,1.0
2.2898349882893854e-16,0.9999999999999998
5.551115123125783e-17,1.0
0.0,1.0
1.6653345369377348e-16,0.9999999999999998
0.10915455986873762,0.8908454401312623
0.10499363141718676,0.8950063685828131
0.0,1.0
0.00992822588748261,0.9900717741125173
0.0,1.0
0.23067313103336673,0.7693268689666333
1.6653345369377348e-16,0.9999999999999998
0.0,1.0
0.002060550382398952,0.9979394496176012
0.33781227647897416,0.6621877235210258
5.551115123125783e-17,1.0
0.23512737573407352,0.7648726242659265
0.2953675508579578,0.7046324491420421
0.0,1.0
0.16736217564591904,0.832637824354081
0.04528763997069035,0.9547123600293097
0.0,1.0
0.0496472151530347,0.9503527848469653
0.11323259550270386,0.8867674044972962
0.06857977648973902,0.9314202235102611
0.11737596997896128,0.8826240300210386
0.0,1.0
6.938893903907228e-18,0.9999999999999999
5.551115123125783e-17,1.0
0.0,1.0
0.0,1.0
0.0,1.0
0.2621156354881017,0.7378843645118983
0.0,1.0
0.00786878712438389,0.9921312128756161
0.0,1.0
0.06596029598191983,0.9340397040180801
1.942890293094024e-16,0.9999999999999998
0.0,1.0
0.0,1.0
0.2285387486832777,0.7714612513167223
0.0,1.0
0.3094667553499979,0.6905332446500022
1.1102230246251565e-16,1.0
0.14939537285293125,0.8506046271470689
0.0,1.0
3.885780586188048e-16,0.9999999999999996
0.0,1.0
0.0,1.0
0.0177661568000111,0.9822338431999889
5.551115123125783e-17,1.0
0.0,1.0
0.22911992881933563,0.7708800711806644
3.608224830031759e-16,0.9999999999999997
0.4051846590667452,0.5948153409332547
1.1102230246251565e-16,1.0
0.0,1.0
0.0,1.0
1.6653345369377348e-16,1.0
0.0,1.0
2.7755575615628914e-16,0.9999999999999998
0.1742687662137871,0.8257312337862129
0.31468636892766355,0.6853136310723364
3.608224830031759e-16,0.9999999999999996
1.1102230246251565e-16,1.0
0.22246460545616692,0.777535394543833
1.1102230246251565e-16,1.0
1.1102230246251565e-16,1.0
0.0,1.0
0.6960401221686261,0.303959877831374
0.08059840568174363,0.9194015943182563
0.7188096129291792,0.28119038707082084
5.551115123125783e-17,1.0
2.220446049250313e-16,0.9999999999999999
5.551115123125783e-17,1.0
1.6653345369377348e-16,0.9999999999999998
0.3920021150018302,0.6079978849981696
0.6671966553941189,0.3328033446058811
5.273559366969494e-16,0.9999999999999994
5.551115123125783e-17,1.0
0.21995567735359298,0.7800443226464072
5.551115123125783e-17,1.0
1.3877787807814457e-17,1.0
0.029994604735102265,0.9700053952648978
0.06066033434199032,0.9393396656580097
0.4130607874746834,0.5869392125253167
0.0,1.0
5.551115123125783e-17,1.0
0.364555731909166,0.635444268090834
0.32658049391928484,0.6734195060807153
4.718447854656915e-16,0.9999999999999996
0.0,1.0
0.18372445712109792,0.8162755428789021
5.551115123125783e-17,1.0
0.0,1.0
0.0,1.0
5.551115123125783e-17,1.0
0.09161562376044645,0.9083843762395535
0.051657066271903175,0.9483429337280969
0.0,1.0
0.5207021589587928,0.4792978410412072
0.0,1.0
0.0,1.0
0.0466116679361308,0.9533883320638692
0.13065820108880227,0.8693417989111978
0.5523797433660405,0.4476202566339595
0.29014842253013096,0.709851577469869
0.43042856949690567,0.5695714305030944
0.0,1.0
5.551115123125783e-17,0.9999999999999999
5.551115123125783e-17,1.0
1.3877787807814457e-16,0.9999999999999998
0.6266734967393165,0.3733265032606837
0.2989227519462325,0.7010772480537675
0.3447154442834652,0.6552845557165347
0.10288359301190812,0.8971164069880918
0.3630715945017865,0.6369284054982135
7.840950111415168e-16,0.9999999999999992
0.16665706399011634,0.8333429360098836
2.220446049250313e-16,0.9999999999999998
1.1102230246251565e-16,1.0
8.326672684688674e-17,0.9999999999999999
0.5,0.5
1.6653345369377348e-16,1.0
0.0,1.0
0.0,1.0
0.6959979014118511,0.3040020985881489
1.3877787807814457e-16,0.9999999999999998
9.020562075079397e-17,1.0
8.326672684688674e-17,1.0
0.0,1.0
0.0,1.0
0.5001892574131489,0.4998107425868511
1.1102230246251565e-16,0.9999999999999999
1.1102230246251565e-16,1.0
0.3176724609025117,0.6823275390974884
0.0,1.0
0.0,1.0
0.0,1.0
0.0,1.0
0.0,1.0
0.6726279067783248,0.32737209322167504
0.16841066016604486,0.8315893398339552
0.10517442253106166,0.8948255774689385
9.71445146547012e-17,1.0
0.01672111391628326,0.9832788860837168
0.0,1.0
8.673617379884035e-19,0.9999999999999999
1.6653345369377348e-16,1.0
0.153295336788444,0.846704663211556
0.0,1.0
0.0,1.0
0.0,1.0
6.617970060851519e-16,0.9999999999999993
4.163336342344337e-17,1.0
1.942890293094024e-16,0.9999999999999999
0.7104687137075748,0.28953128629242525
0.0,1.0
0.3679804329654479,0.632019567034552
5.551115123125783e-17,1.0
0.3618789836236418,0.6381210163763582
5.273559366969494e-16,0.9999999999999996
0.1756489463339801,0.8243510536660199
0.3587211230651949,0.6412788769348052
0.01719349673471628,0.9828065032652837
5.551115123125783e-17,1.0
0.13475990123474257,0.8652400987652575
1.1102230246251565e-16,0.9999999999999999
4.163336342344337e-16,0.9999999999999998
5.551115123125783e-17,1.0
5.551115123125783e-17,1.0
1.6653345369377348e-16,0.9999999999999998
0.6043851682020852,0.3956148317979149
0.4886626815473093,0.5113373184526906
0.0,1.0
0.0,0.9999999999999999
0.10190465614378623,0.8980953438562137
1.1102230246251565e-16,1.0
0.0,1.0
0.0,1.0
5.689893001203927e-16,0.9999999999999994
0.0,1.0
0.39053064599745047,0.6094693540025496
0.2509690587119403,0.7490309412880597
0.40414744639856454,0.5958525536014354
0.37469927880775944,0.6253007211922406
0.0,1.0
0.18746831414986098,0.8125316858501391
1.1102230246251565e-16,0.9999999999999999
5.551115123125783e-17,1.0
0.32784244385962436,0.6721575561403754
0.0,1.0
0.5077894775570547,0.4922105224429452
0.0,1.0
0.2408647023379342,0.7591352976620659
3.3306690738754696e-16,0.9999999999999998
0.0,1.0
0.42389601188079173,0.5761039881192084
0.15235745103005613,0.847642548969944
3.3306690738754696e-16,0.9999999999999998
0.05500412784350003,0.9449958720072832
0.1398833200516743,0.8601166799483257
0.3523095382611761,0.6476904617388238
0.0,1.0
0.019709435168717884,0.9802905648312822
0.0,1.0
5.551115123125783e-17,0.9999999999999999
5.551115123125783e-17,1.0
0.0,1.0
0.03146840755160453,0.9685315924483955
8.326672684688674e-17,1.0
1.1102230246251565e-16,1.0
0.3729864649644105,0.6270135350355895
5.551115123125783e-17,1.0
0.0,1.0
0.2704133444641354,0.7295866555358645
0.0,1.0
0.0,1.0
0.0,1.0
1.2836953722228372e-16,1.0
0.3085119542337825,0.6914880457662174
0.6644015912939182,0.33559840870608165
0.0,1.0
2.220446049250313e-16,0.9999999999999999
0.050908675082315884,0.949091324917684
1.1102230246251565e-16,0.9999999999999999
2.7755575615628914e-17,0.9999999999999999
0.0,1.0
0.7703204136248749,0.229679586375125
0.18904712051135947,0.8109528794886406
0.0,1.0
0.0,1.0
0.0,1.0
6.661338147750939e-16,0.9999999999999993
0.0,1.0
0.0,1.0
0.03095709711923308,0.969042902880767
2.7755575615628914e-17,1.0
0.0,1.0
2.220446049250313e-16,0.9999999999999999
0.0,1.0
0.0,1.0
0.0,1.0
0.0,1.0
0.0,1.0
0.24399731966221103,0.7560026803377891
0.0,1.0
0.0,1.0
0.35159584838706703,0.6484041516129331
0.059791706375973495,0.9402082936240265
0.051649127786176974,0.9483508722138231
2.3592239273284576e-16,0.9999999999999999
0.0,1.0
0.41628886366036094,0.5837111363396391
1.1102230246251565e-16,1.0
0.41056007664148225,0.5894399233585178
6.938893903907228e-17,1.0
1.3877787807814457e-16,0.9999999999999999
8.326672684688674e-17,1.0
5.551115123125783e-17,1.0
0.22885916957816388,0.7711408304218362
1.3877787807814457e-16,1.0
9.43689570931383e-16,0.9999999999999991
0.36651211563653835,0.6334878843634616
1.6653345369377348e-16,0.9999999999999998
1.6653345369377348e-16,0.9999999999999999
0.3519527297360781,0.648047270263922
0.0,1.0
0.0,1.0
0.2744460343200235,0.7255539656799764
0.0,1.0
0.42664223076448465,0.5733577692355154
1.1102230246251565e-16,0.9999999999999999
0.0,1.0
0.1819308668765887,0.8180691331234115
8.326672684688674e-17,1.0
0.0,1.0
0.0,1.0
0.8659242994406833,0.13407570055931667
0.0,1.0
0.13474172170095142,0.8652582782990486
5.551115123125783e-17,1.0
0.16704293461920255,0.8329570653807974
5.551115123125783e-17,1.0
0.0,1.0
0.2715084774117057,0.7284915225882944
0.15762289813399755,0.8423771018660023
1.0408340855860843e-17,1.0
0.0,1.0
1.6653345369377348e-16,0.9999999999999999
0.0,1.0
0.0,1.0
0.0,1.0
0.7153449830105303,0.2846550169894697
0.08799973072203406,0.9120002692779658
0.28604051537745684,0.7139594846225433
0.0,1.0
0.19820387478413468,0.8017961252158653
0.29708682822411653,0.7029131717758834
2.7755575615628914e-17,1.0
0.0,1.0
1.1102230246251565e-16,1.0
2.7755575615628914e-16,0.9999999999999998
0.3049131347124426,0.6950868652875576
0.021208811869447706,0.9787911881305522
0.20998122125817992,0.7900187784369329
0.22537042752250053,0.7746295724774995
2.220446049250313e-16,0.9999999999999998
0.5813477649806608,0.41865223501933924
2.1510571102112408e-16,0.9999999999999998
2.7755575615628914e-17,1.0
0.0,1.0
0.14996327351504352,0.8500367264849565
1.6653345369377348e-16,1.0
0.05036237087377362,0.9496376291262264
4.163336342344337e-16,0.9999999999999997
0.0,1.0
0.0769900671901252,0.9230099328098749
0.4034317274173629,0.5965682725826371
1.1102230246251565e-16,0.9999999999999999
2.7755575615628914e-16,0.9999999999999998
5.551115123125783e-17,1.0
0.0,1.0
0.0,1.0
0.0,1.0
8.326672684688674e-17,1.0
0.0,1.0
0.29358596698871575,0.7064140330112844
0.29607549283370627,0.7039245071662937
0.24637578268459145,0.7536242173154083
0.0,1.0
0.3121464628285247,0.6878535371714752
2.7755575615628914e-16,0.9999999999999998
0.0,1.0
0.515028779608434,0.484971220391566
1.1102230246251565e-16,1.0
4.163336342344337e-17,1.0
0.0,1.0
1.1102230246251565e-16,0.9999999999999998
1.1102230246251565e-16,0.9999999999999999
5.551115123125783e-17,0.9999999999999998
1.1102230246251565e-16,0.9999999999999999
0.4504930023216837,0.5495069976783163
0.0,1.0
0.0,1.0
1.1102230246251565e-16,0.9999999999999999
0.0,1.0
5.551115123125783e-17,1.0
0.48862010767219455,0.5113798923278055
0.4140745195435284,0.5859254804564716
0.0,1.0
0.0,1.0
0.0,1.0
0.1674352828937272,0.8325647171062728
0.0,1.0
0.2534827791334401,0.7465172208665601
0.3233616414867107,0.6766383585132892
0.7666055066987354,0.23339449330126444
0.24773879792420772,0.7522612020757923
8.326672684688674e-17,1.0
0.27347104819494666,0.7265289518050534
5.551115123125783e-17,1.0
0.2558134799604265,0.7441865200395734
0.0,1.0
0.0,1.0
0.24488832866140742,0.7551116713385926
0.0,1.0
0.12272118671543608,0.877278813284564
0.0,1.0
5.551115123125783e-17,1.0
0.017595821555667204,0.9824041784443328
0.0,1.0
0.0,1.0
8.326672684688674e-17,0.9999999999999999
0.18933331281951493,0.8106666871804852
5.273559366969494e-16,0.9999999999999996
8.326672684688674e-17,1.0
5.273559366969494e-16,0.9999999999999996
0.0,1.0
0.39416264128573053,0.6058373587142694
0.05407537711230455,0.9459246228876954
5.93275428784068e-16,0.9999999999999994
0.02795974883296648,0.9720402511670335
0.0,1.0
0.24039394194749283,0.7596060580525071
2.7755575615628914e-17,1.0
0.5239667385054201,0.4760332614945801
0.07840659850930433,0.9215934014906957
0.0,0.9999999999999999
0.0,1.0
0.0,1.0
4.3021142204224816e-16,0.9999999999999996
0.0,1.0
0.36397071984530266,0.6360292801546973
0.0,1.0
0.3969918654638211,0.603008134536179
0.0,1.0
0.05373380650318683,0.9462661934968132
0.0,1.0
0.4391697478765333,0.5608302521234668
0.20254068088751484,0.7974593191124852
0.0,1.0
0.0,1.0
0.0,1.0
0.0,1.0
0.07422825540038358,0.9257717445996164
0.0,1.0
0.0,1.0
0.4185922783968403,0.5814077216031597
2.7755575615628914e-17,1.0
0.0,1.0
5.551115123125783e-17,1.0
0.0,1.0
0.6763772813959371,0.3236227186040629
1.6653345369377348e-16,1.0
0.20650640889810432,0.7934935911018958
0.5,0.5
0.0,1.0
1.6653345369377348e-16,0.9999999999999999
0.14175864988097642,0.8582413501190237
1.6653345369377348e-16,1.0
0.30501689676662774,0.6949831032333722
1.942890293094024e-16,0.9999999999999999
0.5,0.5
0.43431085673456454,0.5656891432654355
0.0,1.0
0.23078416772311647,0.7692158322768834
5.551115123125783e-17,0.9999999999999999
0.0,1.0
1.1102230246251565e-16,1.0
1.942890293094024e-16,0.9999999999999998
0.7828588212758938,0.21714117872410618
0.03809052656636973,0.9619094734336302
0.0,1.0
0.0,1.0
0.8088522594134199,0.19114774058658013
2.7755575615628914e-17,1.0
0.6531487024498699,0.34685129755013006
0.0,1.0
0.7445452875443557,0.2554547124556443
0.1145526943128202,0.8854473056871798
5.065392549852277e-16,0.9999999999999996
2.7755575615628914e-17,1.0
0.0,1.0
0.028348262057096476,0.9716517379429035
1.491862189340054e-16,0.9999999999999999
0.0,1.0
0.0,1.0
1.1102230246251565e-16,0.9999999999999999
8.326672684688674e-17,1.0
6.106226635438361e-16,0.9999999999999994
1.1102230246251565e-16,0.9999999999999999
5.551115123125783e-17,1.0
0.19737607408874105,0.8026239259112591
0.0,1.0
0.5625469843493172,0.43745301565068273
0.25498130954599196,0.745018690454008
0.35255937353889616,0.6474406264611039
0.4404472034384923,0.5595527965615078
0.6555245131254196,0.3444754868745804
0.23993575457619354,0.7600642454238066
0.0,1.0
1.3877787807814457e-16,0.9999999999999999
2.6020852139652106e-17,1.0
0.6683424656133604,0.33165753438663975
0.16058883866470794,0.839411161335292
3.3306690738754696e-16,0.9999999999999998
0.0,1.0
0.20542256618863375,0.7945774338113664
0.0,1.0
0.017209059271522605,0.9827909407284774
9.71445146547012e-17,0.9999999999999999
1.1518563880486e-15,0.9999999999999989
0.0,1.0
0.7474770468096821,0.25252295319031787
5.551115123125783e-17,1.0
0.0,1.0
1.3877787807814457e-16,0.9999999999999999
0.0,1.0
0.0,1.0
0.01051442412515321,0.9894855758748469
5.551115123125783e-17,1.0
0.3800390735555211,0.619960926444479
5.551115123125783e-17,1.0
2.7755575615628914e-16,0.9999999999999998
0.0,1.0
5.551115123125783e-17,1.0
3.885780586188048e-16,0.9999999999999997
0.0,1.0
0.39519321240316996,0.60480678759683
0.0,1.0
0.17415431921951655,0.8258456807804834
0.0,1.0
6.106226635438361e-16,0.9999999999999996
0.09455088598737561,0.9054491140126243
0.40020235308117313,0.5997976469188269
0.16098197211912132,0.8390180278808786
0.5862891319966481,0.4137108680033518
0.0,1.0
0.0,1.0
0.08785861275829689,0.9121413872417031
0.44277700258898134,0.5572229974110187
0.14508068851970804,0.854919311480292
0.0,1.0
7.632783294297951e-17,0.9999999999999999
5.551115123125783e-17,1.0
0.0,1.0
0.0,1.0
0.5710906077721462,0.42890939222785374
0.1030669549105255,0.8969330450894745
0.0,1.0
0.0,1.0
1.1102230246251565e-16,1.0
0.5377124537999873,0.4622875462000128
1.3877787807814457e-17,1.0
0.0,1.0
1.1102230246251565e-16,1.0
0.0,1.0
0.06098611318771857,0.9390138868122814
0.0,1.0
0.38966007931370295,0.6103399206862972
0.0,1.0
0.17844132468066776,0.8215586753193324
0.8120111705571271,0.18798882944287296
0.0,1.0
0.7055573630329415,0.2944426369670588
2.7755575615628914e-17,1.0
0.0,1.0
0.47855674591848385,0.521443254081516
0.0,1.0
0.17995389191014144,0.8200461080898587
0.31631151613839165,0.6836884838616083
0.4426055748680166,0.5573944251319835
0.0,1.0
0.0,1.0
0.15229185472069154,0.8477081452793084
0.3807322170415968,0.619267782958403
0.028867959602474166,0.9711320403975258
0.2860951779287385,0.7139048220712616
5.273559366969494e-16,0.9999999999999994
2.7755575615628914e-16,0.9999999999999998
0.17956488197681036,0.8204351180231897
0.0,1.0
1.3877787807814457e-17,1.0
0.0,1.0
0.09079063948148013,0.9092093605185199
0.0,1.0
2.7755575615628914e-17,1.0
0.1609997559098354,0.8390002440901647
0.0,1.0
0.11714981769953134,0.8828501823004686
2.220446049250313e-16,0.9999999999999998
0.0,1.0
0.329476462524731,0.670523537475269
8.326672684688674e-17,0.9999999999999999
0.0,1.0
0.04857142419993161,0.9514285758000685
0.391971552082629,0.6080284479173709
5.551115123125783e-17,0.9999999999999999
0.4316134036750298,0.56838659632497
0.13206031722266579,0.8679396827773344
0.29200061121744103,0.707999388782559
0.0,1.0
0.0,1.0
0.6665338376067794,0.3334661623932207
0.0,1.0
0.2771286980690963,0.7228713019309037
0.04247539042242325,0.9575246094877401
0.0,1.0
5.551115123125783e-17,1.0
0.6612778876828869,0.3387221123171132
0.0,1.0
0.0,1.0
1.1102230246251565e-16,1.0
0.05997899710944185,0.9400210028905582
0.0,1.0
0.23347862214037135,0.7665213778596288
0.6016138883017892,0.3983861116982107
0.0,1.0
0.0,1.0
0.0,1.0
0.0,1.0
0.0,1.0
0.0,1.0
1.6653345369377348e-16,0.9999999999999999
0.5565212294263772,0.44347877057362284
6.938893903907228e-17,1.0
0.25695474876442725,0.7430452512355727
0.1181535428406449,0.8818464571593551
0.31688770599033794,0.6831122940096619
0.0,1.0
0.0,1.0
2.220446049250313e-16,0.9999999999999999
0.0,1.0
0.0,1.0
0.608978330253792,0.3910216697462081
4.163336342344337e-16,0.9999999999999997
0.11585724453047476,0.8841427554695254
0.14406846608783413,0.8559315339121658
6.262351748276274e-16,0.9999999999999993
6.245004513516506e-17,0.9999999999999999
0.33622091438257234,0.6637790856174277
0.0,1.0
0.0,1.0
0.0,1.0
1.1102230246251565e-16,0.9999999999999999
0.27041551661362756,0.7295844833863725
0.0,1.0
1.1102230246251565e-16,1.0
0.0015875357695253778,0.9984124642304746
0.0,1.0
1.734723475976807e-16,0.9999999999999999
0.5946588988366306,0.40534110116336947
0.0,1.0
0.1347884913301964,0.8652115086698037
0.21666452341905515,0.7833354765809449
0.054051086296205315,0.9459489137037945
0.05266437823803406,0.9473356217619661
5.551115123125783e-17,1.0
5.273559366969494e-16,0.9999999999999994
0.7088950757289466,0.29110492427105333
0.5082789777257829,0.4917210222742172
5.551115123125783e-17,1.0
0.0,1.0
0.0,1.0
0.16520959883928205,0.8347904011607179
0.0,1.0
0.0,0.9999999999999999
5.551115123125783e-17,1.0
1.6653345369377348e-16,0.9999999999999998
1.1102230246251565e-16,1.0
0.0,1.0
0.14763048455063646,0.8523695151450924
0.0,1.0
3.0531133177191805e-16,0.9999999999999998
0.04460714084312283,0.9553928591568772
0.0,1.0
0.21903009044165958,0.7809699095583404
0.3920011700845313,0.6079988299154687
0.19411218378427983,0.8058878162157203
0.0,1.0
0.0,1.0
0.09985579270869505,0.900144207291305
3.608224830031759e-16,0.9999999999999997
2.7755575615628914e-17,1.0
0.04374873986631618,0.956251260133684
0.0,1.0
0.0,1.0
0.0,1.0
0.0,1.0
0.3769107947059844,0.6230892052940156
0.6216208907843669,0.37837910921563317
0.0,1.0
0.0,1.0
0.0,1.0
0.6621744621789719,0.33782553782102803
1.3877787807814457e-16,1.0
0.15983377291706227,0.8401662270829376
0.18819278942965345,0.8118072105703467
0.12548911206762037,0.8745108879323796
2.7755575615628914e-17,1.0
0.17240597415502595,0.827594025844974
0.14362647048740357,0.8563735295125966
0.0,1.0
0.0,1.0
0.18744479443529563,0.8125552055647044
0.17677400205040872,0.8232259979495913
1.6653345369377348e-16,0.9999999999999999
0.39200970050911754,0.6079902994908825
0.0,1.0
0.0,1.0
1.5265566588595902e-16,0.9999999999999999
1.6653345369377348e-16,1.0
5.551115123125783e-17,1.0
0.43180056978262804,0.568199430217372
0.0,1.0
0.08375850710739619,0.916241492733125
6.938893903907228e-18,1.0
3.2959746043559335e-16,0.9999999999999997
0.0,1.0
0.06522419766788429,0.9347758023321159
0.2715716493133939,0.7284283506866062
0.0,1.0
0.0,1.0
0.26080043165581546,0.7391995683441845
0.36968290219347033,0.6303170978065296
0.0,1.0
2.498001805406602e-16,0.9999999999999999
0.1832601022378992,0.8167398977621009
0.536986796551818,0.46301320344818186
3.885780586188048e-16,0.9999999999999997
0.2413668884640714,0.7586331115359286
0.0,1.0
5.551115123125783e-17,1.0
0.46826183795928955,0.5317381620407104
1.0408340855860843e-16,1.0
0.0,1.0
0.0,1.0
0.0,1.0
9.71445146547012e-17,1.0
8.326672684688674e-17,1.0
0.0,1.0
0.0,1.0
0.0343467637880284,0.9656532362119717
0.0,1.0
0.0,1.0
5.551115123125783e-17,1.0
5.551115123125783e-17,1.0
0.0,1.0
0.3670685798854658,0.6329314201145342
0.5,0.5
5.551115123125783e-17,1.0
1.942890293094024e-16,0.9999999999999998
0.0,1.0
0.0,0.9999999999999999
0.014556623288653717,0.9854433767113463
9.71445146547012e-17,1.0
0.43216178911424763,0.5678382108857524
0.0,1.0
0.0,1.0
3.2959746043559335e-16,0.9999999999999997
2.7755575615628914e-17,1.0
0.26710185234920947,0.7328981476507905
0.4625281581873353,0.5374718418126647
0.0,1.0
0.0,1.0
0.005428661198263972,0.9945713388017361
0.02636687065201158,0.9736331293479885
0.40220790587115457,0.5977920941288453
0.0,1.0
1.1102230246251565e-16,1.0
0.27898893025622384,0.7210110697437759
0.3278574991278464,0.6721425008721535
1.1102230246251565e-16,1.0
0.5115319943653325,0.48846800563466747
0.0,1.0
0.3746430881602636,0.6253569118397365
0.12306997589849385,0.8769300241015062
0.6714299153514897,0.3285700846485105
5.551115123125783e-17,1.0
0.38695838832323365,0.6130416116767665
2.7755575615628914e-17,1.0
0.0,1.0
1.6653345369377348e-16,1.0
1.6653345369377348e-16,1.0
0.0,1.0
2.7755575615628914e-17,1.0
0.0,1.0
5.551115123125783e-17,1.0
0.0,1.0
0.0,1.0
6.245004513516506e-17,0.9999999999999999
0.04317786142757689,0.9568221385724233
0.0,1.0
0.0,1.0
0.08425751110336566,0.9157424888966345
0.021922698762452484,0.9780773013079045
0.0,1.0
0.4302856789820625,0.5697143210179375
0.0,1.0
0.27786240770594683,0.722137592294053
0.7732746157813429,0.2267253842186573
5.551115123125783e-17,1.0
0.03863884252361266,0.9613611574763874
0.15604208831668046,0.8439579116833196
6.106226635438361e-16,0.9999999999999994
0.10428969027207241,0.8957103097279276
0.4221422895731935,0.5778577104268066
0.18749083712054565,0.8125091628794545
5.551115123125783e-17,1.0
0.152808460530445,0.847191539469555
0.3627099018456171,0.637290098154383
0.07413500213931896,0.925864997860681
0.18296071091946162,0.8170392890805385
0.3272182433185652,0.6727817566814349
0.0,1.0
0.0,1.0
5.551115123125783e-17,1.0
2.220446049250313e-16,0.9999999999999999
0.12479284100624392,0.8752071584772667
0.0,1.0
0.0,1.0
1.1102230246251565e-16,1.0
0.18384972499441668,0.8161502750055832
0.7809786314203016,0.21902136857969853
0.3919801918951787,0.6080198081048214
0.6903957804338787,0.3096042195661211
5.065392549852277e-16,0.9999999999999996
0.24619256289990307,0.7538074371000969
0.44066930934786797,0.559330690652132
5.715913853343579e-16,0.9999999999999996
0.1493025840531631,0.8506974159468368
1.6653345369377348e-16,0.9999999999999999
0.4616453768375827,0.5383546231624173
5.551115123125783e-17,1.0
2.1163626406917047e-16,0.9999999999999999
5.551115123125783e-17,1.0
1.6653345369377348e-16,0.9999999999999998
0.0,1.0
0.0,1.0
0.3920080845230511,0.6079919154769489
0.21904690979197586,0.7809530902080242
0.23139784580860354,0.7686021541913964
0.7145346417765627,0.2854653582234374
0.6284203370740484,0.37157966292595157
1.6653345369377348e-16,0.9999999999999998
1.6653345369377348e-16,0.9999999999999998
1.1102230246251565e-16,1.0
0.7336601311515007,0.2663398688484995
0.0,1.0
0.0,1.0
0.0,1.0
0.11828286375212384,0.8817171362478762
0.0,1.0
0.0,1.0
0.4065151116837504,0.5934848883162497
0.30785048495210143,0.6921495150478986
0.0,1.0
0.0,1.0
5.93275428784068e-16,0.9999999999999994
0.0034868825718142944,0.9965131174281857
0.2171101849612528,0.7828898150387472
0.33302098273077735,0.6669790172692226
0.10924826690876341,0.8907517330912367
0.0,1.0
0.0,1.0
0.08594189254431331,0.9140581074556867
0.09312651829127765,0.9068734817087223
1.1102230246251565e-16,1.0
0.4328956528441633,0.5671043471558367
0.39005797417981275,0.6099420258201873
6.106226635438361e-16,0.9999999999999994
0.001553873386789698,0.9984461266132103
1.3877787807814457e-17,1.0
0.0,1.0
5.715913853343579e-16,0.9999999999999996
0.20570475441883895,0.794295245581161
5.551115123125783e-17,1.0
0.4595111647256678,0.5404888352743323
0.0,1.0
0.0,1.0
1.6653345369377348e-16,0.9999999999999998
0.33739664954669285,0.6626033504533072
0.020916295153537143,0.9790837048464628
1.1102230246251565e-16,1.0
8.326672684688674e-17,0.9999999999999999
0.0,1.0
0.0,1.0
0.3114235089619975,0.6885764910380026
0.10486094381951704,0.895139056180483
0.0,1.0
1.1102230246251565e-16,0.9999999999999999
0.3775494378257983,0.6224505621742016
1.6653345369377348e-16,0.9999999999999999
0.0,1.0
0.2113951838977662,0.7886048161022338
0.0,1.0
0.0,1.0
0.0,1.0
9.43689570931383e-16,0.9999999999999991
0.45671820684217734,0.5432817931578227
0.021990209783586265,0.9780097902164138
0.0,1.0
1.942890293094024e-16,0.9999999999999998
0.02242752231649598,0.9775724776835042
2.220446049250313e-16,0.9999999999999998
0.0,1.0
0.275319528070002,0.7246804719299978
0.0,1.0
0.0,1.0
0.0,1.0
0.0,1.0
0.0,1.0
5.551115123125783e-17,1.0
6.661338147750939e-16,0.9999999999999993
3.0531133177191805e-16,0.9999999999999998
0.022795016869564377,0.9772049831304357
0.23116097326051113,0.7688390267394888
0.7190560888572123,0.2809439111427878
1.1102230246251565e-16,0.9999999999999998
6.938893903907228e-17,1.0
0.10635108475176017,0.8936489152482399
2.7755575615628914e-16,0.9999999999999998
0.08326836141013848,0.9167316385898615
0.26279863891705735,0.7372013610829427
0.10172761676498085,0.8982723832350191
0.0,1.0
0.16610115963878874,0.8338988403612113
0.0,1.0
0.47017367262479676,0.5298263273752031
0.05602308914715537,0.9439769108528447
2.914335439641036e-16,0.9999999999999997
5.551115123125783e-17,1.0
0.1304347941714154,0.8695652058285847
1.1102230246251565e-16,1.0
2.914335439641036e-16,0.9999999999999997
0.0,1.0
0.212915465174695,0.7870845348253049
0.08860038514762006,0.9113996147223112
0.0,1.0
0.009546653847285213,0.9904533461527147
0.19506513014469432,0.8049348698553057
0.0,1.0
0.05995499592218679,0.9400450040778133
0.0,1.0
1.1102230246251565e-16,1.0
0.0,1.0
3.191891195797325e-16,0.9999999999999998
0.5,0.5
0.8089152042747104,0.1910847957252896
0.19800502236469733,0.8019949776353026
0.009425226405324744,0.9905747735946753
0.06273633661311762,0.9372636633868824
0.13631273579051728,0.8636872642094828
0.36837525625430373,0.6316247437456963
8.326672684688674e-17,1.0
0.0,1.0
0.21202437538521615,0.7879756246147839
5.551115123125783e-17,1.0
0.7765479158175668,0.2234520841824335
0.0,1.0
0.42693966597167243,0.5730603340283276
0.5271075757988314,0.47289242420116867
1.6653345369377348e-16,0.9999999999999999
0.14875647831545916,0.8512435216845408
1.6653345369377348e-16,0.9999999999999999
8.326672684688674e-17,0.9999999999999999
0.0,1.0
2.7755575615628914e-16,0.9999999999999998
0.019253090879229908,0.98074690912077
1.1102230246251565e-16,1.0
2.7755575615628914e-17,1.0
0.23670099088412724,0.7632990091158728
0.05966035054394701,0.9403396494560529
0.0,1.0
0.4782419251923852,0.5217580748076147
0.0,1.0
3.885780586188048e-16,0.9999999999999996
2.220446049250313e-16,0.9999999999999998
0.7191795763636148,0.2808204236363852
2.7755575615628914e-17,1.0
0.5795499944198247,0.42045000558017526
0.3917778051963398,0.6082221948036601
1.1102230246251565e-16,0.9999999999999999
1.6653345369377348e-16,0.9999999999999999
0.0,1.0
0.21703187695149856,0.7829681230485016
0.0,1.0
3.608224830031759e-16,0.9999999999999997
0.08097273932398798,0.9190272606760119
0.0,1.0
8.326672684688674e-17,1.0
2.498001805406602e-16,0.9999999999999998
0.0,1.0
0.0,1.0
4.926614671774132e-16,0.9999999999999996
0.051663649033762256,0.9483363509662378
3.469446951953614e-16,0.9999999999999998
3.0531133177191805e-16,0.9999999999999997
0.12792918343534965,0.8720708165646505
0.0,1.0
0.34405049963620266,0.6559495003637974
5.551115123125783e-16,0.9999999999999996
0.0,1.0
0.1799904089012568,0.8200095910987432
5.724587470723463e-17,0.9999999999999999
0.0,1.0
0.7283438718541464,0.27165612814585355
0.03782387145012623,0.9621761285498739
0.31699286470892396,0.6830071352910762
0.0,1.0
0.17690719411309477,0.8230928058869053
0.0,1.0
0.09709912619787732,0.9029008738021228
1.3877787807814457e-16,0.9999999999999999
0.0,1.0
0.007747616668615326,0.9922523833313848
0.0,1.0
1.1102230246251565e-16,1.0
0.0,1.0
0.13035798111282468,0.8696420188871752
5.551115123125783e-17,1.0
1.1102230246251565e-16,0.9999999999999999
0.13477203126080534,0.8652279687391947
0.4990513925536195,0.5009486074463806
0.5,0.5
5.551115123125783e-17,1.0
0.0,1.0
0.0,1.0
0.0,1.0
0.0,1.0
4.163336342344337e-17,1.0
0.0,1.0
0.0,1.0
0.07557206084833067,0.9244279391516694
0.07460793086077468,0.9253920691392253
0.24468810469435803,0.7553118953056419
0.0,1.0
5.551115123125783e-17,1.0
0.0,1.0
1.6653345369377348e-16,0.9999999999999999
0.2182879828751097,0.7817120171248902
3.885780586188048e-16,0.9999999999999997
0.6873202328142953,0.3126797671857047
0.0,1.0
0.0,1.0
1.0824674490095276e-15,0.9999999999999991
1.1102230246251565e-16,0.9999999999999999
0.04661014976123848,0.9533898502387614
5.93275428784068e-16,0.9999999999999994
5.273559366969494e-16,0.9999999999999994
3.3306690738754696e-16,0.9999999999999998
0.0,1.0
0.0,1.0
0.366280809661807,0.6337191903381928
0.3800995681120759,0.6199004318879241
0.0,1.0
0.6020823454579274,0.39791765454207245
0.0,1.0
0.014612348964757722,0.9853876510352423
2.220446049250313e-16,0.9999999999999998
6.938893903907228e-18,1.0
0.0,1.0
3.608224830031759e-16,0.9999999999999997
2.7755575615628914e-17,1.0
0.0,1.0
1.6653345369377348e-16,0.9999999999999998
0.35607965083520776,0.6439203491647925
5.551115123125783e-17,1.0
0.2542698506036606,0.7457301493963393
0.6960440305646184,0.3039559694353817
0.5,0.5
0.0,1.0
0.13077907389771176,0.8692209261022882
6.938893903907228e-18,1.0
0.0,1.0
0.0,1.0
0.09940511746962702,0.900594882530373
0.19824387580932054,0.8017561241906795
0.20362017269550625,0.7963798273044937
0.2971254859959755,0.7028745140040245
0.0,1.0
5.551115123125783e-17,0.9999999999999999
0.0,1.0
1.3877787807814457e-16,0.9999999999999999
0.37141173957776025,0.6285882604222398
0.0,1.0
0.0,1.0
2.220446049250313e-16,0.9999999999999998
5.551115123125783e-17,1.0
1.6653345369377348e-16,0.9999999999999998
0.0,1.0
0.0,1.0
1.1102230246251565e-16,0.9999999999999999
0.26342249661308204,0.736577503386918
7.216449660063518e-16,0.9999999999999993
0.0,1.0
0.0,1.0
0.0,1.0
0.6352008988089236,0.36479910119107645
0.465786091058195,0.534213908941805
0.0,1.0
0.30449556623156865,0.6955044337684313
0.051366152814829466,0.9486338471851705
0.0,1.0
0.16341360282770112,0.8365863971722988
0.0,1.0
1.6653345369377348e-16,1.0
0.0,1.0
0.0,1.0
1.6653345369377348e-16,0.9999999999999999
0.0,1.0
4.85722573273506e-16,0.9999999999999996
5.551115123125783e-17,1.0
0.31695286835885667,0.6830471316411435
0.0,1.0
0.07822513941694732,0.9217748605830528
0.5946817159816159,0.4053182840183841
0.6306778717816754,0.36932212821832466
0.10248022040551252,0.8975197795944874
0.018873636274979573,0.9811263637250205
0.3988254221379852,0.6011745778620146
2.0990154059319366e-16,0.9999999999999999
0.5648093920518469,0.43519060794815323
1.3877787807814457e-16,0.9999999999999999
5.898059818321144e-17,0.9999999999999999
0.0,1.0
0.34785635310447616,0.652143646895524
0.07338742916856587,0.9266125708314342
0.1081629207581684,0.8918370792418316
0.18158509816394788,0.8184149018360521
0.0,1.0
0.23471150572655383,0.7652884942734461
2.7755575615628914e-16,0.9999999999999998
2.7755575615628914e-17,1.0
0.43723875789124905,0.5627612421087509
5.551115123125783e-17,1.0
2.220446049250313e-16,0.9999999999999998
0.28541484118196275,0.7145851588180373
0.0,1.0
1.3877787807814457e-17,1.0
0.0,1.0
0.0,1.0
0.0,1.0
2.3592239273284576e-16,0.9999999999999998
5.551115123125783e-17,1.0
5.551115123125783e-17,1.0
0.0,1.0
0.4932500120504211,0.5067499879495789
1.1275702593849246e-16,0.9999999999999998
4.861562541425002e-16,0.9999999999999994
0.05417348740523022,0.9458265125947699
0.3265571728366538,0.6734428271633461
1.1102230246251565e-16,1.0
2.220446049250313e-16,0.9999999999999998
0.0,1.0
3.608224830031759e-16,0.9999999999999997
0.0,1.0
8.326672684688674e-17,1.0
0.0070374520346878685,0.9929625479653122
0.0,1.0
0.4752791390224619,0.524720860977538
4.163336342344337e-16,0.9999999999999996
1.3877787807814457e-16,0.9999999999999999
0.2400199052533153,0.7599800947466847
0.034682311125235,0.9653176888747651
0.0,1.0
0.0,1.0
0.0,1.0
1.1102230246251565e-16,1.0
2.220446049250313e-16,0.9999999999999998
0.450846110830424,0.5491538891695762
0.43028565918083284,0.5697143408191672
0.38535388295764267,0.6146461170423575
1.5265566588595902e-16,1.0
5.551115123125783e-17,1.0
0.09837785074978425,0.9016221492502158
0.0,1.0
0.10394046179896677,0.8960595382010331
6.938893903907228e-18,1.0
0.18878682831498023,0.8112131716850198
1.6653345369377348e-16,0.9999999999999998
2.220446049250313e-16,0.9999999999999999
1.8735013540549517e-16,0.9999999999999999
0.0,0.9999999999999999
0.0,1.0
0.0,1.0
0.11028329333540296,0.8897167066645969
1.3877787807814457e-16,0.9999999999999999
0.6724360827714085,0.3275639172285917
0.0,1.0
0.0,1.0
0.0,1.0
5.551115123125783e-17,1.0
0.08765523379956938,0.9123447662004306
8.326672684688674e-17,1.0
0.163860085683226,0.836139914316774
1.1102230246251565e-16,1.0
0.0,1.0
1.1796119636642288e-16,1.0
0.0,1.0
2.7755575615628914e-16,0.9999999999999998
0.0,1.0
1.0044048925905713e-15,0.999999999999999
0.3463494683808715,0.6536505316191288
1.6653345369377348e-16,0.9999999999999998
0.16713671803831862,0.8328632819616815
2.7755575615628914e-17,1.0
1.1102230246251565e-16,1.0
0.0,1.0
0.0,1.0
0.03533718093326748,0.9646628190667325
0.0,1.0
1.6653345369377348e-16,0.9999999999999998
3.3306690738754696e-16,0.9999999999999997
1.3877787807814457e-16,0.9999999999999998
0.0,1.0
0.0,1.0
1.1102230246251565e-16,1.0
1.6653345369377348e-16,0.9999999999999999
0.02883275986945497,0.971167240130545
0.7056131746715075,0.2943868253284925
0.3920108729908265,0.6079891270091736
0.24428678864421952,0.7557132113557805
2.7755575615628914e-16,0.9999999999999998
0.5494229594860088,0.45057704051399133
0.08777940738946166,0.9122205926105383
2.7755575615628914e-16,0.9999999999999998
0.0,1.0
4.163336342344337e-16,0.9999999999999996
0.017902870459789867,0.9820971295402101
0.4528011010774141,0.5471988989225859
5.551115123125783e-17,1.0
1.1102230246251565e-16,1.0
3.0531133177191805e-16,0.9999999999999998
0.19040333797428022,0.8095966620257197
0.42069224620158646,0.5793077537984135
5.551115123125783e-17,1.0
0.019226007473495992,0.9807739924797062
5.551115123125783e-17,1.0
7.494005416219807e-16,0.9999999999999992
9.71445146547012e-17,1.0
0.0,1.0
1.491862189340054e-16,0.9999999999999999
5.551115123125783e-17,1.0
1.6653345369377348e-16,0.9999999999999998
0.0,1.0
0.44420746530369254,0.5557925346963075
0.0,1.0
0.16908422680017893,0.830915773199821
0.5,0.5
0.0,1.0
2.7755575615628914e-17,1.0
1.1102230246251565e-16,1.0
0.01752887747717401,0.9824711225228261
0.0,1.0
0.29681705441854045,0.7031829455814597
3.608224830031759e-16,0.9999999999999997
3.0531133177191805e-16,0.9999999999999997
5.551115123125783e-17,1.0
8.326672684688674e-17,1.0
0.7046576252938366,0.29534237470616326
1.1102230246251565e-16,1.0
0.7298301266067889,0.270169873393211
0.0,1.0
0.03377122711642169,0.9662287728835783
2.7755575615628914e-16,0.9999999999999999
0.23993772208081485,0.7600622779191851
5.551115123125783e-17,1.0
0.06526571342655421,0.9347342865734459
1.1102230246251565e-16,0.9999999999999999
0.13654624107199895,0.8634537589280011
6.938893903907228e-17,0.9999999999999999
0.2514240782483207,0.7485759217516793
1.6653345369377348e-16,1.0
0.44173639668475834,0.5582636033152417
9.957312752106873e-16,0.9999999999999991
0.0,1.0
2.220446049250313e-16,0.9999999999999998
0.0,1.0
1.1102230246251565e-16,1.0
0.0,1.0
0.09894997036827599,0.9010500296317241
5.551115123125783e-17,1.0
0.4379039701136432,0.5620960298863569
0.2554276779076347,0.7445723220923653
0.2893905458573234,0.7106094541426766
0.0713171251458326,0.9286828748541673
8.326672684688674e-17,1.0
0.05720593066423569,0.9427940693357643
0.5639565826085253,0.4360434173914747
0.39168150496889015,0.6083184950311099
0.0,1.0
0.0,1.0
0.14728070277128047,0.8527192972287196
0.3217563069608896,0.6782436930391105
0.0,1.0
0.3485599352909063,0.6514400647090935
2.7755575615628914e-16,0.9999999999999997
0.04844517347124335,0.9515548265287566
0.030737666887177766,0.9692623331128223
5.551115123125783e-17,1.0
0.08801716295177853,0.9119828370482216
0.129487955891838,0.8705120441081621
1.6653345369377348e-16,0.9999999999999999
1.6653345369377348e-16,0.9999999999999999
3.0531133177191805e-16,0.9999999999999998
0.0,1.0
0.0,1.0
1.1102230246251565e-16,1.0
0.0,1.0
0.44195329741330414,0.5580467025866958
0.054729266390963316,0.9452707336090366
8.326672684688674e-17,1.0
0.07537335542283652,0.9246266445771635
1.6653345369377348e-16,0.9999999999999999
1.1102230246251565e-16,0.9999999999999999
0.0,1.0
8.326672684688674e-17,0.9999999999999999
1.1102230246251565e-16,1.0
0.2803676588227005,0.7196323411772992
0.0,1.0
1.6653345369377348e-16,0.9999999999999998
0.4283153544254151,0.5716846455745851
0.0,1.0
0.0,1.0
0.024635702817512584,0.9753642971824875
3.3306690738754696e-16,0.9999999999999998
0.0,1.0
0.0,1.0
0.0,1.0
7.892991815694472e-17,1.0
0.7465377554702961,0.2534622445297039
0.32667055840333964,0.6733294415966604
0.0,1.0
0.0,1.0
5.551115123125783e-17,1.0
0.0,1.0
0.0,1.0
0.0,1.0
0.4570441838069332,0.5429558161930668
1.2073675392798577e-15,0.9999999999999989
0.5777218341755734,0.42227816582442657
1.6653345369377348e-16,0.9999999999999999
0.0,1.0
0.0,1.0
0.11660097947649008,0.88339902052351
0.0,1.0
0.36572680157385284,0.634273198426147
0.7394167191532413,0.26058328084675886
0.553969892956859,0.4460301070431409
0.04628162539237288,0.9537183746076271
0.0,1.0
4.718447854656915e-16,0.9999999999999996
0.3918744290170026,0.6081255709829974
0.45888908952474605,0.541110910475254
0.37324367846037204,0.6267563215396279
0.004576720149439049,0.9954232798505609
0.38957504074183946,0.6104249592581604
1.6653345369377348e-16,0.9999999999999998
0.0,1.0
1.1102230246251565e-16,1.0
5.551115123125783e-17,1.0
0.22351542358387688,0.7764845764161231
0.7193423606393061,0.2806576393606937
0.0,1.0
0.0,1.0
5.551115123125783e-17,1.0
1.1102230246251565e-16,0.9999999999999999
0.0,1.0
1.3877787807814457e-16,0.9999999999999999
1.1102230246251565e-16,1.0
0.022376377621186626,0.9776236223788133
0.04127245719419025,0.9587275428058097
0.0,1.0
3.885780586188048e-16,0.9999999999999997
5.551115123125783e-17,1.0
0.0,1.0
5.551115123125783e-17,1.0
5.551115123125783e-17,1.0
0.0,1.0
0.1560703285975393,0.8439296714024607
0.10140346285754114,0.898596537142459
0.6570929477588816,0.34290705224111834
5.273559366969494e-16,0.9999999999999994
1.1102230246251565e-16,1.0
0.2147548955053202,0.7852451044946799
0.6011134817183446,0.39888651828165533
0.14735272961288098,0.8526472701314286
1.1102230246251565e-16,0.9999999999999999
1.6653345369377348e-16,0.9999999999999998
0.0,1.0
9.71445146547012e-17,1.0
0.0,1.0
0.0,1.0
0.09375897723618186,0.9062410227638182
5.551115123125783e-17,1.0
0.48581190010651404,0.5141880998934858
1.973247953923618e-16,0.9999999999999999
0.028413512320749148,0.9715864876792509
0.04349934469969835,0.9565006553003016
0.0,1.0
0.0,1.0
3.191891195797325e-16,0.9999999999999997
1.1102230246251565e-16,1.0
1.1102230246251565e-16,0.9999999999999998
0.0,1.0
0.0,1.0
0.0,1.0
1.6653345369377348e-16,0.9999999999999998
1.1102230246251565e-16,1.0
0.5377358825841573,0.4622641174158428
5.551115123125783e-17,1.0
4.163336342344337e-17,1.0
0.594683854394889,0.4053161456051109
0.026737830934717283,0.9732621690652826
0.6964374206928305,0.3035625793071693
0.0,1.0
0.1158490013349646,0.8841509986650354
0.0880089991769113,0.9119910008230888
0.5146724690750751,0.4853275309249248
0.0,1.0
0.32775844557967215,0.6722415544203278
0.0,1.0
0.776571744635153,0.22342825536484684
1.1102230246251565e-16,0.9999999999999999
1.5785983631388945e-16,0.9999999999999999
0.5946034154293265,0.4053965845706735
0.3395273502437068,0.6604726497562933
0.47885075177403846,0.5211492482259615
0.22767379400516496,0.772326205994835
8.326672684688674e-17,1.0
1.7694179454963432e-16,0.9999999999999998
0.0,1.0
1.6653345369377348e-16,0.9999999999999998
0.15760455704751997,0.8423954429524801
0.392222660719423,0.6077773392805771
0.4729528173473326,0.5270471826526676
5.551115123125783e-17,1.0
0.5372466915714872,0.4627533084285128
5.551115123125783e-17,1.0
0.3325334581052943,0.6674665418947058
0.0,1.0
0.0,1.0
0.0,1.0
0.061247432001683144,0.9387525679983169
2.220446049250313e-16,0.9999999999999999
0.082194435147391,0.917805564852609
0.2737900050177431,0.7262099949822568
1.1102230246251565e-16,1.0
1.1102230246251565e-16,0.9999999999999999
3.3306690738754696e-16,0.9999999999999998
1.1102230246251565e-16,1.0
0.0,1.0
2.220446049250313e-16,0.9999999999999999
0.18910181233547269,0.8108981876645274
0.47921036581450843,0.5207896341854915
5.551115123125783e-17,1.0
0.0,1.0
0.18706100920092292,0.812938990799077
0.193022830354529,0.8069771696454711
2.7755575615628914e-16,0.9999999999999998
1.3877787807814457e-16,0.9999999999999999
0.0,1.0
0.3915894336711518,0.6084105663288483
0.0,1.0
0.05797422293786892,0.9420257770621311
0.07179566535275206,0.9282043346472479
1.1102230246251565e-16,0.9999999999999999
1.1102230246251565e-16,0.9999999999999999
0.1494675398616526,0.8505324601383473
0.7580767566008294,0.24192324339917057
0.3231035983698115,0.6768964016301885
0.5,0.5
0.20541080734884268,0.7945891926511573
3.885780586188048e-16,0.9999999999999996
0.07019649649926553,0.9298035035007345
0.40562868280471565,0.5943713171952845
0.0724072960836528,0.9275927039163472
2.220446049250313e-16,0.9999999999999998
0.270405918027512,0.729594081972488
5.863365348801608e-16,0.9999999999999996
1.1102230246251565e-16,1.0
0.8526135546687453,0.1473864453312548
0.0,1.0
0.0,1.0
0.34093338785974114,0.6590666121402586
0.0,1.0
1.6653345369377348e-16,0.9999999999999998
1.1102230246251565e-16,1.0
0.09113799169500024,0.9088620083049999
4.440892098500626e-16,0.9999999999999996
0.0185003440939039,0.9814996559060961
5.551115123125783e-17,1.0
2.220446049250313e-16,0.9999999999999998
0.03840106730101074,0.9615989326989893
0.10898341800608771,0.8910165819939122
0.0,1.0
0.2661708724116718,0.7338291275883282
3.885780586188048e-16,0.9999999999999998
0.17183824458817273,0.8281617554118272
1.6653345369377348e-16,0.9999999999999999
0.0,1.0
0.2804330988174181,0.7195669011825819
0.0,1.0
0.670235180706883,0.3297648192931169
5.551115123125783e-17,1.0
0.0,1.0
2.220446049250313e-16,0.9999999999999998
0.11694779665975563,0.8830522033402444
0.0,1.0
4.163336342344337e-16,0.9999999999999998
0.0,1.0
4.163336342344337e-17,0.9999999999999999
0.31400308439113994,0.6859969156088601
2.220446049250313e-16,0.9999999999999998
0.15739588144718614,0.842604118552814
0.18775090696501479,0.8122490930349853
2.220446049250313e-16,0.9999999999999998
3.469446951953614e-18,1.0
0.16781372223719654,0.8321862777628034
2.220446049250313e-16,0.9999999999999998
0.32946971791274016,0.6705302820872598
2.7755575615628914e-17,1.0
0.08126741198307326,0.9187325880169268
7.28583859910259e-17,0.9999999999999999
0.0,1.0
1.6653345369377348e-16,0.9999999999999998
0.1288771313469462,0.871122868653054
0.08825123032474211,0.911748769675258
5.551115123125783e-17,1.0
2.7755575615628914e-17,1.0
1.1102230246251565e-16,0.9999999999999999
0.1879233094496493,0.8120766905503508
0.0,1.0
1.6653345369377348e-16,0.9999999999999999
0.0,1.0
0.0,1.0
0.048456803734728986,0.9515431962652711
0.0,1.0
0.5,0.5
5.551115123125783e-17,1.0
2.7755575615628914e-17,1.0
0.0,1.0
1.6653345369377348e-16,0.9999999999999998
0.39259130987513996,0.60740869012486
5.551115123125783e-17,1.0
0.0,1.0
5.551115123125783e-17,1.0
0.7080617682649226,0.29193823173507727
0.3142003758996257,0.6857996241003743
0.0,0.9999999999999999
0.7388301436686942,0.2611698563313059
0.0,1.0
0.03603622709219077,0.9639637729078093
0.0,1.0
0.3066741027230811,0.6933258972769191
0.0,1.0
0.07936059977003349,0.9206394002299665
0.27041301934031803,0.7295869806596819
0.4118131709782629,0.5881868290217372
0.0,1.0
0.0,0.9999999999999999
0.0,1.0
0.3094485771479492,0.6905514228520508
0.0,1.0
2.220446049250313e-16,0.9999999999999998
0.0,1.0
1.3877787807814457e-17,1.0
0.0,1.0
1.1102230246251565e-16,0.9999999999999999
0.1158399599739462,0.8841600400260539
5.551115123125783e-17,1.0
0.0,1.0
0.21830475441102712,0.781695245588973
0.08823300002107484,0.9117669999789252
0.6198744879715573,0.38012551202844264
0.08852598485708862,0.9114740151429114
0.3767048197618837,0.6232951802381165
0.11300590394165219,0.8869940960583479
0.0,1.0
1.6653345369377348e-16,0.9999999999999998
0.015594234162239505,0.9844057658377605
0.0,1.0
0.007140226096754021,0.992859773903246
5.551115123125783e-17,1.0
0.17218469782498355,0.8278153021750164
2.7755575615628914e-17,1.0
4.163336342344337e-16,0.9999999999999996
1.1102230246251565e-16,1.0
0.20922217778235977,0.7907778222176401
0.5711788142726829,0.4288211857273171
0.0,1.0
0.02291789307747441,0.9770821069225256
0.0,1.0
0.0,1.0
0.0,1.0
0.02465757766599577,0.9753424223340043
0.14882663245052505,0.8511733675494749
0.0,1.0
0.03180031355591171,0.9681996864440884
3.122502256758253e-17,1.0
0.0,1.0
0.0,1.0
0.03097764355221317,0.9690223564477868
0.19957854081676768,0.8004214591832324
6.661338147750939e-16,0.9999999999999993
1.6653345369377348e-16,1.0
2.220446049250313e-16,0.9999999999999998
1.1102230246251565e-16,1.0
0.6346635880021249,0.3653364119978751
0.05754767643005811,0.9424523235699418
0.0,1.0
1.1102230246251565e-16,1.0
0.0,1.0
2.7755575615628914e-16,0.9999999999999998
0.6352014586561597,0.36479854134384027
2.7755575615628914e-16,0.9999999999999999
0.35454525817494065,0.6454547418250594
1.6653345369377348e-16,0.9999999999999998
0.536879287589888,0.46312071241011216
0.3260697584632859,0.6739302415367141
0.0,1.0
0.0,1.0
4.440892098500626e-16,0.9999999999999996
0.11786722413326081,0.8821327758667391
0.0,1.0
6.938893903907228e-17,1.0
1.1102230246251565e-16,1.0
0.0,1.0
0.05548190440891321,0.9445180955910868
0.0,1.0
5.551115123125783e-17,1.0
0.0,1.0
0.0,1.0
0.0,1.0
0.0,1.0
0.0,1.0
0.5,0.5
1.3877787807814457e-17,1.0
0.0,1.0
5.551115123125783e-17,1.0
0.3242412312618806,0.6757587687381195
0.24798065265428434,0.7520193473457157
5.551115123125783e-17,0.9999999999999999
0.0,1.0
5.551115123125783e-17,1.0
0.041881956225224476,0.9581180437747755
5.551115123125783e-17,1.0
0.0,1.0
0.018951413466935296,0.9810485865330647
0.17116378118894116,0.828836218811059
0.40475419365012527,0.5952458063498747
2.220446049250313e-16,0.9999999999999999
0.2227354151641045,0.7772645848358954
0.20540747358502146,0.7945925264149785
1.942890293094024e-16,0.9999999999999998
0.0,1.0
0.34547863514894456,0.6545213648510555
0.006213098956880035,0.9937869010431201
3.191891195797325e-16,0.9999999999999997
0.053634631711452656,0.9463653682885474
0.295998599866339,0.704001400133661
1.8735013540549517e-16,0.9999999999999999
3.3306690738754696e-16,0.9999999999999997
0.0,1.0
0.0,1.0
0.0,1.0
2.7755575615628914e-16,0.9999999999999997
0.0,1.0
0.16014418462785338,0.8398558153721467
0.0,1.0
0.8894249989744285,0.1105750010255715
0.09333520762886156,0.9066647923711384
1.6653345369377348e-16,0.9999999999999999
0.05717280285015685,0.9428271971498431
0.0,1.0
5.689893001203927e-16,0.9999999999999993
0.0,1.0
5.273559366969494e-16,0.9999999999999996
0.5005534886982282,0.49944651130177187
0.0,1.0
0.16144487469143803,0.8385551253085619
4.163336342344337e-16,0.9999999999999996
0.3916572695634586,0.6083427304365416
2.0816681711721685e-17,1.0
5.551115123125783e-17,1.0
5.551115123125783e-17,1.0
5.551115123125783e-17,1.0
0.0,1.0
0.21029154814897263,0.7897084518510274
0.0,1.0
1.6653345369377348e-16,0.9999999999999998
0.15640357129464505,0.8435964287053549
0.0,1.0
4.163336342344337e-16,0.9999999999999996
0.07646756173120867,0.9235324382687914
0.20870942019922642,0.7912905798007736
0.0,1.0
5.828670879282072e-16,0.9999999999999994
0.0,1.0
0.13321530360703784,0.8667846963929621
0.0,1.0
1.3877787807814457e-16,1.0
8.326672684688674e-17,0.9999999999999999
0.4581813712353344,0.5418186287646654
0.7533167454097004,0.2466832545902995
4.787836793695988e-16,0.9999999999999996
0.16659803158180858,0.8334019684181915
0.01615378615259074,0.9838462138474092
0.0,1.0
2.220446049250313e-16,0.9999999999999999
0.0,1.0
5.273559366969494e-16,0.9999999999999993
0.0,1.0
9.020562075079397e-17,1.0
0.4307424653764016,0.5692575346235986
0.0,1.0
0.06750271477506954,0.9324972852249304
1.1102230246251565e-16,0.9999999999999999
5.551115123125783e-17,0.9999999999999999
0.13959739067857335,0.8604026093214265
1.942890293094024e-16,0.9999999999999998
5.551115123125783e-17,1.0
0.21389455794275897,0.786105442057241
2.220446049250313e-16,0.9999999999999999
5.551115123125783e-17,1.0
0.0,1.0
1.1102230246251565e-16,0.9999999999999999
0.0,1.0
1.3877787807814457e-17,0.9999999999999999
0.06166971839262408,0.938330281607376
0.5,0.5
0.0,1.0
0.39200236572184594,0.6079976342781541
2.7755575615628914e-16,0.9999999999999998
0.0,1.0
0.0,1.0
3.3306690738754696e-16,0.9999999999999998
0.3746661516657134,0.6253338483342865
0.31594170709083674,0.6840582929091633
0.0,1.0
2.220446049250313e-16,0.9999999999999999
1.6653345369377348e-16,0.9999999999999998
2.7755575615628914e-17,1.0
0.3458862894660973,0.6541137105339028
0.20614103413226112,0.7938589658677389
5.551115123125783e-17,1.0
5.551115123125783e-17,1.0
1.6653345369377348e-16,0.9999999999999999
0.20137764182785464,0.7986223581721453
6.938893903907228e-18,1.0
1.1102230246251565e-16,1.0
0.6668527113796457,0.3331472886203543
5.551115123125783e-17,1.0
0.7634716139768087,0.23652838602319123
0.2182471434839773,0.7817528565160227
0.0,1.0
2.220446049250313e-16,0.9999999999999998
0.2654439094889411,0.734556090511059
3.3306690738754696e-16,0.9999999999999998
0.3462388721105619,0.6537611278894382
0.5426046490344922,0.4573953509655079
0.46312079423657265,0.5368792057634275
0.17134867441540896,0.8286513255845913
0.0,1.0
1.3877787807814457e-16,1.0
0.11789120031202767,0.8821087996879723
0.005511649128475068,0.994488350871525
2.7755575615628914e-17,0.9999999999999999
0.0,1.0
0.0889075440074747,0.9110924559925253
0.0,1.0
0.3855345929684821,0.6144654070315178
2.7755575615628914e-17,1.0
3.3306690738754696e-16,0.9999999999999998
2.7755575615628914e-16,0.9999999999999998
2.7755575615628914e-17,1.0
1.1102230246251565e-16,0.9999999999999999
1.249000902703301e-16,0.9999999999999998
5.551115123125783e-17,1.0
2.220446049250313e-16,0.9999999999999998
0.08849693373640201,0.911503066263598
0.8726060331594867,0.12739396684051335
0.7741602462930183,0.22583975370698195
0.07977226570845752,0.9202277342915425
0.3021864838084495,0.6978135161915505
0.25096407789949615,0.749035922100504
0.0,1.0
0.0,1.0
8.326672684688674e-17,1.0
0.0,1.0
0.0,1.0
0.0,1.0
0.0,1.0
0.0,1.0
0.0,1.0
0.0,1.0
0.023976708960738457,0.9760232910392616
1.1102230246251565e-16,1.0
0.08459093959107225,0.9154090604089278
0.2647491907264161,0.735250809273584
0.0,1.0
0.0,1.0
0.017232459506709145,0.9827675404932908
0.4945248867985137,0.5054751132014863
0.0,1.0
0.17642417105426123,0.8235758289457388
0.14529234835909163,0.8547076516409085
5.551115123125783e-17,1.0
0.23738437895158182,0.7626156210484182
0.48044340498745447,0.5195565950125456
0.0,1.0
0.0,1.0
0.1716333988711614,0.8283666011288388
0.06551401450705265,0.9344859854929475
0.13076784461736668,0.8692321553826332
0.12797240781165609,0.8720275921883439
2.220446049250313e-16,0.9999999999999998
0.0,1.0
3.608224830031759e-16,0.9999999999999997
5.551115123125783e-17,1.0
0.0,1.0
0.029651925261756414,0.9703480747382435
5.551115123125783e-17,1.0
5.551115123125783e-17,1.0
2.220446049250313e-16,0.9999999999999998
0.3674064278287598,0.6325935721712402
0.32650697906776277,0.6734930209322374
0.3148133837108503,0.6851866162891497
0.0,1.0
5.551115123125783e-17,1.0
5.551115123125783e-17,1.0
0.22461737960671913,0.7753826203932809
0.7696571988177002,0.23034280118229972
0.31804916015501394,0.6819508398449862
1.1102230246251565e-16,0.9999999999999999
0.0,1.0
0.0,1.0
0.0,1.0
0.0,1.0
9.298117831235686e-16,0.9999999999999991
0.19682593006726398,0.8031740699327359
1.249000902703301e-16,1.0
0.0,1.0
0.057973592556295764,0.9420264074437041
0.31070266743699654,0.6892973325630034
0.5439168197155402,0.45608318028445993
0.0,1.0
1.1102230246251565e-16,0.9999999999999999
0.0,1.0
5.551115123125783e-17,0.9999999999999999
0.0,1.0
0.0,1.0
0.0,1.0
1.1102230246251565e-16,0.9999999999999999
0.0,1.0
0.0,1.0
0.0,1.0
0.28046860043621985,0.7195313995637802
0.5,0.5
0.0,1.0
0.25270147733712917,0.7472985226628709
0.0,1.0
0.09506860725339437,0.9049313927466055
0.42528642080060386,0.5747135791993961
0.0,1.0
0.13259603221825525,0.8674039677817449
0.39223023344738966,0.6077697665526102
0.5,0.5
5.551115123125783e-17,1.0
1.1102230246251565e-16,0.9999999999999999
0.0,1.0
0.0,1.0
2.7755575615628914e-17,1.0
0.0,1.0
0.027517042088991625,0.9724829579110084
1.6653345369377348e-16,0.9999999999999998
3.3306690738754696e-16,0.9999999999999998
0.19296847548031898,0.8070315245196811
0.15793484688868908,0.8420651531113109
0.2964213730701422,0.7035786269298576
0.053964310832198006,0.9460356891678022
0.2465439620157092,0.7534560379842908
0.3919694567713953,0.6080305432286046
0.3102189885931588,0.6897810114068413
0.35341950197329364,0.6465804980267063
0.29675154126261105,0.7032484587373888
0.0990572521985817,0.9009427478014181
0.0,1.0
0.3667271080742222,0.633272891925778
0.43676224745404635,0.5632377525459537
0.0,1.0
0.0,1.0
0.0,1.0
0.25616566297887283,0.7438343370211272
1.0044048925905713e-15,0.999999999999999
0.08825449669877226,0.9117455033012277
6.106226635438361e-16,0.9999999999999994
1.1102230246251565e-16,1.0
0.4369467594514959,0.563053240548504
2.220446049250313e-16,0.9999999999999999
0.2832195211791374,0.7167804788208626
0.031278228002124694,0.9687217719978753
0.0,1.0
1.1102230246251565e-16,1.0
0.1046553493888696,0.8953446506111303
8.326672684688674e-17,0.9999999999999999
5.551115123125783e-16,0.9999999999999994
0.04760290578954371,0.9523970942104563
3.885780586188048e-16,0.9999999999999997
0.31068120315397874,0.6893187968460212
2.7755575615628914e-17,1.0
0.6960040299739293,0.3039959700260708
0.39279232530775415,0.6072076746922457
0.4517158727893039,0.548284127210696
0.0343305249024918,0.9656694750975082
0.24168002435816344,0.7583199756418366
5.551115123125783e-17,1.0
5.551115123125783e-17,1.0
0.4493588568190548,0.5506411431809453
0.3850601334288343,0.6149398665711656
0.0,1.0
0.0,1.0
2.220446049250313e-16,0.9999999999999999
0.5238210989366848,0.4761789010633153
0.01838045228600173,0.9816195477139983
0.33698021810648127,0.6630197818935186
0.0,1.0
0.0,1.0
0.3214234494337559,0.678576550566244
0.0,1.0
1.1102230246251565e-16,0.9999999999999999
0.0,1.0
0.0,1.0
0.6489718444863154,0.35102815551368466
0.029228642550430402,0.9707713574495695
8.326672684688674e-17,1.0
0.2532035353610869,0.7467964646389132
0.14351904885234285,0.8564809511476572
0.0,1.0
0.09431791028778892,0.9056820897122113
1.6653345369377348e-16,0.9999999999999999
0.0,1.0
0.4642401763617464,0.5357598236382535
0.0,1.0
0.0,1.0
0.0,1.0
0.3019975451998908,0.6980024548001091
5.551115123125783e-17,1.0
0.1637816522376897,0.8362183477623105
0.0,1.0
1.1102230246251565e-16,0.9999999999999998
0.473795940614676,0.5262040593853241
9.367506770274758e-17,1.0
3.3306690738754696e-16,0.9999999999999997
0.2775582502914133,0.7224417497085868
5.551115123125783e-17,1.0
0.6557260711004153,0.3442739288995848
0.09245209596630499,0.9075479040336949
0.0,1.0
0.08420474974945609,0.915795250250544
0.49031562295112396,0.5096843770488763
0.12180797047496177,0.8781920295250382
0.0,1.0
0.2585634578209954,0.7414365421790045
6.661338147750939e-16,0.9999999999999993
0.0,1.0
0.0,1.0
0.03922385575853356,0.9607761442414664
1.942890293094024e-16,0.9999999999999998
0.0,1.0
0.5,0.5
4.718447854656915e-16,0.9999999999999996
2.1467203015212988e-17,0.9999999999999999
0.0,1.0
0.0,1.0
0.0,1.0
5.551115123125783e-17,1.0
3.3306690738754696e-16,0.9999999999999998
0.4138375977587068,0.5861624022412932
0.391871512544257,0.608128487455743
0.46335700623788245,0.5366429937621175
1.1102230246251565e-16,0.9999999999999999
1.6653345369377348e-16,1.0
0.148556068932285,0.851443931067715
0.6709745970326977,0.3290254029673022
3.0531133177191805e-16,0.9999999999999997
2.7755575615628914e-16,0.9999999999999998
3.3306690738754696e-16,0.9999999999999998
0.0,1.0
0.0,1.0
0.0,1.0
0.18110605365824564,0.8188939463417544
0.0,1.0
0.33670140629080547,0.6632985937091945
1.1102230246251565e-16,0.9999999999999998
5.551115123125783e-17,1.0
8.326672684688674e-17,0.9999999999999999
6.106226635438361e-16,0.9999999999999994
0.0,1.0
0.15296308184526838,0.8470369181547317
0.0,1.0
0.21824667121143215,0.7817533287885678
0.5623593951751322,0.4376406048248677
0.0,1.0
0.0,1.0
0.0,1.0
0.02118281835190884,0.9788171816480912
0.004779607075188778,0.9952203929248112
1.3877787807814457e-16,1.0
1.6653345369377348e-16,1.0
0.27329145667100424,0.7267085433289955
1.1102230246251565e-16,0.9999999999999999
1.6653345369377348e-16,1.0
1.9949319973733282e-17,1.0
0.5270203561074477,0.4729796438925522
3.365363543395006e-16,0.9999999999999998
0.0,1.0
2.7755575615628914e-17,0.9999999999999999
2.7755575615628914e-17,1.0
1.1102230246251565e-16,1.0
0.4540966870572638,0.5459033129427363
0.0,1.0
0.0,1.0
1.1102230246251565e-16,1.0
1.1102230246251565e-16,0.9999999999999999
0.18411355437770577,0.8158864456222943
1.6653345369377348e-16,0.9999999999999999
5.551115123125783e-17,1.0
5.551115123125783e-17,1.0
1.942890293094024e-16,0.9999999999999999
0.0,1.0
0.18212434115245257,0.8178756588475474
0.19842403223376498,0.8015759677662353
0.3159122779938074,0.6840877220061925
2.7755575615628914e-16,0.9999999999999998
0.0,1.0
0.017613398554107675,0.9823866013928814
1.1102230246251565e-16,1.0
0.4855455381341674,0.5144544618658328
0.0,1.0
5.828670879282072e-16,0.9999999999999994
0.0,1.0
1.1102230246251565e-16,0.9999999999999999
0.015834767724112877,0.984165232275887
0.49333420855051874,0.5066657914494812
2.7755575615628914e-17,1.0
0.5947683082614301,0.40523169173856993
0.0,1.0
0.2907018650136855,0.7092981349863146
0.3051653150295718,0.6948346849704283
0.0,1.0
0.3773043359558639,0.622695664044136
2.7755575615628914e-17,1.0
3.608224830031759e-16,0.9999999999999997
0.0,1.0
0.6359185720625612,0.36408142793743903
0.4779349938035012,0.5220650061964989
0.7952188067695491,0.2047811932304508
1.1102230246251565e-16,1.0
0.08847496168383014,0.9115250383161697
3.3306690738754696e-16,0.9999999999999998
0.07266722518345205,0.927332774816548
0.23999837529167312,0.7600016247083269
2.7755575615628914e-17,1.0
0.1303602400546553,0.8696397599453447
0.0,1.0
2.706168622523819e-16,0.9999999999999998
1.1102230246251565e-16,0.9999999999999999
0.29535902427176103,0.7046409757282387
0.23613112811615078,0.7638688718838492
1.1102230246251565e-16,0.9999999999999999
9.71445146547012e-17,1.0
0.24201667886588757,0.7579833211341123
0.07840493639392346,0.9215950636060766
0.6683794639951962,0.3316205360048038
0.4197116228223638,0.5802883771776361
2.7755575615628914e-17,0.9999999999999999
0.09284934288931287,0.9071506571106871
1.1102230246251565e-16,1.0
0.10983197279933647,0.8901680272006636
5.551115123125783e-17,1.0
0.16830698237791442,0.8316930176220856
1.942890293094024e-16,0.9999999999999998
0.0,1.0
0.0,1.0
0.25186739394793195,0.7481326060520681
0.08848916085000257,0.9115108391499975
0.06100258091434059,0.9389974190856595
0.08845193754687948,0.9115480624531206
0.4365403185853897,0.5634596814146102
0.10509060750709892,0.894909392492901
0.4523685447978838,0.5476314552021162
0.0,1.0
2.7755575615628914e-17,1.0
5.551115123125783e-17,1.0
0.23999503717799653,0.7600049628220036
0.031587744914865906,0.9684122550851341
0.4122478676827223,0.5877521323172775
0.0,1.0
0.0639162330612572,0.9360837669387428
1.1102230246251565e-16,0.9999999999999999
0.08734431391406874,0.9126556860859312
1.6653345369377348e-16,0.9999999999999999
3.885780586188048e-16,0.9999999999999997
0.565767553091729,0.4342324469082711
0.0,1.0
0.0,1.0
0.15681037206221768,0.8431896279377823
5.551115123125783e-17,1.0
0.3598204453301914,0.6401795546698086
0.0,1.0
0.0,1.0
0.0,1.0
5.551115123125783e-17,1.0
0.0,0.9999999999999999
1.6653345369377348e-16,1.0
0.0,1.0
1.1102230246251565e-16,1.0
0.0,1.0
0.16781413576082282,0.8321858642391771
3.191891195797325e-16,0.9999999999999997
4.440892098500626e-16,0.9999999999999996
0.0,1.0
5.551115123125783e-17,1.0
0.5406080224464804,0.4593919775535196
4.718447854656915e-16,0.9999999999999996
6.245004513516506e-17,0.9999999999999999
1.0755285551056204e-16,1.0
3.0531133177191805e-16,0.9999999999999997
0.3805520149431923,0.6194479850568079
0.042370697220787214,0.9576293027792128
2.8796409701215e-16,0.9999999999999998
1.1102230246251565e-16,0.9999999999999999
5.551115123125783e-17,1.0
0.0,1.0
0.38459352485224996,0.6154064751477499
0.0,1.0
0.0,1.0
2.220446049250313e-16,0.9999999999999998
5.551115123125783e-17,1.0
8.326672684688674e-17,1.0
2.220446049250313e-16,0.9999999999999998
5.551115123125783e-17,0.9999999999999999
1.1102230246251565e-16,1.0
0.0,1.0
0.6199987550903263,0.3800012449096735
0.21731901484123223,0.7826809851587678
0.09128287990795247,0.9087171200920475
0.2960579078510192,0.703942092148981
3.608224830031759e-16,0.9999999999999997
0.0,1.0
0.3484421373802993,0.6515578626197006
0.0,1.0
1.6653345369377348e-16,0.9999999999999999
0.5759810201207558,0.4240189798792442
0.27860418819076244,0.7213958118092375
0.0,1.0
0.39201939703988586,0.6079806029601141
0.016038771317831782,0.9839612286821683
0.2543934204456836,0.7456065795543165
2.7755575615628914e-16,0.9999999999999998
0.21567142427355687,0.7843285757264432
0.0,1.0
0.02275923835130283,0.9772407616486972
0.16104419394618072,0.8389558060538194
5.273559366969494e-16,0.9999999999999994
0.5,0.5
0.060059944403965906,0.9399400555960341
2.7755575615628914e-16,0.9999999999999998
5.551115123125783e-17,1.0
4.440892098500626e-16,0.9999999999999997
5.551115123125783e-17,1.0
0.0,1.0
0.0,1.0
0.7929654088283614,0.2070345911716385
0.5,0.5
1.1102230246251565e-16,1.0
2.220446049250313e-16,0.9999999999999998
0.0,1.0
0.06051129801031706,0.939488701989683
3.3306690738754696e-16,0.9999999999999998
0.0,1.0
1.942890293094024e-16,0.9999999999999998
2.220446049250313e-16,0.9999999999999998
0.2771355797960908,0.7228644202039093
5.551115123125783e-17,1.0
5.551115123125783e-17,1.0
0.0,1.0
2.7755575615628914e-16,0.9999999999999998
0.0,1.0
0.19121488742746257,0.8087851125725374
1.6653345369377348e-16,0.9999999999999998
0.7736524223615483,0.2263475776384516
0.0,1.0
0.20069722442689852,0.7993027755731015
0.0,1.0
0.0,1.0
1.1518563880486e-15,0.9999999999999989
0.7835133391620808,0.21648666083791937
0.7815338343610231,0.21846616563897683
5.551115123125783e-17,0.9999999999999999
5.551115123125783e-17,0.9999999999999999
1.6653345369377348e-16,1.0
0.015824235313081962,0.9841757646869181
8.326672684688674e-17,1.0
1.1102230246251565e-16,0.9999999999999999
0.7506752818547152,0.24932471814528492
0.044604022094745545,0.9553959779052544
0.6199759108186323,0.38002408918136765
0.046586031484844186,0.9534139685151557
5.551115123125783e-17,1.0
0.0,1.0
4.440892098500626e-16,0.9999999999999996
0.0,1.0
3.3306690738754696e-16,0.9999999999999998
0.6243604328743232,0.37563956712567703
0.18797317471157088,0.8120268252884291
2.6020852139652106e-18,1.0
0.0,1.0
1.1102230246251565e-16,0.9999999999999999
0.02063968052908238,0.9793603194709176
0.7177260290506445,0.28227397094935536
5.551115123125783e-17,1.0
0.0,1.0
4.440892098500626e-16,0.9999999999999996
1.1102230246251565e-16,1.0
0.17774069138536802,0.822259308614632
1.6653345369377348e-16,0.9999999999999999
0.376676788139324,0.623323211860676
4.718447854656915e-16,0.9999999999999996
0.0,1.0
0.049703876794843956,0.950296123205156
0.03529654047513344,0.9647034595248667
0.035385712994131846,0.9646142870058683
0.10210723512153784,0.8978927648784625
0.08742137260786463,0.9125786273921354
2.7755575615628914e-17,1.0
8.326672684688674e-17,1.0
1.6653345369377348e-16,0.9999999999999999
0.0,1.0
0.0,1.0
0.0,1.0
8.326672684688674e-17,0.9999999999999999
0.5571677642368444,0.44283223576315545
0.10654487810022976,0.8934551218997703
0.1323617156852439,0.8676382843147561
0.7871705381881028,0.2128294618118971
6.617970060851519e-16,0.9999999999999993
0.0,1.0
0.0,1.0
0.02888364235634556,0.9711163576436544
5.551115123125783e-17,1.0
0.6743352324425519,0.325664767557448
0.00964519750521087,0.9903548024947891
5.551115123125783e-17,1.0
5.551115123125783e-17,1.0
1.6653345369377348e-16,1.0
4.85722573273506e-17,1.0
1.1102230246251565e-16,1.0
0.6163994086727912,0.38360059132720875
0.0,1.0
0.13908663347123215,0.8609133665287679
0.13885939086649593,0.8611406091335042
0.0,1.0
0.0,1.0
0.07386489026047384,0.9261351097395261
2.220446049250313e-16,0.9999999999999998
0.034334342664331496,0.9656656573356684
0.0,1.0
0.30687491337347766,0.6931250866265224
5.551115123125783e-17,1.0
1.1102230246251565e-16,0.9999999999999999
1.1102230246251565e-16,1.0
0.0,1.0
0.17100333698518547,0.8289966630148146
1.1102230246251565e-16,1.0
0.3008552297358099,0.6991447702641898
0.2733215497298245,0.7266784502701756
0.0,1.0
0.6795816431609734,0.3204183568390266
0.4946391405842186,0.5053608594157813
0.04160971038542967,0.9583902896145704
0.0,1.0
1.7694179454963432e-16,0.9999999999999999
0.0,1.0
0.23636435283768428,0.7636356471623158
0.33576270795296803,0.664237292047032
0.40989213731761487,0.590107862682385
0.049558016856047354,0.9504419831439526
0.0,1.0
2.0816681711721685e-17,1.0
0.0,1.0
8.326672684688674e-17,0.9999999999999999
0.1114761271297114,0.8885238728702887
0.36319395489893413,0.6368060451010659
0.28478184008019647,0.7152181599198036
0.0,1.0
0.0,1.0
0.0,1.0
0.26084023419827074,0.7391597658017293
0.22431504726409912,0.7756849527359009
0.0,1.0
1.1102230246251565e-16,1.0
0.07617859331307844,0.9238214066869216
1.942890293094024e-16,0.9999999999999998
0.7719605309497577,0.22803946905024236
0.0,1.0
1.6653345369377348e-16,0.9999999999999999
0.0,1.0
0.34764732774042323,0.6523526722595767
0.679195450682202,0.3208045493177982
0.0,1.0
0.0,1.0
1.1102230246251565e-16,0.9999999999999999
0.0,1.0
5.551115123125783e-17,1.0
1.1102230246251565e-16,1.0
0.2468420299940618,0.7531579700059383
1.1102230246251565e-16,1.0
0.0,1.0
0.0,1.0
1.1102230246251565e-16,0.9999999999999999
0.11474298879999498,0.885257011200005
0.0,1.0
2.7755575615628914e-16,0.9999999999999998
0.5325861011923081,0.4674138988076917
0.0,1.0
0.0,1.0
0.0,1.0
0.3622126135362177,0.6377873864637824
0.0,1.0
2.7755575615628914e-17,1.0
1.1102230246251565e-16,0.9999999999999999
5.715913853343579e-16,0.9999999999999996
0.0,1.0
2.7755575615628914e-16,0.9999999999999998
5.551115123125783e-17,1.0
0.0,1.0
0.5069551871352908,0.49304481286470936
1.8041124150158794e-16,0.9999999999999998
0.0,1.0
2.220446049250313e-16,0.9999999999999998
6.106226635438361e-16,0.9999999999999993
0.0,1.0
0.697168659792508,0.302831340207492
0.0,1.0
2.220446049250313e-16,0.9999999999999999
4.891920202254596e-16,0.9999999999999997
0.03363806712491806,0.966361932875082
5.551115123125783e-17,1.0
5.551115123125783e-17,1.0
0.34716379124712743,0.6528362087528725
0.0,1.0
1.2420620087993939e-15,0.9999999999999989
0.16868227852143855,0.8313177214785615
0.0,1.0
0.0,1.0
2.7755575615628914e-17,1.0
0.6353361054847555,0.36466389451524456
0.16649760672036135,0.8335023932796386
1.1102230246251565e-16,1.0
5.551115123125783e-17,1.0
0.0,1.0
0.23136987592314537,0.7686301240768545
1.6653345369377348e-16,0.9999999999999998
0.0,0.9999999999999999
0.2977323959124185,0.7022676040875815
0.08531022134706139,0.9146897786529387
0.0,1.0
3.0531133177191805e-16,0.9999999999999998
0.19400993144487466,0.8059900685551253
0.5462646272477957,0.4537353727522044
0.10633503463439972,0.8936649653656003
0.17276665979668024,0.8272333402033196
1.6653345369377348e-16,1.0
1.942890293094024e-16,0.9999999999999998
3.0531133177191805e-16,0.9999999999999998
0.0,1.0
0.04206579780852261,0.9579342019837017
0.0,1.0
0.4677751618398798,0.5322248381601201
1.3877787807814457e-16,0.9999999999999998
0.06318290660046037,0.9368170932661397
1.1102230246251565e-16,1.0
9.71445146547012e-17,0.9999999999999999
0.0,1.0
0.23758064127604053,0.7624193587239595
5.551115123125783e-17,1.0
5.551115123125783e-17,1.0
0.0,1.0
5.551115123125783e-17,1.0
3.885780586188048e-16,0.9999999999999996
1.6653345369377348e-16,0.9999999999999999
0.12683121019726246,0.8731687898027375
1.1102230246251565e-16,1.0
0.0,1.0
5.551115123125783e-17,1.0
0.5375655382135719,0.46243446178642816
4.2674197509029455e-16,0.9999999999999997
2.220446049250313e-16,0.9999999999999998
2.7755575615628914e-16,0.9999999999999998
0.07523990615579698,0.924760093844203
5.828670879282072e-16,0.9999999999999993
5.93275428784068e-16,0.9999999999999994
0.5440094181789638,0.4559905818210362
0.008620797742489257,0.9913792022575107
0.0,1.0
0.1267711716399854,0.8732288283600147
1.3877787807814457e-16,0.9999999999999998
8.326672684688674e-17,1.0
0.0,1.0
2.220446049250313e-16,0.9999999999999998
2.220446049250313e-16,0.9999999999999998
3.3306690738754696e-16,0.9999999999999996
0.31703981992928854,0.6829601800707114
0.0040871631440605165,0.9959128368559395
0.0,1.0
3.0531133177191805e-16,0.9999999999999997
1.3877787807814457e-17,1.0
0.03499832958027866,0.9650016704197213
0.26912004023989106,0.730879959760109
0.49458852912127915,0.5054114708787211
7.511352650979575e-16,0.9999999999999992
0.0,1.0
0.0,1.0
0.0,1.0
5.551115123125783e-17,1.0
0.13249911030826778,0.8675008896917321
0.39742806254782137,0.6025719374521786
0.0,1.0
0.37008850204857874,0.6299114979514215
5.551115123125783e-17,1.0
0.2098043241576165,0.7901956758423836
0.07409850420811866,0.9259014957918813
5.551115123125783e-17,1.0
1.1102230246251565e-16,0.9999999999999999
0.39199669609368115,0.6080033039063188
0.3080605256441857,0.6919394743558143
4.440892098500626e-16,0.9999999999999996
0.08801946639655042,0.9119805336034498
0.7699265783777604,0.2300734216222396
1.6653345369377348e-16,1.0
0.0,1.0
0.001686184486432129,0.9983138155135679
4.440892098500626e-16,0.9999999999999996
0.0,1.0
0.27985490792706613,0.7201450920729339
0.19488474258346536,0.8051152574165346
0.3936535909557547,0.6063464090442454
0.0,1.0
1.1102230246251565e-16,1.0
0.07078748255235874,0.9292125174476413
6.661338147750939e-16,0.9999999999999993
0.3346357699949988,0.6653642300050012
1.6653345369377348e-16,1.0
0.0,1.0
0.0,1.0
0.0,1.0
0.0,1.0
2.7755575615628914e-17,1.0
0.36470097640398724,0.6352990235960129
0.0,1.0
5.551115123125783e-17,1.0
0.639573982722942,0.3604260172770581
0.10309168384813895,0.896908316151861
0.5355774969746605,0.46442250302533933
0.07246306380187949,0.9275369361981205
0.0,1.0
0.41596562016864536,0.5840343798313546
3.434752482434078e-16,0.9999999999999996
1.1102230246251565e-16,0.9999999999999999
1.734723475976807e-17,1.0
0.3104733299326312,0.6895266700673689
0.13306516982843355,0.8669348301715665
0.21313270479611077,0.7868672952038891
3.0878077872387166e-16,0.9999999999999998
0.1493113103425859,0.8506886896574142
2.220446049250313e-16,0.9999999999999999
0.4684174469337111,0.5315825530662888
0.0,1.0
0.0,1.0
0.005913152519864945,0.9940868474801351
0.046701568264516415,0.9532984317354837
0.1422948413885457,0.8577051586114542
0.2880706599649123,0.7119293400350876
3.469446951953614e-17,1.0
1.0755285551056204e-16,1.0
3.3306690738754696e-16,0.9999999999999998
0.2769468557569227,0.7230531442430774
0.3324587599772792,0.6675412400227209
0.10750982211917941,0.8924901778808205
0.0,1.0
8.326672684688674e-17,1.0
0.0,1.0
0.18776058126394682,0.8122394187360532
0.28297508696286156,0.7170249130371384
0.063089931367766,0.9369100686322339
0.0028250710754666422,0.9971749289245334
0.0,1.0
0.0,1.0
0.0,1.0
0.0,1.0
0.49330886853193207,0.506691131468068
1.6653345369377348e-16,0.9999999999999998
3.885780586188048e-16,0.9999999999999997
0.0,1.0
0.18904055796936708,0.8109594420306331
0.0,1.0
0.04276709080859408,0.9572329091914058
0.0,1.0
0.2702619332262285,0.7297380667737715
5.273559366969494e-16,0.9999999999999994
2.0816681711721685e-17,1.0
0.20540599833570328,0.7945940016642966
2.7755575615628914e-16,0.9999999999999997
5.551115123125783e-17,0.9999999999999999
0.0,1.0
0.0,1.0
0.5314712556926554,0.46852874430734454
0.0,1.0
0.0,1.0
1.1102230246251565e-16,1.0
0.0,1.0
5.551115123125783e-17,1.0
0.40932413021892733,0.5906758697810724
2.220446049250313e-16,0.9999999999999998
0.0,1.0
1.2420620087993939e-15,0.9999999999999989
0.0,1.0
0.0,1.0
0.6959902188220515,0.3040097811779486
0.0,1.0
5.551115123125783e-17,1.0
0.0,1.0
0.0,1.0
0.20396210716729085,0.7960378928327093
5.551115123125783e-17,1.0
5.551115123125783e-17,1.0
1.6653345369377348e-16,0.9999999999999999
0.23999962003006609,0.7600003799699339
0.26556031657256335,0.7344396834274367
2.220446049250313e-16,0.9999999999999998
0.0,1.0
0.005103151558491179,0.9948968484415087
0.22746441692415822,0.7725355830758417
1.1102230246251565e-16,1.0
0.0,1.0
0.625736623230248,0.37426337676975185
0.0,1.0
0.0,1.0
2.498001805406602e-16,0.9999999999999998
0.17997365088228517,0.8200263491177147
0.14860030383146017,0.8513996961685398
0.034352358493630476,0.9656476415063695
0.0,1.0
0.5229023344181081,0.4770976655818921
0.0,1.0
0.0,1.0
0.0,1.0
8.881784197001252e-16,0.9999999999999991
0.017039120027664296,0.9829608799723358
5.898059818321144e-17,0.9999999999999999
2.3071822230491534e-16,0.9999999999999999
0.0,1.0
0.23955173466406482,0.7604482653359352
8.326672684688674e-17,1.0
0.38232783771980244,0.6176721622801975
0.12035342168789574,0.8796465783121044
3.3306690738754696e-16,0.9999999999999997
0.0,1.0
0.656369093128633,0.34363090687136694
0.0,1.0
0.0,1.0
0.10775221240299501,0.8922477878545606
0.4522681314640949,0.5477318685359053
0.0,1.0
1.3877787807814457e-16,0.9999999999999999
0.0,1.0
2.0816681711721685e-17,1.0
5.204170427930421e-16,0.9999999999999996
0.20158214590753284,0.7984178540924669
1.1102230246251565e-16,1.0
1.6653345369377348e-16,0.9999999999999999
0.045135959810245575,0.9548640401897545
0.09209546447145169,0.9079045355285484
0.2033548974645631,0.796645102535437
1.1102230246251565e-16,0.9999999999999999
5.551115123125783e-17,0.9999999999999999
0.0,1.0
0.0,1.0
0.0,1.0
0.0,1.0
6.245004513516506e-17,1.0
0.07714665486530745,0.9228533451346925
0.07635265812163392,0.9236473418783661
0.4228302467892086,0.5771697532107914
5.551115123125783e-17,1.0
0.08129871207819234,0.9187012879218077
0.07605096414240928,0.9239490358575907
5.551115123125783e-17,1.0
5.551115123125783e-17,1.0
0.030083302109441802,0.9699166978905581
5.551115123125783e-17,1.0
1.1102230246251565e-16,1.0
0.3781561341347253,0.6218438658652746
0.0,1.0
0.0,1.0
0.3399468801373618,0.6600531198626383
1.942890293094024e-16,0.9999999999999998
5.551115123125783e-17,1.0
0.0,1.0
0.16875784646551636,0.8312421535344836
0.002267421837783961,0.9977325781573954
0.0,1.0
0.23041409609841515,0.7695859039015849
0.0,1.0
0.676352867685184,0.32364713231481596
0.0,1.0
1.1102230246251565e-16,1.0
0.01164990582241822,0.9883500941775819
0.0,1.0
0.226366744272304,0.7736332557276958
0.0,1.0
0.0,1.0
5.551115123125783e-17,1.0
0.05907224049412678,0.9409277595058734
0.20044646671060848,0.7995535332893916
0.0,1.0
0.5946540234723522,0.4053459765276479
0.5668595028627985,0.4331404971372016
8.326672684688674e-17,1.0
0.2121736367382698,0.7878263632617301
5.551115123125783e-17,1.0
0.0,1.0
0.06018948828974328,0.9398105117102566
0.3120652872848997,0.6879347127151003
5.715913853343579e-16,0.9999999999999996
0.4933133927422756,0.5066866072577245
0.0,1.0
0.5,0.5
2.7755575615628914e-17,1.0
1.1102230246251565e-16,0.9999999999999999
0.0,1.0
0.0,1.0
2.7755575615628914e-16,0.9999999999999998
3.3306690738754696e-16,0.9999999999999997
2.7755575615628914e-17,1.0
1.1102230246251565e-16,0.9999999999999999
5.551115123125783e-17,1.0
0.6129700559051939,0.38702994409480607
2.7755575615628914e-17,1.0
0.0,1.0
0.19817688178696918,0.8018231182130308
0.0,1.0
4.163336342344337e-17,1.0
0.34013914049094557,0.6598608595090545
6.938893903907228e-17,0.9999999999999999
0.0,1.0
0.04358812291472423,0.9564118770852758
2.220446049250313e-16,0.9999999999999998
0.5439916511436982,0.45600834885630187
0.0,1.0
0.40389908087984366,0.5961009191201564
0.5072665381340066,0.4927334618659935
0.0,1.0
0.45017462639492056,0.5498253736050794
1.3183898417423734e-16,0.9999999999999999
0.0,1.0
0.24003309926965946,0.7599669007303406
6.938893903907228e-17,1.0
0.0,1.0
2.220446049250313e-16,0.9999999999999998
6.106226635438361e-16,0.9999999999999994
0.0,1.0
0.0,1.0
0.028423628423319674,0.9715763715766804
0.3964275613784263,0.6035724386215738
0.3810510351643684,0.6189489648356318
0.009610761443327545,0.9903892385566724
0.014807023050957525,0.9851929769490425
0.2164873190187871,0.783512680981213
0.0,1.0
1.942890293094024e-16,0.9999999999999998
0.0,1.0
0.2798624945297393,0.7201375054702607
0.0,1.0
2.0816681711721685e-17,1.0
0.0,1.0
0.0,1.0
1.1102230246251565e-16,1.0
0.0,1.0
0.0,1.0
0.45234300515956,0.5476569948404402
5.551115123125783e-17,1.0
3.885780586188048e-16,0.9999999999999998
5.551115123125783e-17,1.0
0.0,1.0
6.106226635438361e-16,0.9999999999999994
0.0,1.0
5.551115123125783e-17,1.0
0.6979873056340736,0.3020126943659265
0.0,1.0
0.0,1.0
0.1014589800268772,0.8985410199731227
0.0,1.0
0.05755515682950056,0.9424448431704993
0.36145901730076496,0.6385409826992351
0.0,1.0
0.01576786397459957,0.9842321360254004
0.0,1.0
5.551115123125783e-17,1.0
0.626892716482911,0.3731072835170891
0.16777545869986266,0.8322245413001373
0.08801107331753291,0.911988926682467
0.3224121530840217,0.6775878469159784
0.39199743936215165,0.6080025606378484
0.0,1.0
0.0,1.0
0.0,1.0
0.3205336360055208,0.6794663639944791
0.07720408262397349,0.9227959173760266
0.0,1.0
6.106226635438361e-16,0.9999999999999994
5.551115123125783e-17,0.9999999999999999
5.551115123125783e-17,1.0
1.1102230246251565e-16,1.0
0.6595136582727558,0.3404863417272443
0.44728886663940315,0.5527111333605967
2.7755575615628914e-17,1.0
0.07011790930266927,0.9298820906973307
0.10047910747620951,0.8995208925237906
0.0,1.0
2.914335439641036e-16,0.9999999999999998
0.0,1.0
2.220446049250313e-16,0.9999999999999999
2.220446049250313e-16,0.9999999999999999
3.0531133177191805e-16,0.9999999999999998
0.3029668409271895,0.6970331590728104
5.689893001203927e-16,0.9999999999999994
0.0,1.0
0.20540285575158004,0.7945971442484201
2.7755575615628914e-17,1.0
5.551115123125783e-17,1.0
0.0,1.0
0.27009090255817725,0.7299090974418226
0.5,0.5
0.14872835082340072,0.8512716491765993
5.551115123125783e-17,1.0
0.0,1.0
0.0352954834345306,0.9647045165654694
0.7008670333854313,0.29913296661456873
0.0,1.0
8.326672684688674e-17,0.9999999999999999
5.551115123125783e-17,1.0
0.11921007111538603,0.8807899288846142
1.3877787807814457e-16,0.9999999999999998
1.942890293094024e-16,0.9999999999999999
2.498001805406602e-16,0.9999999999999998
0.08782013653066306,0.912179863469337
1.1102230246251565e-16,1.0
0.0,1.0
0.15893863454218762,0.8410613654578124
0.31741294708144535,0.6825870529185547
0.5239588227731203,0.4760411772268796
2.220446049250313e-16,0.9999999999999998
0.37001100160105543,0.6299889983989445
7.355227538141662e-16,0.9999999999999992
4.163336342344337e-16,0.9999999999999996
0.06301507397459975,0.9369849260254003
0.0,1.0
0.013816042794510916,0.9861839572054891
1.249000902703301e-16,0.9999999999999999
1.1102230246251565e-16,1.0
0.0,1.0
0.0,1.0
0.25672042752118157,0.7432795724788184
0.3415037568482208,0.6584962431517792
0.04527556650771889,0.954724433492281
5.551115123125783e-17,1.0
0.0,1.0
0.0,1.0
0.33891603139119597,0.6610839686088041
0.16390285779718164,0.8360971422028185
2.7755575615628914e-17,1.0
0.0,1.0
0.0,1.0
0.0,1.0
0.18878961962139187,0.8112103803786082
0.047057156906058745,0.9529428429479397
2.220446049250313e-16,0.9999999999999998
0.4204275588972787,0.5795724411027214
0.0,1.0
0.3895279769938497,0.6104720230061502
0.1511306143546813,0.8488693856453187
0.2308375064779916,0.7691624935220084
0.14164354575729993,0.8583564542427002
5.273559366969494e-16,0.9999999999999994
0.4901716876140818,0.5098283123859182
1.1102230246251565e-16,0.9999999999999999
1.1102230246251565e-16,1.0
1.3877787807814457e-16,1.0
3.885780586188048e-16,0.9999999999999996
0.0,1.0
0.0,1.0
2.7755575615628914e-17,1.0
0.25051410908366545,0.7494858909163347
0.19016210193995964,0.8098378980600404
5.273559366969494e-16,0.9999999999999994
0.05681346474995755,0.9431865352500426
0.0,1.0
0.0,1.0
0.2561503728716356,0.7438496271283643
0.0,1.0
1.0269562977782698e-15,0.9999999999999991
0.0,1.0
0.0,1.0
0.0729660483558582,0.9270339516441416
8.326672684688674e-17,1.0
0.0,1.0
0.0,1.0
0.0,1.0
4.163336342344337e-17,1.0
0.07396266556067771,0.9260373344393223
0.15346860531217957,0.8465313946878205
5.551115123125783e-17,0.9999999999999999
0.0,1.0
5.828670879282072e-16,0.9999999999999996
0.48574429729135926,0.5142557027086404
0.1634401140034361,0.8365598859965638
0.0,1.0
8.326672684688674e-17,1.0
3.0531133177191805e-16,0.9999999999999998
0.18014016116976514,0.8198598388302349
1.1102230246251565e-16,1.0
0.20930527358122178,0.7906947264187781
0.0,1.0
0.3134669509214902,0.6865330490785095
2.220446049250313e-16,0.9999999999999998
0.0,1.0
0.12006106873055522,0.879938931269445
3.3306690738754696e-16,0.9999999999999998
0.2579855528551912,0.742014447144809
1.1102230246251565e-16,1.0
0.0,1.0
0.032525634120855455,0.9674743658791445
5.551115123125783e-17,1.0
0.18842882167189762,0.8115711783281024
0.5702776025377743,0.4297223974622257
0.026572360775159422,0.9734276392248405
0.0,1.0
0.0,1.0
0.0,1.0
0.0,1.0
0.2728151067969897,0.7271848932030103
0.0,1.0
0.3499368793900736,0.6500631206099264
1.249000902703301e-16,1.0
0.0,1.0
0.0,1.0
5.551115123125783e-17,0.9999999999999999
5.551115123125783e-17,0.9999999999999999
5.551115123125783e-17,1.0
0.028724779649138527,0.9712752203508614
0.10357388332640564,0.8964261166735942
4.163336342344337e-16,0.9999999999999996
0.2452539276886876,0.7547460723113124
0.0,1.0
3.3306690738754696e-16,0.9999999999999997
0.4365842577520019,0.5634157422479983
0.0,1.0
0.12437813925485693,0.875621860745143
0.34291808761899434,0.6570819123810059
0.0,1.0
3.191891195797325e-16,0.9999999999999998
0.33466764655514275,0.665332353444857
0.0,1.0
0.0,1.0
2.220446049250313e-16,0.9999999999999998
0.17386266387446705,0.826137336125533
0.46729535578248166,0.5327046442175184
0.0,1.0
0.3365817294111395,0.6634182705888603
1.6653345369377348e-16,0.9999999999999999
0.0,1.0
0.32228823851562244,0.6777117614843775
0.0,1.0
6.661338147750939e-16,0.9999999999999993
1.6653345369377348e-16,0.9999999999999999
0.7128664060264529,0.2871335939735473
0.0,1.0
5.551115123125783e-17,1.0
0.3244343130964933,0.6755656869035067
5.551115123125783e-17,1.0
0.0,1.0
5.551115123125783e-17,1.0
0.5304281076555231,0.4695718923444768
3.3306690738754696e-16,0.9999999999999998
4.163336342344337e-16,0.9999999999999996
6.938893903907228e-17,1.0
0.0,1.0
2.7755575615628914e-17,1.0
0.17033991432540221,0.8296600856745977
0.04411578243766316,0.9558842175623369
1.942890293094024e-16,0.9999999999999998
0.030408616142904268,0.9695913836710018
0.0,1.0
0.5439826405512321,0.45601735944876787
0.0,1.0
0.0,1.0
0.0,1.0
1.1102230246251565e-16,0.9999999999999999
1.3877787807814457e-16,1.0
1.1102230246251565e-16,1.0
0.0,1.0
0.0,1.0
0.0,1.0
2.7755575615628914e-16,0.9999999999999998
0.056112331689013424,0.9438876683109866
2.42861286636753e-16,0.9999999999999998
0.10978609504915356,0.8902139049508465
0.16383432792155866,0.8361656720784414
0.0,1.0
2.7755575615628914e-16,0.9999999999999998
1.1102230246251565e-16,1.0
0.11308059367685681,0.8869194063231431
0.5430541710389426,0.45694582896105745
0.0,1.0
0.0,1.0
0.0,1.0
0.0,1.0
0.6311592090253618,0.36884079097463823
0.2890192431826278,0.7109807568173722
0.0,1.0
0.47179208445513365,0.5282079155448666
5.551115123125783e-17,1.0
0.0,1.0
0.6352002920329987,0.3647997079670014
3.191891195797325e-16,0.9999999999999997
1.942890293094024e-16,0.9999999999999998
2.7755575615628914e-17,1.0
0.0,1.0
3.382710778154774e-17,1.0
0.016609913618280986,0.9833900863572986
0.0,1.0
0.24824485046800623,0.7517551495319938
0.3920018751592106,0.6079981248407893
0.012196854337710243,0.9878031456622898
4.163336342344337e-16,0.9999999999999996
5.551115123125783e-17,1.0
0.0,1.0
0.1466935649460227,0.8533064350539774
0.0,1.0
0.0,1.0
5.898059818321144e-17,1.0
0.0,1.0
5.551115123125783e-17,1.0
0.0,1.0
3.3306690738754696e-16,0.9999999999999998
1.6653345369377348e-16,0.9999999999999998
0.0,1.0
1.8041124150158794e-16,0.9999999999999999
0.15395754545832385,0.8460424545416763
0.0253255010693741,0.974674498930626
0.27013219750330136,0.7298678024966987
6.38378239159465e-16,0.9999999999999994
0.7563965529345517,0.2436034470654484
0.21061644703149765,0.7893835529685023
0.0,1.0
0.0,1.0
5.551115123125783e-17,1.0
5.551115123125783e-17,1.0
0.77539879369269,0.22460120630731012
0.0,1.0
0.025243705331844234,0.9747562946681557
0.2400411050282286,0.7599588949717715
2.220446049250313e-16,0.9999999999999998
0.006683418857611267,0.9933165811423886
0.18517735912589176,0.8148226408741083
0.002260963549065327,0.9977390364509345
0.0,1.0
0.13974994400388024,0.8602500559961197
0.0,1.0
0.34203720801322035,0.6579627919867796
0.0,1.0
0.5,0.5
1.1102230246251565e-16,0.9999999999999999
1.1102230246251565e-16,0.9999999999999999
0.28959956286516936,0.7104004371348307
0.08803402443283137,0.9119659755671685
0.0,1.0
0.0,1.0
0.0,1.0
0.0,1.0
0.0,1.0
3.885780586188048e-16,0.9999999999999997
0.24371475160477446,0.7562852483952255
0.0,1.0
5.551115123125783e-16,0.9999999999999996
0.0,1.0
0.0,1.0
0.27488879725244103,0.7251112027475587
0.12072106706119386,0.8792789329388061
3.3306690738754696e-16,0.9999999999999996
2.220446049250313e-16,0.9999999999999998
0.0,1.0
5.551115123125783e-17,1.0
5.273559366969494e-16,0.9999999999999994
1.6653345369377348e-16,1.0
4.440892098500626e-16,0.9999999999999996
8.326672684688674e-17,1.0
0.27531955909779693,0.724680440902203
2.220446049250313e-16,0.9999999999999998
1.3877787807814457e-16,0.9999999999999998
0.4471120955606347,0.5528879044393654
0.6079904005698848,0.3920095994301152
4.440892098500626e-16,0.9999999999999996
0.0880369786850029,0.9119630213149972
4.85722573273506e-17,1.0
0.1870991782318188,0.8129008217681812
0.0,1.0
0.0,1.0
0.051846168723687046,0.9481538312763129
0.6351891106145279,0.3648108893854722
0.0,1.0
9.71445146547012e-17,0.9999999999999999
0.0,1.0
1.3877787807814457e-16,0.9999999999999998
0.0,1.0
1.3877787807814457e-16,1.0
0.09503377312963894,0.9049662268703612
5.551115123125783e-17,1.0
0.2703987836171743,0.7296012163828257
1.6653345369377348e-16,1.0
0.0,1.0
5.273559366969494e-16,0.9999999999999996
6.938893903907228e-17,1.0
0.2893448961507821,0.7106551038492179
0.0,1.0
0.0,1.0
1.1102230246251565e-16,0.9999999999999999
0.0,0.9999999999999999
1.6653345369377348e-16,0.9999999999999999
5.551115123125783e-17,1.0
0.0,1.0
0.0,1.0
1.942890293094024e-16,0.9999999999999999
1.6653345369377348e-16,0.9999999999999998
0.0,1.0
5.551115123125783e-17,1.0
0.041165068303562,0.958834931696438
0.47882867430940895,0.521171325690591
1.1102230246251565e-16,1.0
0.2531467185331667,0.7468532814668333
0.06513327609406648,0.9348667239059335
0.011460488515224727,0.9885395114847753
5.551115123125783e-17,0.9999999999999999
0.2837396739887551,0.716260326011245
0.10583434796493338,0.8941656520350666
0.3920228774234331,0.607977122576567
0.16903567125389832,0.8309643287461016
1.6653345369377348e-16,1.0
2.220446049250313e-16,0.9999999999999998
8.326672684688674e-17,0.9999999999999999
0.0,1.0
0.0,1.0
0.3000635951646127,0.6999364048353872
0.08776159132581983,0.9122384086741802
0.0,1.0
9.71445146547012e-17,1.0
1.6653345369377348e-16,1.0
0.5033709380604424,0.49662906193955747
8.326672684688674e-17,1.0
0.0,1.0
5.551115123125783e-17,1.0
0.0056832672745937675,0.9943167326978783
0.282684920003776,0.717315079996224
0.0,1.0
0.0,1.0
0.0,1.0
0.3826657332033524,0.6173342667966475
1.1102230246251565e-16,0.9999999999999999
0.08801971678467203,0.911980283215328
0.0,1.0
2.5847379792054426e-16,0.9999999999999998
0.0,1.0
0.0,1.0
0.0,1.0
0.0,1.0
0.0,1.0
0.0,1.0
0.0,1.0
1.1102230246251565e-16,1.0
1.1102230246251565e-16,1.0
0.0,1.0
1.6653345369377348e-16,0.9999999999999998
0.4780695874270926,0.5219304125729075
5.551115123125783e-17,1.0
1.1102230246251565e-16,1.0
1.6653345369377348e-16,0.9999999999999998
1.1102230246251565e-16,1.0
3.608224830031759e-16,0.9999999999999997
0.03146677201220363,0.9685332279877964
0.22983304309415292,0.770166956905847
1.1102230246251565e-16,1.0
0.39204391071795375,0.6079560892820461
5.828670879282072e-16,0.9999999999999996
0.0,1.0
0.0,1.0
2.7755575615628914e-16,0.9999999999999998
3.3306690738754696e-16,0.9999999999999998
0.072441299733944,0.9275587002660559
0.3919863768146389,0.6080136231853611
0.0,1.0
0.18082794017467213,0.8191720598253281
0.5,0.5
0.0,1.0
0.23000761162889474,0.7699923883711053
0.44976284656646337,0.5502371534335366
0.0,1.0
4.163336342344337e-16,0.9999999999999996
5.551115123125783e-17,1.0
0.49299580598651244,0.5070041940134876
0.0,1.0
0.12421751002853151,0.8757824899714685
0.45949812535254064,0.5405018746474595
0.0,1.0
0.06965488651862603,0.930345113481374
0.31791732545750195,0.682082674542498
0.7973229203834957,0.20267707961650427
0.7336395889738981,0.266360411026102
0.0,1.0
0.0,1.0
0.0,1.0
0.0,1.0
1.6653345369377348e-16,0.9999999999999999
4.440892098500626e-16,0.9999999999999996
0.0,1.0
1.1102230246251565e-16,0.9999999999999999
0.0,1.0
0.0,1.0
0.0,1.0
0.0,1.0
0.0,1.0
0.0,1.0
5.551115123125783e-17,1.0
0.274119066339004,0.725880933660996
0.0,1.0
0.0,1.0
5.551115123125783e-17,1.0
1.2420620087993939e-15,0.9999999999999989
0.5232244662877163,0.47677553371228376
0.4577356918373215,0.5422643081626785
0.0060925830270397935,0.9939074169729603
0.5490880334219511,0.45091196657804883
5.551115123125783e-17,1.0
0.10902946543960221,0.890970534560398
0.0,1.0
5.065392549852277e-16,0.9999999999999996
0.0,1.0
5.551115123125783e-17,1.0
0.0,1.0
0.12963477020561828,0.8703652297943818
0.0,1.0
0.21192621964674138,0.7880737803532588
0.0,1.0
5.551115123125783e-17,0.9999999999999999
5.551115123125783e-17,1.0
0.0,1.0
0.0,1.0
0.0,1.0
3.0531133177191805e-16,0.9999999999999997
1.6653345369377348e-16,0.9999999999999999
0.0028989227208564873,0.9971010772791437
1.734723475976807e-16,0.9999999999999998
0.0,1.0
5.551115123125783e-17,0.9999999999999999
0.0,1.0
0.08783522841394985,0.91216477158605
2.7755575615628914e-16,0.9999999999999998
0.0,1.0
2.463307335887066e-16,0.9999999999999998
8.326672684688674e-17,1.0
3.3306690738754696e-16,0.9999999999999997
4.440892098500626e-16,0.9999999999999996
0.0,1.0
0.15843289168197697,0.841567108318023
0.26851803605336905,0.7314819639466312
0.2658544898335103,0.7341455101664899
5.551115123125783e-17,1.0
0.47311929813209386,0.5268807018679063
0.018110586806399355,0.9818894131936007
0.08626767452147269,0.9137323254785272
0.5277694004434172,0.47223059955658275
0.21380983572225584,0.7861901642777444
0.33968326523015946,0.6603167347698405
0.0,1.0
2.220446049250313e-16,0.9999999999999998
0.0,1.0
1.1102230246251565e-16,0.9999999999999999
0.003456302785198574,0.9965436972148014
0.0,1.0
0.13472028526825716,0.8652797147317429
5.551115123125783e-17,1.0
0.0,1.0
5.551115123125783e-17,1.0
0.12243327911712941,0.8775667208828707
0.0,1.0
0.253862785701172,0.746137214298828
1.1102230246251565e-16,1.0
0.0,1.0
0.20395976765424717,0.7960402323457527
5.551115123125783e-17,0.9999999999999998
0.0,1.0
0.03153437420615894,0.9684656257938411
0.19024306081850012,0.8097569391814998
0.4120733331652472,0.5879266668347527
0.1935698653704868,0.8064301346295133
0.05612318547715939,0.9438768145228408
0.0464204068374256,0.9535795931625743
1.1102230246251565e-16,1.0
0.500585315023187,0.49941468497681296
4.163336342344337e-16,0.9999999999999996
0.0,1.0
0.0,1.0
0.014571941487729088,0.9854280585122709
0.3882934820661042,0.611706517933896
0.0,1.0
2.220446049250313e-16,0.9999999999999998
0.0,1.0
0.0,1.0
0.0,1.0
0.3916709375121366,0.6083290624878634
0.22238102309600746,0.7776189769039927
0.21813795860296528,0.7818620413970347
0.13962552373859421,0.8603744762614057
1.6653345369377348e-16,0.9999999999999999
1.1102230246251565e-16,0.9999999999999999
0.0,1.0
1.1102230246251565e-16,0.9999999999999999
4.85722573273506e-16,0.9999999999999994
1.1102230246251565e-16,1.0
1.6653345369377348e-16,1.0
6.661338147750939e-16,0.9999999999999993
1.6653345369377348e-16,0.9999999999999998
0.5,0.5
0.8053532687165167,0.19464673128348328
0.0,1.0
2.220446049250313e-16,0.9999999999999998
0.29537092373050045,0.7046290762694996
0.0,1.0
0.0,1.0
0.37791801675781245,0.6220819832421874
0.0,1.0
0.17610057146508246,0.8238994285349175
0.0,1.0
0.29777259315239213,0.7022274068476079
0.31144559939206756,0.6885544006079322
0.2191513209788414,0.7808486790211587
0.07843463175599429,0.9215653682440057
1.249000902703301e-16,0.9999999999999998
0.6958748486908126,0.30412515130918744
0.11338690320036125,0.8866130967996387
2.220446049250313e-16,0.9999999999999999
0.0,1.0
0.260700448123077,0.739299551876923
0.0,1.0
0.11388501300937377,0.8861149869906261
0.23818259672924688,0.7618174032707533
0.010297125968588014,0.989702873971723
0.18560414126446975,0.8143958587355303
2.220446049250313e-16,0.9999999999999998
0.21102839934892262,0.7889716006510773
0.4102028670471618,0.5897971329528383
0.0,1.0
0.13645219189849012,0.8635478081015098
0.5077845757288398,0.4922154242711601
0.0,1.0
0.5617215845784017,0.4382784154215983
0.0,1.0
0.02115495078077824,0.9788450492192218
0.0,1.0
1.6653345369377348e-16,1.0
4.163336342344337e-17,1.0
5.551115123125783e-17,1.0
4.579669976578771e-16,0.9999999999999994
0.6972382987327739,0.302761701267226
1.1102230246251565e-16,1.0
0.0,1.0
0.0,1.0
1.1102230246251565e-16,0.9999999999999999
0.27870619056143264,0.7212938094385674
0.0,1.0
1.1102230246251565e-16,0.9999999999999999
0.0,1.0
2.220446049250313e-16,0.9999999999999998
1.6653345369377348e-16,0.9999999999999998
5.551115123125783e-17,1.0
0.3732584499904523,0.6267415500095478
5.551115123125783e-17,1.0
0.0,1.0
4.163336342344337e-17,1.0
0.0,1.0
0.1325103732101284,0.8674896267898714
1.1102230246251565e-16,0.9999999999999999
0.0,1.0
1.6653345369377348e-16,1.0
0.0,1.0
1.1102230246251565e-16,0.9999999999999999
0.0,1.0
0.0,1.0
0.3180367346919252,0.6819632653080749
0.0,1.0
0.0,1.0
0.34605048860778925,0.6539495113922108
0.0,1.0
0.6524231511576659,0.3475768488423341
2.220446049250313e-16,0.9999999999999998
0.0,1.0
0.0,1.0
1.1102230246251565e-16,1.0
0.0,1.0
0.0,1.0
0.21050075459379114,0.789499245406209
0.0,1.0
0.030754709012228938,0.9692452909877711
0.0,1.0
0.0,1.0
2.7755575615628914e-17,1.0
0.37514385304358183,0.6248561469564182
3.3306690738754696e-16,0.9999999999999997
0.0,1.0
0.5857528475742367,0.4142471524257634
4.163336342344337e-17,1.0
0.250024015714172,0.7499759842858282
5.551115123125783e-17,1.0
0.0,1.0
0.5946659421374532,0.40533405786254684
0.0,1.0
0.0925002846019369,0.9074997153980632
0.0,1.0
0.08829668144644959,0.9117033185535504
0.0,1.0
2.220446049250313e-16,0.9999999999999999
2.220446049250313e-16,0.9999999999999998
3.3306690738754696e-16,0.9999999999999998
0.19684005501172255,0.8031599449882775
1.1102230246251565e-16,0.9999999999999999
1.1102230246251565e-16,1.0
0.0,1.0
0.0,1.0
0.0,1.0
0.6709591560707384,0.3290408439292614
0.0,1.0
0.0,1.0
0.0,1.0
5.551115123125783e-17,1.0
0.004498128782966028,0.9955018712170339
0.0,1.0
3.0531133177191805e-16,0.9999999999999998
0.6154380996688823,0.3845619003311177
0.0,1.0
2.168404344971009e-17,0.9999999999999999
4.163336342344337e-17,1.0
0.0,1.0
0.2935112635306395,0.7064887364693605
0.4660583671783942,0.5339416328216059
0.0,1.0
0.0,1.0
3.3306690738754696e-16,0.9999999999999998
0.013230228696446368,0.9867697713035537
5.065392549852277e-16,0.9999999999999996
0.0,1.0
2.220446049250313e-16,0.9999999999999998
0.2254224113118889,0.7745775886881111
2.220446049250313e-16,0.9999999999999999
0.42823714184342926,0.5717628581565708
0.07011071197742878,0.9298892880225713
0.24629353963357442,0.7537064603664256
0.0,1.0
1.3877787807814457e-16,0.9999999999999999
2.7755575615628914e-16,0.9999999999999998
0.0,1.0
2.220446049250313e-16,0.9999999999999998
0.08801133990043704,0.911988660099563
0.36352973866270366,0.6364702613372965
0.14391100010119176,0.8560889998988083
0.1227564641397042,0.8772435358602959
5.551115123125783e-17,1.0
0.35652464753372415,0.6434753524662756
1.1102230246251565e-16,0.9999999999999999
0.0,1.0
0.0,1.0
0.0,1.0
1.3877787807814457e-16,0.9999999999999999
2.7755575615628914e-17,1.0
5.551115123125783e-17,1.0
0.005933517649769654,0.9940664823502304
0.008159645300913605,0.9918403546990864
0.5657156286812899,0.43428437131871
0.0,1.0
0.6756689412278355,0.32433105877216445
0.32139078515185177,0.6786092148481484
2.220446049250313e-16,0.9999999999999998
1.3877787807814457e-17,1.0
6.617970060851519e-16,0.9999999999999993
0.0,1.0
0.0,1.0
0.0,1.0
2.7755575615628914e-17,1.0
0.109819093996464,0.8901809060035359
0.1489159066332836,0.8510840933667164
5.863365348801608e-16,0.9999999999999996
0.08818109745120731,0.9118189025487927
0.28095861938956296,0.719041380610437
1.1102230246251565e-16,1.0
0.0,1.0
0.232830394117879,0.767169605882121
0.0,1.0
1.1102230246251565e-16,1.0
0.0,1.0
0.0,1.0
0.0,1.0
2.498001805406602e-16,0.9999999999999997
0.0,1.0
1.1102230246251565e-16,1.0
0.27489483048653,0.72510516951347
0.0,1.0
1.1102230246251565e-16,1.0
0.0,1.0
0.0,1.0
0.7954761158453256,0.2045238841546743
0.0,1.0
5.551115123125783e-17,1.0
0.0,1.0
5.551115123125783e-17,1.0
0.6789012526022794,0.32109874739772065
0.1279402253807077,0.8720597746192923
1.1102230246251565e-16,0.9999999999999999
0.30539098704254136,0.6946090129574586
0.0,1.0
4.718447854656915e-16,0.9999999999999996
1.6653345369377348e-16,0.9999999999999999
0.0,1.0
2.220446049250313e-16,0.9999999999999998
0.0,1.0
0.5312633351277724,0.4687366648722276
0.0,1.0
1.6653345369377348e-16,0.9999999999999998
1.1102230246251565e-16,0.9999999999999999
0.3898030776527818,0.6101969223472181
0.524312068273777,0.47568793172622303
0.0,1.0
0.42464557491803145,0.5753544250819687
1.1102230246251565e-16,1.0
4.163336342344337e-16,0.9999999999999996
0.5066968769766395,0.49330312302336055
0.5362061700591947,0.4637938299408052
0.08754053706916085,0.9124594629308391
0.0,1.0
0.13657577888439812,0.8634242211156019
0.02888049390773006,0.9711195060922698
0.1892266161023087,0.8107733838976913
0.09165412743702923,0.9083458725629706
0.0,1.0
0.6867377189038961,0.31326228109610393
2.7755575615628914e-17,1.0
0.3309904438939984,0.6690095561060017
0.0,1.0
0.05252719745508117,0.9474728025449187
0.0,1.0
0.18323586020223298,0.816764139797767
0.6453334735184786,0.3546665264815214
0.20359179546084483,0.7964082045391553
0.4375392717655065,0.5624607282344933
0.0,1.0
0.0,1.0
0.08613609664750052,0.9138639033524995
0.22520439423537245,0.7747956057646276
0.0,1.0
0.0,1.0
0.0,1.0
0.7693060762525027,0.23069392374749728
8.326672684688674e-17,0.9999999999999999
8.326672684688674e-17,1.0
0.6405023465111404,0.3594976534888596
0.6867352037752052,0.31326479622479464
0.0,1.0
5.551115123125783e-17,1.0
0.0,1.0
0.0,1.0
4.336808689942018e-17,0.9999999999999999
5.715913853343579e-16,0.9999999999999996
0.0,1.0
0.0,1.0
5.551115123125783e-17,1.0
0.6526262768184917,0.3473737231815084
0.11849653902608175,0.8815034609739182
5.551115123125783e-17,1.0
0.0,1.0
1.1102230246251565e-16,1.0
0.0,1.0
0.026496030390262493,0.9735039696097375
0.26040479243851433,0.7395952075614858
0.0,1.0
0.0,1.0
0.46832813407207663,0.5316718659279235
0.0,1.0
0.0,1.0
0.0,1.0
0.11957217109685893,0.8804278289031412
0.04320381935000497,0.956796180649995
0.0,1.0
0.2566114856115323,0.7433885143884678
0.228060196354322,0.771939803645678
0.03095024477656743,0.9690497552234325
0.22541955108865708,0.774580448911343
0.339720672806057,0.660279327193943
0.749502375039868,0.2504976249601321
2.7755575615628914e-16,0.9999999999999998
0.2704760616245474,0.7295239383754526
1.6653345369377348e-16,0.9999999999999998
1.1102230246251565e-16,1.0
4.440892098500626e-16,0.9999999999999996
0.21254039274187667,0.7874596072581233
5.551115123125783e-17,1.0
5.551115123125783e-17,1.0
0.15722130182117158,0.8427786981788282
0.36500945069548874,0.6349905493045113
5.551115123125783e-17,0.9999999999999999
0.031090408809295065,0.968909591190705
2.636779683484747e-16,0.9999999999999998
6.245004513516506e-16,0.9999999999999994
0.3813893836627886,0.6186106163372114
0.14588190047689553,0.8541180995231046
0.46763510699012123,0.5323648930098788
0.7326443396721304,0.26735566032786945
0.0,1.0
0.7135424875517382,0.28645751244826173
8.326672684688674e-17,1.0
9.8879238130678e-17,0.9999999999999999
2.220446049250313e-16,0.9999999999999998
0.4153456368303167,0.5846543631696833
0.1863115543021521,0.813688445697848
0.3104739587466531,0.6895260412533469
6.071532165918825e-18,1.0
0.1388098488313961,0.861190151168604
1.942890293094024e-16,0.9999999999999999
0.0,1.0
0.33327083054721457,0.6667291694527853
0.11731487016215575,0.8826851298378442
0.0,1.0
0.0,1.0
0.0,1.0
1.3877787807814457e-17,1.0
5.551115123125783e-17,1.0
0.11866762759775062,0.8813323721737817
1.6653345369377348e-16,0.9999999999999998
0.2512119018541074,0.7487880981458925
0.1557334700798666,0.8442665299201335
1.249000902703301e-16,1.0
0.2905151026259637,0.7094848973740363
0.02479795234387141,0.975202047518662
0.08750006066946056,0.9124999393305394
1.6653345369377348e-16,0.9999999999999999
3.608224830031759e-16,0.9999999999999996
2.220446049250313e-16,0.9999999999999998
4.440892098500626e-16,0.9999999999999996
3.2959746043559335e-16,0.9999999999999997
0.0077556849054700935,0.9922443150945299
0.1347387777287296,0.8652612222712703
1.1102230246251565e-16,1.0
0.31673011595074074,0.6832698840492591
1.1102230246251565e-16,0.9999999999999998
1.6653345369377348e-16,0.9999999999999998
4.163336342344337e-16,0.9999999999999996
9.020562075079397e-17,0.9999999999999999
0.0,1.0
3.191891195797325e-16,0.9999999999999997
0.3754816194083396,0.6245183805916604
0.0,1.0
0.0,1.0
0.0,1.0
0.4245854442867855,0.5754145557132144
1.1102230246251565e-16,0.9999999999999999
2.7755575615628914e-16,0.9999999999999998
1.1102230246251565e-16,0.9999999999999999
0.05213344133377747,0.9478665586662226
0.15843778686469287,0.8415622131353072
0.13299346819252134,0.8670065318074786
0.0,1.0
5.551115123125783e-17,0.9999999999999999
0.336150629809239,0.663849370190761
0.22208954643968876,0.7779104535603112
0.30917480750916015,0.6908251924908397
0.134747094904359,0.865252905095641
0.14206924623687028,0.8579307537631297
0.1649644854879136,0.8350355145120866
0.0,1.0
1.1102230246251565e-16,0.9999999999999999
0.0,1.0
0.23962995046341254,0.7603700495365876
4.440892098500626e-16,0.9999999999999996
1.6653345369377348e-16,1.0
0.3395027269571462,0.660497273042854
0.0,1.0
0.0,1.0
5.551115123125783e-17,1.0
0.0,1.0
0.0,1.0
0.5101150999316977,0.48988490006830226
1.1102230246251565e-16,0.9999999999999999
0.20977841688616422,0.7902215831138358
1.1102230246251565e-16,1.0
5.551115123125783e-17,1.0
5.551115123125783e-17,1.0
0.1335211310589901,0.8664788689410098
5.551115123125783e-17,1.0
4.440892098500626e-16,0.9999999999999996
0.0,1.0
0.0,1.0
1.1102230246251565e-16,0.9999999999999999
0.6279880094252961,0.372011990574704
0.0,1.0
0.13981510905976924,0.8601848909402309
0.0,0.9999999999999999
0.0,1.0
0.1754889443420188,0.8245110556579811
5.551115123125783e-17,0.9999999999999998
0.013730836740241288,0.9862691632597588
0.1165058645714886,0.8834941354285115
3.3306690738754696e-16,0.9999999999999998
0.08633794451945466,0.9136620554805454
1.1102230246251565e-16,1.0
5.93275428784068e-16,0.9999999999999994
0.08803678731370698,0.911963212686293
0.0,1.0
0.0,1.0
0.7144389517012603,0.28556104829873974
0.3061112099396528,0.6938887900603472
0.4546788170325301,0.5453211829674699
0.7566347750525891,0.2433652249474107
0.5839829324902122,0.41601706750978784
0.584058743313777,0.4159412566862228
0.0,1.0
0.15086514731965112,0.8491348526803488
5.551115123125783e-17,1.0
0.21800947580732152,0.7819905241926783
0.5575166805906694,0.44248331940933067
2.7755575615628914e-16,0.9999999999999998
0.0,1.0
0.02720548551321195,0.9727945144867881
1.1102230246251565e-16,1.0
0.0,1.0
0.0,1.0
0.18492062437245374,0.8150793756275462
1.6653345369377348e-16,1.0
5.551115123125783e-17,1.0
0.5,0.5
0.0,1.0
0.0,1.0
0.0,1.0
0.26241139435692884,0.737588605643071
0.08535440525853108,0.9146455947414689
0.11079689547281477,0.8892031045271853
3.2959746043559335e-16,0.9999999999999997
0.0,1.0
0.016221652952911274,0.9837783470470888
0.19084613001850273,0.8091538699814974
5.551115123125783e-17,1.0
0.0,1.0
1.3877787807814457e-16,1.0
0.0,1.0
0.110254417012885,0.8897455829871151
0.2600825219053784,0.7399174780946215
0.41660985989447225,0.5833901401055278
0.0,1.0
2.7755575615628914e-16,0.9999999999999998
0.0,1.0
0.0,1.0
0.024148874204487705,0.9758511257955125
4.163336342344337e-16,0.9999999999999996
0.4857425446872809,0.5142574553127192
0.0,1.0
0.20559027597697857,0.7944097240230213
0.0,1.0
0.0,1.0
0.21027605237350688,0.7897239476264931
1.1102230246251565e-16,1.0
0.02738660011143138,0.9726133998885687
0.10489276814345366,0.8951072318565463
0.2086540140331399,0.7913459859668602
0.0,1.0
0.0,1.0
0.0,1.0
0.0,1.0
0.0,1.0
4.440892098500626e-16,0.9999999999999996
0.11828277786202777,0.8817172221379721
0.09951101069349498,0.900488989306505
0.008955448287088778,0.9910445517129114
2.7755575615628914e-16,0.9999999999999998
0.23267254190129988,0.7673274580987002
0.18917425613317554,0.8108257438668246
0.08551539684625936,0.9144846031537407
0.04091150673551247,0.9590884932644875
0.0,1.0
1.6653345369377348e-16,0.9999999999999999
2.498001805406602e-16,0.9999999999999997
5.551115123125783e-17,1.0
0.027151281911008896,0.9728487180889911
1.6653345369377348e-16,1.0
0.2519938534312054,0.7480061465687946
0.3618961602830347,0.6381038397169653
1.1102230246251565e-16,1.0
0.0,1.0
0.06239188786856587,0.937608112131434
1.1102230246251565e-16,1.0
0.22543237926176,0.7745676207382399
0.0,1.0
0.6171721464313801,0.3828278535686199
5.551115123125783e-17,1.0
0.028188165219610775,0.9718118347803892
1.6653345369377348e-16,0.9999999999999998
0.0,1.0
0.0,1.0
0.0,1.0
0.02526403705353859,0.9747359629464615
0.505751484829911,0.49424851517008905
0.0,1.0
0.0,1.0
0.7129882005164048,0.2870117994835952
0.12560989682716653,0.8743901031728334
0.0,1.0
0.7104500918876754,0.2895499081123245
0.0,1.0
0.0,1.0
0.1583168530050699,0.8416831469949302
4.787836793695988e-16,0.9999999999999996
0.0,1.0
0.0,1.0
2.220446049250313e-16,0.9999999999999999
0.5314613504929765,0.4685386495070235
0.0,1.0
0.41306460723153937,0.5869353927684605
1.6653345369377348e-16,0.9999999999999998
0.39196905090368883,0.6080309490963113
0.7465516501715039,0.2534483498284961
8.326672684688674e-17,1.0
0.17326909907655452,0.8267309009234456
0.0,1.0
4.163336342344337e-16,0.9999999999999996
0.0,1.0
0.4630745692590627,0.5369254307409373
0.0,1.0
0.1638192122508442,0.8361807877491558
8.326672684688674e-17,1.0
0.6657959456829565,0.3342040543170436
0.045708477965032634,0.9542915220349675
1.1102230246251565e-16,1.0
5.551115123125783e-17,1.0
0.4580589121938536,0.5419410878061465
8.326672684688674e-17,1.0
0.6958740112373268,0.30412598876267316
0.2568853542778658,0.7431146457221341
0.015428970384209375,0.9845710296157907
0.0846026507116349,0.9153973492883651
5.551115123125783e-17,1.0
0.21944255324959913,0.780557446750401
0.4534635402549242,0.5465364597450759
0.25100662245864813,0.748993377541352
0.0,1.0
0.0,1.0
0.01522057645095032,0.9847794235490497
0.29981999036620444,0.7001800096337955
5.551115123125783e-17,1.0
0.3805475693964056,0.6194524306035943
0.0,1.0
5.551115123125783e-17,1.0
0.2511703098915115,0.7488296901084885
0.1763154323051088,0.8236845676948911
4.163336342344337e-17,1.0
1.1102230246251565e-16,0.9999999999999999
3.885780586188048e-16,0.9999999999999996
0.027472162363718494,0.9725278376362815
1.6653345369377348e-16,1.0
0.14110595592664246,0.8588940440733575
0.0,1.0
0.2492340686022065,0.7507659313977936
0.7652541520737459,0.2347458479262541
2.7755575615628914e-17,1.0
0.6352174103944069,0.3647825896055931
0.0,1.0
5.551115123125783e-17,0.9999999999999999
1.1102230246251565e-16,1.0
0.10021868808996064,0.8997813119100393
0.2423954357212515,0.7576045642787484
0.24155573347282436,0.7584442665271757
4.440892098500626e-16,0.9999999999999996
1.1102230246251565e-16,0.9999999999999999
1.1102230246251565e-16,1.0
0.0,1.0
0.4678880995392423,0.5321119004607577
0.07343915923566702,0.9265608407643331
0.0,1.0
0.0,1.0
0.5580624781465808,0.44193752185341917
1.1102230246251565e-16,1.0
4.996003610813204e-16,0.9999999999999996
0.0,1.0
0.0,1.0
0.0045300556772324505,0.9954699443227676
0.0,1.0
0.2593224296592264,0.7406775703407736
0.19179272436563496,0.8082072748409783
2.7755575615628914e-16,0.9999999999999998
0.0,1.0
0.6178362250117372,0.3821637749882628
0.10917993909486817,0.8908200609051319
0.0,1.0
0.19390074442406188,0.8060992555759383
0.0,1.0
1.3877787807814457e-16,0.9999999999999998
7.979727989493313e-17,0.9999999999999999
1.6653345369377348e-16,1.0
0.1767872388989482,0.8232127611010517
0.0,1.0
0.6351225763363694,0.36487742366363063
0.23077386586488402,0.769226134135116
1.1102230246251565e-16,0.9999999999999999
0.0,1.0
1.6653345369377348e-16,1.0
0.0,1.0
0.2589119443623976,0.7410880556376024
1.1102230246251565e-16,1.0
0.3600351758120289,0.6399648241879712
0.19793101606007718,0.8020689839399228
0.08815963478739677,0.9118403652126033
0.0,1.0
0.1457586223299963,0.8542413776700037
0.130754711590039,0.8692452884099612
0.08923540486917654,0.9107645951308235
2.7755575615628914e-17,1.0
0.27022258059729226,0.7297774194027079
1.1102230246251565e-16,1.0
6.938893903907228e-18,1.0
5.551115123125783e-17,1.0
8.326672684688674e-17,0.9999999999999999
0.0,1.0
0.0,1.0
5.551115123125783e-17,1.0
0.0,1.0
0.21350971209856692,0.7864902879014332
0.4761837833665138,0.5238162166334862
0.34150996413057866,0.6584900358694213
0.0,1.0
0.15885596322976533,0.8411440367702349
0.16693526490415916,0.8330647350958408
5.551115123125783e-17,1.0
3.0531133177191805e-16,0.9999999999999997
0.19119784072744453,0.8088021592725555
2.5326962749261384e-16,0.9999999999999997
0.0,1.0
0.3915885912538466,0.6084114087461534
0.3749101313682489,0.625089868631751
0.23243817266032954,0.7675618273396704
0.13475315349863382,0.8652468465013661
3.885780586188048e-16,0.9999999999999998
3.3306690738754696e-16,0.9999999999999997
8.326672684688674e-17,0.9999999999999999
0.49331514340117394,0.506684856598826
1.1102230246251565e-16,0.9999999999999999
0.14426950626355173,0.8557304937364483
0.0,1.0
0.0,1.0
1.6653345369377348e-16,0.9999999999999998
5.551115123125783e-17,1.0
2.7755575615628914e-17,1.0
0.3103396535834027,0.6896603464165975
6.661338147750939e-16,0.9999999999999993
0.11063819724945327,0.8893618027505468
2.7755575615628914e-16,0.9999999999999998
2.7755575615628914e-17,1.0
0.0,0.9999999999999999
0.0,1.0
3.3306690738754696e-16,0.9999999999999996
0.39177916357098697,0.6082208364290131
0.0,1.0
0.23523676257269097,0.764763237427309
0.0,1.0
1.3877787807814457e-17,1.0
0.22080705143562063,0.7791929485643794
0.010278303345346126,0.9897216966546538
3.191891195797325e-16,0.9999999999999997
0.0,1.0
0.006279162923668546,0.9937208370763315
1.1102230246251565e-16,0.9999999999999999
0.015084866493383016,0.9849151335066171
1.1102230246251565e-16,1.0
0.0,1.0
5.689893001203927e-16,0.9999999999999996
0.003910145782335942,0.9960898542176642
2.7755575615628914e-16,0.9999999999999997
0.0,1.0
0.0,1.0
1.1102230246251565e-16,1.0
3.469446951953614e-17,1.0
0.0,1.0
0.25550843413055035,0.7444915658694496
1.1102230246251565e-16,0.9999999999999999
0.0,1.0
0.30130853704799804,0.6986914629520017
0.3965561781636377,0.6034438218363624
2.7755575615628914e-16,0.9999999999999999
0.0,1.0
0.0,1.0
0.03260223846240965,0.9673977615375904
0.0,1.0
0.7297951247707285,0.2702048752292715
0.14321139125012705,0.856788608749873
0.027068688290591513,0.9729313117094086
2.220446049250313e-16,0.9999999999999998
0.178457320595778,0.821542679404222
0.31364462118158276,0.6863553788184171
0.0,1.0
0.0,1.0
1.1102230246251565e-16,1.0
0.0,1.0
2.7755575615628914e-16,0.9999999999999998
0.14213545627263718,0.8578645437273626
0.26921344412229964,0.7307865558777004
0.0,1.0
0.0,1.0
0.07834718102182787,0.9216528189781722
0.09366375746688466,0.9063362425331152
0.0,1.0
0.09052133154768115,0.9094786684523188
0.5245007855658517,0.47549921443414833
0.17928274582017942,0.8207172541798207
0.0,1.0
5.551115123125783e-17,1.0
1.1102230246251565e-16,1.0
0.0,1.0
5.551115123125783e-17,1.0
2.498001805406602e-16,0.9999999999999998
0.0,1.0
5.551115123125783e-17,1.0
0.31070496358083505,0.689295036419165
0.0,1.0
1.2663481374630692e-16,1.0
1.6653345369377348e-16,0.9999999999999999
0.0,1.0
0.7468460135212656,0.2531539864787345
5.551115123125783e-17,1.0
0.22728648291761977,0.7727135170823803
0.9299369682837217,0.0700630317162783
2.220446049250313e-16,0.9999999999999998
0.005200287483689772,0.9947997125163102
0.0,1.0
0.2035461086367605,0.7964538913632396
0.0,1.0
2.7755575615628914e-17,1.0
5.551115123125783e-17,1.0
0.3160023075621464,0.6839976924378538
0.0,1.0
1.3877787807814457e-16,0.9999999999999999
0.042600792274498,0.9573992077255019
0.0,1.0
0.5,0.5
0.24519325111905063,0.7548067488809492
1.6653345369377348e-16,0.9999999999999998
1.1102230246251565e-16,1.0
0.3951391461630344,0.6048608538369656
6.938893903907228e-18,1.0
0.5,0.5
0.05798533961122674,0.9420146601469511
0.18925264422916419,0.8107473557708357
0.0,1.0
4.163336342344337e-17,1.0
1.6653345369377348e-16,0.9999999999999998
2.636779683484747e-16,0.9999999999999998
3.885780586188048e-16,0.9999999999999997
0.0,1.0
1.1102230246251565e-16,1.0
0.13705827223080988,0.8629417277691902
0.7419519289879765,0.25804807101202354
0.0,1.0
0.0,1.0
0.0,1.0
3.885780586188048e-16,0.9999999999999998
6.617970060851519e-16,0.9999999999999993
0.23954265036333255,0.7604573496366674
2.220446049250313e-16,0.9999999999999998
0.0,1.0
0.46052050021978186,0.539479499780218
1.1102230246251565e-16,1.0
3.608224830031759e-16,0.9999999999999997
0.08810056772169073,0.9118994322783093
0.0,1.0
1.942890293094024e-16,0.9999999999999999
0.0,1.0
2.7755575615628914e-16,0.9999999999999998
0.22289441148465758,0.7771055885153425
0.0,1.0
0.0,1.0
0.6468585625788602,0.35314143742113985
0.0,1.0
0.08058887517909966,0.9194111248209004
1.1102230246251565e-16,0.9999999999999999
0.0,1.0
0.31522274298699215,0.6847772570130074
0.42574525021554993,0.5742547497844501
0.16752255364684115,0.8324774463531588
0.0,1.0
0.24416085825060174,0.755839141749398
2.220446049250313e-16,0.9999999999999998
0.0,1.0
5.551115123125783e-17,1.0
0.22934269106594737,0.7706573089340527
0.0069822848648127996,0.9930177151351872
0.0,1.0
0.27402250802480294,0.725977491975197
0.0,1.0
2.220446049250313e-16,0.9999999999999998
1.1102230246251565e-16,1.0
3.0531133177191805e-16,0.9999999999999998
5.551115123125783e-17,0.9999999999999998
1.1102230246251565e-16,1.0
0.0,1.0
0.0,1.0
0.10096812582699845,0.8990318741730016
0.0,1.0
0.22665084064835625,0.7733491593516437
0.0,1.0
4.718447854656915e-16,0.9999999999999996
0.08378214503276883,0.9162178549672313
2.220446049250313e-16,0.9999999999999998
1.942890293094024e-16,0.9999999999999998
0.12136061778711059,0.8786393822128895
0.14691221321306816,0.8530877867869318
0.032328982387721986,0.967671017612278
0.0,1.0
8.326672684688674e-17,1.0
3.608224830031759e-16,0.9999999999999997
5.551115123125783e-17,0.9999999999999999
0.5368711691831631,0.46312883081683687
0.4924241094561445,0.5075758905438555
1.1102230246251565e-16,1.0
1.1102230246251565e-16,0.9999999999999999
1.6653345369377348e-16,1.0
5.863365348801608e-16,0.9999999999999996
0.006120834201727318,0.9938791657982727
2.7755575615628914e-17,1.0
2.220446049250313e-16,0.9999999999999998
0.31598534570704395,0.6840146542929558
0.16783891642580295,0.832161083574197
0.20975952938433529,0.7902404706156647
0.0,1.0
1.1102230246251565e-16,0.9999999999999999
0.21538773055692859,0.7846122694430715
0.0,1.0
4.163336342344337e-17,1.0
5.551115123125783e-17,1.0
0.26278873128432456,0.7372112687156753
0.0,1.0
0.0,1.0
0.0,1.0
6.661338147750939e-16,0.9999999999999993
0.03714929677402309,0.962850703225977
5.551115123125783e-17,1.0
0.08075067743643521,0.919249322563565
0.242145561846898,0.757854438153102
0.568353182003352,0.431646817996648
0.0,1.0
0.0,1.0
1.1102230246251565e-16,0.9999999999999999
0.0,1.0
0.0,1.0
1.3877787807814457e-17,1.0
5.551115123125783e-17,1.0
0.0,1.0
0.39802339969046474,0.6019766003095353
0.0,1.0
0.713682360620911,0.2863176393790891
0.4673475963029362,0.5326524036970641
0.39200434506629106,0.6079956549337089
0.39711111212279093,0.6028888878772091
0.4326505065942849,0.567349493405715
0.0,1.0
0.14656922652448912,0.8534307734755109
0.3438717958882754,0.6561282041117247
0.28851986391011714,0.7114801360898828
1.1102230246251565e-16,1.0
0.0,1.0
0.2615450842258476,0.7384549157741525
0.3389628882753414,0.6610371117246586
0.17527155003585204,0.8247284499641478
2.220446049250313e-16,0.9999999999999998
2.7755575615628914e-16,0.9999999999999998
0.0,1.0
0.20949843730943987,0.7905015626905602
9.43689570931383e-16,0.999999999999999
0.07814529211308653,0.9218547078869135
0.0,1.0
1.249000902703301e-16,0.9999999999999998
1.1102230246251565e-16,1.0
0.0,1.0
2.7755575615628914e-17,0.9999999999999999
0.3264233650235456,0.6735766349764545
0.0,1.0
0.2624621009744466,0.737537899025553
0.0,1.0
1.3877787807814457e-16,0.9999999999999999
0.8144032322193381,0.18559676778066184
0.4795192630863321,0.5204807369136678
0.0,1.0
0.47882564720688503,0.521174352793115
0.069473810497367,0.930526189502633
0.08038083163386249,0.9196191683661377
0.49331434970909793,0.5066856502909021
0.019689774282921804,0.9803102257170782
0.3771325047703453,0.6228674952296547
0.21782639872205686,0.7821736012779431
1.1102230246251565e-16,0.9999999999999998
0.13142765985619723,0.8685723401438028
1.6653345369377348e-16,0.9999999999999999
0.0,1.0
0.0,1.0
0.531286119479766,0.468713880520234
0.0,1.0
5.551115123125783e-17,1.0
2.3592239273284576e-16,0.9999999999999997
0.0,1.0
0.0957775435538429,0.9042224564461572
0.0,1.0
0.13790696197390245,0.8620930380260976
0.5,0.5
0.0,1.0
5.551115123125783e-17,1.0
0.0,1.0
0.14442386779891042,0.8555761322010897
3.3306690738754696e-16,0.9999999999999998
0.0,1.0
2.7755575615628914e-16,0.9999999999999998
0.0,1.0
0.2369222368338589,0.7630777631661412
1.7954387976359953e-16,0.9999999999999999
0.0,1.0
0.0,1.0
0.6198920414582901,0.38010795854170987
2.7755575615628914e-17,1.0
0.316126595469101,0.6838734045308988
0.0,1.0
0.0,1.0
2.220446049250313e-16,0.9999999999999998
0.003923354189210611,0.9960766458107894
0.0,1.0
0.0,1.0
2.220446049250313e-16,0.9999999999999998
0.7884731484869039,0.21152685151309608
0.28074376105415605,0.719256238945844
0.4491336694476464,0.5508663305523537
1.1796119636642288e-16,0.9999999999999999
0.6310242483887235,0.36897575161127666
0.0,1.0
1.1102230246251565e-16,1.0
5.551115123125783e-17,0.9999999999999999
1.6653345369377348e-16,0.9999999999999998
2.7755575615628914e-17,1.0
0.4279656389787346,0.5720343610212655
3.191891195797325e-16,0.9999999999999997
3.0531133177191805e-16,0.9999999999999998
1.1102230246251565e-16,0.9999999999999999
0.0,1.0
5.134781488891349e-16,0.9999999999999994
1.1102230246251565e-16,1.0
0.07498533115075506,0.925014668849245
0.0,1.0
0.04387489954163935,0.9561251004583607
4.163336342344337e-17,0.9999999999999999
8.326672684688674e-17,1.0
0.2768601937513481,0.7231398062486519
5.551115123125783e-17,1.0
5.551115123125783e-17,1.0
1.1102230246251565e-16,1.0
1.1102230246251565e-16,1.0
0.0,1.0
5.551115123125783e-17,1.0
0.0,1.0
1.6653345369377348e-16,1.0
0.0,1.0
0.0,1.0
0.0,1.0
1.6653345369377348e-16,0.9999999999999998
0.0,1.0
0.013528087974362122,0.9864719120256379
2.220446049250313e-16,0.9999999999999998
0.0,1.0
0.8065165908240485,0.19348340917595158
1.1102230246251565e-16,1.0
0.562140491172226,0.437859508827774
2.7755575615628914e-17,1.0
0.03859877522276878,0.9614012247772312
0.0,1.0
9.992007221626409e-16,0.999999999999999
0.0,1.0
3.469446951953614e-17,0.9999999999999999
2.220446049250313e-16,0.9999999999999998
0.3153773839406424,0.6846226160593575
0.4734106039236067,0.5265893960763933
8.326672684688674e-17,1.0
0.1526066131971987,0.8473933868028013
0.0,1.0
0.04268569027608654,0.9573143097239134
1.1102230246251565e-16,0.9999999999999999
0.29938401006731347,0.7006159899326866
8.326672684688674e-17,0.9999999999999999
0.2369084780256453,0.7630915219743547
0.346047556858863,0.6539524431411372
8.326672684688674e-17,0.9999999999999999
0.1017188764630467,0.8982811235369533
0.0,1.0
2.220446049250313e-16,0.9999999999999998
6.938893903907228e-17,1.0
1.1102230246251565e-16,1.0
0.4358715432733015,0.5641284567266985
0.021531271701025336,0.9784687282989747
2.7755575615628914e-17,1.0
0.24923241263993343,0.7507675873600665
0.0,1.0
0.0,1.0
0.30435776205973597,0.6956422379402641
0.0,1.0
0.3636122872306539,0.636387712769346
5.551115123125783e-17,1.0
0.1453031760020564,0.8546968239979437
0.0,1.0
1.1102230246251565e-16,1.0
4.440892098500626e-16,0.9999999999999996
0.270343328532607,0.7296566714673931
5.551115123125783e-17,1.0
0.0,1.0
4.440892098500626e-16,0.9999999999999996
0.0,1.0
0.0,1.0
5.551115123125783e-17,0.9999999999999999
0.0,1.0
0.0,1.0
0.6816613555463411,0.31833864445365895
8.881784197001252e-16,0.9999999999999991
5.551115123125783e-17,1.0
5.551115123125783e-17,0.9999999999999999
0.0,1.0
0.0,1.0
0.0,1.0
0.08549405626195426,0.9145059437380457
0.0,1.0
0.0,1.0
2.220446049250313e-16,0.9999999999999999
0.0,1.0
0.0,1.0
0.3232619589035232,0.6767380410964768
0.08812858161221207,0.911871418387788
1.1102230246251565e-16,1.0
0.13820595519794152,0.8617940448020586
0.4179369197806956,0.5820630802193043
0.1415420340128162,0.8584579659871839
0.09630882658747597,0.903691173412524
0.5439981987228588,0.45600180127714113
0.6510464116580257,0.3489535883419745
0.0,1.0
0.08806296419391403,0.911937035806086
2.220446049250313e-16,0.9999999999999999
2.220446049250313e-16,0.9999999999999998
0.0037167120584450687,0.9962832879415549
0.0,1.0
1.6653345369377348e-16,0.9999999999999998
0.0,1.0
0.1463946452207154,0.8536053547792846
2.7755575615628914e-17,1.0
0.0,1.0
0.607734815330867,0.39226518466913296
1.1102230246251565e-16,1.0
0.08005939275014123,0.9199406072498586
0.0129497986577936,0.9870502013422064
1.249000902703301e-16,0.9999999999999998
5.551115123125783e-17,1.0
8.326672684688674e-17,1.0
0.4338391981983759,0.5661608018016241
0.6104956898495328,0.3895043101504673
0.19470649609068344,0.8052935039093165
0.4742769648993852,0.5257230351006148
0.0,1.0
0.0,1.0
4.163336342344337e-17,1.0
0.0,1.0
0.036397897701169316,0.9636021022988306
0.4611770364172747,0.5388229635827252
2.220446049250313e-16,0.9999999999999998
0.0,1.0
0.0,1.0
0.0,1.0
0.5601981068313093,0.43980189316869056
0.0,1.0
5.551115123125783e-17,0.9999999999999999
0.0,1.0
8.326672684688674e-17,0.9999999999999999
2.220446049250313e-16,0.9999999999999999
1.249000902703301e-16,0.9999999999999999
0.0,1.0
0.1253909538120906,0.8746090461879095
0.08827454181966847,0.9117254581803317
0.40568556901106523,0.5943144309889349
1.3877787807814457e-16,0.9999999999999999
2.220446049250313e-16,0.9999999999999998
1.1102230246251565e-16,0.9999999999999999
1.3877787807814457e-17,1.0
5.551115123125783e-17,1.0
0.41997198819550985,0.58002801180449
0.0,1.0
0.2879436817055492,0.7120563182944509
0.5445891452202997,0.4554108547797002
2.220446049250313e-16,0.9999999999999998
0.0,1.0
0.0,1.0
1.1102230246251565e-16,1.0
5.551115123125783e-17,1.0
0.2715032988474668,0.7284967011525333
0.4490850226357276,0.5509149773642722
0.035710932492579825,0.9642890675566265
0.0,1.0
0.0,1.0
0.3764652997183942,0.6235347002816057
0.11415263811775435,0.8858473618822454
0.0,1.0
5.273559366969494e-16,0.9999999999999993
3.2612801348363973e-16,0.9999999999999998
0.0,1.0
0.32797223276935444,0.6720277672306455
1.3877787807814457e-16,0.9999999999999999
0.16617931744374861,0.8338206825562516
0.0,1.0
5.551115123125783e-17,1.0
0.5299303938940342,0.47006960610596576
0.1379385893571496,0.8620614106428505
1.1102230246251565e-16,1.0
0.0,1.0
0.0,1.0
0.0,1.0
0.14881477394251977,0.8511852260574803
0.11003367170492769,0.8899663282950723
0.0,1.0
0.3303973030034045,0.6696026969965955
3.885780586188048e-16,0.9999999999999996
0.2830512313299215,0.7169487686700786
1.6653345369377348e-16,0.9999999999999999
0.0,1.0
0.6447443515934024,0.35525564840659757
2.220446049250313e-16,0.9999999999999998
8.326672684688674e-17,1.0
0.0,1.0
3.3306690738754696e-16,0.9999999999999998
0.0,1.0
5.689893001203927e-16,0.9999999999999993
1.6653345369377348e-16,1.0
0.0,1.0
3.885780586188048e-16,0.9999999999999998
0.46299324691035515,0.5370067530896446
0.0,1.0
0.08072332784097631,0.9192766721590235
0.5821934989058122,0.41780650109418804
0.5881272464099402,0.4118727535900599
0.2060642096756645,0.7939357903243356
6.245004513516506e-17,1.0
0.08874989869701438,0.9112501013029857
0.0,1.0
0.0,1.0
0.3917877461655557,0.6082122538344442
3.3306690738754696e-16,0.9999999999999998
1.1102230246251565e-16,1.0
0.6525718507858191,0.34742814921418075
0.17438277437611927,0.8256172256238808
8.604228440844963e-16,0.9999999999999991
3.0531133177191805e-16,0.9999999999999998
0.0,1.0
0.0,1.0
0.0,1.0
0.0,1.0
0.0,1.0
0.02511770459284219,0.9748822954071578
0.0,1.0
0.06642033159732819,0.9335796684026718
3.3306690738754696e-16,0.9999999999999998
5.551115123125783e-17,1.0
0.43031652018032734,0.5696834798196727
4.440892098500626e-16,0.9999999999999997
1.1102230246251565e-16,0.9999999999999999
0.0,1.0
1.1102230246251565e-16,1.0
5.551115123125783e-17,1.0
6.661338147750939e-16,0.9999999999999993
5.551115123125783e-17,1.0
0.0,1.0
1.249000902703301e-16,1.0
0.0,1.0
1.1102230246251565e-16,0.9999999999999999
5.551115123125783e-17,1.0
0.0,1.0
0.3413040945233384,0.6586959054766618
0.5,0.5
3.885780586188048e-16,0.9999999999999998
0.03619547873396276,0.9638045212660372
0.8021915868459399,0.19780841315406
0.5615262342736292,0.43847376572637103
1.1102230246251565e-16,0.9999999999999998
0.0,1.0
0.1892883364617791,0.810711663538221
0.3429502823161906,0.6570497176838095
3.2959746043559335e-16,0.9999999999999997
0.6073045052102148,0.3926954947897851
5.551115123125783e-17,1.0
0.04258315016482898,0.9574168498351711
0.3502352008710745,0.6497647991289254
3.3306690738754696e-16,0.9999999999999998
0.34251276396661007,0.6574872360333899
2.7755575615628914e-16,0.9999999999999998
5.551115123125783e-17,1.0
0.5,0.5
0.0,1.0
0.2192676510812007,0.7807323489187992
0.0,1.0
0.8068301335500182,0.19316986644998166
0.027203276563912523,0.9727967234360875
0.1776918785783897,0.8223081214216102
1.1102230246251565e-16,0.9999999999999999
0.14877812722699224,0.8512218727730076
0.43799642870226335,0.5620035712977367
0.0,1.0
0.5743778369991932,0.4256221630008067
5.551115123125783e-17,0.9999999999999999
0.16053787250951865,0.8394621274904814
0.0,1.0
0.26466231555993874,0.7353376844400613
0.7193641151082988,0.28063588489170094
0.18725888262293997,0.81274111737706
0.47466613090219156,0.5253338690978084
0.0,1.0
0.3543102551339992,0.6456897448660008
1.5265566588595902e-16,1.0
0.01812639100810551,0.9818736089918945
0.0,1.0
0.2493938864880044,0.7506061135119955
8.326672684688674e-17,0.9999999999999999
0.4427396673273771,0.5572603326726229
0.0,1.0
0.012379241446667773,0.9876207585533321
0.18931632895703335,0.8106836710429667
0.0,1.0
0.5859426737889568,0.41405732621104296
1.1102230246251565e-16,1.0
4.163336342344337e-17,1.0
0.8667595357527882,0.13324046424721178
5.551115123125783e-17,1.0
0.0,1.0
3.3306690738754696e-16,0.9999999999999998
3.3306690738754696e-16,0.9999999999999998
0.39209693686634056,0.6079030631336594
0.04982583125421124,0.9501741687457889
1.1102230246251565e-16,1.0
0.0,1.0
0.20618543856502622,0.7938145614349739
5.551115123125783e-17,1.0
0.3972824346714139,0.6027175653285858
0.0,1.0
2.7755575615628914e-17,1.0
0.6039010835874377,0.3960989164125623
0.5304608806897723,0.46953911931022774
1.6653345369377348e-16,0.9999999999999998
5.551115123125783e-16,0.9999999999999996
0.18933705960369165,0.8106629403963085
0.014818296452448188,0.9851817035475519
5.551115123125783e-17,0.9999999999999999
5.551115123125783e-17,1.0
0.041925266710890405,0.9580747332891096
1.6653345369377348e-16,0.9999999999999999
8.586881206085195e-17,0.9999999999999999
5.551115123125783e-17,1.0
0.49714471059699494,0.5028552894030051
0.0,1.0
0.0,1.0
0.5,0.5
0.11094160042363561,0.8890583995763643
6.938893903907228e-18,1.0
0.0,1.0
0.6244557439989452,0.37554425600105473
5.551115123125783e-17,1.0
0.0,1.0
0.15117148758330518,0.8488285124166949
1.1102230246251565e-16,0.9999999999999999
1.1102230246251565e-16,1.0
0.0,1.0
0.0,1.0
5.551115123125783e-17,1.0
0.0,1.0
0.0,1.0
0.09399543192517754,0.9060045680748225
5.551115123125783e-17,1.0
3.3306690738754696e-16,0.9999999999999998
5.551115123125783e-17,1.0
0.0,1.0
2.7755575615628914e-17,1.0
0.5154807647433194,0.4845192352566806
0.0,1.0
0.3920389346465217,0.6079610653534782
0.5,0.5
2.220446049250313e-16,0.9999999999999999
2.7755575615628914e-17,1.0
0.06824572530089261,0.9317542746991073
0.0,1.0
1.8041124150158794e-16,0.9999999999999998
0.0,1.0
2.3592239273284576e-16,0.9999999999999999
0.0,1.0
0.048933163583348996,0.9510668364166511
0.13142866452382426,0.8685713354761758
0.0,1.0
2.220446049250313e-16,0.9999999999999999
0.4595593555349108,0.5404406444650893
0.0,1.0
0.169173298380706,0.8308267016192941
0.0,1.0
5.551115123125783e-17,1.0
1.1102230246251565e-16,0.9999999999999999
5.551115123125783e-17,1.0
1.1102230246251565e-16,1.0
0.0,1.0
6.938893903907228e-18,1.0
0.0,1.0
4.996003610813204e-16,0.9999999999999996
6.938893903907228e-17,1.0
0.0,1.0
2.220446049250313e-16,0.9999999999999998
0.0,1.0
0.0,1.0
2.220446049250313e-16,0.9999999999999998
0.0,1.0
0.0,1.0
1.942890293094024e-16,0.9999999999999999
0.791729393333416,0.20827060666658406
0.0,1.0
0.0,1.0
3.0531133177191805e-16,0.9999999999999998
0.058762268637678965,0.941237731362321
0.0,1.0
0.4566864851784421,0.5433135148215578
4.440892098500626e-16,0.9999999999999996
1.457167719820518e-16,1.0
2.0816681711721685e-16,0.9999999999999998
0.09851973611687827,0.9014802636219793
3.0531133177191805e-16,0.9999999999999997
2.7755575615628914e-17,1.0
0.0,1.0
0.0,1.0
0.0,1.0
2.220446049250313e-16,0.9999999999999998
0.18015278620720712,0.8198472137927929
0.20960992472736126,0.7903900752726388
0.0,1.0
0.0,1.0
1.1102230246251565e-16,1.0
1.3877787807814457e-17,1.0
0.02061322638226249,0.9793867736177376
0.10934793220506785,0.8906520677949322
0.0,1.0
3.608224830031759e-16,0.9999999999999996
0.5238389606197129,0.4761610393802873
0.0,1.0
0.4904874912620202,0.5095125087379798
0.0,1.0
0.4308617128463967,0.5691382871536035
5.551115123125783e-17,1.0
0.27590316631629147,0.7240968336837085
0.0,1.0
0.15910276538938917,0.8408972346106108
2.220446049250313e-16,0.9999999999999998
0.0,1.0
8.326672684688674e-17,1.0
5.551115123125783e-17,1.0
0.13859168071853,0.8614083192814699
2.7755575615628914e-17,1.0
2.220446049250313e-16,0.9999999999999998
0.0,1.0
0.0,1.0
8.326672684688674e-17,1.0
0.0,1.0
1.942890293094024e-16,0.9999999999999998
0.502540566559134,0.49745943344086596
5.551115123125783e-17,1.0
2.220446049250313e-16,0.9999999999999999
0.24875994020179049,0.7512400597982096
0.0,1.0
0.0,1.0
0.15601045065473385,0.8439895493452662
0.0,1.0
4.0245584642661925e-16,0.9999999999999997
0.5672864625466775,0.43271353745332247
3.885780586188048e-16,0.9999999999999997
5.551115123125783e-17,1.0
0.0,1.0
0.0,1.0
0.2678126340509027,0.7321873659490973
5.551115123125783e-17,1.0
0.41310730034008764,0.5868926996599125
0.35632233156739573,0.6436776684326042
0.0,1.0
2.6020852139652106e-17,1.0
1.1102230246251565e-16,1.0
0.0,1.0
0.1482350677145929,0.8517649322854071
0.0,1.0
0.0,1.0
0.30979414196236704,0.690205858037633
0.22463843385598478,0.7753615661440152
8.326672684688674e-17,0.9999999999999999
0.0,1.0
0.25027435794637165,0.7497256420536282
0.5136042874331068,0.48639571256689307
0.0,1.0
2.220446049250313e-16,0.9999999999999998
0.47853310921076364,0.5214668907892364
0.0,1.0
0.0,1.0
1.6653345369377348e-16,0.9999999999999998
0.0,1.0
0.435750535289046,0.5642494647109539
0.0,1.0
5.273559366969494e-16,0.9999999999999994
0.5657098313354411,0.43429016866455894
0.07260214965696501,0.927397850343035
0.0,1.0
0.12843645523306912,0.8715635447669309
0.0,1.0
7.112366251504909e-17,1.0
0.03327707532769304,0.9667229246723069
0.47840663934863387,0.5215933606513661
0.5136847183964415,0.48631528160355847
0.030717727483557018,0.9692822725164429
0.2574017635845696,0.7425982364154303
0.023971082555451807,0.9760289173340473
0.0,1.0
0.0,1.0
3.0531133177191805e-16,0.9999999999999998
0.0,1.0
0.2675927498022899,0.73240725019771
1.6653345369377348e-16,0.9999999999999998
0.04557792572910631,0.9544220742708937
0.6959867169530412,0.3040132830469589
0.0,1.0
0.0,1.0
0.0,1.0
0.0,1.0
4.649058915617843e-16,0.9999999999999996
0.11109973118320621,0.888900268816794
0.0,1.0
0.0,1.0
1.3010426069826053e-16,0.9999999999999999
0.7284858353167462,0.27151416468325384
0.0,1.0
0.44376128071943854,0.5562387192805616
0.0,1.0
0.11982438166070684,0.8801756183392931
3.7686867515596134e-16,0.9999999999999997
0.0,1.0
0.0,1.0
0.06371065432628556,0.9362893456737144
8.326672684688674e-17,1.0
0.0,1.0
1.1102230246251565e-16,1.0
0.04460399847287209,0.9553960015271279
0.01649826640199253,0.9835017335526566
0.0,1.0
1.1102230246251565e-16,0.9999999999999999
5.551115123125783e-17,1.0
0.060483426947674716,0.9395165730523253
0.2699501529327147,0.7300498470672854
0.23088854316378593,0.7691114568362141
1.1102230246251565e-16,1.0
2.220446049250313e-16,0.9999999999999998
0.0,1.0
0.29047320761777495,0.7095267923822249
0.025224798075683418,0.9747752019243167
0.18094804755350563,0.8190519524464943
0.5528110425439858,0.447188957456014
0.33589410744057074,0.6641058925594292
0.24193956048779092,0.7580604395122091
5.551115123125783e-17,1.0
8.326672684688674e-17,1.0
5.551115123125783e-17,1.0
1.1102230246251565e-16,0.9999999999999999
0.0,1.0
0.0,1.0
0.05690507712347833,0.9430949228765216
2.220446049250313e-16,0.9999999999999998
0.0,1.0
0.0,1.0
0.481591609120058,0.518408390879942
0.11410143431396001,0.88589856568604
2.7755575615628914e-16,0.9999999999999998
0.6374123155368399,0.3625876844631602
0.0,1.0
0.0,1.0
1.249000902703301e-16,0.9999999999999998
0.40135771451699864,0.5986422854830014
5.551115123125783e-17,1.0
5.551115123125783e-17,1.0
0.14582000604125042,0.8541799939587496
