CT-7,CT-1
0.32948017496776955,0.6705198250322305
0.13631040181271437,0.8636895981872856
0.5972550329429372,0.40274496705706275
0.1474974477408528,0.8525025522591472
0.16234564842159457,0.8376543515784054
0.20590078466187423,0.7940992153381258
0.3412194370139448,0.6587805629860553
0.2720734506635043,0.7279265493364957
0.23375013254470772,0.7662498674552923
0.0,1.0
0.1151274590321938,0.8848725409678062
0.06176367981107654,0.9382363201889234
0.39121239953757536,0.6087876004624246
0.26366699138743865,0.7363330086125613
0.11976358030479037,0.8802364196952096
0.09575962022161705,0.9042403797783829
0.1518251678527753,0.8481748321472247
0.2662455649566566,0.7337544350433434
5.551115123125783e-17,1.0
0.0,1.0
0.3009910495441877,0.6990089504558122
0.08895773060817905,0.911042269391821
0.11254289492071878,0.8874571050792812
0.36126467516599337,0.6387353248340066
0.0,1.0
0.4114977472011354,0.5885022527988646
0.2178443416537724,0.7821556583462277
0.3510771586693848,0.6489228413306152
0.27344592166320447,0.7265540783367955
0.3485937497561523,0.6514062502438476
0.21030030519827927,0.7896996948017206
0.14662559777971004,0.85337440222029
0.38683124592587415,0.6131687540741259
0.15174816076737116,0.8482518392326289
0.1258704645024128,0.8741295354975872
0.24270571624991905,0.7572942837500811
0.281917488509062,0.7180825114909379
0.2425022235208072,0.7574977764791929
0.21438392708465903,0.7856160729153411
0.2261857359117854,0.7738142640882146
0.0,1.0
0.45288510601102683,0.5471148939889732
0.008854885541104463,0.9911451144588955
0.38123008876197945,0.6187699112380206
0.30755058318794,0.69244941681206
0.20695250027293738,0.7930474997270627
0.12255380706890331,0.8774461929310967
0.0,1.0
0.0,1.0
0.10843494657021664,0.8915650534297834
0.15462294395195317,0.8453770560480468
0.11799994927551326,0.8820000507244867
0.09163504436631636,0.9083649556336837
0.20738244792133445,0.7926175520786656
0.14240408374339675,0.8575959162566033
0.33861436529222794,0.6613856347077721
0.26187197886156016,0.7381280211384398
0.0754218533962758,0.9245781466037242
0.1808788282546244,0.8191211717453756
0.23044478732749354,0.7695552126725065
0.2669200897216798,0.7330799102783203
0.48101095902462715,0.5189890409753729
0.3500313056527082,0.6499686943472918
0.121983985947898,0.8780160140521021
0.24762236113618064,0.7523776388638194
0.23078136503392602,0.769218634966074
0.01813695742612389,0.9818630425738761
0.16662601554372325,0.8333739844562768
0.40536575824686166,0.5946342417531383
0.13313489139718881,0.8668651086028112
0.13559773403609046,0.8644022659639096
0.3690663171281968,0.6309336828718032
0.08694036312692965,0.9130596368730703
0.12711791327952357,0.8728820867204764
0.20891141573868954,0.7910885842613105
0.0824062155853057,0.9175937844146943
0.08285926980858507,0.917140730191415
0.2812937024369073,0.7187062975630927
0.0,1.0
5.551115123125783e-17,1.0
0.0,1.0
0.13512953727440036,0.8648704627255996
0.0836827285394143,0.9163172714605856
0.020277230097735747,0.9797227699022643
0.2495935697791888,0.7504064302208112
0.16937193528059669,0.8306280647194033
0.13775121348995448,0.8622487865100456
0.28126164599331205,0.718738354006688
0.06781987571791831,0.9321801242820816
0.2809403681115516,0.7190596318884486
0.3350005772827912,0.6649994227172088
0.0,1.0
0.13419705626405382,0.8658029437359462
0.2592421971860152,0.7407578028139848
0.3090971317177357,0.6909028682822643
0.16300943931140388,0.8369905606885961
0.5143015459719977,0.4856984540280023
0.14371179488453395,0.856288205115466
0.10837820959148467,0.8916217904085154
0.2525665594477917,0.7474334405522083
0.14582368706750637,0.8541763129324936
0.17915263988029215,0.8208473601197079
0.10594096883398683,0.8940590311660132
0.28291135159868197,0.7170886484013181
0.05531479127380399,0.944685208726196
0.23311428591777772,0.7668857140822223
0.3283606214329025,0.6716393785670974
0.186993431209171,0.813006568790829
0.1679298243271753,0.8320701756728247
0.005736333510489952,0.99426366648951
0.2875079004462853,0.7124920995537148
0.1266293289059855,0.8733706710940147
0.21387271821948195,0.786127281780518
0.07647452668283215,0.9235254733171679
0.22502658608979426,0.7749734139102057
0.2312105002352358,0.7687894997647642
0.311180119246343,0.6888198807536571
0.28250234011471365,0.7174976598852865
0.2520118775463902,0.7479881224536098
0.27064751686065075,0.7293524831393493
0.21466309604691783,0.7853369039530822
0.25314590651506796,0.7468540934849319
0.08742443408653512,0.9125755659134649
0.02358040365478531,0.9764195963452147
0.38222214827722917,0.6177778517227709
0.31845824852294036,0.6815417514770595
0.0,1.0
1.1102230246251565e-16,1.0
0.06532514107942414,0.9346748589205758
0.27956621710596974,0.7204337828940304
0.3178180038163545,0.6821819961836455
0.003625992602584036,0.996374007397416
0.2882735554261292,0.7117264445738708
0.4012207031591108,0.5987792968408892
0.18691266144498378,0.8130873385550162
0.1737932571880176,0.8262067428119824
0.12678368722055142,0.8732163127794486
0.014645938163658837,0.9853540618363411
0.2502219250492224,0.7497780749507776
0.19257729429175838,0.8074227057082416
0.048217473764310105,0.9517825262356898
0.26753263950324374,0.7324673604967563
5.551115123125783e-17,1.0
0.10243988298764475,0.8975601170123553
0.10971335190010192,0.8902866480998981
0.32439279118323444,0.6756072088167656
0.07189743436304358,0.9281025656369565
0.226052550227227,0.773947449772773
0.3985215091783145,0.6014784908216856
0.26662661470890886,0.7333733852910913
0.16428100202766177,0.8357189979723383
0.19677216174534728,0.8032278382546527
0.2400036290500504,0.7599963709499497
0.10554450643802529,0.8944554935619748
0.07867952991079653,0.9213204700892036
0.1836712667429169,0.8163287332570832
0.1701616663527635,0.8298383336472365
0.06582456603517588,0.9341754339648242
0.0496421370699038,0.9503578629300962
0.36035573822810735,0.6396442617718926
0.0,1.0
0.07973244935275572,0.9202675506472443
0.3765168914053885,0.6234831085946115
0.1574288411176385,0.8425711588823616
0.18315733220111144,0.8168426677988886
0.3038394211968508,0.6961605788031492
0.35393848987167426,0.6460615101283257
0.3338648355035912,0.6661351644964089
0.43456115616199975,0.5654388438380002
0.25602993258925766,0.7439700674107423
0.09449055723380702,0.9055094427661929
0.37820539082845184,0.6217946091715482
0.0,1.0
0.16616820971940924,0.8338317902805908
0.3068828265363766,0.6931171734636233
0.004936853712129625,0.9950631462878704
0.0,1.0
0.0,1.0
0.03306376440301424,0.9669362355969858
0.33163139737129166,0.6683686026287083
0.08763663889132853,0.9123633611086716
0.21537271383609935,0.7846272861639007
0.2995104025371995,0.7004895974628005
0.4405982870074942,0.5594017129925059
0.16821283847093543,0.8317871615290645
0.16888560883486706,0.8311143911651329
0.3141570546209386,0.6858429453790613
5.551115123125783e-17,1.0
0.39403766081786995,0.60596233918213
0.393947833437016,0.606052166562984
0.29038883205775445,0.7096111679422455
0.07363583661576807,0.926364163384232
0.3303720154531491,0.6696279845468509
0.010005078562312697,0.9899949214376873
0.47302625471558307,0.526973745284417
0.2287986918645114,0.7712013081354887
0.18892804476419325,0.8110719552358068
0.0,1.0
0.19782939631966942,0.8021706036803306
0.011194779301936544,0.9888052206980634
0.17158057155445702,0.828419428445543
0.23724126321229286,0.7627587367877072
0.013342316817599635,0.9866576831824003
0.29419938712452887,0.7058006128754711
0.0,1.0
0.09495057968673554,0.9050494203132644
0.2753122641439916,0.7246877358560084
0.2579079510233933,0.7420920489766066
0.0,1.0
0.5066524132678979,0.49334758673210205
0.16226273658111676,0.8377372634188833
5.551115123125783e-17,1.0
0.10951769317904608,0.8904823068209539
0.04453677659214484,0.9554632234078552
0.0,1.0
0.0,1.0
0.1365009646234937,0.8634990353765062
0.19216992968049415,0.8078300703195058
0.21463623326054712,0.7853637667394529
0.1663823352821288,0.8336176647178712
1.6653345369377348e-16,1.0
0.16352062949405932,0.8364793705059407
0.16623806169169897,0.833761938308301
0.0,1.0
0.005682210713473954,0.994317789286526
0.48454094737286185,0.5154590526271381
0.20383167621361262,0.7961683237863875
0.3258099434592919,0.6741900565407082
0.0,1.0
0.3490458250167827,0.6509541749832173
0.37926341323724944,0.6207365867627506
0.14870260049691025,0.8512973995030897
0.05575274594866851,0.9442472540513315
0.09050971259487044,0.9094902874051295
0.1890543155326789,0.8109456844673212
0.11337685943000621,0.8866231405699938
0.0,1.0
0.2254803185875752,0.7745196814124248
0.02908739380200565,0.9709126061979944
0.14391995339533636,0.8560800466046637
0.13475357977624142,0.8652464202237586
0.30132195056448335,0.6986780494355166
0.02511071342288101,0.9748892865771189
0.09329893064506291,0.9067010693549371
0.0,1.0
0.0,1.0
0.4449169318378291,0.5550830681621709
0.0,1.0
0.08080783951607934,0.9191921604839206
0.1760873456254565,0.8239126543745435
0.2363151316736059,0.763684868326394
0.0,1.0
0.16942178399127905,0.830578216008721
0.3326594117350137,0.6673405882649863
0.17916768196411012,0.82083231803589
5.551115123125783e-17,1.0
0.07724350155801683,0.9227564984419833
0.3113046535135437,0.6886953464864563
0.09972671247659524,0.9002732875234049
0.12920829015801408,0.870791709841986
0.04545278128494201,0.954547218715058
0.2338565103497098,0.7661434896502902
0.09954201877644274,0.9004579812235572
0.01975197019636291,0.9802480298036371
0.31042673297200574,0.6895732670279944
0.14153172540071643,0.8584682745992835
0.14749258483516217,0.8525074151648379
0.15463563112880385,0.8453643688711963
0.13905493875174335,0.8609450612482566
0.0,1.0
0.21435963060980315,0.7856403693901968
0.2532766089286139,0.7467233910713862
0.08480322664644,0.9151967733535601
0.3267797665996877,0.6732202334003123
0.1461229300721402,0.8538770699278598
0.2632139331844843,0.7367860668155156
5.551115123125783e-17,1.0
0.2117277163441198,0.7882722836558802
0.0,1.0
0.0,1.0
0.10348074163432475,0.8965192583656753
0.2416670594150921,0.758332940584908
0.06897657350864277,0.9310234264913573
0.16928384283227996,0.8307161571677201
0.4133588565672079,0.5866411434327922
0.13105860312855305,0.8689413968714469
0.13489807991945157,0.8651019200805484
0.12032114167458195,0.879678858325418
0.301235807405686,0.698764192594314
0.07409127895713583,0.9259087210428643
0.2724468400431774,0.7275531599568226
0.14644530528015504,0.853554694719845
5.551115123125783e-17,1.0
0.258793737918189,0.7412062620818111
0.1351425836665052,0.8648574163334948
0.2440588991081923,0.7559411008918077
0.3039885184167436,0.6960114815832564
0.0,1.0
0.20373075458399462,0.7962692454160054
0.12508601298452054,0.8749139870154795
0.1465601784118048,0.8534398215881952
0.0,1.0
0.40551498932335917,0.5944850106766407
0.07549679671264299,0.924503203287357
0.45069763741753277,0.5493023625824672
0.14841287355399932,0.8515871264460007
0.28549242605877434,0.7145075739412257
0.0,1.0
0.2789231997259518,0.7210768002740482
0.1955625849009295,0.8044374150990705
0.1654126544574046,0.8345873455425955
0.0,1.0
0.232105135676939,0.767894864323061
0.0,1.0
0.4325024766202235,0.5674975233797765
0.31002699484995594,0.6899730051500441
0.37416278762422756,0.6258372123757725
5.551115123125783e-17,1.0
0.0,1.0
0.1501724384272539,0.8498275615727461
0.25953894024013535,0.7404610597598646
0.192547167924846,0.807452832075154
0.34041595504564676,0.6595840449543532
0.0,1.0
0.04514783099870985,0.9548521690012901
0.2720127400208756,0.7279872599791244
0.03476881139515573,0.9652311886048442
0.10749442627992853,0.8925055737200714
0.0,1.0
0.41751006498224413,0.5824899350177558
0.2638965286265284,0.7361034713734715
0.21708230583315,0.78291769416685
0.1790036315428779,0.8209963684571221
0.42568995949464095,0.574310040505359
0.09419326141996968,0.9058067385800304
5.551115123125783e-17,1.0
0.3095680170174499,0.69043198298255
0.28336489592185043,0.7166351040781496
0.20208963149179338,0.7979103685082066
0.28320375359908817,0.7167962464009119
0.5,0.5
0.10125592194913904,0.898744078050861
0.0741742138190316,0.9258257861809684
0.2215275874637686,0.7784724125362315
0.18036456440373905,0.819635435596261
0.004489022084990442,0.9955109779150095
0.11653385061372039,0.8834661493862797
0.4310151832704724,0.5689848167295276
0.1433465045010926,0.8566534954989073
0.3096059954379405,0.6903940045620597
0.19246587371073962,0.8075341262892605
0.29142047313996355,0.7085795268600364
0.11210246260100112,0.8878975373989989
0.03197568435990907,0.968024315640091
0.014813734336009023,0.9851862656639909
0.0,1.0
0.18010301209185908,0.8198969879081408
0.23277938770022277,0.7672206122997773
0.16581387397725048,0.8341861260227496
0.0,1.0
0.28638867725178185,0.7136113227482181
0.20834922599340436,0.7916507740065957
0.33040612283802234,0.6695938771619777
0.4243515940257446,0.5756484059742554
0.22875150875135825,0.7712484912486418
0.14797503988967528,0.8520249601103248
4.85722573273506e-17,1.0
0.09684073265600161,0.9031592673439983
0.1358895579329774,0.8641104420670225
0.0,1.0
0.24688255800334086,0.7531174419966591
0.21364293921981542,0.7863570607801846
0.24540764330964424,0.7545923566903557
0.040236167769641215,0.9597638322303588
0.21721026244112268,0.7827897375588773
0.36729856142432293,0.6327014385756772
0.11015221440564749,0.8898477855943525
0.3499862599509926,0.6500137400490075
0.3310490900827505,0.6689509099172495
0.10089833055113819,0.8991016694488618
0.15809102801372954,0.8419089719862705
0.20134710226407326,0.7986528977359267
0.03521757502416702,0.964782424975833
0.1429863644858435,0.8570136355141564
0.16603277157249585,0.8339672284275041
0.1797501335156911,0.820249866484309
0.11923506540757015,0.8807649345924299
0.23042194009337644,0.7695780599066236
0.04306548408004317,0.9569345159199569
0.12929809360799693,0.8707019063920031
0.19410617124282245,0.8058938287571776
0.12475238612490015,0.8752476138750998
0.1185319940102505,0.8814680059897495
0.226285365718345,0.773714634281655
0.18053104444291437,0.8194689555570857
0.262250602135667,0.737749397864333
0.4323116161252196,0.5676883838747804
0.19354793231744352,0.8064520676825564
1.6653345369377348e-16,0.9999999999999998
0.3542615878751139,0.6457384121248861
0.25656676713081905,0.743433232869181
0.0,1.0
0.2677001643400883,0.7322998356599117
0.40129017051939203,0.598709829480608
2.7755575615628914e-16,0.9999999999999997
0.05823917903195562,0.9417608209680444
0.23854140794075376,0.7614585920592463
0.1112948548833945,0.8887051451166056
0.13046391348159456,0.8695360865184054
0.32999339605698,0.67000660394302
0.20902253924809386,0.7909774607519062
5.551115123125783e-17,1.0
0.23009429444670354,0.7699057055532964
0.03364471314369622,0.9663552868563038
0.022018262466482356,0.9779817375335177
0.0,1.0
0.35446865231019203,0.645531347689808
0.19126544512594018,0.8087345548740598
0.12940939110558794,0.870590608894412
0.1747508081739702,0.8252491918260297
0.24616297276606505,0.7538370272339349
0.326684046131449,0.6733159538685509
0.08999457150339302,0.910005428496607
0.120410607065186,0.879589392934814
0.2711136271371013,0.7288863728628987
5.551115123125783e-17,1.0
0.0263162044188261,0.9736837955811739
0.2702771432829878,0.7297228567170122
0.3686870445986692,0.6313129554013308
0.07585470852377167,0.9241452914762284
0.11036946730210687,0.8896305326978932
0.32591140996642004,0.67408859003358
0.09819955083107738,0.9018004491689227
0.31243677060192815,0.6875632293980718
0.2600685968252166,0.7399314031747833
0.28649078398990574,0.7135092160100942
0.3442359958701571,0.6557640041298429
0.3306501756352832,0.6693498243647168
0.30316679415872366,0.6968332058412763
0.015913485867244143,0.9840865141327558
0.30271046409875,0.69728953590125
0.0,1.0
0.2129105494086764,0.7870894505913236
0.45530968610197947,0.5446903138980205
0.0,1.0
0.06867674768156913,0.9313232523184308
0.039844001666727955,0.960155998333272
0.3149357336632336,0.6850642663367664
5.551115123125783e-17,1.0
0.35714972868012324,0.6428502713198767
0.032536535708382136,0.9674634642916179
0.053118091818618186,0.9468819081813817
0.1488157244948147,0.8511842755051854
0.12459521781560823,0.8754047821843918
0.03255503120064162,0.9674449687993584
0.29473508653220737,0.7052649134677926
0.25373924287070965,0.7462607571292903
0.11970767676921518,0.8802923232307848
0.14360543423868344,0.8563945657613165
0.1981905396125633,0.8018094603874368
0.2679031178335908,0.7320968821664092
0.1362599063297543,0.8637400936702456
0.31400521741133924,0.6859947825886609
0.1534710685271592,0.8465289314728408
0.323120184192119,0.676879815807881
0.1704402624750604,0.8295597375249396
0.0,1.0
0.14180395739492438,0.8581960426050755
0.21357251913659592,0.7864274808634041
0.09264041917478366,0.9073595808252164
5.551115123125783e-17,0.9999999999999999
0.21943625616712548,0.7805637438328745
0.3570651381684971,0.642934861831503
0.3850779623516457,0.6149220376483542
0.41213013971652634,0.5878698602834737
0.18652119045270174,0.8134788095472982
0.46326262791117057,0.5367373720888294
0.10526961646873102,0.894730383531269
0.12712054752427812,0.872879452475722
0.12798883821372858,0.8720111617862715
0.2620652236725766,0.7379347763274234
0.45453956490010117,0.5454604350998987
0.21342103046378108,0.7865789695362189
0.13679875192423988,0.8632012480757602
0.19847363923045,0.8015263607695501
0.08470139614221688,0.9152986038577832
0.16243345125684183,0.8375665487431582
0.1491096711030394,0.8508903288969606
0.03457150921439488,0.9654284907856051
0.3802647916302536,0.6197352083697464
0.351885352368858,0.648114647631142
0.1130778482775733,0.8869221517224267
0.27600523582648745,0.7239947641735126
0.015760305834926897,0.9842396941650731
0.4249887785730948,0.5750112214269052
0.03189862253823482,0.9681013774617652
0.20838441728895493,0.791615582711045
0.1523458617098025,0.8476541382901975
0.36758185389850334,0.6324181461014966
0.48697433559006675,0.5130256644099332
0.21415005856888764,0.7858499414311124
0.229415559090195,0.7705844409098049
0.2580759896760464,0.7419240103239536
0.12886691295691935,0.8711330870430806
0.17503955563821508,0.824960444361785
0.3413080302906682,0.6586919697093319
0.06041967192806092,0.9395803280719391
0.3193485715352537,0.6806514284647462
0.07361059197018337,0.9263894080298166
0.25108896083084103,0.7489110391691589
0.0848068018981665,0.9151931981018334
0.2666853255349775,0.7333146744650225
0.5598868467018714,0.4401131532981286
0.3264085124112753,0.6735914875887247
0.3264524291083495,0.6735475708916506
0.2103646260625617,0.7896353739374382
0.15225390026344726,0.8477460997365528
0.08198564728269805,0.918014352717302
0.2281291561595633,0.7718708438404368
0.0,1.0
0.2621409885636126,0.7378590114363873
0.0,1.0
0.4572694068592589,0.5427305931407411
0.03064073167206603,0.9693592683279341
0.14901146858916203,0.8509885314108379
0.1753937513858049,0.8246062486141952
0.2268796842177223,0.7731203157822777
0.07985081917581648,0.9201491808241835
0.38036103434295004,0.61963896565705
0.06625018370654948,0.9337498162934506
0.30202431531100077,0.6979756846889992
0.1356250047801199,0.86437499521988
0.12323068091159696,0.876769319088403
0.0,1.0
0.13598534955846497,0.864014650441535
0.13306174777632498,0.866938252223675
0.0,1.0
0.29985028968155103,0.700149710318449
0.41286693225132676,0.5871330677486731
0.22993285780062067,0.7700671421993793
0.08416383016086347,0.9158361698391365
5.551115123125783e-17,1.0
0.298809671333872,0.701190328666128
0.43183856267524656,0.5681614373247534
0.0,1.0
0.10982303993641725,0.8901769600635828
0.07944722962618474,0.9205527703738153
0.0,1.0
0.09711618491684149,0.9028838150831585
0.09163603518099847,0.9083639648190015
0.0253944779951275,0.9746055220048725
0.10330377256402382,0.8966962274359761
0.3964782461670221,0.6035217538329779
0.023214630946735444,0.9767853690532645
0.09196591143865449,0.9080340885613455
0.3108418560521871,0.6891581439478129
0.07238448317127856,0.9276155168287215
0.18417603772553984,0.8158239622744602
0.29176241493317995,0.70823758506682
0.0,1.0
0.0,1.0
0.36367090534370416,0.6363290946562958
0.288517555611337,0.7114824443886629
0.38103279994360445,0.6189672000563956
0.3336308549493283,0.6663691450506717
0.2751069943221582,0.7248930056778418
0.09494326056900257,0.9050567394309974
0.07584974196835229,0.9241502580316476
0.32692605791962587,0.6730739420803742
0.021803748168650116,0.9781962518313498
0.486483272967773,0.5135167270322271
0.27502462646673065,0.7249753735332695
0.221366561032829,0.7786334389671711
0.35299558063501496,0.6470044193649851
0.09535934498175802,0.904640655018242
1.6653345369377348e-16,0.9999999999999999
0.1684546194598865,0.8315453805401135
0.2109722199697359,0.7890277800302642
0.32329901278153905,0.6767009872184611
0.06888285744882097,0.9311171425511791
0.21178779949020804,0.788212200509792
0.0,1.0
0.19348556203231065,0.8065144379676893
0.22461078453948563,0.7753892154605144
0.26006091170917206,0.739939088290828
0.11854323894545976,0.8814567610545403
0.24368700590137826,0.7563129940986217
0.2024285610535291,0.797571438946471
0.01385056889964284,0.9861494311003572
0.0,1.0
0.015089517375706787,0.9849104826242933
0.048929447031597385,0.9510705529684026
0.1641566805154733,0.8358433194845267
0.16611732314440691,0.833882676855593
0.0813462928463321,0.9186537071536679
0.33458539192924147,0.6654146080707586
0.30381754107276404,0.6961824589272361
0.3064639899166539,0.6935360100833461
0.0,1.0
0.2833799685072697,0.7166200314927302
0.23809804802116386,0.7619019519788361
0.28702896044628434,0.7129710395537157
0.16336827949856014,0.8366317205014399
0.22657105178868908,0.7734289482113109
0.2377951123160404,0.7622048876839596
0.35869230792253065,0.6413076920774693
0.026671412538711185,0.9733285874612888
0.2208353139286467,0.7791646860713534
1.1102230246251565e-16,1.0
0.06708482613458554,0.9329151738654146
0.09107688328595266,0.9089231167140474
0.21294126763843124,0.7870587323615689
0.0,1.0
0.09438945853515304,0.905610541464847
0.19786630833229063,0.8021336916677093
0.13055775441772194,0.869442245582278
0.3534183039464441,0.6465816960535559
0.5229058855427597,0.4770941144572402
0.14124008109996133,0.8587599189000387
0.20074442157599653,0.7992555784240034
0.18180184755888723,0.8181981524411127
0.08740632729072194,0.912593672709278
0.2538739702407772,0.7461260297592228
0.08960808214764139,0.9103919178523586
5.551115123125783e-17,1.0
0.08727907121692396,0.9127209287830761
5.551115123125783e-17,1.0
0.3546001494126088,0.6453998505873912
0.01934261957298322,0.9806573804270169
0.1832625572528631,0.8167374427471369
0.20143196361432958,0.7985680363856704
0.38783957529481033,0.6121604247051896
0.0,1.0
0.31175719230131166,0.6882428076986883
0.3050249412738509,0.6949750587261492
0.2524563333789315,0.7475436666210685
0.24283880374601916,0.7571611962539808
0.25954116570185665,0.7404588342981434
1.1102230246251565e-16,1.0
0.37542868861624473,0.6245713113837553
0.0,1.0
0.08292161839431048,0.9170783816056897
0.26457777315905945,0.7354222268409405
0.3131448172191664,0.6868551827808336
0.3619353417397222,0.6380646582602778
0.15876360988629484,0.8412363901137052
0.1414413724063389,0.8585586275936611
0.1661178489723888,0.8338821510276112
0.06035008322391677,0.9396499167760832
0.3570012504709415,0.6429987495290586
0.12119085356375793,0.8788091464362422
0.4330867220109243,0.5669132779890756
0.2862452200782888,0.7137547799217112
0.2051011665852335,0.7948988334147664
0.0,1.0
0.09432183754130218,0.9056781624586978
0.14498728316225018,0.8550127168377498
0.22776584010182385,0.7722341598981762
0.3294371444393412,0.6705628555606589
0.1921636529662778,0.8078363470337222
0.1708810059431188,0.8291189940568813
0.23968260169315342,0.7603173983068466
0.0,1.0
0.23984608746006372,0.7601539125399362
0.3028393364838513,0.6971606635161487
0.16433135088133705,0.835668649118663
0.16308777669638433,0.8369122233036156
0.12221396711312747,0.8777860328868725
0.1581358278008901,0.8418641721991098
0.34809477982452275,0.6519052201754771
0.12915519347005672,0.8708448065299432
0.07720059964467917,0.9227994003553208
0.1272356102954793,0.8727643897045207
0.07062563933306272,0.9293743606669372
0.08451900011626962,0.9154809998837304
0.301286555422463,0.698713444577537
0.22208885403277873,0.7779111459672213
0.22892956513744242,0.7710704348625577
0.21793107068217918,0.7820689293178208
0.046713019629196086,0.953286980370804
0.30660668473303926,0.6933933152669608
0.2763120028108684,0.7236879971891316
0.12118518335200144,0.8788148166479985
5.551115123125783e-17,1.0
0.27685057390237716,0.7231494260976228
0.09270759638811006,0.90729240361189
0.0,1.0
0.1245741251109287,0.8754258748890713
0.13399596739651257,0.8660040326034875
0.15934343728028905,0.840656562719711
0.14728839068430452,0.8527116093156956
0.2417426289182098,0.7582573710817903
0.04084210101201255,0.9591578989879875
0.07784894110914063,0.9221510588908594
0.006052544116003249,0.9939474558839968
0.09498090105397222,0.9050190989460278
0.16299688458617614,0.837003115413824
0.25954846651934227,0.7404515334806578
0.26703712816463954,0.7329628718353605
0.08025443344701162,0.9197455665529883
0.058309399196921664,0.9416906008030783
0.20515282699224338,0.7948471730077566
0.2922355830371146,0.7077644169628854
0.14368645474595432,0.8563135452540457
0.08074359922343993,0.9192564007765601
0.394989282967334,0.605010717032666
0.20910306056730268,0.7908969394326975
0.09409160765709496,0.905908392342905
0.3447828966418817,0.6552171033581183
0.09449851315949424,0.9055014868405058
0.08350698988511746,0.9164930101148826
0.05845113700990516,0.9415488629900949
0.1969129490772351,0.8030870509227649
0.05815111280312926,0.9418488871968708
0.34102672318621197,0.658973276813788
0.23696366859285053,0.7630363314071494
0.41750115667620147,0.5824988433237985
0.2654619231087673,0.7345380768912327
0.3484452637954092,0.6515547362045908
5.551115123125783e-17,1.0
0.20127927160110998,0.7987207283988901
0.18122135432687012,0.8187786456731299
0.04750050938350504,0.952499490616495
0.18203548357191796,0.8179645164280821
0.16309448330619394,0.836905516693806
5.551115123125783e-17,1.0
0.10721247737246524,0.8927875226275347
0.0,1.0
0.3985181786596887,0.6014818213403114
0.4439572691044603,0.5560427308955397
0.015094661793656837,0.9849053382063432
0.027810370160713353,0.9721896298392867
0.2771733421514714,0.7228266578485286
0.24916242773591873,0.7508375722640812
0.266798905730581,0.733201094269419
0.2805971789396521,0.7194028210603478
0.34464526097511017,0.6553547390248897
0.10553665699572962,0.8944633430042703
0.45259478833319244,0.5474052116668076
0.2791943504264256,0.7208056495735744
0.17051235218257213,0.8294876478174279
0.050502008974997945,0.9494979910250021
0.023698761686436053,0.976301238313564
0.1568986590586293,0.8431013409413707
0.24629780872384743,0.7537021912761526
0.06702507374775073,0.9329749262522494
0.17734562855527103,0.822654371444729
0.10592456894435312,0.8940754310556469
0.2740421097530608,0.7259578902469392
0.025595337762143934,0.974404662237856
0.36996333065572207,0.6300366693442779
0.08497490545544928,0.9150250945445507
0.0,1.0
0.36591189067725316,0.6340881093227468
0.12988206042983227,0.8701179395701678
0.29949261679086137,0.7005073832091386
0.26494974098455265,0.7350502590154474
0.5731723402783596,0.42682765972164033
0.003771063033308666,0.9962289369666913
0.1011235154381072,0.8988764845618927
0.3153160836780851,0.6846839163219148
1.1102230246251565e-16,1.0
0.0,1.0
0.0,1.0
0.29177492488619033,0.7082250751138097
0.05862521212342131,0.9413747878765787
0.28828755699880965,0.7117124430011903
0.01501627945036291,0.9849837205496371
0.1330773621509871,0.8669226378490129
0.1665180147158673,0.8334819852841328
0.22988383121896008,0.77011616878104
0.11975271061319737,0.8802472893868027
0.42912038469169755,0.5708796153083024
0.40155205880760664,0.5984479411923933
0.10125441430460297,0.8987455856953971
0.036201001431362796,0.9637989985686373
0.15305074938914265,0.8469492506108574
0.1182080005775708,0.8817919994224293
0.6247661754393804,0.37523382456061954
0.2502569599766822,0.7497430400233178
0.0,1.0
0.124441499928202,0.875558500071798
0.0,1.0
0.23958736257793264,0.7604126374220673
0.03738707924348432,0.9626129207565157
0.46543567822823284,0.5345643217717672
0.10067227544595023,0.8993277245540499
0.0,1.0
0.11506145158540779,0.8849385484145922
0.531992048354092,0.4680079516459081
0.20321515923568617,0.7967848407643138
0.34199090959971495,0.6580090904002851
0.09583595270662755,0.9041640472933724
0.2257679683350533,0.7742320316649467
0.2165211829448776,0.7834788170551226
0.08512951786515914,0.9148704821348408
5.551115123125783e-17,1.0
0.22614132105770976,0.7738586789422902
0.012861232198895562,0.9871387678011044
0.30604520230775084,0.6939547976922492
0.3101104457076322,0.6898895542923679
0.24173966576126205,0.758260334238738
0.15688521144247153,0.8431147885575284
0.06737790070546813,0.9326220992945319
0.4128379284273453,0.5871620715726547
0.22250455434684419,0.7774954456531559
0.12675453447311902,0.873245465526881
0.14476455320862136,0.8552354467913786
0.2264275119418141,0.7735724880581859
0.14342514111199473,0.8565748588880052
0.0,1.0
0.08719508529665602,0.912804914703344
0.18942270918126095,0.810577290818739
0.11160607060778274,0.8883939293922172
0.25350199824107583,0.7464980017589242
0.35410077477964924,0.6458992252203508
0.0,1.0
0.26986903224058567,0.7301309677594143
0.052663807117022884,0.9473361928829771
0.03086616905122415,0.9691338309487758
0.1926165174147843,0.8073834825852158
0.345087531864227,0.6549124681357731
0.06159098228348854,0.9384090177165115
0.010765883719351126,0.9892341162806488
0.1905101502286225,0.8094898497713775
0.3012419199840461,0.698758080015954
0.2865025966304417,0.7134974033695584
0.0,1.0
0.11337564207707236,0.8866243579229277
0.10481307409196486,0.8951869259080351
0.2534196707884981,0.746580329211502
0.15268093388543935,0.8473190661145606
0.20350100146032113,0.7964989985396789
0.173640208575959,0.8263597914240411
0.41353454090083597,0.5864654590991641
1.1102230246251565e-16,1.0
0.09211954051421593,0.9078804594857841
0.08099907065431683,0.9190009293456831
0.1573658923756563,0.8426341076243437
0.06313128327679784,0.9368687167232022
0.0,1.0
0.12627019830350203,0.8737298016964979
0.17238509950200262,0.8276149004979975
0.17165036789765248,0.8283496321023477
0.20119881645829865,0.7988011835417014
1.1102230246251565e-16,1.0
0.0,1.0
0.1414104179593474,0.8585895820406527
0.21895360725643606,0.7810463927435639
0.23329883933934742,0.7667011606606526
0.0,1.0
0.21696708104001106,0.783032918959989
0.0841889061209433,0.9158110938790567
0.2097877893064484,0.7902122106935517
0.07393689370529216,0.9260631062947079
0.21971942563750227,0.7802805743624978
0.1365219152195685,0.8634780847804315
0.1729936135735645,0.8270063864264355
0.07289784255028783,0.9271021574497121
0.055289890599419834,0.9447101094005802
0.0,1.0
0.3259903141343118,0.6740096858656883
0.0,1.0
0.24780574076139025,0.7521942592386097
5.551115123125783e-17,1.0
0.2329927299821516,0.7670072700178484
0.04677440206996892,0.9532255979300311
0.20287704204813115,0.7971229579518689
0.10483373435467795,0.8951662656453221
0.0,1.0
0.24318431274168728,0.7568156872583127
0.2173681847932068,0.7826318152067933
0.25043173612616065,0.7495682638738393
0.08535577731683171,0.9146442226831683
0.02571417667564821,0.9742858233243519
0.0,1.0
0.13456720124996835,0.8654327987500317
0.1407210166850554,0.8592789833149447
0.0,1.0
0.02578385290885884,0.9742161470911411
0.07820141007426623,0.9217985899257337
0.16874019185755879,0.8312598081424413
0.21755708621812597,0.7824429137818741
0.041365439065725595,0.9586345609342743
0.1634309913276715,0.8365690086723284
0.02352516894628492,0.9764748310537151
0.32987696311005765,0.6701230368899423
0.16224031496018598,0.837759685039814
0.1888979453746335,0.8111020546253664
0.3224401874804788,0.6775598125195211
0.13508709010512202,0.8649129098948779
0.16307680647015294,0.836923193529847
0.42259834110138905,0.577401658898611
0.20308430646394368,0.7969156935360563
0.293408750763782,0.706591249236218
0.0,1.0
0.18997409483523564,0.8100259051647645
0.2022819013654088,0.7977180986345912
0.15564654931947966,0.8443534506805205
0.23756052839695854,0.7624394716030416
0.3940011093185787,0.6059988906814213
0.09643439175250637,0.9035656082474938
0.09397208970011858,0.9060279102998815
5.551115123125783e-17,1.0
0.3312718338579085,0.6687281661420915
0.4345813377510307,0.5654186622489693
0.21576849966685369,0.7842315003331463
0.0,1.0
0.36476677548234404,0.635233224517656
0.1377257812562085,0.8622742187437915
0.29064113650134793,0.7093588634986521
0.19476011062915913,0.8052398893708409
0.2094204376291645,0.7905795623708356
0.11616587418260052,0.8838341258173994
0.00300005880345846,0.9969999411965416
0.03328522557556779,0.9667147744244322
0.06405956511981582,0.9359404348801842
0.1818512306449176,0.8181487693550824
0.31814004342260727,0.6818599565773928
0.0,1.0
0.4349120668953466,0.5650879331046534
0.24976100493526443,0.7502389950647356
0.3243243281853157,0.6756756718146842
5.551115123125783e-17,1.0
0.1466447540980233,0.8533552459019768
0.1808709818841642,0.8191290181158358
0.2792747000430257,0.7207252999569743
0.10883434018764424,0.8911656598123558
0.04883814254061328,0.9511618574593868
0.41605046535178636,0.5839495346482136
0.4060111450667658,0.5939888549332343
0.0,1.0
0.09717641612305526,0.9028235838769447
0.28693672199345643,0.7130632780065436
0.22253047980927818,0.7774695201907218
0.4224948327767134,0.5775051672232866
0.21381553106858894,0.786184468931411
0.0,1.0
0.0,1.0
0.22449884437348025,0.7755011556265198
0.12966260156977805,0.870337398430222
0.4017075877427891,0.598292412257211
0.2460186597634077,0.7539813402365924
0.20744350390671668,0.7925564960932834
0.2635173534030237,0.7364826465969763
0.446791558829836,0.553208441170164
0.2253713666918446,0.7746286333081553
0.20094528900064698,0.799054710999353
0.10342554700289522,0.8965744529971047
0.14708163299270086,0.8529183670072992
0.07098317573086042,0.9290168242691396
0.11304658489915916,0.8869534151008409
0.0,1.0
0.052147124199770176,0.9478528758002298
0.07886502841043144,0.9211349715895686
0.3175924775430039,0.6824075224569961
0.31037912589936584,0.6896208741006341
0.0,1.0
0.16375250083599435,0.8362474991640056
0.07819435918619067,0.9218056408138094
0.40622302613826744,0.5937769738617326
0.31537092715496595,0.6846290728450342
0.2713203887604827,0.7286796112395173
0.27561825318199334,0.7243817468180067
0.19529832980044187,0.8047016701995581
0.2907842581863918,0.7092157418136082
0.09560945113772623,0.9043905488622737
0.1508108655130305,0.8491891344869694
0.5146252549959907,0.4853747450040093
0.12147619609210833,0.8785238039078916
0.2662322647674886,0.7337677352325114
0.09929840312664627,0.9007015968733537
0.2925981690673284,0.7074018309326716
0.14545011222482182,0.8545498877751782
0.09587328805714895,0.904126711942851
0.2988478095976813,0.7011521904023187
0.1854953473580486,0.8145046526419515
0.0,1.0
0.0,1.0
0.15759958702149854,0.8424004129785014
0.22463168189230698,0.775368318107693
0.1457286947287584,0.8542713052712415
0.2501270015863626,0.7498729984136374
0.23694728096317538,0.7630527190368246
0.20664729172429885,0.7933527082757013
0.2002902218863647,0.7997097781136353
0.3545000085342343,0.6454999914657656
0.2774293031902356,0.7225706968097644
0.07848805162115913,0.9215119483788408
0.1289111047949798,0.8710888952050202
5.551115123125783e-17,1.0
0.1356947451777103,0.8643052548222896
0.0673952156038476,0.9326047843961525
0.08710738761520266,0.9128926123847974
0.11355524817663126,0.8864447518233688
5.551115123125783e-17,1.0
0.645327786902182,0.3546722130978181
0.32765472287745073,0.6723452771225493
0.09522654423635908,0.9047734557636409
0.07802441230336067,0.9219755876966393
0.0,1.0
0.14157685103095244,0.8584231489690477
0.1021478993824545,0.8978521006175456
5.551115123125783e-17,1.0
0.13045341536230903,0.8695465846376911
0.23227043742019296,0.7677295625798071
0.21977797676598854,0.7802220232340115
0.12974897599710275,0.8702510240028972
0.43432215002390356,0.5656778499760964
0.341094379376972,0.6589056206230279
0.0,1.0
0.07874250918382106,0.921257490816179
5.551115123125783e-17,1.0
0.047730920260529504,0.9522690797394705
0.3159448115796744,0.6840551884203256
0.34927030975422324,0.6507296902457768
0.3688050248080203,0.6311949751919796
2.7755575615628914e-17,1.0
0.10182104245086936,0.8981789575491306
0.05121543495617932,0.9487845650438208
0.21199587268530967,0.7880041273146903
0.2714997890562336,0.7285002109437665
0.09334264396807022,0.9066573560319298
0.3440214632048532,0.6559785367951468
0.15322083392044356,0.8467791660795566
0.3363089797816584,0.6636910202183417
0.053480002699194645,0.9465199973008054
0.13132251765896097,0.868677482341039
0.09206810250453959,0.9079318974954604
0.5360510490352005,0.46394895096479954
0.26559278318913865,0.7344072168108613
0.0,1.0
0.2254134764546717,0.7745865235453283
0.0,1.0
0.12632757241232867,0.8736724275876713
0.1205195217054438,0.8794804782945562
0.3201641597315455,0.6798358402684544
0.11844185453156483,0.8815581454684351
0.03203994759201572,0.9679600524079842
0.2431180876394494,0.7568819123605506
0.10408825517328292,0.8959117448267171
0.2650700661704229,0.734929933829577
0.4141720475369522,0.5858279524630478
0.2253827771163155,0.7746172228836845
5.551115123125783e-17,1.0
0.23101849290324625,0.7689815070967537
0.30789050266140483,0.6921094973385952
0.294741775283283,0.705258224716717
0.23025523643837073,0.7697447635616292
0.3071349233682535,0.6928650766317466
0.08015275685242222,0.9198472431475778
5.551115123125783e-17,1.0
0.0,1.0
0.07476714473283157,0.9252328552671685
0.18575650491673085,0.8142434950832691
0.3670965561717644,0.6329034438282356
0.19848490336236327,0.8015150966376369
0.12571481476008148,0.8742851852399185
0.2974158180452445,0.7025841819547556
0.18736684526431177,0.8126331547356882
0.09792205607290158,0.9020779439270984
0.02064849346200326,0.9793515065379967
0.24898179187811562,0.7510182081218845
0.21712755634463,0.78287244365537
0.07419089496877607,0.9258091050312239
0.17425096827115547,0.8257490317288446
0.35745871106022,0.64254128893978
0.20981806699836664,0.7901819330016333
0.21690131075570893,0.783098689244291
0.2107153275220235,0.7892846724779766
0.0604897063383933,0.9395102936616067
0.17597335554619067,0.8240266444538094
5.551115123125783e-17,1.0
0.1473072349796793,0.8526927650203208
0.021137981121496157,0.9788620188785039
0.0,1.0
0.28754347988199425,0.7124565201180058
0.04986505745542657,0.9501349425445734
0.026062587304392027,0.973937412695608
0.3766983968091159,0.6233016031908842
0.0,1.0
0.3309639144146554,0.6690360855853446
0.19529404788548263,0.8047059521145173
0.14721554963266323,0.8527844503673369
0.0,1.0
0.11895431072280732,0.8810456892771926
0.23568765627208313,0.7643123437279169
5.551115123125783e-17,0.9999999999999999
0.20175728832887588,0.7982427116711241
0.29781862891965655,0.7021813710803434
0.2786922589103875,0.7213077410896125
0.4202169663753645,0.5797830336246355
0.06130212874401959,0.9386978712559804
0.3767124130634547,0.6232875869365452
0.09815793504995587,0.901842064950044
0.36283689473898434,0.6371631052610157
0.22061854103684023,0.7793814589631598
0.0,1.0
0.23878810421174357,0.7612118957882564
0.21977389676896356,0.7802261032310364
0.04643706989087072,0.9535629301091293
0.11816245519664095,0.8818375448033591
0.23837668532459735,0.7616233146754027
0.022303993515985523,0.9776960064840144
1.1102230246251565e-16,1.0
5.551115123125783e-17,1.0
0.030128392315324413,0.9698716076846756
0.0,1.0
0.3744393659647395,0.6255606340352605
0.20122027135779752,0.7987797286422025
0.13986610854685316,0.8601338914531469
5.551115123125783e-17,1.0
0.2558348689199153,0.7441651310800846
0.0737499892244465,0.9262500107755535
0.0,1.0
0.0,1.0
0.42131266574965365,0.5786873342503464
0.25067099029223644,0.7493290097077636
0.27635396221372777,0.7236460377862722
0.11439042039253845,0.8856095796074617
0.2874500166707476,0.7125499833292523
0.12249246482548726,0.8775075351745127
0.36660181287704346,0.6333981871229566
0.32624211117925983,0.6737578888207402
0.19391740305445565,0.8060825969455443
0.14719365686982985,0.8528063431301701
0.271678981464034,0.7283210185359659
0.3236429442837709,0.6763570557162292
0.2950938281486561,0.704906171851344
0.0,1.0
0.12061106064383459,0.8793889393561655
0.04839782456344181,0.9516021754365581
0.4010274034967584,0.5989725965032416
0.3016174432742604,0.6983825567257396
0.17857269722177435,0.8214273027782256
0.4265968262834297,0.5734031737165703
0.27488887545735086,0.7251111245426491
1.1102230246251565e-16,1.0
0.2008949519520122,0.7991050480479878
0.08191574413694742,0.9180842558630526
0.21618196217369715,0.7838180378263029
0.015379287683246416,0.9846207123167536
0.3700113202255616,0.6299886797744384
0.15098029923107759,0.8490197007689224
0.444013026555867,0.555986973444133
0.3165477972814141,0.683452202718586
0.0,1.0
0.4881373679832399,0.5118626320167601
0.3102832265332356,0.6897167734667644
0.3531687302671299,0.6468312697328701
0.0438847701637776,0.9561152298362224
0.15378925736146357,0.8462107426385365
0.14504174906753076,0.8549582509324692
0.01707572088502103,0.9829242791149789
0.16253605897298923,0.8374639410270107
0.20200239367444803,0.7979976063255521
0.13912584740035008,0.8608741525996499
0.1425242733312631,0.857475726668737
0.2948588418426446,0.7051411581573555
0.3094816710498354,0.6905183289501646
5.551115123125783e-17,1.0
0.3800402732627385,0.6199597267372615
0.3660010100684965,0.6339989899315035
0.2749427999270385,0.7250572000729616
0.018070848038851926,0.981929151961148
0.0,1.0
0.40557179270556054,0.5944282072944395
0.14610769099999601,0.853892309000004
0.30832843551847783,0.6916715644815221
0.11382541529633139,0.8861745847036686
0.18597826601059114,0.8140217339894088
0.23753622745847985,0.7624637725415202
0.032857418248440275,0.9671425817515598
0.164255158806301,0.835744841193699
1.1102230246251565e-16,1.0
0.5,0.5
0.48487496519954243,0.5151250348004576
0.23936765756907596,0.7606323424309239
0.3892540618907748,0.6107459381092251
0.3261028795176886,0.6738971204823113
5.551115123125783e-17,1.0
0.028568671568390824,0.9714313284316092
0.19859415836392816,0.8014058416360719
0.24343745712276818,0.7565625428772318
0.4117773155235136,0.5882226844764864
0.22033096060084442,0.7796690393991556
0.2670081619444108,0.7329918380555892
0.19149421051065926,0.8085057894893407
0.18741522924399476,0.8125847707560052
0.412129599331913,0.587870400668087
0.22097343304752062,0.7790265669524794
0.03266587649239959,0.9673341235076004
0.18345485063321346,0.8165451493667866
0.5,0.5
0.06978650432318517,0.9302134956768148
0.0982899529473192,0.9017100470526808
0.2548526037884204,0.7451473962115797
0.4415385695398709,0.5584614304601291
0.13825587061068373,0.8617441293893163
0.026412814467354873,0.9735871855326451
0.2742358989246957,0.7257641010753043
0.0,1.0
0.0,1.0
0.19730150395630913,0.8026984960436908
0.36900488182707586,0.6309951181729242
0.17138224341126307,0.8286177565887368
0.1705692089169511,0.829430791083049
5.551115123125783e-17,0.9999999999999999
0.32668260837773955,0.6733173916222605
0.35335107365395235,0.6466489263460475
2.7755575615628914e-17,1.0
0.0993139935017949,0.9006860064982051
0.0,1.0
0.0,1.0
0.0,1.0
0.0,1.0
0.11346534252423558,0.8865346574757644
0.28070579497522985,0.7192942050247702
0.13421422170780634,0.8657857782921937
0.20726122469153868,0.7927387753084613
0.16284524893453212,0.837154751065468
8.326672684688674e-17,1.0
0.29641549581018156,0.7035845041898184
0.1592548271758865,0.8407451728241135
0.30894185499106647,0.6910581450089336
0.21368867869530606,0.7863113213046939
0.21801864027612244,0.7819813597238775
0.07449724427658493,0.9255027557234151
0.005371507166925359,0.9946284928330746
0.4240790243741713,0.5759209756258288
0.24849359255963174,0.7515064074403683
0.14034017938765614,0.8596598206123439
0.3330957836807795,0.6669042163192206
0.3073727836977083,0.6926272163022917
0.23015581571190555,0.7698441842880944
0.3796790910052355,0.6203209089947644
0.023207110196915903,0.9767928898030841
0.33513138701198764,0.6648686129880124
0.1596981451747915,0.8403018548252085
0.026064863538504957,0.973935136461495
0.030018977765266325,0.9699810222347337
0.2687802560344518,0.7312197439655481
0.25336638151636964,0.7466336184836303
0.042220370896425226,0.9577796291035747
0.13589950655765418,0.8641004934423457
0.2548938977363378,0.7451061022636623
0.29055121835529735,0.7094487816447027
0.03327146578434099,0.9667285342156591
0.1720879132155054,0.8279120867844946
0.23899876520538912,0.7610012347946108
0.13789656521067584,0.8621034347893242
0.1901253302545115,0.8098746697454884
0.11707608984480042,0.8829239101551996
0.24700784588995123,0.7529921541100488
0.3197005630787276,0.6802994369212724
0.16805813781357218,0.8319418621864277
0.2383382738726242,0.7616617261273758
0.06809519594603497,0.9319048040539649
0.3625447332741774,0.6374552667258226
0.09066435579550898,0.9093356442044911
0.16531446831277744,0.8346855316872225
0.028683999410291674,0.9713160005897084
0.45444449466601317,0.5455555053339869
0.3681093846551189,0.6318906153448811
0.2937353774604681,0.706264622539532
0.27855969316896034,0.7214403068310397
0.15716399230616798,0.842836007693832
0.021025783449755614,0.9789742163935902
0.16373349596109515,0.8362665040389048
0.17884012848959666,0.8211598715104033
1.1102230246251565e-16,1.0
0.45108033637871037,0.5489196636212896
0.05638202522474081,0.9436179747752592
0.26901132536311223,0.7309886746368878
0.0,1.0
0.3347859217691483,0.6652140782308518
0.13413185565769425,0.8658681443423057
0.2899124947781336,0.7100875052218664
0.2707033686157562,0.7292966313842437
0.2575344314026937,0.7424655685973063
0.22103411458110844,0.7789658854188916
0.03721807579641962,0.9627819242035804
0.10431115639440469,0.8956888436055953
0.21292810107216364,0.7870718989278364
0.37576211456017805,0.624237885439822
0.28238805501808933,0.7176119449819108
0.1892341813555742,0.8107658186444258
0.08530875575780998,0.9146912442421901
0.1448353885566214,0.8551646114433786
0.0,1.0
0.10852456444203906,0.8914754355579608
0.2204768788637244,0.7795231211362756
0.12670905941606395,0.8732909405839361
0.24395032800059915,0.7560496719994009
0.28326145497314115,0.7167385450268589
0.12784316066623289,0.8721568393337671
0.18464842446450297,0.815351575535497
0.44180338386740353,0.5581966161325965
0.1794804821076872,0.8205195178923128
0.32169918807335446,0.6783008119266457
0.0,1.0
0.14786146344072665,0.8521385365592733
0.32798386327094403,0.672016136729056
0.22785721105363568,0.7721427889463643
0.2782139390455517,0.7217860609544483
0.24450554635118152,0.7554944536488184
0.4908709186154966,0.5091290813845034
0.0,1.0
5.551115123125783e-17,1.0
0.26805859882821925,0.7319414011717807
0.030920939105653165,0.9690790608943468
0.0,1.0
0.030820674091309164,0.9691793259086908
0.06541945950466077,0.9345805404953392
0.0,1.0
0.07902178940559333,0.9209782105944067
0.0,1.0
0.05937100809540891,0.9406289919045911
0.19166714687172848,0.8083328531282715
0.03579917308867818,0.9642008269113218
0.11232392870571145,0.8876760712942885
0.26971935395819774,0.7302806460418023
0.20977800825126677,0.7902219917487333
0.2667564227881029,0.7332435772118971
0.0,1.0
0.27673891495033376,0.7232610850496661
0.0,1.0
0.3952890370021287,0.6047109629978714
0.021930387694384885,0.9780696123056151
0.0,1.0
0.25746558677358833,0.7425344132264118
0.03668467169237358,0.9633153283076265
0.1698938681964332,0.8301061318035667
0.1514688953757285,0.8485311046242715
0.3115493479398663,0.6884506520601338
0.4707390031559741,0.5292609968440259
0.3482091695239609,0.651790830476039
0.03502637727050212,0.9649736227294978
0.17274767844295524,0.8272523215570448
0.12168644645483588,0.8783135535451642
0.3480955412704213,0.6519044587295787
0.4169176049272092,0.5830823950727908
0.010781592315693143,0.9892184076843069
0.16564193377549827,0.8343580662245018
0.4185452535126802,0.5814547464873199
0.0,1.0
0.3085755286577101,0.6914244713422899
0.3799343075188795,0.6200656924811204
0.1222712823713009,0.8777287176286991
0.18528444235918878,0.8147155576408113
0.21579591606145437,0.7842040839385457
0.14654821028856363,0.8534517897114364
0.0,1.0
0.18893508558803598,0.811064914411964
0.16577192685550743,0.8342280731444925
0.1705279177076878,0.8294720822923122
0.4492339451500098,0.5507660548499902
0.010765150299529756,0.9892348497004703
0.20444113250792695,0.795558867492073
5.551115123125783e-17,1.0
0.3268066172146475,0.6731933827853526
0.17707114472564356,0.8229288552743564
0.11948198419374012,0.8805180158062599
0.04393271493196639,0.9560672850680336
0.019431942939824448,0.9805680570601756
0.16034986634550483,0.8396501336544951
0.0,1.0
0.4547440120405726,0.5452559879594274
0.2914282408232482,0.7085717591767519
0.17763600240216715,0.822363997597833
0.4349269159727113,0.5650730840272886
0.12486959017300221,0.8751304098269979
0.31690460400037346,0.6830953959996267
0.2501142718986389,0.7498857281013611
0.21646310268731167,0.7835368973126883
0.05564812937602267,0.9443518706239773
0.3746870919050628,0.6253129080949372
0.10004972151984985,0.8999502784801501
0.0,1.0
0.12297589878175891,0.8770241012182411
0.24351891376438276,0.7564810862356172
0.15470861175820494,0.8452913882417951
0.20325071683102217,0.7967492831689778
0.048223412690761,0.951776587309239
0.04493923360711782,0.9550607663928822
0.3134321447461204,0.6865678552538796
0.07834028959042538,0.9216597104095746
0.22052595440271167,0.7794740455972884
0.41608105673076856,0.5839189432692314
0.13049506136365785,0.8695049386363423
0.29604437554614216,0.7039556244538578
0.2838472155029085,0.7161527844970915
0.0,1.0
0.0,1.0
0.21030353873977478,0.7896964612602253
0.3395482621613842,0.6604517378386159
0.39749280693927175,0.6025071930607282
0.20691011033325282,0.7930898896667471
0.0,1.0
0.0,1.0
0.2688424672040486,0.7311575327959514
0.06441024386553809,0.9355897561344619
0.22608399961366948,0.7739160003863306
0.2057525582061758,0.7942474417938242
0.19461878588850987,0.8053812141114902
0.25071231981133507,0.7492876801886649
0.056410579881641776,0.9435894201183582
0.08558094843838923,0.9144190515616107
0.3405547103759778,0.6594452896240223
0.25151352161405216,0.748486478385948
0.030752783087963944,0.9692472169120361
0.3913456824122461,0.6086543175877538
0.0,1.0
0.33741220721627974,0.6625877927837203
0.06307058515094244,0.9369294148490576
0.237774266458804,0.7622257335411959
0.060559305187717974,0.9394406948122821
0.1611420102042533,0.8388579897957467
0.07371330422485523,0.9262866957751448
0.286500476777735,0.713499523222265
0.35165700511383213,0.6483429948861679
0.20678164321130682,0.7932183567886932
0.046434401967591424,0.9535655980324086
0.2668458117431464,0.7331541882568535
0.24189979065313902,0.758100209346861
0.3156802545406349,0.6843197454593651
0.15164807255796717,0.8483519274420328
0.022386879822808448,0.9776131201771916
1.6653345369377348e-16,1.0
0.2208634878673943,0.7791365121326057
0.06669560835577336,0.9333043916442266
0.2839404056919076,0.7160595943080924
0.24632043820940341,0.7536795617905966
0.22507887441093793,0.774921125589062
0.17288811109679889,0.8271118889032011
0.0,1.0
0.023244050523838166,0.9767559494761618
0.27675693140607827,0.7232430685939217
5.551115123125783e-17,1.0
0.17869904906783485,0.8213009509321652
0.12270834737791776,0.8772916526220822
0.4017264817854518,0.5982735182145482
0.23811671319388802,0.761883286806112
0.1503603847949063,0.8496396152050938
0.5,0.5
0.2912014168699071,0.7087985831300929
0.2740078041657878,0.7259921958342123
0.10270088920658565,0.8972991107934143
0.07860992268873102,0.9213900773112691
0.21156149767031493,0.788438502329685
5.551115123125783e-17,1.0
0.18996350035773185,0.8100364996422683
0.0,1.0
0.1311680802139497,0.8688319197860503
0.28331324740453695,0.7166867525954631
0.4078463117647467,0.5921536882352533
0.12029095493216785,0.8797090450678322
0.2188886205582337,0.7811113794417663
0.1080412101487348,0.8919587898512652
0.045803892850977974,0.954196107149022
0.21454184457462644,0.7854581554253736
0.225267560774705,0.774732439225295
0.24824023850346236,0.7517597614965377
0.0823583207972264,0.9176416792027736
0.0,1.0
0.07318927322876939,0.9268107267712307
0.3024391447822901,0.6975608552177098
0.17136975562946805,0.828630244370532
0.2693060177752053,0.7306939822247949
0.30843781492779965,0.6915621850722004
0.27078754788343146,0.7292124521165686
0.15597867580218172,0.8440213241978183
0.0,1.0
0.22268267199777175,0.7773173280022282
0.20571192788788012,0.7942880721121199
0.16732935562241974,0.8326706443775802
0.38536579649752306,0.614634203502477
0.0,1.0
0.18527964659042065,0.8147203534095794
0.09913309821356303,0.9008669017864369
0.03434882058214976,0.9656511794178503
0.0,1.0
0.0,1.0
5.551115123125783e-17,1.0
0.1342625292070252,0.8657374707929748
0.01717946646055081,0.9828205335394492
0.4033936357698478,0.5966063642301522
0.2988036026804017,0.7011963973195984
0.23319769209910246,0.7668023079008975
0.20743975439215867,0.7925602456078412
0.34916055281947644,0.6508394471805236
0.35703334436606793,0.6429666556339321
0.37874981947069014,0.6212501805293098
0.0,1.0
0.0,1.0
0.0,1.0
0.3300148986370589,0.6699851013629411
0.18471924720670202,0.815280752793298
0.09416728454612186,0.9058327154538782
0.05855289723609107,0.941447102763909
0.35779214360788825,0.6422078563921116
0.27572701663436733,0.7242729833656327
0.31099005172710303,0.689009948272897
0.39737260674069186,0.6026273932593081
0.2111893310223843,0.7888106689776156
0.24366321350526615,0.7563367864947339
0.10742947469632697,0.892570525303673
0.11819117288148265,0.8818088271185174
0.23355376489750684,0.7664462351024931
0.2324200403860942,0.7675799596139058
0.07349321135980344,0.9265067886401965
0.3461443347642012,0.6538556652357989
0.20971789349808487,0.7902821065019151
0.23966813741785284,0.7603318625821472
0.2865762174135521,0.7134237825864479
0.31335141318688736,0.6866485868131127
0.22214567036819216,0.7778543296318079
0.12575129684810119,0.8742487031518988
0.0,1.0
0.2038328155211569,0.796167184478843
0.05368387022690437,0.9463161297730956
0.35071617157252377,0.6492838284274763
0.13581234999186123,0.8641876500081389
0.03124441407550896,0.9687555859244911
0.15176078258623496,0.8482392174137651
0.35716988998694504,0.6428301100130549
0.12982133835210774,0.8701786616478923
0.10999088587400443,0.8900091141259956
0.06692986168038498,0.9330701383196149
0.21076356129302293,0.789236438706977
0.42433895581090164,0.5756610441890984
0.2740034642467156,0.7259965357532844
0.20905664919145706,0.7909433508085429
0.04886818525860109,0.951131814741399
0.25317254366491276,0.7468274563350873
0.2886231185792171,0.7113768814207829
0.25577349332651855,0.7442265066734814
0.21308667356172986,0.7869133264382702
0.3300320596472464,0.6699679403527536
0.06928368160161172,0.9307163183983882
0.23545484209647288,0.7645451579035271
0.2046453693904382,0.7953546306095618
0.2276597870684272,0.7723402129315727
0.278618412098972,0.721381587901028
0.2063005153960349,0.7936994846039651
0.09947692652786597,0.900523073472134
0.02355262930907635,0.9764473706909237
0.06317887335972372,0.9368211266402763
0.06271014500224258,0.9372898549977575
0.23637590978084236,0.7636240902191577
0.0,1.0
0.187788161538295,0.812211838461705
0.1898987552036217,0.8101012447963784
0.12345213465571352,0.8765478653442865
0.016378343912212556,0.9836216560877874
0.005863762476502349,0.9941362375234977
0.3961704702217966,0.6038295297782035
0.31510932935745256,0.6848906706425475
0.456573224145588,0.543426775854412
0.3870161146608963,0.6129838853391036
0.25354879205187714,0.7464512079481229
0.047322669869742706,0.9526773301302572
0.4286865855123648,0.5713134144876352
0.18120206640991743,0.8187979335900826
0.13318380376367517,0.8668161962363249
0.13579516936924452,0.8642048306307554
0.2367270557118219,0.763272944288178
0.07654027532184864,0.9234597246781514
5.551115123125783e-17,1.0
0.10613089973120922,0.8938691002687909
0.33256147046020607,0.667438529539794
0.07550914915220654,0.9244908508477935
0.43076276737342073,0.5692372326265793
0.1141796544779328,0.8858203455220672
0.06059633198997544,0.9394036680100245
0.29692171463961625,0.7030782853603837
0.05429422399997464,0.9457057760000254
0.4531787626923376,0.5468212373076624
0.07357598288878166,0.9264240171112184
0.0,1.0
0.32255587752099885,0.6774441224790011
0.05887835756343391,0.941121642436566
1.6653345369377348e-16,1.0
0.17818840868370744,0.8218115913162926
0.1922371240994526,0.8077628759005474
0.32317109827835006,0.67682890172165
5.551115123125783e-17,0.9999999999999999
0.0,1.0
0.36537396366449826,0.6346260363355017
0.2903170406308511,0.7096829593691489
0.40695606976231974,0.5930439302376803
0.1859842966756048,0.8140157033243952
0.17961854342085712,0.8203814565791429
0.10572815353742869,0.8942718464625713
0.22490629901134762,0.7750937009886525
0.08113644652200944,0.9188635534779905
0.08891943329063928,0.9110805667093608
0.3905553890546809,0.6094446109453191
0.39934752403351237,0.6006524759664875
0.08566996383814475,0.9143300361618553
0.15098213942914573,0.8490178605708543
0.32899185461229913,0.6710081453877008
5.551115123125783e-17,1.0
0.24569614308332613,0.7543038569166739
0.13706526450776255,0.8629347354922374
0.31338337467941974,0.6866166253205803
0.10372324155024079,0.8962767584497592
0.023285186185163356,0.9767148138148367
0.08453651579703059,0.9154634842029694
0.452771815585585,0.547228184414415
0.0746562465430638,0.9253437534569362
0.073332784648488,0.9266672153515121
0.3932193372162089,0.6067806627837911
0.2480579563218105,0.7519420436781895
0.30570396280817647,0.6942960371918235
0.26480172796919715,0.7351982720308029
0.34128652496685363,0.6587134750331465
0.12857668795764618,0.8714233120423538
0.00399627336740249,0.9960037266325975
0.4848930472110746,0.5151069527889254
0.020032611589613326,0.9799673884103867
0.3170215520561638,0.6829784479438362
0.23992997378081865,0.7600700262191813
0.07818190977485898,0.921818090225141
0.2924600332512148,0.7075399667487853
0.0,1.0
0.377198458612137,0.622801541387863
0.3135272430793222,0.6864727569206779
0.014100578730325842,0.9858994212696741
0.23226238348379852,0.7677376165162015
0.22847617970419876,0.7715238202958012
0.05074300388464479,0.9492569961153553
0.1547897182478663,0.8452102817521338
0.0,1.0
0.1686926269925659,0.8313073730074341
0.08218599016855525,0.9178140098314447
0.2114807631005185,0.7885192368994814
0.06033391851463946,0.9396660814853606
0.05790612653854208,0.9420938734614579
0.26312402824953274,0.7368759717504673
0.2158239111876155,0.7841760888123847
0.4218628686437711,0.578137131356229
0.3401763404095986,0.6598236595904013
0.0933424278344486,0.9066575721655514
0.4117520330888482,0.5882479669111518
0.3528402010946044,0.6471597989053957
0.08771283650804945,0.9122871634919506
0.04337521046588917,0.9566247895341108
0.5,0.5
0.25945621350162307,0.7405437864983769
0.18581830735402974,0.8141816926459702
0.010939853792360139,0.9890601462076398
0.26585911363377246,0.7341408863662275
0.35590765216534626,0.6440923478346537
5.551115123125783e-17,1.0
0.20019258138385307,0.7998074186161469
0.015075757191076991,0.984924242808923
0.2997036146001325,0.7002963853998675
0.14031660729415502,0.859683392705845
0.04976739120211831,0.9502326087978817
0.0,1.0
0.07830143808948137,0.9216985619105186
0.0,1.0
0.25817828644429697,0.7418217135557031
0.12543518429227826,0.8745648157077218
0.29091247355716865,0.7090875264428314
0.0,1.0
0.09712686656507971,0.9028731334349203
0.18862768097520838,0.8113723190247916
0.3273943326418969,0.6726056673581031
0.27030304220253953,0.7296969577974606
0.35870092122231306,0.6412990787776869
0.5,0.5
0.295680801410352,0.704319198589648
0.07050469190281078,0.9294953080971893
5.551115123125783e-17,1.0
0.3192041105437617,0.6807958894562384
0.2872735416127704,0.7127264583872296
0.0,1.0
0.1505477086067543,0.8494522913932457
0.37447842596093767,0.6255215740390623
0.16522372941773159,0.8347762705822686
0.2194502173443026,0.7805497826556975
0.11784929055972505,0.882150709440275
0.36008799616132187,0.6399120038386782
0.090233064149283,0.909766935850717
0.10153779398750612,0.8984622060124939
0.12688889279137067,0.8731111072086294
0.0,1.0
0.1473523810847637,0.8526476189152364
0.0,1.0
0.0553344635620536,0.9446655364379464
0.0,1.0
0.17914559601088065,0.8208544039891194
0.3341226077092739,0.6658773922907261
0.2836713023157234,0.7163286976842766
0.28834282723486326,0.7116571727651367
0.0950498710281151,0.9049501289718849
0.32363299982640714,0.6763670001735929
0.2524692120472855,0.7475307879527145
0.0749578602298198,0.9250421397701802
0.0555815240317681,0.9444184759682319
0.28301327155494643,0.7169867284450535
0.36109854843479444,0.6389014515652056
0.4209070175076544,0.5790929824923456
0.27963238596901285,0.7203676140309871
1.1102230246251565e-16,0.9999999999999999
0.3683856070905734,0.6316143929094267
0.16164513313966405,0.838354866860336
0.13265759334989433,0.8673424066501056
0.3354888160332033,0.6645111839667966
0.39286071800987304,0.607139281990127
0.2730444207706207,0.7269555792293793
0.1063221532222139,0.8936778467777862
0.19767150725502566,0.8023284927449743
0.2117627771346664,0.7882372228653336
0.0699073796994717,0.9300926203005283
0.13046858772666134,0.8695314122733386
0.14395967743139093,0.8560403225686091
0.0,1.0
0.23724451638010688,0.7627554836198931
0.17784813200129634,0.8221518679987037
0.2266396388056255,0.7733603611943746
0.06204416849770563,0.9379558315022944
0.0,1.0
0.10087917690307005,0.89912082309693
0.06847623598204093,0.9315237640179591
0.0,1.0
0.09351556245434968,0.9064844375456503
1.1102230246251565e-16,1.0
0.0,1.0
0.2896845188351104,0.7103154811648895
0.21757980639353394,0.7824201936064661
0.23097253372319915,0.7690274662768009
0.2798902102416313,0.7201097897583687
0.2671431532565506,0.7328568467434494
0.23321502619359583,0.7667849738064042
0.19295539371661877,0.8070446062833813
0.27681244928273696,0.723187550717263
0.37106503557061693,0.6289349644293831
0.27606417162208186,0.7239358283779181
0.2354080355294365,0.7645919644705635
0.26005569651545335,0.7399443034845467
0.004238383352903145,0.995761616647097
0.2824296584383047,0.7175703415616954
5.551115123125783e-17,1.0
0.0,0.9999999999999999
0.26104453922023274,0.7389554607797673
0.15929422038633945,0.8407057796136607
0.0,1.0
0.12257603297043904,0.877423967029561
0.12339214881684717,0.8766078511831529
0.12303694624946396,0.876963053750536
0.24183854300327196,0.758161456996728
0.24412223259097965,0.7558777674090204
0.21545889910413354,0.7845411008958666
0.24987181835454617,0.7501281816454539
0.4023059312108035,0.5976940687891965
0.26436979978454755,0.7356302002154526
0.06251423796871236,0.9374857620312876
0.18012564344284637,0.8198743565571537
0.0,1.0
0.5,0.5
5.551115123125783e-17,1.0
0.29213431553466307,0.7078656844653369
0.0,1.0
5.551115123125783e-17,1.0
0.0,1.0
0.0,1.0
0.04354051365408069,0.9564594863459194
0.16036995057459566,0.8396300494254043
0.25613674664495895,0.7438632533550411
0.0,1.0
0.2530724125148477,0.7469275874851523
0.35139238920435917,0.6486076107956409
0.22906547037882535,0.7709345296211747
0.03386583736678013,0.9661341626332198
0.3349761999919373,0.6650238000080627
5.551115123125783e-17,1.0
5.551115123125783e-17,1.0
0.035700921175699105,0.9642990788243009
0.10482130610125484,0.8951786938987452
0.02512911340461985,0.9748708865953801
0.18046036763207007,0.8195396323679299
0.12792454213145568,0.8720754578685443
0.32757245450088235,0.6724275454991177
0.2599151987032204,0.7400848012967796
0.4094212592907316,0.5905787407092684
0.2596091564838085,0.7403908435161916
0.01984391237594383,0.9801560876240561
0.3286414890472746,0.6713585109527254
0.22101079834967655,0.7789892016503235
0.10349917627519155,0.8965008237248085
0.06758738874922703,0.9324126112507731
0.18605702905796134,0.8139429709420387
0.009589561911887971,0.990410438088112
0.08673451749672208,0.913265482503278
0.372526455223573,0.6274735447764269
0.5250600773141522,0.4749399226858479
0.3085601083875007,0.6914398916124992
0.14053296741754628,0.8594670325824538
0.31857052012398085,0.6814294798760191
0.3137982891797012,0.6862017108202988
0.26424854346259713,0.7357514565374028
0.03940435933697674,0.9605956406630232
5.551115123125783e-17,1.0
0.15904685448784192,0.840953145512158
0.12751971081354113,0.8724802891864589
1.6653345369377348e-16,1.0
0.21922210443865664,0.7807778955613434
0.23670738295212737,0.7632926170478725
0.29591030082479314,0.7040896991752069
0.12933031457397637,0.8706696854260236
0.2552481428119844,0.7447518571880156
0.13353876592518923,0.8664612340748108
0.1983762290428246,0.8016237709571754
0.3037253355007266,0.6962746644992734
0.0,1.0
0.0,1.0
1.6653345369377348e-16,1.0
0.16987524617928543,0.8301247538207146
0.132666157186687,0.867333842813313
0.2833966301668377,0.7166033698331623
0.16343539689607198,0.836564603103928
0.0,1.0
5.551115123125783e-17,1.0
1.1102230246251565e-16,1.0
0.22306557262588161,0.7769344273741186
0.1748282435520986,0.8251717564479014
0.051427059863662805,0.9485729401363372
0.3787342756203918,0.6212657243796083
0.18165502826427438,0.8183449717357256
0.22508790417420962,0.7749120958257903
0.04491845664201878,0.9550815433579812
0.22853341740407604,0.7714665825959239
0.016901519309881444,0.9830984806901185
0.5453656597346418,0.45463434026535815
0.3271734814487939,0.672826518551206
0.15428851409222868,0.8457114859077713
0.2579585318995861,0.7420414681004139
0.31939162630741885,0.6806083736925812
0.22923096461249692,0.7707690353875031
0.41062032615256255,0.5893796738474374
0.21086098409880066,0.7891390159011994
0.0736378699809454,0.9263621300190547
0.41295584742456254,0.5870441525754374
0.2622486534759957,0.7377513465240043
0.4427795634290986,0.5572204365709015
0.31511020283742447,0.6848897971625756
0.15880330808132442,0.8411966919186755
0.006141423131067373,0.9938585768689326
0.14033426034810678,0.8596657396518932
0.030301888181167858,0.9696981118188321
0.12427323469185206,0.875726765308148
0.1278918242629456,0.8721081757370545
5.551115123125783e-17,1.0
0.16542394057416468,0.8345760594258352
0.0,1.0
0.3881591580760794,0.6118408419239205
0.17352580050993374,0.8264741994900662
0.0,1.0
0.07377976331846585,0.9262202366815341
0.015089285412708674,0.9849107145872913
0.10066146851872215,0.8993385314812778
0.0,1.0
0.18035696508306875,0.8196430349169312
0.020873339286252023,0.9791266607137481
0.12293566296751274,0.8770643370324872
0.04774516721543063,0.9522548327845693
0.5,0.5
0.26759205925163876,0.7324079407483614
0.21353574952697868,0.7864642504730215
0.019975049240265174,0.9800249507597348
0.23846442421508401,0.761535575784916
0.09882657664143515,0.9011734233585649
0.4749332800916854,0.5250667199083147
0.1723118116797809,0.8276881883202191
0.16910839945752118,0.8308916005424788
0.32407738417902704,0.675922615820973
0.1655778949768339,0.834422105023166
0.22883835823725054,0.7711616417627495
0.1676358605003318,0.8323641394996681
0.0,1.0
0.030064125015575448,0.9699358749844246
0.1842235766247462,0.8157764233752539
0.0,1.0
0.3510924616693857,0.6489075383306143
0.0,1.0
0.22912409699833997,0.7708759030016601
0.22472400516177138,0.7752759948382286
0.1657981182094534,0.8342018817905466
1.1102230246251565e-16,1.0
0.2182314288808153,0.7817685711191847
0.30245943270505166,0.6975405672949483
0.42800835726896613,0.5719916427310339
0.19909408020756672,0.8009059197924333
0.13755138017986618,0.8624486198201339
0.36508996899166474,0.6349100310083354
0.5096055370389873,0.4903944629610127
0.1395641311572706,0.8604358688427294
0.0,1.0
0.30795514040917615,0.6920448595908238
0.26800038716398267,0.7319996128360173
0.1374513437824887,0.8625486562175113
0.28117150305163857,0.7188284969483616
0.2119690810616447,0.7880309189383553
0.3837044023830216,0.6162955976169784
0.14513976236658974,0.8548602376334102
0.0,1.0
0.1803534905012052,0.8196465094987948
0.2579226113510217,0.7420773886489784
0.0,1.0
0.029674235569801134,0.9703257644301988
0.10257389158695054,0.8974261084130495
0.19912066157984268,0.8008793384201572
0.2987890789470129,0.7012109210529872
0.3222144750914966,0.6777855249085033
0.2616444645216753,0.7383555354783248
0.2639101612761816,0.7360898387238184
0.29252735727010204,0.707472642729898
0.0,1.0
0.0,1.0
0.1339723916857293,0.8660276083142707
0.20607038429775787,0.7939296157022421
0.2504639607461321,0.7495360392538679
0.1477752553413681,0.8522247446586318
0.0,1.0
0.20968112287662036,0.7903188771233797
0.3994228867340673,0.6005771132659327
0.04386753964398716,0.9561324603560128
0.46253265161832047,0.5374673483816795
0.0,1.0
0.0,1.0
0.0905911795510379,0.9094088204489621
0.47295606219595465,0.5270439378040453
0.23520473056895255,0.7647952694310475
0.08632588669633019,0.9136741133036698
0.02533131879236794,0.9746686812076321
0.21073269880509976,0.7892673011949003
0.10184562192899897,0.898154378071001
0.28877963272019685,0.7112203672798031
0.12431242584415769,0.8756875741558424
0.31834564871530036,0.6816543512846996
0.1671700695104769,0.8328299304895231
0.08977817171391055,0.9102218282860894
0.052522255974215025,0.947477744025785
0.0,1.0
0.14858485029862625,0.8514151497013738
0.3137732962796628,0.6862267037203372
0.20880322485873248,0.7911967751412675
0.388425139312815,0.611574860687185
0.4287425093978623,0.5712574906021377
0.19830150239073013,0.8016984976092699
0.16399172972852616,0.8360082702714738
0.02450141783309812,0.9754985821669019
0.09318099943585183,0.9068190005641481
0.4121419897420619,0.587858010257938
0.0,1.0
0.38232550256270137,0.6176744974372986
0.3952103232529926,0.6047896767470073
0.3236578555328344,0.6763421444671656
0.13860730751721964,0.8613926924827804
0.37940610986284384,0.6205938901371562
0.07741886884001567,0.9225811311599844
0.34713953601437875,0.6528604639856214
5.551115123125783e-17,1.0
0.2360405322022544,0.7639594677977456
0.30793685512342656,0.6920631448765736
0.028823179924021013,0.971176820075979
0.24684492954459497,0.7531550704554051
0.3772334154640976,0.6227665845359025
0.3385946043071094,0.6614053956928906
0.1432581985518921,0.8567418014481079
0.2562233951323736,0.7437766048676264
0.34406590236008094,0.6559340976399191
0.27426672760007015,0.72573327239993
0.30179926707963656,0.6982007329203634
0.43043730105988887,0.5695626989401111
0.24008874348178527,0.7599112565182148
0.5073421475814476,0.4926578524185525
0.0,1.0
0.2047741630250286,0.7952258369749714
0.08992145217369364,0.9100785478263064
0.09637165909757067,0.9036283409024293
0.18620202063486474,0.8137979793651353
0.1028405868741269,0.8971594131258731
0.2992045755634853,0.7007954244365147
0.10076624601371728,0.8992337539862827
0.3637844255040143,0.6362155744959856
0.15441122521843179,0.8455887747815682
0.3598961152171727,0.6401038847828273
0.0912958062297511,0.9087041937702488
0.13179889087502403,0.8682011091249761
0.2416173084432115,0.7583826915567886
0.03232710296589162,0.9676728970341084
0.0,1.0
0.1763421386036519,0.8236578613963481
0.2561707311290536,0.7438292688709465
5.551115123125783e-17,1.0
0.14459761467357202,0.8554023853264279
0.2501206878502895,0.7498793121497105
0.05722128938508066,0.9427787106149194
0.0,1.0
0.05026085553557455,0.9497391444644254
0.0,1.0
0.3178636391269234,0.6821363608730766
0.45499553848784297,0.5450044615121571
0.195948241453553,0.804051758546447
0.0,1.0
0.2986832821760533,0.7013167178239467
0.4853104445560719,0.5146895554439281
0.13219618313230977,0.8678038168676901
0.2873269156107896,0.7126730843892104
0.2915866880928741,0.7084133119071259
0.09177904795495566,0.9082209520450444
0.14636462443115286,0.8536353755688472
0.0,1.0
0.08455686257432485,0.9154431374256752
0.38923100538060995,0.6107689946193902
0.2016654558711506,0.7983345441288494
0.06248287623362249,0.9375171237663775
0.4907799347129507,0.5092200652870493
0.19413031801676547,0.8058696819832345
0.31032643778858426,0.6896735622114157
0.31338007287322844,0.6866199271267714
0.12350756200411385,0.8764924379958863
0.20696700868536455,0.7930329913146354
0.25571063251864473,0.7442893674813553
0.0416496782722717,0.9583503217277284
0.0749660393767523,0.9250339606232477
0.17814550564523243,0.8218544943547675
0.22575873946044506,0.774241260539555
5.551115123125783e-17,1.0
0.16733544523103025,0.8326645547689698
0.06731166566770885,0.9326883343322911
0.23121160859248005,0.76878839140752
0.0,1.0
0.4136467578707722,0.5863532421292278
0.19184134135926992,0.8081586586407301
0.0,1.0
0.056228300567405715,0.9437716994325943
0.14771387741960312,0.8522861225803969
0.20796798017627152,0.7920320198237285
0.3737303285149435,0.6262696714850565
0.40730955206379604,0.592690447936204
0.021840602757770555,0.9781593972422294
0.28480870200296515,0.7151912979970348
0.34022059187499765,0.6597794081250024
0.3905667247899147,0.6094332752100853
0.0,1.0
0.025254654812533892,0.9747453451874663
0.344185789706376,0.6558142102936241
0.21892624806411426,0.7810737519358857
0.0,1.0
0.2733775903592092,0.726622409640791
0.0,1.0
0.055105761304436646,0.9448942386955634
5.551115123125783e-17,1.0
0.3453828571015246,0.6546171428984754
0.15161724951068095,0.8483827504893191
0.35009719889662816,0.6499028011033718
0.0,1.0
0.45915469641615686,0.5408453035838432
0.0,1.0
0.03702153752720956,0.9629784624727905
0.22668305543730763,0.7733169445626924
0.11790443908266503,0.882095560917335
0.022946558256715845,0.9770534417432841
0.3062352437167411,0.693764756283259
0.04859044825775428,0.9514095517422457
0.03948531005726499,0.960514689942735
0.049823400593844436,0.9501765994061556
0.0,1.0
0.32910623465911243,0.6708937653408876
0.19624571740262395,0.8037542825973761
0.20075660934902007,0.7992433906509799
5.551115123125783e-17,1.0
0.303441756482636,0.696558243517364
5.551115123125783e-17,1.0
0.2424219135274324,0.7575780864725676
0.020540100900576307,0.9794598990994237
0.2514100647960175,0.7485899352039825
0.20072679550134762,0.7992732044986525
0.060442899378451445,0.9395571006215486
0.2823398582492857,0.7176601417507144
0.20494423324233235,0.7950557667576676
0.20698204405638027,0.7930179559436198
0.15336032387171894,0.8466396761282811
0.2964537902018285,0.7035462097981715
0.30278050203545587,0.6972194979645442
0.34047089551700815,0.6595291044829917
0.22110841122315922,0.7788915887768407
0.15054794056650422,0.8494520594334958
0.37394132408224456,0.6260586759177553
0.19558804228437976,0.8044119577156204
0.2172891598998977,0.7827108401001023
0.2545756684330217,0.7454243315669783
0.07865228113100747,0.9213477188689925
1.6653345369377348e-16,1.0
5.551115123125783e-17,1.0
0.32902562558679704,0.670974374413203
0.3192276924268327,0.6807723075731673
0.24859758930867182,0.7514024106913282
0.26716560855303695,0.732834391446963
0.24401390515388272,0.7559860948461172
0.1438499476798542,0.8561500523201457
0.33772864055438867,0.6622713594456113
0.2761839498303002,0.7238160501696999
0.21197710686729332,0.7880228931327067
0.06559691713317894,0.934403082866821
0.07413347320493983,0.9258665267950602
0.019721075191491758,0.9802789248085082
0.03809533484513707,0.961904665154863
0.2482313273326657,0.7517686726673344
0.08093721304692028,0.9190627869530797
0.1584962892354092,0.8415037107645909
0.12558516779167794,0.8744148322083221
0.06374249579396454,0.9362575042060355
0.28229758623586354,0.7177024137641365
0.0,1.0
0.0,1.0
0.0,1.0
0.16898838665591173,0.8310116133440884
0.2524210408089507,0.7475789591910492
0.13720950101487367,0.8627904989851264
0.07595708642199776,0.9240429135780023
0.2586602386349264,0.7413397613650736
0.17110317581825232,0.8288968241817477
0.31763097826705355,0.6823690217329464
0.10862683345088828,0.8913731665491118
0.2414179405527628,0.7585820594472372
0.14775251734318573,0.8522474826568143
0.0,1.0
0.08331164444681548,0.9166883555531846
0.2523542463178455,0.7476457536821546
0.0,1.0
0.049695297956044895,0.9503047020439551
0.234831615385576,0.7651683846144239
0.38955269280800986,0.6104473071919903
0.12064634714728009,0.8793536528527198
0.05673443283760632,0.9432655671623936
0.3097433722915334,0.6902566277084665
0.0,1.0
0.2780387798735659,0.7219612201264342
0.0,1.0
0.043469872637550026,0.95653012736245
0.028199565985012196,0.9718004340149877
0.44424710747188134,0.5557528925281187
0.19603747663873475,0.8039625233612654
0.2166181781187366,0.7833818218812635
0.4376661709122955,0.5623338290877045
0.2871840272776167,0.7128159727223833
0.11138140694883998,0.8886185930511601
0.2273133755558664,0.7726866244441336
0.3716883734391317,0.6283116265608683
0.47015861588644575,0.5298413841135542
0.20906396749883538,0.7909360325011645
0.38819435133778624,0.6118056486622137
0.014997178484161575,0.9850028215158384
0.061443797820638635,0.9385562021793614
0.3370871078837597,0.6629128921162403
0.3216476438280217,0.6783523561719783
5.551115123125783e-17,1.0
0.07963385202081179,0.9203661479791883
0.1524783649545782,0.8475216350454218
0.19153565946351955,0.8084643405364804
0.15197869310665904,0.848021306893341
0.2901202625437036,0.7098797374562964
0.0,1.0
0.23445105336792316,0.765548946632077
0.08543312589464784,0.9145668741053522
0.45782335901174254,0.5421766409882575
0.3802395549889723,0.6197604450110278
0.0,1.0
0.457554435969459,0.542445564030541
0.4048713500967063,0.5951286499032937
0.0,1.0
0.3561571531245846,0.6438428468754154
0.020211283049531587,0.9797887169504684
0.17399904718406745,0.8260009528159326
0.0,1.0
0.36803083452061586,0.6319691654793842
0.32932053267941724,0.6706794673205828
0.2507941325819429,0.7492058674180571
0.5149090541352876,0.4850909458647124
0.0,1.0
0.39313713628368724,0.6068628637163128
0.12642907900084546,0.8735709209991546
0.0,1.0
0.22148805609478198,0.778511943905218
0.17722387514129098,0.822776124858709
0.17294299206500288,0.8270570079349971
0.3863239500609563,0.6136760499390437
0.19112066958567756,0.8088793304143224
5.551115123125783e-17,1.0
0.3647747668665222,0.6352252331334778
0.0,1.0
0.12385058235248078,0.8761494176475192
0.19270624666255526,0.8072937533374447
0.03781907423813604,0.9621809257618639
0.4155351580048927,0.5844648419951073
5.551115123125783e-17,1.0
0.0,1.0
0.40570567232466614,0.5942943276753339
0.1922193890058603,0.8077806109941397
0.11788392512425022,0.8821160748757498
0.34344288916080296,0.656557110839197
0.09503164353649826,0.9049683564635018
0.13052128618295775,0.8694787138170423
0.31552355501500506,0.6844764449849949
0.0,1.0
0.10247341944184242,0.8975265805581575
0.09421576762577777,0.9057842323742222
0.2038157148319529,0.7961842851680472
0.0,1.0
0.0,1.0
0.2601579485130115,0.7398420514869885
0.0,1.0
0.2004824989704484,0.7995175010295515
0.11685917300267157,0.8831408269973284
0.2682081398274938,0.7317918601725062
0.02705209312413714,0.9729479068758629
0.284821301759822,0.715178698240178
0.016432255219082315,0.9835677447809177
0.112218833355865,0.887781166644135
0.28750651726925625,0.7124934827307438
0.3092606437133657,0.6907393562866343
0.46775716113732557,0.5322428388626744
0.06196739409683883,0.9380326059031612
0.2160167886969018,0.7839832113030982
0.2573475943934523,0.7426524056065477
0.03543808315104304,0.964561916848957
0.34444687586211054,0.6555531241378895
0.29056183948088343,0.7094381605191166
0.0,1.0
0.24150115076145523,0.7584988492385448
0.3088747124773629,0.691125287522637
0.31153851720124076,0.6884614827987593
0.3240968238326198,0.6759031761673804
0.1717568388965925,0.8282431611034076
0.4216987862624001,0.5783012137375999
0.2721870953203202,0.7278129046796797
0.0,1.0
0.13509799124204305,0.864902008757957
0.010613926347407295,0.9893860736525927
0.33432975204378707,0.665670247956213
0.09664979170545522,0.9033502082945448
0.4810271698256552,0.5189728301743448
0.1797057408526103,0.8202942591473897
0.20243196932560636,0.7975680306743936
0.03912305222751852,0.9608769477724814
0.15666534167592538,0.8433346583240745
0.20165774316164167,0.7983422568383584
0.20678295923237003,0.79321704076763
0.33103899031687845,0.6689610096831214
0.24356747356350156,0.7564325264364985
0.012278808899261426,0.9877211911007385
0.049144072946913274,0.9508559270530867
0.1805286663980076,0.8194713336019924
0.15692794068684446,0.8430720593131557
0.5814436420801654,0.41855635791983453
0.2053273677707837,0.7946726322292162
0.03978583453958492,0.9602141654604152
0.17830501609357743,0.8216949839064227
0.25171361644069273,0.7482863835593073
0.5144065695884831,0.485593430411517
0.0,1.0
0.23690301432638622,0.7630969856736137
0.30787906583604846,0.6921209341639516
0.21694738507933325,0.7830526149206668
0.0,1.0
0.20932652035121674,0.7906734796487833
0.0751818247599694,0.9248181752400305
0.14794650798036457,0.8520534920196355
0.32281589082347995,0.67718410917652
0.09617091690560642,0.9038290830943936
0.0,1.0
0.29087506702533844,0.7091249329746616
0.057736911246923386,0.9422630887530766
0.4364119417908397,0.5635880582091604
5.551115123125783e-17,1.0
0.1063979633719831,0.8936020366280168
0.054224059824765206,0.9457759401752347
0.2376244241483563,0.7623755758516437
0.02244579738123654,0.9775542026187635
0.30144363457588425,0.6985563654241157
0.1570752847694258,0.8429247152305742
0.24473811242067148,0.7552618875793287
0.28029499493082943,0.7197050050691706
0.33672102585555075,0.6632789741444493
0.23642412007328228,0.7635758799267177
0.0,1.0
0.25498364195005635,0.7450163580499437
0.20137278378883827,0.7986272162111617
0.3746556369376419,0.6253443630623581
0.37382293196976724,0.6261770680302328
0.21842963396588008,0.7815703660341199
0.465815294232383,0.534184705767617
0.07282511145348557,0.9271748885465145
0.33363210134921106,0.6663678986507889
0.1842793971682967,0.8157206028317033
0.07590412503421651,0.9240958749657836
0.3603319766024754,0.6396680233975246
0.028793023818145986,0.971206976181854
0.0900067253452075,0.9099932746547925
0.12794518860292578,0.8720548113970742
0.38772403958015617,0.6122759604198439
0.08741200666358676,0.9125879933364132
0.02312053192711991,0.9768794680728801
0.5349753884585533,0.4650246115414467
0.1447214501511336,0.8552785498488664
1.1102230246251565e-16,1.0
0.0,1.0
0.34614919442232606,0.6538508055776738
0.04506507608545704,0.954934923914543
0.24727697379610936,0.7527230262038906
0.3702708204319153,0.6297291795680847
0.0,1.0
0.29947032309014787,0.7005296769098522
0.13706048680731395,0.8629395131926861
0.4218682212370922,0.5781317787629078
0.2505011168423269,0.7494988831576731
0.0823991358195608,0.9176008641804393
0.12547037292786448,0.8745296270721356
0.11219543543972757,0.8878045645602723
0.2363514783356325,0.7636485216643675
0.21923703970390337,0.7807629602960966
0.27946663335851835,0.7205333666414817
0.04401072764350996,0.95598927235649
0.0,1.0
0.23719892068323106,0.762801079316769
0.3437923827191246,0.6562076172808754
0.1325305593378027,0.8674694406621973
0.0,1.0
0.2250276805615473,0.7749723194384527
0.04632003451172406,0.9536799654882759
0.05194707521366864,0.9480529247863313
2.7755575615628914e-17,1.0
0.023570403037194133,0.976429596962806
0.22967314427763644,0.7703268557223636
0.1525039928604984,0.8474960071395017
0.0,1.0
0.15977883215520586,0.8402211678447942
0.1122798313570065,0.8877201686429934
0.22810359256005047,0.7718964074399496
0.2330487782609559,0.7669512217390441
0.0,1.0
0.0,1.0
0.10405900442453897,0.8959409955754611
0.1784074544353516,0.8215925455646483
0.2115474535451131,0.7884525464548869
0.34952595950151166,0.6504740404984883
0.05712866017132298,0.942871339828677
0.25426181499067135,0.7457381850093286
0.0,1.0
0.37354495830930073,0.6264550416906993
0.24563646524435928,0.7543635347556408
0.07681633604822041,0.9231836639517796
0.32144299624464295,0.678557003755357
0.0,1.0
0.33410418485247123,0.6658958151475288
0.1740561922578429,0.8259438077421571
0.0,1.0
0.20906550404539218,0.7909344959546079
0.14474513317987867,0.8552548668201213
0.0,1.0
0.2648165415126738,0.7351834584873261
0.14914641079820248,0.8508535892017975
0.37546492765009926,0.6245350723499008
0.05718719573687024,0.9428128042631299
0.2638653678351384,0.7361346321648616
0.09649313701241591,0.903506862987584
0.3735163616027977,0.6264836383972023
0.07036380265427405,0.9296361973457259
0.23529288641597107,0.764707113584029
0.14358202568637843,0.8564179743136215
0.44131544277899226,0.5586845572210077
0.0,1.0
0.17379953958722588,0.8262004604127742
1.1102230246251565e-16,1.0
0.30669270309473734,0.6933072969052626
0.22181517871727163,0.7781848212827284
0.16771585021487545,0.8322841497851245
0.1430133187111132,0.8569866812888869
0.4265440974915574,0.5734559025084426
0.14004605342920237,0.8599539465707976
0.05624810612415852,0.9437518938758415
0.4094507515152559,0.5905492484847441
0.034712989126397274,0.9652870108736027
0.015612471815975026,0.984387528184025
0.3670259937485713,0.6329740062514286
0.2093431268433376,0.7906568731566624
0.23579737883675336,0.7642026211632467
0.0,1.0
0.38202039464767734,0.6179796053523227
0.16551600007864647,0.8344839999213535
0.0,1.0
0.31954554119458706,0.680454458805413
0.16700804572441785,0.832991954275582
0.10516855959489477,0.8948314404051053
0.08807185943844136,0.9119281405615587
0.07065221199003704,0.929347788009963
0.2704614110457742,0.7295385889542259
0.3206798459212988,0.6793201540787012
0.1728678789720334,0.8271321210279665
0.23532842873190266,0.7646715712680973
0.08769616035109645,0.9123038396489035
0.054271210278272516,0.9457287897217275
0.0,1.0
0.40097236437755535,0.5990276356224447
0.05687812001955743,0.9431218799804426
0.03755317885930197,0.962446821140698
0.016092699047128425,0.9839073009528716
0.22253366503407984,0.7774663349659201
0.07179737052097279,0.9282026294790271
0.31646141177763226,0.6835385882223679
0.25213309289222385,0.7478669071077761
0.2598936236669808,0.7401063763330193
1.1102230246251565e-16,1.0
0.0690752503937227,0.9309247496062774
0.08494001770456391,0.9150599822954361
0.1966323362499217,0.8033676637500783
0.041993255281836686,0.9580067447181634
8.326672684688674e-17,1.0
0.21154191868546812,0.7884580813145319
0.10997330921590033,0.8900266907840997
0.0,1.0
0.22392228426775476,0.7760777157322452
0.4225334305766314,0.5774665694233685
0.4262230495212336,0.5737769504787664
0.1249231708142175,0.8750768291857824
0.0,1.0
0.2493947943605683,0.7506052056394318
0.30373987949448195,0.6962601205055181
0.4039563768174243,0.5960436231825758
0.40169710852508395,0.5983028914749161
0.06557997686826096,0.934420023131739
0.1521536401625092,0.8478463598374907
0.25628752678964456,0.7437124732103554
0.39762036017734415,0.6023796398226559
0.07788106003519135,0.9221189399648088
0.16389160197992336,0.8361083980200765
0.45330479179710087,0.5466952082028991
0.32121319903377726,0.6787868009662228
0.26873849406474787,0.7312615059352522
0.0,1.0
5.551115123125783e-17,1.0
0.0,1.0
0.1457231777890318,0.8542768222109682
0.16599573603025375,0.8340042639697461
0.0,1.0
1.1102230246251565e-16,1.0
0.0,1.0
0.22032759025469986,0.7796724097453002
0.34020540153608436,0.6597945984639156
0.0,1.0
0.2158174309452525,0.7841825690547475
0.1737480493238442,0.8262519506761559
0.20975946500484122,0.7902405349951588
0.0,1.0
0.33615141850429564,0.6638485814957044
0.10519689998431053,0.8948031000156895
0.050122064055381714,0.9498779359446183
0.1273334032924737,0.8726665967075262
0.17939497968840992,0.8206050203115901
0.024587048039101105,0.9754129519608988
0.20311552447866763,0.7968844755213323
0.21947275501438301,0.780527244985617
0.24187606561930203,0.7581239343806979
0.08664985609252727,0.9133501439074728
0.01185197193541466,0.9881480280645853
0.20451663370248424,0.7954833662975157
0.04934406866642932,0.9506559313335706
0.4064374416851896,0.5935625583148103
0.188067314767283,0.811932685232717
0.32106246422107587,0.6789375357789242
0.13567111513558755,0.8643288848644124
0.3131624737131402,0.6868375262868598
0.16570807771808135,0.8342919222819186
0.32303259571763737,0.6769674042823626
0.5,0.5
0.46473942279290964,0.5352605772070904
0.24852685879287345,0.7514731412071266
0.1798056395994622,0.8201943604005377
0.19966348446492851,0.8003365155350715
0.1605606110465932,0.8394393889534069
0.03157263746151949,0.9684273625384805
0.08667159261312832,0.9133284073868716
0.10503635561880377,0.8949636443811962
0.12169714584949033,0.8783028541505097
0.4597681951379348,0.5402318048620651
0.17165230122520056,0.8283476987747994
0.0,1.0
0.0,1.0
0.17886988072888493,0.8211301192711151
0.11820934390550537,0.8817906560944947
0.07492287520998005,0.92507712479002
0.014127627521488476,0.9858723724785116
0.18016519844871434,0.8198348015512856
0.32529653707557965,0.6747034629244204
0.30903966733418986,0.69096033266581
0.30607847645731273,0.6939215235426872
0.0,1.0
0.12512508655319984,0.8748749134468001
0.037649943399367586,0.9623500566006324
0.10931992741711814,0.890680072582882
0.5,0.5
0.4342292342297448,0.5657707657702552
0.0974648478005158,0.9025351521994842
0.2951125583387413,0.7048874416612587
0.3873601708119523,0.6126398291880476
5.551115123125783e-17,1.0
0.012149621019348487,0.9878503789806515
0.1439191780450574,0.8560808219549426
0.22069952932378042,0.7793004706762195
0.1314388037111094,0.8685611962888907
0.0,1.0
0.32602801878414434,0.6739719812158557
0.19534335312669296,0.804656646873307
0.0,1.0
0.2502312304393033,0.7497687695606966
0.11246563145388729,0.8875343685461127
0.0,1.0
0.1526187889474815,0.8473812110525185
0.07998819258324807,0.9200118074167519
5.551115123125783e-17,0.9999999999999999
0.34875929084333357,0.6512407091566664
0.06940864921608621,0.9305913507839139
0.09700374183938154,0.9029962581606185
0.0,1.0
0.08970373104309409,0.9102962689569059
0.4536670962873624,0.5463329037126377
0.008476145231372178,0.9915238547686278
5.551115123125783e-17,1.0
0.23606359504032198,0.763936404959678
0.0026178059844410633,0.9973821940155589
0.41568952301885675,0.5843104769811432
0.055017325886405344,0.9449826741135947
0.0,1.0
0.021106399042124163,0.9788936009578758
0.267786416024058,0.732213583975942
0.16320489846084762,0.8367951015391524
0.12389472165868484,0.8761052783413151
0.19079553662542578,0.8092044633745743
5.551115123125783e-17,0.9999999999999999
0.15534725908812208,0.8446527409118779
0.0639099260167218,0.9360900739832781
0.22814099089684758,0.7718590091031524
0.3474548508655939,0.6525451491344062
0.38490985382307313,0.6150901461769269
0.24882677537241163,0.7511732246275883
0.27084090607180605,0.7291590939281939
0.14112605587291527,0.8588739441270847
5.551115123125783e-17,1.0
0.12162282198818787,0.8783771780118121
0.2036606232353897,0.7963393767646103
0.23731165924275938,0.7626883407572406
0.38238503326519707,0.6176149667348029
0.16204276396152217,0.8379572360384778
0.08630274716384669,0.9136972528361533
0.0,1.0
5.551115123125783e-17,1.0
0.2357500453371892,0.7642499546628108
0.02081221307196754,0.9791877869280324
0.2692991636966935,0.7307008363033065
0.14700947952272764,0.8529905204772723
0.2969186973619832,0.7030813026380168
0.11843844995594735,0.8815615500440527
0.09906585705069491,0.9009341429493051
5.551115123125783e-17,1.0
0.12687096173807372,0.8731290382619263
0.07779060629851851,0.9222093937014815
0.14285443336514522,0.8571455666348547
0.0,1.0
0.0,1.0
0.3919775029321818,0.6080224970678182
0.0,1.0
0.4110069684227178,0.5889930315772822
0.0,1.0
0.20902586347239263,0.7909741365276074
0.18541169731042656,0.8145883026895734
0.23403104637561956,0.7659689536243804
0.10933175752375529,0.8906682424762448
0.2857017821611984,0.7142982178388015
0.28686048702594624,0.7131395129740538
0.09122621223780222,0.9087737877621977
0.13544557772403545,0.8645544222759646
0.0,1.0
0.0,1.0
0.32288990744854196,0.677110092551458
0.141853547263903,0.8581464527360969
0.24147742721441645,0.7585225727855835
0.0,1.0
0.2776887875208272,0.7223112124791728
5.551115123125783e-17,1.0
0.08588976727064354,0.9141102327293565
0.20427688560990537,0.7957231143900947
5.551115123125783e-17,1.0
0.1719940763240696,0.8280059236759304
0.09308038572824219,0.9069196142717578
0.3017381149850734,0.6982618850149266
0.20321754123090646,0.7967824587690937
0.18434665822388574,0.8156533417761143
0.10811619752066373,0.8918838024793363
0.31859492893781066,0.6814050710621894
0.3865701577487738,0.6134298422512262
0.22383273679493548,0.7761672632050646
0.1420188552500774,0.8579811447499225
0.2079933465334585,0.7920066534665414
0.29927691426394626,0.7007230857360538
0.11342631131204524,0.8865736886879547
0.29870891398565524,0.7012910860143446
0.26796842518348607,0.732031574816514
0.055991106031528515,0.9440088939684715
0.2594986362795231,0.7405013637204769
0.31060603653617774,0.6893939634638222
0.1316271291069921,0.868372870893008
0.39156505753121246,0.6084349424687875
5.551115123125783e-17,1.0
0.19474885552265156,0.8052511444773485
0.04730408820137098,0.952695911798629
0.31373995909910596,0.6862600409008941
0.2018966071236175,0.7981033928763824
0.2710811202342308,0.7289188797657692
0.25952029792212894,0.7404797020778711
0.22384743674363794,0.7761525632563621
0.006138616658651965,0.993861383341348
0.22899788280352,0.77100211719648
0.4509276709858815,0.5490723290141185
0.21939500258791783,0.7806049974120822
0.1963536227972146,0.8036463772027854
0.4426243957890927,0.5573756042109074
2.220446049250313e-16,0.9999999999999998
0.12285229415418493,0.877147705845815
1.1102230246251565e-16,1.0
0.3056898098493956,0.6943101901506045
0.0,1.0
0.008380968781750358,0.9916190312182497
0.22189136595728998,0.7781086340427101
0.0,1.0
0.3490678942177896,0.6509321057822103
0.20599605621506953,0.7940039437849304
0.10736480397916222,0.8926351960208379
0.38708372588552115,0.6129162741144788
0.22121891172496355,0.7787810882750364
0.136691735803345,0.8633082641966551
0.0,1.0
0.03052289112781274,0.9694771088721873
0.286739984709207,0.7132600152907931
0.034951146981593025,0.965048853018407
0.10732507248634177,0.8926749275136583
0.15255631221185192,0.847443687788148
0.26724983236392935,0.7327501676360707
5.551115123125783e-17,1.0
0.25566214893175027,0.7443378510682498
0.2577020783162545,0.7422979216837455
0.24251879074490076,0.7574812092550993
0.0,1.0
0.38458558528261777,0.6154144147173822
0.17161322322454495,0.828386776775455
0.20770762797149564,0.7922923720285044
0.0,1.0
1.1102230246251565e-16,1.0
0.21535150006751985,0.7846484999324801
0.23969184611889446,0.7603081538811055
0.12225710519507596,0.8777428948049241
0.09596459229706793,0.9040354077029321
0.2561735699250931,0.7438264300749069
0.0,1.0
0.06071996800657567,0.9392800319934244
0.275406476252502,0.724593523747498
0.13340383006983134,0.8665961699301686
0.2506617319963175,0.7493382680036824
0.13976094606869294,0.860239053931307
0.025900743625193214,0.9740992563748069
0.33080753357426734,0.6691924664257327
0.22055243980736428,0.7794475601926357
0.2774952474235263,0.7225047525764736
0.21173117779852701,0.7882688222014731
2.7755575615628914e-17,1.0
0.24992360518472195,0.750076394815278
0.38068210450226725,0.6193178954977328
5.551115123125783e-17,1.0
0.2346549230805702,0.7653450769194298
0.349903320114496,0.650096679885504
0.2315674854767696,0.7684325145232305
0.2747940173135205,0.7252059826864795
0.10654296274454449,0.8934570372554554
0.08768475679406067,0.9123152432059394
0.4664202447636613,0.5335797552363387
0.16696321699132474,0.8330367830086753
0.14741961634987405,0.8525803836501259
0.4140402695132012,0.5859597304867988
0.24250602129214233,0.7574939787078577
0.24208076415482668,0.7579192358451734
0.0969432671707579,0.9030567328292421
0.4219289095206163,0.5780710904793837
0.3336962674206251,0.666303732579375
0.22556645200561987,0.7744335479943801
0.2788804771247966,0.7211195228752035
1.6653345369377348e-16,0.9999999999999999
0.4002047954687146,0.5997952045312853
0.5623803039736857,0.43761969602631434
0.19874033246395423,0.8012596675360458
0.3451045035744065,0.6548954964255935
0.02839763368646814,0.9716023663135318
0.09270960943925091,0.9072903905607491
0.3267592220753353,0.6732407779246646
0.5,0.5
0.13652562612911387,0.8634743738708862
0.0,1.0
1.1102230246251565e-16,1.0
0.13965164887192,0.86034835112808
0.20990798275181421,0.7900920172481858
0.28198396836251716,0.7180160316374828
0.21364936249708782,0.7863506375029121
0.16060097303697032,0.8393990269630297
0.03124625237602658,0.9687537476239735
0.057580718932810485,0.9424192810671895
0.2523237615776316,0.7476762384223684
0.21129382293212076,0.7887061770678792
0.2534198536567733,0.7465801463432267
0.35777271071611844,0.6422272892838816
0.26008191828376886,0.7399180817162311
0.19197614031290275,0.8080238596870972
5.551115123125783e-17,1.0
0.06172134787000716,0.9382786521299928
0.2707522679533484,0.7292477320466516
0.12334067191859852,0.8766593280814016
0.19931963527135776,0.8006803647286421
0.1185037842395645,0.8814962157604355
0.2020193079371342,0.7979806920628658
0.4188324186683519,0.5811675813316481
0.28998797345635813,0.7100120265436418
0.3943300181192317,0.6056699818807683
0.18854777287274685,0.8114522271272531
0.09895252543547702,0.9010474745645229
0.23235760358369878,0.7676423964163013
0.0,1.0
0.3310925442584035,0.6689074557415966
0.009963870381744509,0.9900361296182555
0.09711291847426848,0.9028870815257315
0.2430289538912459,0.7569710461087541
0.06785598928393027,0.9321440107160698
0.06880116443982225,0.9311988355601778
0.09834591719882642,0.9016540828011737
0.5121678559798772,0.48783214402012276
0.28039162202587986,0.7196083779741203
0.17283101498883377,0.8271689850111663
0.3598282568598315,0.6401717431401684
0.23848667210370775,0.7615133278962923
0.26246448571936426,0.7375355142806357
0.16366792746275535,0.8363320725372447
0.5,0.5
0.16221946277928906,0.837780537220711
0.27064233810246385,0.7293576618975361
0.12391978524496008,0.8760802147550398
0.14401671209946854,0.8559832879005315
0.3174573295722658,0.6825426704277342
0.01280014867823171,0.9871998513217684
0.48872757389124494,0.511272426108755
0.16763557847194518,0.8323644215280549
0.19203056912549574,0.8079694308745042
0.3338627043752255,0.6661372956247745
0.22838587161679708,0.771614128383203
0.12633492914719766,0.8736650708528023
0.35360198285628786,0.646398017143712
5.551115123125783e-17,1.0
0.2863698558136846,0.7136301441863154
0.09269854689924752,0.9073014531007525
0.0,1.0
0.03786387950781796,0.962136120492182
0.25731578954007783,0.7426842104599222
0.17498036518403728,0.8250196348159626
5.551115123125783e-17,1.0
0.24948070212750986,0.7505192978724902
1.1102230246251565e-16,1.0
0.25697399651614383,0.7430260034838562
0.0,1.0
0.3512718755681485,0.6487281244318515
0.2731788873587113,0.7268211126412887
0.35308638296699907,0.646913617033001
0.20345948032776018,0.7965405196722398
0.2292890801284158,0.7707109198715842
0.3094667553647758,0.6905332446352241
0.21256583713938515,0.7874341628606149
0.13331393417451115,0.8666860658254888
0.12802281779368438,0.8719771822063156
0.32939061652252444,0.6706093834774756
0.13124489633955036,0.8687551036604496
0.0,1.0
0.19755310179471566,0.8024468982052844
0.2567585818805684,0.7432414181194316
0.44310776837043814,0.5568922316295619
0.3363063281870447,0.6636936718129552
0.2620171118004261,0.7379828881995739
0.46657130374925576,0.5334286962507442
0.0,1.0
0.0,1.0
0.15425304674377655,0.8457469532562234
0.35898699749672247,0.6410130025032774
0.005080803301851807,0.9949191966981482
0.18960270717114594,0.8103972928288541
0.0,1.0
0.3780245084683258,0.6219754915316742
0.4939172640442848,0.5060827359557152
0.25762922609011346,0.7423707739098866
0.0,1.0
0.1438796947169601,0.8561203052830398
0.05218936608002413,0.9478106339199759
0.1012030779843413,0.8987969220156586
0.13385755837006455,0.8661424416299354
0.1283435201234759,0.8716564798765241
0.1707905807213498,0.8292094192786501
0.38629660766605095,0.6137033923339491
0.23281075480346328,0.7671892451965369
0.16178373948769115,0.8382162605123088
0.0,1.0
0.20791508330326355,0.7920849166967365
0.03216686310547777,0.9678331368945222
0.20477232354431,0.79522767645569
0.1142928705172731,0.885707129482727
0.5253209900224243,0.47467900997757567
0.07159474196174692,0.9284052580382531
0.3031588862269199,0.6968411137730801
0.145285056584793,0.854714943415207
0.22296331258636304,0.777036687413637
0.12008091767671132,0.8799190823232886
0.38392025004810676,0.6160797499518933
0.12535392869329948,0.8746460713067006
5.551115123125783e-17,1.0
0.28028191533853897,0.719718084661461
0.11692504962073716,0.8830749503792629
0.0,1.0
0.3354214563820631,0.6645785436179369
0.0,1.0
0.25879221148967296,0.741207788510327
0.12056758203191295,0.879432417968087
0.16142640474040318,0.8385735952595968
5.551115123125783e-17,1.0
0.285276045775788,0.714723954224212
0.44349426387560953,0.5565057361243905
0.16085850979513405,0.839141490204866
0.18787861742531908,0.8121213825746809
0.3166616759327151,0.6833383240672848
0.24003289136078007,0.75996710863922
0.42088773537079127,0.5791122646292087
0.1605222498467442,0.8394777501532559
0.0642060247972513,0.9357939752027487
0.09174664888805747,0.9082533511119425
0.08725689593684452,0.9127431040631554
0.16535616046307317,0.8346438395369268
0.38331920664830355,0.6166807933516965
0.21507746070016745,0.7849225392998326
0.260064802995101,0.7399351970048991
0.0,1.0
0.3286890123489432,0.6713109876510569
0.0,1.0
0.3201772236811908,0.6798227763188093
0.042555928149685014,0.957444071850315
0.18376314700083013,0.8162368529991698
0.09756294766235668,0.9024370523376433
0.0,1.0
0.2390235487964617,0.7609764512035383
0.10280366725357412,0.8971963327464259
1.1102230246251565e-16,1.0
0.2451159085942286,0.7548840914057714
0.14963052532275167,0.8503694746772483
0.16596828696324895,0.834031713036751
5.551115123125783e-17,1.0
0.31643116820349076,0.6835688317965092
0.32592574924737433,0.6740742507526256
0.30814257759488844,0.6918574224051115
0.04321955672952439,0.9567804432704756
0.20903075765498086,0.7909692423450191
0.3081180736670691,0.6918819263329309
0.1491176066729887,0.8508823933270113
0.36812979277498276,0.6318702072250172
0.14361004683069387,0.8563899531693061
5.551115123125783e-17,0.9999999999999999
0.3609814908960499,0.6390185091039501
0.44165093560248986,0.5583490643975102
0.24388080347926866,0.7561191965207313
0.1601424481789109,0.8398575518210891
5.551115123125783e-17,1.0
0.30717004365555123,0.6928299563444488
0.22113582476900606,0.7788641752309939
5.551115123125783e-17,1.0
0.26480170887218357,0.7351982911278164
0.42088686596155817,0.5791131340384419
0.20829225631583437,0.7917077436841655
1.1102230246251565e-16,1.0
0.11970495145833163,0.8802950485416684
0.3778288288178206,0.6221711711821795
0.2387063493103726,0.7612936506896274
0.21134596156275168,0.7886540384372482
0.0,1.0
0.25173835603125716,0.748261643968743
0.10261706085051304,0.897382939149487
0.1668675091967648,0.8331324908032353
0.17945184472988213,0.8205481552701179
0.1502025951455323,0.8497974048544676
0.1540643092604751,0.8459356907395248
0.174466594122772,0.825533405877228
0.21294132285603495,0.787058677143965
0.17791156834712782,0.8220884316528722
0.2944503432358707,0.7055496567641293
0.22467419100280875,0.7753258089971913
0.08907054724840248,0.9109294527515976
0.2772236661644194,0.7227763338355806
0.09096653257211076,0.9090334674278893
0.06893555714139316,0.9310644428586069
0.0451479229830058,0.9548520770169943
0.16477116460358665,0.8352288353964133
0.34306529971002253,0.6569347002899775
0.19957570351847503,0.8004242964815249
0.0,1.0
0.13334245083977964,0.8666575491602204
0.0950519256861976,0.9049480743138023
0.08493053861055214,0.9150694613894479
0.0,1.0
0.0,1.0
0.07113491351812629,0.9288650864818736
0.26261600210990377,0.7373839978900962
0.0,1.0
0.031168557908102957,0.9688314420918971
0.1828171102188521,0.817182889781148
0.31931892814999546,0.6806810718500046
0.27365525493807835,0.7263447450619216
0.28466815935011774,0.7153318406498824
0.3280210642623079,0.6719789357376921
0.19959779867116398,0.800402201328836
0.0,1.0
0.07418632929494007,0.9258136707050599
0.060551247052152105,0.9394487529478479
0.14111123312718968,0.8588887668728103
0.2616904903228801,0.7383095096771198
0.275491014797663,0.7245089852023371
0.15915426027779128,0.8408457397222087
0.27563227824102404,0.724367721758976
0.05931307990217921,0.9406869200978207
0.38452351411842206,0.615476485881578
0.048545044557662675,0.9514549554423373
0.3356012551650483,0.6643987448349516
0.248622648454487,0.751377351545513
0.04327489915044393,0.9567251008495561
0.10833919309705557,0.8916608069029444
0.13064609919731768,0.8693539008026824
0.4718327242736828,0.5281672757263173
0.26333557703285687,0.7366644229671431
0.2141561789586297,0.7858438210413703
0.0,1.0
0.0,1.0
0.24001259972665384,0.7599874002733461
0.14151531622061758,0.8584846837793825
0.17692634056481968,0.8230736594351804
0.1999625596144049,0.8000374403855951
0.250221835522824,0.7497781644771759
0.21393418269615824,0.7860658173038418
0.08750665378668013,0.9124933462133199
0.22421646308736642,0.7757835369126336
0.1822049557957303,0.8177950442042698
0.23467684752932175,0.7653231524706782
0.4330815444801351,0.5669184555198649
0.0518048832581991,0.9481951167418009
0.060467504343099804,0.9395324956569001
0.3111385094082932,0.6888614905917069
0.1639658672952462,0.8360341327047538
0.3399526700681009,0.660047329931899
0.2739509822407541,0.7260490177592459
0.21885902822614342,0.7811409717738566
0.34483654347955034,0.6551634565204497
0.0,1.0
0.35144546161168605,0.6485545383883139
0.2718629765391509,0.7281370234608491
0.0752875672271412,0.9247124327728589
0.27552314873481293,0.7244768512651871
0.08578306771548394,0.9142169322845162
0.46455897439948907,0.535441025600511
0.4106746171090255,0.5893253828909745
0.440205715965803,0.5597942840341971
0.0,1.0
0.16595312386857558,0.8340468761314245
0.2091637501046075,0.7908362498953925
0.31732200715484166,0.6826779928451583
0.31675310206448476,0.6832468979355152
0.06282125928981054,0.9371787407101895
0.21741813204212682,0.7825818679578732
0.07366536064830179,0.9263346393516981
0.3254641541244761,0.674535845875524
0.0146236916110584,0.9853763083889416
5.551115123125783e-17,1.0
0.22349845070463958,0.7765015492953604
0.0816637423893638,0.9183362576106362
5.551115123125783e-17,1.0
0.1258695797718378,0.8741304202281621
0.29051671817395763,0.7094832818260424
0.10270460427790504,0.897295395722095
0.10189881536187069,0.8981011846381293
0.39191779828281664,0.6080822017171834
0.21316707185171824,0.7868329281482818
5.551115123125783e-17,1.0
0.1609313210784814,0.8390686789215187
0.17612572048336836,0.8238742795166316
0.17587441401396078,0.8241255859860392
0.2566303065733767,0.7433696934266233
0.24410374543761973,0.7558962545623803
0.40696187875933965,0.5930381212406604
0.06677814143288793,0.9332218585671122
0.0,1.0
0.029818978554931912,0.970181021445068
0.3614256842314343,0.6385743157685657
0.17801079778294115,0.821989202217059
0.28116833972155847,0.7188316602784417
0.29817510036996764,0.7018248996300324
0.02631494402885448,0.9736850559711455
0.46046740213661136,0.5395325978633887
0.11998039613965399,0.8800196038603461
0.04849130615650752,0.9515086938434925
0.23136876324340433,0.7686312367565957
0.5267059294821095,0.47329407051789046
0.2778232192617815,0.7221767807382186
0.21607775604231924,0.7839222439576807
0.11176103833734656,0.8882389616626535
0.10637768079179602,0.893622319208204
0.14972331201507558,0.8502766879849244
0.0,1.0
0.035833479476712504,0.9641665205232876
0.29076863868544844,0.7092313613145516
0.024621669339286046,0.975378330660714
0.13308036359413467,0.8669196364058653
0.19002165273831934,0.8099783472616806
0.18743369549569086,0.8125663045043091
0.009767860743892886,0.9902321392561071
0.21269301632932955,0.7873069836706704
0.03592983369618142,0.9640701663038187
0.35279377294729913,0.6472062270527008
1.1102230246251565e-16,1.0
0.0,1.0
0.0,1.0
0.2983238114643752,0.7016761885356249
0.08537419137210941,0.9146258086278906
0.14762952876314378,0.8523704712368562
0.17100168918174033,0.8289983108182597
0.2794491632240054,0.7205508367759945
0.0,1.0
0.21285879301678345,0.7871412069832165
0.2308926902654149,0.7691073097345851
0.1810558409355525,0.8189441590644476
0.14063980146641558,0.8593601985335845
0.05109126749065487,0.9489087325093452
0.06822151579892666,0.9317784842010733
0.16425856022401408,0.835741439775986
0.024470559738940655,0.9755294402610593
0.44143521988415124,0.5585647801158488
0.23823205893808722,0.7617679410619127
0.09785067883612841,0.9021493211638716
0.0234049377667737,0.9765950622332263
0.2449925471838656,0.7550074528161344
0.3818735465834449,0.618126453416555
0.13956526616072185,0.8604347338392782
0.26582957214133207,0.734170427858668
5.551115123125783e-17,1.0
0.0,1.0
0.24912308183914217,0.7508769181608579
0.17437690421469748,0.8256230957853025
0.27878171996302187,0.7212182800369781
0.0,1.0
0.17034442556294857,0.8296555744370515
5.551115123125783e-17,1.0
0.24743126297597118,0.7525687370240289
0.0,1.0
0.0,1.0
0.3666679256903708,0.6333320743096292
0.30378031556443363,0.6962196844355664
0.323440438406552,0.676559561593448
0.2081965621988548,0.7918034378011451
0.23062680789274642,0.7693731921072535
0.12569686084337847,0.8743031391566215
0.44099847192510966,0.5590015280748903
0.301324441723997,0.698675558276003
5.551115123125783e-17,1.0
0.0,1.0
0.22177285649513567,0.7782271435048643
0.017416313654708367,0.9825836863452917
0.48096996088079597,0.5190300391192041
0.12686685566061395,0.8731331443393859
0.13396828413067358,0.8660317158693264
0.29120598206691445,0.7087940179330856
0.310995163359541,0.689004836640459
0.20360951091204327,0.7963904890879567
0.037748023633676867,0.9622519763663232
0.0,1.0
0.13103567832085486,0.8689643216791452
0.3368078845238835,0.6631921154761166
0.05485775286886146,0.9451422471311385
0.35902308619164947,0.6409769138083505
0.365196789809063,0.634803210190937
0.027928373794817836,0.9720716262051823
0.18735626339103884,0.8126437366089612
0.18013418238993087,0.8198658176100692
0.27677036705661556,0.7232296329433845
1.1102230246251565e-16,1.0
0.29753946275214294,0.7024605372478571
0.0,1.0
0.2933936533672161,0.7066063466327839
0.24310931226152732,0.7568906877384726
0.18707770422968098,0.812922295770319
0.16706969442977176,0.8329303055702282
1.6653345369377348e-16,0.9999999999999999
0.21972372359376074,0.7802762764062393
0.32332621311521387,0.6766737868847862
0.27649042015183145,0.7235095798481684
0.2558764142520878,0.7441235857479122
0.13962031858285712,0.8603796814171429
0.0973073364256538,0.9026926635743463
0.26188030339187757,0.7381196966081225
5.551115123125783e-17,1.0
0.22076602770774553,0.7792339722922544
0.08701633545934075,0.9129836645406593
0.11086705430191003,0.88913294569809
0.03419918787452362,0.9658008121254764
0.2019913034434633,0.7980086965565367
0.4165099061558424,0.5834900938441576
0.1302307226586421,0.8697692773413579
0.4151265513176879,0.5848734486823121
0.3674908567421043,0.6325091432578958
0.2798651030856506,0.7201348969143494
0.3104106104716186,0.6895893895283814
0.35839469689346004,0.64160530310654
0.2543002567046871,0.745699743295313
0.13437789873548345,0.8656221012645164
5.551115123125783e-17,1.0
0.07946389622181149,0.9205361037781885
0.20578346540852444,0.7942165345914757
0.06769745139712895,0.9323025486028711
0.1264810038653013,0.8735189961346986
0.1893874080545762,0.8106125919454238
0.3542054220942718,0.6457945779057281
0.2615582141267338,0.7384417858732663
0.08128332231269424,0.9187166776873058
0.3751508616835314,0.6248491383164686
0.3299760854090068,0.6700239145909932
0.3155234751462495,0.6844765248537505
0.0,1.0
0.39598932019467,0.60401067980533
0.26842459831974974,0.7315754016802503
0.20031415880828943,0.7996858411917106
1.1102230246251565e-16,1.0
0.22840731412837945,0.7715926858716206
0.0,1.0
0.0,1.0
0.1318502639744181,0.8681497360255819
0.3899139553687895,0.6100860446312105
0.18715728179266375,0.8128427182073362
0.0,1.0
0.17516078146312716,0.8248392185368729
0.30051125595948247,0.6994887440405175
0.14857992075844406,0.8514200792415559
0.41808998751073273,0.5819100124892673
0.1558520907464849,0.8441479092535151
0.04663684432063588,0.9533631556793641
0.4611527695894894,0.5388472304105105
0.1877116145049852,0.8122883854950148
0.02926762906212621,0.9707323709378738
0.0,1.0
0.22624652667715836,0.7737534733228416
0.1363726747326163,0.8636273252673837
0.07421619025699695,0.925783809743003
0.014216967868217516,0.9857830321317825
0.22443297108677404,0.7755670289132259
0.15354702081465438,0.8464529791853456
0.2611610293082473,0.7388389706917526
0.08038368694354446,0.9196163130564555
0.36557368495552894,0.6344263150444711
0.23087591190930845,0.7691240880906915
0.14684282943774754,0.8531571705622525
0.2411786374571281,0.7588213625428719
0.33594055313496013,0.6640594468650398
5.551115123125783e-17,1.0
0.34722625322211786,0.6527737467778821
0.26997817697468207,0.7300218230253179
0.353867409600003,0.646132590399997
0.05810712470478754,0.9418928752952125
0.014225587536359644,0.9857744123576515
0.3167774169536115,0.6832225830463885
0.2920075136496017,0.7079924863503982
0.32807298725306605,0.6719270127469339
0.179500488066701,0.820499511933299
0.12178458731137848,0.8782154126886215
0.18114149934737409,0.8188585006526259
0.25357847571036723,0.7464215242896327
0.39269105410128574,0.6073089458987143
0.20622129361943703,0.793778706380563
0.22814277239465572,0.7718572276053443
0.16235879965547803,0.8376412003445219
0.2129514316800632,0.7870485683199369
0.2881246218818733,0.7118753781181267
1.1102230246251565e-16,1.0
0.12712490066863735,0.8728750993313628
0.10728499209190848,0.8927150079080916
5.551115123125783e-17,1.0
0.3496030241718023,0.6503969758281978
0.19225013500281857,0.8077498649971815
0.09368460240998924,0.9063153975900108
0.0,1.0
0.0,1.0
0.32878230279266,0.67121769720734
0.2963395864271743,0.7036604135728257
0.1868210706174274,0.8131789293825725
0.16856077573977887,0.8314392242602211
5.551115123125783e-17,1.0
0.06303671610786266,0.9369632838921373
0.19339389297847995,0.8066061070215201
0.09825089239288469,0.9017491076071152
0.1274833066961037,0.8725166933038963
5.551115123125783e-17,1.0
0.15525778234169235,0.8447422176583077
0.1192053582671619,0.8807946417328381
0.297042654467662,0.702957345532338
5.551115123125783e-17,1.0
0.08220102379912372,0.9177989762008762
0.18190089275788174,0.8180991072421183
0.48535229621539167,0.5146477037846083
0.21017810648670593,0.7898218935132941
0.32658629484289814,0.6734137051571017
0.0,1.0
0.14453147323088336,0.8554685267691168
0.42271324633483465,0.5772867536651654
0.1964766528439568,0.8035233471560432
0.027364503807295916,0.9726354961927041
0.08373065423202178,0.9162693457679781
0.22076542247047667,0.7792345775295234
0.1662479903974593,0.8337520096025408
0.39945939780193473,0.6005406021980653
0.11854229093967313,0.8814577090603269
0.3080804148270716,0.6919195851729284
0.22906407512793692,0.7709359248720631
0.09110685213132418,0.9088931478686758
0.3686623996577609,0.6313376003422391
0.10546925189412995,0.8945307481058701
0.48512262840974096,0.514877371590259
0.19219825017248585,0.8078017498275142
0.011750147232261332,0.9882498526801934
0.24957156157873248,0.7504284384212675
0.30753568189793945,0.6924643181020605
0.5468303372465871,0.4531696627534128
0.06474476067620157,0.9352552393237984
0.0513221171240505,0.9486778828759495
0.18801356858623572,0.8119864314137643
0.09689555841777421,0.9031044415822258
0.1770276834452657,0.8229723165547344
0.07385769319350102,0.926142306806499
0.2446522166661479,0.7553477833338521
0.27276078032460904,0.7272392196753911
0.16220522673177695,0.837794773268223
0.2025906972764133,0.7974093027235867
0.01402170161424219,0.9859782983857578
0.0733587683670567,0.9266412316329433
0.3550296716094595,0.6449703283905405
0.39590571187825613,0.6040942881217439
0.15258964746836884,0.8474103525316311
0.1112270440523279,0.8887729559476721
0.35167370384689184,0.6483262961531082
0.0,1.0
0.37960405901794947,0.6203959409820506
0.11678142127744975,0.8832185787225502
0.09745138178001168,0.9025486182199883
0.18471499986055043,0.8152850001394496
0.0685298583933175,0.9314701416066825
0.3073009771441212,0.6926990228558788
0.2761106375747081,0.7238893624252919
0.3456096820287547,0.6543903179712453
0.14101310921360255,0.8589868907863975
5.551115123125783e-17,1.0
0.05958136226129651,0.9404186377387036
0.25418611222780363,0.7458138877721964
0.05090721766829067,0.9490927823317094
0.15319062540870404,0.8468093745912961
0.2815159259313166,0.7184840740686834
0.0,1.0
0.20837865819543636,0.7916213418045637
0.05926770262348107,0.9407322973765189
0.23720154669105234,0.7627984533089477
0.06225833548350818,0.9377416645164919
0.08508043809752172,0.9149195619024783
0.27173287309792976,0.7282671269020703
0.0,1.0
0.319653274170377,0.6803467258296231
0.07278785565069258,0.9272121443493074
0.0896164632199424,0.9103835367800576
0.10811762364907705,0.891882376350923
0.0,1.0
0.2322252407746033,0.7677747592253968
0.2730497502867426,0.7269502497132574
0.1868463975978465,0.8131536024021535
0.2719893229130738,0.7280106770869261
0.2782305470420841,0.721769452957916
0.26014755286744307,0.7398524471325569
0.3988788778693635,0.6011211221306365
0.2503303785555741,0.749669621444426
0.0,1.0
0.13690516064227015,0.8630948393577299
0.3437786590320704,0.6562213409679296
5.551115123125783e-17,1.0
0.015396653383983154,0.9846033466160169
0.0,1.0
0.0293514003834341,0.9706485996165659
0.1865147194622362,0.8134852805377638
0.30950335533320417,0.6904966446667958
0.36070699449904553,0.6392930055009545
0.1034273830664296,0.8965726169335704
1.1102230246251565e-16,1.0
0.3013955657908911,0.6986044342091089
0.08761519950540805,0.9123848004945919
0.0,1.0
0.31139452288524966,0.6886054771147503
0.08927554916424303,0.910724450835757
5.551115123125783e-17,1.0
0.10883742209143528,0.8911625779085648
0.0,1.0
0.008711541889770066,0.9912884581102299
0.46444442275484626,0.5355555772451538
0.2359252039988688,0.7640747960011313
0.23250688656598917,0.7674931134340108
0.0,1.0
0.053612170884728756,0.9463878291152713
0.3109600156718363,0.6890399843281637
0.11434454138380122,0.8856554586161988
0.16387412270994572,0.8361258772900543
0.3908088294301119,0.6091911705698881
0.15452563122040835,0.8454743687795916
0.2739460822241726,0.7260539177758274
0.0730162571696245,0.9269837428303754
0.12703860022200858,0.8729613997779914
0.15053601400680902,0.849463985993191
5.551115123125783e-17,1.0
5.551115123125783e-17,1.0
0.3558038953148911,0.6441961046851088
1.1102230246251565e-16,0.9999999999999999
0.0,1.0
0.2979739214865465,0.7020260785134534
0.0,1.0
0.1992570979606955,0.8007429020393045
0.36755380756554495,0.6324461924344551
0.1994373799655904,0.8005626200344096
0.26481143582951183,0.7351885641704882
0.11482631717784991,0.8851736828221501
0.044556599924127395,0.9554434000758726
0.38985500757385627,0.6101449924261438
0.32194697555804114,0.6780530244419588
5.551115123125783e-17,1.0
5.551115123125783e-17,1.0
0.17691572668119357,0.8230842733188064
0.0627490339694938,0.9372509660305062
0.3317917285289067,0.6682082714710932
5.551115123125783e-17,1.0
0.3549692562075338,0.6450307437924662
0.399786097805195,0.600213902194805
0.28858050975383137,0.7114194902461688
0.28302694022900393,0.716973059770996
0.2601743462782019,0.739825653721798
0.10123550981020386,0.898764490189796
0.2952769249046601,0.7047230750953399
0.0,1.0
0.15389832222588032,0.8461016777741197
0.33285125253257036,0.6671487474674296
0.15861028995057835,0.8413897100494216
0.3308129359254381,0.669187064074562
0.1628052760376737,0.8371947239623263
0.41412135171103737,0.5858786482889626
0.06249562643783672,0.9375043735621633
0.36438039562801366,0.6356196043719863
0.12374734950912775,0.8762526504908723
0.010967163490263707,0.9890328365097363
0.15639975057188096,0.8436002494281191
0.33839210855921853,0.6616078914407815
0.0,1.0
0.20654975674296466,0.7934502432570353
0.13101129494780792,0.8689887050521921
0.03552482410219405,0.964475175897806
0.0,1.0
0.11758098324600981,0.8824190167539901
0.1487139600359972,0.8512860399640029
0.12209163840150011,0.8779083615984999
0.24571514914223336,0.7542848508577666
0.25578349432688346,0.7442165056731165
0.4044810665756423,0.5955189334243577
0.09333560587115394,0.9066643941288461
0.1391943598637294,0.8608056401362706
0.013060294305960922,0.9869397056940391
0.2323547839164296,0.7676452160835705
5.551115123125783e-17,1.0
0.15755216064602923,0.8424478393539707
0.004709075574863647,0.9952909244251363
0.2528712034041711,0.747128796595829
0.1480372614160644,0.8519627385839357
0.3617673954167364,0.6382326045832636
0.35592897162970855,0.6440710283702914
0.2713196057367368,0.7286803942632631
0.1456471701524546,0.8543528298475455
0.15087526082822172,0.8491247391717783
0.2389743320578753,0.7610256679421247
0.3137768949014242,0.6862231050985758
0.1025820038625976,0.8974179961374025
0.0,1.0
0.3175127430172214,0.6824872569827787
0.2046666306598178,0.7953333693401823
0.08650947948012698,0.913490520519873
0.15862172381409378,0.8413782761859062
0.06120762908132374,0.9387923709186763
0.1654152926515136,0.8345847073484864
0.1965513243654667,0.8034486756345334
0.21158701849225098,0.7884129815077491
0.0,1.0
0.38939801201438073,0.6106019879856193
0.18853483741172083,0.8114651625882792
0.20762188531593673,0.7923781146840633
0.4613952067226783,0.5386047932773217
0.19862558463569163,0.8013744153643083
0.1937681977630499,0.8062318022369501
0.3154842649230921,0.684515735076908
0.0,1.0
0.23436528949442928,0.7656347105055707
0.2764463565877745,0.7235536434122255
0.21527261125155842,0.7847273887484415
0.17586828778558172,0.8241317122144184
0.1633843660889778,0.8366156339110222
0.3029091395804043,0.6970908604195958
0.38770713202709745,0.6122928679729026
0.118813215805844,0.881186784194156
1.1102230246251565e-16,1.0
0.0,1.0
0.09218670348809109,0.9078132965119089
0.03984781015449808,0.960152189845502
0.16784459648199843,0.8321554035180015
0.2836764746461584,0.7163235253538416
0.13810910237905247,0.8618908976209474
0.0,1.0
0.016967105475989123,0.9830328945240109
0.027438905675292634,0.9725610943247074
0.12384387665039104,0.8761561233496089
0.19521722520233978,0.8047827747976601
0.0569644178317373,0.9430355821682627
0.011749313365086734,0.9882506866349132
0.2845870609658361,0.7154129390341639
0.36112280974260874,0.6388771902573913
0.0,1.0
0.06351738368845428,0.9364826163115457
0.28690659862596235,0.7130934013740376
0.0,1.0
0.12395091444032064,0.8760490855596793
0.42953345091495587,0.5704665490850441
0.19641916825963854,0.8035808317403615
0.15529013214716933,0.8447098678528306
0.15251348895213934,0.8474865110478607
0.3386283630390168,0.6613716369609833
0.28050587666807114,0.7194941233319289
0.18621040721008092,0.8137895927899191
0.19414043593379737,0.8058595640662026
0.022982719960874358,0.9770172800391256
0.11385419349787805,0.8861458065021219
0.1256149401273868,0.8743850598726133
0.2043443063178018,0.7956556936821982
0.34150193787838556,0.6584980621216144
0.08183920482271204,0.9181607951772879
0.056270030701831134,0.9437299692981688
0.04692151379244518,0.9530784862075549
0.0,1.0
0.02887044141977868,0.9711295585802213
2.220446049250313e-16,0.9999999999999999
0.3089002884246911,0.6910997115753088
0.28197772571387547,0.7180222742861245
0.15587664017655412,0.844123359823446
0.0,1.0
0.07418232142992899,0.925817678570071
0.0,1.0
0.028206750560915313,0.9717932494390846
0.1428518396239443,0.8571481603760557
0.2970934025467857,0.7029065974532143
0.3797889665854076,0.6202110334145924
5.551115123125783e-17,0.9999999999999999
0.0,1.0
0.016053644984462878,0.9839463550155372
0.041827953636683124,0.9581720463633169
0.1546055867588626,0.8453944132411374
0.34178997227702385,0.6582100277229762
5.551115123125783e-17,1.0
0.07696173869863217,0.9230382613013679
0.24814984408801183,0.7518501559119881
0.2511257173209134,0.7488742826790865
0.22200611342066184,0.7779938865793382
0.18978018571980063,0.8102198142801994
0.0794037293959227,0.9205962706040773
0.28845178801847376,0.7115482119815263
0.1351670996442526,0.8648329003557473
0.12672754186985796,0.8732724581301421
0.19090582163048342,0.8090941783695166
0.2139293737661803,0.7860706262338197
0.14162270347552589,0.8583772965244741
0.33991646218212257,0.6600835378178774
0.0,1.0
0.0,1.0
0.44521482748357377,0.5547851725164262
0.4496732333695352,0.5503267666304648
0.42725810499694356,0.5727418950030565
0.31680337911743484,0.6831966208825652
5.551115123125783e-17,1.0
0.1677771696275594,0.8322228303724406
0.11771474099101759,0.8822852590089825
0.0,1.0
0.11269256792884287,0.8873074320711571
0.12401717528797143,0.8759828247120285
0.0726327811727335,0.9273672188272666
0.3358587678174656,0.6641412321825344
0.14702469444480643,0.8529753055551936
0.19581197380872803,0.8041880261912719
0.08384113604207698,0.916158863957923
0.3260734366136365,0.6739265633863635
0.048262709403747314,0.9517372905962527
0.15071064091254946,0.8492893590874505
0.365032084587585,0.6349679154124149
0.27324639901144826,0.7267536009885517
0.20278683886907753,0.7972131611309224
0.11538307598762405,0.8846169240123759
0.2818760248775464,0.7181239751224536
0.16279594890688984,0.8372040510931102
0.23172077488633183,0.7682792251136682
0.17966936410029202,0.820330635899708
0.27765237447253777,0.7223476255274622
0.0,1.0
0.19787114092399705,0.8021288590760031
0.28251861404418543,0.7174813859558146
0.31885058399353583,0.6811494160064642
0.3900413961025642,0.6099586038974357
0.25310858968971606,0.7468914103102839
0.1622789814432645,0.8377210185567354
0.019955395750138143,0.9800446042498618
0.38640044197997214,0.613599558020028
0.23877405472666585,0.7612259452733342
0.0,1.0
0.3680956379476716,0.6319043620523285
0.35422984739096475,0.6457701526090353
0.016750644217999874,0.9832493557820002
0.28643857953172946,0.7135614204682706
0.3375198802508136,0.6624801197491864
0.012420690399486062,0.987579309600514
0.16586069088483318,0.8341393091151668
0.37308406186755666,0.6269159381324434
0.3163082431444439,0.683691756855556
0.19458807769958603,0.805411922300414
0.31401646036535547,0.6859835396346445
0.19678370949958676,0.8032162905004132
0.10752961887975304,0.892470381120247
0.4785193858475706,0.5214806141524294
0.15219100588281753,0.8478089941171826
0.24695271848482475,0.7530472815151752
0.3047262817914039,0.6952737182085962
0.15592247329467088,0.8440775267053291
0.06879908970521384,0.9312009102947862
5.551115123125783e-17,1.0
0.18109912903493347,0.8189008709650666
0.19425074339542361,0.8057492566045765
0.2541069748935557,0.7458930251064443
0.033161863509591695,0.9668381364904083
5.551115123125783e-17,1.0
5.551115123125783e-17,1.0
0.1317767504527363,0.8682232495472637
0.32305416941792436,0.6769458305820757
0.08067578596916776,0.9193242140308323
0.07677642179909216,0.9232235782009078
0.22128936265325308,0.778710637346747
0.35940454618740003,0.6405954538126
0.0825128447161742,0.9174871552838257
0.1861585474211263,0.8138414525788736
2.7755575615628914e-16,0.9999999999999998
0.020123777854830154,0.9798762219952362
0.16277835716994477,0.8372216428300553
0.1506730762905696,0.8493269237094304
0.2831480325057323,0.7168519674942678
0.25543384906287503,0.744566150937125
1.1102230246251565e-16,1.0
0.18893005113368494,0.811069948866315
0.21988797381686034,0.7801120261831396
0.23540188867565195,0.7645981113243481
5.551115123125783e-17,1.0
0.04395948177736333,0.9560405182226367
0.0,1.0
5.551115123125783e-17,1.0
0.1734209908923101,0.82657900910769
0.2838520218203702,0.7161479781796297
0.15725507323402302,0.842744926765977
0.0,1.0
0.2580074888762235,0.7419925111237765
0.0,1.0
0.049538431066578785,0.9504615689334213
0.006751987433957741,0.9932480125660422
0.08544767880980722,0.9145523211901928
0.4859159987996157,0.5140840012003843
0.11343765311582066,0.8865623468841793
0.22434997296569575,0.7756500270343042
0.0,1.0
0.5,0.5
0.3291985051603537,0.6708014948396462
0.2118277710582587,0.7881722289417413
0.05261417911529847,0.9473858208847016
0.26594065612531037,0.7340593438746896
0.1271685365960928,0.8728314634039072
0.10163549946655076,0.8983645005334493
0.32580368485597144,0.6741963151440286
5.551115123125783e-17,1.0
0.07258603763517095,0.9274139623648291
0.3070253203439661,0.6929746796560339
0.17551557280312255,0.8244844271968774
0.15548386029715544,0.8445161397028446
0.24023650052370774,0.7597634994762923
0.20720654824817034,0.7927934517518296
0.10328012362256209,0.8967198763774379
0.0,1.0
0.10612562823786746,0.8938743717621327
0.27795450111114534,0.7220454988888548
0.24295638069187467,0.7570436193081254
0.17111575497820103,0.8288842450217989
0.0419155923103971,0.9580844076896029
0.11399471249632578,0.8860052875036742
0.0602092356118674,0.9397907643881326
0.09064874989728203,0.9093512501027181
0.12096154825244831,0.8790384517475517
0.2203201836731271,0.7796798163268728
0.28675171402588095,0.713248285974119
0.27342136584144916,0.726578634158551
0.1551454996933751,0.8448545003066249
0.0,1.0
0.12685911352153964,0.8731408864784603
0.16034392315536694,0.8396560768446331
0.10558291092558057,0.8944170890744194
0.1231702050546215,0.8768297949453784
0.07919068908754898,0.9208093109124511
0.35043124715532387,0.6495687528446761
0.22469521573186646,0.7753047842681335
0.06679277039482392,0.9332072296051761
0.3428858530613461,0.6571141469386539
0.3444762704422762,0.6555237295577238
0.2044306770574765,0.7955693229425235
0.10289446658472469,0.8971055334152753
0.39225900186218865,0.6077409981378115
0.18774388767185166,0.8122561123281483
0.01022796160608539,0.9897720383939147
0.2436224503103569,0.7563775496896431
0.12418091459037962,0.8758190854096203
0.10521440693675455,0.8947855930632456
0.33817572332436546,0.6618242766756345
1.1102230246251565e-16,1.0
0.4025410911019723,0.5974589088980277
0.2675630444804658,0.7324369555195342
0.29557522406288433,0.7044247759371157
0.11505796212087155,0.8849420378791284
0.3395984387998352,0.6604015612001648
0.1565678094150072,0.8434321905849929
0.0,1.0
0.0,1.0
0.0,1.0
0.3099783785155275,0.6900216214844725
0.10754176131147962,0.8924582386885204
0.1552822192186811,0.8447177807813189
0.1471375150527711,0.8528624849472289
0.28167076739798724,0.7183292326020128
0.2622052591949074,0.7377947408050926
5.551115123125783e-17,0.9999999999999999
5.551115123125783e-17,1.0
0.1191777518040151,0.8808222481959848
0.18714045309741173,0.8128595469025883
0.0,1.0
0.20454086229134433,0.7954591377086557
0.22719291035638262,0.7728070896436173
0.06901004068663812,0.9309899593133619
0.02635638546496256,0.9736436145350374
0.23946007731531607,0.7605399226846838
0.0,1.0
0.41780096360889557,0.5821990363911045
0.31876322747415264,0.6812367725258474
0.20877906149224304,0.791220938507757
0.0950418592308188,0.9049581407691812
0.1770386429820687,0.8229613570179313
0.02533912446444962,0.9746608755355504
0.13565826594746028,0.8643417340525398
0.1673202406020372,0.8326797593979628
0.3914533315373361,0.6085466684626639
0.19929143116117234,0.8007085688388276
0.14897210718394122,0.8510278928160588
0.15759477915430886,0.8424052208456911
0.28450658211438984,0.7154934178856102
0.2993564202339033,0.7006435797660966
0.02083066976395259,0.9791693302360474
0.2183542636270023,0.7816457363729977
0.0,1.0
0.19297901962755087,0.8070209803724491
0.0645626584351003,0.9354373415648997
0.0,1.0
0.17645132814080217,0.8235486718591979
0.45819967825097174,0.5418003217490283
0.11110542801809477,0.8888945719819051
0.11976294697052633,0.8802370530294736
0.16751136710975528,0.8324886328902448
0.16638754535697822,0.8336124546430218
0.1511632963180311,0.848836703681969
0.15298429897959642,0.8470157010204036
0.18384054570207,0.8161594542979301
0.42012546260750927,0.5798745373924907
0.11470141104873822,0.8852985889512618
5.551115123125783e-17,1.0
0.1866955153065368,0.8133044846934632
0.07146513366969873,0.9285348663303012
0.33272962369654613,0.6672703763034539
0.0,1.0
0.1443111546868657,0.8556888453131343
0.0,1.0
0.16275398240202069,0.8372460175979793
0.369327875555423,0.630672124444577
0.14842010046463713,0.851579899535363
0.5105275820692577,0.48947241793074225
0.1306491890213595,0.8693508109786405
6.938893903907228e-17,1.0
0.3056805504110817,0.6943194495889183
0.25766751824386686,0.7423324817561331
0.3143082139571975,0.6856917860428026
0.07141650235751183,0.9285834976424882
0.019818716267175657,0.9801812837328244
0.0,1.0
0.10744145043033133,0.8925585495696687
0.3073189991730331,0.6926810008269668
0.14807611925720365,0.8519238807427965
0.30385976248201774,0.6961402375179823
0.01440570299288264,0.9855942970071173
0.15549992847596053,0.8445000715240395
0.29881705561660366,0.7011829443833963
0.3954452307411126,0.6045547692588874
0.010007521836704373,0.9899924781632956
0.11421960135245689,0.8857803986475432
0.17204691337986733,0.8279530866201327
0.0,1.0
0.06980885866586052,0.9301911413341395
0.31385450343428356,0.6861454965657164
0.22458413148707132,0.7754158685129288
0.03524488014734329,0.9647551198526567
0.1738320451482115,0.8261679548517885
0.1256161089198041,0.8743838910801959
0.024951110294905585,0.9750488897050945
0.12401357641530242,0.8759864235846976
0.21728617943146156,0.7827138205685384
0.0382912739409086,0.9617087260590914
0.4224750494877123,0.5775249505122877
0.4195560216684313,0.5804439783315687
0.21095211951373138,0.7890478804862686
0.0,1.0
0.21634708113568427,0.7836529188643158
0.28881148386417127,0.7111885161358287
0.2506671033499374,0.7493328966500626
0.15328374164124825,0.8467162583587517
0.17367159408078806,0.826328405919212
0.540506449260347,0.45949355073965303
0.30660402675749526,0.6933959732425048
0.22628308648743417,0.7737169135125658
0.048649426480282136,0.9513505735197179
0.0,1.0
0.14268136228377734,0.8573186377162227
0.0,1.0
0.20870218236344637,0.7912978176365537
0.27537494236061344,0.7246250576393866
0.2610909250203212,0.7389090749796788
0.19485641256852673,0.8051435874314733
0.22676239053862002,0.77323760946138
0.2180951913341081,0.781904808665892
0.13006173792034847,0.8699382620796516
0.10155094604972112,0.898449053950279
0.11695824231516136,0.8830417576848386
1.6653345369377348e-16,1.0
0.22529883619265598,0.7747011638073441
0.06192519652863743,0.9380748034713625
0.3476916378638573,0.6523083621361427
0.22469743927636351,0.7753025607236365
0.26943928773670717,0.7305607122632929
0.17264034573827797,0.8273596542617221
0.1093456794466553,0.8906543205533447
0.2868371776493001,0.7131628223506998
0.2808493565280323,0.7191506434719677
0.12635773030347003,0.87364226969653
0.23384443990749693,0.7661555600925031
0.22406496658681346,0.7759350334131866
0.1572789336611237,0.8427210663388763
0.2410119470893867,0.7589880529106133
0.05358459998130172,0.9464154000186983
0.35747655815410556,0.6425234418458944
0.17494614699622546,0.8250538530037745
0.16166561851780048,0.8383343814821995
0.3262359334009304,0.6737640665990696
0.06274362964684443,0.9372563703531556
0.20774545263352795,0.792254547366472
0.22617830546341045,0.7738216945365896
0.382698098670923,0.6173019013290769
0.3982207440375257,0.6017792559624743
0.07979370135459568,0.9202062986454044
0.02247607698419241,0.9775239230158076
0.17714494203649492,0.8228550579635051
0.0,1.0
0.21019133241401694,0.789808667585983
0.3908095198262691,0.609190480173731
0.20917330162610454,0.7908266983738955
0.3862228039580357,0.6137771960419642
0.013198180333151571,0.9868018196668484
0.017017917267015587,0.9829820827329845
0.4410606755292918,0.5589393244707083
1.1102230246251565e-16,1.0
0.18523330334210802,0.814766696657892
0.2455494634277279,0.7544505365722721
0.20062283847613485,0.7993771615238653
0.3518714666755555,0.6481285333244444
0.2010077337453292,0.7989922662546709
0.17534557308514181,0.8246544269148582
0.1925098778305276,0.8074901221694724
0.1632660423384185,0.8367339576615815
0.0,1.0
0.34437906788208444,0.6556209321179155
0.11264340207555862,0.8873565979244414
0.05343748053948263,0.9465625194605174
0.14723412329707902,0.852765876702921
0.03622656619313486,0.9637734338068652
0.24318032335181575,0.7568196766481843
0.0,1.0
0.10315067344666563,0.8968493265533344
0.14728795889510535,0.8527120411048946
0.2497558692797868,0.7502441307202132
0.12171025506709249,0.8782897449329076
0.24179803748776227,0.7582019625122377
0.021882442386104307,0.9781175576138957
0.38810763782213725,0.6118923621778629
0.1267575729245782,0.8732424270754218
0.2463681309141361,0.7536318690858639
0.0882406305585075,0.9117593694414925
0.27164966639164845,0.7283503336083516
0.2051535243339235,0.7948464756660766
0.03884921370619486,0.9611507862938051
0.09536733942882769,0.9046326605711724
0.0803177563409743,0.9196822436590256
0.0,1.0
0.14310129511355996,0.85689870488644
0.0,1.0
0.28437448818585603,0.7156255118141439
0.16560455403754523,0.8343954459624547
0.0,1.0
0.17587877349642694,0.8241212265035731
0.21429297962039667,0.7857070203796033
5.551115123125783e-17,1.0
0.315759791448051,0.6842402085519489
0.2919679035594158,0.7080320964405842
0.11772978253773914,0.8822702174622609
0.0,1.0
0.1464473685379768,0.8535526314620233
0.27983040213878096,0.720169597861219
0.11413847881030338,0.8858615211896966
0.0,1.0
0.4733755776888438,0.5266244223111562
0.38352318559840765,0.6164768144015924
0.0591442746079724,0.9408557253920276
0.36793059759491203,0.6320694024050879
2.7755575615628914e-17,1.0
0.19910384761240713,0.8008961523875929
0.21479037108185253,0.7852096289181474
0.09081821888685232,0.9091817811131476
0.2668043369478682,0.7331956630521318
0.06914280218650447,0.9308571978134955
0.42836511276195177,0.5716348872380482
0.01738966199594919,0.9826103380040508
0.028766481250285386,0.9712335187497146
0.4325834726132963,0.5674165273867037
0.3449692037549298,0.6550307962450702
0.0846730538101403,0.9153269461898598
0.12377493813488973,0.8762250618651103
0.44395292926948854,0.5560470707305114
0.23849065030705813,0.7615093496929419
0.3289434566878233,0.6710565433121767
0.23881265906974622,0.7611873409302539
0.19668724924155548,0.8033127507584444
0.0,1.0
0.21325800757278524,0.7867419924272148
0.47876253543603203,0.521237464563968
0.1047292020368249,0.8952707979631751
0.20193140609457746,0.7980685939054225
0.2022490459247756,0.7977509540752244
0.12420542356820809,0.8757945764317919
0.41640136901425,0.58359863098575
0.05022391748385729,0.9497760825161428
0.05079421995030947,0.9492057800496906
0.15147586707157443,0.8485241329284257
0.32829626374613,0.6717037362538699
0.1857309254472339,0.8142690745527661
5.551115123125783e-17,1.0
0.21824383421471424,0.7817561657852857
0.0,1.0
0.028832489321595295,0.9711675106784047
0.37097381357671444,0.6290261864232856
0.23536242842249705,0.764637571577503
0.25389884727249346,0.7461011527275065
0.6162022851940725,0.38379771480592745
0.0,1.0
0.22974971669419317,0.7702502833058069
0.31530746115674796,0.6846925388432521
0.4469607271365161,0.5530392728634839
0.25736202642501455,0.7426379735749854
0.02272279547647239,0.9772772045235276
0.1768770028097022,0.8231229971902978
0.2963552580933033,0.7036447419066967
0.2733543067232218,0.7266456932767783
0.2893922709600347,0.7106077290399653
0.1436280470988231,0.856371952901177
0.2348995560056105,0.7651004439943895
0.07408652322369168,0.9259134767763083
0.3201642226561669,0.6798357773438332
0.0,1.0
0.2545021501225264,0.7454978498774736
0.0,1.0
0.42871858413101505,0.571281415868985
0.28768019475925677,0.7123198052407432
0.03216365173650761,0.9678363482634924
0.5121493320568532,0.4878506679431468
0.0,1.0
0.017203429573002343,0.9827965704269976
0.23121206335420988,0.7687879366457901
0.23622907040191612,0.763770929598084
0.02026798218538386,0.9797320178146162
0.3097600814380023,0.6902399185619977
0.4183783486364136,0.5816216513635865
0.13642629964265288,0.863573700357347
0.3804733876081412,0.6195266123918588
0.0,1.0
0.3183330235757851,0.6816669764242149
0.1965202791634826,0.8034797208365174
0.0,1.0
0.3874391361347951,0.612560863865205
0.15212117223369367,0.8478788277663063
0.056610877310389066,0.9433891226896108
0.0,1.0
0.3642587008647235,0.6357412991352764
2.7755575615628914e-16,0.9999999999999998
0.0,1.0
0.3326936762423555,0.6673063237576445
0.1731051771904376,0.8268948228095624
0.0,1.0
0.34180857636139234,0.6581914236386077
0.28862950243213964,0.7113704975678603
0.16896997601586664,0.8310300239841334
0.12125098973937161,0.8787490102606285
0.17840796226628866,0.8215920377337113
0.24415000499155798,0.755849995008442
0.14516732928220588,0.8548326707177941
0.18532944124052741,0.8146705587594726
0.18486344030215424,0.8151365596978458
0.22404534136635995,0.7759546586336401
0.142829817591792,0.857170182408208
0.41777126016539334,0.5822287398346067
0.2646627679186261,0.7353372320813739
0.11984742358783977,0.8801525764121603
0.2460128455954865,0.7539871544045136
0.2817111675275772,0.7182888324724228
0.1481440034142105,0.8518559965857896
0.0,1.0
0.054039862487661704,0.9459601375123383
0.20770788371234852,0.7922921162876515
0.11422632010448508,0.8857736798955149
0.1840797560784695,0.8159202439215304
0.009482267404382991,0.990517732595617
0.11055258106337908,0.8894474189366208
0.5,0.5
0.2964623624328602,0.7035376375671398
0.3072591075337226,0.6927408924662775
0.4727682754183654,0.5272317245816346
0.0,1.0
0.28962572880377296,0.7103742711962271
0.0,1.0
0.20584206150581572,0.7941579384941844
0.343318276253988,0.6566817237460121
0.2185000688224511,0.7814999311775489
0.030381833434529465,0.9696181665654705
0.07961434846952217,0.9203856515304779
0.1764734661727645,0.8235265338272355
0.3200599702921519,0.6799400297078482
0.22554459863592208,0.7744554013640779
0.024339074596306715,0.9756609254036933
0.016782247196259262,0.9832177528037408
0.1447227971810182,0.8552772028189819
0.12116112339880641,0.8788388766011936
0.0,1.0
0.07028289819509405,0.929717101804906
0.31828222578126525,0.6817177742187348
0.21177729648785104,0.788222703512149
0.2444360007792801,0.7555639992207198
0.2614671104947337,0.7385328895052663
0.18052274208079105,0.819477257919209
0.1655185539253944,0.8344814460746055
0.3841595865282252,0.6158404134717749
0.07984269833211387,0.9201573016678862
0.3705489666436166,0.6294510333563834
0.2684040335043597,0.7315959664956403
0.0297482869758103,0.9702517130241898
0.09596681346388909,0.904033186536111
0.39658055992409474,0.6034194400759052
0.19909865071258157,0.8009013492874184
0.26160062356541774,0.7383993764345822
0.26089486661578576,0.7391051333842144
0.15936199042308988,0.84063800957691
0.2877792447688993,0.7122207552311006
0.3053386986497934,0.6946613013502067
0.054272487077416345,0.9457275129225836
0.15969004050962943,0.8403099594903707
0.26711869854717807,0.7328813014528219
0.21709467168142904,0.782905328318571
5.551115123125783e-17,1.0
0.2882383445472778,0.7117616554527222
0.18879438715016625,0.8112056128498337
0.3371191145742529,0.6628808854257471
0.12250360717388975,0.8774963928261104
0.2989129580255392,0.7010870419744608
0.22470271430946984,0.7752972856905301
0.15351172580679895,0.8464882741932009
0.20977135703137656,0.7902286429686235
0.0971481363062868,0.9028518636937132
0.045855275008745706,0.9541447249912544
1.1102230246251565e-16,1.0
0.10150728158326801,0.8984927184167321
0.27230208101695735,0.7276979189830427
0.06114050366877807,0.9388594963312219
0.0,1.0
0.2665306304469562,0.7334693695530438
0.29341520449355596,0.7065847955064442
0.1603935342254355,0.8396064657745645
0.14621270801228134,0.8537872919877186
0.12187304504274776,0.8781269549572523
0.11986005080158402,0.880139949198416
0.15897555254440696,0.841024447455593
0.07857480610799844,0.9214251938920016
0.23652368364049714,0.7634763163595029
0.15536013746356384,0.8446398625364362
0.025056698863925995,0.974943301136074
0.0037000674225763966,0.9962999325774236
0.22499706569788824,0.7750029343021118
0.2563649747795595,0.7436350252204406
0.1580296017259344,0.8419703982740656
0.08433670069929086,0.9156632993007092
0.0642261102465287,0.9357738897534713
0.22930137523551786,0.7706986247644823
0.15841547472301207,0.8415845252769879
0.3728337040955793,0.6271662959044206
0.08133513185563104,0.918664868144369
0.0,1.0
0.152605300771722,0.847394699228278
0.1690471113921276,0.8309528886078725
0.0,1.0
0.03310934687666599,0.966890653123334
0.1214986617103131,0.8785013382896868
0.04774449408821415,0.9522555059117859
0.021458728350954068,0.9785412716490459
0.38469696026721745,0.6153030397327826
0.2859681562466418,0.7140318437533582
0.0,1.0
5.0306980803327406e-17,0.9999999999999999
0.0,1.0
0.030888311564922555,0.9691116884350774
0.3456634583239158,0.6543365416760843
0.18611417808917274,0.8138858219108274
0.024416761449592855,0.9755832385504071
0.0,1.0
0.0,1.0
0.02333941932131919,0.9766605806786808
0.3925815311238831,0.6074184688761168
0.17364002136381396,0.8263599786361862
0.26239237698370504,0.737607623016295
0.2262445876661396,0.7737554123338604
0.0,1.0
0.225231465991759,0.774768534008241
0.38331907396308695,0.616680926036913
0.12676143422484842,0.8732385657751516
0.0,1.0
0.12416312086369558,0.8758368791363044
0.22359336023152998,0.77640663976847
0.35695010339153105,0.643049896608469
0.1970811109972458,0.8029188890027542
0.07315124725713476,0.9268487527428653
0.36234098531308606,0.637659014686914
0.0588904085433071,0.9411095914566929
0.0,1.0
0.2506097906011564,0.7493902093988437
0.3046446250084682,0.6953553749915318
5.551115123125783e-17,1.0
0.003983219466214023,0.996016780533786
0.3218157256418909,0.678184274358109
0.0,1.0
0.24559874634269996,0.7544012536573
0.0858493521907755,0.9141506478092245
0.3769509646016878,0.6230490353983122
0.24478118636050072,0.7552188136394994
0.26343539764955265,0.7365646023504473
0.22454759633971358,0.7754524036602863
0.3299937338077092,0.6700062661922908
0.0,1.0
0.0,1.0
0.12195831980393029,0.8780416801960698
0.039463335526060905,0.960536664473939
0.2781615103713399,0.7218384896286602
0.08077127541757942,0.9192287245824207
0.080377369128718,0.919622630871282
0.3680033236742017,0.6319966763257983
0.2418459786519484,0.7581540213480517
0.22745233825401306,0.772547661745987
5.551115123125783e-17,0.9999999999999999
0.13495440812218923,0.8650455918778108
0.41240738291800866,0.5875926170819913
0.10932628347779393,0.8906737165222061
0.2573495935358245,0.7426504064641756
0.24853209935073747,0.7514679006492625
0.3076899551493184,0.6923100448506816
0.5354017304762159,0.4645982695237841
0.09482127215601817,0.9051787278439818
0.13802068336209097,0.861979316637909
0.1367595988274041,0.8632404011725959
0.0200318990662057,0.9799681009337943
0.011853110440864305,0.9881468895591357
0.0,1.0
0.1908672034137064,0.8091327965862937
0.24429260893012109,0.7557073910698789
0.24164668316446458,0.7583533168355354
1.1102230246251565e-16,1.0
0.18170360732520857,0.8182963926747914
0.0,1.0
0.46184944097771263,0.5381505590222874
0.25661664358636116,0.7433833564136388
0.2784445463009095,0.7215554536990906
0.38459591958939116,0.6154040804106088
0.0,1.0
0.044130634043861326,0.9558693659561387
0.0,1.0
0.12351700108637549,0.8764829989136246
0.2968739305468171,0.7031260694531829
0.18913863651804186,0.8108613634819581
0.0,1.0
0.0,1.0
0.09058461596942229,0.9094153840305778
0.22592323501440836,0.7740767649855916
0.3634798911240963,0.6365201088759037
0.36570470693877966,0.6342952930612203
0.25632046614007736,0.7436795338599227
0.0,1.0
1.1102230246251565e-16,1.0
0.12508310664562122,0.8749168933543788
0.08259815011300738,0.9174018498869927
0.367044409367502,0.632955590632498
0.26236091303437614,0.7376390869656239
0.049847259790173314,0.9501527402098268
0.0,1.0
0.09500359297152228,0.9049964070284777
0.25114917910403395,0.7488508208959661
0.0046250076103326095,0.9953749923896674
0.40827095506014727,0.5917290449398528
0.0,1.0
0.1767082509495647,0.8232917490504352
0.2721530217159178,0.7278469782840823
0.25536839695968117,0.7446316030403188
0.33781054751070005,0.6621894524893
0.187085629088054,0.8129143709119461
0.31177948059245336,0.6882205194075466
0.23000994028922592,0.769990059710774
0.33167538291730836,0.6683246170826918
0.2132473332291333,0.7867526667708666
0.449795389799937,0.550204610200063
0.2845260834146126,0.7154739165853874
5.551115123125783e-17,1.0
0.0,1.0
0.2051935128786923,0.7948064871213077
0.0,0.9999999999999999
0.469580838020685,0.530419161979315
0.40536416027838584,0.5946358397216142
0.2795132581066083,0.7204867418933917
0.21019061207901074,0.7898093879209892
0.23256425604943412,0.7674357439505659
0.3144141456561754,0.6855858543438246
0.04605456753989888,0.9539454324601011
0.1487544626068539,0.851245537393146
0.0,1.0
0.14845111955786747,0.8515488804421326
0.2427329378242762,0.7572670621757237
0.17043617773560826,0.8295638222643917
0.0,1.0
0.18586552642920504,0.814134473570795
0.126065116147135,0.8739348838528651
0.15141939401456522,0.8485806059854348
0.05098850317728377,0.9490114968227163
0.3045984150228344,0.6954015849771656
0.2969083148670407,0.7030916851329593
0.016372591444047596,0.9836274085559524
0.3833245604885318,0.6166754395114683
0.5313157786833326,0.4686842213166674
0.21472644700865565,0.7852735529913443
0.02169066023283854,0.9783093397671615
0.26306056676258116,0.736939433237419
0.3482586439740385,0.6517413560259614
0.06817912634037485,0.9318208736596252
0.4028105533791742,0.5971894466208257
0.14825680218489914,0.8517431978151009
0.024080937193645402,0.9759190628063547
5.551115123125783e-17,1.0
0.24932330149798126,0.7506766985020188
0.1702816856961945,0.8297183143038055
0.0526099149294017,0.9473900850705983
0.21780311856284457,0.7821968814371554
0.11332359782795917,0.8866764021720409
0.5311650849247306,0.4688349150752695
0.2150266198971756,0.7849733801028244
0.13596104782960777,0.8640389521703923
0.16279672895243127,0.8372032710475686
0.08151283318368334,0.9184871668163166
0.12570169294911462,0.8742983070508854
0.16711088088540152,0.8328891191145985
0.1319763912833172,0.8680236087166827
0.3306905445995542,0.6693094554004458
0.27280035479430814,0.7271996452056919
0.360350433272339,0.639649566727661
0.06053780946768519,0.9394621905323148
0.0,1.0
0.0,1.0
0.18787620318148912,0.8121237968185109
0.0,1.0
0.27444531561928937,0.7255546843807106
0.34121985006807765,0.6587801499319225
0.05723850740785578,0.9427614925921443
0.5154643574514706,0.4845356425485294
0.3755423988379527,0.6244576011620473
0.04729873980677122,0.9527012601932288
0.20329924197512225,0.7967007580248778
0.0,1.0
0.0,1.0
0.22544544051172727,0.7745545594882728
0.30537140651477873,0.6946285934852212
0.24773740432009456,0.7522625956799054
0.09581109760511042,0.9041889023948897
0.21486397083486206,0.7851360291651379
0.2988348195244847,0.7011651804755152
0.1013011008340175,0.8986988991659824
0.239387234151531,0.7606127658484689
0.35006947071881667,0.6499305292811833
0.17876124726893952,0.8212387527310605
0.26250173081615297,0.7374982691838471
0.16971456929520976,0.8302854307047903
0.2454550851442324,0.7545449148557677
0.35556190813933486,0.6444380918606651
0.30282727513394386,0.6971727248660561
0.30279463367569337,0.6972053663243066
0.32930179049335656,0.6706982095066434
0.29531711116042625,0.7046828888395736
0.46414785468151337,0.5358521453184867
0.05191671059516492,0.948083289404835
0.0,1.0
5.551115123125783e-17,1.0
0.09228189329693666,0.9077181067030633
0.0,1.0
0.0,1.0
0.09810661302036935,0.9018933869796306
0.22803630781744888,0.7719636921825511
0.07999112832857862,0.9200088716714214
0.2563694235131224,0.7436305764868776
0.04371272027492473,0.9562872797250752
0.27767494708725343,0.7223250529127466
0.2934953607800667,0.7065046392199335
0.30520248582009335,0.6947975141799065
0.19662326710472922,0.8033767328952708
0.4541689196300834,0.5458310803699166
0.23948285993980356,0.7605171400601964
0.0,1.0
0.3329985402495267,0.6670014597504733
0.16059959573207544,0.8394004042679246
0.0,1.0
0.14805111801353132,0.8519488819864687
0.2803279087775853,0.7196720912224147
0.19704415947633014,0.8029558405236699
0.16873433508766347,0.8312656649123367
0.12501435073189876,0.8749856492681013
0.13925567591308463,0.8607443240869154
0.2766204558125573,0.7233795441874427
0.27639020799773817,0.7236097920022618
0.1170075700995067,0.8829924299004934
0.3209926821118797,0.6790073178881203
0.24699721710481456,0.7530027828951855
0.1513334425492547,0.8486665574507453
0.4388126921082325,0.5611873078917675
0.0942540863421476,0.9057459136578524
0.0860266356956751,0.9139733643043249
0.23058529421273594,0.769414705787264
0.21221147135818785,0.7877885286418123
0.0,1.0
0.19592333967487177,0.8040766603251283
0.40819431823888724,0.5918056817611128
0.04473550497734882,0.9552644950226512
5.551115123125783e-17,1.0
0.31199838641842076,0.6880016135815792
0.5,0.5
0.3019152914746306,0.6980847085253693
0.1906753924395887,0.8093246075604112
0.5285342689753094,0.4714657310246906
0.0,1.0
0.18557613608322038,0.8144238639167797
0.3357032054765215,0.6642967945234786
0.05283660280122445,0.9471633971987755
0.5538931901306283,0.4461068098693717
0.0,1.0
0.0,1.0
0.2833612729921227,0.7166387270078772
8.326672684688674e-17,1.0
0.024808798308794434,0.9751912016912055
0.09466706919193374,0.9053329308080663
0.2525192655199551,0.7474807344800448
0.20134553429621524,0.7986544657037848
0.2389195052885609,0.7610804947114391
0.3225825557402541,0.6774174442597459
0.17133756578775938,0.8286624342122406
0.19812583284565094,0.8018741671543491
0.2348496794076369,0.7651503205923631
0.08948883715673757,0.9105111628432624
0.26231964267777397,0.7376803573222261
0.0788271890109336,0.9211728109890663
0.07968358620874555,0.9203164137912545
0.10413967229243061,0.8958603277075695
0.2566532859453413,0.7433467140546587
0.04043720328354788,0.9595627967164521
0.13867633406696944,0.8613236659330306
0.0,1.0
0.14725584533580036,0.8527441546641997
0.20519092128126099,0.7948090787187391
0.0,1.0
0.5530070796556411,0.4469929203443589
0.27167852549576177,0.7283214745042382
0.10210141118870109,0.8978985888112989
0.1565840436449696,0.8434159563550304
0.20300793792102792,0.796992062078972
0.3609424326601925,0.6390575673398076
0.11298489973803717,0.8870151002619628
0.15710751301056491,0.8428924869894351
0.010276824221565627,0.9897231757784344
0.3654913497144951,0.6345086502855048
0.23507484065349848,0.7649251593465016
0.0702028869679576,0.9297971130320424
0.04239618751232005,0.9576038124876799
0.0628591539604261,0.9371408460395738
0.20656146775630413,0.793438532243696
1.1102230246251565e-16,1.0
0.3325566302763665,0.6674433697236335
0.20963458572680121,0.7903654142731988
0.28246527552865247,0.7175347244713476
0.531334268319617,0.46866573168038295
0.11502912390812076,0.8849708760918792
0.2734383980959105,0.7265616019040895
0.41856110715445505,0.5814388928455451
0.22372879408636273,0.7762712059136372
0.12801085897189368,0.8719891410281063
0.10834536166354641,0.8916546383364535
0.0,1.0
0.007515383362349962,0.9924846166376501
1.1102230246251565e-16,0.9999999999999999
0.11035460679647673,0.8896453932035233
0.488027037698734,0.511972962301266
0.13157372581648072,0.8684262741835194
5.551115123125783e-17,1.0
0.09354887239079879,0.9064511276092012
0.0,1.0
0.024882362142800665,0.9751176378571993
0.2146682152638182,0.7853317847361818
0.2728610508261519,0.727138949173848
0.2353519280718229,0.7646480719281771
0.2582765237670285,0.7417234762329715
0.2535105159627653,0.7464894840372347
0.0981177949545659,0.9018822050454341
0.23936902412009994,0.7606309758799
0.06703238297357976,0.9329676170264203
0.038565067212015317,0.9614349327879846
0.41075006744319953,0.5892499325568005
0.14373840221259326,0.8562615977874067
0.0,1.0
0.2834382595977923,0.7165617404022078
0.23107166864782364,0.7689283313521763
0.23484111724184012,0.7651588827581599
0.20902785272968039,0.7909721472703196
0.27528454011215914,0.7247154598878409
0.18101198019025183,0.8189880198097481
5.551115123125783e-17,1.0
0.0,1.0
0.0,1.0
0.14820004702950396,0.851799952970496
0.23106533260260645,0.7689346673973935
0.308812123732282,0.6911878762677179
0.40869864921624055,0.5913013507837594
0.3556587486189143,0.6443412513810857
0.33860317474889534,0.6613968252511047
0.09280884145632715,0.9071911585436729
0.018024333991483298,0.9819756660085167
0.2270802311678212,0.7729197688321788
0.0,1.0
0.2600692499778754,0.7399307500221246
0.30301700497713835,0.6969829950228617
0.09135208311655348,0.9086479168834465
0.20050702008850657,0.7994929799114935
0.1772920158666865,0.8227079841333135
0.07718801944252021,0.9228119805574798
0.2512032610643201,0.7487967389356799
0.32761539238313103,0.6723846076168689
0.07141846131921487,0.9285815386807852
0.14807392950108123,0.8519260704989188
0.22023303292673288,0.7797669670732671
0.06903559388002041,0.9309644061199795
0.2997033519831186,0.7002966480168814
0.3283649656403055,0.6716350343596945
0.3031892071217557,0.6968107928782443
0.06298275818141787,0.9370172418185821
0.1371407112555646,0.8628592887444354
0.29050449075818935,0.7094955092418106
0.04848863107278656,0.9515113689272134
0.4391680234665908,0.5608319765334092
0.2805717413217064,0.7194282586782936
0.14693683699511206,0.853063163004888
0.45790087648833355,0.5420991235116664
0.4403886808222665,0.5596113191777334
0.2835238064148234,0.7164761935851766
0.07666464300867705,0.923335356991323
0.21602904425377586,0.7839709557462241
0.5454346900839807,0.4545653099160193
0.15219888687189326,0.8478011131281067
0.20727555945603549,0.7927244405439645
0.17923179660709818,0.8207682033929018
1.1102230246251565e-16,0.9999999999999999
0.1395681906342313,0.8604318093657687
0.23870683310488908,0.761293166895111
0.1537028372787134,0.8462971627212866
0.2191385083157813,0.7808614916842188
0.01618555268839121,0.9838144473116088
0.03303750387252936,0.9669624961274708
0.07666343967476662,0.9233365603252334
0.12448025145890859,0.8755197485410915
0.07689616316239749,0.9231038368376026
0.18713971223327974,0.8128602877667203
0.0,1.0
0.0,1.0
0.1443266208520432,0.8556733791479568
6.938893903907228e-18,1.0
0.30475150230454007,0.69524849769546
0.09719895046069768,0.9028010495393024
0.1629131626461124,0.8370868373538877
0.23475781397009407,0.7652421860299059
0.14174232607066922,0.8582576739293307
0.2349271262303746,0.7650728737696254
0.18862379621797604,0.8113762037820239
0.2676773062136418,0.7323226937863582
0.24388490693377735,0.7561150930662226
0.17146171167730417,0.8285382883226958
0.1599813481573527,0.8400186518426472
0.09084003121618502,0.909159968783815
0.23167398313189427,0.7683260168681058
0.0,1.0
0.18262653105096735,0.8173734689490326
0.13852389134732065,0.8614761086526793
0.3056617782877548,0.6943382217122451
0.2529230748612078,0.7470769251387923
0.23948222688225226,0.7605177731177477
0.5156653876961671,0.48433461230383296
0.07269070823281587,0.927309291767184
0.049832662489085466,0.9501673375109145
0.30903580616333165,0.6909641938366683
0.18357870283577807,0.816421297164222
0.06307750347888277,0.9369224965211173
0.06162100764105128,0.9383789923589487
0.2588737912590183,0.7411262087409817
0.19620443352961048,0.8037955664703895
5.551115123125783e-17,1.0
0.21251822366008088,0.7874817763399191
0.0,1.0
0.3497890881377367,0.6502109118622633
0.0,1.0
0.11151240525615441,0.8884875947438456
0.0,1.0
5.551115123125783e-17,1.0
0.016791131263412844,0.9832088686114836
0.3033280353827706,0.6966719646172294
0.08673534115470712,0.9132646588452928
0.20296278359460906,0.797037216405391
0.05026100268588925,0.9497389973141108
0.3603445573787013,0.6396554426212987
0.13944413824318755,0.8605558617568124
0.07286628968666986,0.9271337103133301
0.1116544245359595,0.8883455754640405
0.13924371110990638,0.8607562888900936
0.31624409278411575,0.6837559072158843
0.056627312668116936,0.9433726873318831
0.13781736203891265,0.8621826379610873
0.15883524553219971,0.8411647544678004
0.2812065643432676,0.7187934356567324
0.0,1.0
0.028450991308332424,0.9715490086916676
0.2452703741632281,0.754729625836772
0.19713552384098576,0.8028644761590142
0.05278026432883406,0.947219735671166
0.06519232678861067,0.9348076732113894
0.053599138962026754,0.9464008610379732
2.7755575615628914e-17,1.0
0.21320947279213276,0.7867905272078672
5.551115123125783e-17,1.0
0.20014399793460025,0.7998560020653998
5.551115123125783e-17,1.0
0.2894186954558713,0.7105813045441287
0.32906650629749845,0.6709334937025015
0.19874469063129754,0.8012553093687025
0.0,1.0
0.25184176262912733,0.7481582373708727
0.12061993460578098,0.8793800653942191
0.25756773087427254,0.7424322691257274
0.02780954981736823,0.9721904501826317
0.3501521028139362,0.6498478971860638
0.11257765624839668,0.8874223437516033
0.1906335111806113,0.8093664888193887
0.3122602590953597,0.6877397409046402
0.0,1.0
0.33461690681801437,0.6653830931819856
0.14948973137077146,0.8505102686292285
0.054761178082719686,0.9452388219172803
0.11826185965910217,0.8817381403408979
0.37548234651465123,0.6245176534853488
0.2735546279864712,0.7264453720135288
0.2084038971461564,0.7915961028538435
0.034410024797288344,0.9655899752027116
0.19667564917886857,0.8033243508211314
0.0,0.9999999999999999
5.551115123125783e-17,0.9999999999999999
0.078774871228606,0.9212251287713941
0.3139681122634376,0.6860318877365624
0.09698167873572978,0.9030183212642702
0.4133558316214042,0.5866441683785958
0.42336676311052085,0.5766332368894791
0.37943936769169684,0.6205606323083032
0.1281259987411929,0.8718740012588071
0.0,1.0
0.0,1.0
0.18765216481486094,0.812347835185139
0.11102683013888329,0.8889731698611166
0.18573647384473574,0.8142635261552644
0.3421589051473633,0.6578410948526368
0.11337659851817625,0.8866234014818237
0.2076606095818131,0.7923393904181869
0.0,1.0
0.14739937160112443,0.8526006283988755
0.02593593438775172,0.9740640656122482
0.026994921001132526,0.9730050789988675
0.2449604566208494,0.7550395433791506
0.2958083336912584,0.7041916663087415
0.042944787326112774,0.9570552126738873
0.2701620935598778,0.7298379064401221
0.0,1.0
0.3219357232587663,0.6780642767412338
0.34927389553133664,0.6507261044686633
0.392359223057473,0.6076407769425269
0.15882400141772773,0.8411759985822722
0.10808123734509809,0.8919187626549019
0.12595393239792232,0.8740460676020777
0.11409065026520607,0.8859093497347938
0.2765237606945246,0.7234762393054753
1.1102230246251565e-16,1.0
0.0,1.0
0.418844167885609,0.5811558321143909
0.2710319034882111,0.728968096511789
0.0,1.0
0.4084738202762119,0.5915261797237882
0.1822325991082541,0.8177674008917459
0.04992870093741598,0.950071299062584
0.4523584069337969,0.5476415930662031
0.04622595701305122,0.9537740429869488
0.08296134595719143,0.9170386540428086
0.26550838702597607,0.734491612974024
0.009348174346989296,0.9906518256530107
0.31924905266803016,0.6807509473319698
0.3131545798191912,0.6868454201808089
0.0,1.0
0.2796134813471373,0.7203865186528627
0.08817600989373063,0.9118239901062694
0.03978794356440141,0.9602120564355986
0.17482092397849708,0.825179076021503
0.005724638564032193,0.9942753614359678
0.30088350596257313,0.6991164940374269
0.19487957805189637,0.8051204219481036
0.02410168760316391,0.9758983123968361
0.1352403571457609,0.8647596428542391
0.3086868735617384,0.6913131264382617
0.4064175019219062,0.5935824980780938
0.19112908221953306,0.8088709177804669
0.3718182783065717,0.6281817216934283
0.36578413520732084,0.6342158647926791
0.33003328050329533,0.6699667194967047
0.08868363137146786,0.9113163686285322
0.2113300084845059,0.7886699915154941
0.46663832316176174,0.5333616768382383
0.2450284825632539,0.7549715174367461
0.24982955612591937,0.7501704438740806
0.10478659545348766,0.8952134045465123
0.21995978629015764,0.7800402137098424
0.3338089989073068,0.6661910010926932
0.4312527036071008,0.5687472963928992
0.142709056170153,0.8572909438298469
5.551115123125783e-17,1.0
0.1556070800764431,0.8443929199235568
0.5161397511624188,0.48386024883758116
0.0,1.0
5.551115123125783e-17,1.0
0.2548803330376195,0.7451196669623805
0.11037463444704834,0.8896253655529517
0.1915201111865174,0.8084798888134827
0.04258775052191615,0.9574122494780839
0.0704966144251132,0.9295033855748869
0.028961652822790375,0.9710383471772096
0.5665973981612071,0.43340260183879287
0.14136337167447746,0.8586366283255226
0.1275374995752634,0.8724625004247366
0.4004016187249912,0.5995983812750088
0.0,1.0
0.1489572841241744,0.8510427158758256
0.09511503587321986,0.9048849641267802
0.0,1.0
0.281179520378279,0.7188204796217209
0.29957031943385815,0.700429680566142
0.5,0.5
0.315745571386746,0.6842544286132539
0.04108909256331689,0.9589109074366831
0.12274910566508776,0.8772508943349122
5.551115123125783e-17,1.0
0.48217701042115285,0.5178229895788471
0.04941084580668419,0.9505891541933159
0.15607753881439226,0.8439224611856077
0.17506348545610304,0.8249365145438969
0.3529478327506652,0.6470521672493347
0.09351207986330236,0.9064879201366978
0.30326620391545206,0.696733796084548
0.3320391761460156,0.6679608238539844
0.2086629129887373,0.7913370870112628
0.1341156672450086,0.8658843327549914
0.20994478212172052,0.7900552178782795
0.3681216749099034,0.6318783250900967
0.22139851962979012,0.7786014803702098
0.2575745920091576,0.7424254079908423
0.1709318608045574,0.8290681391954425
0.3583866057896505,0.6416133942103495
0.20054717540698133,0.7994528245930187
0.0992351608536061,0.9007648391463939
0.16764391828173827,0.8323560817182617
0.1454154103525477,0.8545845896474522
0.1478405147807616,0.8521594852192385
0.2847374034247706,0.7152625965752295
0.08207325244901541,0.9179267475509846
0.030124298652869076,0.969875701347131
0.4074549714826968,0.5925450285173032
0.0,1.0
0.07037805428147063,0.9296219457185293
0.11418110120938703,0.885818898790613
0.22918373351923438,0.7708162664807656
0.3041678451774539,0.6958321548225461
0.2663300672617022,0.7336699327382978
0.48733002677251336,0.5126699732274866
0.15395653865619677,0.8460434613438033
0.09243993614539452,0.9075600638546054
0.13040605380011958,0.8695939461998804
0.3374077466900194,0.6625922533099806
0.4480709883301752,0.5519290116698248
0.3764989685184686,0.6235010314815314
0.2299874701292388,0.7700125298707613
5.551115123125783e-17,0.9999999999999999
0.2575469303825185,0.7424530696174816
0.08865591395110413,0.9113440860488959
0.15628654702583725,0.8437134529741628
0.06556753420062955,0.9344324657993706
0.30629878279325484,0.6937012172067452
0.11252651041109803,0.8874734895889019
0.1961877775318636,0.8038122224681364
0.384881689421945,0.615118310578055
0.13938205759632535,0.8606179424036746
0.40969749641624315,0.5903025035837569
0.36966528657336234,0.6303347134266376
5.551115123125783e-17,1.0
0.34486171260458676,0.6551382873954134
5.551115123125783e-17,1.0
0.19605694003051166,0.8039430599694883
0.4248349911108436,0.5751650088891563
0.0,1.0
0.0,1.0
0.2589608683108151,0.7410391316891849
0.4483379690626905,0.5516620309373094
0.0,1.0
0.0,1.0
0.26023595672712396,0.739764043272876
0.11320695985703355,0.8867930401429664
0.3705176175163095,0.6294823824836904
0.3610352263768298,0.6389647736231703
0.3573758097985752,0.6426241902014248
0.08075660845036967,0.9192433915496303
0.0,1.0
0.004710539580352127,0.9952894604196478
5.551115123125783e-17,1.0
0.08554150201135954,0.9144584979886404
0.2700603867767692,0.7299396132232309
0.187635572441605,0.812364427558395
0.05996795461255927,0.9400320453874408
0.08987534295869586,0.9101246570413041
0.3814305278223416,0.6185694721776583
0.0,1.0
0.3136668866806828,0.6863331133193171
0.28801396745558144,0.7119860325444185
0.09043577501900255,0.9095642249809975
0.24446550879683154,0.7555344912031684
0.0,1.0
0.3035693004581487,0.6964306995418513
0.33980911193411234,0.6601908880658875
0.1452181300782843,0.8547818699217158
0.19005330214306146,0.8099466978569385
0.3235041631167995,0.6764958368832006
0.37099482413917906,0.6290051758608209
0.4014499887499363,0.5985500112500638
0.17145816735135483,0.8285418326486451
0.38024770312823275,0.6197522968717672
0.5408537825553612,0.4591462174446388
0.24005311323446363,0.7599468867655363
0.29139897321814545,0.7086010267818545
1.1102230246251565e-16,0.9999999999999999
0.17569267764426655,0.8243073223557335
0.0638050157633271,0.9361949842366729
0.0,1.0
0.06581300125731461,0.9341869987426853
0.15472897869742827,0.8452710213025717
0.36064961866597,0.63935038133403
0.2622299982488421,0.7377700017511579
0.2972607530505245,0.7027392469494754
0.4314367821534696,0.5685632178465304
0.0,1.0
0.16067314857470089,0.8393268514252991
0.0,1.0
0.04334125097603629,0.9566587490239639
0.027722147896777686,0.9722778521032224
0.25549086814431793,0.744509131855682
0.1301373779489431,0.8698626220510568
0.2098431169900316,0.7901568830099684
0.13958682298356867,0.8604131770164313
0.2981928610884137,0.7018071389115863
0.045835905677126615,0.9541640943228734
0.11489841672049776,0.8851015832795023
0.09199982437832341,0.9080001756216767
0.01697011663091827,0.9830298833690817
0.2917436875088881,0.7082563124911119
0.052822922948290045,0.94717707705171
0.3304075378410939,0.6695924621589061
0.32097296111349305,0.6790270388865068
0.027572221432216933,0.9724277785677831
0.3118131327864627,0.6881868672135373
0.11142517104287598,0.888574828957124
0.0,1.0
0.0,1.0
0.10446602944706603,0.895533970552934
0.11714091594159828,0.8828590840584016
0.09951559229637333,0.9004844077036266
0.3220903525960175,0.6779096474039826
0.27483114991751195,0.725168850082488
0.0,1.0
0.3960277068923364,0.6039722931076635
0.24531000440118444,0.7546899955988156
0.13197199567377427,0.8680280043262257
0.1849967336986617,0.8150032663013383
0.32349010778305226,0.6765098922169478
0.29104930950564395,0.7089506904943561
0.28065377003202824,0.7193462299679718
0.1840470662557,0.8159529337443
0.12053739982963896,0.879462600170361
0.39789721576996295,0.602102784230037
0.35466552119264305,0.645334478807357
0.3755075150045631,0.624492484995437
0.26921346297137216,0.730786537028628
0.14328572469623815,0.8567142753037619
2.7755575615628914e-17,1.0
0.3160463043369308,0.6839536956630692
0.07693521279726662,0.9230647872027333
0.315457384885914,0.684542615114086
0.24466184187814602,0.755338158121854
0.28630053188948923,0.7136994681105108
0.3468799275930356,0.6531200724069643
0.0,1.0
0.0,1.0
0.46563435193386243,0.5343656480661375
0.3585015491757589,0.6414984508242411
0.010452938917220374,0.9895470610827797
0.08424494648727171,0.9157550535127282
0.3943799917089803,0.6056200082910196
0.31674788337299004,0.6832521166270099
0.1989637513824102,0.8010362486175897
0.18781944130806036,0.8121805586919396
0.24419412277436764,0.7558058772256323
0.3883164013017457,0.6116835986982543
0.0830833764186026,0.9169166235813975
0.3773386441283591,0.6226613558716408
0.47686280225851646,0.5231371977414835
0.0027994277692171463,0.9972005722307828
0.024528970149418218,0.9754710298505819
0.3258902089308916,0.6741097910691083
0.11508106832065033,0.8849189316793498
0.16861053691363737,0.8313894630863626
0.022890813307835052,0.977109186692165
0.0988653981257388,0.9011346018742612
0.12609686731321096,0.873903132686789
0.4150942742136249,0.5849057257863752
0.0,1.0
0.154279877386729,0.845720122613271
0.08454559910003588,0.9154544008999641
0.13169702506212322,0.8683029749378769
0.2468920056945253,0.7531079943054747
0.0,1.0
0.28762501522926565,0.7123749847707344
0.2701791946540716,0.7298208053459284
0.07377717961704056,0.9262228203829594
0.2489289363094219,0.7510710636905781
0.38613095836632205,0.613869041633678
0.03525943336155902,0.9647405666384409
0.35152358767063563,0.6484764123293645
0.23675697040117816,0.763243029598822
5.551115123125783e-17,1.0
0.07312658293519093,0.9268734170648091
0.2776272148884966,0.7223727851115033
1.1102230246251565e-16,1.0
0.2844039210324264,0.7155960789675736
0.2909682954544326,0.7090317045455674
0.29471099903619496,0.705289000963805
0.0,1.0
0.030728651171653475,0.9692713488283464
0.3075754778718968,0.6924245221281031
0.0,1.0
0.2601508193579073,0.7398491806420927
5.551115123125783e-17,1.0
0.18662559243199234,0.8133744075680077
0.0,1.0
0.3871956857750629,0.6128043142249372
0.26695333061570203,0.733046669384298
0.13016824096214288,0.8698317590378571
0.07807898900671369,0.9219210109932863
0.25524937714860996,0.74475062285139
0.3015932138178551,0.6984067861821449
0.0,1.0
0.18974633943416186,0.8102536605658381
0.07155086810017118,0.9284491318998289
0.30237024642616933,0.6976297535738306
0.13190447787714252,0.8680955221228575
0.2546378675152665,0.7453621324847335
0.15797321580220847,0.8420267841977916
0.2735322234859392,0.7264677765140608
0.15787276151239682,0.8421272384876032
0.20273431241845252,0.7972656875815475
0.10531909997015013,0.8946809000298499
0.31444877137383465,0.6855512286261654
0.18356400221287153,0.8164359977871285
0.0,1.0
0.13072106146545687,0.8692789385345432
0.22189101140801593,0.7781089885919841
0.5,0.5
0.0,1.0
0.25903422021436867,0.7409657797856313
0.034042602463261705,0.9659573975367384
0.1395563295986779,0.8604436704013221
0.25817509245586084,0.7418249075441391
0.2461446247159736,0.7538553752840264
0.2390664550910068,0.7609335449089931
0.26252377418901574,0.7374762258109843
0.3367729450386327,0.6632270549613672
0.337502862082061,0.662497137917939
0.27283178065353264,0.7271682193464674
0.24784151131771986,0.7521584886822802
0.08964825743544373,0.9103517425645562
0.2517711752424735,0.7482288247575265
0.32609880473168806,0.6739011952683119
0.39366304174331285,0.6063369582566873
0.10484738399164212,0.8951526160083578
0.1847980830650596,0.8152019169349404
0.06119240271851728,0.9388075972814827
0.17236663444800318,0.8276333655519968
0.12269350888973392,0.877306491110266
0.1837560289789632,0.8162439710210367
0.16424519363250567,0.8357548063674943
0.10164105005147024,0.8983589499485298
0.27348255308890845,0.7265174469110915
0.17031588079977267,0.8296841192002273
0.13577654318332927,0.8642234568166708
0.16926160356757622,0.8307383964324239
0.21967011236368467,0.7803298876363153
0.0,1.0
0.03045741716323022,0.9695425828367698
5.551115123125783e-17,1.0
0.11646674532248279,0.8835332546775172
0.16854328517149744,0.8314567148285026
0.07893073259209478,0.9210692674079052
0.31143662936084526,0.6885633706391547
0.057660127644469206,0.9423398723555308
0.07307081865729863,0.9269291813427014
0.4722154415488329,0.5277845584511671
0.13122746671392832,0.8687725332860716
0.11205861267065398,0.887941387329346
0.29873196253885753,0.7012680374611425
0.08568841377669426,0.9143115862233058
0.18383083048737595,0.8161691695126241
0.18719753867314393,0.8128024613268562
0.3612131567701039,0.6387868432298961
0.12478840559080735,0.8752115944091927
0.06959923746486406,0.930400762535136
0.4714178530799579,0.5285821469200421
0.19932243634463992,0.8006775636553601
0.0,1.0
8.326672684688674e-17,1.0
0.12111714716954737,0.8788828528304525
0.3612876133007772,0.6387123866992228
0.13715776304499028,0.8628422369550096
0.40332514500236366,0.5966748549976363
0.0815292663615355,0.9184707336384644
0.1922052650627842,0.8077947349372158
0.044290613172729844,0.9557093868272702
0.15353696086121982,0.8464630391387802
0.35466667016595704,0.645333329834043
0.0,1.0
0.2414069413023868,0.7585930586976132
0.2429775861327363,0.7570224138672637
0.14568402831464153,0.8543159716853586
0.2144806937213079,0.7855193062786922
0.2965189118239095,0.7034810881760905
0.0856229154610572,0.9143770845389428
0.13084902905822052,0.8691509709417795
5.551115123125783e-17,0.9999999999999999
0.15748615240743097,0.8425138475925691
0.3289953560417729,0.6710046439582272
0.0,1.0
0.1437640589109618,0.8562359410890382
0.35967293713057313,0.6403270628694269
0.4196204623797711,0.5803795376202289
0.3931817925109023,0.6068182074890976
0.0,1.0
0.14803810387177893,0.851961896128221
0.1785272319485346,0.8214727680514654
0.24103666843890897,0.758963331561091
0.0,1.0
0.0,1.0
0.4663689360976381,0.5336310639023619
0.4364653867914747,0.5635346132085253
0.1869888499250332,0.8130111500749668
0.0,1.0
0.0,1.0
0.10161282082747856,0.8983871791725214
0.1301967560742539,0.869803243925746
0.2445816174640442,0.7554183825359558
0.12187106147523019,0.8781289385247697
0.0,1.0
0.17265166116060265,0.8273483388393974
0.36249558000046195,0.6375044199995381
0.3597371442078964,0.6402628557921037
0.1556778597489215,0.8443221402510784
0.17884070159804186,0.8211592984019581
0.0,1.0
5.551115123125783e-17,1.0
0.08693782090963798,0.913062179090362
0.3431277441950561,0.656872255804944
0.0,1.0
0.3027616128686776,0.6972383871313225
0.20575889468965264,0.7942411053103474
0.35478205722269446,0.6452179427773056
5.551115123125783e-17,1.0
0.2584938950150042,0.7415061049849959
0.19483393479058098,0.805166065209419
0.19685851202178833,0.8031414879782117
0.072938766283648,0.927061233716352
0.14783871878453855,0.8521612812154615
0.0,1.0
0.11865973297265854,0.8813402670273414
0.2758987663832822,0.7241012336167179
0.1924395933102916,0.8075604066897084
0.0,1.0
1.1102230246251565e-16,1.0
0.0,1.0
0.3054204291422791,0.6945795708577209
0.05177552996032348,0.9482244700396765
0.0,1.0
0.3497421588743698,0.6502578411256301
5.551115123125783e-17,1.0
0.3046819444440508,0.6953180555559492
0.1826433930058377,0.8173566069941623
0.2091552070405922,0.7908447929594078
0.07070347077458049,0.9292965292254196
1.1102230246251565e-16,0.9999999999999999
0.0811456506185961,0.9188543493814039
0.20995063184268267,0.7900493681573174
0.11782653541310029,0.8821734645868998
0.3322290821692039,0.667770917830796
0.32833902911719703,0.671660970882803
0.21833599966469566,0.7816640003353044
0.0,1.0
0.11882427373965897,0.8811757262603411
0.2691270228527511,0.7308729771472489
0.11929272942023421,0.8807072705797658
0.0,1.0
0.26850421193185287,0.7314957880681471
0.11896507778441041,0.8810349222155897
5.551115123125783e-17,1.0
0.3062446825681793,0.6937553174318207
0.0,1.0
0.29838041863444414,0.7016195813655559
0.3474130851999354,0.6525869148000646
0.20904687569268912,0.7909531243073109
0.22232128391311137,0.7776787160868885
0.32998088057948005,0.67001911942052
0.20167342101371186,0.7983265789862882
0.26089220802033936,0.7391077919796607
0.0,1.0
0.2212666114405816,0.7787333885594183
0.25599576051096384,0.7440042394890362
0.2841819195665338,0.7158180804334663
0.31276362593904006,0.6872363740609599
0.3769210678620456,0.6230789321379544
0.13021832745556094,0.869781672544439
0.1665788552129487,0.8334211447870513
0.34186246465178044,0.6581375353482195
0.2518687128249497,0.7481312871750503
0.04267534534497542,0.9573246546550246
0.22853857808673472,0.7714614219132653
0.19897579020781284,0.8010242097921872
0.2635538391061115,0.7364461608938885
0.19420479463963908,0.8057952053603609
0.30072339991373875,0.6992766000862611
0.0,1.0
0.2973330342864099,0.7026669657135901
0.21536847001607567,0.7846315299839243
5.551115123125783e-17,1.0
0.19616564050822644,0.8038343594917735
0.31942516480258804,0.680574835197412
0.2043993188398609,0.7956006811601392
0.0,1.0
0.15919663951860583,0.8408033604813941
0.30052197621596205,0.6994780237840379
0.13316702396920954,0.8668329760307905
0.1064938811791494,0.8935061188208506
0.24466097189251695,0.755339028107483
0.21446454752446723,0.7855354524755328
0.052762747383581964,0.947237252616418
0.31073538637599063,0.6892646136240094
0.25414938881941523,0.7458506111805848
0.24943504189637236,0.7505649581036276
0.17345110310466963,0.8265488968953304
0.060126356320301576,0.9398736436796985
0.23987497798382032,0.7601250220161797
0.29388548300373246,0.7061145169962675
0.2297800755031879,0.7702199244968121
0.17081003163122424,0.8291899683687757
0.33793194983765423,0.6620680501623457
0.3123250165067673,0.6876749834932326
0.24703870633103414,0.7529612936689659
0.39947110799108165,0.6005288920089183
0.0,1.0
0.0,1.0
0.3870556295387638,0.6129443704612362
0.12730342805221873,0.8726965719477814
0.10247618654351573,0.8975238134564842
0.32354008377147553,0.6764599162285245
0.06527792330155717,0.9347220766984428
0.22057998664136352,0.7794200133586364
1.1102230246251565e-16,1.0
0.3369396924707775,0.6630603075292224
0.0,1.0
0.0,1.0
0.08132866048829152,0.9186713395117085
0.10999877482452605,0.890001225175474
0.018441672609476937,0.9815583273905231
0.07479901827450627,0.9252009817254938
0.10539097936891045,0.8946090206310895
0.1783395478489469,0.8216604521510532
0.3546725973334573,0.6453274026665426
0.1295581193998694,0.8704418806001306
0.05019403955069669,0.9498059604493034
0.29242897961406744,0.7075710203859326
0.16763494137062726,0.8323650586293728
0.2522559457929264,0.7477440542070736
0.27030815648545126,0.7296918435145487
0.12751044704771494,0.8724895529522851
0.23781683096540251,0.7621831690345975
0.1916973479527723,0.8083026520472277
0.0,1.0
0.13754622853677992,0.8624537714632201
0.15508785181506618,0.8449121481849338
0.1703195436937574,0.8296804563062427
0.12597463423456812,0.8740253657654319
0.21640108056680835,0.7835989194331917
0.09985648202532049,0.9001435179746795
0.3784360874777182,0.6215639125222818
0.03709590359515146,0.9629040964048486
0.16375023934469501,0.836249760655305
0.03660618957747025,0.9633938104225297
0.21500654598933455,0.7849934540106654
0.40123883387375076,0.5987611661262493
0.33608694561890373,0.6639130543810963
0.16797826860338744,0.8320217313966125
0.30632893406422124,0.6936710659357788
0.08811337353834549,0.9118866264616545
0.16434292982225499,0.835657070177745
0.45474358264584236,0.5452564173541576
0.0051352165689931015,0.9948647834310069
0.14874842646684727,0.8512515735331527
0.26025065682130333,0.7397493431786967
0.5456132695134626,0.4543867304865375
0.0,1.0
0.23103623377105226,0.7689637662289478
0.1939779217769271,0.8060220782230729
0.2453781827082711,0.7546218172917291
0.05824753909192683,0.9417524609080732
0.23048721987289056,0.7695127801271094
1.1102230246251565e-16,1.0
0.08584813964558044,0.9141518603544195
0.0529410387670033,0.9470589612329967
0.17753194709524,0.82246805290476
0.44126311546309205,0.558736884536908
0.3815097272426766,0.6184902727573234
0.16952087097139032,0.8304791290286097
0.4642640849241475,0.5357359150758525
0.43385288084674173,0.5661471191532583
0.21251140738814892,0.7874885926118511
0.05330268695625942,0.9466973130437406
0.3983373801215429,0.6016626198784571
0.0997045714566352,0.9002954285433649
0.2763063817113891,0.723693618288611
2.7755575615628914e-17,1.0
0.11687647620465387,0.8831235237953461
0.24808108570164236,0.7519189142983576
0.0,1.0
0.36876534437613445,0.6312346556238655
0.0,0.9999999999999999
0.11363751705763728,0.8863624829423628
0.2570043694653649,0.7429956305346351
0.2978113668693624,0.7021886331306376
0.21780480705321248,0.7821951929467875
0.23079525853974267,0.7692047414602573
0.20026181423400313,0.7997381857659969
0.37065500833477416,0.6293449916652258
0.3805944709371634,0.6194055290628367
0.08696469246634103,0.9130353075336589
0.0,1.0
5.551115123125783e-17,1.0
0.0,1.0
0.020596127058012437,0.9794038727885346
0.13138116722228924,0.8686188327777108
0.3266926439392708,0.6733073560607293
0.0,1.0
0.0,1.0
0.12109032582116547,0.8789096741788346
0.2612717347927468,0.7387282652072532
0.21073953408018886,0.7892604659198111
0.29624879209565136,0.7037512079043488
0.2158356631898791,0.784164336810121
0.260142464258068,0.739857535741932
0.4005079876139531,0.5994920123860469
0.47813883453292233,0.5218611654670776
0.0,1.0
0.32940549314106876,0.6705945068589313
0.0,1.0
0.17041697747972848,0.8295830225202716
0.0,1.0
0.45697601010205763,0.5430239898979423
0.22897686889603727,0.7710231311039627
0.06890521964883133,0.9310947803511687
0.1277157787638134,0.8722842212361867
0.042027109272854996,0.957972890727145
0.23136734685220575,0.7686326531477944
0.24986287588443018,0.7501371241155699
0.5720825204381984,0.42791747956180154
0.07960316768804795,0.920396832311952
0.3095276565480726,0.6904723434519273
0.26706600399976865,0.7329339960002313
0.4265239064778075,0.5734760935221924
5.551115123125783e-17,1.0
0.08692415242179503,0.913075847578205
0.09635149284724537,0.9036485071527547
5.551115123125783e-17,1.0
0.1795151882116454,0.8204848117883546
0.3987868039651416,0.6012131960348583
0.25853392618690396,0.741466073813096
0.06241299630557448,0.9375870036944255
0.23573983986706037,0.7642601601329396
0.0,1.0
0.23067961459433678,0.7693203854056633
0.22073494024251766,0.7792650597574823
0.08827096425603301,0.911729035743967
0.07558138335851065,0.9244186166414893
0.20222133402516743,0.7977786659748325
0.09120375121522507,0.9087962487847749
0.1661907616612936,0.8338092383387065
0.2053859538239948,0.7946140461760052
0.33429493810503164,0.6657050618949685
5.551115123125783e-17,0.9999999999999999
0.0,1.0
0.176640365230854,0.823359634769146
0.07336125417506195,0.9266387458249381
0.0,1.0
0.15503775603101605,0.844962243968984
1.6653345369377348e-16,0.9999999999999998
0.0,1.0
0.0,1.0
0.0,1.0
0.19763503582039754,0.8023649641796025
0.26587985355860494,0.734120146441395
0.02073770113940129,0.9792622988605987
0.41108214246204455,0.5889178575379554
0.11444992942677207,0.8855500705732279
0.2152004048766206,0.7847995951233794
0.3872470634139251,0.612752936586075
0.060053897223735116,0.9399461027762649
0.2719211103455219,0.7280788896544782
0.10670558633351648,0.8932944136664835
0.15086007608685734,0.8491399239131426
0.0,1.0
0.0,1.0
0.08856019741503965,0.9114398025849604
0.0,1.0
0.35846474124533667,0.6415352587546634
0.09814649060104555,0.9018535093989545
0.30325873091278505,0.696741269087215
0.0847659078581564,0.9152340921418437
0.1514603962430873,0.8485396037569128
0.07672122804164201,0.923278771958358
0.16060317251998202,0.8393968274800181
0.03244552237888387,0.9675544776211161
0.009020783144082842,0.9909792168559172
0.36378473286696045,0.6362152671330396
0.17611028561163866,0.8238897143883613
0.2975014361397136,0.7024985638602864
0.1058144710243797,0.8941855289756203
0.26238732043491886,0.7376126795650813
0.39711209325120383,0.6028879067487961
0.0,1.0
0.22340088330550206,0.7765991166944979
0.3376757620388451,0.6623242379611549
0.16891457083124653,0.8310854291687535
0.3107367399404907,0.6892632600595093
5.551115123125783e-17,1.0
0.04758777024218564,0.9524122297578144
0.2572394158633603,0.7427605841366398
0.01622447218739876,0.9837755278126012
0.22003831703096716,0.7799616829690328
0.00478118129407785,0.9952188187059221
0.3607824277964287,0.6392175722035712
0.09175066739240932,0.9082493326075907
0.3399215373399569,0.6600784626600431
0.3691832159628052,0.6308167840371949
0.09389464177046836,0.9061053582295316
1.1102230246251565e-16,1.0
0.1972623666486114,0.8027376333513886
0.35519755056178365,0.6448024494382164
5.551115123125783e-17,1.0
0.1350083162325571,0.864991683767443
0.16628261149318196,0.833717388506818
0.11986828441846137,0.8801317155815386
0.20483589139304617,0.7951641086069539
0.1904220433812408,0.8095779566187592
0.23108271465998104,0.7689172853400189
0.2688090472671137,0.7311909527328863
0.25291043654220824,0.7470895634577918
0.232741419367286,0.767258580632714
0.02091230051267843,0.9790876994873217
0.028944608852971326,0.9710553911470287
0.10466903341568386,0.8953309665843162
0.05551075366497224,0.9444892463350278
0.16648855192196504,0.833511448078035
0.2712069342241652,0.7287930657758348
0.22520705515525735,0.7747929448447426
0.0,1.0
0.004602325420393874,0.9953976745796062
0.27151031232784006,0.7284896876721599
0.09292144114632428,0.9070785588536757
0.23547800246970796,0.764521997530292
0.33661036182390675,0.6633896381760933
0.06651086179438388,0.9334891382056161
0.025601635469999055,0.974398364530001
0.1931320151999822,0.8068679848000178
0.0,1.0
0.26315176127219375,0.7368482387278062
0.0,1.0
0.2405017032538609,0.7594982967461391
0.17761738521695083,0.8223826147830492
0.227636183558161,0.7723638164418389
0.008607561741601186,0.9913924382583988
0.027817944598731267,0.972182055194009
0.29567158559293966,0.7043284144070604
0.342057772543087,0.6579422274569131
0.19428566453055518,0.8057143354694448
0.0,1.0
0.07641798173307435,0.9235820182669257
0.196071270277186,0.803928729722814
0.2314310396390687,0.7685689603609313
0.10624559609790309,0.8937544039020969
0.0,1.0
0.12035306915445691,0.8796469308455431
0.42153859504894187,0.5784614049510581
0.2131640446228574,0.7868359553771427
0.029578610634933306,0.9704213893650667
0.23344695696956794,0.766553043030432
0.04909425088935954,0.9509057491106404
0.3286058428679448,0.6713941571320551
0.17916053072530436,0.8208394692746956
0.1775210377944366,0.8224789622055634
0.2504993703512184,0.7495006296487815
0.15290663860426212,0.8470933613957379
0.0,1.0
0.12621031952815578,0.8737896804718442
0.103373565908526,0.8966264340914739
0.0036855966116298234,0.9963144033883702
0.04491839522221456,0.9550816047777855
0.5437481104352685,0.45625188956473156
0.18091840638367357,0.8190815936163265
0.2440597744569442,0.7559402255430557
0.21168115578218652,0.7883188442178135
0.14819489149246115,0.8518051085075389
0.4055360566325231,0.5944639433674769
0.19561813934636496,0.8043818606536352
0.3187705838180878,0.6812294161819121
0.2301971225738881,0.769802877426112
0.08562129308857433,0.9143787069114256
0.3890476006669691,0.6109523993330309
0.2802189784789924,0.7197810215210075
0.29134790818247797,0.7086520918175221
0.17004310380174426,0.8299568961982557
0.1763043367051929,0.8236956632948071
0.024690908557362827,0.9753090914426371
0.29307264741626654,0.7069273525837336
0.06364254831410096,0.9363574516858991
0.0841594366430372,0.9158405633569627
0.20820275191362908,0.791797248086371
0.14001583183607638,0.8599841681639235
0.46509959951638413,0.5349004004836159
0.2856744316628592,0.7143255683371408
0.05261358883746437,0.9473864111625356
0.3469633113366095,0.6530366886633905
0.3207532861754818,0.6792467138245183
0.0963325954308167,0.9036674045691833
0.08550472357146047,0.9144952764285396
0.14720569111153828,0.8527943088884617
0.09530534633840507,0.904694653661595
0.47117795050144196,0.528822049498558
0.250822073926526,0.749177926073474
0.18543415644228228,0.8145658435577177
0.07826502132314257,0.9217349786768575
1.1102230246251565e-16,1.0
5.551115123125783e-17,1.0
0.2724708392475921,0.7275291607524079
0.31181063331285586,0.688189366687144
0.015052231223195432,0.9849477687768047
0.10199486753253702,0.8980051324674629
0.267473056937988,0.732526943062012
0.12171058726245931,0.8782894127375407
0.3323857418827642,0.6676142581172358
0.31121146243065273,0.6887885375693473
0.10204925379686121,0.8979507462031389
0.16518795094460745,0.8348120490553925
0.020072769920063797,0.9799272300799362
0.018829368237137996,0.981170631762862
0.33447997979958527,0.6655200202004148
0.2133131235442182,0.7866868764557817
0.19308894527715598,0.8069110547228441
0.2151149934373923,0.7848850065626077
0.10518177751759836,0.8948182224824017
0.31161279961694915,0.6883872003830509
0.46004818527605373,0.5399518147239463
0.05851071742266979,0.9414892825773301
0.2259958531294558,0.7740041468705443
0.09387979517939755,0.9061202048206024
0.08050005935471889,0.9194999406452812
0.259652438321654,0.7403475616783461
0.23709087472451248,0.7629091252754876
0.13628448239341964,0.8637155176065804
0.0,1.0
0.061651917421106976,0.938348082578893
0.0,1.0
5.551115123125783e-17,1.0
0.09108815429941751,0.9089118457005826
0.27002299568663823,0.7299770043133618
0.10242544909614998,0.89757455090385
0.15071183723732326,0.8492881627626767
0.28997233637250064,0.7100276636274994
5.551115123125783e-17,1.0
0.295072000571127,0.704927999428873
5.551115123125783e-17,1.0
0.11700856302945259,0.8829914369705474
0.2277450290863277,0.7722549709136722
0.040147597051007344,0.9598524029489927
0.2855365650075604,0.7144634349924397
0.0,1.0
0.11497529484831832,0.8850247051516816
0.16143777224227712,0.8385622277577229
0.3395324167026662,0.6604675832973339
0.2589500402255059,0.7410499597744942
0.2924611371679697,0.7075388628320304
0.2983766638172444,0.7016233361827556
0.5,0.5
0.1460083004220988,0.8539916995779012
0.18381930616157355,0.8161806938384265
0.023677323624196504,0.9763226763758035
0.0,1.0
0.22232150023167002,0.7776784997683299
0.0,1.0
0.2687232829620801,0.7312767170379199
0.45810377721349016,0.5418962227865098
0.3724256422604509,0.6275743577395492
0.03794587515997502,0.9620541248400251
0.09390073142326336,0.9060992685767366
0.3484069512361013,0.6515930487638987
0.01326603941812674,0.9867339605818732
0.07205277864841696,0.9279472213515831
0.27290007728901533,0.7270999227109847
0.16916070370621378,0.8308392962937863
0.31657898921027894,0.683421010789721
0.25408565244141906,0.745914347558581
0.26433064379293264,0.7356693562070673
0.0,1.0
0.20637176102125682,0.7936282389787432
0.37588069658698114,0.6241193034130189
0.3276754210052116,0.6723245789947885
0.1355845205591663,0.8644154794408336
0.1428673174282979,0.857132682571702
0.3277433462169007,0.6722566537830993
0.38480695965433215,0.6151930403456679
0.0,1.0
0.2563337943321878,0.7436662056678122
0.0,1.0
0.12480737738513793,0.8751926226148621
0.31331351692636833,0.6866864830736317
0.32261380362758585,0.6773861963724142
0.08550826997180835,0.9144917300281917
5.551115123125783e-17,1.0
0.10887016694791272,0.8911298330520873
0.36570480738236893,0.634295192617631
0.013155306337074152,0.9868446936629259
0.26088624133980043,0.7391137586601996
0.0,1.0
0.12929143417741928,0.8707085658225808
0.28546528846206903,0.7145347115379309
0.1679527540788286,0.8320472459211714
0.27817118950421377,0.7218288104957863
0.30885088084672413,0.6911491191532759
0.0,1.0
0.14050375524070083,0.8594962447592992
0.19187714830832805,0.808122851691672
0.26489048388719355,0.7351095161128065
0.4914263380476591,0.5085736619523409
0.4547664773608872,0.5452335226391127
0.35220023373119896,0.6477997662688011
5.551115123125783e-17,1.0
0.0,1.0
0.04364000201886166,0.9563599979811382
0.15000130296350977,0.8499986970364902
0.2863220123438769,0.713677987656123
0.14056694435811165,0.8594330556418884
0.18289599844676793,0.817104001553232
0.026020195034081147,0.9739798049659188
0.023427577478684843,0.9765724225213152
0.5130656225450535,0.4869343774549465
0.3727205888820506,0.6272794111179493
0.2680946694815624,0.7319053305184376
0.12275700773639613,0.8772429922636039
0.31123455392918326,0.6887654460708168
0.27082267326748916,0.7291773267325108
0.1562568159799674,0.8437431840200326
0.2172890311403123,0.7827109688596877
5.551115123125783e-17,1.0
0.10852264534717564,0.8914773546528244
0.20359656716122285,0.7964034328387772
0.208747393275706,0.791252606724294
0.0,1.0
0.20157697996922744,0.7984230200307725
0.31602707528561047,0.6839729247143895
0.0899308302440668,0.9100691697559332
0.0,1.0
0.0822470878999007,0.9177529121000993
0.22308733434692235,0.7769126656530776
0.29560319491230536,0.7043968050876948
0.04254969893343931,0.9574503010665608
0.21934347104875143,0.7806565289512485
0.015950853448310584,0.9840491465516894
0.15100531867382305,0.848994681326177
0.4392666406084219,0.5607333593915781
0.15683382871612567,0.8431661712838743
0.3774004181783952,0.6225995818216048
0.2435199840848954,0.7564800159151046
0.2648686486360578,0.7351313513639421
0.26638361945832706,0.733616380541673
0.2625447485256534,0.7374552514743467
0.26433970838512805,0.735660291614872
0.03383825663050986,0.9661617433694901
0.03062319000812984,0.9693768099918701
0.044087355708978274,0.9559126442910217
0.0,1.0
0.1005856050374843,0.8994143949625157
0.15069588446292131,0.8493041155370786
0.16880282215207532,0.8311971778479247
0.1840927283774108,0.8159072716225891
0.15201382911457542,0.8479861708854246
0.13280959171881446,0.8671904082811855
0.12340030301117795,0.876599696988822
0.1017234062995584,0.8982765937004417
0.1901211194648333,0.8098788805351668
0.07544028886852085,0.9245597111314793
0.2875210194748914,0.7124789805251086
0.19154571259579695,0.808454287404203
0.10815394927580897,0.891846050724191
0.24631719938573077,0.7536828006142692
0.38531723563075926,0.6146827643692409
0.04438754663218696,0.9556124533678131
5.551115123125783e-17,1.0
0.018144420418956093,0.9818555795810439
0.3306804863299231,0.6693195136700769
0.2713193092890694,0.7286806907109307
0.10402441253781812,0.8959755874621819
0.28529696246596636,0.7147030375340336
0.21217758919998253,0.7878224108000174
0.0,1.0
0.3574230120234451,0.6425769879765549
0.05014999322785502,0.9498500067721449
0.3371740156535057,0.6628259843464943
0.2703168641557039,0.7296831358442961
0.09438738693836443,0.9056126130616355
0.0,1.0
0.2611540046356854,0.7388459953643146
0.0,1.0
0.37448740698428934,0.6255125930157107
0.0,1.0
0.17482264894038158,0.8251773510596185
0.41172401707834194,0.5882759829216581
0.12000621566012654,0.8799937843398735
0.10676730657373017,0.8932326934262699
0.3757294031830013,0.6242705968169988
0.11985352281721828,0.8801464771827817
0.0,1.0
0.2129327443034604,0.7870672556965396
0.07631743968498247,0.9236825603150176
0.243817201322254,0.756182798677746
0.18403958031216905,0.815960419687831
0.2116704967805781,0.788329503219422
0.24746485059608084,0.7525351494039192
0.0,1.0
0.2006500457262222,0.7993499542737779
0.2266216995718359,0.7733783004281641
0.30349218488980517,0.6965078151101948
0.1544049922271462,0.8455950077728538
0.27078029454818425,0.7292197054518159
0.20093024322763242,0.7990697567723676
0.24794805735100134,0.7520519426489987
0.36992695274110304,0.630073047258897
0.3100402766746473,0.6899597233253527
0.29600830608743,0.7039916939125699
0.16538222754601198,0.834617772453988
0.3002721412428258,0.6997278587571741
0.33090050896085393,0.6690994910391461
0.3383364300793588,0.6616635699206411
0.07701444779102949,0.9229855522089705
0.2398493151184766,0.7601506848815234
0.10734937081342218,0.8926506291865779
0.5382767072320417,0.4617232927679583
0.5138785133256082,0.48612148667439176
5.551115123125783e-17,1.0
0.10474895858390454,0.8952510414160955
5.551115123125783e-17,1.0
0.07015168144874527,0.9298483185512547
0.43308039431183354,0.5669196056881665
0.23112257601120728,0.7688774239887927
0.256123425829861,0.7438765741701391
0.0,1.0
0.15450361816136107,0.845496381838639
0.2977223745803691,0.7022776254196309
0.38770661512753457,0.6122933848724654
0.0,1.0
0.2762964166171898,0.7237035833828102
0.13944743235588009,0.86055256764412
0.07767271239770052,0.9223272876022995
0.2950279948998748,0.7049720051001251
0.24645131345838733,0.7535486865416128
0.28371748008514724,0.7162825199148527
0.0,1.0
0.045885240920788266,0.9541147590792117
0.47482210474742953,0.5251778952525705
0.09731678280339015,0.9026832171966098
0.3137899323744927,0.6862100676255072
0.2544498687777938,0.7455501312222063
0.2458203666814741,0.7541796333185259
0.27390488929959583,0.7260951107004041
0.20160863216076705,0.7983913678392329
0.0,1.0
0.06843869007244867,0.9315613099275513
0.27228965195709914,0.7277103480429009
5.551115123125783e-17,1.0
0.20338691445027424,0.7966130855497257
0.015209792433675904,0.9847902075663241
0.2622999797105771,0.7377000202894228
0.2939944071720253,0.7060055928279748
0.056261761176971965,0.943738238823028
0.21328868924411432,0.7867113107558857
0.449977629532915,0.550022370467085
0.0,1.0
0.30276769798093556,0.6972323020190644
0.0,1.0
0.4518555477261543,0.5481444522738457
0.07345818440959086,0.9265418155904092
0.36940695973737775,0.6305930402626223
0.161830841150737,0.838169158849263
0.37381480949321705,0.6261851905067829
0.23522665041733282,0.7647733495826672
0.3832526286247703,0.6167473713752296
0.25664628285447527,0.7433537171455248
0.22231080502947642,0.7776891949705236
0.051004477651946885,0.9489955223480532
0.1302005002457662,0.8697994997542338
0.37872789587791833,0.6212721041220817
0.2716162906260494,0.7283837093739506
0.21029924508540285,0.7897007549145971
2.7755575615628914e-17,1.0
0.0,1.0
0.2393097427506279,0.7606902572493722
0.22775584593762743,0.7722441540623726
0.1058407984294136,0.8941592015705864
0.06868322215701644,0.9313167778429836
0.0,1.0
0.12722071000618831,0.8727792899938117
0.035699791298910245,0.9643002087010898
0.12300734319372132,0.8769926568062786
0.18721172605940167,0.8127882739405984
0.3176900693846498,0.6823099306153502
0.25413746635762685,0.7458625336423732
0.0,1.0
1.1102230246251565e-16,1.0
0.009984638846576516,0.9900153611534235
0.3554193999513095,0.6445806000486904
0.13108552540278554,0.8689144745972145
5.551115123125783e-17,1.0
0.2589867870430316,0.7410132129569685
0.20948183215950522,0.7905181678404948
0.30070811449254786,0.6992918855074521
0.3444239881004322,0.6555760118995679
0.039513344353002015,0.9604866556469981
0.22670100762478645,0.7732989923752135
0.1097760671346993,0.8902239328653007
0.0,1.0
0.19153081245835862,0.8084691875416415
0.08554625140953491,0.914453748590465
0.03212275041451653,0.9678772495854835
0.3563551549138185,0.6436448450861816
0.22598742678774092,0.7740125732122592
0.26010468930127806,0.739895310698722
0.06636953201691928,0.9336304679830807
0.2530925375489351,0.746907462451065
0.23115388757606717,0.7688461124239327
0.2711454414571187,0.7288545585428814
0.21456879502030118,0.7854312049796988
0.10663554284812563,0.8933644571518745
0.18078643845316375,0.8192135615468362
0.0,1.0
0.12985940707838844,0.8701405929216116
5.551115123125783e-17,1.0
0.31534458353136213,0.6846554164686379
0.22245260213119708,0.777547397868803
0.08980357133726936,0.9101964286627308
0.3479669333087582,0.6520330666912418
0.3002920055570287,0.6997079944429713
0.2801268013931165,0.7198731986068835
0.06326992961560313,0.9367300703843969
0.3361093368387773,0.6638906631612226
0.330729918602011,0.6692700813979889
0.3172805569799406,0.6827194430200594
0.2579570870762094,0.7420429129237907
0.12664282515679295,0.8733571748432071
0.13822853287534634,0.8617714671246537
0.38286832662144893,0.6171316733785511
0.0,1.0
0.012064364071169724,0.9879356359288303
0.3540245788211498,0.6459754211788502
0.49345895092486913,0.5065410490751309
0.42099911156962305,0.5790008884303769
0.3534892400134241,0.6465107599865758
0.0,1.0
0.034356693224124144,0.9656433067758758
0.3683138445084572,0.6316861554915427
0.27290162379986976,0.7270983762001303
0.0819202725555135,0.9180797274444865
5.551115123125783e-17,1.0
0.2094310190100536,0.7905689809899465
0.3179960661267196,0.6820039338732804
0.1444314180522728,0.8555685819477272
0.2625026564578701,0.7374973435421298
0.16544684225019246,0.8345531577498075
0.0,1.0
0.2972797482274736,0.7027202517725264
0.06476245744102391,0.9352375425589762
0.2732508359508562,0.7267491640491438
0.22990828007752165,0.7700917199224784
0.14577136154946743,0.8542286384505325
0.12251420550881295,0.877485794491187
0.4510752556949544,0.5489247443050456
0.027670492558300237,0.9723295074416998
0.23698689438498333,0.7630131056150167
0.08644878697534672,0.9135512130246533
0.2728161112977952,0.7271838887022047
0.05782270734528573,0.9421772926547143
0.19800599622768492,0.8019940037723151
0.03717417902081881,0.9628258209791812
0.0588631359184948,0.9411368640815052
0.08634586990234618,0.9136541300976538
0.41009432428146836,0.5899056757185317
0.2841828291253139,0.7158171708746861
0.06628068502631408,0.933719314973686
0.1946865769771462,0.8053134230228538
0.0,1.0
0.25895442159529497,0.7410455784047051
0.13426168190302867,0.8657383180969712
0.12411003817190785,0.8758899618280922
0.03334705486928213,0.9666529451307179
0.1442930058467342,0.8557069941532658
0.13885151720058928,0.8611484827994107
0.21150881388067053,0.7884911861193294
0.17219546333116134,0.8278045366688387
0.2057382501904415,0.7942617498095585
0.0,1.0
1.1102230246251565e-16,1.0
0.00438739195889186,0.9956126080411082
0.052068503168888176,0.9479314968311118
0.07434977597361268,0.9256502240263873
0.12959482117954751,0.8704051788204525
0.2107053773037639,0.7892946226962361
0.15253624257349352,0.8474637574265065
0.005204689339298268,0.9947953106607017
0.02778543574512601,0.972214564254874
0.30823571224148066,0.6917642877585193
0.21480885869722088,0.785191141302779
0.3149770630091744,0.6850229369908256
0.08773739753773652,0.9122626024622635
0.24484290142258705,0.7551570985774129
0.018843216241849595,0.9811567837581504
0.31599703664389966,0.6840029633561003
0.2166348311327052,0.7833651688672948
0.4468479074342842,0.5531520925657157
0.31354433372652546,0.6864556662734745
1.1102230246251565e-16,1.0
0.30525626158123786,0.6947437384187621
0.037282497016147075,0.962717502983853
0.08905305639201867,0.9109469436079813
0.4335492764909482,0.5664507235090518
0.29051270729126133,0.7094872927087387
0.0979943268359593,0.9020056731640407
0.27493944903967193,0.7250605509603281
0.35425812898275577,0.6457418710172442
0.05511794257219087,0.9448820574278091
0.04724551774657703,0.9527544822534231
0.29270153055455383,0.7072984694454462
0.2758022145180943,0.7241977854819057
0.0,1.0
0.23289357202709296,0.7671064279729071
0.4852835459628426,0.5147164540371574
0.0,1.0
0.04363619343984047,0.9563638065601595
0.16998307424999667,0.8300169257500033
0.1885834519344132,0.8114165480655868
0.39606516287088156,0.6039348371291184
0.09866926786282389,0.9013307321371762
0.1734664378520891,0.8265335621479111
0.0,1.0
0.07451551411234243,0.9254844858876576
0.0,1.0
1.1102230246251565e-16,1.0
0.06621515908466902,0.933784840915331
0.370974493735537,0.629025506264463
0.1590057652474466,0.8409942347525534
0.17358544682692326,0.8264145531730768
0.3312896976361569,0.6687103023638431
0.0,1.0
0.23951772397523918,0.7604822760247608
0.3428880675634717,0.6571119324365284
0.0638034832704805,0.9361965167295195
0.1447295907951282,0.8552704092048719
0.31545363374968544,0.6845463662503145
0.24916293939937012,0.7508370606006298
0.17455360481313267,0.8254463951868674
0.11225732838825798,0.887742671611742
0.1035797007138277,0.8964202992861723
0.276845526537816,0.723154473462184
0.05398765700250471,0.9460123429974954
0.12168268939879658,0.8783173106012034
0.3932920817857201,0.6067079182142799
0.03623036496518234,0.9637696350348176
0.14370191430514445,0.8562980856948555
0.08255947773245213,0.9174405222675479
0.28152770472622124,0.7184722952737788
0.1658696673617004,0.8341303326382997
0.29589349443250157,0.7041065055674984
0.3668348927240755,0.6331651072759246
0.027980304566733255,0.9720196954332668
0.13345400352709988,0.8665459964729001
0.35189993583777585,0.6481000641622242
0.09840632937333667,0.9015936706266634
0.0,1.0
0.295814453297069,0.704185546702931
0.30670259274357403,0.693297407256426
0.350428020222991,0.649571979777009
0.0643384791359235,0.9356615208640765
0.4294808517776158,0.5705191482223843
0.2215379091877476,0.7784620908122524
0.2388354796567825,0.7611645203432176
0.33987037815326054,0.6601296218467395
0.16146161347100857,0.8385383865289915
0.37288604161650435,0.6271139583834957
0.20437649061298985,0.7956235093870101
0.30464828586132003,0.69535171413868
0.2705152187924388,0.7294847812075612
0.30754537448629427,0.6924546255137057
0.43583999658266437,0.5641600034173356
0.0,0.9999999999999999
0.10522364479041867,0.8947763552095814
0.08736127835801363,0.9126387216419863
1.1102230246251565e-16,1.0
0.1975088259700182,0.8024911740299819
0.15279757533254557,0.8472024246674544
0.25029516063224416,0.7497048393677558
0.24667905412379507,0.7533209458762049
0.3667537832314818,0.6332462167685182
0.01745858256171706,0.9825414174382829
0.22703469346358507,0.7729653065364149
0.23991097520909407,0.7600890247909059
0.20964470067616112,0.7903552993238389
0.0,1.0
0.2201217475092986,0.7798782524907014
0.11637873817001898,0.883621261829981
0.08148944181818735,0.9185105581818127
0.23166990645018093,0.7683300935498191
0.3697686401687545,0.6302313598312455
0.0,1.0
0.0,1.0
0.24036150249255864,0.7596384975074414
0.09837381719587211,0.901626182804128
0.23773473037981613,0.7622652696201839
0.20377050751727677,0.7962294924827232
0.027582668212630786,0.9724173317873692
0.2719409148411856,0.7280590851588143
0.15461338253429655,0.8453866174657035
5.551115123125783e-17,1.0
0.11375509201778448,0.8862449079822156
0.23852158843635837,0.7614784115636416
0.201203776435033,0.798796223564967
6.591949208711867e-17,1.0
0.30730786387598713,0.692692136124013
0.15916948347541096,0.8408305165245891
0.2734007750576065,0.7265992249423935
0.2865820162684608,0.7134179837315391
0.16759524235465473,0.8324047576453453
0.0909992445824317,0.9090007554175683
0.045141058560405255,0.9548589414395947
0.4433316948353827,0.5566683051646173
0.0,1.0
0.0691215136041343,0.9308784863958657
0.373372149960265,0.626627850039735
0.17629237521615193,0.8237076247838481
0.29935120843955654,0.7006487915604436
0.11489199249196505,0.885108007508035
0.08367696355934028,0.9163230364406597
0.32205217209819337,0.6779478279018066
0.0,1.0
0.2248267860627048,0.7751732139372953
0.08637883528132316,0.9136211647186769
0.1431081639902047,0.8568918360097953
0.252093648825946,0.7479063511740541
0.04199199224870878,0.9580080077512914
0.0,1.0
0.27563396384902233,0.7243660361509777
0.135813395844335,0.8641866041556651
0.06312570755721533,0.9368742924427848
0.1185184965352554,0.8814815034647445
0.049870692235001915,0.950129307764998
0.23546333746106946,0.7645366625389305
0.20096850787031517,0.7990314921296848
0.21334709413541197,0.786652905864588
0.3581987978898267,0.6418012021101733
0.21663382274060747,0.7833661772593926
0.20604315531207745,0.7939568446879226
0.2248990005880227,0.7751009994119773
0.3947119034661691,0.605288096533831
0.29525918420590636,0.7047408157940936
0.3701954568737683,0.6298045431262318
5.551115123125783e-17,1.0
0.0,1.0
0.0,1.0
0.22976738831662719,0.7702326116833729
0.1164530275964039,0.8835469724035961
0.16332979418968205,0.8366702058103179
0.15597034488995232,0.8440296551100477
0.18503882437874536,0.8149611756212547
0.31435844271017893,0.685641557289821
5.551115123125783e-17,0.9999999999999999
0.18030639261139336,0.8196936073886066
0.10146852832122616,0.8985314716787739
0.0,1.0
0.05204115768002982,0.9479588423199702
0.17738586721433422,0.8226141327856658
1.1102230246251565e-16,0.9999999999999999
0.2461909338258101,0.75380906617419
0.14173954476378997,0.8582604552362101
0.2866168774923599,0.71338312250764
0.5360526343164714,0.46394736568352857
0.0,1.0
0.0,1.0
5.551115123125783e-17,1.0
0.0,1.0
0.4181738076145571,0.5818261923854429
0.37206168102786996,0.62793831897213
0.1449965064650146,0.8550034935349854
0.0,1.0
0.13641671465136448,0.8635832853486356
0.3993751287033931,0.6006248712966069
0.0,1.0
0.05707760541152081,0.9429223945884793
0.38250579520131417,0.6174942047986858
0.16074722452586399,0.8392527754741361
0.05733913907239955,0.9426608609276005
0.025242613083626367,0.9747573869163736
0.0,1.0
0.0,1.0
0.03717119603456484,0.9628288039654351
1.1102230246251565e-16,1.0
0.0,1.0
0.06142143974277646,0.9385785602572235
0.062006194752491035,0.937993805247509
0.0,1.0
0.0,1.0
0.0,1.0
0.29782788419002154,0.7021721158099785
0.0,1.0
0.19309159833643877,0.8069084016635613
0.33092026879389236,0.6690797312061076
0.020589889955845486,0.9794101100441546
0.12487610703348606,0.8751238929665139
0.30693438085231844,0.6930656191476816
0.1599570302114586,0.8400429697885414
0.0821360315123097,0.9178639684876904
0.3918739171767941,0.6081260828232059
0.0,1.0
5.551115123125783e-17,1.0
0.2947575729709094,0.7052424270290907
0.22161902912977863,0.7783809708702214
0.1678336852648035,0.8321663147351965
0.319769045210493,0.680230954789507
0.05414398336478083,0.9458560166352191
0.06474662812596574,0.9352533718740342
0.08708867730702309,0.9129113226929769
0.00587770527386053,0.9941222947261394
5.551115123125783e-17,1.0
0.2276334202772904,0.7723665797227096
0.20053880881443623,0.7994611911855639
0.21656132638408832,0.7834386736159117
0.04955259049800421,0.9504474095019957
0.19246100789439155,0.8075389921056085
0.14126852186930605,0.858731478130694
0.0,1.0
0.11826408173916399,0.881735918260836
0.18806817596088424,0.8119318240391157
0.1879762762647319,0.8120237237352681
0.08459639925578512,0.9154036007442149
0.18112160583905063,0.8188783941609494
0.2278628800440427,0.7721371199559572
0.011114265043363346,0.9888857349566367
0.1592782431281988,0.8407217568718012
0.11235944977457747,0.8876405502254225
0.18851139069013137,0.8114886093098687
0.23087536574856135,0.7691246342514386
0.03620051540462137,0.9637994845953787
0.10394714948337631,0.8960528505166238
0.10149048643102544,0.8985095135689746
0.11004597739075424,0.8899540226092457
0.2921252085372712,0.7078747914627288
0.0,1.0
0.30258838887009964,0.6974116111299004
0.07402507458419373,0.9259749254158062
0.11061581082197658,0.8893841891780234
0.3480491138295894,0.6519508861704105
0.0,1.0
0.19491824815051276,0.8050817518494873
0.2235376861920703,0.7764623138079297
0.08099740729083503,0.919002592709165
0.22397147776399393,0.776028522236006
0.1593747050975783,0.8406252949024218
0.0918633780649253,0.9081366219350747
0.07394862453060273,0.9260513754693973
0.18022982890326272,0.8197701710967373
0.3926975413387055,0.6073024586612945
0.19214727293153372,0.8078527270684662
0.22460102678844976,0.7753989732115503
0.05186538824527061,0.9481346117547294
0.16629661690774947,0.8337033830922506
0.2534902933356507,0.7465097066643493
0.1971697382326781,0.802830261767322
0.03135914677413121,0.9686408532258688
0.1810795867688509,0.8189204132311492
0.004883002001921458,0.9951169979616975
0.21094636878827022,0.7890536312117298
0.14833792634790358,0.8516620736520963
0.1584642500164247,0.8415357499835753
0.3515195347884546,0.6484804652115455
0.26184814843466353,0.7381518515653365
0.2671987787411014,0.7328012212588987
0.09474460272149127,0.9052553972785088
0.0,1.0
0.07454624242519016,0.9254537575748099
0.28454455294269554,0.7154554470573045
0.12941975605230122,0.8705802439476988
0.09474662011671496,0.9052533798832851
0.13829996091882077,0.8617000390811792
0.14097720808872977,0.8590227919112703
5.551115123125783e-17,0.9999999999999999
0.28038139461916123,0.7196186053808388
0.0,1.0
0.0,1.0
0.356342160941596,0.643657839058404
0.15698736218595247,0.8430126378140476
0.19041989635188358,0.8095801036481164
0.04541412671854461,0.9545858732814555
0.12443341254372446,0.8755665874562756
0.40136662175837107,0.5986333782416289
0.3052455675870694,0.6947544324129306
0.17705780521496894,0.8229421947850311
0.16838205973404688,0.8316179402659531
0.08147833380028521,0.9185216661997149
0.25181272289068096,0.7481872771093191
0.0654634182280775,0.9345365817719226
0.0,1.0
0.07405305715119824,0.9259469428488017
0.07157902778460976,0.9284209722153902
0.05116047022418186,0.9488395297758182
0.2831405028524162,0.7168594971475839
0.3185428410755724,0.6814571589244276
0.27201798003552397,0.7279820199644761
0.0,1.0
0.5245270547891198,0.47547294521088024
0.1934812007822031,0.8065187992177969
0.16051108414649898,0.839488915853501
0.1652029480002373,0.8347970519997626
0.3579428856097798,0.6420571143902202
0.0981325690042791,0.9018674309957209
0.11817272089046042,0.8818272791095395
0.09803482096759439,0.9019651790324056
0.2076163528908875,0.7923836471091126
0.19626978208014206,0.803730217919858
0.11794880909158584,0.8820511909084142
0.19067604073283234,0.8093239592671677
0.284637401502448,0.7153625984975521
0.2803319207315138,0.7196680792684861
0.22691610553672784,0.7730838944632722
0.1249929112912085,0.8750070887087915
0.23957663335264506,0.760423366647355
0.15142476590163945,0.8485752340983606
0.17965788026329194,0.8203421197367081
0.08499483721556743,0.9150051627844326
0.2944550031259238,0.7055449968740761
0.04417517528033138,0.9558248247196686
0.31271538690809886,0.6872846130919013
0.12370684993291753,0.8762931500670825
0.23355504122060722,0.7664449587793927
0.3443754000521098,0.6556245999478902
0.11760369754071923,0.8823963024592808
0.28419672984646005,0.71580327015354
0.15521334823711025,0.8447866517628898
0.13260536841240803,0.8673946315875921
0.11716101878734018,0.8828389812126598
0.021621938315150916,0.9783780616848491
0.1035821641449392,0.8964178358550607
0.06717151449035962,0.9328284855096404
0.5717514851605962,0.4282485148394038
0.33658545418237673,0.6634145458176233
0.0,1.0
0.30386825451744387,0.6961317454825561
0.0945729770680498,0.9054270229319502
0.4330742198764601,0.5669257801235399
0.34418488169329176,0.6558151183067082
0.0,1.0
0.039696839823619934,0.9603031601763802
0.17328296145978542,0.8267170385402145
0.221056995679753,0.778943004320247
0.09939627397699836,0.9006037260230016
0.20793653440038187,0.7920634655996182
0.11876649982394852,0.8812335001760515
0.3219724139118708,0.6780275860881292
0.09194807607124594,0.908051923928754
0.13412526354139248,0.8658747364586075
0.15063064617315422,0.8493693538268458
0.18953175400190234,0.8104682459980976
0.0453986710076409,0.954601328992359
0.14204011553398002,0.8579598844660199
0.2658704800616774,0.7341295199383225
0.0,1.0
0.1496209049973576,0.8503790950026425
0.2359586902242809,0.764041309775719
0.12601579686407735,0.8739842031359226
0.35039872906695535,0.6496012709330446
0.2741418297327787,0.7258581702672213
0.3873003748182676,0.6126996251817324
0.35291498986657677,0.6470850101334232
1.1102230246251565e-16,1.0
0.1359451681796837,0.8640548318203164
0.4074350582157063,0.5925649417842936
0.20918551088978515,0.7908144891102149
0.0,1.0
0.42006323406617413,0.5799367659338258
0.1676232284464102,0.8323767715535898
0.0893057526363134,0.9106942473636866
0.24252111330736298,0.7574788866926371
0.09842778457169869,0.9015722154283012
0.4901486008479939,0.5098513991520061
0.10528441012628603,0.894715589873714
0.27125954690845805,0.728740453091542
0.0,1.0
0.28251803264919206,0.7174819673508079
0.0909807339729503,0.9090192660270496
0.15001285569405046,0.8499871443059495
0.1338851761102304,0.8661148238897696
0.005612358154397309,0.9943876418456027
0.33908286064251536,0.6609171393574846
0.3933452205091157,0.6066547794908842
0.26019908630998123,0.7398009136900188
0.15379940516635257,0.8462005948336474
0.10111878262432333,0.8988812173756767
0.27020051260922645,0.7297994873907736
0.0,1.0
0.1921850496412357,0.8078149503587643
0.029871357205278646,0.9701286427947213
0.25542103352083745,0.7445789664791626
0.16606642148542763,0.8339335785145723
0.1402900597813155,0.8597099402186845
0.15091781318511777,0.8490821868148822
1.1102230246251565e-16,1.0
0.1690817794617753,0.8309182205382246
0.5284656173268121,0.47153438267318787
0.1062567317705517,0.8937432682294483
0.31625433079996945,0.6837456692000305
0.27184743054937965,0.7281525694506205
0.12438279654162188,0.8756172034583781
0.0,1.0
0.23802578104449357,0.7619742189555064
0.050987036831817364,0.9490129631681826
0.21121522328281234,0.7887847767171877
0.10181818798405792,0.8981818120159422
0.07777929820535463,0.9222207017946454
0.16605520279682914,0.8339447972031709
0.14826286929108828,0.8517371307089118
0.4726415138917422,0.5273584861082578
0.16260045584591853,0.8373995441540815
0.0,1.0
0.34332708981500576,0.6566729101849943
0.0,1.0
1.6653345369377348e-16,1.0
0.0030799920814326203,0.9969200079185674
0.028633699254659993,0.9713663007453399
0.016688378611525317,0.9833116213884747
0.0,1.0
0.30094283760155327,0.6990571623984467
0.2573816315263933,0.7426183684736067
0.05598468646940396,0.9440153135305961
0.041554746865957615,0.9584452531340424
0.37195021730459255,0.6280497826954075
0.029306508100677586,0.9706934918993224
0.2941150296946509,0.705884970305349
0.0,1.0
0.20741141110787947,0.7925885888921206
0.16158419576029714,0.8384158042397029
0.15507388428407626,0.8449261157159238
0.14751352192373188,0.8524864780762682
0.02193168186968204,0.9780683181303179
0.2686060432162999,0.7313939567837001
0.3119227389562697,0.6880772610437303
5.551115123125783e-17,1.0
0.254152812551271,0.745847187448729
0.06116843083341398,0.938831569166586
0.10695619487770919,0.8930438051222909
0.052366738239292235,0.9476332617607078
0.16649389299811393,0.8335061070018861
0.543677439482091,0.4563225605179089
0.18735665657124798,0.812643343428752
0.04829560809285543,0.9517043919071446
0.03396026125807845,0.9660397387419215
0.10537003868338951,0.8946299613166105
0.0618097997159533,0.9381902002840466
0.07813559981302697,0.921864400186973
0.46720742001767646,0.5327925799823235
0.0,1.0
0.3187649176909234,0.6812350823090766
0.43339224463225035,0.5666077553677497
0.01598693601394514,0.9840130639860549
0.20151784856547014,0.7984821514345298
0.0,1.0
0.15998472783749146,0.8400152721625087
0.0827492116658678,0.9172507883341322
5.551115123125783e-17,0.9999999999999999
0.25809497005545257,0.7419050299445474
0.0,1.0
0.020831882122249363,0.9791681178777506
0.40395445109267075,0.5960455489073293
0.0,1.0
0.4543673623479723,0.5456326376520276
0.24430043125789935,0.7556995687421008
0.24828828976846454,0.7517117102315354
0.0814036748876244,0.9185963251123755
0.0,1.0
0.2902521802705835,0.7097478197294165
0.0,1.0
0.43839030048687494,0.561609699513125
0.08305460686334591,0.9169453931366541
0.12404480053608019,0.8759551994639199
0.12080311082152684,0.8791968891784732
0.13015545118800706,0.8698445488119929
0.16836913071113757,0.8316308692888624
0.11291559835907142,0.8870844016409286
0.4018930510854797,0.5981069489145203
0.37889489556964095,0.621105104430359
0.3202126633256826,0.6797873366743175
0.0,1.0
0.05121463556614707,0.948785364433853
0.32768152050116084,0.672318479498839
0.394376766546301,0.605623233453699
0.20603863934880484,0.7939613606511952
0.0,1.0
0.0027544106379012046,0.9972455893620988
0.33945914874545013,0.66054085125455
0.2411485184705891,0.7588514815294108
0.055095326735475555,0.9449046732645244
0.011100079209337017,0.988899920790663
0.39115555154102577,0.6088444484589742
0.09959952291603703,0.900400477083963
0.4345539016960148,0.5654460983039852
0.24361601650702827,0.7563839834929718
0.09960931683311597,0.9003906831668841
0.14878949991560658,0.8512105000843935
0.22476537458395268,0.7752346254160474
0.41289798553480406,0.5871020144651959
0.26047018433179536,0.7395298156682046
0.16395718572826573,0.8360428142717343
0.24312987235463715,0.7568701276453629
5.551115123125783e-17,1.0
0.3620844542837604,0.6379155457162397
0.0,1.0
0.0,1.0
0.034154838594175965,0.965845161405824
0.12430491695232032,0.8756950830476796
0.0939100639381984,0.9060899360618017
0.21390153279384033,0.7860984672061596
0.37537109525125223,0.6246289047487478
0.2715983657256542,0.7284016342743458
0.10524766529443119,0.8947523347055688
0.2423331708686021,0.7576668291313978
0.03939002768256765,0.9606099723174324
0.18166922243510225,0.8183307775648978
0.18428077380760471,0.8157192261923953
0.3585166712812331,0.6414833287187668
0.0,1.0
0.0,1.0
0.341381437099919,0.6586185629000809
0.21962725500333954,0.7803727449966604
0.25711280877726844,0.7428871912227315
0.25867367391302226,0.7413263260869778
0.2303117536713534,0.7696882463286465
0.226478570541186,0.773521429458814
0.3310317221975158,0.6689682778024842
0.37641454140585157,0.6235854585941485
0.10079406833785172,0.8992059316621482
0.28401629349210905,0.7159837065078909
0.15795502845957807,0.8420449715404219
0.19017868265425145,0.8098213173457486
0.28740079223069365,0.7125992077693064
0.09717601986827264,0.9028239801317274
0.14909579464339337,0.8509042053566066
5.551115123125783e-17,1.0
0.22036311466060912,0.7796368853393909
0.0,1.0
0.050150392634964014,0.949849607365036
0.42166146189971665,0.5783385381002834
0.20100653566789375,0.7989934643321063
0.028583321560992837,0.9714166782260448
0.3459683383278111,0.654031661672189
0.0655396733385854,0.9344603266614147
0.1918954055120307,0.8081045944879693
0.27009033814757333,0.7299096618524267
0.0,1.0
0.12632402015238467,0.8736759798476152
0.2298079377807181,0.7701920622192819
0.16765047332069938,0.8323495266793006
0.0,1.0
0.34580404246320895,0.6541959575367912
0.0,1.0
0.5400764473296772,0.45992355267032276
0.20983467094521896,0.7901653290547811
0.18555131175468872,0.8144486882453112
0.1529478945343007,0.8470521054656992
4.9439619065339e-17,1.0
0.0,1.0
0.14328858933558988,0.8567114106644101
0.27153795349006765,0.7284620465099323
0.31810651225398057,0.6818934877460194
0.15247029187827632,0.8475297081217238
0.05962152691407902,0.9403784730859209
0.47650081766386687,0.5234991823361331
0.1544548444372077,0.8455451555627923
0.17752683276277167,0.8224731672372283
0.3964583037954669,0.603541696204533
0.11387244036960369,0.8861275596303964
0.20017867524818786,0.7998213247518122
0.4083393381687041,0.5916606618312958
0.3411835688603117,0.6588164311396882
0.12090425931879949,0.8790957406812007
0.09886584152587251,0.9011341584741275
0.0,1.0
0.2586038621814944,0.7413961378185056
0.0,1.0
0.10014592822426431,0.8998540717757357
0.32664375298586695,0.6733562470141331
0.24619504956261468,0.7538049504373853
0.0,1.0
0.10353714278328557,0.8964628572167145
0.261072858097371,0.738927141902629
0.22482542790918683,0.7751745720908131
0.332410074237856,0.667589925762144
0.18808094719337412,0.8119190528066259
0.3506198131339541,0.6493801868660459
0.009020794189961654,0.9909792058100384
0.2456668829294946,0.7543331170705054
0.31307382046692156,0.6869261795330786
0.3658835811001278,0.6341164188998722
0.09532537900195194,0.9046746209980481
0.178646628571831,0.821353371428169
0.27875482584401373,0.7212451741559862
0.14622476252494687,0.8537752374750531
0.3181450532864401,0.68185494671356
0.26080206213380236,0.7391979378661977
0.012934936475780224,0.9870650635242197
0.0,1.0
0.3044160229797931,0.6955839770202069
0.14511514929066427,0.8548848507093358
0.0,1.0
0.1776648494573811,0.822335150542619
0.3218936631717443,0.6781063368282557
0.3024803946190993,0.6975196053809006
0.13796983969901855,0.8620301603009815
0.22024258062616006,0.77975741937384
0.11481724267036733,0.8851827573296327
0.28029456733610025,0.7197054326638999
0.3527212154600578,0.6472787845399423
0.0,1.0
0.022715914606310044,0.9772840853936899
0.30049244320586704,0.6995075567941329
0.15032037751934207,0.849679622480658
0.29667006007991276,0.7033299399200872
0.3487904525549924,0.6512095474450077
0.20451142151512403,0.7954885784848761
0.030013027955012504,0.9699869720449875
0.3670637721099016,0.6329362278900984
0.416221968562841,0.583778031437159
0.21935685095449053,0.7806431490455096
0.17314838246324743,0.8268516175367526
0.31166903325250217,0.6883309667474978
0.0,1.0
0.13867099519882145,0.8613290048011786
0.3072566508047641,0.692743349195236
0.24482693825208535,0.7551730617479147
0.32766180071470274,0.6723381992852973
0.3258743493313577,0.6741256506686423
0.2316084586220628,0.7683915413779372
0.14843667606874753,0.8515633239312524
0.13939496139953944,0.8606050386004604
0.32144536301570614,0.6785546369842939
0.040868696974825404,0.9591313030251746
0.23623116143509296,0.7637688385649071
0.377232255735798,0.6227677442642021
0.3559503168346803,0.6440496831653197
0.036766876530177295,0.9632331234698227
0.376085000733753,0.6239149992662469
0.20258752078743256,0.7974124792125675
0.07155583774233658,0.9284441622576635
0.14221786281052484,0.8577821371894753
0.16741931831059717,0.8325806816894028
0.0,1.0
0.27952886150957656,0.7204711384904234
2.7755575615628914e-17,1.0
0.30271151713634914,0.6972884828636509
0.11040953171279538,0.8895904682872047
0.16294735294586782,0.8370526470541322
0.33478200512653244,0.6652179948734677
5.551115123125783e-17,1.0
0.0,1.0
0.15907885746011383,0.8409211425398863
0.16848556430132725,0.8315144356986728
0.0,1.0
0.22004167886225362,0.7799583211377463
0.10153657078653386,0.8984634292134661
0.42391627623989975,0.5760837237601003
0.3654941398782405,0.6345058601217595
0.0,1.0
0.04057168991245929,0.9594283100875407
0.47019137309863757,0.5298086269013624
0.3402641433206621,0.6597358566793379
0.13706898755119928,0.8629310124488007
0.2801851088898412,0.719814891110159
0.27618297300378297,0.723817026996217
0.2014949620279618,0.7985050379720383
0.34797506626932667,0.6520249337306734
0.2279872399831276,0.7720127600168724
0.10866818655994498,0.8913318134400551
0.06864064130934933,0.9313593586906507
0.27849511540352534,0.7215048845964747
0.3770440259765062,0.6229559740234938
0.3435988889242973,0.6564011110757028
0.029961737654521176,0.9700382623454787
0.3216016332473936,0.6783983667526065
0.03454850264514407,0.9654514973548559
0.029973471089359126,0.9700265289106409
0.4156333540263382,0.5843666459736618
5.551115123125783e-17,1.0
0.17128095116133066,0.8287190488386693
0.14906733741421063,0.8509326625857895
0.056566035117079236,0.9434339648829208
0.3401144287225678,0.6598855712774322
0.2710188427166452,0.7289811572833547
5.551115123125783e-17,0.9999999999999999
0.22931273164014096,0.770687268359859
1.1102230246251565e-16,1.0
0.2618908598724893,0.7381091401275107
0.14562449211710785,0.8543755078828922
0.4287569595719686,0.5712430404280313
0.4672092505464704,0.5327907494535297
0.2529271290753409,0.7470728709246592
0.3068078345581181,0.6931921654418819
0.09512915382879793,0.9048708461712021
0.009637274258502781,0.9903627257414972
0.19516564943242856,0.8048343505675715
0.1344340170022326,0.8655659829977673
0.4067777245245354,0.5932222754754646
5.551115123125783e-17,1.0
0.17096022149506834,0.8290397785049316
0.2317009987057715,0.7682990012942285
0.09473326930970317,0.9052667306902968
0.302114452448922,0.697885547551078
0.14562129455106,0.85437870544894
0.0,1.0
0.4754865360353086,0.5245134639646913
0.3783077196124243,0.6216922803875757
0.10453919561495201,0.895460804385048
0.21180148354671427,0.7881985164532856
0.5283501064831427,0.4716498935168572
0.24728388414693403,0.752716115853066
0.16328815776491912,0.8367118422350809
0.1276547768108361,0.872345223189164
0.26087098519484603,0.7391290148051539
0.22452708946372749,0.7754729105362725
0.15216301626170015,0.8478369837382999
0.27786567943440305,0.7221343205655971
0.03168183115379221,0.9683181688462078
0.0,1.0
0.2843205028971987,0.7156794971028013
0.19062966523503988,0.8093703347649601
0.20517754038775476,0.7948224596122453
0.0,1.0
0.38641228109017706,0.6135877189098229
0.13226447730921165,0.8677355226907884
0.0,1.0
0.2827145948932822,0.7172854051067178
0.06417547744380066,0.9358245225561993
0.09183557625419386,0.9081644237458062
0.3052006660836472,0.6947993339163527
0.15786974359049916,0.8421302564095008
0.25560704384598615,0.7443929561540139
0.6182587883213134,0.3817412116786866
0.10625919184760889,0.8937408081523911
0.3259400640716629,0.6740599359283371
0.0921538726708829,0.9078461273291171
0.29334918512605407,0.706650814873946
0.0,1.0
0.24627030963695876,0.7537296903630413
0.47386913284637805,0.5261308671536219
0.033771948085966376,0.9662280519140336
1.6653345369377348e-16,1.0
0.3974404404280225,0.6025595595719775
1.1102230246251565e-16,1.0
0.009340464460217027,0.9906595355397829
5.551115123125783e-17,1.0
0.1427498696838195,0.8572501303161806
0.39222308563242797,0.607776914367572
0.0,1.0
0.13600090012666965,0.8639990998733303
0.20633762549026657,0.7936623745097333
0.2280900852536643,0.7719099147463357
0.041808918145517085,0.9581910818544829
0.15675178119610136,0.8432482188038986
0.1405115149173299,0.8594884850826702
0.12632328583024952,0.8736767141697505
0.20269258610586935,0.7973074138941307
0.22722710334282145,0.7727728966571785
0.09145461716710823,0.9085453828328918
0.2444138726049321,0.7555861273950679
0.0,1.0
0.21499270050272906,0.785007299497271
0.41006258110788496,0.5899374188921152
0.24461200178419543,0.7553879982158045
0.020906267236507584,0.9790937327634924
0.13540099797741809,0.864599002022582
0.3269712204494951,0.673028779550505
0.13214402240105655,0.8678559775989435
0.44624165104962754,0.5537583489503725
0.19514007065766847,0.8048599293423315
0.13587599314370022,0.8641240068562998
0.09585871277368903,0.9041412872263109
0.3202453767392945,0.6797546232607056
0.3130123264910514,0.6869876735089486
0.08959013226986857,0.9104098677301314
0.2881907891796196,0.7118092108203804
0.02401615214846315,0.9759838478515369
0.18904712844791516,0.8109528715520847
0.0,1.0
0.07073063656232016,0.92926936343768
0.25771405749432535,0.7422859425056746
0.049484902134165905,0.9505150978658341
0.36525330394608124,0.6347466960539188
0.0,1.0
0.0,1.0
0.4655631978735555,0.5344368021264445
0.25592414548256504,0.744075854517435
0.1515821100397022,0.8484178899602979
0.12816807787059328,0.8718319221294066
0.4900021647351722,0.5099978352648278
5.551115123125783e-17,1.0
0.12074300192955738,0.8792569980704427
0.19970243893809345,0.8002975610619066
0.08261275230993216,0.9173872476900679
0.11390100650108283,0.8860989934989172
0.13931991222355564,0.8606800877764444
1.1102230246251565e-16,1.0
0.348176110020678,0.651823889979322
0.0,1.0
0.125964985616923,0.8740350143830771
0.03902818905517698,0.9609718109448231
0.29769933331503606,0.7023006666849638
0.2895749266110826,0.7104250733889174
0.038590446183019086,0.9614095538169809
0.48330307235505154,0.5166969276449485
0.0,1.0
0.3294051694563533,0.6705948305436468
0.17701142638504064,0.8229885736149594
0.01085869079734235,0.9891413092026576
0.0,1.0
0.37628876432327213,0.6237112356767278
0.27661014146730095,0.7233898585326991
0.13236456250904752,0.8676354374909525
0.20356539636525836,0.7964346036347417
0.0,1.0
0.31986748687772515,0.6801325131222749
0.10419525757583248,0.8958047424241675
0.14423614286934636,0.8557638571306537
5.551115123125783e-17,0.9999999999999999
0.0,1.0
0.0029206691970839528,0.997079330802916
0.2335675184680295,0.7664324815319706
0.15466131694798627,0.8453386830520138
0.28500454455255647,0.7149954554474436
0.1168850524628762,0.8831149475371239
0.3138566518897877,0.6861433481102124
0.19674071912407595,0.803259280875924
0.10541814920792573,0.8945818507920744
0.0,1.0
0.42107251628073666,0.5789274837192634
0.1545898624820431,0.8454101375179569
0.33989204795301314,0.6601079520469868
0.3972396099560337,0.6027603900439663
0.09463106699152728,0.9053689330084729
0.1643608733031801,0.8356391266968198
0.2855058995722704,0.7144941004277295
0.21925919156365536,0.7807408084363446
0.204566886337408,0.795433113662592
0.08495659441221577,0.9150434055877843
0.1670883302698975,0.8329116697301024
0.2179138726892757,0.7820861273107244
0.2185421077237084,0.7814578922762916
0.23701214838545984,0.7629878516145402
0.3136022449183326,0.6863977550816676
0.0,1.0
0.16152733389786716,0.8384726661021329
0.18103754399477304,0.818962456005227
0.3647360468642971,0.6352639531357029
0.08080650917434472,0.9191934908256553
0.3398791172013526,0.6601208827986474
0.1364237387036094,0.8635762612963906
0.20299733237500062,0.7970026676249993
0.21780449565965013,0.7821955043403499
0.27078678531795275,0.7292132146820473
0.1501004906619688,0.8498995093380313
0.08252465545063176,0.9174753445493683
0.0,1.0
0.06189512618854422,0.9381048738114558
0.2620253795010703,0.7379746204989297
5.551115123125783e-17,1.0
0.4557062619849052,0.5442937380150947
0.05499988973287926,0.9450001102671207
0.0,1.0
0.3165342171844319,0.6834657828155681
0.3370979666708299,0.6629020333291701
0.2590307266376321,0.7409692733623678
0.14317045658800984,0.8568295434119902
0.016010137477860075,0.9839898625221399
0.2382111782396441,0.7617888217603559
0.07126247078571772,0.9287375292142822
0.10749879997731758,0.8925012000226823
0.07634957868490369,0.9236504213150964
0.43994559790590576,0.5600544020940943
0.0881888480740474,0.9118111519259526
0.22085844368179097,0.779141556318209
0.36532781857451985,0.6346721814254802
0.2153744044472274,0.7846255955527726
0.22641853716451876,0.7735814628354812
0.07222438817654203,0.927775611823458
0.31097668395750083,0.6890233160424991
0.0,1.0
0.2444102739609134,0.7555897260390866
0.23258586203993317,0.767414137960067
0.3438131256062474,0.6561868743937527
0.2082912501782903,0.7917087498217097
0.13760406372163075,0.8623959362783694
0.02387161800850367,0.9761283819914963
0.24026687285218795,0.759733127147812
0.1656023244753366,0.8343976755246634
0.2854749951625652,0.7145250048374349
0.34779795094161126,0.6522020490583887
0.3640009108810851,0.6359990891189149
0.20909267899594863,0.7909073210040514
0.20255786200283946,0.7974421379971605
0.032517388235655635,0.9674826117643444
5.551115123125783e-17,1.0
0.12609375955264351,0.8739062404473565
0.24929095966428905,0.750709040335711
0.35235064992727105,0.647649350072729
0.26529152311719,0.73470847688281
0.0,1.0
0.2832719867484297,0.7167280132515703
0.11028766612858022,0.8897123338714198
0.04650456124291453,0.9534954387570854
0.08599130296334052,0.9140086970366594
0.3635069856588403,0.6364930143411597
0.2161970170909038,0.7838029829090962
0.21410891321929756,0.7858910867807024
0.21973004108706898,0.7802699589129309
0.33834523851285486,0.6616547614871451
0.09537270522726915,0.904627294772731
0.42013987818595827,0.5798601218140418
0.18893495756928727,0.8110650424307128
0.29345288126527597,0.706547118734724
0.13943573339849966,0.8605642666015003
0.09008162014087567,0.9099183798591243
0.46170994972604035,0.5382900502739596
0.07857816060137289,0.9214218393986271
0.04646590999535301,0.953534090004647
0.40424839267327717,0.5957516073267228
0.30866380809999155,0.6913361919000084
0.4001985266476439,0.5998014733523561
0.14865622488283536,0.8513437751171647
5.551115123125783e-17,1.0
0.5399695875856971,0.4600304124143028
0.024189196802709454,0.9758108031972906
0.28792824812982215,0.7120717518701778
0.11327378950993497,0.886726210490065
0.2096359364475291,0.7903640635524709
0.24047152275845218,0.7595284772415478
0.0,1.0
0.3237872147765348,0.6762127852234652
0.3948782189195464,0.6051217810804537
0.10656773431403242,0.8934322656859677
2.7755575615628914e-17,1.0
0.2471459810946476,0.7528540189053524
2.220446049250313e-16,0.9999999999999998
0.5515514375519028,0.44844856244809705
0.18328687879442387,0.816713121205576
0.0,1.0
0.08791188696914073,0.9120881130308592
0.0,1.0
0.3262541522002351,0.673745847799765
0.30822033691694894,0.691779663083051
0.1633190287105584,0.8366809712894416
0.37265091686444457,0.6273490831355555
0.15309470792392446,0.8469052920760755
0.24450815676039525,0.7554918432396047
0.3705312518103496,0.6294687481896505
0.20558537681897482,0.7944146231810251
0.23810764266640522,0.7618923573335948
0.27272093323690333,0.7272790667630967
0.018349163234233357,0.9816508367657668
0.4313863319738267,0.5686136680261734
0.1551563617157722,0.8448436382842278
0.39082982906014807,0.6091701709398519
0.24150474536608826,0.7584952546339118
0.29340975142046793,0.7065902485795321
0.35348768218775595,0.646512317812244
0.044788811013680666,0.9552111889863193
0.2421930316202264,0.7578069683797736
0.0,1.0
0.0,1.0
0.1921283348920475,0.8078716651079525
0.1420421308526708,0.8579578691473292
0.021544355025876365,0.9784556449741236
0.0949907557006476,0.9050092442993524
0.29716637618973557,0.7028336238102645
0.3704263497406192,0.6295736502593808
0.38370277199430736,0.6162972280056926
0.03850345290876626,0.9614965470912338
0.30081917594420393,0.6991808240557961
0.21547229298632625,0.7845277070136737
0.01897246156418047,0.9810275384358196
0.2585063016887387,0.7414936983112612
0.3970046499999882,0.6029953500000118
0.2017089126092378,0.7982910873907622
0.10379943110802606,0.8962005688919739
5.551115123125783e-17,1.0
0.059167367963353416,0.9408326320366467
0.3149438305736146,0.6850561694263854
0.016737583630934378,0.9832624163690656
0.0,1.0
3.469446951953614e-17,0.9999999999999999
0.12778332178189059,0.8722166782181094
0.16611494476398517,0.8338850552360149
0.19160681900407206,0.8083931809959279
0.09048316819609938,0.9095168318039007
0.26686786276774305,0.733132137232257
0.0,1.0
0.37806595739921356,0.6219340426007866
1.6653345369377348e-16,1.0
0.2847551365115364,0.7152448634884636
0.16730136051187944,0.8326986394881206
0.06171782444656748,0.9382821755534324
0.1523898387282511,0.8476101612717489
0.26282415842360524,0.7371758415763947
0.29784789493139807,0.702152105068602
0.25077678116334134,0.7492232188366585
0.30967633595696165,0.6903236640430385
0.12144697569685281,0.8785530243031471
0.038176139182785535,0.9618238608172144
0.24440080234936515,0.7555991976506349
0.38280774327572936,0.6171922567242707
0.0,1.0
0.0,1.0
0.14697950306564458,0.8530204969343554
0.3075882491499926,0.6924117508500074
0.2541874032137748,0.7458125967862252
0.2948163807607075,0.7051836192392926
0.15245338055985852,0.8475466194401415
0.08721494403653986,0.9127850559634602
0.05216221785435578,0.9478377821456443
0.1842624061093609,0.8157375938906392
0.28300971532483116,0.7169902846751689
0.289833332552061,0.710166667447939
0.46019290340428265,0.5398070965957172
0.1904465937751619,0.8095534062248382
0.006495074497667865,0.9935049255023322
0.24844290873544797,0.7515570912645521
0.4539049541699967,0.5460950458300033
0.3185516508171873,0.6814483491828127
0.07350456838971785,0.9264954316102822
0.09871248460452513,0.9012875153954749
0.3981684727170673,0.6018315272829327
0.09608356206018845,0.9039164379398116
0.0,1.0
0.22758939426274508,0.772410605737255
0.1432031524950408,0.8567968475049592
0.04784396371294801,0.9521560362870519
0.15189122692108775,0.8481087730789124
0.03874043558881016,0.9612595644111899
0.027225995662823545,0.9727740043371764
0.2587348191273906,0.7412651808726094
0.13729509455425015,0.8627049054457497
0.2779736807577454,0.7220263192422546
0.18645869708723486,0.8135413029127652
0.02238593056568864,0.9776140694343114
0.2695539528404599,0.7304460471595401
0.31583969575260806,0.6841603042473919
0.07712568595936554,0.9228743140406345
0.4527830837494089,0.5472169162505911
0.27433671369087237,0.7256632863091277
5.551115123125783e-17,1.0
0.28404485377439725,0.7159551462256027
0.38109153626508374,0.6189084637349164
0.0758330336938533,0.9241669663061467
0.27353167511583276,0.7264683248841672
5.551115123125783e-17,1.0
0.04640188517647095,0.9535981148235291
0.0793663514185355,0.9206336485814645
0.0,1.0
0.0,1.0
0.09100938667215289,0.908990613327847
0.2106634287585027,0.7893365712414973
0.08760698653997157,0.9123930134600285
0.4002880825079795,0.5997119174920205
0.03791494967071896,0.962085050329281
0.313764359474184,0.686235640525816
0.0,1.0
0.18339207986261424,0.8166079201373858
0.11367943206997486,0.8863205679300251
0.11549404921768208,0.884505950782318
0.27740642688511014,0.7225935731148899
0.14112416276488088,0.8588758372351192
0.0,1.0
0.0,1.0
0.34646895103410097,0.6535310489658992
0.3036810452801283,0.6963189547198717
0.3880141526481897,0.6119858473518103
0.0,1.0
0.13340991420335938,0.8665900857966407
0.24229361339682387,0.7577063866031761
0.2976967476377921,0.7023032523622079
5.551115123125783e-17,1.0
5.551115123125783e-17,1.0
0.39353661302019916,0.6064633869798008
0.24893321229066195,0.7510667877093381
0.33439684097732575,0.6656031590226742
0.3330373517833153,0.6669626482166846
0.2041798880580586,0.7958201119419415
0.06744670977950923,0.9325532902204908
0.19134021281266506,0.8086597871873349
0.21924182126647784,0.7807581787335222
0.5174078466386333,0.48259215336136674
0.36602299127177523,0.6339770087282247
0.16711509275991598,0.832884907240084
0.0,1.0
0.0,1.0
0.1998014928179564,0.8001985071820437
0.04381654856112312,0.9561834514388768
0.17102426948775665,0.8289757305122434
0.16901970251033827,0.8309802974896618
0.3168453973483323,0.6831546026516676
0.14612670560994465,0.8538732943900554
0.041087017091613366,0.9589129829083867
0.2461696500968294,0.7538303499031705
0.12557270045395288,0.8744272995460471
0.2543381042710177,0.7456618957289822
0.12302415277973489,0.8769758472202651
0.40395782183663437,0.5960421781633657
0.3949680084596112,0.6050319915403888
0.0,1.0
0.15476281995822064,0.8452371800417794
0.3692491068869352,0.6307508931130649
0.14963851839713116,0.8503614816028688
0.3457086773716052,0.6542913226283947
0.22636115021385325,0.7736388497861467
0.10747604223066055,0.8925239577693395
0.2632707290939804,0.7367292709060196
0.0,1.0
0.2560942284441252,0.7439057715558748
0.028306635803739863,0.9716933641962601
0.16611052078348262,0.8338894792165175
0.10251935424290912,0.8974806457570909
0.2293645413323725,0.7706354586676275
0.18165048036235748,0.8183495196376425
0.4099265005088223,0.5900734994911777
0.10180602546091488,0.8981939745390851
0.0,1.0
0.258701909219622,0.741298090780378
0.28437261594555163,0.7156273840544484
0.24337757420223863,0.7566224257977614
0.060356996787255666,0.9396430032127444
0.29989748709000236,0.7001025129099977
0.2711127072978314,0.7288872927021687
0.0,1.0
0.1267001123159683,0.8732998876840317
0.05945077986381929,0.9405492201361808
0.3698971184412298,0.6301028815587701
0.024676715365643892,0.9753232846343561
0.17821444517450485,0.8217855548254952
0.17408598876453513,0.8259140112354648
0.3939849843934204,0.6060150156065797
0.319399341250161,0.680600658749839
0.060672584077132136,0.939327415922868
0.24841189933047614,0.7515881006695239
0.3063114651878833,0.6936885348121167
0.2576054132579956,0.7423945867420044
0.12150236617368453,0.8784976338263155
0.2649422846926455,0.7350577153073544
0.10992472185559561,0.8900752781444043
0.0848182922966057,0.9151817077033944
0.18585917996076515,0.8141408200392349
0.050911493791678496,0.9490885062083215
0.3867287401742198,0.6132712598257801
0.10510750288879696,0.8948924971112031
0.1651924646274666,0.8348075353725334
0.18431543422260535,0.8156845657773947
0.16175270431598665,0.8382472956840132
0.15274850204876098,0.8472514979512391
0.01025078679635457,0.9897492132036454
0.021675862213142726,0.9783241377868573
0.22504852143647175,0.7749514785635283
0.3107785973269126,0.6892214026730874
0.17586354329922987,0.8241364567007702
0.24944405555091848,0.7505559444490816
1.1102230246251565e-16,1.0
0.18727613153592604,0.812723868464074
0.3215033646775194,0.6784966353224807
0.14727097338455467,0.8527290266154454
0.29006809476248707,0.7099319052375129
0.26574451706293073,0.7342554829370693
0.32687889649321966,0.6731211035067803
0.22112108543343698,0.778878914566563
0.07064271624574657,0.9293572837542535
0.0,1.0
0.23406516367039276,0.7659348363296072
0.22022682082786194,0.7797731791721381
0.37744173905082223,0.6225582609491778
0.20605471318287605,0.793945286817124
0.12776232715602787,0.8722376728439721
0.35072935999671423,0.6492706400032857
0.14627917282247935,0.8537208271775206
0.1083651297668035,0.8916348702331964
0.40693060709783885,0.5930693929021612
0.3115089983508948,0.6884910016491051
5.551115123125783e-17,1.0
0.1093526693881518,0.8906473306118482
0.41087515336271097,0.589124846637289
0.30306069094106985,0.6969393090589302
0.4518528642277645,0.5481471357722355
0.39790118559973076,0.6020988144002694
0.0438309239037615,0.9561690760962386
1.1102230246251565e-16,1.0
0.2269183936304991,0.773081606369501
0.2186342876887369,0.7813657123112632
0.2857218088962521,0.7142781911037479
0.0,1.0
0.014206048613292447,0.9857939513867076
0.29762900007287607,0.7023709999271239
0.04023490309224861,0.9597650969077514
0.0,1.0
0.10700519048051249,0.8929948095194875
0.31517984712280805,0.6848201528771919
0.3078476916395168,0.6921523083604832
0.21084028178290867,0.7891597182170913
0.06892137454011239,0.9310786254598876
0.08453516775769815,0.9154648322423019
5.551115123125783e-17,1.0
0.1692224356085432,0.8307775643914568
0.1958000959319053,0.8041999040680947
0.2516589724574448,0.7483410275425553
0.2079223508869389,0.7920776491130611
0.28752814819246275,0.7124718518075374
0.4718649187365214,0.5281350812634786
0.15698549566200684,0.8430145043379932
0.4214078728062134,0.5785921271937866
0.09084880526072198,0.9091511947392781
0.38375906434639545,0.6162409356536046
0.27012049265644933,0.7298795073435507
0.057291845359083854,0.9427081546409161
0.3297031008039446,0.6702968991960554
0.0,1.0
0.1343866343414194,0.8656133656585807
0.0,1.0
0.30531825319361783,0.6946817468063822
0.12781035220917905,0.872189647790821
0.3383401280374092,0.6616598719625907
0.24540400906700238,0.7545959909329977
0.19956872421450872,0.8004312757854912
0.0,1.0
0.05572906552432937,0.9442709344756707
0.23622575573453544,0.7637742442654646
0.3974787370762846,0.6025212629237153
5.551115123125783e-17,1.0
0.2690051736022129,0.730994826397787
0.11479605301372797,0.885203946986272
0.15842808248551124,0.8415719175144888
0.013994686662352498,0.9860053133376475
5.551115123125783e-17,1.0
0.18011381731092638,0.8198861826890735
0.40139701882379564,0.5986029811762044
0.359126017128059,0.640873982871941
0.21349718285071317,0.7865028171492868
0.0,1.0
0.26075446665627555,0.7392455333437244
0.10369147812130544,0.8963085218786946
0.3548420662626544,0.6451579337373455
0.09260440632452382,0.9073955936754762
0.2957039118654395,0.7042960881345606
0.008568247959707847,0.9914317520402921
0.03104415820210489,0.9689558417978951
0.23666265147721766,0.7633373485227825
0.12128001099214702,0.878719989007853
0.5407743318065993,0.45922566819340077
0.04013509552501701,0.959864904474983
5.551115123125783e-17,1.0
0.27641553079509623,0.7235844692049037
0.35973643041458453,0.6402635695854155
0.03093035540498378,0.9690696445950162
0.06797991906285236,0.9320200809371477
0.0,1.0
0.0,1.0
0.11217759439763121,0.8878224056023688
0.2935826631897996,0.7064173368102005
0.2566944539834165,0.7433055460165835
0.08839577332339418,0.9116042266766059
0.3249587289602458,0.6750412710397542
0.30981145743318417,0.6901885425668159
0.0397418194723633,0.9602581805276367
0.24233989964464836,0.7576601003553517
0.22044370033390803,0.779556299666092
0.1043129220146193,0.8956870779853806
0.0,1.0
0.31409242720569336,0.6859075727943067
0.25008327446813466,0.7499167255318654
0.4665722287261034,0.5334277712738966
0.324632188297974,0.675367811702026
0.3780289375264208,0.6219710624735793
0.0,1.0
0.0,1.0
0.11064400891430401,0.8893559910856961
0.2959837621573606,0.7040162378426393
0.07801828651643126,0.9219817134835688
0.16359521655217885,0.8364047834478212
0.0,1.0
0.1907046383818194,0.8092953616181807
0.15943904479974721,0.8405609552002529
0.14408151343134637,0.8559184865686537
0.2564415471288267,0.7435584528711733
0.5,0.5
5.551115123125783e-17,1.0
0.3492073626618084,0.6507926373381917
0.2607692844518675,0.7392307155481326
0.27153641467715484,0.7284635853228453
0.5351917158659758,0.4648082841340242
5.551115123125783e-17,0.9999999999999999
0.0,1.0
0.14940534569317684,0.8505946543068231
0.3108666855322622,0.6891333144677378
0.2207474622668825,0.7792525377331174
0.28308812626119767,0.7169118737388024
0.0628207176711745,0.9371792823288255
0.2139017620690988,0.7860982379309013
0.34123281092765023,0.6587671890723498
0.41016750861012424,0.5898324913898758
0.38802700535939905,0.611972994640601
0.06965433993647392,0.9303456600635261
0.2404619660427667,0.7595380339572333
0.3211610591192096,0.6788389408807903
0.22806470461350573,0.7719352953864942
0.021462914894664557,0.9785370851053355
0.0,1.0
0.16441380284475776,0.8355861971552423
0.0,1.0
0.08365700795893125,0.9163429920410688
0.18373262158460743,0.8162673784153925
0.04351186603243887,0.956488133967561
0.019236787696961587,0.9807632123030384
0.22439177600959845,0.7756082239904016
0.27844693728025943,0.7215530627197406
0.10876652999929308,0.891233470000707
0.20805756844610665,0.7919424315538933
5.551115123125783e-17,1.0
0.24403224581310903,0.7559677541868909
0.10482351396882272,0.8951764860311773
0.13788744683258994,0.8621125531674101
0.0,1.0
0.0,1.0
0.0,1.0
0.03249113753761989,0.9675088624623801
0.07126674194547511,0.9287332580545249
0.0,1.0
0.3062930643795765,0.6937069356204235
0.3949067283906763,0.6050932716093237
0.2268380578798978,0.7731619421201023
0.2973736405970675,0.7026263594029325
0.2922468903518192,0.7077531096481808
0.08069109476694453,0.9193089052330554
0.16838570957423554,0.8316142904257644
0.03073887950462243,0.9692611204953776
0.1402154395412816,0.8597845604587183
0.03902979957870721,0.9609702004212928
0.0716208754906274,0.9283791245093727
0.18360171656685131,0.8163982834331487
0.21074594083985407,0.7892540591601459
0.0,1.0
0.3549442931122245,0.6450557068877755
0.3284804581083199,0.6715195418916801
0.4486471588942926,0.5513528411057075
0.28867258378616284,0.7113274162138371
0.25233138756636003,0.7476686124336399
0.3125633755410941,0.687436624458906
0.27775875627578983,0.7222412437242102
0.0,1.0
0.10917662491916956,0.8908233750808304
0.05784834411839495,0.942151655881605
0.08527561223148487,0.9147243877685152
0.31141278405416856,0.6885872159458314
0.4479086276603461,0.5520913723396539
0.0,1.0
0.10448365964407096,0.8955163403559291
0.005442533829702246,0.9945574661702977
0.06315331813461952,0.9368466818653806
0.15418238400704798,0.845817615992952
0.024497474015963534,0.9755025259840364
0.05275648237669543,0.9472435176233046
0.3748826575630655,0.6251173424369345
0.0,1.0
0.3107529399089096,0.6892470600910905
0.2970882555570289,0.702911744442971
0.041524258463460105,0.9584757415365399
0.28597106611747697,0.714028933882523
0.1182002013125245,0.8817997986874756
0.2958688405385795,0.7041311594614205
0.0,1.0
0.3323432083017793,0.6676567916982207
0.2451244845969145,0.7548755154030856
0.2914563719536804,0.7085436280463195
0.1391609957413944,0.8608390042586056
0.033013067029685095,0.9669869329703149
0.15016255016991442,0.8498374498300856
0.05394181407020844,0.9460581859297915
0.24675712873950373,0.7532428712604963
0.0,1.0
0.1936943007024898,0.8063056992975102
0.07964207686299367,0.9203579231370064
0.0,1.0
0.22940217293747311,0.7705978270625269
0.11822135755431863,0.8817786424456814
0.09656176928047339,0.9034382307195267
0.1687378610951849,0.8312621389048152
0.12259557601396277,0.8774044239860372
0.2553585511049623,0.7446414488950377
0.0,1.0
0.45802085655375596,0.5419791434462441
0.1935394868201095,0.8064605131798905
0.26614801898277524,0.7338519810172247
0.2905714442700463,0.7094285557299537
0.12394152182469496,0.8760584781753051
0.29734562529260833,0.7026543747073917
0.31203391515120216,0.6879660848487978
0.38295277256347865,0.6170472274365213
0.12923336890398196,0.8707666310960182
0.3024906010988973,0.6975093989011026
0.3472519136693609,0.6527480863306391
0.020327045227585005,0.979672954772415
0.020747028888448288,0.9792529711115519
0.402854537752037,0.597145462247963
0.27513016878335833,0.7248698312166417
0.32417979992699414,0.6758202000730058
0.3000214186440237,0.6999785813559763
0.0444004897728251,0.955599510227175
0.04615039728804664,0.9538496027119534
0.043343201197030314,0.9566567988029697
0.04787660778905994,0.95212339221094
5.551115123125783e-17,1.0
0.13342685989222786,0.8665731401077721
0.026900867510491273,0.9730991324895087
0.26630005370333104,0.7336999462966689
0.27368226572213733,0.7263177342778627
0.1622476089405982,0.8377523910594019
0.03919327731798232,0.9608067226820177
0.11795339175981677,0.8820466082401832
0.0,1.0
0.19782323083436656,0.8021767691656334
0.3308845509894098,0.6691154490105903
0.17125244865503494,0.8287475513449651
0.027609660259248277,0.9723903397407517
0.12610429440592608,0.8738957055940739
0.2781651291119943,0.7218348708880057
0.3302042321744091,0.6697957678255909
0.153243736495287,0.846756263504713
0.22337021805084514,0.7766297819491548
0.07697936503360736,0.9230206349663928
0.0,1.0
0.27918542069904073,0.7208145793009593
0.25278628783145896,0.747213712168541
0.27177756969591566,0.7282224303040844
0.34210885282016396,0.657891147179836
0.1214317272338498,0.8785682727661502
0.30658065313994376,0.6934193468600562
0.2083875442545163,0.7916124557454837
0.1406845090040418,0.8593154909959582
0.33780946025086406,0.662190539749136
0.23250669556010548,0.7674933044398945
0.4109341032768068,0.5890658967231932
0.15043008891548204,0.849569911084518
0.3719174349682748,0.6280825650317253
0.361697354454356,0.6383026455456439
0.35624575521012875,0.6437542447898712
0.4034408020890385,0.5965591979109615
0.38183250988773937,0.6181674901122606
0.29051223934646375,0.7094877606535362
5.551115123125783e-17,1.0
0.08489413903060172,0.9151058609693983
0.033646817624252645,0.9663531823757474
0.05303028773841277,0.9469697122615872
0.08429464055145457,0.9157053594485454
0.03565781648577696,0.9643421835142231
0.08525594743619938,0.9147440525638008
0.24448563377178584,0.7555143662282142
0.2168965620827757,0.7831034379172243
0.1691683665484604,0.8308316334515395
0.0,1.0
0.0,1.0
0.14001961565069962,0.8599803843493005
0.22445299807799274,0.7755470019220072
2.7755575615628914e-17,1.0
0.0,1.0
0.17186631703925498,0.8281336829607451
0.020645671092784965,0.9793543289072151
0.05140210244860063,0.9485978975513994
0.16845834833045448,0.8315416516695455
0.13741918894005042,0.8625808110599495
0.03794333297181017,0.9620566670281898
0.0,1.0
0.2764110162363484,0.7235889837636517
0.07735871937876337,0.9226412806212366
0.14902058510981858,0.8509794148901815
0.0,1.0
0.16703416086178202,0.832965839138218
0.17145935091115222,0.8285406490888477
0.08165382560571754,0.9183461743942826
0.1881711075496451,0.8118288924503548
0.21112436192016704,0.788875638079833
0.29040145269950307,0.709598547300497
0.17465253092909871,0.8253474690709013
0.28399923595713594,0.7160007640428641
0.0,1.0
0.2906032634742926,0.7093967365257073
0.41145515213893913,0.5885448478610609
0.042625923954120494,0.9573740760458795
0.40044856397549,0.5995514360245101
0.16098852486859647,0.8390114751314036
0.06954220237986793,0.930457797620132
0.0954962179681708,0.9045037820318294
0.35152263474718576,0.6484773652528142
0.1463546729576065,0.8536453270423936
0.11952823565316807,0.8804717643468319
0.11607025782944283,0.8839297421705572
0.23100580794791992,0.7689941920520801
0.3061474175478576,0.6938525824521424
0.2943012982818373,0.7056987017181626
0.26745633837817384,0.7325436616218262
0.30457581770947373,0.6954241822905262
0.25251214100971137,0.7474878589902887
0.3045917689167804,0.6954082310832195
0.26494406113072966,0.7350559388692703
0.36817757861519895,0.631822421384801
0.0,1.0
0.14461716334092506,0.8553828366590749
0.3651161949458358,0.6348838050541642
0.30143212507005984,0.6985678749299402
0.43603843436614254,0.5639615656338575
0.3191241989337602,0.6808758010662398
0.12175098374928119,0.8782490162507188
0.3434499075851019,0.6565500924148981
0.3743412535271203,0.6256587464728797
0.18765508767120476,0.8123449123287952
0.4194240365603159,0.5805759634396841
0.2582217566025396,0.7417782433974606
0.10500082572442222,0.8949991742755778
0.13760584472485743,0.8623941552751426
0.1334704227967864,0.8665295772032136
0.14136984734318905,0.8586301526568109
0.28834178102804264,0.7116582189719574
0.12752444500730625,0.8724755549926938
0.0,1.0
0.22553589674186775,0.7744641032581323
0.24660234907109735,0.7533976509289027
0.05474217401761865,0.9452578259823813
1.1102230246251565e-16,0.9999999999999999
0.0,1.0
0.0,1.0
0.26146996203090556,0.7385300379690944
0.006499633770901368,0.9935003662290987
0.3789768926661166,0.6210231073338833
0.2873235044468153,0.7126764955531848
0.2520217842190973,0.7479782157809026
0.34382492773769374,0.6561750722623063
0.2838259600501176,0.7161740399498824
0.18543871683400026,0.8145612831659996
0.06890505829332852,0.9310949417066715
0.09442643122670984,0.9055735687732901
0.24952678629319647,0.7504732137068035
0.2147437391462806,0.7852562608537195
0.4093827445709227,0.5906172554290773
0.07622738213493133,0.9237726178650687
0.21248014744876634,0.7875198525512336
0.0,1.0
0.13377691274953796,0.866223087250462
0.0,1.0
0.1533805363484611,0.8466194636515388
0.052356288400982526,0.9476437115990175
0.15581683825702825,0.8441831617429718
0.0,1.0
1.1102230246251565e-16,1.0
0.24257602519509125,0.7574239748049088
0.20645607725829965,0.7935439227417003
0.23423927909685394,0.7657607209031461
0.3433439551770416,0.6566560448229585
0.05267265596177875,0.9473273440382213
0.02331086802339529,0.9766891319766047
0.11046171832464374,0.8895382816753562
0.00936094572951014,0.9906390542704898
0.31564740260949087,0.6843525973905091
0.03912684976142011,0.9608731502385799
0.1722449005060373,0.8277550994939628
0.1923979651382379,0.8076020348617621
0.20938799947015552,0.7906120005298446
0.161261114010725,0.838738885989275
0.1259577048075267,0.8740422951924733
0.22452309126729508,0.7754769087327049
0.29436228252258706,0.705637717477413
0.35095622964488793,0.6490437703551122
0.16881436211793202,0.8311856378820681
0.10182763978642984,0.8981723602135702
0.21876178165192525,0.7812382183480748
0.4360318152238256,0.5639681847761744
0.1574800988126644,0.8425199011873356
0.28890596710721284,0.7110940328927872
0.3703784107836268,0.6296215892163731
0.12079961655891149,0.8792003834410885
0.18359582826684648,0.8164041717331536
0.1445489869403159,0.8554510130596841
0.30763537832033744,0.6923646216796625
0.2499831181691379,0.7500168818308621
0.26813332302720244,0.7318666769727976
0.2829407683131954,0.7170592316868046
0.25818047120754345,0.7418195287924566
0.0,1.0
0.08818504562404506,0.9118149543759548
0.1861533739544283,0.8138466260455717
0.29808671433282297,0.701913285667177
0.5,0.5
0.019865851055836267,0.9801341489441637
0.057218694949786514,0.9427813050502134
0.0,1.0
0.26069305945505694,0.7393069405449431
0.40249029291362265,0.5975097070863774
0.12090760785364126,0.8790923921463587
0.11805465654669962,0.8819453434533004
0.3099578206026449,0.6900421793973551
5.551115123125783e-17,1.0
0.10455246506467725,0.8954475349353228
0.19100497473697986,0.8089950252630201
0.020276787888664462,0.9797232121113355
0.3519307347560533,0.6480692652439467
0.07447449099993772,0.9255255090000624
0.4078907380503398,0.5921092619496602
0.04976795985261673,0.9502320401473833
1.1102230246251565e-16,0.9999999999999999
0.21192750206254465,0.7880724979374554
0.11656581503514288,0.8834341849648571
1.1102230246251565e-16,0.9999999999999999
0.0,1.0
0.0,1.0
0.04830681483470485,0.9516931851652952
0.02682009298743042,0.9731799070125696
5.551115123125783e-17,1.0
0.1350871703087405,0.8649128296912596
0.2791030929442832,0.7208969070557167
0.23491426378816052,0.7650857362118395
0.10365492711570395,0.896345072884296
0.30935087063579264,0.6906491293642074
0.28862238452388006,0.7113776154761199
0.41584991592463294,0.5841500840753671
0.2910612187345869,0.7089387812654131
0.1470498841802585,0.8529501158197415
0.10213931826383188,0.8978606817361681
0.37936251767786844,0.6206374823221316
0.09784007551261577,0.9021599244873842
0.04247554016339446,0.9575244598366055
0.2229634583737225,0.7770365416262774
0.1035374424067121,0.8964625575932879
0.25802651318053144,0.7419734868194685
0.4277613627080299,0.5722386372919701
0.13896016667740296,0.861039833322597
0.033521461864767,0.966478538135233
0.18350414160690512,0.8164958583930949
0.17940547680885877,0.8205945231911413
5.551115123125783e-17,1.0
0.4112896700774768,0.5887103299225231
0.0945651275427135,0.9054348724572865
0.2725254232405507,0.7274745767594494
0.2735122191170119,0.7264877808829882
0.2938541573031778,0.7061458426968222
0.39611216832649276,0.6038878316735071
0.041808585010922224,0.9581914149890779
0.20376408359921397,0.7962359164007861
0.10960464472818007,0.8903953552718199
0.14845728453045484,0.8515427154695452
0.11211721289377584,0.8878827871062241
0.04391450699919345,0.9560854930008065
5.551115123125783e-17,1.0
0.10715000278467582,0.8928499972153241
0.1416721800120386,0.8583278199879614
0.2487995470173271,0.7512004529826729
0.3737725332981353,0.6262274667018646
0.2625456253394071,0.7374543746605928
0.21426584605625018,0.7857341539437499
0.05226232531180876,0.9477376746881913
0.33657402152006166,0.6634259784799383
0.19872187476946565,0.8012781252305343
0.26004943711974304,0.739950562880257
0.13275100226346723,0.8672489977365327
0.32996436082556607,0.6700356391744339
0.003854247419546161,0.9961457525804538
0.33201419242527963,0.6679858075747204
0.1840672417642452,0.8159327582357547
0.40765716609786545,0.5923428339021346
0.08771906616060673,0.9122809338393932
0.0,1.0
0.4276819747868088,0.5723180252131912
0.23815516060744135,0.7618448393925586
0.18831457449478842,0.8116854255052116
0.46936721071821175,0.5306327892817883
0.08070286750119685,0.9192971324988032
0.0910633776411803,0.9089366223588198
0.04727129213568325,0.9527287078643168
0.0,1.0
0.24252582631568467,0.7574741736843154
0.06314188310753957,0.9368581168924605
0.2484553763646605,0.7515446236353395
0.0,1.0
0.0,1.0
0.0808969230297413,0.9191030769702586
0.14916092873969614,0.8508390712603039
0.09848529337436455,0.9015147066256354
0.3693499017504121,0.630650098249588
0.1971951775396436,0.8028048224603564
0.2123178949957043,0.7876821050042958
0.3334665622989081,0.666533437701092
0.08943721237918226,0.9105627876208179
0.0,1.0
0.4130480912788917,0.5869519087211084
0.12028549846033774,0.8797145015396622
0.16324480763471858,0.8367551923652814
0.09724525596051387,0.9027547440394862
0.27751900689486725,0.7224809931051327
0.09881835589217773,0.9011816441078222
0.27715209120655576,0.7228479087934443
0.2506191195288799,0.7493808804711201
0.14169597557034225,0.8583040244296578
0.30508837256661847,0.6949116274333815
0.24802779977602712,0.7519722002239728
0.0725241238800854,0.9274758761199146
0.16346143133830787,0.8365385686616922
0.11812784124084144,0.8818721587591585
0.4277583925790266,0.5722416074209734
0.021259434666175123,0.9787405653338248
0.2222669995281371,0.7777330004718628
0.1525400831028144,0.8474599168971856
0.2419051809491878,0.7580948190508122
0.02419365983072769,0.9758063401692724
0.0,1.0
0.2532593724483514,0.7467406275516486
0.33908626065712066,0.6609137393428794
0.3146684790833084,0.6853315209166915
0.14415402641317698,0.855845973586823
0.05371733706411263,0.9462826629358875
0.031948305715804655,0.9680516942841954
0.22272764554952718,0.7772723544504728
0.06145283418521042,0.9385471658147897
0.18591821568600977,0.8140817843139903
0.2656719701765911,0.7343280298234088
5.551115123125783e-17,1.0
0.2562730985076864,0.7437269014923136
0.07591906977950634,0.9240809302204936
0.12351189089636008,0.8764881091036398
0.27089366638180284,0.7291063336181972
0.24223831803321277,0.7577616819667873
0.2867852377381516,0.7132147622618483
0.18866460168094507,0.811335398319055
0.0800707157560174,0.9199292842439826
0.20947890692127627,0.7905210930787238
0.10338336854271304,0.896616631457287
0.17851135296734477,0.8214886470326552
0.04060428061640207,0.9593957193835979
0.30014010354454423,0.6998598964554558
0.14250925723334582,0.8574907427666543
0.08422894748360835,0.9157710525163917
0.22012918337315587,0.7798708166268442
0.36390304134427026,0.6360969586557297
0.406099774043519,0.5939002259564811
0.07750896666088819,0.9224910333391118
0.3242361450151942,0.6757638549848058
0.3359127638310388,0.6640872361689611
0.09258426255628152,0.9074157374437185
0.14920196864800733,0.8507980313519926
0.19207669462414076,0.8079233053758593
0.20832859080976457,0.7916714091902354
0.2699105817107906,0.7300894182892095
0.0,1.0
0.1313753466615741,0.8686246533384259
0.2598473391762449,0.7401526608237551
0.22841607479487927,0.7715839252051206
0.0,1.0
0.2548460844703092,0.7451539155296908
0.14219633425474276,0.8578036657452571
0.20557215568405443,0.7944278443159456
0.25819891832538483,0.7418010816746151
0.20945014115525618,0.7905498588447438
0.14301680186804552,0.8569831981319544
0.31885648726104526,0.6811435127389548
0.0,1.0
0.14683392698474648,0.8531660730152536
1.6653345369377348e-16,1.0
0.5097493486269744,0.49025065137302554
0.07895602329695833,0.9210439767030417
0.05726096857053317,0.9427390314294668
0.26067764273483507,0.7393223572651649
0.0,1.0
0.08245761710948808,0.9175423828905119
0.0,1.0
0.2874643857237973,0.7125356142762027
0.16658265146126247,0.8334173485387376
0.0,1.0
0.0915344521051003,0.9084655478948997
0.3310985897901971,0.668901410209803
0.15311350769219162,0.8468864923078084
0.17911855060400433,0.8208814493959956
0.056031840684583896,0.9439681593154161
0.051742448306761564,0.9482575516932386
0.017640217125094015,0.982359782874906
0.037758941585599844,0.9622410584144002
0.3391049697110544,0.6608950302889456
0.05568414124686043,0.9443158587531396
5.551115123125783e-17,1.0
0.41274102858982253,0.5872589714101775
0.15025182757053596,0.849748172429464
0.1836051094555791,0.816394890544421
0.1843403727838458,0.8156596272161543
0.11626803352869797,0.883731966471302
0.0,1.0
0.0,1.0
0.23247208621805826,0.7675279137819417
0.236327031320025,0.7636729686799749
0.0,1.0
0.325709852760162,0.6742901472398379
0.12797825805177185,0.8720217419482281
0.043820921675820045,0.95617907832418
0.4149967854664653,0.5850032145335348
0.13378693566453523,0.8662130643354647
0.019239745314240397,0.9807602546857596
0.19522762637206748,0.8047723736279325
0.1815806747110977,0.8184193252889023
0.22750910802419966,0.7724908919758002
0.15314292780664512,0.8468570721933549
0.18305813390932962,0.8169418660906704
0.17604236056396633,0.8239576394360337
0.10371813921549171,0.8962818607845083
0.18664715592933653,0.8133528440706635
0.17816652986954018,0.8218334701304599
0.3124696628419644,0.6875303371580356
0.0,1.0
0.03720960868691706,0.962790391313083
0.15533626040250598,0.844663739597494
0.016502740718576863,0.9834972592814232
0.29052707629978664,0.7094729237002134
0.33276821781043076,0.6672317821895692
0.1513422056732345,0.8486577943267656
0.09886245170368038,0.9011375482963196
0.20294532093968412,0.7970546790603158
0.04144749470644335,0.9585525052935567
0.0,1.0
0.10766330058805733,0.8923366994119427
0.1995213755483539,0.8004786244516462
0.0,1.0
0.3457475409302679,0.6542524590697321
0.19580582129020782,0.8041941787097922
0.36471613785939294,0.6352838621406071
0.3595455240064448,0.6404544759935552
0.3109417802025016,0.6890582197974984
0.19264831252824663,0.8073516874717533
0.06431040664102006,0.9356895933589799
0.0,1.0
0.10090933441405418,0.8990906655859459
0.10699180172221383,0.8930081982777862
0.1007234692322718,0.8992765307677283
0.24911737410539506,0.7508826258946051
0.29035077619413246,0.7096492238058676
0.0855907181102616,0.9144092818897385
0.5,0.5
0.14755349537941673,0.8524465046205834
0.0,1.0
0.0,1.0
0.22888125132108209,0.7711187486789178
0.03641260168416768,0.9635873983158323
0.1247510082716231,0.8752489917283769
0.11032492368801457,0.8896750763119854
0.1945798299533899,0.8054201700466102
0.10949037734761231,0.8905096226523876
0.2990283181294641,0.7009716818705359
0.0771239806355705,0.9228760193644294
0.13354555591971895,0.866454444080281
0.0,1.0
0.33628754074914496,0.663712459250855
0.20951703157898346,0.7904829684210166
0.1453801842194643,0.8546198157805357
8.326672684688674e-17,1.0
0.03086616070686878,0.9691338392931312
0.254335488067679,0.745664511932321
0.2127054768984355,0.7872945231015644
5.551115123125783e-17,1.0
0.2238500851302283,0.7761499148697717
0.1713269712216283,0.8286730287783718
0.30875892274241185,0.6912410772575882
0.019631660228662653,0.9803683397713374
0.2344334357377036,0.7655665642622964
0.2011694158629662,0.7988305841370338
0.22598504763470964,0.7740149523652904
0.009118931578297176,0.9908810684217029
0.4305951581222308,0.5694048418777692
0.2654159642683848,0.7345840357316151
0.12637835122046143,0.8736216487795386
0.09361001766747166,0.9063899823325283
0.3588969631560895,0.6411030368439106
0.10955244919149257,0.8904475508085075
0.14818362036253577,0.8518163796374643
0.22931836949835724,0.7706816305016428
0.3243155416326913,0.6756844583673087
5.551115123125783e-17,1.0
0.0,1.0
0.23519158404166962,0.7648084159583304
0.2982131258462477,0.7017868741537522
0.08659917358194005,0.91340082641806
0.2150169903298405,0.7849830096701595
0.09905625718751473,0.9009437428124852
0.36102194195303694,0.638978058046963
0.15994733256636,0.8400526674336399
0.0,1.0
0.03562840773336747,0.9643715922666325
0.18790282572095365,0.8120971742790464
0.33234653525901303,0.667653464740987
0.29266162558053893,0.7073383744194612
0.1630796896201586,0.8369203103798415
0.0,1.0
0.27679767123784854,0.7232023287621515
0.16751563767719618,0.8324843623228039
0.22739923672052756,0.7726007632794725
0.019614434810914693,0.9803855651890853
0.029433598214292044,0.970566401785708
5.551115123125783e-17,0.9999999999999999
0.1449948753738566,0.8550051246261434
5.551115123125783e-17,1.0
0.18552871505260235,0.8144712849473976
0.22836534992122992,0.7716346500787701
0.34216249119104486,0.6578375088089552
0.26666949968866716,0.7333305003113328
0.35711778125255444,0.6428822187474456
0.1750696917444684,0.8249303082555317
0.1015204750500289,0.8984795249499712
0.3120598700208069,0.6879401299791932
0.1044047632546188,0.8955952367453812
0.28871490376288467,0.7112850962371153
0.1478452482148446,0.8521547517851554
0.3316376692183696,0.6683623307816303
8.326672684688674e-17,0.9999999999999998
0.1510098744399611,0.8489901255600389
0.5777871133072484,0.42221288669275164
0.0,1.0
0.14263251494306606,0.8573674850569339
0.3947955501166344,0.6052044498833655
0.22659803924506836,0.7734019607549316
0.0291632685303084,0.9708367314696917
0.07826588606953223,0.9217341139304677
0.12351415411608349,0.8764858458839165
0.058149212660730046,0.9418507873392701
0.0,1.0
0.031830876657751805,0.9681691233422483
0.2249089138786563,0.7750910861213436
0.29523507291339657,0.7047649270866034
0.14016984013762024,0.8598301598623799
0.12646152226884114,0.8735384777311588
0.23065922046719237,0.7693407795328077
0.0,1.0
0.3021623337313731,0.697837666268627
0.17103167816440304,0.828968321835597
0.31387048580178756,0.6861295141982124
5.551115123125783e-17,1.0
0.38888416301868006,0.61111583698132
0.10177095452168719,0.8982290454783128
5.551115123125783e-17,1.0
0.24976765969935402,0.750232340300646
0.21599984162020489,0.7840001583797952
0.386331465526745,0.613668534473255
0.22471333702735966,0.7752866629726404
0.05945543045392191,0.9405445695460781
0.22878046273254166,0.7712195372674584
0.010391450666213864,0.9896085492563639
0.10737677787621286,0.8926232221237872
0.09984934732361617,0.9001506526763838
0.19411598218098627,0.8058840178190136
0.0,1.0
0.41180020603985046,0.5881997939601495
0.1646743533978114,0.8353256466021886
0.04314340076162142,0.9568565992383786
0.2025920877971698,0.7974079122028302
0.4037245827429713,0.5962754172570287
0.1293009792562292,0.8706990207437708
0.21574442973695748,0.7842555702630425
0.26668923694031965,0.7333107630596803
0.3238235242323403,0.6761764757676596
0.16540568743364575,0.8345943125663543
0.0,1.0
0.2461625098147667,0.7538374901852333
0.02246129859138119,0.9775387014086189
0.26457195653079074,0.7354280434692093
0.025036936197200904,0.9749630638027991
0.19529183593278449,0.8047081640672156
0.06632998913797192,0.933670010862028
0.14262454821988546,0.8573754517801144
0.05475843494378435,0.9452415650562157
0.0,1.0
0.25443737063367,0.74556262936633
0.17236528480586494,0.827634715194135
0.1917193461991022,0.8082806538008979
0.006659744512994634,0.9933402554870053
0.19223981606694926,0.8077601839330507
0.0755592023834699,0.9244407976165302
0.21396240018621887,0.7860375998137811
0.3078473896988223,0.6921526103011777
0.09344239197027372,0.9065576080297262
0.1894326019418752,0.8105673980581248
0.1945534270849386,0.8054465729150614
5.551115123125783e-17,1.0
0.12941414095515547,0.8705858590448445
0.17436097436638426,0.8256390256336157
0.0,1.0
0.07541596922625063,0.9245840307737494
0.12321425404301713,0.8767857459569829
0.13857592433286828,0.8614240756671316
0.18922510167519896,0.8107748983248011
0.39860944153505207,0.6013905584649479
0.2921373704391278,0.7078626295608722
0.4496318382231857,0.5503681617768144
0.18538180281675218,0.8146181971832478
0.08348162331168245,0.9165183766883175
0.0,1.0
0.07918631312468805,0.920813686875312
0.09898655002460534,0.9010134499753946
0.34668912153182263,0.6533108784681774
0.20433033664030437,0.7956696633596957
0.24681189543352852,0.7531881045664716
0.20231700840567057,0.7976829915943293
0.3875504170095643,0.6124495829904357
0.1276655832334233,0.8723344167665766
0.41791944681237475,0.5820805531876253
0.23411803211408194,0.7658819678859181
0.07741887716509321,0.9225811228349069
0.10446061510793926,0.8955393848920608
0.0,1.0
0.17071180948607406,0.829288190513926
0.4465367991969075,0.5534632008030925
0.19311426583654695,0.806885734163453
0.2565383477101938,0.7434616522898062
0.1707667733694483,0.8292332266305517
0.20247087006977652,0.7975291299302235
0.01019554910167018,0.9898044508983298
0.10208839338407842,0.8979116066159216
0.21593708765215913,0.784062912347841
0.3894546031368192,0.6105453968631809
0.1941825530856358,0.8058174469143641
5.551115123125783e-17,1.0
0.017479575355081257,0.9825204246449187
0.16879173497673589,0.8312082650232641
5.551115123125783e-17,1.0
0.0,1.0
0.41573740580849483,0.5842625941915052
0.10217500983448581,0.8978249901655141
0.3388453583555908,0.6611546416444092
0.2807083645707327,0.7192916354292672
0.388085232965138,0.6119147670348619
0.3305747356363586,0.6694252643636415
0.3477076728260272,0.6522923271739727
2.7755575615628914e-17,1.0
0.3165755416259493,0.6834244583740507
0.23173792892357342,0.7682620710764265
0.3263936852129555,0.6736063147870446
0.09773791216778983,0.9022620878322102
0.1623476106441753,0.8376523893558246
0.3039766949320165,0.6960233050679835
0.05802084516438343,0.9419791548356166
0.30008137693994313,0.699918623060057
0.10379227471804654,0.8962077252819534
0.0927241438003283,0.9072758561996718
0.05245527105472786,0.9475447289452722
0.2242114714074009,0.7757885285925992
0.06474040574608558,0.9352595942539144
0.08098447457353193,0.9190155254264681
0.0,1.0
0.060927338722945895,0.9390726612770541
5.551115123125783e-17,1.0
0.18588471963199366,0.8141152803680064
0.23588658408143526,0.7641134159185647
0.26349758820797187,0.7365024117920281
0.056556060420536035,0.9434439395794639
0.18128960925739115,0.8187103907426089
0.27448930980356917,0.7255106901964308
0.3324012216294948,0.6675987783705053
0.0,1.0
0.07417791051525498,0.925822089484745
0.26444229957377946,0.7355577004262206
0.3083593006963019,0.6916406993036981
0.09919994461199196,0.9008000553880081
0.0747410313111424,0.9252589686888576
0.22871648959315263,0.7712835104068474
5.551115123125783e-17,1.0
0.2508208542963162,0.7491791457036838
0.22705544983884632,0.7729445501611537
0.12914005680723756,0.8708599431927625
0.3661264970486064,0.6338735029513937
0.3208801624600214,0.6791198375399786
0.07707345053124263,0.9229265494687574
0.2140909295256109,0.7859090704743891
1.942890293094024e-16,0.9999999999999998
0.056441683282412676,0.9435583167175873
0.30959240520730424,0.6904075947926958
0.0591653318228544,0.9408346681771456
0.44964163524291073,0.5503583647570893
0.03631634407747189,0.9636836559225281
0.1512001886734139,0.8487998113265861
0.3099254225427024,0.6900745774572976
0.3475053998294708,0.6524946001705292
0.11485410771049454,0.8851458922895055
0.09206491888096155,0.9079350811190385
0.33118710395081985,0.6688128960491802
0.10377513311888824,0.8962248668811118
0.3050314786400904,0.6949685213599097
0.07344613718916963,0.9265538628108304
0.1627158629549608,0.8372841370450392
0.028795919345851944,0.9712040806541481
0.31742532394179684,0.6825746760582031
0.08834699044542715,0.9116530095545728
0.045686222994408866,0.9543137770055912
0.1498428712234741,0.8501571287765259
0.07959810707036286,0.9204018929296371
0.04923122846350547,0.9507687715364945
0.06054175886391392,0.939458241136086
0.0,1.0
0.5183226618116161,0.4816773381883839
0.3421801468718992,0.6578198531281008
0.45711340559740143,0.5428865944025986
5.551115123125783e-17,1.0
5.551115123125783e-17,1.0
0.37460937055554694,0.625390629444453
0.1563152301553804,0.8436847698446197
0.28273364637680365,0.7172663536231964
0.10135780144172925,0.8986421985582707
0.0,1.0
0.3925593504625563,0.6074406495374437
0.38109735132744194,0.6189026486725581
0.10952609218946091,0.8904739078105391
0.13418021496360674,0.8658197850363933
0.12564323768041302,0.8743567623195869
1.1102230246251565e-16,1.0
0.1949294373012675,0.8050705626987325
0.1917787590428552,0.8082212409571448
0.0,1.0
0.185502647326673,0.8144973526733271
0.20911370917669558,0.7908862908233044
0.12596901027133156,0.8740309897286686
0.24644370213199285,0.7535562978680072
0.24227729579590523,0.7577227042040948
0.2822720709496463,0.7177279290503538
0.3265030584579869,0.6734969415420131
0.315119437215274,0.684880562784726
0.02084722449916339,0.9791527755008366
0.22170790537754004,0.77829209462246
0.0505130802316356,0.9494869197683644
0.2448168142809606,0.7551831857190394
0.4129185096697974,0.5870814903302026
0.0,1.0
0.0,1.0
0.21365557804394827,0.7863444219560517
0.13705582968602908,0.8629441703139711
0.30752225822060486,0.6924777417793951
0.28545913775259085,0.7145408622474092
0.25098619500067404,0.749013804999326
0.2380504418434678,0.7619495581565322
0.0,1.0
0.11426961184740587,0.8857303881525941
0.3640551660733818,0.6359448339266183
0.038803927033614766,0.9611960729663852
0.2718267022915359,0.7281732977084641
0.1368664515988308,0.8631335484011693
0.11426982372883839,0.8857301762711617
0.48939309784496604,0.5106069021550339
0.013409521325614002,0.9865904786743861
0.15248780815991403,0.847512191840086
0.03461604208945282,0.9653839579105471
0.15433406583090162,0.8456659341690984
0.1379742111287678,0.8620257888712322
0.21688148575373514,0.7831185142462649
0.2673906977159578,0.7326093022840422
0.29464555716922125,0.7053544428307787
0.1423725933214471,0.8576274066785529
0.09549862814794918,0.9045013718520509
2.0816681711721685e-17,1.0
0.4567613292582508,0.5432386707417493
0.08210896509357293,0.917891034906427
0.0,1.0
0.0,1.0
0.11176153847612284,0.8882384615238772
0.03623836145993477,0.9637616385400652
0.1063436028623873,0.8936563971376127
0.25013928201832986,0.7498607179816701
0.2468716012310391,0.7531283987689609
0.30019907699228443,0.6998009230077156
0.1158412273010824,0.8841587726989176
0.10329788577164846,0.8967021142283516
0.21926404015177822,0.7807359598482217
0.19426161452048568,0.8057383854795143
0.4119594525231932,0.5880405474768068
0.06409520596858449,0.9359047940314156
0.1872308158864439,0.8127691841135563
0.35261967773586556,0.6473803222641344
0.1702783960098787,0.8297216039901213
0.17904363323815475,0.8209563667618452
0.0189944424597141,0.9810055575402858
0.33120548462128296,0.668794515378717
0.35245814108683315,0.6475418589131668
0.0,1.0
0.0,1.0
0.3531383228703007,0.6468616771296992
0.19912227745514194,0.8008777225448581
0.2042260741775916,0.7957739258224085
0.15929689903362074,0.8407031009663792
5.551115123125783e-17,1.0
0.37372373259862884,0.6262762674013712
0.0,1.0
0.16909935716823388,0.8309006428317662
0.5,0.5
0.18875575538290154,0.8112442446170984
0.0,1.0
0.18611980315145574,0.8138801968485443
0.09142059089429887,0.9085794091057011
0.23377418252805032,0.7662258174719497
0.2485010121610182,0.751498987838982
0.16525933415528882,0.8347406658447112
0.3046661976789352,0.6953338023210648
0.04660808908113358,0.9533919109188664
0.24694777627485698,0.753052223725143
0.2245761594750916,0.7754238405249084
0.36524601948842145,0.6347539805115785
0.35679593878105365,0.6432040612189464
0.020368303881394455,0.9796316961186056
1.1102230246251565e-16,1.0
0.0,1.0
0.11703514226766741,0.8829648577323327
0.10187904614682522,0.8981209538531748
0.05257881556585199,0.947421184434148
0.06007684357812546,0.9399231564218746
5.551115123125783e-17,0.9999999999999999
0.49070922285318375,0.5092907771468163
0.0,1.0
0.0,1.0
0.030475399906449714,0.9695246000935502
0.16667758219313908,0.8333224178068609
0.16839771762299713,0.8316022823770028
0.32056655573413234,0.6794334442658677
0.18676000679334137,0.8132399932066586
0.15082664160571022,0.8491733583942899
0.30484581969235947,0.6951541803076405
0.20426156870409085,0.7957384312959092
1.1102230246251565e-16,1.0
0.12885644101059981,0.8711435589894001
0.2228021551610516,0.7771978448389485
0.22665485917189568,0.7733451408281043
0.09742705279399844,0.9025729472060017
0.15004518701620584,0.8499548129837942
0.2495768470038423,0.7504231529961577
0.27599214556515406,0.7240078544348459
0.2281484253374248,0.7718515746625751
0.2872621052774316,0.7127378947225683
0.4674992337822914,0.5325007662177086
0.15856304010468486,0.8414369598953152
0.11764925750990717,0.8823507424900929
2.7755575615628914e-17,1.0
0.40699602727595124,0.5930039727240488
0.0,1.0
0.15508871277663014,0.8449112872233698
0.39469705182461345,0.6053029481753865
0.009897566803242774,0.9901024331967572
0.15406531263508427,0.8459346873649156
1.1102230246251565e-16,1.0
0.4312609470591107,0.5687390529408892
0.0937487481908447,0.9062512518091552
2.7755575615628914e-17,1.0
0.311779722981237,0.688220277018763
0.03925576824085724,0.9607442317591428
2.7755575615628914e-17,1.0
0.0,1.0
0.16590469784609949,0.8340953021539006
0.0,1.0
0.3777244260042592,0.6222755739957408
0.26303705336524774,0.7369629466347523
0.0,1.0
0.06427963587656899,0.935720364123431
0.05158681918908921,0.9484131808109107
0.5240744128728331,0.4759255871271669
0.16947745643131837,0.8305225435686817
0.21557781863406722,0.7844221813659328
0.1162810136980783,0.8837189863019217
0.22720160332078287,0.7727983966792171
0.03222028373250676,0.9677797162674933
0.15763117605943516,0.8423688239405649
0.16775326065154894,0.8322467393484511
0.31941452001886655,0.6805854799811335
0.3497071595671848,0.6502928404328152
0.43228013422064854,0.5677198657793515
0.17538836446857267,0.8246116355314274
0.212490316033257,0.7875096839667429
0.13741085501889913,0.862589144981101
0.11458419454523389,0.8854158054547662
0.3063532319526024,0.6936467680473976
0.28717745752684576,0.7128225424731542
0.30799294360135604,0.692007056398644
5.551115123125783e-17,1.0
0.062350784093383856,0.9376492159066161
0.0,1.0
0.09787080661917924,0.9021291933808208
0.23857210881333157,0.7614278911866684
0.2672013519685778,0.7327986480314223
0.2600502332394349,0.7399497667605651
0.2847692090392522,0.7152307909607478
0.4302482959128329,0.5697517040871671
0.2520401023278681,0.747959897672132
0.19998849065966817,0.8000115093403318
0.1105226675385512,0.8894773324614488
0.13468238087812692,0.8653176191218731
0.0,1.0
0.0,1.0
0.3352460804185318,0.6647539195814681
0.017426568425170645,0.9825734315748293
0.2286102478129313,0.7713897521870686
0.0,1.0
0.07587515293028073,0.9241248470697193
0.19366370052884874,0.8063362994711513
0.3073702587400986,0.6926297412599014
0.2894030786978439,0.710596921302156
0.3015064876942693,0.6984935123057308
0.06174447068060828,0.9382555293193918
0.17639265490056885,0.8236073450994312
0.0,1.0
0.3936825447284337,0.6063174552715663
0.06725766884653095,0.9327423311534692
0.09047505252883915,0.9095249474711607
0.03024005454463157,0.9697599454553685
0.0,1.0
0.0,1.0
0.0,1.0
0.12093015789773019,0.8790698421022698
0.0,1.0
0.14970417401863412,0.8502958259813659
0.0,1.0
0.2218755931203487,0.7781244068796513
0.11572659209513408,0.884273407904866
0.12606369954926214,0.873936300450738
0.3197030654573846,0.6802969345426154
0.3168049448391248,0.6831950551608752
0.09882994709996666,0.9011700529000334
0.1040465863437599,0.8959534136562401
0.23088027006608447,0.7691197299339156
0.0,1.0
0.29890021014535006,0.7010997898546499
0.19460292705645155,0.8053970729435485
0.19668327871400074,0.8033167212859993
0.07916505198153924,0.9208349480184608
0.09889857981668632,0.9011014201833136
0.0,1.0
0.5,0.5
0.16870521051036425,0.8312947894896358
0.15355980595083754,0.8464401940491625
0.3001923734645135,0.6998076265354866
0.15855315100932227,0.8414468489906778
0.0322204045610021,0.9677795954389979
0.01669825687482522,0.9833017431251748
0.13651932502552308,0.8634806749744769
0.09267967796083817,0.9073203220391618
0.10135622149549295,0.8986437785045069
0.23157347612976606,0.768426523870234
0.08289922755222963,0.9171007724477703
0.2965638894541088,0.7034361105458912
0.4418081943319823,0.5581918056680176
0.5358991521725325,0.4641008478274675
0.06417431786704494,0.935825682132955
0.19129571461267908,0.808704285387321
0.2249574407822008,0.7750425592177991
0.21920034191190385,0.7807996580880961
0.3178453685757773,0.6821546314242227
0.20482323225095614,0.7951767677490438
0.23300776841187398,0.7669922315881261
0.5,0.5
0.17079059920093456,0.8292094007990656
0.24957079077384492,0.7504292092261551
0.0,1.0
0.2584748469858047,0.7415251530141952
0.30478077458448194,0.6952192254155181
0.16365786800531462,0.8363421319946854
0.28745435542268777,0.7125456445773123
0.23210841810213614,0.7678915818978639
0.2198728563258963,0.7801271436741036
0.3143012345833573,0.6856987654166428
0.045090816859293066,0.9549091831407069
0.12253701681199491,0.8774629831880051
0.0,1.0
0.20010890134635514,0.7998910986536448
0.0581224617409853,0.9418775382590145
5.551115123125783e-17,1.0
0.11398286975295786,0.8860171302470421
0.3090558878295057,0.6909441121704942
0.41896424046253067,0.5810357595374693
0.016209349659558697,0.9837906503404413
0.24789772698603188,0.7521022730139681
0.017420001969403534,0.9825799980305965
0.08056086233289494,0.919439137667105
0.0,1.0
0.3119034760510602,0.6880965239489397
0.0,1.0
0.030226448029348034,0.969773551970652
0.1793277844667922,0.8206722155332078
0.27366977407405807,0.7263302259259419
0.1686446169624364,0.8313553830375636
0.05646501314034854,0.9435349868596515
0.13857276835870763,0.8614272316412923
0.2397453184934878,0.7602546815065122
0.0,1.0
0.0,1.0
0.3018824782516496,0.6981175217483503
0.3563713049129291,0.6436286950870709
1.6653345369377348e-16,0.9999999999999999
0.14481817759710827,0.8551818224028918
0.0,1.0
0.35431853968396915,0.6456814603160309
0.2788318677796709,0.7211681322203292
0.0,1.0
0.0,1.0
0.24783541421675967,0.7521645857832404
0.01845901268630572,0.9815409873136943
0.01987052260770414,0.9801294773922958
0.3610677278283633,0.6389322721716366
0.4174428395658696,0.5825571604341304
5.551115123125783e-17,1.0
0.0,1.0
0.11780147172040449,0.8821985282795956
0.0,1.0
0.2979258908380973,0.7020741091619027
0.13810321290920413,0.861896787090796
0.049464533199351235,0.9505354668006487
0.2549139661925544,0.7450860338074456
0.24877559968152668,0.7512244003184733
0.0,1.0
0.3932158032361248,0.6067841967638752
5.551115123125783e-17,1.0
0.0,1.0
0.04644226862232332,0.9535577313776766
0.2523048635205507,0.7476951364794493
0.1661687147762188,0.8338312852237811
0.14525748878706596,0.854742511212934
0.27515245303813063,0.7248475469618694
0.27279495679132587,0.7272050432086741
0.2541728931221494,0.7458271068778506
0.02581259919036102,0.974187400809639
0.059008316706887526,0.9409916832931124
0.0,1.0
0.38487867025521455,0.6151213297447854
0.007473121185966761,0.9925268788140332
0.07031806116531514,0.9296819388346849
0.3825433989594216,0.6174566010405784
0.12575931565167933,0.8742406843483208
0.10800782385145415,0.8919921761485458
0.1577455943209982,0.8422544056790018
0.107051314166123,0.892948685833877
0.5101608288791138,0.4898391711208861
0.223345253362676,0.776654746637324
0.08921092791158333,0.9107890720884166
0.0730890936959017,0.9269109063040983
0.24652790832838994,0.7534720916716101
0.14976673712019714,0.8502332628798028
0.1464335342198876,0.8535664657801124
0.0,1.0
0.3535695440305117,0.6464304559694883
0.10789761911821474,0.8921023808817853
0.34916668631329056,0.6508333136867095
0.27489918411727626,0.7251008158827238
0.0,1.0
0.03380038109494818,0.9661996189050519
0.04948042373731022,0.9505195762626898
0.29625951478658297,0.703740485213417
0.029643319421332307,0.9703566805786678
0.12587799398548472,0.8741220060145153
0.21612426360500084,0.7838757363949993
0.30309212509840083,0.6969078749015992
0.0,1.0
0.0,1.0
0.004020071951199207,0.9959799280488008
0.15696911574521236,0.8430308842547877
0.04881240421492429,0.9511875957850757
0.4791870808339134,0.5208129191660865
0.2711017356258111,0.7288982643741889
0.10455520121610125,0.8954447987838987
0.4090724738356029,0.5909275261643971
0.24478431037721526,0.7552156896227848
0.37461238124404095,0.6253876187559592
0.13959247756166687,0.8604075224383332
0.08680325714876573,0.9131967428512343
0.012226603302834267,0.9877733966971658
0.37516645974917123,0.6248335402508287
0.0,1.0
0.15344681096171808,0.8465531890382819
0.08351782125185421,0.9164821787481459
0.1892711373240157,0.8107288626759842
0.19842390705156174,0.8015760929484382
0.27647707495933255,0.7235229250406674
0.1489925114112716,0.8510074885887283
0.3040520238125636,0.6959479761874365
0.0,1.0
0.1537985191005043,0.8462014808994957
0.0296194655741012,0.9703805344258989
0.30161309366396144,0.6983869063360385
0.20295024341865295,0.7970497565813471
0.22600924514470253,0.7739907548552976
0.304463376310492,0.6955366236895081
0.0,1.0
0.2867609359397637,0.7132390640602363
0.26616667279078576,0.7338333272092142
0.10682042954108627,0.8931795704589137
0.2075530741964645,0.7924469258035355
0.2504834248855906,0.7495165751144094
0.10546165303135507,0.8945383469686449
0.0,1.0
0.1525056078387246,0.8474943921612754
0.2834487428560242,0.7165512571439758
0.16825658108341163,0.8317434189165883
0.08712017399417277,0.9128798260058273
0.0,1.0
0.025480359792708962,0.9745196402072911
0.11952466230672694,0.880475337693273
0.30393260717781617,0.6960673928221838
0.05112866993999042,0.9488713300600096
0.2170328020857077,0.7829671979142924
0.0,1.0
0.1817965741366295,0.8182034258633705
0.339011214071967,0.660988785928033
0.2236984944450811,0.776301505554919
0.11347394721676447,0.8865260527832355
0.0,1.0
5.551115123125783e-17,1.0
0.20483744202335902,0.7951625579766409
0.042222993367760364,0.9577770066322396
0.08743511739069117,0.9125648826093088
0.2934985922500659,0.7065014077499341
0.16035136053009338,0.8396486394699068
0.3403027297024933,0.6596972702975068
0.2001437240383644,0.7998562759616357
0.35770338873886864,0.6422966112611315
0.1857923644991547,0.8142076355008453
0.3773997613926955,0.6226002386073045
0.23079023543425164,0.7692097645657483
0.06428143705429414,0.935718562945706
0.12650374617323853,0.8734962538267614
0.17943359906365608,0.8205664009363439
0.08164772661455151,0.9183522733854484
0.1832884073840606,0.8167115926159394
0.2656762027151817,0.7343237972848183
0.0,1.0
0.13674044616587233,0.8632595538341277
0.3134234529917166,0.6865765470082834
0.14386436692724508,0.8561356330727549
0.31169825966371434,0.6883017403362858
0.08554537396150289,0.9144546260384971
0.0441780624929119,0.955821937507088
0.0,1.0
1.942890293094024e-16,0.9999999999999999
0.14798873043690228,0.8520112695630978
0.20781055987974698,0.792189440120253
0.46678694402564136,0.5332130559743586
0.0,1.0
0.3777998390774983,0.6222001609225016
0.19005867682693803,0.8099413231730621
0.21304210030011672,0.7869578996998833
0.0668269478792382,0.9331730521207617
0.14314617490792722,0.8568538250920728
0.10848826848782431,0.8915117315121757
0.035702358479847575,0.9642976415201524
0.07439543801611671,0.9256045619838833
0.20088529609798442,0.7991147039020154
0.3011653473374745,0.6988346526625255
0.24696565103938212,0.7530343489606179
0.12106744194049415,0.8789325580595058
0.18032483136988242,0.8196751686301176
0.45251704952445015,0.5474829504755498
0.22388484543999468,0.7761151545600053
0.11365722538225316,0.8863427746177468
0.04332222948180638,0.9566777705181937
1.1102230246251565e-16,1.0
0.24928039467096186,0.7507196053290381
0.3460869204767046,0.6539130795232955
0.12849436678869108,0.8715056332113088
0.04351484517682719,0.9564851548231728
0.27000286581165867,0.7299971341883412
0.16373158491157055,0.8362684150884294
0.22663609122940123,0.7733639087705988
0.07923182352053755,0.9207681764794625
0.2310091414157132,0.7689908585842867
0.1749223039872418,0.8250776960127582
0.065140325994806,0.934859674005194
0.0,1.0
0.09052266632832812,0.9094773336716718
0.06674674346588638,0.9332532565341136
0.289780259555086,0.710219740444914
0.20974184956060204,0.7902581504393981
0.34176704140729164,0.6582329585927083
0.1334216436537993,0.8665783563462006
0.19062942200997776,0.8093705779900221
0.12686660215021467,0.8731333978497853
0.08417434196996786,0.9158256580300321
0.29874585074968507,0.7012541492503149
0.17734262711785276,0.8226573728821472
0.4006877765253304,0.5993122234746696
0.21320263315053373,0.7867973668494662
0.31825217797319444,0.6817478220268056
0.10440162054909453,0.8955983794509055
0.22784428626039968,0.7721557137396005
0.2974719706377273,0.7025280293622728
0.2301859533628475,0.7698140466371525
0.24062087166249652,0.7593791283375035
0.03270730463343367,0.9672926953665663
0.32515666807593685,0.6748433319240631
0.12537140790315482,0.8746285920968451
0.05335187892346489,0.9466481210765351
0.21471098366143154,0.7852890163385685
0.0,1.0
0.09317343169870448,0.9068265683012955
0.1753813016153518,0.8246186983846482
0.4502135799310707,0.5497864200689293
0.1661733228963148,0.8338266771036852
0.0,1.0
0.21165963351884587,0.7883403664811541
0.0,1.0
0.12644430810915297,0.873555691890847
0.15850005006603746,0.8414999499339626
0.3438202030226532,0.6561797969773467
0.26633398371271255,0.7336660162872874
0.2531641442516709,0.7468358557483292
0.05827612744238503,0.941723872557615
0.4498194882649395,0.5501805117350606
0.2802123786128219,0.7197876213871781
0.24535785790645764,0.7546421420935423
0.4312878921513911,0.5687121078486089
0.20543907461740876,0.7945609253825912
0.39018732282445595,0.609812677175544
0.16066638656739507,0.8393336134326049
0.12588925166050938,0.8741107483394905
0.21489949427879818,0.7851005057212018
0.24273721772244386,0.7572627822775562
0.05603834912428689,0.9439616508757132
0.0,1.0
0.13983311701561862,0.8601668829843813
0.03555747924712931,0.9644425207528707
0.28570159216896124,0.7142984078310387
0.21649980115459802,0.783500198845402
0.15867346115690528,0.8413265388430947
0.22998023223132533,0.7700197677686748
0.3951342568241121,0.6048657431758879
0.05925298340378052,0.9407470165962195
0.2978432154254401,0.7021567845745599
0.0,1.0
0.06835938920614765,0.9316406107938524
0.09531157493586563,0.9046884250641343
5.551115123125783e-17,1.0
0.15322111106129144,0.8467788889387087
0.24596925232643238,0.7540307476735676
0.13474025098985437,0.8652597490101456
0.04039662136989146,0.9596033786301085
0.21207445231693542,0.7879255476830647
0.17925845809301758,0.8207415419069826
0.08278701863224958,0.9172129813677504
0.037701583173032654,0.9622984168269674
1.1102230246251565e-16,1.0
0.29052097916737446,0.7094790208326256
0.010070371723374905,0.9899296282766251
0.32242164933502526,0.6775783506649747
0.24929790382669714,0.7507020961733029
0.13625907366205037,0.8637409263379496
5.551115123125783e-17,1.0
0.36256717415473555,0.6374328258452644
0.055386198888653725,0.9446138011113463
0.0,1.0
0.2074896682802938,0.7925103317197062
0.0,1.0
0.10831860364933077,0.8916813963506692
0.42932229792716026,0.5706777020728397
0.24492277524336464,0.7550772247566354
0.3428669033744214,0.6571330966255786
0.16810501466566885,0.8318949853343311
0.0,1.0
0.06063089066074742,0.9393691093392526
0.04006510125254456,0.9599348987474554
0.0,1.0
0.0,1.0
0.43539102794031215,0.5646089720596879
0.04911917374539259,0.9508808262546073
0.06484340174836452,0.9351565982516356
0.25480142533931577,0.7451985746606842
0.06002289372490972,0.9399771062750903
0.38083117066084266,0.6191688293391575
0.19607806013845863,0.8039219398615414
0.33941989950568086,0.6605801004943191
0.045383585213507625,0.9546164147864924
0.07262863286093188,0.9273713671390681
0.18491692007464425,0.8150830799253557
0.0,1.0
0.17508195201987842,0.8249180479801216
0.25732635107576085,0.7426736489242391
0.2589262246405479,0.7410737753594521
0.6727701152508258,0.3272298847491743
0.28504113881669685,0.7149588611833032
0.31648984495611165,0.6835101550438883
0.3421044374195285,0.6578955625804715
0.047303190879873565,0.9526968091201264
0.2011851738817886,0.7988148261182113
0.0,1.0
0.00542830323338285,0.9945716967666172
0.0,1.0
0.1680343417891475,0.8319656582108526
0.2560589867295954,0.7439410132704046
0.10212440724471125,0.8978755927552888
0.29651548306930503,0.703484516930695
0.22093908558709738,0.7790609144129026
0.08325046157660065,0.9167495384233993
0.22775892207532153,0.7722410779246786
0.06724045337150594,0.932759546628494
0.19602290389345836,0.8039770961065416
0.0,1.0
0.29671544364078045,0.7032845563592196
0.12888313065944682,0.8711168693405531
0.02937146306487734,0.9706285369351226
0.1292698414190705,0.8707301585809296
0.3750438567658455,0.6249561432341545
0.20037106724110396,0.799628932758896
1.1102230246251565e-16,1.0
0.14177344703920833,0.8582265529607916
0.00674541354871271,0.9932545864512873
0.0,1.0
0.08085793697468131,0.9191420630253188
0.1348704161424634,0.8651295838575366
0.0,1.0
0.2398898345426303,0.7601101654573698
0.13374883867998785,0.8662511613200122
0.0,1.0
0.2971387438533939,0.702861256146606
0.28290801094746026,0.7170919890525398
0.3865217408351509,0.6134782591648491
0.35404863288855487,0.6459513671114452
0.10675453195171175,0.8932454680482883
0.23881712217595097,0.761182877824049
0.11691031980738843,0.8830896801926115
0.3432895477694209,0.6567104522305791
0.2919087435612549,0.7080912564387453
0.09827349163256371,0.9017265083674363
0.4893481144564356,0.5106518855435644
0.3229201724785703,0.6770798275214297
0.14075957927699084,0.8592404207230092
0.020438150747048748,0.9795618492529512
0.01598660446730313,0.984013395532697
0.15483818719628079,0.8451618128037193
0.25739520319004683,0.7426047968099532
0.0,1.0
0.4244038289070486,0.5755961710929514
0.349744181516052,0.650255818483948
0.3178768232058507,0.6821231767941492
0.29421626672408724,0.7057837332759127
0.10787383364474912,0.8921261663552509
0.1407366520353384,0.8592633479646615
0.010808485727463157,0.9891915142725368
0.09996577782525624,0.9000342221747438
0.23436171740993053,0.7656382825900694
0.22191783839685392,0.7780821616031461
0.3397847693779365,0.6602152306220634
0.24040783036082858,0.7595921696391715
1.1102230246251565e-16,1.0
0.19534318564470013,0.8046568143552999
0.21500716269426778,0.7849928373057323
0.17352464401527837,0.8264753559847217
0.21015014545544441,0.7898498545445556
5.551115123125783e-17,1.0
0.2320948236971958,0.7679051763028042
0.15019370649138955,0.8498062935086105
0.29371486882790515,0.7062851311720949
0.1890789859772612,0.8109210140227389
0.19983584977627983,0.8001641502237201
0.3046464258384135,0.6953535741615865
0.4181056131790659,0.5818943868209341
0.05429319562341886,0.9457068043765812
0.07724165375825988,0.9227583462417401
0.08675562552702776,0.9132443744729722
0.2447833660124364,0.7552166339875637
0.1241478998110175,0.8758521001889825
0.14261950581961205,0.8573804941803879
0.32892009382578064,0.6710799061742193
0.3356512044868997,0.6643487955131002
0.0,1.0
0.0,1.0
0.2661014042855838,0.7338985957144162
0.0,1.0
0.17585430631061458,0.8241456936893854
0.34913615293863287,0.650863847061367
0.21899517848772937,0.7810048215122707
0.1662923108362977,0.8337076891637023
0.12417366193241322,0.8758263380675867
0.11432076132384153,0.8856792386761584
0.10258439624687084,0.8974156037531291
0.07355459188227657,0.9264454081177234
0.1362944366834448,0.8637055633165553
0.13975285248848612,0.8602471475115139
0.3930238022402025,0.6069761977597975
0.22809691636374807,0.7719030836362519
5.551115123125783e-17,1.0
0.1896282847702106,0.8103717152297893
0.0936744521139625,0.9063255478860375
0.058860225693384075,0.941139774306616
0.194776129918466,0.805223870081534
0.18618449985689994,0.8138155001431001
0.10701105197706201,0.892988948022938
0.22310632836397115,0.7768936716360287
0.49201197286592663,0.5079880271340733
0.2578661450809153,0.7421338549190847
0.1896481792963094,0.8103518207036907
0.019783913573756154,0.9802160864262438
0.15845605013859337,0.8415439498614066
0.05129080125592013,0.9487091987440798
0.21281830227933357,0.7871816977206665
0.05110749392529281,0.9488925060747072
0.10530342925411547,0.8946965707458846
0.3029872715890132,0.6970127284109868
0.1298359006369118,0.8701640993630883
0.449916024622521,0.550083975377479
0.12445798655619647,0.8755420134438034
0.1705800333805343,0.8294199666194657
0.07660436388516484,0.9233956361148352
0.2010533057461358,0.7989466942538642
0.1430262695885781,0.856973730411422
0.22266996360125121,0.7773300363987488
0.03289831486608578,0.9671016851339143
0.13755866267444855,0.8624413373255514
0.09862145958516083,0.9013785404148392
0.18998717491047035,0.8100128250895297
0.3456031829393439,0.6543968170606561
0.03812037839104865,0.9618796216089514
0.015521164917740816,0.9844788350822592
5.551115123125783e-17,1.0
0.05394074753371439,0.9460592524662856
0.0,1.0
0.22500387935288327,0.7749961206471168
0.17847808348748384,0.8215219165125162
0.17986833184051731,0.8201316681594827
0.09657180611230706,0.9034281938876929
0.32069645065292174,0.6793035493470783
0.16990654792501214,0.8300934520749879
0.0,1.0
0.24130993374665582,0.7586900662533442
0.2064169163489392,0.7935830836510608
0.3121941074238716,0.6878058925761285
0.0,1.0
0.21150012645668406,0.788499873543316
0.12999472932064915,0.8700052706793509
0.0,1.0
0.23121247492817815,0.7687875250718219
0.16556984014172846,0.8344301598582715
0.042229587706665996,0.957770412293334
0.3965479500554522,0.6034520499445477
0.0484067403705904,0.9515932596294095
0.1406041080980235,0.8593958919019765
0.16062436161114033,0.8393756383888598
0.40087141367898993,0.5991285863210101
0.3021631336593031,0.6978368663406969
0.5171018517011294,0.4828981482988705
0.2770496971833773,0.7229503028166228
0.07715543451658446,0.9228445654834154
0.12231081346618214,0.8776891865338179
0.36067880142393954,0.6393211985760605
0.11627187071175162,0.8837281292882483
0.15547580364980315,0.8445241963501968
0.22410384451388182,0.7758961554861181
0.23299402292846264,0.7670059770715374
0.24774056395816055,0.7522594360418394
0.25536796162255226,0.7446320383774477
0.24348368588879285,0.7565163141112072
0.07635156586055561,0.9236484341394443
0.26300110567002305,0.7369988943299769
0.12412990834583315,0.8758700916541668
5.551115123125783e-17,1.0
0.17568855832616762,0.8243114416738324
0.3981528853058473,0.6018471146941526
5.551115123125783e-17,1.0
0.397881128350352,0.602118871649648
0.1040265968740173,0.8959734031259827
0.32005096378380626,0.6799490362161937
0.17389526793365115,0.8261047320663488
0.09662001261871815,0.9033799873812819
0.13765880776949233,0.8623411922305078
0.24161677346018437,0.7583832265398157
0.3385838061506537,0.6614161938493464
0.09116295089865736,0.9088370491013427
0.10176703543665276,0.8982329645633472
0.26714195774845584,0.7328580422515442
0.012227981219583314,0.9877720186893112
0.08149520177721918,0.9185047982227809
0.2028304305836627,0.7971695694163372
0.0,1.0
0.2158433850805116,0.7841566149194883
0.25659800264688876,0.7434019973531113
0.0,1.0
0.09306452287096408,0.9069354771290359
0.20472563077119357,0.7952743692288065
5.551115123125783e-17,0.9999999999999999
0.04271525057118612,0.9572847494288139
0.26587330253278435,0.7341266974672157
0.0,1.0
0.12208251252659676,0.8779174874734033
0.08313183231944268,0.9168681676805572
0.20383354497799835,0.7961664550220017
0.098796609864478,0.901203390135522
0.365524301790822,0.6344756982091779
0.0,1.0
0.38538435927568704,0.6146156407243129
0.2982708095374161,0.7017291904625839
0.4027799856283871,0.5972200143716128
0.2246692739618505,0.7753307260381496
0.08161618481750152,0.9183838151824983
0.0,1.0
0.3223411365204285,0.6776588634795715
0.3176527858722173,0.6823472141277828
0.03730223098283167,0.9626977690171683
0.0,1.0
0.07711008530777395,0.9228899146922261
0.1363489331527887,0.8636510668472113
0.0,1.0
0.31072102117840206,0.6892789788215979
0.0,1.0
0.31541630360434897,0.684583696395651
0.18714735339894684,0.8128526466010533
0.12312730011204635,0.8768726998879537
0.02967749614528549,0.9703225038547144
0.21403650976376543,0.7859634902362346
0.24005180611474797,0.759948193885252
0.34325466278244643,0.6567453372175536
0.35943191593005236,0.6405680840699476
0.1469381294566995,0.8530618705433006
0.0,1.0
0.026734649147561018,0.9732653508524389
0.4001330061619332,0.5998669938380669
0.3893550033309675,0.6106449966690325
0.217599561060351,0.782400438939649
0.1773326562951334,0.8226673437048666
0.0,1.0
0.06548910528912083,0.9345108947108791
5.551115123125783e-17,1.0
0.2071279977883084,0.7928720022116915
0.10725679762286087,0.8927432023771391
0.2671733120960829,0.7328266879039171
0.4388718575821742,0.5611281424178258
0.3395711340812735,0.6604288659187265
0.13271238840763933,0.8672876115923607
0.19076844123708087,0.8092315587629191
0.1636310855256154,0.8363689144743847
0.12398228742006774,0.8760177125799322
0.20475632979853126,0.7952436702014688
0.19829069518712006,0.8017093048128799
5.551115123125783e-17,1.0
0.0,1.0
0.12103375161159977,0.8789662483884003
0.3517920959512122,0.6482079040487878
0.046677000432110954,0.953322999567889
0.25267631385386274,0.7473236861461372
0.28868097091871836,0.7113190290812816
0.2600695921738584,0.7399304078261416
0.46158132106991084,0.5384186789300891
0.17950629432284185,0.8204937056771582
0.0,1.0
0.059647293062393324,0.9403527069376066
0.047174728457886325,0.9528252715421137
0.1765296728884933,0.8234703271115068
0.11615957009017416,0.8838404299098258
0.11618040878693729,0.8838195912130627
0.325008579842905,0.674991420157095
0.2818275116450641,0.7181724883549361
0.2707967237380562,0.7292032762619439
0.1981555320404133,0.8018444679595867
0.14321031088128355,0.8567896891187164
0.0,1.0
0.058048595988915055,0.9419514040110849
0.0,1.0
0.18508898928283604,0.814911010717164
0.15244451724192168,0.8475554827580783
0.0,1.0
0.2156598208607773,0.7843401791392227
0.36748367583845876,0.6325163241615414
0.26268389178493257,0.7373161082150674
0.09553665196992385,0.9044633480300762
0.26276582964835166,0.7372341703516484
0.12037186584209549,0.8796281341579044
0.0493922766588617,0.9506077233411383
0.332199958018525,0.6678000419814749
0.27355828284244016,0.7264417171575598
0.16382893900626347,0.8361710609937365
0.0,1.0
0.20395525822894303,0.7960447417710569
0.19737016008081512,0.8026298399191848
0.24712517050607224,0.7528748294939277
0.0,1.0
0.25178034797617904,0.7482196520238209
0.23941640789964003,0.76058359210036
0.2556182900166655,0.7443817099833345
0.29931481091179574,0.7006851890882042
0.30226548446994983,0.6977345155300502
0.2673296943336518,0.7326703056663482
0.21867805970626564,0.7813219402937344
0.25169657371605664,0.7483034262839433
0.03871302737649174,0.9612869726235083
0.17900109936189904,0.820998900638101
0.07743055607587591,0.9225694439241241
0.12357582597102754,0.8764241740289724
0.2942783517929273,0.7057216482070727
0.2633919431189829,0.7366080568810172
0.12255950835247666,0.8774404916475232
0.4471183116108136,0.5528816883891864
0.2800826038621884,0.7199173961378117
0.21903570247957138,0.7809642975204286
0.024711705207122917,0.975288294792877
0.246133543770017,0.7538664562299829
0.2019183492530502,0.7980816507469498
0.19437046519981557,0.8056295348001844
0.21721041508535532,0.7827895849146447
0.2746479711211458,0.7253520288788542
0.27638144575639956,0.7236185542436004
0.20664227171361899,0.793357728286381
0.0,1.0
0.13211123344675832,0.8678887665532417
0.0,1.0
0.18465863040647973,0.8153413695935203
0.09226892818179112,0.9077310718182089
0.1803264040535307,0.8196735959464693
0.27008913751244684,0.7299108624875532
0.03147732712531399,0.968522672874686
0.0938120297977813,0.9061879702022188
0.023317223719072855,0.9766827762809271
0.19228196614306553,0.8077180338569345
0.018928637268362546,0.9810713627316374
0.13980671469853184,0.8601932853014682
0.14662672243151353,0.8533732775684865
0.25141980383527285,0.7485801961647272
0.03876783733340507,0.961232162666595
0.0,1.0
0.09741582072252664,0.9025841792774734
0.1653385128630473,0.8346614871369528
0.182407049908859,0.8175929500911411
0.26104724522443773,0.7389527547755623
0.4503621691549647,0.5496378308450353
0.14335953577869756,0.8566404642213025
0.4030937067751087,0.5969062932248913
5.551115123125783e-17,0.9999999999999999
0.43313184928728077,0.5668681507127192
0.06304321565935066,0.9369567843406494
0.4076721395721299,0.5923278604278701
0.1945696901020514,0.8054303098979486
0.198533569975068,0.8014664300249319
0.30377303499708236,0.6962269650029177
0.32270099154673176,0.6772990084532682
0.12070329132383456,0.8792967086761654
0.0523427527212383,0.9476572472787617
0.0,1.0
0.012298328232882497,0.9877016717671175
0.203173979521451,0.796826020478549
0.21980251532764747,0.7801974846723525
0.10485312244905373,0.8951468775509462
0.09270541111738645,0.9072945888826136
0.1683859475578471,0.831614052442153
0.39684126143085674,0.6031587385691433
0.02167997387921296,0.9783200261207871
0.15115287093512753,0.8488471290648724
0.02058833689227827,0.9794116631077218
0.28454541527121757,0.7154545847287824
0.5934118115626219,0.4065881884373781
0.19740084823360426,0.8025991517663958
0.0,1.0
0.3305236007615367,0.6694763992384632
5.551115123125783e-17,1.0
0.0,1.0
0.14678702247928666,0.8532129775207135
0.23992970295351568,0.7600702970464843
0.0,1.0
0.15274249733496173,0.8472575026650382
0.24094566541540788,0.7590543345845921
0.08422206602756675,0.9157779339724333
0.2849124753378883,0.7150875246621117
0.2109319371528718,0.7890680628471282
0.1322114513176346,0.8677885486823654
0.05741909216713081,0.9425809078328692
0.14772030105353465,0.8522796989464654
0.2726503501353879,0.727349649864612
0.11715704316008264,0.8828429568399173
0.2009337220995394,0.7990662779004606
0.0,1.0
0.15841553647261805,0.841584463527382
0.2548823477309837,0.7451176522690163
5.551115123125783e-17,1.0
0.07597143383705098,0.924028566162949
0.08821270757081792,0.9117872924291821
0.18899600655574375,0.8110039934442563
0.0,1.0
0.09661632165928002,0.90338367834072
0.24323145500217339,0.7567685449978266
0.0,1.0
0.14176323343851208,0.8582367665614878
0.4410565793324987,0.5589434206675014
0.09642026186632408,0.9035797381336759
0.25656511176737107,0.7434348882326289
0.368015281033719,0.631984718966281
0.0,1.0
0.1311219608274824,0.8688780391725176
0.2770561500309294,0.7229438499690706
0.11963224988635539,0.8803677501136445
0.0,1.0
1.1102230246251565e-16,1.0
0.2056591236229059,0.7943408763770942
0.03266592310780104,0.967334076892199
5.551115123125783e-17,0.9999999999999999
0.11098405543373241,0.8890159445662676
0.07348356850100442,0.9265164314989955
0.0420147390239286,0.9579852609760713
0.07740943548364501,0.922590564516355
0.16632810191840186,0.833671898081598
0.06520079998913407,0.9347992000108659
0.20077844769387415,0.7992215523061258
0.48374657689296563,0.5162534231070344
0.15083633776214536,0.8491636622378547
0.0038577676804746304,0.9961422323195254
0.1658777955519119,0.834122204448088
5.551115123125783e-17,1.0
0.2118536516863126,0.7881463483136874
0.21156508583816178,0.7884349141618382
0.2589581539540036,0.7410418460459963
0.4497232942838962,0.5502767057161039
0.16894356866246893,0.831056431337531
0.18670287585403195,0.8132971241459681
0.2767454512534703,0.7232545487465297
0.309794168783525,0.6902058312164749
0.21941742280400486,0.7805825771959951
0.09982914619608269,0.9001708538039174
0.0,1.0
0.12870188644751188,0.8712981135524881
0.3487321782558678,0.6512678217441322
0.23944633290694164,0.7605536670930583
0.24592294084292896,0.7540770591570711
0.0,1.0
0.03647544172765003,0.96352455827235
0.37085922760102724,0.6291407723989727
0.36178546123019184,0.6382145387698082
0.17235026097318018,0.8276497390268198
0.0,1.0
0.05471567293497072,0.9452843270650293
0.08341794928155963,0.9165820507184403
5.551115123125783e-17,1.0
0.134824706758281,0.865175293241719
0.3043674030752748,0.6956325969247251
0.2887353299423939,0.7112646700576061
0.09282223426389485,0.9071777657361051
0.13591229910449565,0.8640877008955044
0.13474924808876,0.8652507519112401
0.2238618517998338,0.7761381482001661
0.05463579843821872,0.9453642015617812
0.215945378561661,0.784054621438339
0.2615154822694878,0.7384845177305123
0.25134303439695,0.74865696560305
0.3113791636656869,0.6886208363343131
0.32690355790035247,0.6730964420996475
0.030953945438912323,0.9690460545610877
0.17137286705631707,0.828627132943683
0.0,1.0
0.24782230958845544,0.7521776904115445
0.3743283615476907,0.6256716384523093
0.032488136829635195,0.9675118631703649
0.2601258955347046,0.7398741044652954
0.49081275724094664,0.5091872427590534
0.24702230519689725,0.7529776948031027
0.3046431124570951,0.695356887542905
0.2769129508198478,0.7230870491801522
0.11497645722467686,0.8850235427753231
0.3849861535591667,0.6150138464408333
0.16219892213393394,0.8378010778660662
0.0,1.0
0.4125288747840109,0.587471125215989
0.22249706447370163,0.7775029355262985
0.28086745401513735,0.7191325459848626
0.18814868065505583,0.8118513193449441
0.22315410850973677,0.7768458914902632
0.28313957725339256,0.7168604227466074
0.05466303370339583,0.9453369662966041
0.3798159414306037,0.6201840585693963
0.1671008929279429,0.832899107072057
0.21581758312545335,0.7841824168745467
0.1824497222578951,0.817550277742105
0.2294511051116162,0.7705488948883837
0.20777679866970963,0.7922232013302904
0.21453539503077343,0.7854646049692267
0.11846058698618074,0.8815394130138193
0.07567612816158492,0.9243238718384151
0.2729008086407096,0.7270991913592905
0.0,1.0
0.3126793939005794,0.6873206060994206
0.07220479972583971,0.9277952002741602
0.5349653320612557,0.46503466793874426
0.24467869195248784,0.7553213080475121
0.32543213246437636,0.6745678675356237
0.199543274737492,0.800456725262508
0.3008484312932006,0.6991515687067994
0.03833058336237209,0.961669416637628
0.09828537283318617,0.9017146271668138
0.0,1.0
0.05535385440807004,0.9446461455919298
0.16770165185206629,0.8322983481479338
5.551115123125783e-17,1.0
5.551115123125783e-17,1.0
5.551115123125783e-17,1.0
0.19590066804004722,0.8040993319599528
0.010797578731137215,0.9892024212688628
0.17173133048443837,0.8282686695155616
0.38554845202970367,0.6144515479702963
1.1102230246251565e-16,1.0
0.07121461777467288,0.9287853822253271
0.07746860223382354,0.9225313977661764
0.3928504765076231,0.6071495234923769
0.27766022959102166,0.7223397704089783
0.3192782986749776,0.6807217013250224
0.0,1.0
0.36984195531486636,0.6301580446851336
0.056309175147202906,0.9436908248527972
0.358407840846104,0.641592159153896
0.2995554222713187,0.7004445777286813
0.031973260342698526,0.9680267396573015
0.4496087499050701,0.5503912500949298
0.25367062959865255,0.7463293704013475
2.8731357570865868e-16,0.9999999999999997
0.3707108529298522,0.6292891470701479
0.36362846002538635,0.6363715399746136
0.03509266477971167,0.9649073352202883
0.22420417138756982,0.7757958286124302
0.14793616557425684,0.8520638344257432
0.24585276188996869,0.7541472381100314
0.45433007119033975,0.5456699288096603
0.04210432831235672,0.9578956716876433
0.23687821612968374,0.7631217838703163
0.0,1.0
0.08521790749045469,0.9147820925095452
0.1255481136253927,0.8744518863746074
0.0,1.0
0.26636131281571446,0.7336386871842856
0.1260833806567998,0.8739166193432002
0.5,0.5
0.059372558954985666,0.9406274410450144
0.11593727851239483,0.8840627214876052
0.0,1.0
0.16586624994025362,0.8341337500597464
0.5774341585973949,0.4225658414026051
0.2244892205629075,0.7755107794370926
0.2524415653882671,0.7475584346117329
0.132408236665483,0.867591763334517
0.3528188441555479,0.6471811558444521
0.45726139080331724,0.5427386091966827
0.0,1.0
0.4723968971934239,0.5276031028065761
0.09251912917329277,0.9074808708267073
0.2097683729757068,0.7902316270242932
0.33656127189314955,0.6634387281068505
0.20559091478000216,0.7944090852199979
0.16346670693538254,0.8365332930646174
0.24447370179500927,0.7555262982049907
0.3498317698234946,0.6501682301765055
0.3676630829293219,0.6323369170706781
0.3154510586004148,0.6845489413995852
0.15683452909930773,0.8431654709006923
0.0,1.0
0.22982187735718354,0.7701781226428166
0.2372742517257795,0.7627257482742205
0.24589454533239136,0.7541054546676087
0.0,1.0
0.3035452054498698,0.6964547945501303
0.33878057555543994,0.6612194244445602
0.446291658853838,0.5537083411461621
0.223280867746505,0.7767191322534951
0.16708839814397913,0.8329116018560208
0.35870199759140037,0.6412980024085997
0.21493777058549104,0.7850622294145091
0.30012041633783687,0.6998795836621632
0.08308440170836612,0.9169155982916339
0.20978596319880521,0.7902140368011948
0.16689181133121872,0.8331081886687812
0.0968793732794052,0.9031206267205949
0.036612100334722134,0.9633878996652778
0.05798098920365156,0.9420190107963483
1.1102230246251565e-16,1.0
0.11687017610746618,0.8831298238925339
0.0,1.0
0.40999149424300824,0.5900085057569918
0.029988836929790985,0.9700111630702091
0.0789695870737556,0.9210304129262444
0.03313557868388042,0.9668644213161196
0.32777969355028497,0.6722203064497151
0.02547684202083144,0.9745231579791686
0.41467706194598347,0.5853229380540165
5.551115123125783e-17,1.0
0.0802334290652623,0.9197665709347378
0.09227957872184081,0.9077204212781591
0.06269166162388742,0.9373083383761126
2.7755575615628914e-17,1.0
0.35876080787614106,0.641239192123859
0.04963776816178872,0.9503622318382113
0.274663309762636,0.725336690237364
0.23578398020064914,0.7642160197993508
0.3717069384600906,0.6282930615399095
0.05046256968240825,0.9495374303175917
0.11766095170926692,0.8823390482907331
0.2083222969090397,0.7916777030909603
0.11270084667051186,0.887299153329488
0.002924334798143519,0.9970756651800686
0.18491150404192208,0.8150884959580779
0.3285200730816406,0.6714799269183593
0.12612320112374747,0.8738767988762525
0.2715538011487706,0.7284461988512295
0.24682714590642071,0.7531728540935793
0.09366896882790067,0.9063310311720995
0.29014582195081645,0.7098541780491835
0.15523678526336168,0.8447632147366383
5.551115123125783e-17,1.0
0.27073639342293815,0.7292636065770618
0.3624194758081341,0.637580524191866
0.10885852991778883,0.8911414700822111
0.07979827101877804,0.920201728981222
0.0,1.0
0.07000049067611405,0.929999509323886
0.03949209047775354,0.9605079095222465
1.6653345369377348e-16,0.9999999999999999
0.4893451738479827,0.5106548261520173
0.10185240580597464,0.8981475941940253
0.12748250693669458,0.8725174930633054
0.22369680148007814,0.7763031985199218
0.3338507782868402,0.6661492217131599
0.07970364946982003,0.92029635053018
0.3876869494914937,0.6123130505085064
0.41873788045300764,0.5812621195469924
0.030906445998179415,0.9690935540018205
0.4447957820999683,0.5552042179000317
0.13854178702033,0.86145821297967
0.21315269502161824,0.7868473049783817
0.2471008259435778,0.7528991740564223
0.05662922810294621,0.9433707718970539
0.17434993963615378,0.8256500603638462
0.22136868183037045,0.7786313181696295
0.24162687460816026,0.7583731253918398
5.204170427930421e-17,1.0
0.20157046028674608,0.7984295397132539
0.08668708607509173,0.9133129139249082
0.17428064002568242,0.8257193599743177
0.1505842867675353,0.8494157132324647
0.10282669718538498,0.897173302814615
0.36511645144403443,0.6348835485559656
0.31982802556454837,0.6801719744354516
0.0829217689821467,0.9170782310178532
5.551115123125783e-17,1.0
0.048690841350151344,0.9513091586498487
0.19424321630579408,0.8057567836942059
0.17701769546402815,0.8229823045359718
0.22838914028061752,0.7716108597193825
0.0,1.0
0.05830431371142302,0.9416956862885769
0.21593797005945567,0.7840620299405443
0.27878446880541574,0.7212155311945844
0.2720528994288421,0.727947100571158
0.23031739190614356,0.7696826080938565
0.136091437933808,0.8639085620661919
0.0,1.0
0.08787972768651875,0.9121202723134813
0.3764135912924577,0.6235864087075423
0.33183087994893795,0.668169120051062
0.036920018455706645,0.9630799815442934
0.0,1.0
0.3252111179682506,0.6747888820317494
0.2594483088743358,0.7405516911256642
0.40166799264013575,0.5983320073598642
0.18995852626726775,0.8100414737327323
0.24633265231595844,0.7536673476840415
5.551115123125783e-17,1.0
0.26167561419068275,0.7383243858093173
0.16222477898089915,0.8377752210191008
0.034433599669483256,0.9655664003305168
0.11742338710839435,0.8825766128916057
0.09127931919705526,0.9087206808029448
0.1357217650194464,0.8642782349805536
0.3990511474962382,0.6009488525037618
0.31684390546126945,0.6831560945387306
0.47909918325801804,0.520900816741982
0.10776182420844267,0.8922381757915574
0.5651754342900634,0.4348245657099366
0.16895439596978049,0.8310456040302195
0.31144160164628104,0.688558398353719
0.33025792963658673,0.6697420703634133
0.309795653831558,0.690204346168442
0.03168042757738724,0.9683195724226128
0.08308197746605982,0.9169180225339402
0.02026084892818521,0.9797391510718149
0.3150249302270254,0.6849750697729746
0.21247979981669085,0.7875202001833091
0.02843506248476794,0.9715649375152321
0.06422857595449426,0.9357714240455057
0.18646783400122516,0.8135321659987749
0.0,1.0
0.23204013043661145,0.7679598695633885
0.13557721036274517,0.8644227896372548
0.08107539979712126,0.9189246002028788
0.08938782435475619,0.9106121756452439
0.20419882880497062,0.7958011711950294
0.020337359365736832,0.9796626406342632
0.10625690995490282,0.8937430900450972
5.551115123125783e-17,1.0
0.2671015797455238,0.7328984202544763
0.1792702456690679,0.8207297543309321
0.11026664008013796,0.889733359919862
0.004348104250014642,0.9956518957499854
0.15564427425352137,0.8443557257464787
0.22219046184091742,0.7778095381590826
0.5276083009059501,0.4723916990940499
0.0,1.0
0.3423108993242484,0.6576891006757516
0.21449346118406543,0.7855065388159346
0.15213350610459803,0.847866493895402
0.22519142046164986,0.7748085795383503
0.1208533217833778,0.8791466782166222
0.0,0.9999999999999999
0.24221355289179544,0.7577864471082045
0.0,1.0
0.0,1.0
0.037096168943953935,0.962903831056046
0.04117759376153482,0.9588224062384652
0.04063537234170896,0.959364627658291
0.4512096045740697,0.5487903954259302
0.05862275419847587,0.9413772458015242
0.14168922589255234,0.8583107741074477
0.0,0.9999999999999999
0.012424239462694473,0.9875757605373056
0.40675940277795497,0.5932405972220449
5.551115123125783e-17,1.0
0.07756354384240577,0.9224364561575943
0.4320056241637154,0.5679943758362846
0.22527045481753033,0.7747295451824696
0.10050835068396893,0.8994916493160311
0.07617808616065354,0.9238219138393464
0.20832696559740932,0.7916730344025907
0.14660013734925506,0.853399862650745
0.1703790067373004,0.8296209932626997
0.0,1.0
0.004050923326191348,0.9959490766738087
0.21517174168291098,0.784828258317089
0.04817926708482215,0.9518207329151779
0.18004997462143485,0.8199500253785651
0.0,1.0
5.551115123125783e-17,1.0
0.2423249942935587,0.7576750057064413
0.3079134131876791,0.6920865868123208
0.2871238924490059,0.7128761075509941
0.0,1.0
0.29115163177354847,0.7088483682264516
0.1832595158146683,0.8167404841853317
0.17173155143094793,0.828268448569052
0.10088756029857822,0.8991124397014217
0.3110637102883027,0.6889362897116973
0.15677758422482027,0.8432224157751798
0.5,0.5
0.32582714788949474,0.6741728521105053
0.16663959705479903,0.833360402945201
0.0,1.0
0.47683364523649235,0.5231663547635077
0.02014459979442957,0.9798554002055704
0.24679678326703527,0.7532032167329648
0.047847359081331926,0.9521526409186681
0.3360475264702484,0.6639524735297516
0.1918551022294067,0.8081448977705933
0.3302608325282967,0.6697391674717033
0.37450941056866377,0.6254905894313363
0.16819394132266738,0.8318060586773327
0.32083238521291013,0.6791676147870899
0.16723913964333376,0.8327608603566662
0.1300233151447242,0.8699766848552758
0.16899367601970228,0.8310063239802977
0.24709480736353776,0.7529051926364623
0.1738372959212137,0.8261627040787862
0.2084498202404101,0.79155017975959
0.39064070346584234,0.6093592965341577
0.199814788253083,0.800185211746917
2.220446049250313e-16,0.9999999999999999
0.16740103545129809,0.832598964548702
0.2957383098335869,0.7042616901664132
0.5,0.5
0.08547463786865403,0.9145253621313459
0.14226381497026697,0.8577361850297331
0.06612990890970125,0.9338700910902987
0.0,1.0
0.0,1.0
0.24452603488326177,0.7554739651167381
0.06839531093229183,0.9316046890677082
0.29498044547702973,0.7050195545229703
0.2833473619630057,0.7166526380369944
0.17801376068134384,0.8219862393186562
0.2738066099092283,0.7261933900907717
0.3267651280273,0.6732348719727
0.13354086373001148,0.8664591362699885
0.050326625264160485,0.9496733747358396
0.04535110317057916,0.9546488968294209
0.00874966829519742,0.9912503317048026
0.4700931600701498,0.5299068399298502
0.22700638247966282,0.7729936175203372
0.13856791207910113,0.8614320879208988
0.22817234986409834,0.7718276501359016
0.1810085065855862,0.8189914934144138
0.24236189988849974,0.7576381001115002
0.287380756006266,0.712619243993734
0.2112617093842366,0.7887382906157634
0.19906343519748687,0.8009365648025132
0.28312424429907873,0.7168757557009214
0.19052880122062335,0.8094711987793767
0.3097964574610454,0.6902035425389547
0.20748448271499412,0.7925155172850058
0.2506281018969156,0.7493718981030845
0.0,1.0
0.11030795807579745,0.8896920419242026
0.4341625597706454,0.5658374402293547
0.12004310251198468,0.8799568974880153
0.24458560464264392,0.7554143953573561
0.27652228558009123,0.7234777144199087
0.4261119724717404,0.5738880275282596
0.42651625067199167,0.5734837493280084
0.10241301148766387,0.8975869885123362
0.11607849101707315,0.8839215089829269
0.45001065267916135,0.5499893473208387
0.04287361409350235,0.9571263859064977
0.17118403496354676,0.8288159650364533
0.32319484599853693,0.676805154001463
0.47033102876539873,0.5296689712346012
0.0,1.0
0.22532845201097315,0.7746715479890269
0.16053031457244601,0.839469685427554
1.1102230246251565e-16,1.0
0.03755397694120258,0.9624460230587975
0.18907207192366904,0.810927928076331
0.19786195305417814,0.8021380469458218
0.24857290737988674,0.7514270926201133
0.0,1.0
5.551115123125783e-17,1.0
0.23640555862144763,0.7635944413785524
5.551115123125783e-17,1.0
0.42985512007651805,0.570144879923482
5.551115123125783e-17,1.0
0.09867583812821112,0.9013241618717888
0.2142423970469604,0.7857576029530396
0.2138831811787384,0.7861168188212616
0.2531607341887011,0.746839265811299
0.12650708829382395,0.873492911706176
0.26326527181298154,0.7367347281870186
0.37425433053608564,0.6257456694639144
0.3286024867486329,0.671397513251367
5.551115123125783e-17,1.0
0.0,1.0
0.39080958027405754,0.6091904197259425
0.13282586662144663,0.8671741333785534
0.07523852072421332,0.9247614792757868
0.05278306311818994,0.9472169368818101
0.12308953754715565,0.8769104624528444
0.17529110883481694,0.8247088911651831
0.24121092868697172,0.7587890713130284
0.12108523735160702,0.878914762648393
1.1102230246251565e-16,1.0
0.14402713669881534,0.8559728633011847
0.08144913158725739,0.9185508684127427
0.24785491997627265,0.7521450800237273
1.1102230246251565e-16,0.9999999999999999
0.23589154779176266,0.7641084522082374
0.4402776908994883,0.5597223091005117
0.03328494116503228,0.9667150588349678
1.1102230246251565e-16,1.0
0.0,1.0
0.20092193674148076,0.7990780632585193
0.36128028898085474,0.6387197110191453
5.551115123125783e-17,1.0
0.23930642455065526,0.7606935754493448
0.18262420727070788,0.8173757927292921
0.39199457639896945,0.6080054236010305
0.26465149426836376,0.7353485057316361
0.262402959090624,0.737597040909376
0.3445041434903268,0.6554958565096732
0.06165717807281901,0.938342821927181
0.27014630794208166,0.7298536920579184
0.2216108388958821,0.7783891611041179
0.08390342897877733,0.9160965710212227
0.0,1.0
0.5,0.5
0.0,1.0
0.23448243114426065,0.7655175688557393
0.1388184048468868,0.8611815951531132
0.20885507996165154,0.7911449200383485
0.21813928160905396,0.7818607183909461
0.0,1.0
0.14337261433242457,0.8566273856675755
0.04674896061772719,0.9532510393822727
0.0,1.0
0.1327487223996453,0.8672512776003547
0.3206008458779203,0.6793991541220796
0.18158826197688355,0.8184117380231164
0.17980497050939193,0.8201950294906082
0.25930028641364267,0.7406997135863573
0.0,1.0
0.013245464842333559,0.9867545351576664
0.33621422230294,0.66378577769706
0.04195025535833543,0.9580497446416646
0.34800038624654095,0.651999613753459
0.2259893650096211,0.774010634990379
0.4627970608109634,0.5372029391890366
0.23567971135565946,0.7643202886443405
0.21918385107104474,0.7808161489289553
0.24265200365343853,0.7573479963465615
0.11642111880290819,0.8835788811970918
0.2337450074109931,0.766254992589007
0.0,1.0
0.04989753667610683,0.9501024633238931
0.09030976592659423,0.9096902340734058
0.009275461385739609,0.9907245386142604
0.36138708057811686,0.6386129194218833
0.1361173773373255,0.8638826226626746
0.1883959420827882,0.8116040579172117
5.551115123125783e-17,1.0
0.3055756950112688,0.6944243049887313
0.22657186736456733,0.7734281326354326
0.0855897854495509,0.9144102145504491
0.32324778207611227,0.6767522179238877
5.551115123125783e-17,0.9999999999999999
0.07441880214607005,0.92558119785393
0.21928841139966515,0.780711588600335
0.26680551342454645,0.7331944865754536
0.3707309730501744,0.6292690269498257
0.049149089733493696,0.9508509102665063
0.31183817813848086,0.6881618218615192
0.1482676764295762,0.8517323235704238
0.3682370757945492,0.6317629242054509
0.04958786768476623,0.9504121323152339
0.4683045629874537,0.5316954370125463
0.24298364864457547,0.7570163513554244
0.024035224381360132,0.9759647756186398
0.05641477662701489,0.9435852233729852
0.2101442761261668,0.7898557238738332
5.551115123125783e-17,1.0
0.30517604666569564,0.6948239533343044
0.21680893962726067,0.7831910603727393
0.23695483098142736,0.7630451690185727
0.14376380452936308,0.856236195470637
0.0,1.0
0.2254912474581467,0.7745087525418533
0.0,1.0
0.08042861887408216,0.919571381125918
0.2704308968235782,0.7295691031764219
0.19982699434678386,0.8001730056532161
0.10176423123455944,0.8982357687654406
0.28371567705833445,0.7162843229416656
0.06258765672825306,0.9374123432717469
0.038651903890485326,0.9613480961095145
0.0,1.0
0.3297250059886099,0.6702749940113902
0.2777017879205976,0.7222982120794025
0.3543184637422999,0.6456815362577001
0.30680016797521237,0.6931998320247875
0.13874485370467352,0.8612551462953265
0.0551330979021544,0.9448669020978456
0.42873737474159557,0.5712626252584044
0.26123437844348535,0.7387656215565146
0.28992782671121103,0.7100721732887889
0.07292245677703588,0.9270775432229641
0.11118050583290204,0.8888194941670979
0.19739502924920663,0.8026049707507934
0.14149504720237074,0.8585049527976293
0.3638196417049734,0.6361803582950266
0.4027937771533966,0.5972062228466033
0.20072917046111532,0.7992708295388846
0.3081477601774657,0.6918522398225343
5.551115123125783e-17,1.0
0.33506206606450956,0.6649379339354904
0.0,1.0
0.01311048547709533,0.9868895145229046
0.05342691818359989,0.9465730818164001
0.33791418826447944,0.6620858117355206
0.09537318096562562,0.9046268190343745
0.0,1.0
0.09143608764058733,0.9085639123594127
0.0,1.0
0.03858114664113267,0.9614188533588675
0.13627228522423546,0.8637277147757645
0.3237095119499763,0.6762904880500237
0.11737869532369884,0.8826213046763012
0.25369137946856746,0.7463086205314325
0.3360443954828947,0.6639556045171053
0.0,1.0
0.0852034136940461,0.914796586305954
0.3224039691918804,0.6775960308081196
0.3774385201776225,0.6225614798223775
0.26012543183841735,0.7398745681615827
0.1348215507190168,0.8651784492809832
0.15056223443453395,0.849437765565466
0.0,1.0
0.16623656641928117,0.8337634335807189
0.0,1.0
0.24880430870029033,0.7511956912997098
0.005808150914234301,0.9941918490857657
0.16765032848440567,0.8323496715155944
0.051576046588361985,0.9484239534116381
0.241232392414122,0.758767607585878
0.21017060858291142,0.7898293914170886
0.31251093452790146,0.6874890654720985
0.2945512022542939,0.7054487977457061
0.27969358103457,0.72030641896543
0.3643955402538503,0.6356044597461498
0.14222198004898665,0.8577780199510134
0.08242122881021362,0.9175787711897864
0.42177448481972946,0.5782255151802705
0.09104389688247252,0.9089561031175276
0.3350754160568758,0.6649245839431243
0.34949815862038314,0.6505018413796169
0.042558996636015325,0.9574410033639846
0.16583408026919735,0.8341659197308027
0.0748415375860874,0.9251584624139125
0.05720678440577058,0.9427932155942295
0.11631770124490864,0.8836822987550913
0.22445322818999305,0.7755467718100071
0.3549545471332982,0.6450454528667018
0.17306634705285595,0.826933652947144
0.2079018647235152,0.7920981352764848
0.08806856899981028,0.9119314310001897
0.35282690149596163,0.6471730985040384
0.12539310048304814,0.8746068995169519
0.27885224525918545,0.7211477547408145
0.020886601977700127,0.9791133980222999
0.0,1.0
0.3761553956474132,0.6238446043525867
0.2636390321668969,0.7363609678331031
0.3989756706055888,0.6010243293944112
0.2625886506298146,0.7374113493701854
0.3914297719133709,0.6085702280866291
0.03377177613074399,0.9662282238692561
0.3064008473738707,0.6935991526261294
0.3192944877113994,0.6807055122886007
0.09844474880094184,0.9015552511990582
0.0,1.0
0.32865584487171723,0.6713441551282828
0.24434934250874304,0.7556506574912569
0.11255331623976109,0.8874466837602389
0.08641417559288421,0.9135858244071159
0.45881736789053706,0.5411826321094629
0.0,1.0
0.07073133595878217,0.9292686640412178
0.19632920558212408,0.803670794417876
0.0,1.0
0.1313128869560805,0.8686871130439195
0.16383718701038774,0.8361628129896123
0.4282239365467409,0.5717760634532592
0.3082423566184303,0.6917576433815696
0.00801319233042285,0.9919868076695771
0.2747333649655933,0.7252666350344067
0.026251898829026947,0.9737481011709731
5.551115123125783e-17,1.0
0.17452688674034292,0.8254731132596571
0.07362561670235745,0.9263743832976427
0.0,1.0
0.19874717956148688,0.8012528204385132
0.11052530640192129,0.8894746935980787
0.2022767299136711,0.797723270086329
0.4705611845254233,0.5294388154745767
0.11246696938372946,0.8875330306162705
0.23134800520018192,0.768651994799818
0.15951616877540314,0.8404838312245968
0.18947864458298086,0.8105213554170192
0.2972129009734846,0.7027870990265155
0.11588083619880034,0.8841191638011997
0.02167299474320693,0.9783270052567932
0.041822645197838286,0.9581773548021617
0.15098417856113305,0.8490158214388669
0.13289089253739242,0.8671091074626076
0.047129183043586265,0.9528708169564137
0.17604940777028688,0.8239505922297131
0.15622449998219445,0.8437755000178057
0.18225644904615618,0.8177435509538438
0.19367553702641824,0.8063244629735818
0.0,1.0
0.33867217996741356,0.6613278200325866
0.15435993150910793,0.8456400684908921
0.26462770786240064,0.7353722921375995
0.37408870617127543,0.6259112938287247
0.21192741603384482,0.7880725839661553
0.0,1.0
0.18650860985221857,0.8134913901477815
0.13205385480686294,0.8679461451931372
0.09449979092102326,0.9055002090789768
0.26006676158391717,0.7399332384160828
0.07267432535464476,0.9273256746453553
0.13855033035934505,0.861449669640655
0.36317077884984195,0.636829221150158
0.2730602590086491,0.726939740991351
0.18652808344234614,0.8134719165576538
0.0,1.0
0.3107688211451003,0.6892311788548997
0.2962700971722103,0.7037299028277897
0.2222730973948691,0.7777269026051309
0.06387529507503938,0.9361247049249606
0.12969206551072876,0.8703079344892712
0.3120771155640223,0.6879228844359777
0.22995281211515156,0.7700471878848485
0.17048694889389807,0.829513051106102
0.23584761166975868,0.7641523883302414
0.06302392518957356,0.9369760748104264
0.12950436160337642,0.8704956383966236
0.32909950531133825,0.6709004946886618
0.1425713973234642,0.8574286026765358
0.18020976949620435,0.8197902305037956
0.19777345534974122,0.8022265446502588
0.15711439611304637,0.8428856038869538
0.3814168824863521,0.6185831175136479
0.27961422053625545,0.7203857794637446
0.20806029406503593,0.791939705934964
0.25609409489637847,0.7439059051036215
0.2450731818606082,0.7549268181393919
0.03380466928723056,0.9661953307127694
0.206618180266252,0.7933818197337481
0.0,1.0
0.1855171156940854,0.8144828843059145
0.3493685003885251,0.6506314996114749
0.16349913546646327,0.8365008645335367
0.15903694977657867,0.8409630502234213
0.3696906457821081,0.6303093542178919
0.0862626549156821,0.913737345084318
0.09581352150022024,0.9041864784997797
0.3519759205758653,0.6480240794241348
0.0,1.0
0.24510477191027227,0.7548952280897278
0.26336052169297386,0.7366394783070261
0.0,1.0
0.0,1.0
0.17803886357442283,0.8219611364255771
0.10247969784059782,0.8975203021594022
0.3612188258375934,0.6387811741624065
0.22906786918514097,0.770932130814859
0.3892268720121109,0.6107731279878891
1.1102230246251565e-16,1.0
0.28238495948222675,0.7176150405177734
0.04314966003855979,0.9568503399614402
0.2544507062961864,0.7455492937038136
0.5,0.5
0.20299810927746575,0.7970018907225342
0.05843477895732747,0.9415652210426725
0.08911796150826234,0.9108820384917377
0.0,1.0
0.11702659246484258,0.8829734075351574
0.303318334190144,0.696681665809856
0.0,1.0
0.03881520814807865,0.9611847918519214
0.30390542411939875,0.6960945758806012
0.1844717247435789,0.8155282752564211
0.2330132103306829,0.7669867896693171
0.06493204127802833,0.9350679587219717
0.10887934554112481,0.8911206544588752
0.22694994757914497,0.773050052420855
0.19386820441396793,0.8061317955860322
0.10883623698292968,0.8911637630170703
0.04493273169321377,0.9550672683067863
0.1442785624240556,0.8557214375759444
0.18287480765127376,0.8171251923487262
0.0,1.0
0.31681984545770486,0.6831801545422951
0.0955480229644439,0.9044519770355561
0.5,0.5
0.22924961173002523,0.7707503882699748
0.22316771948822792,0.7768322805117721
0.047459843897568334,0.9525401561024316
0.0,1.0
0.17951521628367448,0.8204847837163256
0.45326381382816683,0.5467361861718332
0.028523333867282216,0.9714766661327179
0.05114447285555699,0.948855527144443
0.5091676982243629,0.4908323017756371
0.18199232087782927,0.8180076791221708
0.27352434868777475,0.7264756513122252
0.2967490112049651,0.7032509887950349
0.2350920956178878,0.7649079043821122
0.1159753040723012,0.8840246959276988
0.15432738511045493,0.845672614889545
0.408390545246078,0.591609454753922
5.551115123125783e-17,1.0
2.7755575615628914e-16,0.9999999999999998
0.07308629584736331,0.9269137041526367
0.05027089325068737,0.9497291067493127
1.1102230246251565e-16,1.0
0.1331665442280714,0.8668334557719286
0.06606593715225993,0.93393406284774
0.07981961412473067,0.9201803858752694
0.12662285602276324,0.8733771439772366
0.07020196036765322,0.9297980396323469
0.22596195640119915,0.7740380435988009
0.40834886783115065,0.5916511321688493
0.28032184353025646,0.7196781564697436
0.14945942543825771,0.8505405745617424
0.23071314106288612,0.7692868589371139
0.01736366829067128,0.9826363317093287
0.09673219447717586,0.9032678055228242
0.0,1.0
0.0,1.0
0.10133858647485892,0.8986614135251412
0.19240274940967406,0.807597250590326
0.0,1.0
0.15248037851351243,0.8475196214864875
0.2694034647568014,0.7305965352431986
0.2785041349758727,0.7214958650241274
0.3010836484115384,0.6989163515884615
0.01478807935656773,0.9852119206434322
0.10198004568565601,0.898019954314344
0.07332740962046903,0.926672590379531
0.15179060660904084,0.8482093933909591
0.0,1.0
0.19349460612275937,0.8065053938772406
0.3222615785663656,0.6777384214336344
0.12079944349274156,0.8792005565072585
0.39295868822640406,0.6070413117735959
0.008180893941760909,0.9918191060582391
0.1487900574484963,0.8512099425515037
0.32315011230220564,0.6768498876977944
5.551115123125783e-17,1.0
0.11920499795361077,0.8807950020463892
0.1666056093033181,0.833394390696682
0.1981525101955636,0.8018474898044363
0.32027585610590315,0.6797241438940967
0.21646186420685076,0.7835381357931492
0.0,1.0
0.2804076085186044,0.7195923914813955
0.33330497844777995,0.66669502155222
0.13883880674300825,0.8611611932569918
0.5907444783828546,0.40925552161714535
0.029799954217076235,0.9702000457829237
0.18316456558981978,0.8168354344101802
0.31174315360175364,0.6882568463982464
0.2597117700743349,0.7402882299256651
0.3186984886515187,0.6813015113484813
0.5,0.5
0.2246743529821715,0.7753256470178286
0.11535435705968866,0.8846456429403113
0.1646375314270074,0.8353624685729926
0.2980982006143247,0.7019017993856753
0.27505632280160064,0.7249436771983994
0.2182482171146416,0.7817517828853584
0.2247395190681475,0.7752604809318525
0.09607546701251846,0.9039245329874815
0.04852898808498546,0.9514710119150146
0.11494217592075161,0.8850578240792484
0.19548575188743422,0.8045142481125659
0.2334589404151992,0.7665410595848007
0.3533353698659184,0.6466646301340817
0.2831662329673314,0.7168337670326685
0.246601205152262,0.753398794847738
0.3306165113885577,0.6693834886114424
0.0,1.0
0.0,1.0
0.0,1.0
0.3004740193707907,0.6995259806292092
0.06721796788248477,0.9327820321175153
0.2378812985751415,0.7621187014248585
0.30910121176419353,0.6908987882358064
0.39735339727362834,0.6026466027263716
0.07859172827126198,0.9214082717287381
0.3629822460584378,0.6370177539415622
0.4459060549382,0.5540939450618
0.11486334167959862,0.8851366583204014
0.25413637467729416,0.7458636253227059
0.17108551957735912,0.8289144804226408
0.0,1.0
0.04298914370481299,0.957010856295187
0.17756051781922227,0.8224394821807778
0.13277756387977172,0.8672224361202283
0.0,1.0
0.12334112901775708,0.8766588709822429
0.032657708992665714,0.9673422910073343
0.23549844151846724,0.7645015584815327
0.11931461629684117,0.880685383703159
0.05084710863429333,0.9491528913657067
0.18319614889134225,0.8168038511086577
0.0,1.0
0.38305498823061473,0.6169450117693852
0.10472013973698038,0.8952798602630196
0.028383857648006508,0.9716161423519936
0.12656123176652834,0.8734387682334717
0.04011586292361889,0.9598841370763811
0.161328953599581,0.838671046400419
0.20987878223800396,0.7901212177619961
0.03855365314404985,0.9614463468559503
0.24780791535109545,0.7521920846489046
0.19986320689834097,0.800136793101659
0.0,1.0
0.25168903861585123,0.7483109613841488
0.0656828101472484,0.9343171898527516
0.246424797338683,0.753575202661317
0.2425522114489204,0.7574477885510796
0.07252199445934422,0.9274780055406557
0.3406323725412897,0.6593676274587104
0.3195567500199758,0.6804432499800241
0.2604427275141158,0.7395572724858843
0.23545164397211418,0.7645483560278858
0.3563941521251994,0.6436058478748006
0.1184947886826997,0.8815052113173003
0.19589114072599353,0.8041088592740064
0.30741546390411517,0.6925845360958848
0.0,1.0
0.1918987474630748,0.8081012525369252
5.551115123125783e-17,0.9999999999999999
0.0,1.0
0.10035826420720166,0.8996417357927984
0.0,1.0
0.010894667794543308,0.9891053322054567
0.0942605805954718,0.9057394194045282
0.2936242064476109,0.7063757935523891
0.2872317697318139,0.712768230268186
0.07180343255121281,0.9281965674487871
0.37081435600561224,0.6291856439943878
5.551115123125783e-17,0.9999999999999999
0.18419394037145465,0.8158060596285452
0.3513568769732384,0.6486431230267616
0.3281027638693239,0.6718972361306762
1.6653345369377348e-16,0.9999999999999999
0.09580246089745127,0.9041975391025487
0.09462259709835125,0.9053774029016488
0.19757938968362632,0.8024206103163737
0.16248214966668612,0.8375178503333139
0.08591822668745865,0.9140817733125415
0.09559835504337362,0.9044016449566263
0.45660895110088656,0.5433910488991135
0.19548217105595894,0.8045178289440411
0.18104884595132895,0.818951154048671
0.24915545361731106,0.7508445463826889
0.1555865751892261,0.844413424810774
0.07708817986821072,0.9229118201317893
0.23106690635289312,0.7689330936471068
0.18239447716347512,0.8176055228365249
0.0,1.0
0.268156886689959,0.7318431133100411
0.16495621062151208,0.8350437893784879
0.16475393759943183,0.8352460624005682
0.26231688076196297,0.737683119238037
0.27482934195927994,0.72517065804072
0.2501718313061719,0.7498281686938282
0.15745966596996502,0.842540334030035
0.3617418374184193,0.6382581625815807
0.08270221337719892,0.917297786622801
0.032770170248868816,0.9672298297511311
0.18315964200315846,0.8168403579968415
0.2612279192990675,0.7387720807009325
0.32809615072112297,0.671903849278877
0.07010417600502383,0.9298958239949762
0.3241927047946905,0.6758072952053096
0.24492389167404913,0.755076108325951
0.18612553543952484,0.8138744645604751
0.060197590643324805,0.9398024093566753
5.551115123125783e-17,1.0
5.551115123125783e-17,1.0
0.17311613749919363,0.8268838625008064
0.37094477897185746,0.6290552210281425
0.07989013023265464,0.9201098697673453
0.2838763346408559,0.7161236653591441
0.0,1.0
0.02937547630195364,0.9706245236980464
0.2397631805997703,0.7602368194002298
0.2670410569301744,0.7329589430698258
0.0,1.0
0.0,1.0
0.19196929616461295,0.8080307038353871
0.3263768046712316,0.6736231953287685
0.45396289102420395,0.546037108975796
0.5,0.5
0.10729096074148446,0.8927090392585155
0.22740815327927358,0.7725918467207264
0.29680924675536774,0.7031907532446322
0.24319756729613304,0.756802432703867
0.13303472358457977,0.8669652764154202
0.2420733345399182,0.7579266654600818
0.12825698300895041,0.8717430169910496
0.2017287900606588,0.7982712099393412
0.1569899199825343,0.8430100800174657
0.23233533339459161,0.7676646666054083
0.32245228010604704,0.677547719893953
0.047662439209932024,0.952337560790068
0.0,1.0
0.31130613264048973,0.6886938673595104
0.3285562347397114,0.6714437652602886
0.05138498746252349,0.9486150125374765
0.22073497524582825,0.7792650247541717
0.32832933641352,0.6716706635864799
0.0170563247046184,0.9829436752953816
0.3029055353083067,0.6970944646916932
0.0,1.0
0.36830188628336114,0.6316981137166389
0.23952135273588462,0.7604786472641153
0.06877698235376914,0.9312230176462308
0.2692898995336165,0.7307101004663835
0.09345025488472065,0.9065497451152794
0.3013648959376311,0.698635104062369
0.24353175354739712,0.7564682464526029
0.12415231377183208,0.875847686228168
0.39660694997798457,0.6033930500220155
0.2651505555794478,0.7348494444205522
0.385703623576699,0.6142963764233009
0.3169149708931716,0.6830850291068283
0.0,1.0
0.37527557153464797,0.624724428465352
5.551115123125783e-17,1.0
0.26676226559528127,0.7332377344047187
0.0,1.0
0.1125339932482227,0.8874660067517773
0.0,1.0
0.20097212616600862,0.7990278738339914
0.22299140672035053,0.7770085932796496
0.25227407761181536,0.7477259223881846
0.37696340716212734,0.6230365928378727
0.08752988676560028,0.9124701132343997
0.15506784403368828,0.8449321559663118
0.203591922074177,0.796408077925823
0.0,1.0
0.19760108003186763,0.8023989199681324
0.3850332506464436,0.6149667493535564
0.35069754097053396,0.6493024590294662
0.21288204196181137,0.7871179580381886
0.31522391947333234,0.6847760805266677
0.1839945351644156,0.8160054648355843
0.20667894337801573,0.7933210566219843
0.21524707696222187,0.7847529230377781
0.1264138454682613,0.8735861545317387
0.4523579322038267,0.5476420677961733
0.33074538439354373,0.6692546156064563
0.14342069047379152,0.8565793095262085
0.04891763916628697,0.951082360833713
0.18615834992848307,0.813841650071517
0.1269162099399189,0.8730837900600812
0.11025108520346366,0.8897489147965363
0.24212948049099686,0.7578705195090032
0.08183620439509424,0.9181637956049058
0.4275235928234591,0.5724764071765408
0.2713938068703779,0.7286061931296222
0.2628740395519964,0.7371259604480036
0.15576612259846895,0.844233877401531
0.24246090230563547,0.7575390976943646
0.15926761920765883,0.8407323807923411
0.0,1.0
0.09418954968959437,0.9058104503104056
0.08434748982853371,0.9156525101714663
0.33101639934362226,0.6689836006563776
0.25123820022558074,0.7487617997744194
0.08698550460643831,0.9130144953935617
0.14594463489337076,0.8540553651066294
0.06031682049364822,0.9396831795063517
0.2688947493790305,0.7311052506209695
0.0408890262040223,0.9591109737959777
0.1841061903886871,0.8158938096113129
0.21783702331327076,0.7821629766867292
0.2715136099238018,0.7284863900761982
0.20866314269636257,0.7913368573036375
0.21611451301207935,0.7838854869879207
0.3022667448169336,0.6977332551830664
0.28534150413093307,0.7146584958690669
5.551115123125783e-17,1.0
0.1926340395287254,0.8073659604712746
0.12424163329974353,0.8757583667002565
0.3825288289003061,0.617471171099694
0.24543619519737325,0.7545638048026267
0.15252273767109245,0.8474772623289075
0.0,1.0
0.08192401422892892,0.9180759857710711
0.23683711162004037,0.7631628883799597
0.2332366531675986,0.7667633468324014
0.03614437827106369,0.9638556217289364
0.049087453822457966,0.9509125461775421
0.29594643585692587,0.7040535641430743
0.27538958849594614,0.7246104115040538
0.34909982852402727,0.6509001714759728
0.19233183173234206,0.807668168267658
0.3394251829581573,0.6605748170418427
0.04527471699423761,0.9547252830057624
0.0,1.0
0.18841635021874537,0.8115836497812546
0.17201658269242742,0.8279834173075725
0.11014349270637139,0.8898565072936286
0.1850781271350115,0.8149218728649884
0.40301892020795793,0.5969810797920421
0.1843467843624468,0.8156532156375533
0.2670673438951941,0.732932656104806
0.14321084510434778,0.8567891548956522
0.12610890707358033,0.8738910929264196
0.20795545254363268,0.7920445474563673
0.4149915395892001,0.5850084604107999
0.0,0.9999999999999999
0.094274373171708,0.905725626828292
0.25045345932848256,0.7495465406715175
0.2362838816541844,0.7637161183458158
0.0,1.0
0.2812360566970043,0.7187639433029958
0.24220153483650422,0.7577984651634958
0.05909604411089257,0.9409039558891075
0.22891775873278059,0.7710822412672195
0.3488240074188846,0.6511759925811154
0.38406098936796157,0.6159390106320386
0.13633956033933436,0.8636604396606656
0.06587999213065403,0.9341200078693461
0.05304143452506586,0.9469585654749342
5.551115123125783e-17,1.0
0.3119548874144318,0.6880451125855682
0.33137084970353653,0.6686291502964635
0.05794257132084236,0.9420574286791576
0.40486390258634747,0.5951360974136525
0.018465615707283434,0.9815343842927166
0.04889263490613978,0.9511073650938603
0.10694890210998359,0.8930510978900164
0.0,1.0
0.0,1.0
0.03055112168403268,0.9694488783159673
0.12168775774036142,0.8783122422596386
0.11747866236273788,0.8825213376372621
0.14700008511877583,0.8529999148812241
2.7755575615628914e-17,1.0
0.0,1.0
0.2519298369341567,0.7480701630658433
0.36072224324303603,0.639277756756964
0.21362773862856121,0.7863722613714388
0.20556888569694745,0.7944311143030525
0.41130608299227117,0.5886939170077288
0.15423728859762584,0.8457627114023742
0.025213397487439546,0.9747866025125604
0.10955504152778338,0.8904449584722166
0.12129009320777812,0.8787099067922219
0.371513350847528,0.628486649152472
0.3667023433965638,0.6332976566034363
0.0,1.0
0.29675317156714937,0.7032468284328506
0.17466470116870267,0.8253352988312973
0.27562129430727733,0.7243787056927227
0.24540315673206564,0.7545968432679343
0.1522870668535819,0.847712933146418
0.1197646274167679,0.8802353725832321
0.3523370479878055,0.6476629520121945
0.4548530192804174,0.5451469807195827
0.02620826499465762,0.9737917350053423
0.3096423817078305,0.6903576182921695
0.08806645188569145,0.9119335481143085
0.1779728787085397,0.8220271212914603
0.048649333626767766,0.9513506663732323
0.3808155414104439,0.6191844585895561
0.20845508165136203,0.791544918348638
0.15012276646820305,0.849877233531797
0.18523823073763276,0.8147617692623672
0.0,1.0
5.551115123125783e-17,1.0
0.2770572785555214,0.7229427214444786
0.07627528896871857,0.9237247110312815
0.3774712366248057,0.6225287633751942
0.24576442424047307,0.7542355757595269
0.15004324178847966,0.8499567582115205
0.07841977710591061,0.9215802228940894
0.16698408081666727,0.8330159191833327
0.2693178727568824,0.7306821272431177
0.10445911207347626,0.8955408879265238
0.1622505052791502,0.8377494947208498
0.31565266401754466,0.6843473359824553
0.11732536192998896,0.882674638070011
0.39517418230133505,0.604825817698665
0.3179539263024464,0.6820460736975537
0.09743792022922429,0.9025620797707757
0.234069192407288,0.765930807592712
0.0,1.0
0.1630202863605381,0.8369797136394619
0.2644089230396336,0.7355910769603664
0.3401783072509882,0.6598216927490117
0.19452391549178621,0.8054760845082138
0.13881307338666088,0.8611869266133393
0.3656371635758525,0.6343628364241475
0.17186717184320083,0.8281328281567991
0.04585341962475627,0.9541465803752438
0.3493444317481854,0.6506555682518147
0.22589033805130473,0.7741096619486952
1.1102230246251565e-16,1.0
0.16692346408683637,0.8330765359131637
0.12739252241809346,0.8726074775819067
0.0,1.0
0.2154717608856869,0.784528239114313
