CT-5,CT-6
0.6500992973871083,0.3499007026128916
0.6162465846253873,0.38375341537461277
0.5010038871891538,0.49899611281084616
0.7058795266277049,0.29412047337229513
0.6369652162722311,0.3630347837277689
0.6366459961303464,0.36335400386965366
0.687644161411744,0.3123558385882558
0.7439262108716337,0.25607378912836626
0.5775403132776505,0.42245968672234935
0.7023175205574924,0.2976824794425074
0.6763598225536316,0.3236401774463684
0.4997839668597671,0.5002160331402328
0.6811228803293544,0.3188771196706456
0.6349167662812275,0.36508323371877255
0.7915445580732321,0.20845544192676807
0.6642770149647101,0.3357229850352897
0.7545525214978641,0.24544747850213594
0.4913816798541014,0.5086183201458988
0.6100774193658853,0.3899225806341148
0.8790348419747909,0.1209651580252091
0.6447388713439458,0.35526112865605414
0.6313835936070876,0.3686164063929124
0.6060649972492616,0.39393500275073856
0.510755995963263,0.4892440040367368
0.8345565210230629,0.1654434789769371
0.5978754897832892,0.40212451021671086
0.8427412694926267,0.15725873050737307
0.8095398990059414,0.19046010099405858
0.6324579150167985,0.3675420849832014
0.43784273593514716,0.5621572640648527
0.6640598014293394,0.3359401985706606
0.5305389513702644,0.4694610486297355
0.5691696268348077,0.4308303731651923
0.6004135894083827,0.3995864105916173
0.7287536832023351,0.2712463167976649
0.7453794719117496,0.2546205280882502
0.6017163787413866,0.39828362125861355
0.6770844449100181,0.322915555089982
0.8241636243410714,0.17583637565892862
0.42680121603274307,0.573198783967257
0.7429213507828639,0.2570786492171362
0.8057947642380238,0.19420523576197626
0.5127154689018963,0.48728453109810366
0.8003238501119199,0.1996761498880801
0.854517019095217,0.14548298090478295
0.7326279267072956,0.26737207329270446
0.7319434833382626,0.2680565166617372
0.6274623004230565,0.37253769957694355
0.7637285915993137,0.23627140840068625
0.6967641303163348,0.3032358696836652
0.6262475776195581,0.37375242238044204
0.36474223553123764,0.6352577644687624
0.8155300137017994,0.18446998629820047
0.7360962524371208,0.26390374756287915
0.591293078290852,0.4087069217091481
0.5829967100179066,0.41700328998209335
0.7484971606663778,0.25150283933362205
0.643478052341234,0.3565219476587658
0.6041765177107802,0.39582348228921993
0.669110354275666,0.33088964572433416
0.705516654741411,0.294483345258589
0.7255766626544226,0.2744233373455774
0.5958654480027211,0.404134551997279
0.8097693355239983,0.19023066447600145
0.8806048852559558,0.11939511474404406
0.6503511567725373,0.3496488432274627
0.45215023209154037,0.5478497679084597
0.6411178074605286,0.35888219253947135
0.4879238301329913,0.5120761698670087
0.49310206912807586,0.5068979308719241
0.5129333735893433,0.48706662641065696
0.6465069548583227,0.3534930451416773
0.5407207509884532,0.45927924901154676
0.7931656570873719,0.206834342912628
0.6723933388794375,0.3276066611205625
0.7042610577872,0.29573894221280006
0.734886482698848,0.265113517301152
0.6692543874771691,0.3307456125228307
0.841353627958585,0.15864637204141493
0.7144107985052823,0.28558920149471756
0.7739595272898238,0.2260404727101761
0.7373324587728528,0.26266754122714725
0.4564353789665148,0.5435646210334852
0.7527069563514217,0.24729304364857851
0.6960871431423193,0.3039128568576805
0.6635206149124475,0.3364793850875524
0.732607286573643,0.267392713426357
0.5542947622295259,0.4457052377704743
0.5219760924276146,0.4780239075723854
0.6680289358748913,0.3319710641251088
0.612529175358442,0.387470824641558
0.6459849984200727,0.3540150015799273
0.6950712988590585,0.30492870114094167
0.39791838209015334,0.6020816179098467
0.7108071066369789,0.2891928933630212
0.5057737868677825,0.49422621313221754
0.7887699566066866,0.21123004339331336
0.592401995365987,0.4075980046340129
0.6629188430514383,0.33708115694856183
0.6726875731547042,0.3273124268452959
0.585799698179326,0.41420030182067397
0.7366004386500599,0.2633995613499402
0.6720588615079495,0.3279411384920506
0.7459415259935656,0.2540584740064345
0.7256773200595587,0.2743226799404414
0.7650456435642888,0.2349543564357112
0.6733117005952968,0.3266882994047032
0.49996203400576694,0.500037965994233
0.7996058368151273,0.20039416318487258
0.5871572500205045,0.4128427499794956
0.7552307753693763,0.2447692246306235
0.6134598027718096,0.3865401972281904
0.653993865880724,0.3460061341192757
0.6753621525424273,0.32463784745757285
0.7913165936970141,0.2086834063029859
0.3676963135734159,0.632303686426584
0.4124094007600053,0.5875905992399947
0.48367803741122906,0.5163219625887708
0.5460550195638187,0.45394498043618114
0.722084342027469,0.277915657972531
0.4041506113652465,0.5958493886347536
0.6122476348934943,0.3877523651065055
0.6395412581279634,0.3604587418720366
0.6695126674257509,0.3304873325742492
0.8424516237452505,0.1575483762547496
0.6805867908097799,0.31941320919022015
0.3413083711252324,0.6586916288747677
0.6484612946326798,0.35153870536732007
0.6950125324565769,0.3049874675434231
0.7695915566089332,0.2304084433910668
0.5841210967792165,0.41587890322078347
0.7362352839560753,0.26376471604392454
0.45998682492722376,0.5400131750727764
0.5631977427037067,0.4368022572962934
0.6915908543267559,0.308409145673244
0.676248895891397,0.32375110410860286
0.7205100313668867,0.27948996863311315
0.74661031224276,0.25338968775724
0.5750044640284894,0.42499553597151074
0.6358577067353463,0.3641422932646538
0.6575672155080086,0.34243278449199144
0.7241912629458006,0.27580873705419945
0.6459916002171698,0.3540083997828301
0.7437612092902077,0.25623879070979216
0.5583661923418156,0.44163380765818433
0.2729341807984772,0.7270658192015229
0.6101989682329056,0.38980103176709446
0.3351278537485064,0.6648721462514935
0.6521122605681072,0.3478877394318926
0.39311916925392115,0.6068808307460789
0.6690099426947188,0.33099005730528125
0.727671436531174,0.272328563468826
0.5,0.5
0.6573953425892686,0.34260465741073154
0.5523416509124088,0.4476583490875911
0.4101981616171846,0.5898018383828154
0.6249055151411277,0.3750944848588723
0.8377356017819902,0.1622643982180097
0.6703506815721344,0.32964931842786566
0.5,0.5
0.72740182320419,0.27259817679580994
0.6739037196621731,0.32609628033782695
0.7010289022419834,0.29897109775801634
0.6457443207286367,0.3542556792713632
0.7581657332755227,0.24183426672447728
0.4347723910611436,0.5652276089388564
0.6737579977844221,0.326242002215578
0.4753170303749884,0.5246829696250115
0.5939604413122541,0.40603955868774594
0.7503821867872098,0.24961781321279
0.6476737772051273,0.3523262227948728
0.4855930501678422,0.5144069498321577
0.47587231808908803,0.524127681910912
0.7723878179346405,0.22761218206535966
0.6459546959085342,0.35404530409146584
0.6613670803408347,0.33863291965916553
0.6685321292315589,0.33146787076844103
0.6564688984014247,0.3435311015985753
0.5699099661720298,0.4300900338279702
0.6874141933462676,0.31258580665373237
0.5460190686209008,0.4539809313790993
0.557197924791641,0.44280207520835907
0.6914823915447093,0.30851760845529075
0.6157291097457342,0.38427089025426575
0.8623365621118843,0.13766343788811575
0.6854465512501664,0.3145534487498336
0.7212774286354049,0.27872257136459516
0.7100403326304814,0.28995966736951867
0.611457354430746,0.3885426455692538
0.7905280465158309,0.20947195348416914
0.6096648917537377,0.3903351082462623
0.5,0.5
0.5787972207227997,0.42120277927720035
0.7670319458051564,0.2329680541948436
0.7914006659191234,0.20859933408087658
0.6127783666090356,0.3872216333909642
0.6673902618478469,0.3326097381521531
0.5969928499448595,0.40300715005514054
0.757429274116047,0.24257072588395295
0.707796558264685,0.29220344173531493
0.4735980490981004,0.5264019509018996
0.663636610719148,0.336363389280852
0.8901344149072263,0.10986558509277354
0.2954683865969662,0.7045316134030338
0.612261539790902,0.387738460209098
0.6183241823023261,0.3816758176976739
0.6710019477525161,0.32899805224748385
0.6051366812329521,0.39486331876704794
0.7570316945288393,0.24296830547116066
0.3594633037338837,0.6405366962661164
0.6150466528898754,0.3849533471101247
0.34990209028121405,0.650097909718786
0.746666303437676,0.25333369656232396
0.6682627387413643,0.33173726125863545
0.552759953946272,0.44724004605372814
0.6914945101266644,0.3085054898733356
0.5122348596658987,0.48776514033410134
0.5337379227388289,0.4662620772611711
0.7030077520863097,0.29699224791369017
0.4549574039383308,0.5450425960616692
0.48074269346975945,0.5192573065302406
0.7108799099344382,0.2891200900655616
0.5613407073778127,0.4386592926221872
0.6747600599499811,0.32523994005001905
0.7043197281422324,0.29568027185776746
0.5992263085383314,0.40077369146166875
0.38636184606555996,0.61363815393444
0.5875737612775574,0.4124262387224426
0.5032057679047836,0.4967942320952165
0.8426220417189293,0.15737795828107073
0.6846582633433541,0.315341736656646
0.2795399595012149,0.7204600404987851
0.7176878408436043,0.28231215915639557
0.6412181099874907,0.3587818900125092
0.7352694410094788,0.2647305589905213
0.43443729549272425,0.5655627045072759
0.5644462803782143,0.43555371962178563
0.6877638449038606,0.3122361550961395
0.7326615419222866,0.26733845807771345
0.7164120781760117,0.2835879218239884
0.7831497646214995,0.21685023537850057
0.5137842587962307,0.48621574120376954
0.3421996524408445,0.6578003475591554
0.5808637975826295,0.4191362024173705
0.39866871851459224,0.6013312814854078
0.41869846777020503,0.5813015322297947
0.6062504074670482,0.39374959253295194
0.5172177943678054,0.4827822056321946
0.3862924192653635,0.6137075807346364
0.6516649961110419,0.34833500388895816
0.44705332854795027,0.5529466714520497
0.5,0.5
0.6731268051364083,0.3268731948635916
0.7173020821844012,0.2826979178155986
0.8402737012118247,0.1597262987881753
0.5518420610763868,0.4481579389236133
0.3809892991759081,0.6190107008240918
0.7487543911224909,0.251245608877509
0.6765666952542171,0.3234333047457829
0.7420834898104799,0.25791651018951994
0.6253516819938378,0.3746483180061621
0.5627978975596003,0.43720210244039986
0.5896334921100918,0.4103665078899082
0.5,0.5
0.6010445257339927,0.39895547426600725
0.45492462579645504,0.545075374203545
0.793195660917149,0.20680433908285104
0.5447728688226025,0.45522713117739777
0.31473477309883896,0.6852652269011611
0.695698913662963,0.30430108633703684
0.6599113389493784,0.3400886610506214
0.6368865994414172,0.36311340055858277
0.6854654050751505,0.31453459492484936
0.6096578722132265,0.3903421277867733
0.6838062186390228,0.31619378136097703
0.70761495330284,0.2923850466971601
0.4795147059139783,0.5204852940860216
0.43335307194582645,0.5666469280541734
0.5918583723770677,0.4081416276229324
0.3725545862689613,0.6274454137310387
0.598077916980697,0.401922083019303
0.8087158887098799,0.19128411129012013
0.4132958710447756,0.5867041289552244
0.8345512688065885,0.1654487311934116
0.6947985042219401,0.30520149577805994
0.2839333234397732,0.7160666765602268
0.7344947817335362,0.2655052182664637
0.3455729233484626,0.6544270766515374
0.8552131888869374,0.14478681111306257
0.41814622100529325,0.5818537789947069
0.5651828723278434,0.4348171276721567
0.696925367970127,0.3030746320298732
0.5298469796303112,0.47015302036968887
0.8703046446395252,0.12969535536047483
0.5537424071259274,0.44625759287407263
0.5696448780809128,0.43035512191908704
0.5573308097115078,0.44266919028849233
0.6515670760207274,0.3484329239792729
0.7584183050608878,0.24158169493911202
0.6433745100962589,0.3566254899037409
0.664911136804064,0.33508886319593584
0.6869198509537522,0.3130801490462477
0.7634500426703885,0.2365499573296113
0.7486183576037858,0.2513816423962141
0.5772125826897714,0.4227874173102286
0.8434663121498446,0.1565336878501554
0.5552164457146195,0.4447835542853805
0.6074328721539292,0.39256712784607084
0.6759187387973369,0.3240812612026632
0.8370331651064654,0.1629668348935344
0.6903743036821138,0.30962569631788617
0.645262982728533,0.35473701727146695
0.7118107664658377,0.28818923353416215
0.34011418015430367,0.6598858198456965
0.7191841014893031,0.280815898510697
0.5126960110052378,0.4873039889947624
0.43573869591580416,0.564261304084196
0.7258191301400871,0.2741808698599129
0.5989203937556045,0.40107960624439565
0.4405621435726039,0.5594378564273961
0.45300668213100115,0.546993317868999
0.636404892191589,0.36359510780841076
0.5683666875887455,0.4316333124112545
0.5996933476236102,0.40030665237638985
0.6665475633200648,0.3334524366799351
0.6708359691571393,0.32916403084286067
0.7515876380121367,0.24841236198786312
0.7303659631759789,0.2696340368240211
0.5275771395609347,0.47242286043906534
0.5589756487926894,0.4410243512073106
0.6029150372747468,0.3970849627252533
0.5597913713941116,0.4402086286058884
0.5280054990760216,0.47199450092397843
0.6608730318077315,0.3391269681922685
0.7516994206384671,0.24830057936153296
0.5848522723051823,0.41514772769481767
0.7849881669479136,0.2150118330520864
0.7599502976906157,0.24004970230938427
0.7141013850340807,0.2858986149659193
0.5619551843708287,0.43804481562917125
0.844548222914334,0.15545177708566615
0.965573757061423,0.03442624293857695
0.5160450798522629,0.4839549201477371
0.7267611943157521,0.2732388056842478
0.6380055844006677,0.36199441559933243
0.5633080863878334,0.4366919136121666
0.5402996302205343,0.459700369779466
0.6939175376971815,0.30608246230281844
0.44368152128748006,0.55631847871252
0.20538619328117694,0.7946138067188231
0.6949674673920828,0.3050325326079174
0.6310073040898364,0.3689926959101635
0.8821671224619608,0.11783287753803932
0.4907903792654908,0.5092096207345093
0.552800478908513,0.4471995210914871
0.8369491966281627,0.16305080337183725
0.6248195640975092,0.37518043590249095
0.6900391043307983,0.30996089566920176
0.5944361198899072,0.405563880110093
0.5218752312915736,0.4781247687084264
0.5774926665116328,0.42250733348836716
0.5744804388114356,0.4255195611885643
0.49889980837208125,0.5011001916279187
0.6030756649648961,0.396924335035104
0.7714932170583488,0.22850678294165117
0.7215659610108055,0.2784340389891944
0.6948469715289743,0.30515302847102566
0.590897321781682,0.40910267821831797
0.657605861277159,0.34239413872284113
0.8065705179781771,0.19342948202182272
0.36649345847481507,0.633506541525185
0.515761573037691,0.48423842696230895
0.7557106270825318,0.24428937291746822
0.5391672939329485,0.4608327060670516
0.5054683658283211,0.4945316341716788
0.7200662564426408,0.2799337435573592
0.8708024972708285,0.12919750272917147
0.7198667745665789,0.280133225433421
0.6947514933499161,0.30524850665008374
0.6986013202221542,0.3013986797778458
0.8293648584421345,0.17063514155786572
0.5669084221070836,0.4330915778929164
0.6367811381427668,0.36321886185723323
0.7686920534426589,0.23130794655734097
0.6033551801045139,0.396644819895486
0.5880040497431964,0.41199595025680347
0.6363540344497319,0.36364596555026796
0.49530773259361077,0.5046922674063893
0.7170590157057793,0.28294098429422065
0.562765669155703,0.43723433084429697
0.6912994578616433,0.3087005421383567
0.7980115981741294,0.20198840182587086
0.7477400003089639,0.2522599996910362
0.7080746214763151,0.29192537852368494
0.5231530992630679,0.4768469007369322
0.7642369122198266,0.23576308778017332
0.48656075900223433,0.5134392409977656
0.6311739990389111,0.36882600096108886
0.7318731139128319,0.2681268860871681
0.6021918496382569,0.39780815036174316
0.6493233555546252,0.3506766444453747
0.6731892598307633,0.3268107401692368
0.6757151448390304,0.32428485516096967
0.6315417731957469,0.3684582268042532
0.5366245806239185,0.4633754193760814
0.7821985079744211,0.21780149202557877
0.6537597569181176,0.34624024308188245
0.7245832710886393,0.2754167289113607
0.7538083269758243,0.2461916730241756
0.7266746668034191,0.273325333196581
0.5075150533415586,0.49248494665844134
0.6518624232738544,0.3481375767261456
0.6171907459999278,0.38280925400007215
0.6711210816119978,0.32887891838800215
0.60366792498115,0.39633207501885015
0.6916247288161884,0.3083752711838119
0.7768601455879747,0.22313985441202527
0.5607899973200191,0.4392100026799809
0.6325653612985419,0.3674346387014582
0.5969425286764809,0.40305747132351905
0.6064477599493738,0.3935522400506263
0.4101186702027917,0.5898813297972083
0.5032685892352917,0.4967314107647083
0.6099097802797184,0.3900902197202816
0.6310859437295766,0.3689140562704234
0.49097758465942404,0.5090224153405759
0.5841074845028795,0.4158925154971205
0.7885566509648103,0.2114433490351897
0.6527040264528282,0.3472959735471719
0.6886995533892873,0.31130044661071266
0.6684835383524536,0.33151646164754656
0.6947023515435924,0.3052976484564076
0.6865401554232615,0.3134598445767385
0.5552508606486085,0.44474913935139143
0.3457676801598278,0.6542323198401723
0.7149970979953872,0.2850029020046126
0.4928862335552236,0.5071137664447765
0.7613396945691127,0.23866030543088723
0.6125134877782257,0.3874865122217744
0.8204063303755195,0.17959366962448048
0.7104552818052117,0.28954471819478833
0.6574628532042629,0.3425371467957371
0.7041190911472859,0.29588090885271406
0.6040562295230113,0.3959437704769885
0.35677567061326265,0.6432243293867372
0.7036932328633446,0.2963067671366553
0.45403111588193357,0.5459688841180663
0.5283011150671698,0.4716988849328303
0.6551256414758172,0.3448743585241827
0.44729439089086553,0.5527056091091345
0.650330721884919,0.349669278115081
0.6218862167867031,0.3781137832132969
0.5,0.5
0.572551012614454,0.42744898738554604
0.6223578666011839,0.377642133398816
0.5403534479717476,0.45964655202825244
0.58597907533568,0.41402092466432
0.6315684525499305,0.3684315474500694
0.576936781211442,0.423063218788558
0.41474948991551347,0.5852505100844866
0.478419353030456,0.5215806469695441
0.4512612250836541,0.5487387749163459
0.5791229152805251,0.4208770847194749
0.7394515776089986,0.26054842239100134
0.35970969165188105,0.640290308348119
0.5036795117636786,0.49632048823632136
0.7429379377984431,0.25706206220155686
0.6008703116161144,0.39912968838388563
0.675365134878508,0.32463486512149214
0.6763206498495306,0.32367935015046945
0.6249017113255295,0.37509828867447037
0.697437321526481,0.3025626784735191
0.4694282559013426,0.5305717440986574
0.7803233271598007,0.2196766728401994
0.3900744589790683,0.6099255410209318
0.7055284324312727,0.29447156756872733
0.8210471170526045,0.17895288294739556
0.8148110953561043,0.18518890464389567
0.6969434027679863,0.3030565972320137
0.46419577724611616,0.5358042227538838
0.68433582779406,0.3156641722059402
0.4396639734532605,0.5603360265467398
0.5730718449635855,0.42692815503641457
0.5795835687842831,0.420416431215717
0.7149505012918926,0.2850494987081073
0.6671922146373908,0.33280778536260935
0.6850392291602851,0.31496077083971497
0.5885082981717343,0.41149170182826567
0.5666063445688633,0.43339365543113667
0.6070482558547575,0.39295174414524253
0.5118110032163561,0.48818899678364397
0.5305517091359157,0.46944829086408435
0.7561939640796325,0.24380603592036762
0.698022569730456,0.301977430269544
0.8067249057304797,0.19327509426952028
0.5644156649803594,0.43558433501964045
0.5996141100344905,0.40038588996550944
0.7418866219560595,0.2581133780439405
0.3998665083653198,0.6001334916346802
0.76958453844722,0.23041546155278012
0.7780620418046948,0.2219379581953051
0.5388925774848028,0.4611074225151971
0.5445067266057341,0.4554932733942657
0.6250683318751334,0.3749316681248665
0.7962038214120977,0.20379617858790244
0.7648354738622213,0.23516452613777877
0.71029638542628,0.28970361457372007
0.5398051980315638,0.4601948019684361
0.7194063771083669,0.28059362289163303
0.6957753323326124,0.3042246676673874
0.45744805672875294,0.5425519432712471
0.5616095497387381,0.438390450261262
0.812995243360628,0.18700475663937202
0.5305800179305808,0.4694199820694192
0.5166782972161243,0.48332170278387565
0.8763581594544056,0.12364184054559439
0.7345469698462213,0.2654530301537789
0.39759465411874306,0.6024053458812572
0.8082525639154741,0.19174743608452602
0.7076916641059132,0.2923083358940868
0.6859491181170979,0.31405088188290203
0.6947662031457297,0.3052337968542704
0.48190432794086824,0.5180956720591318
0.6088381717265895,0.39116182827341067
0.6709480644713943,0.32905193552860573
0.36130755568941814,0.6386924443105819
0.5762751087310076,0.42372489126899243
0.6949517492926026,0.30504825070739733
0.9219709266391526,0.0780290733608474
0.6034408617524326,0.3965591382475674
0.7227092005597578,0.2772907994402422
0.7956746657296274,0.2043253342703727
0.47744939276315407,0.522550607236846
0.6270700051384019,0.37292999486159817
0.7189810317399373,0.28101896826006273
0.5,0.5
0.5765894385391084,0.42341056146089157
0.6852991025763938,0.31470089742360613
0.7684796273455705,0.23152037265442943
0.5403558641077174,0.45964413589228265
0.5106232465907633,0.48937675340923653
0.7850469215512238,0.2149530784487762
0.7186136090923768,0.28138639090762313
0.7256516303575787,0.27434836964242126
0.6545491329925566,0.3454508670074434
0.421872057588357,0.5781279424116429
0.6316754596517007,0.3683245403482994
0.7747079584595034,0.22529204154049665
0.7886113956545566,0.2113886043454435
0.5864464522246811,0.413553547775319
0.7650178955951812,0.23498210440481895
0.47870113730777686,0.5212988626922231
0.4900054772359979,0.5099945227640021
0.5014790215059435,0.4985209784940566
0.6380651247696031,0.3619348752303969
0.7286378637731741,0.27136213622682614
0.7290222220376136,0.2709777779623866
0.7982807263036334,0.20171927369636647
0.5454666803141325,0.45453331968586747
0.6777937159396172,0.3222062840603827
0.6565379112983303,0.3434620887016696
0.5430134207385547,0.45698657926144537
0.7201201642756576,0.2798798357243423
0.4683696108677451,0.5316303891322549
0.5440321948080297,0.45596780519197044
0.7453547930054225,0.2546452069945776
0.6411734208573434,0.35882657914265653
0.3520698563269162,0.6479301436730837
0.5710000726996336,0.42899992730036646
0.5911828221476881,0.408817177852312
0.7349080854801395,0.2650919145198604
0.8168113159324779,0.18318868406752203
0.8680427987762839,0.13195720122371604
0.2538641728084712,0.7461358271915288
0.4277786954501744,0.5722213045498256
0.8029105729673595,0.19708942703264057
0.5722027895389986,0.42779721046100144
0.49292573035961934,0.5070742696403807
0.7650404807471473,0.23495951925285277
0.6902938137476291,0.309706186252371
0.32302865362902966,0.6769713463709703
0.4202767017348249,0.5797232982651751
0.49806874890282865,0.5019312510971713
0.687205350892083,0.31279464910791693
0.7549921555345275,0.2450078444654726
0.6502551097969159,0.349744890203084
0.7307983130670834,0.2692016869329165
0.785835433868235,0.21416456613176515
0.7124526323670977,0.28754736763290223
0.5712461496254212,0.42875385037457886
0.6808787413257268,0.31912125867427316
0.853631095114781,0.14636890488521914
0.6012562841245618,0.3987437158754381
0.5693830509689756,0.4306169490310244
0.5,0.5
0.5747523308409227,0.4252476691590772
0.6499120507224976,0.3500879492775024
0.894496445599213,0.10550355440078708
0.3637210304150267,0.6362789695849734
0.7931687851058066,0.20683121489419334
0.5039912364001158,0.49600876359988433
0.6339316004729654,0.3660683995270347
0.5747202404539152,0.4252797595460846
0.6558049878310657,0.3441950121689344
0.6417614573277853,0.35823854267221455
0.6947668745366757,0.3052331254633243
0.4051322047471018,0.5948677952528982
0.7581474104234035,0.24185258957659655
0.7887008789081832,0.21129912109181673
0.6409764589989931,0.3590235410010068
0.5278664334339137,0.47213356656608646
0.32252580642060213,0.6774741935793978
0.7118852019373374,0.28811479806266277
0.512991123050659,0.487008876949341
0.8436213830105168,0.15637861698948322
0.6315612855205318,0.36843871447946813
0.8258055394756234,0.17419446052437676
0.34905173680565266,0.6509482631943474
0.7655689521791809,0.23443104782081922
0.45940207477356226,0.5405979252264377
0.4341055621483121,0.5658944378516879
0.31031514408763716,0.6896848559123626
0.5317613889040942,0.4682386110959057
0.6066315617786133,0.3933684382213865
0.6062518019861252,0.39374819801387484
0.560982926390271,0.439017073609729
0.5968626409459461,0.403137359054054
0.6067996183401534,0.39320038165984655
0.8496449488879073,0.1503550511120927
0.685554023988118,0.31444597601188196
0.6409001605363028,0.3590998394636974
0.5309056524116054,0.4690943475883947
0.7227027081982821,0.27729729180171797
0.42475784572756176,0.5752421542724384
0.6303063538677235,0.3696936461322765
0.4920394748658473,0.5079605251341527
0.4764667158497591,0.5235332841502409
0.838888747336446,0.16111125266355414
0.6264675258719699,0.3735324741280303
0.7421599055903925,0.25784009440960753
0.9411070035152919,0.05889299648470811
0.493441334544902,0.506558665455098
0.5839099085368163,0.41609009146318354
0.8498008251401297,0.15019917485987033
0.6945945104631286,0.3054054895368713
0.42933878348087934,0.5706612165191206
0.7557411797254121,0.2442588202745878
0.5090448549879178,0.49095514501208204
0.5947312820352201,0.40526871796478
0.40765152367617197,0.5923484763238281
0.8605264807791091,0.139473519220891
0.7284590378918695,0.2715409621081305
0.5883746019838975,0.41162539801610265
0.6608303727483037,0.3391696272516963
0.6499359813163375,0.3500640186836625
0.7951695803572689,0.20483041964273113
0.6413312313926841,0.35866876860731584
0.7120958260082215,0.2879041739917784
0.5285420851643466,0.47145791483565347
0.3835615679534917,0.6164384320465083
0.6269943227432976,0.37300567725670253
0.722990848801099,0.27700915119890096
0.5650451719287585,0.43495482807124153
0.6295766528311927,0.3704233471688073
0.7471444126235918,0.2528555873764083
0.6925420032404737,0.3074579967595264
0.5485359972299277,0.45146400277007215
0.6045728515242695,0.39542714847573046
0.7371355316777413,0.26286446832225874
0.8761702660855942,0.1238297339144058
0.7068387759245086,0.29316122407549144
0.7130720009028673,0.28692799909713274
0.40917494257262316,0.5908250574273769
0.7170825044640511,0.28291749553594914
0.5933930139742638,0.4066069860257362
0.6174858605297359,0.3825141394702639
0.5212785853152971,0.4787214146847029
0.7927264745578585,0.20727352544214156
0.6470641225917941,0.3529358774082057
0.6817626019342802,0.31823739806571977
0.4672689532043947,0.5327310467956053
0.5783216093258158,0.4216783906741842
0.6079431489212117,0.3920568510787882
0.6640585841644666,0.3359414158355333
0.6406530089198826,0.35934699108011725
0.7301142974788052,0.269885702521195
0.5837066609340813,0.416293339065919
0.8115004936208923,0.1884995063791077
0.5484523605717762,0.45154763942822373
0.42528619377887605,0.5747138062211239
0.6890181997826886,0.3109818002173114
0.6107345249962652,0.38926547500373493
0.5485256776654908,0.451474322334509
0.6495459830674325,0.3504540169325675
0.6831694557872869,0.31683054421271317
0.5733498571093709,0.426650142890629
0.6359218681570626,0.36407813184293736
0.7043491307579799,0.29565086924202
0.5773773354611821,0.42262266453881786
0.7330556806966787,0.2669443193033212
0.37213182708957204,0.627868172910428
0.4910423103656069,0.5089576896343931
0.5948603700861528,0.40513962991384705
0.6090452321715085,0.3909547678284915
0.49908046085546626,0.5009195391445337
0.46090425365469406,0.5390957463453059
0.812717745949764,0.18728225405023602
0.7072039825789037,0.2927960174210964
0.5,0.5
0.5303955327481928,0.4696044672518072
0.6452049143260368,0.3547950856739634
0.7443282515523113,0.2556717484476888
0.702644852812484,0.29735514718751616
0.7432018395448242,0.25679816045517584
0.5157581386960365,0.48424186130396357
0.7597239916745143,0.24027600832548576
0.551552703292242,0.44844729670775774
0.3284193703455077,0.6715806296544923
0.44790143771409713,0.5520985622859028
0.5023538176151268,0.49764618238487324
0.6958168291522442,0.3041831708477558
0.6309377314081539,0.36906226859184615
0.7489592670287512,0.25104073297124896
0.7337697521209355,0.2662302478790644
0.33910917580820954,0.6608908241917905
0.5057130368417343,0.49428696315826554
0.46843993654855814,0.5315600634514418
0.6502456334877557,0.3497543665122445
0.7296534724010107,0.2703465275989892
0.6590510000421571,0.34094899995784295
0.7240189608095456,0.27598103919045436
0.6446519218759468,0.3553480781240532
0.5818329444495647,0.4181670555504355
0.8129543262937075,0.18704567370629258
0.734240003885797,0.265759996114203
0.5934493389637139,0.40655066103628607
0.5225661199125968,0.47743388008740306
0.6004212339597065,0.3995787660402936
0.5066827010978495,0.49331729890215054
0.6170731983142609,0.3829268016857391
0.8334632845488733,0.16653671545112672
0.5378283089269233,0.46217169107307654
0.5,0.5
0.5973477330929802,0.40265226690701983
0.4704766413631068,0.5295233586368931
0.7217054034666455,0.27829459653335425
0.6758326805951752,0.32416731940482485
0.5340772329604441,0.46592276703955593
0.47697622435537357,0.5230237756446265
0.6309834584091405,0.36901654159085956
0.4248432423326712,0.5751567576673289
0.5110138713048447,0.48898612869515523
0.66556399902966,0.33443600097034
0.7534522590753255,0.2465477409246746
0.7722826726141053,0.22771732738589445
0.36424980364330567,0.6357501963566942
0.4119733685919063,0.5880266314080937
0.40260106728446315,0.5973989327155367
0.5129143570082754,0.4870856429917247
0.5040049770594689,0.49599502294053127
0.6869083794654945,0.31309162053450545
0.6845678985395556,0.31543210146044437
0.6262105871966379,0.37378941280336203
0.7664433071865415,0.23355669281345842
0.6674201034512912,0.3325798965487088
0.7423418464578677,0.25765815354213223
0.41531999593933094,0.584680004060669
0.726110334129752,0.273889665870248
0.5977357221293256,0.4022642778706744
0.6555777091228678,0.34442229087713216
0.1477554155176277,0.8522445844823722
0.7349273993580995,0.2650726006419007
0.6002377685776096,0.39976223142239053
0.7327125432049874,0.2672874567950126
0.4631964163112636,0.5368035836887362
0.6260395799316527,0.3739604200683474
0.7419399904305886,0.2580600095694112
0.7400643280107765,0.2599356719892235
0.4164320193310257,0.5835679806689742
0.6843171909539917,0.3156828090460083
0.794259524523205,0.2057404754767951
0.7098258246520924,0.29017417534790746
0.540530691438841,0.45946930856115903
0.7066901381772343,0.29330986182276564
0.8973855456217604,0.10261445437823943
0.6746595768510943,0.3253404231489057
0.6034488553197417,0.3965511446802583
0.4365233496612791,0.5634766503387209
0.5289085336134106,0.4710914663865895
0.7102776351995674,0.28972236480043256
0.8167125784119565,0.1832874215880434
0.26988014161031615,0.7301198583896837
0.4605014569545935,0.5394985430454066
0.5123691284975838,0.4876308715024162
0.7698127935462736,0.23018720645372623
0.6580840581802224,0.34191594181977764
0.775608057117319,0.22439194288268113
0.5409791426886208,0.45902085731137915
0.47427295066059305,0.5257270493394071
0.5369348840191607,0.4630651159808393
0.5623412959214039,0.4376587040785961
0.6985050019259359,0.30149499807406427
0.5,0.5
0.47391461955188613,0.5260853804481138
0.47641395066098363,0.5235860493390163
0.745000890813849,0.2549991091861509
0.6616573257405426,0.33834267425945735
0.6105830128927696,0.3894169871072304
0.32999387203724434,0.6700061279627556
0.8487625596291488,0.15123744037085124
0.5,0.5
0.7300793784085973,0.2699206215914027
0.7905572161376934,0.2094427838623067
0.40929989600480954,0.5907001039951905
0.5608751731688022,0.43912482683119786
0.5103470167118643,0.48965298328813567
0.6874505271005338,0.31254947289946616
0.603337470613986,0.39666252938601415
0.6087304698892221,0.39126953011077786
0.6870458015975077,0.3129541984024922
0.8118854698790718,0.18811453012092821
0.6851896737206781,0.3148103262793219
0.8547043603274462,0.1452956396725538
0.6501103118959186,0.34988968810408144
0.5664713155444461,0.4335286844555538
0.6562353899739951,0.34376461002600484
0.6632054465294668,0.3367945534705332
0.7156081488631034,0.2843918511368966
0.6360793876782035,0.36392061232179657
0.7799787148635131,0.2200212851364869
0.5058917842986129,0.494108215701387
0.7946503939185082,0.20534960608149183
0.4910128643210826,0.5089871356789174
0.49845779148806957,0.5015422085119304
0.4385589690017794,0.5614410309982207
0.8093777282285859,0.19062227177141422
0.5199390491571968,0.48006095084280326
0.37708782394088336,0.6229121760591168
0.6966652548570936,0.30333474514290615
0.7037953490723332,0.2962046509276669
0.5383704290319083,0.46162957096809176
0.5751590582001695,0.42484094179983045
0.464462156590088,0.535537843409912
0.8173363052789128,0.1826636947210872
0.6530443000547811,0.346955699945219
0.7471749016389548,0.25282509836104516
0.5358342797052854,0.46416572029471453
0.6520727920922588,0.347927207907741
0.425287861882647,0.574712138117353
0.7858837876144992,0.21411621238550083
0.8171958948798211,0.18280410512017894
0.6478213942178151,0.3521786057821852
0.47069030750068214,0.5293096924993178
0.5416643335159541,0.4583356664840459
0.515728020775431,0.484271979224569
0.7363821661735607,0.26361783382643933
0.4269465074650815,0.5730534925349184
0.8500077791306657,0.14999222086933425
0.7046689206574761,0.29533107934252384
0.996981144700316,0.003018855299684048
0.6964957003778379,0.3035042996221621
0.6896306846398449,0.31036931536015494
0.7734293174029455,0.22657068259705443
0.7035357334556569,0.2964642665443435
0.6084496175054944,0.3915503824945056
0.7835701385390519,0.21642986146094806
0.6495617312702991,0.35043826872970074
0.5274857834036829,0.47251421659631715
0.6409114959742138,0.3590885040257862
0.5717433671774127,0.42825663282258725
0.6003967621230252,0.3996032378769749
0.4484711752399373,0.5515288247600625
0.6535452407013811,0.3464547592986189
0.689664933872364,0.31033506612763606
0.6861667598685404,0.31383324013145975
0.19393845891177347,0.8060615410882266
0.7865853576781873,0.21341464232181284
0.7425060768475417,0.25749392315245834
0.6667060594270161,0.333293940572984
0.6077601479817367,0.39223985201826317
0.7077632849728166,0.29223671502718346
0.6844750653220161,0.3155249346779839
0.553795366040556,0.44620463395944393
0.41512474146788114,0.5848752585321187
0.7666440228403153,0.2333559771596848
0.561152465862107,0.438847534137893
0.7346036082545939,0.26539639174540597
0.43957103275831355,0.5604289672416864
0.45184033367316745,0.5481596663268327
0.5754250924720627,0.42457490752793725
0.6313745973216076,0.36862540267839244
0.5019740972048108,0.4980259027951894
0.3113781893849692,0.6886218106150308
0.7725769880900524,0.22742301190994763
0.6875229017204333,0.3124770982795668
0.9431708479174877,0.05682915208251228
0.5167724184857758,0.48322758151422424
0.6408113735116332,0.3591886264883668
0.5808804320610376,0.41911956793896243
0.5898196442171767,0.4101803557828233
0.571593760798866,0.428406239201134
0.5838093869264189,0.416190613073581
0.8762300869043363,0.12376991309566357
0.6356034727957199,0.36439652720428
0.5811331026347843,0.41886689736521565
0.4827727955088499,0.5172272044911501
0.7251082886640641,0.27489171133593593
0.48702405666769083,0.5129759433323093
0.5664638734021601,0.43353612659783963
0.7618544261508291,0.23814557384917098
0.5243278442148213,0.47567215578517874
0.39774347464322357,0.6022565253567764
0.7104777058232447,0.28952229417675546
0.6861963715912551,0.3138036284087449
0.46106068817898616,0.538939311821014
0.5,0.5
0.6551002821050823,0.3448997178949176
0.6752989637767327,0.32470103622326735
0.7359226349640655,0.2640773650359345
0.6976798155279262,0.3023201844720738
0.4922143378883952,0.5077856621116048
0.6266769879890197,0.3733230120109803
0.6408468720935852,0.3591531279064148
0.6471888454717549,0.352811154528245
0.5805029456602012,0.4194970543397987
0.4637564346746002,0.5362435653253999
0.6603620228354378,0.3396379771645623
0.6839496761662371,0.31605032383376286
0.574380247650824,0.4256197523491759
0.782794079713888,0.217205920286112
0.4500229445414952,0.5499770554585047
0.505970414998167,0.4940295850018331
0.6497741705597457,0.3502258294402544
0.5092310777677941,0.490768922232206
0.7369469937965064,0.26305300620349353
0.3363426195239406,0.6636573804760594
0.6638249877928046,0.33617501220719526
0.5,0.5
0.7414717235207556,0.2585282764792443
0.5374165455100377,0.4625834544899622
0.6224101523097835,0.37758984769021653
0.6110764119986642,0.3889235880013357
0.6639624330263952,0.33603756697360493
0.6106151905023866,0.38938480949761334
0.6669535373262601,0.33304646267373994
0.7282260852883041,0.2717739147116958
0.7178661693574419,0.28213383064255826
0.7374430858178015,0.26255691418219856
0.44779620636707473,0.5522037936329252
0.7695867297478778,0.23041327025212216
0.8074467419271592,0.19255325807284082
0.6174947520217613,0.3825052479782386
0.6093972161882519,0.3906027838117482
0.7457415697359142,0.25425843026408584
0.6479648593803516,0.35203514061964825
0.8151349728720958,0.18486502712790426
0.6822206597244751,0.317779340275525
0.6082524313813152,0.3917475686186847
0.497665867303252,0.5023341326967482
0.4898071825769929,0.5101928174230071
0.681674265834491,0.3183257341655091
0.537719330907904,0.4622806690920961
0.5309388389885108,0.46906116101148904
0.6116526582666235,0.38834734173337654
0.6206762287813848,0.3793237712186151
0.4020422406964217,0.5979577593035784
0.4868755456319163,0.5131244543680838
0.6711050789427245,0.32889492105727547
0.6227822987641763,0.3772177012358237
0.43462125002468516,0.5653787499753149
0.708757464226817,0.291242535773183
0.37324610194763785,0.6267538980523623
0.8254758661231184,0.1745241338768818
0.6097693746375384,0.3902306253624616
0.6878349213643853,0.31216507863561466
0.6945463135713168,0.30545368642868326
0.7437248249364362,0.2562751750635638
0.8523341165837104,0.1476658834162898
0.8029507619896771,0.19704923801032304
0.6643420319207708,0.33565796807922926
0.8928007437116406,0.10719925628835932
0.5269288443352921,0.4730711556647078
0.5998042594000935,0.40019574059990665
0.7121897488621904,0.2878102511378094
0.43213551064066347,0.5678644893593365
0.6315903900000802,0.3684096099999198
0.7460284291237325,0.2539715708762676
0.6651559528323632,0.3348440471676369
0.773199421241646,0.22680057875835405
0.5860698696886327,0.4139301303113673
0.7412621817395725,0.25873781826042747
0.535478050257161,0.46452194974283895
0.8721422265691416,0.12785777343085844
0.8590363077449575,0.1409636922550425
0.38189485904323756,0.6181051409567625
0.7008648281688185,0.2991351718311815
0.6644620936140622,0.33553790638593795
0.5284386124235673,0.47156138757643284
0.656439248080863,0.3435607519191372
0.6067586913704872,0.3932413086295128
0.8194204270036354,0.18057957299636468
0.5528511555506312,0.44714884444936887
0.47912672050981187,0.5208732794901881
0.3310779727995844,0.6689220272004156
0.6857750338110201,0.3142249661889799
0.6413080358327872,0.3586919641672128
0.5578646644525241,0.4421353355474758
0.6128419085977425,0.38715809140225754
0.6412010042482965,0.3587989957517036
0.7480205001981716,0.25197949980182843
0.6619372749749326,0.33806272502506746
0.544546367135877,0.455453632864123
0.8379766731869956,0.1620233268130044
0.836965940559845,0.16303405944015484
0.6400716834199475,0.35992831658005253
0.5,0.5
0.48353259744252136,0.5164674025574787
0.768978535847823,0.23102146415217695
0.6263393997609945,0.3736606002390054
0.38429109965777886,0.6157089003422213
0.5246166188885543,0.4753833811114457
0.6116780787356988,0.388321921264301
0.6056406286115221,0.39435937138847793
0.5158651771745332,0.4841348228254668
0.6431174850950347,0.35688251490496525
0.9425597743243831,0.05744022567561683
0.5781572247799774,0.42184277522002256
0.7436512600216743,0.2563487399783256
0.9147209231274055,0.08527907687259455
0.753479152934046,0.24652084706595395
0.7072234373711113,0.2927765626288887
0.7023577174745772,0.29764228252542274
0.750797902674856,0.24920209732514387
0.5275079016698793,0.47249209833012074
0.7895006920633333,0.210499307936667
0.34514395058285025,0.6548560494171497
0.528133404959906,0.47186659504009404
0.5837060921107318,0.41629390788926834
0.5924791141843554,0.4075208858156446
0.4783565224883585,0.5216434775116416
0.49352626899641605,0.506473731003584
0.7013869737292439,0.29861302627075614
0.46621421320647116,0.5337857867935288
0.43664456538859564,0.5633554346114042
0.42387721432064046,0.5761227856793596
0.4077306480313607,0.5922693519686393
0.5573752980004485,0.44262470199955156
0.6881305559224035,0.31186944407759665
0.6886355786726397,0.31136442132736036
0.4222131446310689,0.577786855368931
0.7240286561590503,0.2759713438409497
0.799378962579117,0.20062103742088297
0.787869260517319,0.21213073948268116
0.5610597570287884,0.43894024297121165
0.741478685206549,0.25852131479345103
0.2885469564407632,0.711453043559237
0.6181706201302928,0.3818293798697074
0.5612962200086467,0.4387037799913533
0.5167995288406898,0.48320047115931003
0.7139867768757721,0.286013223124228
0.7755928850858615,0.22440711491413845
0.5987766900238717,0.4012233099761282
0.825675500353982,0.17432449964601815
0.6886353589539794,0.3113646410460206
0.5970345017811095,0.4029654982188905
0.6827976868763718,0.3172023131236284
0.5266530541281564,0.47334694587184345
0.7254534723555519,0.2745465276444482
0.5532340779900551,0.4467659220099449
0.7706944377526612,0.22930556224733883
0.5912325749217345,0.4087674250782655
0.7784318900427587,0.2215681099572413
0.542566452885799,0.4574335471142011
0.9167620210278464,0.08323797897215345
0.6324802497494707,0.36751975025052924
0.7366808848167141,0.2633191151832858
0.7364957509385571,0.26350424906144293
0.5182869180506993,0.4817130819493008
0.32396228472441635,0.6760377152755838
0.5749999821994557,0.42500001780054425
0.6314589777869339,0.36854102221306595
0.7166170569940825,0.2833829430059176
0.8026513553992259,0.19734864460077406
0.5864218721148844,0.41357812788511567
0.4698265390870225,0.5301734609129776
0.7414976386608219,0.25850236133917825
0.6218882918709022,0.3781117081290976
0.8119789007611633,0.18802109923883664
0.6882960898502778,0.31170391014972226
0.43999143270572977,0.5600085672942703
0.6409094453481594,0.3590905546518406
0.3827006539509908,0.6172993460490092
0.6408120722825044,0.3591879277174957
0.638991851824076,0.3610081481759241
0.6074143718980857,0.3925856281019143
0.5277990960343044,0.4722009039656955
0.7291193103706407,0.27088068962935946
0.6073546875195299,0.39264531248047035
0.6621276174370646,0.3378723825629355
0.7294860750704522,0.27051392492954796
0.6541656732478216,0.3458343267521783
0.6976791393325135,0.3023208606674866
0.6674611723799669,0.332538827620033
0.6415147867903116,0.3584852132096885
0.6300493707021416,0.36995062929785844
0.3806769633486978,0.6193230366513018
0.5,0.5
0.6932227017641861,0.30677729823581396
0.5351955517234365,0.46480444827656353
0.6750237139005428,0.32497628609945706
0.6050042081996518,0.39499579180034805
0.46713566099765735,0.5328643390023428
0.6790890288279263,0.32091097117207346
0.654446535441847,0.3455534645581529
0.567036080363889,0.432963919636111
0.3030394237425154,0.6969605762574846
0.7593920671969442,0.24060793280305576
0.5459769357368073,0.45402306426319267
0.48806207682614794,0.5119379231738521
0.3616203994365515,0.6383796005634486
0.505744166027575,0.49425583397242495
0.548360462011465,0.4516395379885349
0.6363382535198987,0.3636617464801012
0.7909587064637532,0.2090412935362468
0.6200321501627174,0.3799678498372827
0.7595138817138624,0.24048611828613756
0.5965691755085134,0.4034308244914867
0.4199723964535623,0.5800276035464376
0.4027001468823812,0.5972998531176189
0.6508183912888253,0.3491816087111746
0.6881455838383528,0.31185441616164733
0.5520939250461389,0.447906074953861
0.6318451040875803,0.36815489591241973
0.5392123564586452,0.4607876435413547
0.5362504886094284,0.46374951139057174
0.5412365281649241,0.4587634718350759
0.8492021295572251,0.15079787044277498
0.302034535208797,0.6979654647912031
0.7524310916583685,0.24756890834163137
0.32552003260359835,0.6744799673964014
0.5948637031054721,0.40513629689452796
0.7865496346062613,0.21345036539373874
0.7014463160902789,0.29855368390972115
0.1795027535135406,0.8204972464864594
0.8819131622165302,0.1180868377834698
0.7315199379136625,0.26848006208633757
0.5908226806712072,0.4091773193287927
0.6541797960725222,0.3458202039274779
0.6188466267325794,0.3811533732674206
0.4889243376812251,0.5110756623187748
0.5043241696209738,0.4956758303790262
0.546253994613213,0.4537460053867869
0.4867381083179852,0.5132618916820146
0.5940324791666545,0.4059675208333455
0.8121776561134048,0.18782234388659533
0.6699164537712929,0.33008354622870706
0.7187715629806782,0.2812284370193219
0.5357027984099431,0.4642972015900571
0.48144137434498935,0.5185586256550109
0.6668886518994661,0.33311134810053383
0.6545632580253905,0.3454367419746096
0.7408075249300635,0.2591924750699364
0.5461302258300976,0.45386977416990254
0.5350660188184163,0.4649339811815837
0.537346707967563,0.46265329203243694
0.7570716694229785,0.24292833057702146
0.8080783976048243,0.19192160239517578
0.6646680048273873,0.3353319951726126
0.5925781120206045,0.40742188797939555
0.5217056599966101,0.47829434000338983
0.7456151417450404,0.2543848582549597
0.5992969334628861,0.40070306653711385
0.4123799953084197,0.5876200046915806
0.631280880857127,0.3687191191428732
0.5501058207779786,0.44989417922202146
0.6614885887089,0.3385114112910998
0.5362100648553785,0.46378993514462136
0.7639219602048929,0.23607803979510708
0.7472506291104097,0.2527493708895903
0.6406527940477634,0.35934720595223657
0.41202077379004176,0.5879792262099582
0.7419895016261528,0.2580104983738471
0.647924183087547,0.35207581691245315
0.8495410542261808,0.1504589457738191
0.4546019727157568,0.5453980272842432
0.6811447546234818,0.31885524537651805
0.7027342293797113,0.29726577062028875
0.47727369088126365,0.5227263091187363
0.6568482012474101,0.3431517987525899
0.8268634662256229,0.17313653377437724
0.735261517232676,0.26473848276732403
0.5752402764078552,0.42475972359214487
0.6134224450329876,0.38657755496701246
0.49656575773360906,0.5034342422663909
0.7512012886771005,0.24879871132289963
0.6886646901582821,0.31133530984171803
0.40243910887080636,0.5975608911291936
0.6801903507368117,0.31980964926318844
0.7542029906153508,0.24579700938464935
0.43187385949164614,0.568126140508354
0.5431754155288567,0.45682458447114344
0.3384594957670981,0.6615405042329019
0.4764765057090238,0.5235234942909761
0.6821297229445947,0.3178702770554053
0.5583431354989733,0.4416568645010267
0.3946054225058626,0.6053945774941374
0.6981814399159509,0.30181856008404906
0.775968866028022,0.2240311339719781
0.7227907819032564,0.27720921809674365
0.816373942721636,0.18362605727836392
0.7040964600354356,0.2959035399645645
0.9205163533808945,0.07948364661910537
0.6423101434223943,0.35768985657760555
0.5952482890610284,0.4047517109389716
0.8401346652707924,0.15986533472920753
0.6369389353456032,0.36306106465439675
0.48991222636395415,0.5100877736360458
0.665009052843745,0.33499094715625494
0.532622547019648,0.46737745298035216
0.5796993737393121,0.4203006262606878
0.5185119897118639,0.48148801028813615
0.6292721019864786,0.37072789801352124
0.6875202788913347,0.31247972110866534
0.7382136257118399,0.2617863742881601
0.5844532011127295,0.41554679888727053
0.5747130241189831,0.42528697588101727
0.48924515111449973,0.5107548488855003
0.7066411688103108,0.2933588311896893
0.634235558821152,0.3657644411788481
0.5675161271086114,0.43248387289138873
0.6860103639634145,0.3139896360365855
0.5730499199967556,0.42695008000324436
0.7045784678047419,0.2954215321952579
0.786935580599673,0.21306441940032708
0.6525054809164483,0.34749451908355183
0.4193400398632145,0.5806599601367857
0.37734129601151395,0.622658703988486
0.5647427903799056,0.43525720962009445
0.7528339801122658,0.24716601988773426
0.6244878143318062,0.37551218566819367
0.6379345639287299,0.3620654360712701
0.7763828449679336,0.22361715503206647
0.6972890791201817,0.3027109208798184
0.549657642842421,0.4503423571575791
0.6026474504222077,0.3973525495777923
0.7149927181399227,0.2850072818600773
0.5299647917102347,0.47003520828976525
0.7637543426465938,0.23624565735340627
0.7539856716623842,0.24601432833761586
0.6202178991111229,0.3797821008888772
0.6852527879630165,0.31474721203698347
0.5343878881749046,0.4656121118250954
0.29637696006171016,0.7036230399382899
0.7721862268483397,0.2278137731516604
0.3550607220392446,0.6449392779607555
0.6198223315156115,0.38017766848438855
0.5391523781579074,0.46084762184209255
0.6480052778756727,0.3519947221243273
0.6587160420022865,0.34128395799771355
0.5568665671017309,0.44313343289826884
0.6514471558580324,0.3485528441419676
0.6313966259870767,0.3686033740129233
0.386154418496819,0.613845581503181
0.518324305068388,0.48167569493161194
0.6759288039575678,0.324071196042432
0.6262674905169074,0.3737325094830925
0.6209536075953486,0.37904639240465143
0.614888992792991,0.38511100720700897
0.7858295869247717,0.21417041307522833
0.6870940116395581,0.31290598836044187
0.512015281989713,0.487984718010287
0.6906299006129879,0.309370099387012
0.6610651778291674,0.3389348221708327
0.47814206687645344,0.5218579331235464
0.31404241749631284,0.6859575825036871
0.7372903487022837,0.2627096512977162
0.7395600571162226,0.2604399428837774
0.5381416624738922,0.4618583375261079
0.4427866659788261,0.5572133340211739
0.5800674054771662,0.4199325945228338
0.535913728387654,0.4640862716123458
0.6690024737430557,0.33099752625694423
0.5591314393052665,0.44086856069473346
0.867859610412289,0.13214038958771074
0.5670496699821945,0.4329503300178055
0.36659378106386775,0.6334062189361322
0.7285463611572558,0.27145363884274465
0.5282605488784324,0.4717394511215675
0.46442237746886983,0.53557762253113
0.5534340600707158,0.446565939929284
0.5980115458925757,0.4019884541074242
0.33847621665920485,0.6615237833407951
0.41210074594305146,0.5878992540569485
0.670993989686071,0.329006010313929
0.533903402273926,0.46609659772607404
0.5301976410195648,0.46980235898043515
0.752294581532882,0.24770541846711802
0.7519265150436892,0.24807348495631068
0.4993208582939663,0.5006791417060337
0.8067872384604833,0.19321276153951666
0.40424741315162205,0.5957525868483778
0.5,0.5
0.7567378270522698,0.24326217294773017
0.47558458962958594,0.524415410370414
0.5956033815806113,0.4043966184193887
0.7184224183111237,0.2815775816888762
0.5310422740248211,0.46895772597517893
0.677181080080199,0.32281891991980094
0.44111646339297295,0.558883536607027
0.7685413131168691,0.2314586868831309
0.7434669769436847,0.2565330230563153
0.7643208479171206,0.23567915208287935
0.6844027325941757,0.3155972674058242
0.7377058456294202,0.26229415437057985
0.669908571378936,0.33009142862106394
0.7918831957754491,0.208116804224551
0.42262693508905563,0.5773730649109445
0.5621090140252047,0.43789098597479525
0.4685085763699517,0.5314914236300482
0.6013569649285684,0.3986430350714315
0.7765722340077209,0.2234277659922791
0.7136152189939869,0.28638478100601306
0.8173670448489114,0.1826329551510886
0.7701987565376948,0.2298012434623052
0.4634861905883532,0.5365138094116465
0.31866925662996065,0.6813307433700394
0.6509312534225564,0.34906874657744347
0.750265587793466,0.24973441220653397
0.35572766925726246,0.6442723307427375
0.7623880061685843,0.23761199383141574
0.5873410974653925,0.41265890253460763
0.44765729897794326,0.5523427010220568
0.5446232726710445,0.4553767273289555
0.6976932330198199,0.30230676698017994
0.8883042587024248,0.11169574129757519
0.7512660201518424,0.24873397984815776
0.6101516894734864,0.38984831052651353
0.6819088791375204,0.3180911208624796
0.3452459995070398,0.6547540004929601
0.7645355776194753,0.23546442238052465
0.3152775109630018,0.6847224890369983
0.6512483710873046,0.34875162891269534
0.5,0.5
0.5606768194996974,0.4393231805003027
0.5451513607804825,0.45484863921951746
0.5936975002674237,0.40630249973257637
0.7218874141898991,0.27811258581010107
0.5975000219103164,0.4024999780896836
0.7373414060671121,0.2626585939328879
0.6892891664331511,0.3107108335668488
0.7026631988019975,0.2973368011980024
0.41937967713915253,0.5806203228608474
0.5775569950486554,0.4224430049513446
0.6024366138750115,0.3975633861249886
0.5572009293595288,0.44279907064047125
0.7455503578453572,0.2544496421546427
0.5775856152391032,0.42241438476089677
0.4867357565473169,0.5132642434526832
0.7348607936378398,0.26513920636215993
0.7051507414692728,0.2948492585307273
0.6054802059874705,0.39451979401252946
0.6470419898073153,0.35295801019268463
0.5070029458200666,0.4929970541799334
0.7579409928213189,0.24205900717868112
0.6106932373751284,0.3893067626248716
0.6616866246002163,0.3383133753997834
0.6136676405000491,0.3863323594999509
0.4574889896249504,0.5425110103750496
0.6641310848737072,0.33586891512629286
0.5876489863693543,0.4123510136306457
0.6778132130155232,0.32218678698447684
0.6530662765710044,0.3469337234289957
0.7254435901635974,0.27455640983640245
0.4190501097641575,0.5809498902358424
0.6378053412631535,0.3621946587368466
0.6366704974237521,0.36332950257624774
0.5872465837058914,0.4127534162941087
0.665598138643731,0.33440186135626904
0.7722174963247499,0.22778250367524996
0.6443145783731744,0.3556854216268256
0.677228864648789,0.322771135351211
0.3421467062604057,0.6578532937395942
0.44452099024540326,0.5554790097545969
0.4261123517135188,0.5738876482864812
0.5579353358998261,0.44206466410017387
0.7040839609920297,0.2959160390079704
0.5505695431953531,0.4494304568046469
0.41643646705915627,0.5835635329408438
0.5425322406975129,0.457467759302487
0.6730706286595164,0.3269293713404832
0.6505127175603669,0.34948728243963323
0.741016111962084,0.258983888037916
0.5593647495723855,0.44063525042761453
0.7872481302830932,0.21275186971690685
0.5905803297148216,0.40941967028517845
0.7030856825047583,0.29691431749524155
0.6965922707652753,0.30340772923472464
0.8680062413568639,0.1319937586431361
0.5832324447719159,0.41676755522808395
0.7728601307771651,0.227139869222835
0.6066597460321711,0.393340253967829
0.45233252394092377,0.5476674760590762
0.3940738735111303,0.6059261264888697
0.5,0.5
0.6432414826193833,0.35675851738061665
0.6247649279996633,0.3752350720003366
0.7014687779008637,0.29853122209913624
0.22015179355773323,0.7798482064422666
0.40537919181661325,0.5946208081833868
0.7438644291258767,0.2561355708741232
0.8208172127678695,0.17918278723213055
0.483023395394087,0.5169766046059131
0.7279900321632036,0.27200996783679665
0.5057156267314565,0.49428437326854363
0.42779107984304887,0.572208920156951
0.6254477068622505,0.37455229313774957
0.4253047788266744,0.5746952211733256
0.7551296682497013,0.24487033175029863
0.6851406327042753,0.3148593672957247
0.4772689263071746,0.5227310736928255
0.6152596594795727,0.38474034052042744
0.6491383228990946,0.35086167710090554
0.5798752167210939,0.4201247832789062
0.6502463922270817,0.34975360777291825
0.5771395687090538,0.4228604312909462
0.3218495037476864,0.6781504962523135
0.622641811692369,0.377358188307631
0.5858288922101963,0.4141711077898037
0.6184979757188418,0.3815020242811581
0.7147893492301746,0.28521065076982544
0.8310595047442163,0.1689404952557837
0.8324198098152855,0.16758019018471446
0.5,0.5
0.41367842734347826,0.5863215726565218
0.621357258043664,0.37864274195633607
0.5161370387858419,0.4838629612141576
0.7640100126348711,0.23598998736512866
0.7681975687656925,0.2318024312343076
0.7320910752451378,0.2679089247548621
0.6836158659837261,0.3163841340162737
0.6635161061622543,0.3364838938377458
0.7805828336856675,0.21941716631433258
0.6457744689128704,0.3542255310871298
0.6446019149150356,0.3553980850849645
0.7439599956544501,0.2560400043455499
0.7722158005560035,0.22778419944399655
0.7223017576711837,0.27769824232881635
0.5074483794847244,0.4925516205152756
0.6467728663825968,0.3532271336174032
0.605217952508508,0.39478204749149215
0.6127460705390481,0.38725392946095194
0.7537785857817269,0.246221414218273
0.7366717198571683,0.26332828014283177
0.352371075957948,0.647628924042052
0.607813031928211,0.3921869680717889
0.6157674370999455,0.3842325629000545
0.5730174854814988,0.4269825145185011
0.5485966060318455,0.45140339396815454
0.7911251817761791,0.20887481822382112
0.6635187157958592,0.3364812842041409
0.7367374722120289,0.2632625277879711
0.7040649130652569,0.29593508693474324
0.5326015808220048,0.4673984191779953
0.7895776269611879,0.21042237303881206
0.6759490816095424,0.3240509183904576
0.7451799909459192,0.25482000905408086
0.6308440106936389,0.3691559893063612
0.42463561010858775,0.5753643898914123
0.668355994798412,0.3316440052015881
0.7184244075389017,0.28157559246109853
0.5590796153037573,0.44092038469624273
0.9455576531301849,0.054442346869815236
0.6157476857375285,0.3842523142624716
0.7109914023491251,0.289008597650875
0.8197873922926632,0.18021260770733688
0.7243556967018858,0.2756443032981144
0.6892169703667118,0.3107830296332882
0.37056339303014957,0.6294366069698502
0.6335206175544229,0.36647938244557715
0.7264971643501272,0.2735028356498726
0.6338941706566154,0.3661058293433845
0.30858617073116196,0.6914138292688382
0.721691578956326,0.2783084210436739
0.5451515873458823,0.4548484126541177
0.883056469395118,0.11694353060488201
0.5781770529108016,0.4218229470891985
0.7148930421825168,0.2851069578174832
0.5484878672539752,0.45151213274602475
0.59837512433155,0.40162487566844984
0.5503103565344913,0.4496896434655087
0.6316861661876082,0.3683138338123918
0.6625893929076194,0.33741060709238047
0.6868402656215769,0.3131597343784229
0.776126993336471,0.22387300666352905
0.39844662876737347,0.6015533712326264
0.5,0.5
0.7440842613634279,0.25591573863657224
0.7393345966974364,0.26066540330256377
0.5626215690476603,0.4373784309523397
0.6086258703161166,0.3913741296838834
0.790785832086819,0.20921416791318095
0.5905754323784168,0.40942456762158325
0.8439978854989053,0.15600211450109466
0.5382746179127457,0.4617253820872544
0.7115278396096348,0.2884721603903654
0.6450628327433963,0.3549371672566038
0.48092102032798756,0.5190789796720124
0.3071842618140875,0.6928157381859125
0.6325217813666704,0.3674782186333295
0.540041975032927,0.45995802496707305
0.6704746380713316,0.3295253619286684
0.43256501637805006,0.56743498362195
0.5705821553277188,0.42941784467228117
0.7111715937578508,0.28882840624214917
0.7992665304732255,0.20073346952677473
0.49112317294526886,0.508876827054731
0.4639790225302791,0.536020977469721
0.8334610757159971,0.16653892428400305
0.44823403928135397,0.551765960718646
0.44527268371748413,0.554727316282516
0.7813477097156347,0.21865229028436528
0.5897544337443721,0.41024556625562786
0.8390664088890958,0.16093359111090424
0.8696902304658585,0.13030976953414172
0.7995834554952103,0.2004165445047897
0.526357914908702,0.47364208509129796
0.8535896202728498,0.14641037972715026
0.6875576307066327,0.31244236929336744
0.735815118054636,0.2641848819453639
0.6641922639002729,0.33580773609972703
0.4930370701864616,0.5069629298135384
0.4880125507065441,0.5119874492934559
0.5063095564131108,0.49369044358688924
0.6511494037175117,0.3488505962824883
0.7022795593087007,0.2977204406912994
0.8114695452271885,0.1885304547728115
0.35348246811913947,0.6465175318808606
0.7357893730237292,0.26421062697627085
0.3753673750263851,0.6246326249736149
0.31655251415449204,0.683447485845508
0.5497053754872987,0.4502946245127012
0.7301476235116835,0.2698523764883166
0.6908117346641909,0.3091882653358091
0.7684013699790083,0.2315986300209918
0.6829275769628793,0.3170724230371208
0.46764001640895814,0.5323599835910418
0.7428079047825126,0.2571920952174874
0.5782921735109445,0.4217078264890556
0.641316166007027,0.358683833992973
0.8228843729067611,0.17711562709323897
0.5534378883406342,0.4465621116593659
0.6012262046253777,0.39877379537462226
0.6554246749681697,0.34457532503183025
0.4757451220904369,0.524254877909563
0.8245049817456495,0.17549501825435038
0.6403724813959868,0.35962751860401326
0.6315963226293533,0.3684036773706467
0.6209397899720539,0.3790602100279461
0.6962790457896696,0.3037209542103304
0.7253168429628198,0.27468315703718016
0.5491604987389829,0.4508395012610171
0.8546275193344612,0.14537248066553876
0.6763449988560096,0.3236550011439905
0.5509332064204231,0.4490667935795769
0.759852379667137,0.24014762033286294
0.6524791297982464,0.34752087020175343
0.5967041649619356,0.40329583503806443
0.7984062681180254,0.2015937318819747
0.6843076484930545,0.31569235150694547
0.527864955955371,0.47213504404462897
0.7256774080557957,0.27432259194420433
0.758325707098902,0.24167429290109815
0.6992831151418292,0.30071688485817083
0.4241052626504454,0.5758947373495545
0.769015996451991,0.23098400354800883
0.36016841514037873,0.6398315848596214
0.641419283187664,0.35858071681233605
0.7837231375204811,0.21627686247951888
0.41680926939566126,0.5831907306043386
0.6206881007717903,0.3793118992282097
0.4914275551219106,0.5085724448780893
0.5993519572164991,0.40064804278350086
0.517001738678621,0.48299826132137885
0.6607745640661242,0.3392254359338758
0.5,0.5
0.626234069726831,0.37376593027316884
0.6146108678667799,0.38538913213322024
0.5059184084568251,0.4940815915431749
0.8505075220980194,0.1494924779019805
0.5952605778319848,0.4047394221680152
0.7899221165364765,0.21007788346352357
0.4676887902353244,0.5323112097646755
0.6491270968954844,0.3508729031045157
0.6487072197803482,0.3512927802196519
0.7404272882344828,0.25957271176551716
0.5922994276996543,0.4077005723003458
0.4541271234545245,0.5458728765454754
0.7548723245601432,0.2451276754398567
0.7017818902711271,0.29821810972887275
0.5104032172734393,0.4895967827265607
0.2910281517144536,0.7089718482855466
0.7911246037014236,0.20887539629857654
0.34806554350924007,0.6519344564907601
0.3997074165420801,0.6002925834579198
0.7514809052105524,0.24851909478944761
0.5467965555598181,0.453203444440182
0.24000758355798366,0.7599924164420162
0.6362613539728509,0.36373864602714906
0.7096994954325534,0.29030050456744655
0.5180835188620216,0.48191648113797836
0.8809434515874723,0.1190565484125275
0.6142732609927353,0.3857267390072649
0.7309345519480941,0.26906544805190585
0.7085637440870866,0.2914362559129134
0.5220161287965628,0.4779838712034371
0.8245712783278737,0.17542872167212634
0.7472476980391478,0.2527523019608523
0.610031207161431,0.3899687928385689
0.6114517536464931,0.3885482463535069
0.5711465586282528,0.4288534413717471
0.5721127393239089,0.42788726067609106
0.5959912445166703,0.40400875548332976
0.5316921932024777,0.4683078067975224
0.5578390292774337,0.4421609707225663
0.7252117644314078,0.2747882355685921
0.5283287268959955,0.4716712731040047
0.4958481447412165,0.5041518552587835
0.6040035308966544,0.3959964691033456
0.3715641055295503,0.6284358944704498
0.5103552043583741,0.4896447956416261
0.5157658967439454,0.48423410325605465
0.3579399793221236,0.6420600206778765
0.4284036901584039,0.5715963098415963
0.49012840659569246,0.5098715934043077
0.8272083781271474,0.1727916218728527
0.7419064073986882,0.25809359260131204
0.7993904652122006,0.20060953478779942
0.6464951009078904,0.35350489909210964
0.4113397580781965,0.5886602419218036
0.4968654311286746,0.5031345688713255
0.6506408241274055,0.34935917587259435
0.6506127465349514,0.34938725346504856
0.6720934542079195,0.32790654579208034
0.5597852192396405,0.44021478076035947
0.6583569652578248,0.34164303474217506
0.3903523102809297,0.6096476897190702
0.7164592570681282,0.28354074293187165
0.4575130169542276,0.5424869830457723
0.4494591542888758,0.5505408457111243
0.5948858069320279,0.40511419306797214
0.6113269059513283,0.3886730940486718
0.7083400322647145,0.2916599677352854
0.636779413761593,0.3632205862384069
0.7266571651675214,0.2733428348324785
0.5226012252271175,0.47739877477288245
0.7852566592558353,0.21474334074416462
0.4351443061378561,0.564855693862144
0.6021133078637216,0.3978866921362785
0.6414759819548859,0.3585240180451141
0.4667128638963488,0.5332871361036512
0.6603218007112346,0.33967819928876547
0.5146187700173049,0.48538122998269506
0.738206852627459,0.26179314737254084
0.5584037901402316,0.4415962098597683
0.7860480674069886,0.21395193259301146
0.5286915017987023,0.47130849820129794
0.6173899951443598,0.3826100048556402
0.5426842187529735,0.4573157812470266
0.7355253422209137,0.26447465777908635
0.6877429027338399,0.3122570972661603
0.7316002805417446,0.2683997194582554
0.64143278391148,0.35856721608851994
0.8051059340609419,0.19489406593905792
0.6502035267776792,0.3497964732223208
0.7157267716638247,0.28427322833617524
0.64653731809125,0.35346268190874996
0.753617957863073,0.24638204213692722
0.520486899740857,0.47951310025914284
0.5925197118465121,0.4074802881534881
0.6361226283839254,0.36387737161607475
0.5640829090787708,0.4359170909212292
0.5409849796012945,0.4590150203987054
0.58799703844905,0.41200296155094995
0.6314164621132112,0.36858353788678866
0.638532847120279,0.3614671528797211
0.6639162903669267,0.3360837096330733
0.782370875478898,0.21762912452110184
0.43364713604443833,0.5663528639555617
0.4538762391078004,0.5461237608921997
0.8177978082831587,0.18220219171684124
0.6617954870195838,0.33820451298041626
0.7037739938482496,0.29622600615175054
0.653362239267908,0.346637760732092
0.639835428734083,0.36016457126591717
0.490949601234309,0.5090503987656908
0.5416772045891308,0.4583227954108692
0.5454624549229783,0.45453754507702165
0.5949264860367766,0.4050735139632233
0.933654012448795,0.06634598755120504
0.8143852591610964,0.1856147408389036
0.6665354088717793,0.33346459112822074
0.6599434678755333,0.34005653212446674
0.7148630671092344,0.28513693289076564
0.6861846890875793,0.3138153109124206
0.5615112635572923,0.43848873644270775
0.7438725562470727,0.25612744375292734
0.6492990354465631,0.350700964553437
0.7013199582649211,0.298680041735079
0.742871318359911,0.25712868164008895
0.5820703425453813,0.4179296574546185
0.5,0.5
0.7065195519473901,0.2934804480526098
0.6934010584219219,0.3065989415780779
0.4761904639885748,0.5238095360114253
0.7589211824155726,0.2410788175844274
0.402040306089089,0.5979596939109111
0.7308928162677989,0.26910718373220105
0.45611240134287234,0.5438875986571278
0.6807506927504983,0.31924930724950173
0.6940376900807187,0.30596230991928147
0.8154825851016105,0.1845174148983894
0.8142977408236839,0.18570225917631622
0.8133835489323273,0.1866164510676726
0.7297904157641465,0.27020958423585356
0.5,0.5
0.6206852202413778,0.37931477975862204
0.619745539486618,0.3802544605133821
0.6295201780065287,0.37047982199347135
0.5795979755643416,0.4204020244356585
0.6858436386779824,0.31415636132201774
0.7599005613982679,0.24009943860173202
0.21796281365417708,0.7820371863458228
0.7750637960089948,0.22493620399100542
0.8062796441846032,0.19372035581539682
0.6824343151201894,0.31756568487981063
0.5864250085548418,0.4135749914451582
0.6940704996203879,0.3059295003796121
0.5870137125230909,0.4129862874769089
0.6829646824753896,0.31703531752461045
0.6312835901440484,0.36871640985595155
0.845219065372998,0.15478093462700204
0.4877308874355106,0.5122691125644895
0.8149219443898322,0.1850780556101677
0.37252913957517,0.62747086042483
0.703607472173215,0.29639252782678505
0.7543734077899256,0.24562659221007466
0.5428713448345661,0.45712865516543394
0.8453884188987201,0.15461158110127987
0.43681352270520524,0.5631864772947947
0.6832318616934027,0.31676813830659734
0.6983510616021179,0.3016489383978821
0.6122595442672631,0.38774045573273697
0.8409884279422587,0.15901157205774114
0.7878900045866423,0.21210999541335782
0.6417480021505424,0.35825199784945744
0.6767100645310744,0.32328993546892565
0.690886407595075,0.3091135924049249
0.4957406512997234,0.5042593487002767
0.2480901140033367,0.7519098859966631
0.6541553944398882,0.34584460556011165
0.6591031490371033,0.3408968509628966
0.6630721620808456,0.3369278379191542
0.6391504082306869,0.36084959176931314
0.5716198591864362,0.42838014081356357
0.7693185062921364,0.23068149370786367
0.6611722904126067,0.33882770958739333
0.5,0.5
0.3399262544313036,0.6600737455686965
0.8003040887397339,0.1996959112602661
0.5117707043793053,0.4882292956206948
0.48332272219495537,0.5166772778050445
0.37796798330546694,0.6220320166945331
0.6683662828567664,0.3316337171432336
0.6783912569677947,0.32160874303220527
0.6124436884256953,0.3875563115743047
0.5936613769595465,0.4063386230404534
0.6535059089258894,0.3464940910741107
0.7409540101198613,0.25904598988013855
0.616993215044702,0.383006784955298
0.7503261840089782,0.2496738159910217
0.6984920016345944,0.30150799836540565
0.6692897479845539,0.330710252015446
0.5246708999448643,0.4753291000551358
0.6829602030753813,0.3170397969246186
0.5666413237587479,0.43335867624125224
0.6515748317213679,0.34842516827863224
0.6370800486879065,0.36291995131209365
0.37529286911803444,0.6247071308819657
0.6249492732232785,0.37505072677672147
0.6755878695231947,0.32441213047680545
0.668297326541621,0.33170267345837884
0.7013703710189726,0.29862962898102735
0.691778482689964,0.308221517310036
0.4073695783209612,0.5926304216790388
0.6273365091028951,0.372663490897105
0.736597505241382,0.2634024947586181
0.7746674307824556,0.2253325692175444
0.8773029368300455,0.12269706316995452
0.5676883789156921,0.43231162108430793
0.66995112532326,0.3300488746767402
0.64904258254139,0.35095741745861
0.45477296176894,0.54522703823106
0.673166891526441,0.326833108473559
0.7741801761441807,0.2258198238558194
0.6036915603366673,0.3963084396633327
0.5893930155808018,0.41060698441919835
0.6608033325224707,0.3391966674775294
0.7167215390942439,0.2832784609057565
0.518450065029877,0.48154993497012316
0.5159107217746426,0.4840892782253574
0.7372055982889959,0.2627944017110041
0.7141511206595881,0.2858488793404119
0.5521822522858425,0.4478177477141576
0.7160884601292307,0.28391153987076934
0.6864683859691986,0.3135316140308015
0.6000877465372776,0.3999122534627224
0.7507905006159826,0.24920949938401746
0.4904490655521697,0.5095509344478303
0.7851467753034311,0.21485322469656895
0.5712930880958077,0.42870691190419236
0.519975525660219,0.4800244743397811
0.794927387189344,0.20507261281065606
0.5727387136003353,0.42726128639966465
0.5718571705483757,0.42814282945162435
0.5794140044951991,0.4205859955048009
0.6010038690918393,0.39899613090816066
0.7172415049630342,0.28275849503696576
0.7087558052610334,0.29124419473896657
0.7335809925729065,0.26641900742709324
0.31125943799278954,0.6887405620072103
0.7207619677085643,0.2792380322914357
0.577734100193382,0.422265899806618
0.8699642629046921,0.13003573709530786
0.2966782744881935,0.7033217255118064
0.5499547366163399,0.45004526338366013
0.5849964184810847,0.4150035815189152
0.45116922562959855,0.5488307743704015
0.7981430310983978,0.20185696890160207
0.4638533698772241,0.5361466301227759
0.6984767065290428,0.30152329347095724
0.6296186899274594,0.3703813100725406
0.4149349666725486,0.5850650333274514
0.6664396375528525,0.3335603624471476
0.6145915923894756,0.3854084076105244
0.5979710241163774,0.4020289758836225
0.5163446897826344,0.4836553102173658
0.6251712776865744,0.3748287223134255
0.5107893866341329,0.4892106133658672
0.5322171430839971,0.46778285691600285
0.6973457634223527,0.3026542365776474
0.6177714580581437,0.3822285419418561
0.5582824849796227,0.4417175150203773
0.4426997734120981,0.5573002265879019
0.6252660581705336,0.37473394182946645
0.567139099919571,0.43286090008042877
0.4804058376284033,0.519594162371597
0.8373276296915304,0.16267237030846965
0.6969088767061197,0.3030911232938804
0.7863521712633351,0.21364782873666507
0.443432167955878,0.556567832044122
0.6137081880896466,0.3862918119103535
0.5974550404539144,0.4025449595460857
0.6303113340758962,0.3696886659241037
0.8107989785660967,0.18920102143390347
0.5673460261277855,0.43265397387221444
0.7115603964679387,0.28843960353206144
0.3379146660152571,0.6620853339847429
0.5558586224612305,0.4441413775387696
0.2255064913243194,0.7744935086756806
0.7236236886104965,0.27637631138950325
0.45256362354987306,0.547436376450127
0.606771606951952,0.393228393048048
0.6542633173958635,0.3457366826041366
0.8538970058652491,0.14610299413475097
0.5935146391399454,0.4064853608600545
0.7184786403732121,0.281521359626788
0.7465819635268667,0.2534180364731333
0.7020901801071937,0.29790981989280635
0.5530556981810769,0.44694430181892303
0.5795772803693436,0.42042271963065625
0.6972391754202334,0.3027608245797666
0.6062874615984112,0.3937125384015888
0.7888761881924699,0.2111238118075302
0.8049926021549868,0.1950073978450132
0.7497146006588727,0.25028539934112726
0.5536366477371445,0.44636335226285545
0.5015565031273198,0.49844349687268014
0.6300161385179802,0.3699838614820197
0.6408228768806918,0.35917712311930816
0.5440338541943769,0.45596614580562306
0.3599921813048098,0.6400078186951902
0.2590650237280512,0.7409349762719486
0.67072154470391,0.3292784552960902
0.6851646972726149,0.3148353027273851
0.5917180820381805,0.40828191796181945
0.40311116819513215,0.5968888318048678
0.3828030044360411,0.617196995563959
0.6865646620706448,0.31343533792935524
0.6388054110987663,0.36119458890123385
0.6546524071356847,0.34534759286431527
0.8052085429392198,0.19479145706078024
0.7630957167616154,0.2369042832383846
0.7272578686229939,0.2727421313770061
0.5889249943767532,0.4110750056232469
0.4606276795627529,0.5393723204372471
0.670961406340044,0.3290385936599561
0.5721282848419293,0.42787171515807076
0.7399858992066105,0.2600141007933896
0.5388115812066975,0.4611884187933024
0.6379228397111578,0.3620771602888423
0.7217207257084717,0.2782792742915284
0.6235757509464035,0.3764242490535964
0.5776843835953521,0.42231561640464776
0.7147469243321991,0.285253075667801
0.4733738965162628,0.5266261034837373
0.7383184089812842,0.26168159101871585
0.5090007000846174,0.49099929991538277
0.6501033570279192,0.34989664297208084
0.6406463285985691,0.35935367140143104
0.6601809390873643,0.33981906091263564
0.6895757838408366,0.3104242161591633
0.5921733975410461,0.40782660245895386
0.4691341580090677,0.5308658419909325
0.6459772759626233,0.3540227240373768
0.5881612581183062,0.4118387418816937
0.6598721464005256,0.34012785359947434
0.5926826879675314,0.4073173120324685
0.5144576307543892,0.48554236924561084
0.40179898626981764,0.5982010137301825
0.44222833659069133,0.5577716634093087
0.6408930807190821,0.3591069192809179
0.5821731420628925,0.41782685793710744
0.5959548867848318,0.4040451132151682
0.7056575208493635,0.2943424791506364
0.5087687582638248,0.49123124173617516
0.5877693878462882,0.4122306121537118
0.6814470381222746,0.31855296187772547
0.8006223261308194,0.19937767386918062
0.43696603168069265,0.5630339683193074
0.8572700292335665,0.1427299707664336
0.8414731680228759,0.15852683197712414
0.5818364974111319,0.41816350258886814
0.637026773786808,0.3629732262131919
0.7677258338903984,0.2322741661096015
0.5685624597692366,0.43143754023076325
0.4952475339599849,0.5047524660400152
0.3946833122775115,0.6053166877224887
0.7189756871473798,0.28102431285262014
0.7435939014460845,0.2564060985539155
0.7260156169118214,0.2739843830881785
0.6315638276795694,0.3684361723204306
0.5082419848085838,0.4917580151914162
0.6604718472907918,0.3395281527092082
0.6870158073551076,0.3129841926448926
0.7526115751353828,0.24738842486461737
0.6310769859984278,0.3689230140015721
0.6315908390602759,0.3684091609397241
0.730165660361629,0.2698343396383711
0.5637110983150312,0.4362889016849688
0.8562154974759665,0.1437845025240335
0.70517231322249,0.29482768677751003
0.5579678405677019,0.4420321594322981
0.650035439220242,0.34996456077975824
0.5326024043123483,0.4673975956876518
0.543190965659499,0.4568090343405011
0.7565913877666146,0.24340861223338522
0.5073509546771772,0.4926490453228229
1.0,0.0
0.6475845331621352,0.35241546683786484
0.5645693740327146,0.43543062596728543
0.8912572649643556,0.1087427350356443
0.5904897918553468,0.40951020814465316
0.7033445878966637,0.2966554121033364
0.6192285751509521,0.38077142484904813
0.7044283801374751,0.2955716198625249
0.7193895765845757,0.28061042341542447
0.6593554335334277,0.34064456646657215
0.7155479686588714,0.28445203134112856
0.5927754722217073,0.40722452777829266
0.7693519528031643,0.23064804719683565
0.6359766285619737,0.3640233714380264
0.5811772198988917,0.41882278010110835
0.4129613616998023,0.5870386383001976
0.5680853306591528,0.4319146693408471
0.5846475154607254,0.4153524845392747
0.5368212420870735,0.4631787579129264
0.60262776956749,0.39737223043251
0.7125997614496777,0.2874002385503224
0.5614797731442207,0.4385202268557792
0.5818613412018052,0.4181386587981951
0.5993551568850036,0.4006448431149963
0.7186753839553359,0.2813246160446643
0.7483767959159584,0.2516232040840416
0.6613525084124438,0.33864749158755625
0.7779102944242604,0.22208970557573954
0.4873709989166027,0.5126290010833973
0.626190719493395,0.37380928050660484
0.6678726581137695,0.33212734188623055
0.5341783362436956,0.4658216637563045
0.6003959538734979,0.39960404612650197
0.5197797823236913,0.4802202176763087
0.7261645516431886,0.27383544835681134
0.5881940031990318,0.4118059968009683
0.49611646703687684,0.5038835329631233
0.3252872839879909,0.674712716012009
0.47781221247600564,0.5221877875239943
0.7505337997990076,0.24946620020099244
0.508418360816924,0.491581639183076
0.7041847753554846,0.2958152246445156
0.5849779565320262,0.4150220434679739
0.5283944131908014,0.4716055868091986
0.606840617381818,0.3931593826181819
0.8010603280055181,0.19893967199448187
0.3631485767815581,0.6368514232184421
0.7984025082393241,0.2015974917606758
0.6765892569217443,0.3234107430782558
0.7861198545441098,0.21388014545589015
0.7372929668376138,0.2627070331623862
0.7680285142739475,0.23197148572605245
0.6939598432691734,0.30604015673082674
0.6619318794241973,0.33806812057580277
0.6315439509988284,0.3684560490011716
0.5378526469354874,0.46214735306451266
0.8575598684125048,0.14244013158749524
0.5477217868076175,0.45227821319238243
0.5,0.5
0.6584980278827726,0.3415019721172274
0.34424542151298265,0.6557545784870173
0.5582068900190762,0.44179310998092364
0.5758982618265471,0.42410173817345287
0.1905731264438969,0.8094268735561031
0.7807015616820845,0.21929843831791543
0.48226896971431465,0.5177310302856855
0.7108575846779407,0.28914241532205937
0.46034851490416423,0.5396514850958358
0.7077505108422901,0.2922494891577099
0.15140011949712398,0.8485998805028758
0.8039107272655306,0.19608927273446933
0.5782515217511907,0.42174847824880934
0.5167678727937971,0.4832321272062031
0.44708397267817873,0.5529160273218213
0.8543259851873515,0.14567401481264847
0.6103384244873726,0.3896615755126273
0.685587926634163,0.31441207336583704
0.6412018134504341,0.3587981865495658
0.6867095014639722,0.3132904985360277
0.44296301803009297,0.557036981969907
0.5,0.5
0.32975380959161793,0.670246190408382
0.4770589810247866,0.5229410189752133
0.5056537159190628,0.49434628408093706
0.7497694933503751,0.2502305066496249
0.49596535513408013,0.5040346448659199
0.6315811221143253,0.36841887788567484
0.6880792504990841,0.3119207495009159
0.5767533388477342,0.42324666115226584
0.6895925222571624,0.31040747774283767
0.7458158884218302,0.2541841115781698
0.7698915550392409,0.230108444960759
0.7205868176178956,0.2794131823821046
0.6568060481261501,0.3431939518738499
0.7635884354609761,0.23641156453902384
0.6337657926677593,0.3662342073322404
0.4435329932158536,0.5564670067841464
0.5743908887332347,0.42560911126676504
0.8189312201658728,0.1810687798341271
0.3662222736281647,0.6337777263718352
0.636567881334033,0.36343211866596714
0.7403119577791941,0.2596880422208058
0.6799039969509942,0.32009600304900576
0.723663460153083,0.27633653984691714
0.39784927206287385,0.6021507279371262
0.833644367222012,0.16635563277798812
0.5359233104485964,0.46407668955140347
0.5861779059633963,0.4138220940366038
0.6670083097294242,0.3329916902705759
0.5144778929483067,0.4855221070516934
0.5531868118510624,0.4468131881489374
0.6656613950313403,0.3343386049686598
0.70103705289266,0.29896294710733995
0.4824690416693516,0.5175309583306483
0.6351405436768328,0.36485945632316713
0.6362337018794092,0.36376629812059097
0.5389157716742078,0.4610842283257923
0.5651834471474791,0.43481655285252085
0.5488382973596669,0.45116170264033306
0.7834158136230465,0.21658418637695342
0.6897080588148111,0.3102919411851889
0.5690968205569913,0.4309031794430087
0.4612079384466681,0.5387920615533319
0.7326946261081243,0.26730537389187564
0.6430315460568619,0.3569684539431382
0.8979757601442039,0.10202423985579619
0.6473513535230596,0.35264864647694044
0.8325625134209941,0.16743748657900573
0.6612584114568337,0.3387415885431662
0.6926284488067179,0.3073715511932823
0.510502609196308,0.48949739080369203
0.5,0.5
0.8979007441124464,0.10209925588755371
0.6229629566962386,0.3770370433037615
0.661656976471327,0.3383430235286732
0.7431669197071569,0.2568330802928433
0.6077324452937196,0.39226755470628044
0.7816514306206193,0.21834856937938085
0.7722690984966609,0.22773090150333886
0.7176968227434063,0.2823031772565937
0.7151208359890873,0.2848791640109128
0.5147816867919283,0.48521831320807174
0.7795119701434922,0.22048802985650792
0.7169330521481998,0.2830669478518002
0.7146546468726779,0.2853453531273222
0.4930976545035705,0.5069023454964294
0.4100853916346151,0.5899146083653849
0.439673663261756,0.560326336738244
0.6786278972172641,0.3213721027827358
0.4780535732855021,0.5219464267144979
0.5102899837875385,0.4897100162124617
0.8371176005703628,0.16288239942963714
0.6701817521515219,0.3298182478484781
0.3474014014832046,0.6525985985167956
0.3843548685138409,0.615645131486159
0.39348652449814153,0.6065134755018584
0.7984762909412813,0.20152370905871875
0.6054840304276332,0.39451596957236684
0.728634573293529,0.271365426706471
0.553609190320436,0.446390809679564
0.7459442973416105,0.25405570265838945
0.5673120909482943,0.43268790905170573
0.7635849042997435,0.23641509570025657
0.6328573687521567,0.36714263124784324
0.5496890426171835,0.4503109573828165
0.5783700871137755,0.42162991288622453
0.515682127406577,0.48431787259342296
0.7292895593321971,0.2707104406678029
0.606217777064279,0.3937822229357208
0.7239192219621878,0.2760807780378125
0.5393944928751028,0.46060550712489723
0.5965063950783784,0.40349360492162156
0.572773408878253,0.4272265911217471
0.48881447330959094,0.5111855266904091
0.5767554560380931,0.4232445439619068
0.682455527001189,0.31754447299881083
0.6359434329148111,0.3640565670851888
0.29750457139279957,0.7024954286072004
0.4218377984756391,0.5781622015243608
0.7598435452645891,0.2401564547354108
0.5,0.5
0.7352127985032437,0.2647872014967562
0.5664121595770034,0.4335878404229965
0.6139799318626056,0.38602006813739437
0.9499373117715911,0.05006268822840893
0.6594216467609425,0.3405783532390574
0.3700637772228608,0.6299362227771392
0.7185819414499117,0.2814180585500882
0.5,0.5
0.5153703175745191,0.48462968242548093
0.7243705375276845,0.2756294624723152
0.7892364194701548,0.21076358052984528
0.4772055646541223,0.5227944353458778
0.8304336786051678,0.16956632139483227
0.5932986904860147,0.40670130951398537
0.45557801153824645,0.5444219884617535
0.7291039479825001,0.27089605201749983
0.6953331158505736,0.30466688414942616
0.7958340284690496,0.20416597153095037
0.3671007926714535,0.6328992073285465
0.6423564456887458,0.35764355431125416
0.5839377441663128,0.41606225583368733
0.40505719245922817,0.594942807540772
0.5,0.5
0.5573246172415836,0.4426753827584165
0.6555443336610878,0.3444556663389121
0.5941543158203106,0.4058456841796893
0.8101449252423096,0.1898550747576902
0.6699225879310058,0.3300774120689942
0.5159523107286467,0.4840476892713534
0.7418478666482448,0.2581521333517551
0.44836560901238204,0.5516343909876179
0.703416992786715,0.29658300721328495
0.7461745370035069,0.25382546299649317
0.8379929662283261,0.16200703377167383
0.5,0.5
0.5216618375630834,0.47833816243691646
0.7622472961664312,0.23775270383356875
0.6623939570522183,0.33760604294778174
0.6610524495596948,0.3389475504403051
0.4996164824813605,0.5003835175186395
0.7122840281675945,0.28771597183240566
0.6808976383791674,0.3191023616208325
0.7151161917656004,0.28488380823439946
0.6127483665940777,0.38725163340592234
0.5238911530277015,0.4761088469722985
0.44762518868028045,0.5523748113197197
0.5483610147614454,0.4516389852385545
0.7643956110788527,0.23560438892114727
0.6355881978341024,0.3644118021658978
0.7842063073586854,0.21579369264131482
0.47759124584316703,0.5224087541568329
0.7654912807058734,0.23450871929412676
0.49215839878950657,0.5078416012104935
0.6197185843967016,0.3802814156032985
0.5935748602958577,0.40642513970414246
0.8658440979065996,0.13415590209340045
0.4659759945105989,0.5340240054894012
0.7261643974526443,0.2738356025473557
0.6306725406523728,0.3693274593476271
0.6822323436832669,0.31776765631673287
0.6257503212228375,0.37424967877716225
0.716791020942292,0.2832089790577082
0.5496132980864858,0.4503867019135141
0.7703594391970418,0.2296405608029582
0.39614140338259596,0.603858596617404
0.5375486020125674,0.4624513979874325
0.8512956383295841,0.14870436167041587
0.8109748076815987,0.18902519231840129
0.4992732534557581,0.500726746544242
0.6257369152863439,0.37426308471365605
0.8538570336389102,0.14614296636108987
0.5215165382623199,0.4784834617376801
0.8992308695380452,0.10076913046195478
0.9038758468853947,0.09612415311460527
0.6430636180604095,0.35693638193959043
0.5170054735530905,0.48299452644690966
0.7594765650640711,0.24052343493592893
0.3925987307427444,0.6074012692572556
0.7090824304800427,0.29091756951995723
0.7348350858913263,0.26516491410867365
0.6116087845680384,0.3883912154319618
0.5840017959411652,0.4159982040588348
0.5451224769666255,0.45487752303337453
0.7686479531747721,0.2313520468252279
0.6941045862167815,0.3058954137832185
0.4918346960404752,0.5081653039595249
0.4057853742133031,0.5942146257866969
0.34798205210770833,0.6520179478922917
0.6698349714181433,0.33016502858185687
0.6414341300540922,0.3585658699459077
0.6403942664133917,0.35960573358660824
0.5884676329261843,0.41153236707381574
0.6738435290819476,0.32615647091805255
0.716009650451479,0.283990349548521
0.7122881263289158,0.2877118736710842
0.61252812253787,0.3874718774621298
0.653915580799382,0.34608441920061805
0.6782927487105258,0.3217072512894742
0.6000637964570444,0.3999362035429555
0.6568348247326757,0.34316517526732426
0.6459923905098709,0.3540076094901291
0.7394319266819186,0.26056807331808146
0.6603568909896023,0.33964310901039785
0.8048567532574011,0.1951432467425988
0.5443825728124829,0.4556174271875171
0.6096447373208451,0.3903552626791548
0.7164097068100999,0.28359029318990003
0.5566707034595311,0.4433292965404689
0.6359863543549807,0.36401364564501926
0.7760836937149308,0.22391630628506923
0.6243361201630963,0.37566387983690397
0.7381016704177612,0.2618983295822388
0.8187523630106337,0.18124763698936636
0.6746720901299432,0.3253279098700566
0.5767144040110448,0.42328559598895515
0.5996112491285931,0.400388750871407
0.6313543196341279,0.36864568036587225
0.6595603319132751,0.34043966808672477
0.5223701590161007,0.47762984098389916
0.4900970200468842,0.5099029799531158
0.6156734049281523,0.38432659507184774
0.6501023609420049,0.34989763905799504
0.5249271510400318,0.4750728489599681
0.718937470254357,0.281062529745643
0.40776899788121374,0.5922310021187863
0.6663649435755128,0.3336350564244872
0.6014618934672702,0.3985381065327298
0.6520317006696441,0.3479682993303557
0.5497023691614765,0.4502976308385236
0.6360495128587226,0.36395048714127726
0.6195731904086339,0.380426809591366
0.5295451084628368,0.4704548915371634
0.5776113143649982,0.4223886856350018
0.40659437818611804,0.5934056218138818
0.8529038517713132,0.14709614822868688
0.4680369017897112,0.5319630982102886
0.5041302113617375,0.4958697886382624
0.5666123279403188,0.43338767205968126
0.6362976612999396,0.3637023387000605
0.6816961485453399,0.31830385145466017
0.25472531885023897,0.745274681149761
0.46576180902803155,0.5342381909719686
0.5170305740401149,0.4829694259598851
0.7084966036052308,0.2915033963947692
0.6223546304030283,0.37764536959697165
0.5848427708304736,0.4151572291695264
0.6556237864823171,0.3443762135176829
0.7609675754596386,0.23903242454036144
0.743870373711093,0.256129626288907
0.6924804440526237,0.3075195559473765
0.651573200888383,0.34842679911161695
0.6732262536458462,0.3267737463541538
0.7266441220026315,0.2733558779973685
0.5564727793945277,0.4435272206054724
0.6696365692594333,0.3303634307405668
0.6066935975916209,0.39330640240837916
0.5,0.5
0.653894694057971,0.34610530594202904
0.36361111586020034,0.6363888841397999
0.6305566720772194,0.36944332792278056
0.791979308185898,0.20802069181410196
0.6164146886647033,0.3835853113352969
0.5879233460762701,0.4120766539237298
0.44950465021139435,0.5504953497886058
0.7184227523032569,0.2815772476967431
0.6043516992409612,0.3956483007590388
0.6316895452050093,0.3683104547949906
0.7108022640259787,0.2891977359740212
0.5997096651427107,0.4002903348572893
0.6714990654169334,0.3285009345830666
0.5,0.5
0.7162554673241884,0.28374453267581157
0.6690561964860284,0.33094380351397146
0.271809332402505,0.7281906675974951
0.7856819623422406,0.21431803765775945
0.480561080127198,0.5194389198728021
0.7373889803721813,0.26261101962781863
0.5795331596863127,0.42046684031368725
0.5931636440042216,0.4068363559957785
0.7353624827380054,0.26463751726199447
0.6087090384067304,0.39129096159326954
0.42868752818382166,0.5713124718161784
0.7885886463619755,0.2114113536380244
0.7914577841393504,0.20854221586064944
0.6108603986987955,0.38913960130120456
0.7178381636787969,0.282161836321203
0.8451406881969075,0.15485931180309248
0.5217343515587851,0.47826564844121494
0.56242392610893,0.43757607389106984
0.44066517384612197,0.559334826153878
0.42654658008223306,0.573453419917767
0.819705797264943,0.18029420273505697
0.6380259402688346,0.3619740597311654
0.5914916207972554,0.4085083792027446
0.7650823820467029,0.23491761795329716
0.7843294949396402,0.21567050506035984
0.7680570360957627,0.23194296390423721
0.7405223916618225,0.25947760833817746
0.44191219615427824,0.5580878038457219
0.7848785153629414,0.21512148463705852
0.9403692433735193,0.05963075662648046
0.8552641176807341,0.144735882319266
0.7658163220329827,0.23418367796701714
0.2399975742734573,0.7600024257265429
0.6364117079526773,0.3635882920473228
0.6201855806513674,0.3798144193486325
0.7496628963347947,0.25033710366520523
0.7382216863992369,0.26177831360076315
0.5751359271024695,0.4248640728975303
0.6210804263795425,0.3789195736204575
0.6270919417665671,0.37290805823343276
0.5343602404516142,0.4656397595483858
0.5777559690177442,0.4222440309822558
0.7421697343974472,0.2578302656025528
0.6107615540299466,0.38923844597005364
0.8795521514091733,0.12044784859082673
0.5972142507166524,0.40278574928334765
0.6675508251020812,0.33244917489791875
0.7298584686585965,0.2701415313414034
0.6707711248219282,0.32922887517807187
0.7869129729611054,0.21308702703889454
0.5953274707156809,0.40467252928431924
0.3938670634338788,0.6061329365661212
0.6614681772415684,0.33853182275843163
0.7390460488735096,0.26095395112649045
0.8747331067481248,0.12526689325187537
0.5104242687203855,0.48957573127961446
0.6554020317270778,0.34459796827292216
0.7271202947458321,0.2728797052541679
0.6949969973805489,0.30500300261945107
0.5987060251102035,0.4012939748897965
0.4829693200390862,0.5170306799609138
0.3726548761716476,0.6273451238283525
0.6529355578540244,0.34706444214597565
0.44656285558532255,0.5534371444146774
0.37277961899164397,0.6272203810083561
0.7183530473747864,0.2816469526252135
0.7124371234411113,0.28756287655888874
0.5306247555396456,0.4693752444603544
0.7618909628706089,0.23810903712939122
0.6411428278280643,0.35885717217193563
0.5794372823455294,0.42056271765447073
0.59193476982063,0.4080652301793701
0.6078762471920455,0.3921237528079545
0.9139886895587959,0.0860113104412041
0.6209850360582494,0.3790149639417505
0.49453515772572443,0.5054648422742757
0.6603200817984394,0.3396799182015607
0.6263022360839718,0.37369776391602816
0.5,0.5
0.630842176379371,0.36915782362062893
0.6312135639100803,0.36878643608991973
0.7665721651119061,0.23342783488809393
0.4634347310057471,0.5365652689942528
0.5798803711925619,0.42011962880743825
0.6635408948610387,0.3364591051389612
0.770231644026589,0.22976835597341105
0.36458312076321897,0.6354168792367813
0.6927028892886823,0.3072971107113176
0.7030636701469976,0.2969363298530025
0.4439186403111947,0.5560813596888053
0.5561659415364544,0.4438340584635458
0.5225632983116044,0.47743670168839547
0.4621650246537161,0.5378349753462838
0.5889290797615053,0.41107092023849473
0.45640449119045545,0.5435955088095445
0.45257515989307456,0.5474248401069255
0.5089274916090811,0.4910725083909188
0.4551182615321115,0.5448817384678883
1.0,0.0
0.42086569618597053,0.5791343038140295
0.7580483108212813,0.24195168917871868
0.5,0.5
0.6205553410254091,0.37944465897459095
0.7791501467998025,0.22084985320019734
0.693339578153653,0.3066604218463471
0.7485777060649225,0.25142229393507765
0.7642276893698049,0.23577231063019508
0.5776497993762248,0.4223502006237752
0.5908744447822197,0.40912555521778016
0.7757552054872887,0.22424479451271123
0.6770520004739622,0.3229479995260378
0.7101159671891163,0.28988403281088393
0.5308035348523527,0.4691964651476472
0.5260932743888952,0.4739067256111048
0.5146167944329122,0.48538320556708786
0.7231239084993836,0.27687609150061626
0.46774878076582876,0.5322512192341713
0.5612569083691854,0.43874309163081465
0.6761343929306031,0.32386560706939693
0.6773131129836109,0.32268688701638926
0.6019209161297291,0.39807908387027086
0.4310289256267376,0.5689710743732622
0.7239316073348787,0.2760683926651212
0.7545910465381916,0.24540895346180844
0.6213137376758247,0.3786862623241756
0.7086535953479258,0.2913464046520741
0.5104604722341476,0.48953952776585236
0.7641405612830482,0.2358594387169519
0.6881241291925102,0.3118758708074898
0.7480964462920504,0.2519035537079496
0.7184228111943899,0.28157718880561017
0.8115368765773054,0.18846312342269453
0.6210653447448978,0.37893465525510217
0.7750029269977046,0.2249970730022956
0.6742328436738405,0.3257671563261596
0.6411376242786172,0.3588623757213829
0.49132943944733665,0.5086705605526632
0.5752270195015843,0.4247729804984157
0.5141452549589965,0.48585474504100334
0.6365031993802034,0.3634968006197967
0.7334107286286403,0.2665892713713597
0.7580716265314288,0.24192837346857107
0.6715031508078129,0.32849684919218713
0.5329261009207001,0.4670738990792999
0.8187506945512855,0.18124930544871448
0.5424089956249011,0.45759100437509886
0.48177459242586135,0.5182254075741385
0.663820876601424,0.3361791233985761
0.7352727617044815,0.2647272382955184
0.29280372623294976,0.7071962737670504
0.8495970869574305,0.15040291304256953
0.5304512608567353,0.46954873914326467
0.9597460711853119,0.0402539288146881
0.7121874342872495,0.28781256571275055
0.7630761575348282,0.23692384246517179
0.5238343501064742,0.47616564989352583
0.5376670992990494,0.46233290070095073
0.7565577544508189,0.2434422455491814
0.6699134175714629,0.33008658242853717
0.75289523820263,0.24710476179736993
0.2588071953990274,0.7411928046009727
0.6177939501312965,0.38220604986870355
0.4806634476721926,0.5193365523278075
0.5771787701211715,0.4228212298788286
0.7915081527686516,0.2084918472313484
0.7697808341331577,0.23021916586684243
0.5933857114030288,0.4066142885969713
0.6479488073187021,0.35205119268129786
0.8559470583238246,0.14405294167617547
0.21248037720770435,0.7875196227922956
0.8561970247165055,0.14380297528349464
0.5954102045175212,0.40458979548247864
0.5882923786262358,0.4117076213737643
0.7619025134674504,0.23809748653254958
0.6731988618812121,0.32680113811878786
0.4739493654047554,0.5260506345952447
0.7663766234993559,0.23362337650064408
0.5436856187117515,0.45631438128824847
0.4266941203226785,0.5733058796773216
0.7396673749010416,0.26033262509895827
0.6250121314997052,0.3749878685002948
0.5300292687482954,0.46997073125170447
0.5957056078456601,0.40429439215434
0.5880729759425292,0.41192702405747067
0.5928907292795177,0.4071092707204821
0.5380299820708048,0.46197001792919534
0.9015407807164392,0.09845921928356081
0.6515405353837647,0.3484594646162353
0.521157957760109,0.47884204223989113
0.39855153935902693,0.6014484606409731
0.6365690903679321,0.36343090963206787
0.6840104580902208,0.31598954190977924
0.6531558516445755,0.34684414835542454
0.6411149297120678,0.35888507028793226
0.679624135550832,0.320375864449168
0.5906783687820387,0.4093216312179614
0.8141335583811611,0.18586644161883892
0.7483755263467506,0.25162447365324936
0.7642701421869809,0.23572985781301908
0.7165271086973044,0.28347289130269554
0.6335950220212518,0.3664049779787482
0.7198720848415101,0.28012791515848984
0.5120471307943639,0.48795286920563624
0.6680486700315674,0.3319513299684327
0.5588386714244382,0.4411613285755617
0.7914562490363052,0.2085437509636949
0.41332688004308016,0.58667311995692
0.6310912493303601,0.3689087506696399
0.6049204674205607,0.3950795325794393
0.4169023134702916,0.5830976865297084
0.5,0.5
0.44978497050820976,0.5502150294917902
0.2940783653678071,0.7059216346321929
0.6033367862965804,0.39666321370341967
0.6741943744035651,0.32580562559643483
0.621354692052289,0.37864530794771095
0.6617227882674441,0.33827721173255604
0.6452067837226149,0.354793216277385
0.73687668134217,0.26312331865782995
0.5380250409305943,0.4619749590694056
0.6247297481237629,0.3752702518762369
0.829238062221572,0.17076193777842794
0.5318480966872466,0.46815190331275336
0.6963275206797285,0.3036724793202714
0.7648847425610561,0.23511525743894385
0.721840898226002,0.2781591017739978
0.4804319349376818,0.5195680650623182
0.8484618694858757,0.15153813051412432
0.6322213596809622,0.36777864031903784
0.6991356847533263,0.30086431524667373
0.476898155681937,0.5231018443180631
0.5808917569975962,0.4191082430024037
0.6032712447817713,0.3967287552182287
0.45344296121776995,0.54655703878223
0.6310120224811254,0.36898797751887447
0.6777451404278318,0.3222548595721681
0.4471843079525033,0.5528156920474966
0.6595993548553046,0.3404006451446954
0.42511320144988884,0.5748867985501112
0.592910580721737,0.4070894192782629
0.6563165832944902,0.34368341670550984
0.8363117742255904,0.16368822577440958
0.45341561031739747,0.5465843896826026
0.8051635298172106,0.19483647018278955
0.5504881199381255,0.44951188006187426
0.5529289416974447,0.44707105830255534
0.6261990843658453,0.3738009156341544
0.7654719550277599,0.23452804497224014
0.640824903923931,0.3591750960760688
0.725469359860872,0.2745306401391279
0.6646224592563438,0.33537754074365667
0.6698053930613536,0.3301946069386464
0.5104363338389856,0.4895636661610145
0.6213944818543761,0.37860551814562404
0.6549060115612079,0.34509398843879213
0.5578942119496629,0.44210578805033696
0.6763575175894933,0.32364248241050664
0.7426339556098249,0.257366044390175
0.6262597896920857,0.3737402103079142
0.6841904097622103,0.3158095902377896
0.5418779431737559,0.45812205682624413
0.5369334178958607,0.46306658210413937
0.6132670394588787,0.3867329605411214
0.5439902090605188,0.4560097909394813
0.7718028449073446,0.2281971550926554
0.8031906072978428,0.19680939270215722
0.7163306699493467,0.28366933005065326
0.6465109145452539,0.353489085454746
0.7328479838345394,0.2671520161654606
0.7531352915066483,0.24686470849335185
0.5031278954340135,0.4968721045659865
0.4654047283188005,0.5345952716811995
0.5906895916184862,0.40931040838151383
0.7036098644485029,0.29639013555149696
0.5,0.5
0.6264959402675808,0.3735040597324193
0.6917120176765729,0.30828798232342713
0.6643987887509754,0.33560121124902453
0.49207192526400384,0.5079280747359961
0.7254044733625197,0.27459552663748027
0.6430882796636784,0.35691172033632146
0.4794069366445704,0.5205930633554297
0.5548031634826226,0.4451968365173775
0.5939378610239857,0.40606213897601406
0.6988831194737319,0.30111688052626795
0.5778677648771163,0.42213223512288384
0.3550448791456544,0.6449551208543454
0.4510633290000014,0.5489366709999987
0.643452417343549,0.35654758265645103
0.7642343090269758,0.23576569097302447
0.49971377259173105,0.5002862274082689
0.6902437777822866,0.3097562222177134
0.5554649161657731,0.44453508383422713
0.49835968008171083,0.5016403199182892
0.6839319979065085,0.3160680020934915
0.8244806636991827,0.1755193363008175
0.7427417210163859,0.2572582789836142
0.5239781360975533,0.47602186390244683
0.7205872200299331,0.27941277997006686
0.6456984468677419,0.3543015531322581
0.5372656432411291,0.462734356758871
0.5491664630290952,0.45083353697090484
0.5818549225133294,0.41814507748667057
0.4548724814769403,0.5451275185230596
0.70645304599529,0.29354695400471
0.5392895820024828,0.46071041799751716
0.7176054256613823,0.2823945743386177
0.43805694048557386,0.561943059514426
0.5876797330505624,0.4123202669494376
0.7753595686573688,0.22464043134263145
0.7850565128110025,0.21494348718899753
0.6033387307638658,0.3966612692361341
0.6246052470627279,0.3753947529372721
0.6815602908364069,0.31843970916359327
0.48245491937248197,0.5175450806275183
0.7183280420458151,0.281671957954185
0.6095753731067257,0.3904246268932744
0.8077952756216549,0.19220472437834502
0.7465274131160455,0.2534725868839545
0.6176162544528435,0.38238374554715643
0.36024159077500845,0.6397584092249915
0.6777930924412061,0.32220690755879394
0.5804447880957494,0.41955521190425066
0.6854192941734106,0.3145807058265894
0.2897162213996203,0.7102837786003797
0.6376331454163129,0.36236685458368706
0.6648568774361188,0.33514312256388124
0.561524650798885,0.438475349201115
0.4882370469850143,0.5117629530149856
0.6548007324728384,0.34519926752716157
0.45679388288408507,0.5432061171159149
0.8452105467531835,0.1547894532468165
0.6365747693173818,0.3634252306826183
0.6087291388530346,0.3912708611469655
0.6319307519490701,0.36806924805092994
0.33220531428156874,0.6677946857184311
0.7351717477816382,0.26482825221836204
0.8280489006534393,0.17195109934656075
0.6427604325540789,0.35723956744592106
0.5202408184246332,0.47975918157536673
0.6424999575044961,0.35750004249550404
0.4573982681494343,0.5426017318505657
0.6629417799877587,0.33705822001224134
0.6713288218712642,0.3286711781287358
0.5608936918025547,0.4391063081974453
0.5489841701777417,0.45101582982225824
0.767686543993899,0.232313456006101
0.4042608705073071,0.595739129492693
0.6371596189772574,0.3628403810227426
0.7464531212692612,0.2535468787307387
0.6365046889158771,0.36349531108412286
0.6784398106698644,0.3215601893301356
0.7351942160935985,0.26480578390640164
0.6763963646079936,0.32360363539200643
0.405478204496441,0.5945217955035589
0.6358552717261302,0.3641447282738698
0.4043029504452366,0.5956970495547633
0.6843778481160484,0.3156221518839518
0.8152573044513279,0.18474269554867195
0.7657091570879183,0.23429084291208171
0.8541235638222706,0.1458764361777294
0.7261246833488133,0.2738753166511866
0.46011402115254874,0.5398859788474514
0.8014991254977607,0.19850087450223938
0.4857017701037609,0.514298229896239
0.8413665926470477,0.15863340735295223
0.6419757955893304,0.35802420441066957
0.47491390365093294,0.5250860963490669
0.6700115356148438,0.3299884643851561
0.5158558445570585,0.4841441554429414
0.7732649329361218,0.2267350670638783
0.585782399194351,0.4142176008056489
0.5715190491228453,0.42848095087715454
0.6855780460782872,0.3144219539217128
0.6863045301972563,0.31369546980274365
0.646492365692599,0.35350763430740106
0.7316211066993697,0.2683788933006303
0.4269086054198344,0.5730913945801658
0.734801729120412,0.265198270879588
0.8688934514775637,0.13110654852243633
0.7029912140425469,0.29700878595745295
0.6973733013138117,0.3026266986861884
0.5071559218673821,0.4928440781326179
0.6580364041799166,0.34196359582008357
0.91675333467603,0.08324666532396996
0.5927926678288167,0.4072073321711833
0.3432490315127262,0.6567509684872738
0.7634537144363335,0.23654628556366658
0.4235131690446421,0.576486830955358
0.619848418944407,0.3801515810555929
0.7377621168016172,0.2622378831983828
0.5690041808350321,0.43099581916496793
0.406879763098267,0.5931202369017331
0.6257649581101467,0.3742350418898533
0.5297356831185129,0.4702643168814872
0.6254580450633543,0.37454195493664577
0.5723576882283925,0.42764231177160744
0.6515683624116699,0.34843163758833
0.6268723500437481,0.3731276499562519
0.6585038841075226,0.34149611589247725
0.4958633025176823,0.5041366974823176
0.8357837478934546,0.1642162521065455
0.7692140299098886,0.23078597009011148
0.6721906331015539,0.327809366898446
0.7572193503932206,0.2427806496067794
0.6892007716886764,0.31079922831132367
0.6073905250361227,0.3926094749638775
0.6987096724631063,0.3012903275368937
0.7169769912864413,0.2830230087135586
0.8348774568239482,0.16512254317605188
0.5087153235973637,0.49128467640263634
0.5562436735260481,0.44375632647395213
0.7025907216532271,0.2974092783467729
0.4412227258427309,0.5587772741572691
0.7593702684196286,0.24062973158037124
0.45405290313127417,0.5459470968687259
0.4259684658261707,0.5740315341738293
0.7757873590386017,0.2242126409613983
0.41175794463111803,0.5882420553688821
0.7463201316049961,0.25367986839500384
0.2841485020841605,0.7158514979158398
0.7223960312812857,0.27760396871871434
0.7409587400935386,0.25904125990646143
0.7718557425082979,0.22814425749170208
0.6709826951195957,0.32901730488040437
0.6060463604704749,0.3939536395295252
0.5368943044446592,0.4631056955553407
0.7601588844636731,0.23984111553632692
0.7588677252217676,0.24113227477823243
0.5853880232284676,0.41461197677153233
0.7547840004904153,0.24521599950958464
0.6932975336111559,0.3067024663888441
0.7634266696699491,0.23657333033005096
0.6283265395264036,0.3716734604735965
0.7516807065260801,0.24831929347392
0.7088477391095301,0.2911522608904698
0.862487251624111,0.13751274837588887
0.7045492814669471,0.295450718533053
0.7207290312237179,0.27927096877628194
0.46671180670744644,0.5332881932925535
0.5955135705114445,0.4044864294885557
0.7222337556020542,0.27776624439794595
0.7372556798220881,0.26274432017791205
0.5920579617606481,0.40794203823935193
0.5502403981607307,0.4497596018392692
0.5169864761739223,0.4830135238260776
0.8182030235740134,0.18179697642598655
0.5117605839662146,0.4882394160337853
0.4909832202814194,0.5090167797185805
0.33095260659321035,0.6690473934067895
0.28060255857302874,0.7193974414269712
0.6899392709101767,0.3100607290898233
0.5901342829440839,0.409865717055916
0.6622681914509504,0.33773180854904955
0.7475987501894581,0.25240124981054196
0.5345119066710391,0.4654880933289608
0.7894418107027146,0.21055818929728548
0.671905731658483,0.32809426834151695
0.8083385397090569,0.19166146029094308
0.585463737541007,0.41453626245899305
0.6306393538607188,0.36936064613928116
0.5857334339357333,0.41426656606426654
0.6260720479591735,0.3739279520408263
0.45416917795168155,0.5458308220483185
0.3099577637470038,0.6900422362529961
0.3620639077753016,0.6379360922246984
0.5148455228922999,0.48515447710770015
0.7456285364120834,0.25437146358791646
0.7076100948262414,0.2923899051737586
0.6098294276350346,0.39017057236496555
0.782172643383855,0.2178273566161452
0.699234426794949,0.30076557320505104
0.7607396252453309,0.23926037475466908
0.6099845196895243,0.3900154803104755
0.7661139737207543,0.23388602627924573
0.5284868438363906,0.4715131561636095
0.5977750750396619,0.4022249249603381
0.6619811124115246,0.3380188875884755
0.7648927849363973,0.2351072150636028
0.4707052668299143,0.5292947331700856
0.6349574400185234,0.3650425599814766
0.4954672264619083,0.5045327735380917
0.5846967230214936,0.41530327697850644
0.691128373336032,0.3088716266639679
0.4962573229172282,0.5037426770827719
0.7032964048013213,0.2967035951986788
0.7358487091817613,0.2641512908182387
0.7222517286603565,0.2777482713396434
0.6176775540244596,0.38232244597554055
0.7309665504635685,0.2690334495364315
0.6792621838491311,0.32073781615086894
0.8724449926151466,0.1275550073848536
0.6362726648357117,0.36372733516428835
0.690014555260885,0.30998544473911516
0.6636904082232357,0.3363095917767643
0.739912521768609,0.2600874782313909
0.6356709816604299,0.36432901833957004
0.6286799021697339,0.3713200978302662
0.8461180456382297,0.15388195436177035
0.7979836636115547,0.20201633638844518
0.7638570803209819,0.23614291967901813
0.7665576162680465,0.23344238373195364
0.6740325966249402,0.3259674033750599
0.7728607973259934,0.22713920267400653
0.7539381735503632,0.24606182644963698
0.6563006606164936,0.34369933938350633
0.2464697430518929,0.753530256948107
0.43615365565601205,0.5638463443439878
0.4657791083769082,0.5342208916230918
0.6358713012646112,0.3641286987353889
0.4821343054875867,0.5178656945124134
0.5997761970610869,0.4002238029389131
0.7158672949342111,0.2841327050657889
0.665319615294504,0.33468038470549605
0.7363331003336219,0.26366689966637813
0.7565433795527804,0.24345662044721988
0.565016661710791,0.4349833382892091
0.6203402985655335,0.37965970143446637
0.6086891926825047,0.39131080731749535
0.4194638244711176,0.5805361755288825
0.6638315415285174,0.3361684584714826
0.6283228855463872,0.3716771144536128
0.4339670280668479,0.566032971933152
0.7903091660300817,0.20969083396991828
0.5849808176924536,0.41501918230754664
0.5770294484698049,0.422970551530195
0.7429264306098082,0.25707356939019194
0.7404547246679035,0.2595452753320964
0.30850378898811165,0.6914962110118883
0.4099607464140126,0.5900392535859875
0.578410951471378,0.42158904852862183
0.6480221447358364,0.3519778552641637
0.6572442805054446,0.34275571949455563
0.6517875073926195,0.3482124926073804
0.6948820234081965,0.3051179765918034
0.3539644064591484,0.6460355935408515
0.5317897802453201,0.4682102197546799
0.6057580584855397,0.39424194151446046
0.7641809364734057,0.23581906352659426
0.6258561589099889,0.37414384109001125
0.7420173253500094,0.2579826746499905
0.4919642059749973,0.5080357940250029
0.5722560935320651,0.4277439064679349
0.6161322519132547,0.38386774808674534
0.5087966413321103,0.49120335866788983
0.8857446218279459,0.11425537817205401
0.6225292822703107,0.37747071772968943
0.33547281036537774,0.6645271896346221
0.47142350477119704,0.5285764952288028
0.7616757682124631,0.2383242317875367
0.953188194630753,0.04681180536924694
0.677275793342509,0.322724206657491
0.7885801181768606,0.2114198818231393
0.9330885848516446,0.06691141514835554
0.8474610392814212,0.15253896071857878
0.7601730323634762,0.23982696763652386
0.6898372739997307,0.31016272600026945
0.6238639816834448,0.3761360183165551
0.4380815230997432,0.5619184769002568
0.5876164180294343,0.41238358197056574
0.6816307861518367,0.31836921384816325
0.5496290004906049,0.4503709995093951
0.5,0.5
0.5989270395530323,0.40107296044696766
0.6470801386917344,0.3529198613082656
0.8679900790159193,0.13200992098408063
0.45257277161480014,0.5474272283852
0.5256523272668128,0.47434767273318734
0.38293030807514067,0.6170696919248593
0.6271120472047467,0.3728879527952533
0.5391269049278792,0.46087309507212076
0.5634781010895059,0.4365218989104942
0.34997226623084327,0.6500277337691568
0.5120532416853755,0.4879467583146244
0.7533921528022224,0.24660784719777765
0.7208410902354524,0.27915890976454766
0.32072442961121794,0.6792755703887821
0.6999473457103588,0.3000526542896412
0.7075210159957824,0.29247898400421757
0.7086327894624688,0.2913672105375315
0.6128587924341078,0.3871412075658921
0.43240015268625354,0.5675998473137462
0.7409571713189345,0.2590428286810656
0.7417455880373004,0.25825441196269966
0.5839336631857612,0.41606633681423877
0.6279033556342607,0.3720966443657393
0.6925529075295781,0.3074470924704219
0.640741774109105,0.35925822589089507
0.6159900235950325,0.3840099764049677
0.8163142677717904,0.1836857322282098
0.461679320575437,0.5383206794245631
0.3908526278239597,0.6091473721760403
0.6053287940276612,0.394671205972339
0.8077401179087998,0.1922598820912001
0.5023396244383973,0.49766037556160275
0.6600497518097185,0.3399502481902814
0.6307544993401356,0.3692455006598645
0.7035221385277184,0.29647786147228133
0.5290764789504855,0.4709235210495145
0.5378453697240803,0.4621546302759198
0.6948244191499748,0.30517558085002505
0.59403037526887,0.40596962473112996
0.4819639854701874,0.5180360145298125
0.4332687985740066,0.5667312014259935
0.5524414201285353,0.4475585798714646
0.7220584961829032,0.2779415038170968
0.6543235192495209,0.34567648075047913
0.6725519801393971,0.3274480198606029
0.6038483352851258,0.3961516647148741
0.5759816071829728,0.42401839281702725
0.4130161785308916,0.5869838214691084
0.6562315725711132,0.3437684274288868
0.5634759645437467,0.4365240354562531
0.47790268708129896,0.5220973129187012
0.6094184676445635,0.3905815323554364
0.6794211808090538,0.3205788191909464
0.8183370389608863,0.18166296103911386
0.6142748940118898,0.38572510598811033
0.6415679156916089,0.35843208430839113
0.705417351590168,0.294582648409832
0.4907461410618217,0.5092538589381783
0.6845630762446842,0.3154369237553159
0.7434202749890524,0.2565797250109476
0.8134870818188511,0.1865129181811489
0.665945910831605,0.33405408916839513
0.6860550023986594,0.31394499760134054
0.84604886636807,0.15395113363193
0.7423309729043451,0.25766902709565487
0.7912249370422058,0.20877506295779422
0.7847112670106945,0.21528873298930548
0.5007296036183834,0.4992703963816166
0.5,0.5
0.5917593159166061,0.4082406840833939
0.762003649222511,0.2379963507774891
0.4182401598123476,0.5817598401876525
0.5955643924293135,0.40443560757068636
0.7175500846774532,0.2824499153225468
0.8581369660200632,0.14186303397993685
0.6357901645159404,0.3642098354840595
0.5358355295883992,0.464164470411601
0.5823322902431776,0.41766770975682255
0.6714924189878521,0.32850758101214794
0.8565495206967721,0.14345047930322782
0.48579116513410653,0.5142088348658934
0.5666728659220515,0.4333271340779485
0.6791275141584452,0.320872485841555
0.5938553567598812,0.40614464324011884
0.6365760139900897,0.3634239860099102
0.6313234344895642,0.3686765655104358
0.7231822632117603,0.27681773678823984
0.6223465629553372,0.3776534370446629
0.3924896134536638,0.607510386546336
0.4779527354719755,0.5220472645280246
0.6517942308162902,0.34820576918371
0.6496274147128112,0.35037258528718895
0.4313584380263979,0.5686415619736022
0.6615151669140406,0.33848483308595934
0.631553184366763,0.3684468156332369
0.5664162234428024,0.4335837765571977
0.67778738400513,0.32221261599487017
0.6554421176326053,0.3445578823673946
0.2444746331749598,0.7555253668250402
0.42489560736560467,0.5751043926343955
0.48422728362578205,0.515772716374218
0.5946160116414982,0.40538398835850176
0.8397353854296192,0.1602646145703807
0.6709409679070859,0.329059032092914
0.7542783590577925,0.2457216409422075
0.596034400165081,0.403965599834919
0.6024462968278146,0.39755370317218547
0.7744287488473988,0.22557125115260127
0.6996249790362548,0.3003750209637453
0.46036124003196854,0.5396387599680315
0.6902518187233148,0.30974818127668535
0.5786412074567908,0.42135879254320907
0.4476260988886845,0.5523739011113155
0.651250566221999,0.3487494337780012
0.8432765179190035,0.15672348208099657
0.5284283503734711,0.47157164962652887
0.6917863575438716,0.30821364245612837
0.7212811858345946,0.27871881416540556
0.7200922210989343,0.27990777890106566
0.5217527934016215,0.4782472065983785
0.7370444183914238,0.26295558160857635
0.7117747594911435,0.28822524050885645
0.39604278595095177,0.6039572140490482
0.5512256380110808,0.4487743619889192
0.5979328470831592,0.4020671529168408
0.4995218081435046,0.5004781918564954
0.4878206647265539,0.5121793352734462
0.8379970468245689,0.16200295317543115
0.5951418476496392,0.40485815235036104
0.6954422744800391,0.30455772551996063
0.49278850922000156,0.5072114907799986
0.689993650089027,0.3100063499109729
0.6275463886517334,0.37245361134826666
0.5581122648857453,0.4418877351142548
0.7372433689245644,0.26275663107543545
0.6917966339730751,0.30820336602692483
0.5804688165456646,0.4195311834543354
0.7273964055121315,0.2726035944878685
0.6017437015224854,0.39825629847751454
0.7115511350766737,0.28844886492332633
0.7410190280097738,0.25898097199022607
0.4381243536360756,0.5618756463639245
0.5131727243523504,0.4868272756476496
0.581426453656963,0.41857354634303695
0.29184062094306296,0.7081593790569372
0.7849610602004019,0.21503893979959812
0.7153548863971824,0.28464511360281736
0.6623920623082936,0.3376079376917063
0.5563906937480496,0.4436093062519505
0.5983816528561855,0.40161834714381456
0.7314670818977694,0.2685329181022305
0.7994696413124415,0.2005303586875585
0.715689128563338,0.28431087143666195
0.5175304742542983,0.4824695257457017
0.8310386226164449,0.16896137738355516
0.5937212444802404,0.4062787555197597
0.36300587010277985,0.6369941298972202
0.7752513928139221,0.22474860718607798
0.393771125735155,0.6062288742648451
0.5755602558183057,0.4244397441816944
0.6659160748234311,0.334083925176569
0.7849353664363664,0.21506463356363364
0.6403898069510725,0.3596101930489277
0.6676640691836181,0.3323359308163819
0.6195643365479537,0.38043566345204627
0.6507141634704242,0.3492858365295758
0.673232919073669,0.32676708092633094
0.5334658370810268,0.4665341629189732
0.7743859178916016,0.2256140821083984
0.6655565853784874,0.3344434146215126
0.5948746196969531,0.40512538030304684
0.7197666119058388,0.2802333880941612
0.4209690580714064,0.5790309419285936
0.7582884291832026,0.24171157081679703
0.676381716394592,0.323618283605408
0.47269034918020986,0.5273096508197901
0.6631369087522139,0.3368630912477861
0.6503209931337088,0.34967900686629116
0.5452963673900824,0.4547036326099176
0.4536333212294511,0.5463666787705489
0.5455086594892765,0.4544913405107235
0.677160544010052,0.32283945598994807
0.423760362801939,0.576239637198061
0.586657614114852,0.41334238588514804
0.4971865672618151,0.5028134327381849
0.7551686910702304,0.24483130892976965
0.6808758652630578,0.3191241347369423
0.6019611755478594,0.3980388244521407
0.5,0.5
0.7426058680646477,0.2573941319353525
0.608463986574188,0.39153601342581207
0.797235983177128,0.202764016822872
0.4135498866521726,0.5864501133478275
0.34489519472389213,0.6551048052761078
0.5995036156996625,0.4004963843003375
0.6853080460881846,0.31469195391181537
0.7095539508860507,0.2904460491139492
0.41427569301205325,0.5857243069879468
0.4967556128254278,0.5032443871745722
0.6411039549496406,0.3588960450503593
0.48933135180569753,0.5106686481943026
0.5030572036128009,0.4969427963871991
0.5163441576186611,0.48365584238133885
0.4773280139038514,0.5226719860961486
0.6853264382869982,0.31467356171300165
0.7532933618156934,0.24670663818430655
0.5858170229514192,0.41418297704858065
0.7202028072259339,0.27979719277406623
0.5089302169677574,0.4910697830322425
0.4569117896928267,0.5430882103071732
0.679508050505456,0.3204919494945437
0.7115149985197997,0.28848500148020023
0.8178670569952983,0.18213294300470176
0.6800099716108338,0.3199900283891663
0.7531036352543935,0.2468963647456065
0.1611296564908673,0.8388703435091326
0.708202605144901,0.291797394855099
0.6427627805970259,0.357237219402974
0.5753216228743915,0.42467837712560835
0.6769717442700873,0.32302825572991256
0.39252494105163444,0.6074750589483655
0.5679875808616532,0.4320124191383467
0.5674980978029316,0.43250190219706863
0.5551688171786558,0.44483118282134426
0.6066382322060148,0.39336176779398513
0.45793175115896134,0.5420682488410385
0.5975845323080485,0.40241546769195147
0.5228979727331127,0.47710202726688744
0.6512857452308193,0.3487142547691808
0.726597239009481,0.2734027609905189
0.33491733115482564,0.6650826688451744
0.6312103419609243,0.36878965803907565
0.5378484126036767,0.4621515873963234
0.7175747491909619,0.282425250809038
0.7686481126302444,0.23135188736975565
0.6976061385710707,0.3023938614289293
0.6439675307797803,0.35603246922021986
0.5945970781363933,0.40540292186360677
0.521626223807966,0.4783737761920341
0.6690078374258704,0.33099216257412956
0.7835995830035088,0.21640041699649104
0.5719516119540439,0.42804838804595613
0.35721661895533763,0.6427833810446626
0.45573625144218327,0.5442637485578168
0.589583103813756,0.410416896186244
0.7101211537581305,0.2898788462418695
0.7716692433507522,0.22833075664924768
0.7921784446289747,0.2078215553710253
0.5913045177790452,0.4086954822209548
0.8534016942444822,0.1465983057555177
0.6643780987566792,0.33562190124332075
0.6315760938145863,0.3684239061854137
0.48349577780810854,0.5165042221918914
0.5,0.5
0.7662602632534384,0.2337397367465617
0.6649322815729295,0.3350677184270706
0.8946377687998717,0.10536223120012846
0.7504997490624638,0.24950025093753653
0.7507382805449381,0.24926171945506198
0.8579996810322837,0.14200031896771617
0.7078311071444484,0.29216889285555153
0.5686401120688087,0.4313598879311911
0.4252150673244328,0.5747849326755673
0.4757561258006637,0.5242438741993363
0.7338635435457798,0.2661364564542203
0.5408723128972236,0.4591276871027765
0.49532996521537037,0.5046700347846296
0.4092059989102654,0.5907940010897346
0.7866385109551612,0.21336148904483856
0.5852545440682694,0.41474545593173046
0.6012875675163085,0.3987124324836914
0.5561395159667833,0.4438604840332165
0.7215871826743722,0.27841281732562767
0.7673589273861532,0.2326410726138469
0.657991134742284,0.342008865257716
0.8634742201736275,0.13652577982637257
0.7795130468597307,0.2204869531402694
0.5417802053267765,0.4582197946732236
0.6639696650281364,0.33603033497186374
0.7370422864068836,0.2629577135931164
0.54329529615555,0.4567047038444501
0.7241879563804641,0.27581204361953593
0.6388148963230985,0.3611851036769015
0.5103652712506646,0.48963472874933534
0.7523843230173085,0.24761567698269144
0.6950508746548585,0.3049491253451416
0.5088079376197762,0.49119206238022384
0.643008660168231,0.35699133983176917
0.6379359321850279,0.3620640678149722
0.6416712181169337,0.3583287818830663
0.743714762341285,0.25628523765871497
0.6807519156624338,0.3192480843375662
0.3539008436438631,0.6460991563561369
0.6138525692542518,0.3861474307457481
0.5695434055831616,0.4304565944168384
0.5249250102982108,0.47507498970178924
0.6486747944468754,0.35132520555312446
0.5944025039230977,0.4055974960769023
0.7196204960110296,0.2803795039889705
0.576203141684245,0.4237968583157551
0.8281183188649232,0.17188168113507676
0.7278896042286879,0.27211039577131213
0.570240053765171,0.429759946234829
0.6745480465909562,0.3254519534090437
0.7854333369859732,0.21456666301402674
0.5393864138296022,0.4606135861703979
0.7166464251867718,0.28335357481322815
0.8188741529423892,0.18112584705761084
0.6199369346371449,0.380063065362855
0.7981620834854529,0.20183791651454702
0.5553747896798384,0.4446252103201615
0.8297345694594268,0.17026543054057314
0.5591705388337649,0.44082946116623545
0.6352278150631712,0.36477218493682884
0.4793216704701817,0.5206783295298183
0.5902229168129973,0.4097770831870026
0.8629486292206923,0.13705137077930776
0.5675131009431627,0.43248689905683735
0.6493635380187053,0.35063646198129467
0.5449623850970228,0.4550376149029771
0.47831621388180495,0.5216837861181954
0.6159418890468681,0.38405811095313186
0.6694389804975194,0.3305610195024807
0.6506771726721665,0.34932282732783343
0.30799092265383704,0.692009077346163
0.5662632863935426,0.43373671360645727
0.8511983568208854,0.14880164317911465
0.2948310630671777,0.7051689369328221
0.597623440518075,0.40237655948192486
0.4252418647306983,0.5747581352693018
0.6686415015223887,0.3313584984776115
0.5780713769340529,0.4219286230659472
0.5626138236574936,0.43738617634250637
0.5520680419141102,0.4479319580858899
0.6964997105545339,0.30350028944546614
0.7634514641779819,0.23654853582201796
0.6179772552083896,0.38202274479161025
0.7557560831689992,0.24424391683100075
0.6131340396193921,0.3868659603806079
0.5372453094477885,0.4627546905522115
0.6761184056153151,0.3238815943846849
0.5,0.5
0.9464269576263152,0.0535730423736849
0.5802192622363676,0.4197807377636324
0.5167057333887315,0.4832942666112684
0.3993952149095608,0.6006047850904392
0.658032447449849,0.34196755255015093
0.7577997080342679,0.24220029196573212
0.4478563605860774,0.5521436394139226
0.5844658894982597,0.4155341105017402
0.5405002021106802,0.4594997978893199
0.35163659370435696,0.6483634062956429
0.7717570833816515,0.22824291661834833
0.7185531270628261,0.2814468729371738
0.8874758404842439,0.11252415951575613
0.6077021930836138,0.39229780691638627
0.37145476204048766,0.6285452379595122
0.6315779212223296,0.36842207877767047
0.5438683605732865,0.45613163942671364
0.8131960673516809,0.18680393264831915
0.4279405948004063,0.5720594051995938
0.6269800133160479,0.3730199866839521
0.7239361240969239,0.2760638759030761
0.5282218037068455,0.4717781962931546
0.6140776291508354,0.38592237084916464
0.6184421373920935,0.38155786260790664
0.669255020367933,0.33074497963206695
0.836785299211589,0.16321470078841105
0.6407539635698388,0.35924603643016123
0.8463925366488912,0.15360746335110875
0.6754187893862027,0.32458121061379736
0.7382147171467389,0.261785282853261
0.7928825216528409,0.20711747834715913
0.7481206503736418,0.2518793496263582
0.6137645825082287,0.38623541749177104
0.7184870555564423,0.28151294444355757
0.7712336830994057,0.22876631690059435
0.6512121881237681,0.348787811876232
0.8256442671366957,0.1743557328633042
0.7139990431599783,0.28600095684002186
0.8184773204318513,0.18152267956814871
0.6017176952707111,0.3982823047292889
0.6420406790832592,0.3579593209167408
0.6901728297322199,0.30982717026778006
0.6159647923486071,0.3840352076513928
0.5556903388116677,0.44430966118833226
0.6234595273427058,0.3765404726572942
0.5664688230134644,0.4335311769865356
0.4669529062192893,0.5330470937807107
0.2941685787383556,0.7058314212616443
0.44065394828650817,0.5593460517134919
0.5662784277015297,0.43372157229847047
0.7038727549023484,0.2961272450976516
0.44356378711412203,0.5564362128858777
0.7050260466741843,0.29497395332581555
0.8094122088760928,0.19058779112390722
0.44600718115771176,0.5539928188422882
0.5,0.5
0.5,0.5
0.652648784207867,0.347351215792133
0.6995566946363744,0.3004433053636255
0.5890696303655563,0.41093036963444374
0.5733333330595116,0.4266666669404884
0.7227671515892118,0.27723284841078816
0.6284076697007538,0.37159233029924615
0.6192741238873021,0.3807258761126979
0.38070162153830345,0.6192983784616966
0.5113386289918886,0.48866137100811147
0.6535615600786349,0.3464384399213652
0.5817571291129445,0.4182428708870554
0.36140371879806854,0.6385962812019316
0.46459984139360816,0.5354001586063919
0.7170592484850681,0.2829407515149319
0.7718375745101256,0.22816242548987434
0.6043129794107792,0.39568702058922084
0.5,0.5
0.7620099808039512,0.23799001919604887
0.5232054707385377,0.4767945292614622
0.5877656265099301,0.41223437349006975
0.795331515836307,0.20466848416369282
0.5939550093723476,0.40604499062765226
0.7306383034443812,0.26936169655561887
0.6852193883527211,0.314780611647279
0.8062071578204325,0.1937928421795676
0.6207122508413981,0.3792877491586018
0.8114661439642146,0.18853385603578554
0.7132909314318631,0.2867090685681368
0.6156433596197624,0.38435664038023776
0.7285612358398152,0.2714387641601848
0.6358628826453051,0.3641371173546948
0.5880056350347707,0.41199436496522934
0.746651069191279,0.253348930808721
0.755880256986257,0.2441197430137428
0.8083876280253841,0.19161237197461564
0.849341666901016,0.1506583330989841
0.6010418920728066,0.39895810792719355
0.4941367615607192,0.5058632384392807
0.5319347819664811,0.46806521803351886
0.6639824908036066,0.33601750919639345
0.6742406552444021,0.32575934475559787
0.6647418002555937,0.3352581997444064
0.4340794505518841,0.5659205494481159
0.6316819494102286,0.36831805058977135
0.5752946605072266,0.4247053394927735
0.454732056357849,0.545267943642151
0.5885548968257299,0.41144510317426997
0.6060323034948146,0.39396769650518537
0.21670380852715063,0.7832961914728493
0.7206281768222992,0.27937182317770076
0.8578759592145351,0.14212404078546503
0.6917941993617949,0.3082058006382051
0.6192161882710909,0.3807838117289092
0.5620583381330184,0.4379416618669816
0.595951692721721,0.404048307278279
0.6043365519280182,0.39566344807198184
0.6703182373813266,0.3296817626186735
0.31529040463632946,0.6847095953636705
0.7977350886199345,0.2022649113800655
0.605538080206191,0.3944619197938089
0.48424798595971086,0.5157520140402893
0.5094199188432805,0.4905800811567194
0.5501736884294037,0.44982631157059627
0.6367830613948366,0.36321693860516335
0.6950040334931383,0.3049959665068617
0.7437167304660035,0.25628326953399655
0.7000413061889681,0.2999586938110318
0.49976391135830106,0.5002360886416989
0.6651510039769616,0.3348489960230383
0.632496857740132,0.36750314225986797
0.8983439127078324,0.10165608729216774
0.5028939699518575,0.4971060300481426
0.7333276576717237,0.2666723423282763
0.460368101960779,0.5396318980392211
0.5561068219608764,0.44389317803912365
0.6715481851834768,0.32845181481652347
0.6481545912258241,0.3518454087741759
0.5211257154088226,0.47887428459117737
0.41715129499023057,0.5828487050097695
0.7296873339116977,0.2703126660883023
0.6136940236312411,0.386305976368759
0.39145345167170487,0.6085465483282951
0.5073355799904709,0.4926644200095291
0.6512182965125108,0.3487817034874891
0.7103808456642104,0.28961915433578955
0.5598468798955392,0.44015312010446084
0.7346439226934269,0.2653560773065729
0.7358213240059176,0.2641786759940825
0.7460798385326304,0.25392016146736957
0.7915926088246927,0.20840739117530735
0.36356753278204684,0.6364324672179532
0.41695569549608874,0.5830443045039112
0.7776445493747101,0.2223554506252899
0.5285549720109965,0.4714450279890035
0.48191662273559144,0.5180833772644085
0.5,0.5
0.7518904762816851,0.24810952371831493
0.7264424817571072,0.2735575182428929
0.8084239188594649,0.19157608114053523
0.6379411342322353,0.36205886576776486
0.7501749980541302,0.24982500194586987
0.5172381067573724,0.48276189324262775
0.4878974980982589,0.5121025019017411
0.5725588360077865,0.4274411639922135
0.6664686327165358,0.33353136728346416
0.6575157059630989,0.3424842940369012
0.4331264690603728,0.5668735309396272
0.603905561763705,0.39609443823629503
0.6987228219976463,0.3012771780023536
0.5316389766819549,0.46836102331804524
0.5227736231665483,0.4772263768334517
0.6036608478275848,0.396339152172415
0.6556882725019695,0.3443117274980304
0.6589674408139217,0.34103255918607833
0.7030148651065299,0.29698513489347017
0.6913298411844989,0.3086701588155012
0.7844195938197999,0.2155804061802001
0.7767178120966288,0.2232821879033712
0.6490124489598686,0.3509875510401314
0.7627602196800406,0.2372397803199594
0.5847427062537214,0.4152572937462788
0.7080072778229551,0.2919927221770449
0.6870776707205735,0.3129223292794265
0.6953543623390832,0.30464563766091685
0.659269308420953,0.340730691579047
0.7974126562360943,0.20258734376390558
0.617645909242957,0.38235409075704296
0.4639280307481333,0.5360719692518665
0.5050575899476107,0.4949424100523893
0.5237362348511301,0.47626376514887
0.7563035072392476,0.24369649276075256
0.8348457364410045,0.1651542635589956
0.55324651168342,0.44675348831658007
0.8177838586410192,0.1822161413589808
0.6618267454778272,0.33817325452217284
0.7183943660775161,0.28160563392248417
0.6207086706529754,0.3792913293470247
0.5906975929173989,0.4093024070826011
0.5,0.5
0.6662950314543042,0.3337049685456959
0.6089900764873476,0.3910099235126523
0.7310636663390402,0.2689363336609598
0.6183313778476748,0.3816686221523252
0.7425338564744836,0.2574661435255166
0.595111405375129,0.40488859462487115
0.5082140240439628,0.4917859759560371
0.6194189279338896,0.38058107206611025
0.4323512914129612,0.5676487085870388
0.5070326983551762,0.49296730164482383
0.6521405454894824,0.34785945451051764
0.8547312673053847,0.14526873269461535
0.4516544574376405,0.5483455425623595
0.4204992852899882,0.579500714710012
0.7218414500903286,0.27815854990967126
0.5,0.5
0.7510858641800817,0.24891413581991834
0.6689662039296893,0.33103379607031064
0.4718505010752751,0.528149498924725
0.6366095967869128,0.3633904032130872
0.6872719174100358,0.31272808258996404
0.844365678476549,0.15563432152345108
0.810170751312244,0.18982924868775597
0.5709636855418287,0.4290363144581711
0.7137233300345233,0.28627666996547685
0.7225889551786275,0.27741104482137235
0.6962454613681713,0.3037545386318286
0.5752023022571146,0.42479769774288556
0.5885999130627788,0.4114000869372211
0.43431586007838957,0.5656841399216104
0.6049496840159987,0.3950503159840013
0.4818089261251815,0.5181910738748186
0.7270840796165381,0.2729159203834621
0.8227287582170252,0.1772712417829749
0.6363748702929479,0.36362512970705213
0.7607371578197369,0.23926284218026297
0.7452520421487917,0.25474795785120846
0.6025496710484187,0.3974503289515814
0.6201395129258213,0.37986048707417885
0.7436653551612155,0.25633464483878465
0.6902030672966208,0.3097969327033793
0.6807360244637702,0.3192639755362297
0.4081728885565451,0.5918271114434552
0.6309358963236658,0.36906410367633424
0.5613858675862159,0.43861413241378405
0.5789945137327008,0.4210054862672992
0.6126920623962951,0.387307937603705
0.6967038858813164,0.3032961141186836
0.8003746476823633,0.1996253523176367
0.6078756712377071,0.39212432876229286
0.5801126263778658,0.41988737362213435
0.4370545191866739,0.5629454808133262
0.5830450077510889,0.4169549922489111
0.6300219038874548,0.3699780961125451
0.7396162854793762,0.26038371452062375
0.5939933349269545,0.40600666507304545
0.6295427204747174,0.3704572795252827
0.7142072770486685,0.2857927229513316
0.5047547708278705,0.49524522917212965
0.7919254677985301,0.2080745322014698
0.8255823881395945,0.17441761186040555
0.31412867863656035,0.6858713213634398
0.6207815529284225,0.3792184470715775
0.6176540145725881,0.38234598542741205
0.3800215104736036,0.6199784895263963
0.6969281197223042,0.3030718802776958
0.5870146341621876,0.4129853658378124
0.6808762868182847,0.3191237131817154
0.5369057245730783,0.46309427542692166
0.7732105394062111,0.22678946059378896
0.7377154365907741,0.26228456340922596
0.6907202330517339,0.30927976694826614
0.7229960171134373,0.27700398288656275
0.624697186375277,0.3753028136247229
0.643307147773753,0.35669285222624697
0.5022591634714402,0.49774083652855977
0.7349807372123893,0.26501926278761084
0.7848557743630329,0.21514422563696703
0.7930790270471062,0.20692097295289386
0.47197547538270884,0.5280245246172912
0.3317687622794637,0.6682312377205362
0.5157137465223679,0.484286253477632
0.5998656800507867,0.40013431994921334
0.6224790619956049,0.3775209380043952
0.7001968434761718,0.299803156523828
0.6717805177493776,0.3282194822506224
0.5113446720699663,0.48865532793003374
0.5257342520374909,0.4742657479625092
0.5768911658693423,0.423108834130658
0.7373454591690086,0.2626545408309912
0.5639793889667639,0.43602061103323614
0.6795825047849035,0.3204174952150966
0.4464315234793617,0.5535684765206383
0.6343685967184985,0.3656314032815014
0.6125205759436072,0.38747942405639285
0.3817009486660957,0.6182990513339042
0.6286234811293936,0.3713765188706064
0.6476725944494929,0.3523274055505072
0.6255713556076969,0.3744286443923032
0.6465068928754957,0.3534931071245043
0.5463391302469801,0.4536608697530199
0.5948689607808112,0.4051310392191888
0.6153026885359401,0.3846973114640599
0.5549032516859567,0.4450967483140433
0.6418468820054876,0.35815311799451244
0.7546043973280611,0.24539560267193908
0.6956045079582774,0.30439549204172245
0.6527947627010722,0.34720523729892755
0.5866930784143449,0.4133069215856549
0.673789651425126,0.32621034857487413
0.5453773401046528,0.4546226598953473
0.5945419056945604,0.40545809430543944
0.6377640057439801,0.36223599425601993
0.721242933259642,0.2787570667403582
0.8481901822133183,0.15180981778668162
0.5828334281380805,0.4171665718619194
0.4891928046247788,0.510807195375221
0.5458606669451634,0.4541393330548365
0.564138391202941,0.43586160879705893
0.5790344407106207,0.4209655592893794
0.7692083030892752,0.23079169691072482
0.6161450773540812,0.38385492264591886
0.6300685900736934,0.3699314099263066
0.6140468860267748,0.38595311397322524
0.48999464324085173,0.5100053567591483
0.6069172859593098,0.39308271404069
0.7140125018810869,0.28598749811891316
0.8088391235672786,0.19116087643272145
0.7185668974496848,0.2814331025503152
0.45291956844731335,0.5470804315526867
0.7772970564336533,0.22270294356634698
0.6737073868766861,0.326292613123314
0.6416520034939285,0.35834799650607146
0.7283827246073069,0.2716172753926932
0.6028506499412983,0.3971493500587015
0.6908854247035838,0.30911457529641617
0.7408649311411062,0.2591350688588937
0.6700529889644553,0.32994701103554475
0.34986856496559493,0.6501314350344051
0.5757414595486842,0.42425854045131595
0.6859014187662247,0.31409858123377526
0.6512544651760358,0.3487455348239642
0.5906762297490327,0.40932377025096733
0.7767591973598469,0.22324080264015317
0.805214659898186,0.19478534010181403
0.7740216944023175,0.22597830559768248
0.6267449027303589,0.37325509726964123
0.5136904903702307,0.48630950962976915
0.5196178087447632,0.48038219125523685
0.5338373904141295,0.4661626095858705
0.8111351868846384,0.1888648131153617
0.746045475373551,0.253954524626449
0.5118235313870928,0.48817646861290726
0.7274703524769014,0.27252964752309855
0.7308210748566011,0.26917892514339886
0.7550765020169389,0.24492349798306123
0.7200038088895182,0.2799961911104817
0.6265216040093705,0.37347839599062954
0.662302388905765,0.337697611094235
0.75276927517278,0.24723072482721986
0.4897196687867293,0.5102803312132709
0.44829261647707525,0.5517073835229247
0.7065308841391218,0.29346911586087826
0.7040132484781972,0.2959867515218026
0.407937728544349,0.5920622714556508
0.6879742768198251,0.31202572318017485
0.557258533003413,0.442741466996587
0.6415062748233984,0.3584937251766017
0.6378043132949025,0.3621956867050975
0.663817429929261,0.336182570070739
0.5567033095111987,0.44329669048880127
0.6549163820560978,0.3450836179439022
0.7481438464745876,0.25185615352541246
0.6544778666749635,0.3455221333250366
0.48988635766276273,0.5101136423372373
0.3810306163728479,0.618969383627152
0.8034666989300193,0.19653330106998065
0.5914256959135454,0.40857430408645456
0.7166453814334799,0.28335461856651994
0.7443839721157932,0.25561602788420684
0.758864325902119,0.24113567409788095
0.7624184312656854,0.23758156873431444
0.6311477424032671,0.3688522575967328
0.56746865825428,0.43253134174572
0.5,0.5
0.818988441894508,0.18101155810549188
0.506142624533424,0.49385737546657615
0.6316458521269093,0.3683541478730906
0.5671848531769942,0.4328151468230059
0.5872317577111067,0.4127682422888935
0.7475950330832397,0.2524049669167604
0.7955977670343524,0.2044022329656478
0.6531963922931274,0.3468036077068726
0.8284495704433401,0.17155042955666028
0.7053909701802256,0.29460902981977455
0.763105209796145,0.23689479020385484
0.3505472065316096,0.6494527934683905
0.8071660214978527,0.19283397850214723
0.6828829330725884,0.3171170669274119
0.6324711689723084,0.3675288310276918
0.4488732165601462,0.5511267834398538
0.7535351730397668,0.2464648269602332
0.630735220306868,0.36926477969313193
0.6646400659104297,0.33535993408957043
0.6984112494988355,0.3015887505011644
0.6254456029318948,0.3745543970681053
0.44700450401670055,0.5529954959832993
0.7481625798875171,0.25183742011248306
0.7427650039346791,0.25723499606532085
0.691841078495705,0.3081589215042952
0.5162194549095159,0.4837805450904841
0.6843985179026961,0.3156014820973037
0.5125274642610664,0.4874725357389335
0.5080353727073483,0.4919646272926519
0.6359925634483256,0.3640074365516745
0.5292647965941988,0.47073520340580133
0.40074640381303395,0.5992535961869662
0.6980517100258128,0.3019482899741871
0.6787851180985831,0.32121488190141695
0.5802954618736927,0.41970453812630737
0.468123069887381,0.5318769301126192
0.6327725412753202,0.36722745872467966
0.5732521354286614,0.42674786457133856
0.6760225701514866,0.3239774298485133
0.5189936273733611,0.48100637262663887
0.5021827466391279,0.4978172533608721
0.5625640450583009,0.4374359549416991
0.49937177998945115,0.5006282200105489
0.5735055747327641,0.4264944252672358
0.6604161466545424,0.3395838533454577
0.7568081906204585,0.2431918093795416
0.6732051916742496,0.32679480832575025
0.46840522461071094,0.5315947753892891
0.68224924022705,0.31775075977295003
0.6283575044136,0.37164249558640006
0.585356751318393,0.41464324868160696
0.5861459416845286,0.4138540583154714
0.7809758912701197,0.21902410872988032
0.7396646701211348,0.26033532987886493
0.3834109118487206,0.6165890881512794
0.5422981683081433,0.45770183169185674
0.46391388794778027,0.5360861120522199
0.5985458488747499,0.40145415112524985
0.5941120061010849,0.40588799389891506
0.5506013216378749,0.4493986783621251
0.5359263302625086,0.4640736697374913
0.7719635455494599,0.22803645445053997
0.5,0.5
0.6584449339310997,0.3415550660689003
0.6817931470612478,0.3182068529387522
0.581528765370533,0.418471234629467
0.41898074444232297,0.581019255557677
0.6719221875407012,0.3280778124592992
0.4450889282959036,0.5549110717040966
0.5752254393082465,0.4247745606917535
0.38900143808032617,0.6109985619196738
0.3825477184872793,0.6174522815127208
0.47987903872944293,0.520120961270557
0.6807502676814188,0.31924973231858117
0.4322589201512171,0.5677410798487829
0.5266911954473019,0.47330880455269825
0.6821753898514258,0.3178246101485741
0.570653113257447,0.42934688674255295
0.30413147266472035,0.6958685273352799
0.726508604262518,0.2734913957374821
0.4644163546311685,0.5355836453688315
0.5558602231729681,0.4441397768270317
0.638725987191532,0.36127401280846805
0.33035247717921506,0.6696475228207848
0.7161172096344631,0.28388279036553693
0.5823313893573006,0.4176686106426996
0.5171183544286814,0.4828816455713186
0.6639992079066401,0.3360007920933598
0.7105812804220238,0.28941871957797616
0.5940657986138065,0.4059342013861936
0.6930775238988065,0.3069224761011935
0.7715193866305038,0.22848061336949618
0.7600623065062875,0.23993769349371238
0.7144600585894414,0.28553994141055866
0.6536862154967557,0.3463137845032443
0.7339819351896315,0.2660180648103686
0.8677949282621654,0.13220507173783463
0.7258100562342987,0.27418994376570127
0.6924249119409923,0.3075750880590078
0.5283776243565128,0.47162237564348714
0.6969647991277255,0.3030352008722746
0.5086499510193175,0.49135004898068246
0.697687926503319,0.30231207349668104
0.5510473280287584,0.44895267197124156
0.5721139833675083,0.42788601663249165
0.6393512097537367,0.3606487902462634
0.7242571718473182,0.27574282815268186
0.738587805663945,0.26141219433605506
0.7066792373126984,0.2933207626873016
0.7268958761328662,0.27310412386713384
0.5594030188661803,0.4405969811338197
0.7540528603673141,0.24594713963268564
0.6822315528819541,0.3177684471180458
0.6709530979765046,0.32904690202349535
0.6108644633162024,0.38913553668379763
0.6938580448604448,0.3061419551395554
0.5299461358762211,0.470053864123779
0.32901855707395217,0.6709814429260478
0.27426939591787486,0.7257306040821251
0.6439528068919701,0.35604719310803
0.602402785931248,0.39759721406875204
0.5892138566421405,0.41078614335785946
0.7528966328647625,0.2471033671352377
0.6511108860000671,0.34888911399993283
0.7402828074946727,0.2597171925053274
0.574110253242593,0.4258897467574071
0.288244266634943,0.7117557333650569
0.6296650203481426,0.3703349796518574
0.841440428815436,0.158559571184564
0.5624463878447249,0.4375536121552754
0.7615461811842946,0.2384538188157052
0.4917833487165123,0.5082166512834877
0.4759566520936005,0.5240433479063996
0.655619147801305,0.3443808521986949
0.6678210675430224,0.3321789324569776
0.631588512457168,0.36841148754283215
0.6903240861928692,0.3096759138071307
0.6681267539231855,0.33187324607681434
0.5522274604870798,0.44777253951292023
0.7393635879726296,0.2606364120273704
0.48433200427887607,0.5156679957211241
0.4093767356895005,0.5906232643104995
0.49133729067270243,0.5086627093272975
0.7304402981002954,0.26955970189970463
0.4737245049359831,0.5262754950640168
0.5737316661805931,0.42626833381940693
0.7705448990207799,0.22945510097922
0.6589302947642122,0.3410697052357878
0.6350641176104546,0.3649358823895454
0.7203955327247207,0.2796044672752793
0.5261502465022005,0.47384975349779956
0.7579597751885288,0.24204022481147122
0.8056611609113709,0.1943388390886291
0.4788005073046313,0.5211994926953687
0.5820066079353408,0.41799339206465896
0.48831067665938327,0.5116893233406168
0.21257143726642952,0.7874285627335703
0.4715741183663945,0.5284258816336055
0.7131826303398825,0.2868173696601177
0.49701730253042875,0.5029826974695714
0.513438187760336,0.48656181223966405
0.34035454783380625,0.6596454521661937
0.49233215815109926,0.5076678418489009
0.5086730168732986,0.4913269831267015
0.6212872655588558,0.3787127344411441
0.46701937398984184,0.5329806260101582
0.8282724195439771,0.1717275804560229
0.8273315435720986,0.17266845642790146
0.5094525236077053,0.4905474763922947
0.7457427054077975,0.2542572945922024
0.6008789511665592,0.3991210488334407
0.4235584241772169,0.576441575822783
0.8144644540067723,0.1855355459932276
0.4639276710657222,0.536072328934278
0.5580772866227717,0.44192271337722844
0.4529789567521837,0.5470210432478164
0.569891266351579,0.43010873364842106
0.3955243666139031,0.6044756333860971
0.6781305082127783,0.3218694917872216
0.7422238505009322,0.257776149499068
0.6238878971209612,0.3761121028790388
0.4874361839116583,0.5125638160883418
0.784283190077526,0.21571680992247405
0.818933371669553,0.18106662833044693
0.31932112342209484,0.6806788765779052
0.7397792851255137,0.2602207148744863
0.3311002110061712,0.6688997889938288
0.4251835160421879,0.5748164839578122
0.549087606226085,0.45091239377391495
0.7598259076384577,0.240174092361542
0.42324921412740957,0.5767507858725904
0.6962313411559454,0.3037686588440546
0.7862153481619727,0.21378465183802733
0.6062440450047442,0.393755954995256
0.6164979047850118,0.3835020952149882
0.7735404421173765,0.2264595578826235
0.6192424516581279,0.3807575483418723
0.48033547246473685,0.5196645275352632
0.619353443756978,0.38064655624302207
0.4420021474834945,0.5579978525165056
0.6551139853358591,0.34488601466414104
0.6097950355112592,0.3902049644887407
0.6798968692287113,0.32010313077128877
0.5478886297035768,0.45211137029642323
0.7466593441214953,0.25334065587850485
0.6606304681915356,0.33936953180846435
0.6270288146196651,0.37297118538033486
0.40775640702555405,0.5922435929744456
0.6061991824399414,0.39380081756005875
0.6252209456976623,0.37477905430233766
0.516966950691252,0.483033049308748
0.5960670411627716,0.40393295883722824
0.8411257813201097,0.15887421867989032
0.5877416139573209,0.41225838604267906
0.6636913503431421,0.33630864965685775
0.5906435150211317,0.4093564849788684
0.38894090014647564,0.6110590998535244
0.4591691190730251,0.5408308809269748
0.6051510442048311,0.3948489557951689
0.8078432835454877,0.1921567164545123
0.523977332602724,0.4760226673972759
0.6866856075108093,0.3133143924891907
0.6570737406260306,0.34292625937396953
0.7358478325779544,0.2641521674220456
0.7143472702947303,0.28565272970526967
0.6314756159754527,0.3685243840245474
0.6658475029612518,0.33415249703874816
0.26660906251339994,0.7333909374865999
0.723286110085032,0.2767138899149682
0.6301576191335194,0.36984238086648064
0.5123667357463334,0.4876332642536667
0.8185642525150238,0.18143574748497607
0.7502877826264522,0.2497122173735478
0.825702761079983,0.17429723892001717
0.8230681357961369,0.17693186420386303
0.7413717096240979,0.2586282903759022
0.722228732635625,0.277771267364375
0.6660468861082984,0.33395311389170157
0.5,0.5
0.7263975325773943,0.27360246742260563
0.6874640626555942,0.3125359373444058
0.8080152350627596,0.19198476493724037
0.4149389481431272,0.5850610518568728
0.7696146124333162,0.23038538756668372
0.5802572361540795,0.4197427638459204
0.7337378336945165,0.2662621663054837
0.6867004393255256,0.31329956067447445
0.8099599661121751,0.19004003388782484
0.6778028423484167,0.3221971576515835
0.435480952092822,0.5645190479071779
0.5278637197078139,0.47213628029218596
0.3813330075606715,0.6186669924393284
0.7153036836210187,0.2846963163789812
0.3580991205165766,0.6419008794834233
0.43258107623318504,0.5674189237668151
0.5,0.5
0.4018604734088326,0.5981395265911673
0.6314379111206155,0.3685620888793844
0.3752463214482297,0.6247536785517702
0.741664726818263,0.2583352731817369
0.7137694830921945,0.2862305169078055
0.44879055995642836,0.5512094400435716
0.5440384820894609,0.45596151791053896
0.5818486375984887,0.418151362401511
0.7100668439128575,0.28993315608714265
0.6008787254984489,0.39912127450155116
0.6460704444425733,0.35392955555742645
0.5173014763509709,0.482698523649029
0.6248702554500752,0.3751297445499248
0.5729132311716124,0.42708676882838753
0.5367991609295147,0.4632008390704853
0.7067448154758695,0.2932551845241304
0.6737893681723643,0.3262106318276358
0.4783695381693541,0.5216304618306458
0.5249209751722237,0.4750790248277764
0.6471092601542295,0.35289073984577035
0.6517937600096309,0.34820623999036904
0.5931862840233014,0.4068137159766984
0.48219170691123014,0.5178082930887697
0.6823685350394268,0.31763146496057304
0.6777964538730427,0.3222035461269572
0.6450367588309044,0.3549632411690958
0.7874227456236839,0.2125772543763162
0.6904738415512699,0.3095261584487302
0.7136259813310428,0.28637401866895723
0.7485334614925864,0.2514665385074137
0.5023841518170318,0.49761584818296817
0.5772539644001639,0.4227460355998359
0.7919062145103966,0.2080937854896036
0.6067641353662778,0.3932358646337223
0.7196341290414351,0.28036587095856497
0.6876741614828029,0.31232583851719703
0.6052129388476115,0.39478706115238843
0.6906772286978077,0.3093227713021924
0.7197667164743294,0.28023328352567056
0.7534081964171531,0.24659180358284696
0.8358439802779295,0.1641560197220704
0.7845641749698169,0.21543582503018296
0.4536726101258633,0.5463273898741366
0.6019815761797128,0.3980184238202873
0.6685342388126607,0.33146576118733917
0.6014299276328892,0.3985700723671109
0.7593493738456372,0.24065062615436297
0.6043747301722591,0.39562526982774104
0.29703421142809167,0.7029657885719084
0.8156363540795745,0.18436364592042542
0.5768340425954352,0.42316595740456464
0.6256391311569539,0.37436086884304604
0.6966156527733742,0.3033843472266258
0.35800018034390296,0.641999819656097
0.28326782368222037,0.7167321763177797
0.7256453476358135,0.27435465236418666
0.4902942625055235,0.5097057374944766
0.4547743437505777,0.5452256562494223
0.6872988822191779,0.312701117780822
0.6454723983409837,0.3545276016590162
0.6436049714089269,0.35639502859107325
0.5698195005276855,0.43018049947231457
0.6540223201289658,0.3459776798710342
0.7522584005097371,0.24774159949026292
0.5,0.5
0.7519302028362252,0.2480697971637748
0.6148851860027923,0.38511481399720776
0.6077966653742275,0.39220333462577234
0.38871363038184875,0.6112863696181514
0.6363644468324086,0.3636355531675914
0.7216599670148717,0.2783400329851283
0.7182258709381768,0.2817741290618231
0.696910085131812,0.3030899148681883
0.6354443273800994,0.3645556726199006
0.7790053868153729,0.22099461318462718
0.5383929433613784,0.4616070566386215
0.5508102422986785,0.44918975770132163
0.7338574617158024,0.2661425382841978
0.6016647966442248,0.3983352033557752
0.6031710995836215,0.39682890041637847
0.6662927339747702,0.3337072660252298
0.7534452839884509,0.24655471601154913
0.6384606300532704,0.36153936994672964
0.4111124224658806,0.5888875775341195
0.5190235593149379,0.480976440685062
0.6724999442574103,0.3275000557425898
0.6793121637420289,0.320687836257971
0.699226817689629,0.30077318231037115
0.7531085096591156,0.2468914903408844
0.48252099823536815,0.5174790017646318
0.5442713524081645,0.4557286475918354
0.8256181216352674,0.17438187836473265
0.6012194985284689,0.39878050147153116
0.5787965450673374,0.42120345493266254
0.7471596613400885,0.25284033865991157
0.5701428640081068,0.4298571359918931
0.7180478942908033,0.28195210570919677
0.5658326346741377,0.4341673653258624
0.33778152245008625,0.6622184775499138
0.6432778799487349,0.3567221200512653
0.7768506197076337,0.22314938029236642
0.5528316764364422,0.44716832356355773
0.5106258256992465,0.4893741743007535
0.34934944898878506,0.650650551011215
0.6500037537408229,0.3499962462591772
0.5698202578748466,0.4301797421251534
0.7947568350038413,0.20524316499615872
0.5332640733145103,0.4667359266854897
0.6718619643243743,0.3281380356756258
0.6024178024905754,0.3975821975094245
0.5579891922321383,0.4420108077678617
0.5,0.5
0.3669349863395283,0.6330650136604715
0.6953006396581222,0.30469936034187783
0.6358391042561644,0.36416089574383553
0.5,0.5
0.8939784784486979,0.10602152155130204
0.7180565816810851,0.2819434183189149
0.763099262208033,0.236900737791967
0.40155554167165386,0.5984444583283463
0.6997296985950512,0.3002703014049487
0.574714549843179,0.42528545015682084
0.5113037049030964,0.48869629509690354
0.4906255418937168,0.5093744581062833
0.5762990646619761,0.42370093533802394
0.7621669093585843,0.2378330906414157
0.5,0.5
0.7472563528945239,0.252743647105476
0.6395910784137744,0.3604089215862257
0.5728633300204182,0.42713666997958183
0.7595841643101034,0.24041583568989666
0.7362480075453739,0.2637519924546261
0.598600293530108,0.4013997064698919
0.7581647260246427,0.24183527397535717
0.6308273076599613,0.36917269234003863
0.4889185791034428,0.5110814208965573
0.4648969538082917,0.5351030461917083
0.73179601091762,0.26820398908237997
0.45847216768494986,0.5415278323150502
0.7418181231613381,0.2581818768386619
0.6573227225672109,0.34267727743278903
0.6420530340518398,0.3579469659481603
0.6245232310807451,0.37547676891925497
0.7522879935565361,0.2477120064434639
0.8256769422129657,0.17432305778703402
0.8043946270705176,0.19560537292948246
0.701911115773288,0.298088884226712
0.8435119472601802,0.1564880527398197
0.35592064757881825,0.6440793524211815
0.685049302157825,0.3149506978421749
0.6647384624483702,0.33526153755162996
0.5250444915604706,0.47495550843952966
0.6638560109347343,0.3361439890652657
0.5425817660066523,0.4574182339933477
0.6026324564789296,0.3973675435210704
0.5379270713341312,0.4620729286658687
0.43344339069152676,0.5665566093084733
0.6647435365399776,0.3352564634600225
0.7015670556968605,0.29843294430313944
0.7133281973644479,0.2866718026355522
0.6335204751788495,0.36647952482115054
0.6916745036927648,0.3083254963072351
0.6502323594283815,0.34976764057161847
0.6939722040660404,0.30602779593395946
0.7915043545802886,0.20849564541971138
0.7773447087956814,0.2226552912043187
0.671655411795362,0.32834458820463797
0.46415670937483344,0.5358432906251666
0.5,0.5
0.46417610673905996,0.5358238932609399
0.3907411492358983,0.6092588507641018
0.6860454657330044,0.31395453426699577
0.6606756472991594,0.33932435270084066
0.5252509283081128,0.47474907169188724
0.7618228596652413,0.23817714033475862
0.41814099145179723,0.5818590085482028
0.751270971092114,0.24872902890788604
0.6421144299781452,0.3578855700218548
0.5610161382126337,0.4389838617873664
0.7274465796977444,0.2725534203022555
0.7043968950290221,0.295603104970978
0.6752278502357755,0.32477214976422464
0.7104840043569711,0.28951599564302877
0.6493086467781627,0.3506913532218373
0.547917404421934,0.452082595578066
0.6023134621672663,0.3976865378327338
0.4656612550389797,0.5343387449610202
0.7583642924646493,0.24163570753535088
0.8307721423499103,0.1692278576500898
0.7737989358118145,0.2262010641881855
0.2980196183406538,0.7019803816593463
0.5449001105308613,0.45509988946913865
0.5831306357130256,0.4168693642869746
0.5258945997872693,0.47410540021273057
0.4951684185278502,0.5048315814721499
0.7551284211845625,0.24487157881543756
0.5,0.5
0.589114133303871,0.410885866696129
0.45900838104706776,0.5409916189529322
0.5244917906222616,0.4755082093777384
0.8074067457571855,0.19259325424281457
0.7298567765489695,0.27014322345103065
0.38950761580655213,0.6104923841934478
0.503414926375314,0.4965850736246858
0.48725529881585855,0.5127447011841415
0.7102848759243345,0.28971512407566535
0.43522757486848024,0.5647724251315197
0.6190777495503426,0.38092225044965744
0.43035211032312376,0.5696478896768762
0.8605809062332689,0.13941909376673112
0.5616081953048706,0.4383918046951294
0.9089788463987198,0.09102115360128019
0.29229661669441487,0.7077033833055851
0.5507236260753087,0.44927637392469144
0.585952073102227,0.414047926897773
0.5067808268609819,0.49321917313901803
0.7657814718563132,0.23421852814368688
0.6871537086785211,0.312846291321479
0.6881828829135156,0.31181711708648424
0.6312826374391689,0.36871736256083104
0.6645971811355368,0.3354028188644632
0.6526713042629898,0.34732869573701025
0.5810860326937481,0.4189139673062518
0.8234480071146082,0.17655199288539178
0.5790202144699488,0.42097978553005116
0.46574447693738014,0.5342555230626198
0.7329319205045584,0.2670680794954414
0.7692027714193344,0.23079722858066573
0.7481981450183709,0.25180185498162916
0.6122628921532332,0.38773710784676674
0.7108084035803832,0.289191596419617
0.5668700681115459,0.43312993188845395
0.45116016799516206,0.548839832004838
0.6868846040066958,0.31311539599330407
0.6415037562641245,0.3584962437358756
0.6533137081648669,0.3466862918351331
0.6819847017306726,0.3180152982693275
0.7301738351565268,0.26982616484347327
0.5400813616135208,0.4599186383864793
0.579909895081348,0.42009010491865206
0.6710791220371684,0.32892087796283154
0.5769776238076418,0.42302237619235833
0.588961978468991,0.411038021531009
0.3209510625551418,0.6790489374448583
0.6280686994453523,0.37193130055464774
0.757220202342097,0.24277979765790286
0.6794206905068184,0.3205793094931816
0.8622126155584876,0.13778738444151237
0.5284143100979706,0.4715856899020295
0.6816856209354857,0.31831437906451426
0.5908651758281313,0.4091348241718688
0.5847771517121634,0.4152228482878368
0.6359588450461168,0.3640411549538832
0.8372384368811467,0.16276156311885323
0.6859137643970689,0.3140862356029311
0.5116145178175889,0.488385482182411
0.6353474380628277,0.3646525619371725
0.7822948478712968,0.21770515212870303
0.4970435280964749,0.5029564719035251
0.3966822903852464,0.6033177096147536
0.3495964287189518,0.6504035712810482
0.7712051025263671,0.22879489747363305
0.6906930475366125,0.3093069524633874
0.626375279226406,0.3736247207735941
0.616358114494597,0.38364188550540285
0.5868053929877705,0.4131946070122295
0.83643347321082,0.16356652678918002
0.6677465459977582,0.3322534540022418
0.5224644720696362,0.47753552793036386
0.6123239461217282,0.38767605387827164
0.5691539621899426,0.43084603781005726
0.5178443703774661,0.48215562962253394
0.5612095982560872,0.4387904017439126
0.6113366430289395,0.3886633569710605
0.7081877915259394,0.29181220847406064
0.7224501441346495,0.27754985586535047
0.6656655408705496,0.3343344591294504
0.4950035175314124,0.5049964824685876
0.6193712629493515,0.38062873705064837
0.7194932308148715,0.2805067691851285
0.5478241192791701,0.45217588072083015
0.5566567331082266,0.4433432668917733
0.7361669144092997,0.26383308559070034
0.5595347199609229,0.4404652800390774
0.7062768617884994,0.29372313821150065
0.5606085939901965,0.43939140600980353
0.6872697211334624,0.31273027886653776
0.8259712345444075,0.17402876545559243
0.8673633803262909,0.13263661967370924
0.7858863495370689,0.2141136504629311
0.7587137089392336,0.24128629106076663
0.8141353412013386,0.1858646587986615
0.4974193018015192,0.5025806981984807
0.3497730394119563,0.6502269605880439
0.6077672910603709,0.3922327089396291
0.5306682738754273,0.46933172612457286
0.7651183874641665,0.23488161253583364
0.5225694037831713,0.4774305962168287
0.7276386807820872,0.27236131921791285
0.6077291172265709,0.39227088277342914
0.8108474757223543,0.1891525242776458
0.6775502804411754,0.3224497195588247
0.6101943860530834,0.38980561394691665
0.5229388657796636,0.47706113422033647
0.8456679556068171,0.1543320443931829
0.5314280648983851,0.46857193510161504
0.6904818903526793,0.3095181096473208
0.7415917590572371,0.2584082409427631
0.5046376425181117,0.4953623574818883
0.5900213344381472,0.40997866556185275
0.6356553511214507,0.36434464887854945
0.44703890213171676,0.5529610978682833
0.7009329371263834,0.29906706287361673
0.6987190363983876,0.3012809636016123
0.2978340139944693,0.7021659860055308
0.3744153831816833,0.6255846168183168
0.5886326589501142,0.4113673410498859
0.6052476720940446,0.3947523279059553
0.834714565917347,0.16528543408265295
0.6226611009864679,0.37733889901353207
0.5129548896449451,0.4870451103550548
0.8748354177953861,0.12516458220461382
0.7334174705619442,0.26658252943805577
0.7002490457507509,0.2997509542492489
0.5364275432091923,0.4635724567908076
0.785963324486119,0.21403667551388095
0.7683820928841473,0.23161790711585276
0.6410255050629099,0.35897449493709016
0.41419078210837534,0.5858092178916247
0.45430666942553083,0.5456933305744693
0.8559449980925755,0.14405500190742446
0.38786719558733285,0.612132804412667
0.6703558945725412,0.3296441054274588
0.49005123460996497,0.5099487653900351
0.5722887187946841,0.4277112812053159
0.7381749823797595,0.26182501762024046
0.8843278266237713,0.1156721733762286
0.7146804589749094,0.2853195410250907
0.8057668226881792,0.19423317731182088
0.6075595266000208,0.39244047339997923
0.5046663259628418,0.495333674037158
0.6265351335511321,0.3734648664488679
0.4846235664083425,0.5153764335916575
0.6809032337641174,0.3190967662358825
0.7134040090056302,0.2865959909943698
0.44658102391090665,0.5534189760890934
0.6758088358867732,0.32419116411322696
0.6953827407990053,0.30461725920099497
0.7323859699138879,0.26761403008611206
0.7884986482731997,0.21150135172680026
0.6164430666859724,0.38355693331402774
0.5399176266154588,0.4600823733845412
0.7072666086415995,0.2927333913584005
0.6893116714408705,0.3106883285591296
0.6223712914468489,0.37762870855315117
0.6258403763892267,0.3741596236107733
0.6742189067890497,0.3257810932109504
0.4385894578303873,0.5614105421696127
0.5703381617832498,0.42966183821675014
0.4122972139357716,0.5877027860642283
0.7753583457714703,0.2246416542285297
0.4499841655845405,0.5500158344154594
0.5,0.5
0.6798209939362416,0.3201790060637584
0.26180575142855367,0.7381942485714466
0.7559228622080721,0.24407713779192797
0.7241449756461767,0.27585502435382336
0.5539065848704107,0.4460934151295894
0.8157615041483327,0.1842384958516674
0.5955872499752967,0.4044127500247033
0.7335944277481824,0.26640557225181744
0.7375800055307153,0.26241999446928466
0.62657483733351,0.3734251626664899
0.6410123987897349,0.35898760121026513
0.7013609003903964,0.2986390996096036
0.5714649682895224,0.4285350317104776
0.7209151649017215,0.2790848350982786
0.7262343053698611,0.27376569463013894
0.9021474010366229,0.09785259896337711
0.6516687692829954,0.3483312307170045
0.7538119072664097,0.24618809273359027
0.43034490459363733,0.5696550954063628
0.4304983836242307,0.5695016163757691
0.6631155047064023,0.3368844952935976
0.44934321906117203,0.5506567809388281
0.4252824195882928,0.5747175804117072
0.5805005242506234,0.4194994757493766
0.45814382022200434,0.5418561797779957
0.7478735844193416,0.25212641558065835
0.6213895463908534,0.3786104536091467
0.5378576494406503,0.4621423505593497
0.6367830164465534,0.3632169835534464
0.7538556727721353,0.24614432722786467
0.5331331911033074,0.4668668088966926
0.6111398709407455,0.38886012905925443
0.618300167015157,0.38169983298484284
0.8271041050715967,0.17289589492840318
0.7069212017112462,0.2930787982887539
0.6912659386317401,0.3087340613682599
0.6422287271644204,0.3577712728355797
0.7566982620675756,0.24330173793242443
0.4390238200393696,0.5609761799606303
0.6568160985843572,0.3431839014156427
0.38466731308662794,0.6153326869133721
0.6167019224942369,0.3832980775057631
0.8524537819748836,0.14754621802511636
0.24787568610858254,0.7521243138914174
0.7036327417187644,0.2963672582812357
0.7074348479645566,0.29256515203544353
0.6385799845718761,0.361420015428124
0.7968930407267529,0.20310695927324696
0.5935533993271142,0.40644660067288585
0.7654348901189707,0.2345651098810293
0.4352277809480443,0.5647722190519558
0.5990559243226539,0.4009440756773462
0.613211078506552,0.3867889214934482
0.4993147534120065,0.5006852465879935
0.46470693432156585,0.5352930656784342
0.7557176493876641,0.244282350612336
0.41195118963346344,0.5880488103665367
0.8257535132826698,0.17424648671733034
0.5,0.5
0.5723365371841956,0.42766346281580453
0.6923952346435897,0.3076047653564103
0.8099597632869918,0.19004023671300824
0.6515550920577283,0.3484449079422716
0.7370802158674165,0.26291978413258354
0.6465211918293962,0.3534788081706038
0.4255335443154151,0.5744664556845849
0.677969253588756,0.32203074641124385
0.6448650415897158,0.3551349584102842
0.6480365967667537,0.3519634032332462
0.7395251810946395,0.2604748189053603
0.7296576145545334,0.2703423854454664
0.6411683550857805,0.3588316449142195
0.7216841379509892,0.27831586204901076
0.6390872188044249,0.3609127811955752
0.7409941088384162,0.2590058911615838
0.5441617842488066,0.4558382157511935
0.6665358844698868,0.33346411553011335
0.2586785908683266,0.7413214091316734
0.5522443433477374,0.44775565665226263
0.6362400862571135,0.3637599137428866
0.6856843088264546,0.31431569117354535
0.7429162868691574,0.2570837131308426
0.5262594547898326,0.4737405452101675
0.6193354807468139,0.3806645192531861
0.7103893105187076,0.2896106894812923
0.7852339451091886,0.21476605489081133
0.4375013870467967,0.5624986129532031
0.5838046216714274,0.4161953783285726
0.49194025469568176,0.5080597453043182
0.5573581377332518,0.4426418622667483
0.5824738427835843,0.41752615721641567
0.5897072508920973,0.41029274910790275
0.6897585507414133,0.3102414492585866
0.7758516221915908,0.22414837780840924
0.49148050810030264,0.5085194918996975
0.46403717989565985,0.5359628201043403
0.677709111112195,0.3222908888878048
0.7547924497151529,0.24520755028484706
0.5299632200861892,0.47003677991381076
0.4682202759052684,0.5317797240947316
0.276577811982417,0.7234221880175828
0.6079161895338472,0.392083810466153
0.702900482439897,0.29709951756010294
0.44133456091273565,0.5586654390872642
0.5503825019166294,0.4496174980833706
0.3585222458751149,0.6414777541248851
0.7729439456343705,0.22705605436562937
0.3363543293125639,0.6636456706874361
0.5246910292673304,0.4753089707326697
0.8956543184889961,0.10434568151100392
0.7929868544485996,0.20701314555140055
0.5655077046460943,0.43449229535390554
0.35175337920308436,0.6482466207969154
0.649529490652156,0.3504705093478439
0.6493071042640344,0.3506928957359657
0.5416723714485451,0.458327628551455
0.6080874799775333,0.3919125200224666
0.5174670168180682,0.4825329831819319
0.769602803458273,0.230397196541727
0.4252717130628438,0.5747282869371563
0.5455240576118445,0.4544759423881554
0.5742900531453071,0.42570994685469277
0.4838471615513182,0.5161528384486818
0.659196686473083,0.34080331352691706
0.6034375986761426,0.39656240132385745
0.7594667673744007,0.24053323262559917
0.4445972245087084,0.5554027754912916
0.6753107368093857,0.3246892631906144
0.732566907487216,0.2674330925127841
0.5951143560712181,0.4048856439287818
0.711971755739781,0.288028244260219
0.7136774612316801,0.28632253876832
0.62619025111947,0.3738097488805298
0.618892534458779,0.3811074655412211
0.8090540616004093,0.1909459383995908
0.4303605403464992,0.5696394596535009
0.8279551322698793,0.17204486773012082
0.6902853684731579,0.3097146315268419
0.4166044666810839,0.5833955333189161
0.6571735375113037,0.34282646248869625
0.671489922853154,0.32851007714684605
0.6581998287461738,0.34180017125382606
0.6888532641759134,0.3111467358240864
0.36452402060085115,0.6354759793991488
0.374114587416877,0.6258854125831229
0.5652323084743874,0.4347676915256125
0.6380143373990433,0.3619856626009567
0.5410545356721317,0.4589454643278683
0.6679058246711477,0.33209417532885227
0.5274786405838325,0.4725213594161677
0.5501359459542636,0.44986405404573643
0.7781530424063039,0.22184695759369608
0.7798459970587726,0.22015400294122753
0.7967437390570815,0.20325626094291863
0.5554394281806445,0.4445605718193555
0.5134747562958457,0.48652524370415423
0.8409603388457858,0.15903966115421422
0.5222783068545294,0.4777216931454708
0.6092416125185176,0.39075838748148234
0.3074247759185067,0.6925752240814933
0.8055937946527406,0.1944062053472593
0.4329557735940229,0.5670442264059772
0.6778028495374467,0.32219715046255337
0.5952613893648644,0.4047386106351357
0.6574267572420878,0.34257324275791246
0.5448880932283925,0.45511190677160757
0.5416051449938993,0.4583948550061006
0.5161539519217386,0.48384604807826165
0.7565765118866152,0.24342348811338477
0.3987139289437873,0.6012860710562128
0.6192434258787023,0.38075657412129765
0.6205244464069151,0.379475553593085
0.5934064940138091,0.406593505986191
0.6168015645439554,0.38319843545604465
0.6275057037899091,0.37249429621009095
0.6973478955694261,0.3026521044305739
0.5928248617383841,0.4071751382616159
0.7452331976047356,0.2547668023952645
0.646228575742559,0.353771424257441
0.7811936638329495,0.21880633616705056
0.7895586667641299,0.21044133323587022
0.607617411762476,0.39238258823752403
0.678977689591114,0.3210223104088859
0.7236327529826332,0.27636724701736676
0.5438768724829466,0.4561231275170536
0.637284119461948,0.36271588053805204
0.870488272195034,0.12951172780496611
0.6759453154706029,0.32405468452939706
0.8013389748056983,0.19866102519430173
0.7754794545182606,0.22452054548173933
0.4576671657567685,0.5423328342432314
0.5,0.5
0.4606696782873106,0.5393303217126894
0.5674875969370486,0.4325124030629515
0.7012945587917506,0.2987054412082493
0.7747124333489344,0.22528756665106556
0.6486294010598465,0.35137059894015343
0.5479543184277879,0.45204568157221214
0.6818882475314761,0.31811175246852375
0.7588573284763209,0.2411426715236791
0.3632121203927141,0.6367878796072859
0.649487011090862,0.35051298890913807
0.8115154093084799,0.18848459069152015
0.6130752431838302,0.38692475681616983
0.7543408227551885,0.24565917724481154
0.7899150357516788,0.21008496424832124
0.6148331930875426,0.38516680691245736
0.7001989407511503,0.29980105924884987
0.47420362596127624,0.5257963740387238
0.8029952331494637,0.19700476685053617
0.5145458314597953,0.4854541685402048
0.393026121214034,0.606973878785966
0.7913095896391955,0.20869041036080446
0.4294573375453679,0.5705426624546321
0.8327178084767306,0.16728219152326934
0.6023970276226119,0.3976029723773881
0.3990081377092381,0.6009918622907617
0.6256246313555066,0.3743753686444932
0.7800343959580288,0.21996560404197116
0.5244386287528975,0.47556137124710257
0.7216814861345096,0.2783185138654903
0.5108654943357737,0.48913450566422634
0.6233740665844277,0.3766259334155722
0.6769882347423444,0.32301176525765557
0.6674431292256471,0.3325568707743531
0.6264754515331586,0.3735245484668414
0.6467171878291476,0.3532828121708525
0.7364773534771509,0.26352264652284896
0.42439467635461064,0.5756053236453892
0.5978818303523236,0.40211816964767655
0.5903213463958472,0.4096786536041528
0.7627805502886124,0.23721944971138773
0.5489465437800001,0.4510534562199999
0.7893107535992846,0.21068924640071549
0.8342060447684395,0.16579395523156054
0.6800305052263518,0.31996949477364806
0.19276542166973376,0.8072345783302662
0.7995058150351986,0.2004941849648014
0.6469282067691023,0.35307179323089755
0.6894582355012265,0.31054176449877324
0.5438210880642765,0.45617891193572346
0.6494705096125222,0.35052949038747794
0.5823438590297721,0.41765614097022785
0.7285694417774666,0.27143055822253337
0.5278868890472042,0.4721131109527959
0.6858457219565585,0.3141542780434417
0.6236129263682212,0.3763870736317789
0.6089343072231901,0.39106569277681
0.7119832782231089,0.28801672177689114
0.5775723696197108,0.4224276303802893
0.6366347246044077,0.3633652753955922
0.6561851284848805,0.3438148715151193
0.5912326969820554,0.40876730301794467
0.7531032978442769,0.24689670215572312
0.37265965285108554,0.6273403471489143
0.7394562753192478,0.26054372468075204
0.7437747282984706,0.2562252717015294
0.4413683023456797,0.5586316976543204
0.7207867909518733,0.2792132090481267
0.5844356469397007,0.41556435306029915
0.728618456765596,0.27138154323440394
0.5373275300628347,0.46267246993716526
0.7290518225175144,0.27094817748248534
0.5623709154091525,0.43762908459084754
0.637905911799826,0.36209408820017397
0.5239650425913148,0.47603495740868523
0.7192242092261222,0.28077579077387776
1.0,5.551115123125783e-17
0.5881508994435098,0.41184910055649027
0.3956642452904373,0.6043357547095625
0.598243174686746,0.40175682531325396
0.7695864627482509,0.23041353725174907
0.6981643849998665,0.3018356150001335
0.37173382878228234,0.6282661712177177
0.7004363281581487,0.2995636718418511
0.7414189505075054,0.2585810494924945
0.7745265204590475,0.22547347954095256
0.5536273753955213,0.44637262460447874
0.7985228389028927,0.20147716109710725
0.51995724930061,0.48004275069939
0.5973231487371924,0.40267685126280744
0.8188802015957942,0.1811197984042057
0.7023373214550884,0.29766267854491135
0.4687726260278688,0.5312273739721312
0.5260205173231199,0.4739794826768801
0.738602786589878,0.2613972134101218
0.5654526390601939,0.434547360939806
0.7720168494603307,0.22798315053966925
0.5106074670801138,0.4893925329198862
0.5575392002191681,0.44246079978083186
0.6475922504078486,0.3524077495921515
0.6107426706227785,0.38925732937722163
0.7398459257638266,0.26015407423617354
0.5771234085022441,0.4228765914977559
0.2926853477887011,0.7073146522112987
0.5799715673077995,0.4200284326922004
0.7792185597275575,0.22078144027244262
0.5266753286850454,0.4733246713149546
0.5850034230803391,0.4149965769196608
0.5992125722855857,0.40078742771441433
0.709043826541347,0.2909561734586528
0.5864216153032891,0.41357838469671093
0.675922782437698,0.32407721756230196
0.7593044953631146,0.24069550463688547
0.45801155107836666,0.5419884489216333
0.7427387831526694,0.2572612168473305
0.5869761774836024,0.41302382251639747
0.774297657030508,0.2257023429694922
0.7635396566417869,0.23646034335821317
0.7771008653873496,0.22289913461265057
0.6837702232446974,0.31622977675530267
0.5924132720948257,0.40758672790517436
0.6662976857373151,0.3337023142626852
0.7385612069545334,0.26143879304546674
0.880807235076304,0.11919276492369613
0.6814772519022951,0.31852274809770476
0.5975222702951049,0.40247772970489526
0.3234773539041623,0.6765226460958381
0.6822695613525618,0.3177304386474382
0.9759110786062352,0.024088921393764725
0.7961396382725857,0.2038603617274142
0.7421628892183945,0.25783711078160565
0.487290846758885,0.512709153241115
0.5963006117451413,0.4036993882548587
0.7184244304667666,0.28157556953323337
0.6992875641304463,0.30071243586955354
0.7617950279883973,0.23820497201160268
0.8554129806898236,0.14458701931017637
0.7353120935113335,0.2646879064886665
0.7632595431695558,0.23674045683044423
0.6671249298991642,0.33287507010083595
0.6738892280563469,0.32611077194365307
0.29196386404275004,0.7080361359572502
0.6375890172950601,0.3624109827049401
0.5890450575814186,0.41095494241858144
0.7216494563061052,0.27835054369389467
0.7333337481491773,0.2666662518508227
0.5061807911680166,0.4938192088319833
0.6736753506980708,0.3263246493019293
0.682547339208942,0.3174526607910581
0.6281715542227552,0.37182844577724483
0.8174600424196232,0.18253995758037678
0.651741210204806,0.34825878979519403
0.7173064524704751,0.28269354752952486
0.619745636872161,0.3802543631278389
0.6689305466833324,0.33106945331666776
0.7256034226116657,0.27439657738833445
0.6301995962176399,0.36980040378236007
0.8447280032396381,0.15527199676036182
0.6907711067695824,0.30922889323041763
0.5830156325476339,0.4169843674523661
0.6915231672362088,0.3084768327637912
0.5891102447260921,0.410889755273908
0.5590718023430996,0.44092819765690033
0.7242933746958247,0.27570662530417517
0.6651870046120965,0.3348129953879035
0.5721561418340783,0.427843858165922
0.5299647809867073,0.4700352190132928
0.5689027923884431,0.43109720761155684
0.5737506675561309,0.4262493324438691
0.7649501823242083,0.23504981767579175
0.3319155955942105,0.6680844044057894
0.4872309349909365,0.5127690650090636
0.5674560449975322,0.43254395500246784
0.6086158679911043,0.39138413200889555
0.7101783617303898,0.2898216382696101
0.5448851352431902,0.4551148647568098
0.49078604095611833,0.5092139590438817
0.555755899491598,0.444244100508402
0.454700171009936,0.545299828990064
0.5826153336202701,0.4173846663797299
0.6350846963293312,0.36491530367066877
0.3110915211965693,0.6889084788034308
0.6391031969720266,0.3608968030279734
0.7218766782147463,0.2781233217852537
0.5104348046128743,0.4895651953871258
0.5455270682133055,0.45447293178669423
0.5721168913071218,0.42788310869287816
0.8090129830734525,0.19098701692654746
0.4866496881547613,0.5133503118452387
0.6305668877993444,0.3694331122006552
0.8231979403991685,0.17680205960083167
0.6516532446360849,0.348346755363915
0.7248350856202568,0.2751649143797432
0.7085922628732068,0.2914077371267933
0.5932906053813329,0.4067093946186671
0.6699516582915801,0.33004834170841996
0.6024610690667374,0.39753893093326265
0.6541418179694197,0.3458581820305802
0.663436063342095,0.33656393665790496
0.7020411250291015,0.2979588749708981
0.7958344919437819,0.20416550805621814
0.7727411262814052,0.22725887371859488
0.6402439939341483,0.3597560060658516
0.7467996654572517,0.2532003345427482
0.38525171178809076,0.6147482882119095
0.7517592400562244,0.2482407599437755
0.6968241136097298,0.3031758863902702
0.4762981675952934,0.5237018324047068
0.7548089864471521,0.2451910135528478
0.5,0.5
0.7224093952229586,0.27759060477704134
0.5,0.5
0.4333944497877931,0.5666055502122068
0.6778115236118113,0.3221884763881886
0.6361419708173601,0.36385802918264015
0.6992474656687557,0.3007525343312442
0.3807658823304228,0.6192341176695771
0.6986258553900522,0.30137414460994777
0.5772635925983467,0.42273640740165314
0.6315903264176688,0.3684096735823313
0.5738679911760218,0.4261320088239781
0.5745521963469773,0.42544780365302276
0.546488099069755,0.45351190093024496
0.6493728317713302,0.3506271682286697
0.7088110734586607,0.29118892654133943
0.6700298932110831,0.32997010678891703
0.6698702904265209,0.33012970957347915
0.5905502668980815,0.4094497331019185
0.5506721325596269,0.449327867440373
0.5000500595991255,0.49994994040087454
0.6301508331462327,0.3698491668537673
0.7290015147461449,0.27099848525385517
0.6418769646556309,0.358123035344369
0.6700193650023915,0.3299806349976085
0.508781725773902,0.49121827422609804
0.299609499370013,0.7003905006299871
0.6509167880360033,0.3490832119639967
0.502106440346688,0.49789355965331195
0.5755022573318741,0.42449774266812595
0.7456921107479277,0.25430788925207226
0.5575579944313221,0.4424420055686779
0.5213397114524123,0.4786602885475877
0.8334909612636503,0.16650903873634973
0.5480334448741926,0.4519665551258076
0.6802540475560114,0.3197459524439886
0.7043864800024556,0.2956135199975445
0.6716050547005928,0.3283949452994072
0.661931938840864,0.338068061159136
0.6430060876342018,0.35699391236579825
0.5,0.5
0.4869277456919982,0.5130722543080019
0.6168758656094432,0.3831241343905569
0.47451041125762217,0.5254895887423779
0.8559059100928078,0.14409408990719216
0.5904921464060966,0.40950785359390346
0.3944575569835504,0.6055424430164498
0.647954072543285,0.35204592745671504
0.5338803405072543,0.46611965949274564
0.7175502513208569,0.28244974867914296
0.6425155479935315,0.35748445200646856
0.7459495411674947,0.25405045883250527
0.38393314366195774,0.6160668563380421
0.640186192796994,0.3598138072030061
0.5145332681131062,0.48546673188689377
0.6198027502245909,0.3801972497754091
0.48915764475347956,0.5108423552465203
0.6363123216137109,0.3636876783862891
0.7075604466911948,0.2924395533088052
0.5207020479255356,0.47929795207446424
0.6677100007761457,0.33228999922385416
0.7640661274183249,0.23593387258167492
0.7368260852953697,0.2631739147046302
0.5992141773359126,0.4007858226640871
0.7152105505419059,0.28478944945809403
0.6923552276646919,0.3076447723353081
0.6586180427730937,0.3413819572269064
0.3799080982451531,0.620091901754847
0.590559512523249,0.4094404874767509
0.724607228601345,0.275392771398655
0.6114555271553511,0.388544472844649
0.6462391963731816,0.35376080362681855
0.7335352383161798,0.26646476168382016
0.5039624646782693,0.49603753532173067
0.40774510806697734,0.5922548919330227
0.6920545553537986,0.3079454446462014
0.4583768642238302,0.5416231357761698
0.6999430167324595,0.3000569832675405
0.6235812842619056,0.3764187157380944
0.5,0.5
0.7216134027859122,0.2783865972140877
0.8142330513903067,0.18576694860969314
0.6158914963697528,0.38410850363024723
0.5678865059589522,0.4321134940410479
0.7503184679563171,0.24968153204368282
0.4723609659584719,0.5276390340415281
0.5090682465711047,0.4909317534288953
0.31908253474863696,0.680917465251363
0.572028025754903,0.42797197424509675
0.7260610743504194,0.2739389256495806
0.3773364705969807,0.6226635294030191
0.5781648205269634,0.42183517947303656
0.7924425647571371,0.207557435242863
0.741507682692216,0.258492317307784
0.8194325307952475,0.18056746920475264
0.7033903529340879,0.2966096470659121
0.5126468010379834,0.4873531989620164
0.436393648495074,0.5636063515049261
0.6546534764223596,0.34534652357764034
0.6480212535212136,0.35197874647878635
0.68290311115489,0.3170968888451099
0.6839291005928397,0.31607089940716016
0.43451757671883917,0.5654824232811608
0.6797318676366754,0.3202681323633246
0.8609004567396725,0.13909954326032747
0.8205113459912695,0.1794886540087304
0.5426329336560324,0.45736706634396757
0.8026215393528853,0.19737846064711473
0.6315932516433307,0.36840674835666937
0.6761861507775148,0.32381384922248524
0.7239885014029621,0.2760114985970378
0.6992801739710538,0.3007198260289461
0.6488885265754922,0.35111147342450766
0.7260620625594041,0.27393793744059586
0.5,0.5
0.47660637848844173,0.5233936215115582
0.7403290758523876,0.2596709241476124
0.6585057191256122,0.3414942808743879
0.6732226423738212,0.32677735762617877
0.5874502942878597,0.41254970571214045
0.6002692306171395,0.39973076938286056
0.4236128124960249,0.5763871875039751
0.5688095510682969,0.43119044893170316
0.6896848117257796,0.3103151882742205
0.6367795739621311,0.36322042603786875
0.439454923463536,0.5605450765364638
0.5988977075911303,0.40110229240886974
0.43133698264593257,0.5686630173540675
0.6838230386424599,0.3161769613575398
0.7394605217126453,0.2605394782873547
0.7770367270879955,0.2229632729120045
0.6743068637819698,0.32569313621803025
0.7806655485687569,0.21933445143124314
0.8370575394651396,0.1629424605348604
0.4909505863921648,0.5090494136078353
0.5670244194544324,0.43297558054556773
0.4827864629775365,0.5172135370224635
0.8662587166015284,0.13374128339847147
0.7847750792211988,0.21522492077880098
0.7868564242543468,0.21314357574565318
0.6831472882532608,0.31685271174673935
0.49080504990435175,0.5091949500956482
0.7116666557377115,0.28833334426228857
0.6098664055077295,0.3901335944922706
0.5341857769735996,0.4658142230264005
0.6367805300120144,0.3632194699879855
0.5247403808364588,0.47525961916354115
0.5792072330955701,0.42079276690443007
0.6628584221114024,0.3371415778885975
0.4308270415585722,0.5691729584414279
0.7421532378977794,0.2578467621022204
0.42747025031361685,0.5725297496863831
0.5,0.5
0.40845969815072486,0.5915403018492751
0.8632271729615231,0.13677282703847685
0.7690962846623935,0.2309037153376066
0.7660710025415005,0.23392899745849954
0.5254533482964319,0.47454665170356813
0.6726194463144634,0.32738055368553676
0.6531295142715554,0.34687048572844464
0.6052116643303463,0.39478833566965343
0.3116367006277785,0.6883632993722215
0.533758733798662,0.466241266201338
0.5054623273839736,0.49453767261602655
0.685390572015398,0.31460942798460195
0.791578834325811,0.20842116567418886
0.5,0.5
0.700362380905723,0.2996376190942769
0.7426331444000789,0.2573668555999212
0.6893549927924854,0.3106450072075147
0.9118971506582703,0.08810284934172975
0.6345495186006976,0.3654504813993024
0.6913476633621434,0.30865233663785646
0.413647631730228,0.586352368269772
0.8026111499955817,0.19738885000441825
0.5587041080189445,0.44129589198105545
0.5387363146297172,0.461263685370283
0.6488588629310438,0.3511411370689562
0.6417622082138502,0.3582377917861498
0.5392699775618514,0.46073002243814865
0.6428826076809807,0.35711739231901923
0.678992633918355,0.32100736608164504
0.1773066501094315,0.8226933498905684
0.7395687753688375,0.2604312246311627
0.6796499184575431,0.32035008154245687
0.5,0.5
0.5863681104524776,0.41363188954752245
0.7152257434954212,0.284774256504579
0.592943802273578,0.407056197726422
0.5391228420636515,0.4608771579363486
0.6114669790106277,0.38853302098937226
0.44979424670375884,0.5502057532962412
0.5737690461189602,0.4262309538810398
0.38529800406574344,0.6147019959342566
0.6933021129372116,0.30669788706278844
0.7226837648186384,0.27731623518136156
0.6080863337362757,0.39191366626372437
0.6117324929793418,0.38826750702065815
0.7270375303712737,0.2729624696287262
0.7281317723986025,0.27186822760139756
0.8451513232672259,0.15484867673277414
0.665614063871807,0.33438593612819306
0.5672745934514254,0.4327254065485747
0.7758259288793826,0.22417407112061735
0.7540046245159119,0.24599537548408815
0.6075029458254316,0.39249705417456826
0.39908784014950427,0.6009121598504958
0.8525506119255828,0.14744938807441738
0.735168700546216,0.264831299453784
0.9014407445766452,0.09855925542335482
0.3260050006560542,0.6739949993439459
0.5942541804297508,0.4057458195702494
0.2727378198837568,0.7272621801162433
0.5549455901854635,0.4450544098145364
0.5077080133505434,0.4922919866494565
0.8302220805249988,0.16977791947500137
0.6764128443688112,0.3235871556311886
0.7208749034113969,0.2791250965886031
0.4008631612845235,0.5991368387154765
0.969780208627243,0.03021979137275703
0.47855330671545093,0.5214466932845493
0.5892943903084982,0.41070560969150177
0.7325054383396803,0.26749456166031976
0.5418190873962151,0.4581809126037848
0.7262293735119858,0.27377062648801415
0.8689001120116348,0.1310998879883654
0.7179636318744579,0.2820363681255421
0.669374426738849,0.33062557326115105
0.6802342393582286,0.31976576064177153
0.6638456312384141,0.33615436876158583
0.6038171913805919,0.39618280861940824
0.5076726095564776,0.49232739044352236
0.6584957388237036,0.34150426117629645
0.5666303651521887,0.43336963484781116
0.7934457597037041,0.20655424029629585
0.7434697888889149,0.25653021111108504
0.5171987361723478,0.4828012638276524
0.7320798688709702,0.2679201311290298
0.4284857699547684,0.5715142300452315
0.7786084083186237,0.22139159168137637
0.7820531529598865,0.21794684704011338
0.6503224898307384,0.34967751016926163
0.3813929505567255,0.6186070494432745
0.6690146145586537,0.3309853854413462
0.6790150181517394,0.3209849818482605
0.8246519761249859,0.17534802387501416
0.521116771601113,0.4788832283988868
0.5924738959447032,0.40752610405529677
0.7590779445089358,0.24092205549106424
0.47442709082304346,0.5255729091769564
0.5577932319979659,0.44220676800203423
0.8389148281918197,0.16108517180818036
0.9293321138292299,0.07066788617077002
0.7672828276603985,0.23271717233960176
0.6508885956936912,0.3491114043063089
0.4948242690123932,0.5051757309876068
0.6031476338285813,0.39685236617141856
0.4148015456098589,0.5851984543901412
0.6960163855582028,0.30398361444179717
0.440841460033076,0.559158539966924
0.7544095863945608,0.2455904136054392
0.6321090329347441,0.36789096706525604
0.3944966640123808,0.6055033359876195
0.7652129769018182,0.23478702309818175
0.629064357469383,0.3709356425306169
0.470801661723107,0.5291983382768929
0.681629560973948,0.3183704390260519
0.5104099711536028,0.48959002884639735
0.2015161859080538,0.7984838140919462
0.7136368201414031,0.2863631798585971
0.5,0.5
0.5377546563528167,0.4622453436471832
0.5,0.5
0.7136526332778236,0.2863473667221765
0.6699092229869289,0.3300907770130711
0.6254584988018168,0.37454150119818314
0.5,0.5
0.42255835199485514,0.5774416480051449
0.4485983172328604,0.5514016827671396
0.8222146024956115,0.17778539750438854
0.5516040839770133,0.4483959160229868
0.7216827557045866,0.2783172442954134
0.5397068348707662,0.4602931651292338
0.43364895333391507,0.5663510466660849
0.5454328571513531,0.45456714284864697
0.7507052813751222,0.249294718624878
0.7981950191888461,0.20180498081115386
0.6035471549924799,0.39645284500751987
0.8187834356503159,0.18121656434968408
0.4864701956232757,0.5135298043767242
0.6283738066420566,0.3716261933579436
0.4843167271064068,0.5156832728935933
0.722780859221437,0.2772191407785632
0.6255867544592753,0.37441324554072475
0.654896433142002,0.3451035668579982
0.30599878837836286,0.6940012116216372
0.7145473085059731,0.2854526914940268
0.6929246851870458,0.3070753148129542
0.419388587567342,0.580611412432658
0.7613483977684682,0.23865160223153184
0.49988138082348976,0.5001186191765102
0.6472551229297683,0.35274487707023167
0.965134821093664,0.0348651789063361
0.5,0.5
0.6741886348812436,0.32581136511875647
0.6632914409331018,0.3367085590668981
0.6876794440938392,0.31232055590616103
0.4089737323883566,0.5910262676116435
0.8148147459313384,0.18518525406866168
0.7548474544236276,0.24515254557637248
0.5,0.5
0.26610969682216773,0.7338903031778322
0.5900939359318742,0.4099060640681259
0.5553981459341154,0.44460185406588465
0.5405964397586902,0.45940356024130985
0.6969374832602881,0.30306251673971196
0.7750167136319034,0.22498328636809667
0.8189691993287594,0.18103080067124058
0.6684970572082831,0.3315029427917168
0.6889808238710686,0.3110191761289314
0.6473320351225418,0.35266796487745833
0.719066649126568,0.28093335087343196
0.57377964284335,0.4262203571566498
0.4206372257532484,0.5793627742467515
0.4663726208509946,0.5336273791490055
0.7339054188810943,0.2660945811189058
0.6780180438389921,0.32198195616100794
0.45650961779760946,0.5434903822023905
0.6265070837692006,0.37349291623079917
0.5877707900295773,0.41222920997042284
0.7179020368708255,0.2820979631291747
0.68847513902504,0.31152486097495996
0.5429245511327259,0.45707544886727414
0.7402033333598164,0.25979666664018364
0.675800051053646,0.32419994894635423
0.6961543339169124,0.30384566608308755
0.41585314576597127,0.5841468542340289
0.8194391018166887,0.18056089818331128
0.7527213775356045,0.24727862246439553
0.7241288312149287,0.2758711687850712
0.6208103177196982,0.3791896822803019
0.6099849681845957,0.39001503181540426
0.4535431280789797,0.5464568719210203
0.6678113125454643,0.3321886874545355
0.6577546759584002,0.3422453240415997
0.3304523157138731,0.6695476842861269
0.6506283512087531,0.349371648791247
0.5170872942262436,0.48291270577375656
0.6270328254076883,0.3729671745923116
0.5634445227853014,0.4365554772146987
0.7732455568801807,0.22675444311981927
0.7584564910704403,0.24154350892955967
0.4221999048014934,0.5778000951985067
0.8300272250192242,0.16997277498077593
0.8176992099320938,0.18230079006790623
0.7453324958719826,0.2546675041280174
0.630781966810423,0.36921803318957697
0.7146632515700059,0.2853367484299942
0.70254344583715,0.29745655416284994
0.540677283182701,0.45932271681729886
0.5927795970459069,0.40722040295409295
0.4151539251982513,0.5848460748017487
0.5347628447994398,0.4652371552005601
0.7983007987316468,0.20169920126835314
0.4726756702426123,0.5273243297573876
0.8069654214182506,0.19303457858174936
0.886740665239943,0.11325933476005703
0.6454985233698868,0.35450147663011317
0.6128094166010204,0.3871905833989797
0.6511895226193533,0.34881047738064674
0.3626392271346646,0.6373607728653352
0.8249523171825306,0.17504768281746938
0.8182277763526257,0.18177222364737447
0.6823892153000183,0.3176107846999817
0.7008421308982822,0.2991578691017177
0.5102534408264849,0.4897465591735151
0.5705063130231849,0.42949368697681517
0.6255594793417211,0.3744405206582788
0.4541971601802345,0.5458028398197654
0.6152424656439155,0.3847575343560844
0.8040964795623647,0.19590352043763523
0.7406561408876429,0.2593438591123572
0.7133500088752005,0.2866499911247994
0.630503865178014,0.36949613482198584
0.6012553502944266,0.3987446497055734
0.909553482706495,0.09044651729350507
0.23967719820195882,0.7603228017980412
0.6405731941609994,0.35942680583900044
0.7429412662089395,0.2570587337910605
0.5074756501049151,0.49252434989508487
0.6379326806857953,0.36206731931420466
0.3706077050331918,0.6293922949668084
0.5909447586910651,0.40905524130893484
0.668076600666963,0.33192339933303705
0.7841266680768572,0.21587333192314284
0.6201257612047169,0.37987423879528326
0.49783789481021906,0.502162105189781
0.7120936964324827,0.28790630356751734
0.7389286229667806,0.2610713770332195
0.4096517704987899,0.5903482295012101
0.5036218433787022,0.4963781566212979
0.40554117753436747,0.5944588224656328
0.7886200951777393,0.21137990482226074
0.5777236481641501,0.42227635183584966
0.6372454116339494,0.3627545883660503
0.570622799445402,0.42937720055459816
0.5197916588483248,0.48020834115167504
0.5513959442142043,0.44860405578579565
0.9743050188227311,0.025694981177268914
0.2950255541999383,0.7049744458000616
0.5964358111061105,0.40356418889388945
0.507182014012296,0.4928179859877038
0.8587097092461886,0.14129029075381122
0.6875977386244597,0.3124022613755402
0.6459397439902911,0.354060256009709
0.6551531407192118,0.34484685928078823
0.8006297726032189,0.19937022739678115
0.8231854815101095,0.1768145184898905
0.777441806920406,0.22255819307959404
0.8544946911769068,0.14550530882309312
0.6645982987236644,0.3354017012763357
0.8828720572602237,0.11712794273977646
0.5653249566655739,0.43467504333442597
0.7530010860169652,0.24699891398303475
0.66900953279206,0.33099046720794
0.7640276581108455,0.2359723418891546
0.5049347624296218,0.4950652375703784
0.709670233767334,0.29032976623266604
0.8155663688115719,0.18443363118842823
0.6569339918343855,0.3430660081656146
0.8104917137129577,0.18950828628704214
0.6928255062098649,0.30717449379013473
0.6531065520953103,0.34689344790468973
0.6110350542309352,0.3889649457690648
0.6083666300125062,0.3916333699874939
0.6007018340647995,0.39929816593520046
0.5,0.5
0.6714550969855607,0.3285449030144392
0.6242428523972923,0.3757571476027077
0.6969294355383329,0.30307056446166714
0.6432939060749508,0.35670609392504915
0.6572458623033194,0.34275413769668067
0.6159377262277593,0.3840622737722407
0.6313387006521225,0.3686612993478775
0.6423562193641056,0.35764378063589447
0.5596105616922574,0.4403894383077425
0.8243844274184242,0.17561557258157579
0.7481161422575973,0.2518838577424028
0.6631205126135659,0.3368794873864342
0.5398890675850722,0.46011093241492784
0.49702398591699987,0.5029760140830003
0.6040706030571182,0.3959293969428819
0.7757756974116424,0.22422430258835765
0.5239211184233018,0.4760788815766982
0.5858880459397268,0.4141119540602732
0.5507392828631074,0.4492607171368926
0.8254523236420999,0.1745476763579001
0.7971521426517587,0.2028478573482411
0.7584583245211743,0.24154167547882577
0.7617171487900883,0.23828285120991147
0.6562186423747225,0.3437813576252774
0.7481209769438992,0.2518790230561008
0.41545972188692526,0.5845402781130747
0.6814317689493745,0.31856823105062554
0.9371397517845949,0.06286024821540508
0.4861900556148482,0.5138099443851518
0.5525794082162928,0.4474205917837073
0.7258462809842332,0.2741537190157669
0.5863138827021495,0.4136861172978506
0.60894881071933,0.39105118928067
0.6091241987555074,0.3908758012444925
0.36076719036074645,0.6392328096392537
0.8426208879086725,0.1573791120913274
0.581866406941377,0.41813359305862285
0.4360950139475853,0.5639049860524146
0.4824705297224582,0.5175294702775418
0.6856914360730669,0.314308563926933
0.8815428157519413,0.11845718424805865
0.6122106758521547,0.3877893241478455
0.6925711086165817,0.30742889138341833
0.4519806263779967,0.5480193736220035
0.43084688573324753,0.5691531142667525
0.8044029696208564,0.19559703037914358
0.7409648419927545,0.2590351580072456
0.7036741692510792,0.2963258307489208
0.8140892310591716,0.1859107689408284
0.5050405872465518,0.4949594127534481
0.7656095274470432,0.2343904725529568
0.6135953304061218,0.3864046695938782
0.7216580326280212,0.27834196737197875
0.5248682983498131,0.47513170165018687
0.5358286412291772,0.4641713587708228
0.6207174347588157,0.3792825652411842
0.5345550876055933,0.4654449123944066
0.7031631511496222,0.2968368488503777
0.8441915472111733,0.15580845278882657
0.5949517927608292,0.4050482072391706
0.8526691647162986,0.14733083528370144
0.3357146707283263,0.6642853292716739
0.725917242278968,0.27408275772103197
0.8122329523362134,0.1877670476637867
0.5990841516137603,0.4009158483862398
0.5296761503547257,0.4703238496452743
0.5316500840885289,0.4683499159114712
0.6956263202219598,0.30437367977804025
0.4252824432016643,0.5747175567983357
0.31410637913556794,0.6858936208644321
0.5951176552171122,0.40488234478288776
0.7175365196589635,0.2824634803410365
0.26897417767916887,0.7310258223208312
0.6118457061278362,0.3881542938721638
0.7332975530639277,0.26670244693607237
0.7596948922500446,0.2403051077499554
0.7320897491217092,0.2679102508782908
0.857901428280683,0.14209857171931708
0.40046942892301707,0.599530571076983
0.7056641966428167,0.2943358033571834
0.5,0.5
0.61088429982342,0.38911570017658
0.6972463978144267,0.30275360218557357
0.6517682710140057,0.34823172898599414
0.36230883600909203,0.6376911639909081
0.6694800770489701,0.3305199229510299
0.5443225859013068,0.4556774140986934
0.6702884382829947,0.32971156171700544
0.8841868964367273,0.11581310356327265
0.5096874328249185,0.49031256717508154
0.78192818049926,0.21807181950073967
0.47737341316226656,0.5226265868377336
0.5525845366640785,0.4474154633359216
0.3267765225043171,0.6732234774956828
0.6096086724734263,0.3903913275265737
0.5805585111358816,0.4194414888641183
0.5360070303724184,0.4639929696275817
0.5341848936445034,0.4658151063554966
0.7911011067364292,0.20889889326357106
0.5987092968013211,0.40129070319867893
0.6411963916010857,0.3588036083989143
0.6554044493291934,0.3445955506708068
0.6261321461370564,0.3738678538629437
0.5100928969056289,0.4899071030943711
0.5711520953524811,0.4288479046475188
0.7697238189439757,0.2302761810560244
0.6917887431596472,0.3082112568403527
0.7826464668909144,0.2173535331090856
0.7207403796831889,0.27925962031681106
0.6536562628706151,0.3463437371293849
0.581935599218227,0.41806440078177304
0.6673693927454113,0.3326306072545887
0.56323673608859,0.43676326391141
0.7425389008961353,0.25746109910386467
0.4878507406937922,0.5121492593062078
0.5630568472059934,0.4369431527940065
0.6317678579247281,0.36823214207527194
0.642811152764077,0.357188847235923
0.7656042660231555,0.23439573397684488
0.5289865274200842,0.4710134725799159
0.4883300473900238,0.5116699526099762
0.6844429105004255,0.31555708949957423
0.711555386668135,0.288444613331865
0.6064310950718458,0.3935689049281541
0.7211165185309212,0.27888348146907876
0.3926604081764026,0.6073395918235974
0.5,0.5
0.3438060960493506,0.6561939039506496
0.8062651009531563,0.19373489904684374
0.5936945736497343,0.4063054263502659
0.6314349206517365,0.3685650793482636
0.43444744195621254,0.5655525580437875
0.5,0.5
0.7628588876618168,0.2371411123381833
0.5932096964178328,0.40679030358216717
0.7159844076424181,0.2840155923575819
0.6082202525570991,0.39177974744290084
0.7232295700136947,0.2767704299863052
0.5,0.5
0.5635714343029681,0.4364285656970319
0.5661167743944384,0.43388322560556164
0.4486957585492109,0.551304241450789
0.6843274388690069,0.31567256113099307
0.5388736895844303,0.4611263104155697
0.434607915114591,0.5653920848854088
0.6235391072747118,0.37646089272528804
0.6393991359989759,0.36060086400102404
0.7164104073809745,0.28358959261902555
0.7626464082437291,0.23735359175627085
0.4986712446436286,0.5013287553563714
0.731925693401611,0.26807430659838927
0.5424272773728143,0.45757272262718585
0.4263992403345315,0.5736007596654685
0.7361898554148184,0.26381014458518176
0.8036464562889287,0.19635354371107133
0.7076925983702942,0.29230740162970564
0.5005637907164083,0.4994362092835917
0.5491486432053061,0.45085135679469385
0.5532339687320235,0.4467660312679766
0.8318372427399189,0.16816275726008115
0.6647701297186673,0.33522987028133255
0.6258285656286817,0.3741714343713184
0.5699602264041199,0.43003977359588025
0.6310676970571467,0.3689323029428532
0.7356608784815398,0.2643391215184601
0.7593399017126221,0.24066009828737805
0.6882352692740027,0.3117647307259973
0.5939782839029475,0.4060217160970527
0.5278538834240426,0.4721461165759576
0.7791967646877364,0.22080323531226373
0.6137054410665055,0.38629455893349457
0.610456872328849,0.38954312767115096
0.5752071225953524,0.4247928774046476
0.39347194180383216,0.6065280581961678
0.6187611301402496,0.3812388698597504
0.6450686736000951,0.35493132639990493
0.5372800942531426,0.46271990574685734
0.720945481514146,0.279054518485854
0.6106557349669902,0.38934426503300973
0.34459026791313546,0.6554097320868646
0.8471365229996225,0.1528634770003774
0.7785900900668068,0.22140990993319315
0.265296543289454,0.734703456710546
0.8022525092661764,0.1977474907338237
0.6966577919691126,0.30334220803088746
0.6584333984295478,0.34156660157045204
0.5761286129504875,0.4238713870495125
0.4827128176855105,0.5172871823144896
0.6556204534155275,0.3443795465844725
0.6494337028529997,0.3505662971470003
0.6365581639969632,0.36344183600303676
0.5196396541916496,0.48036034580835046
0.5781058118445799,0.42189418815542024
0.5708038510086186,0.42919614899138153
0.6559997066636047,0.34400029333639526
0.39950070820216277,0.6004992917978373
0.6805266949319878,0.31947330506801225
0.6523251347173387,0.3476748652826613
0.5234423450732122,0.4765576549267877
0.6508605737001307,0.34913942629986944
0.7310847477518541,0.2689152522481462
0.5685374712210798,0.4314625287789202
0.7464551710701003,0.2535448289298996
0.5630193901232513,0.4369806098767488
0.7432987498781007,0.25670125012189915
0.4919102266619117,0.5080897733380884
0.4313203728534282,0.5686796271465718
0.3056614242519894,0.6943385757480106
0.3887671558561272,0.6112328441438727
0.7115736666679087,0.28842633333209133
0.529279468334479,0.470720531665521
0.6933886694959065,0.30661133050409356
0.7698084788280424,0.23019152117195776
0.7199525442091921,0.280047455790808
0.7752995391347486,0.22470046086525147
0.5493547004254457,0.45064529957455435
0.6321918735629467,0.3678081264370532
0.7271048638437531,0.27289513615624694
0.6455162845037052,0.3544837154962948
0.7587076549945062,0.24129234500549385
0.8270446307616266,0.1729553692383734
0.6125635294857206,0.38743647051427926
0.4569724363577492,0.5430275636422508
0.8169571606007898,0.18304283939921012
0.4002840096071237,0.5997159903928765
0.6716393172212537,0.328360682778746
0.7224084928948679,0.2775915071051321
0.674992036198063,0.3250079638019369
0.5303290473975407,0.46967095260245906
0.6642890217893898,0.3357109782106104
0.6984166648803404,0.3015833351196596
0.5224481799557316,0.4775518200442684
0.6363099400620554,0.36369005993794445
0.4605447563105871,0.5394552436894129
0.49031367735604986,0.5096863226439502
0.5,0.5
0.7050356364009277,0.2949643635990723
0.6777926857362282,0.3222073142637719
0.4897032295085474,0.5102967704914526
0.655139050318596,0.34486094968140407
0.6025623717797566,0.3974376282202435
0.573894579570131,0.42610542042986876
0.620341844807081,0.37965815519291896
0.6404039226438941,0.359596077356106
0.28329384040816674,0.7167061595918334
0.7406611480192284,0.2593388519807715
0.530566203405832,0.46943379659416795
0.7078709637808238,0.2921290362191763
0.4772280958550705,0.5227719041449294
0.6627516000405491,0.337248399959451
0.4836145448662246,0.5163854551337751
0.6559539802444485,0.3440460197555514
0.6505471085019924,0.34945289149800757
0.8429512955229006,0.15704870447709934
0.5062837578470296,0.49371624215297055
0.7946310391251232,0.20536896087487685
0.3801689986028752,0.6198310013971249
0.5981836962655362,0.4018163037344638
0.510205527736397,0.48979447226360284
0.7852445582564193,0.21475544174358088
0.759804851100085,0.240195148899915
0.7789068990351149,0.2210931009648851
0.7666575447056505,0.23334245529434958
0.6064881373597539,0.39351186264024607
0.6165203791422939,0.3834796208577062
0.762182710293992,0.23781728970600802
0.7088226126666369,0.2911773873333632
0.6950872332443178,0.30491276675568213
0.4196282368072984,0.5803717631927017
0.6890173763383718,0.3109826236616281
0.6938984841091632,0.3061015158908368
0.7445530875115633,0.25544691248843676
0.6815338718903422,0.3184661281096578
0.6791541838738636,0.3208458161261364
0.5706382924525221,0.429361707547478
0.639872188301778,0.36012781169822194
0.6999992458842402,0.30000075411575966
0.778353857373775,0.22164614262622498
0.7187915779086366,0.28120842209136354
0.5377263152147654,0.4622736847852345
0.6379422794817079,0.3620577205182922
0.6510410694992146,0.34895893050078525
0.6488390644025089,0.3511609355974912
0.729092472156133,0.27090752784386674
0.6139230535310958,0.3860769464689043
0.5997387078201202,0.4002612921798798
0.8050390065570382,0.19496099344296186
0.6835154509401264,0.31648454905987367
0.6490875313679885,0.3509124686320116
0.48120134683338944,0.5187986531666103
0.5173308854860992,0.4826691145139009
0.7965596403373427,0.2034403596626574
0.46441974325696617,0.5355802567430338
0.7958354228550631,0.20416457714493683
0.7405372078562728,0.2594627921437273
0.6253557701603416,0.37464422983965845
0.42523561568274415,0.5747643843172558
0.7149094113238365,0.28509058867616355
0.7071955854631966,0.2928044145368034
0.814284900480812,0.1857150995191879
0.6406092841430104,0.3593907158569895
0.5329812910485949,0.467018708951405
0.7163539504659644,0.2836460495340356
0.5781847313896311,0.42181526861036905
0.622179417219307,0.3778205827806931
0.587152830583659,0.41284716941634103
0.641752400102731,0.3582475998972691
0.5831742768887069,0.41682572311129285
0.5010109567381441,0.49898904326185584
0.641637953888554,0.35836204611144584
0.5653563216764266,0.43464367832357353
0.7034377762266012,0.2965622237733985
0.6368962221277076,0.3631037778722925
0.589359989898067,0.4106400101019331
0.36567394124807867,0.6343260587519214
0.6512484460938306,0.3487515539061694
0.6675478179796789,0.33245218202032123
0.46802751627765515,0.5319724837223448
0.5026444642853642,0.49735553571463587
0.6753516664583226,0.32464833354167755
0.6895489105785098,0.3104510894214902
0.48318812107536424,0.5168118789246356
0.4089426254412476,0.5910573745587524
0.6845866876588756,0.3154133123411243
0.8057048211479051,0.19429517885209502
0.6090214760076484,0.3909785239923515
0.7420453306585255,0.2579546693414745
0.33581204906671264,0.6641879509332873
0.7665915818604746,0.2334084181395254
0.4053164246037672,0.594683575396233
0.44019335623130995,0.55980664376869
0.8192384420353411,0.18076155796465876
0.5283976486025967,0.47160235139740325
0.7375248372521745,0.2624751627478255
0.49092854578471784,0.5090714542152822
0.5611258931628016,0.4388741068371984
0.743248948999592,0.25675105100040807
0.5443182119715584,0.4556817880284414
0.3865343059044692,0.6134656940955306
0.5805893065102606,0.4194106934897395
0.6010158692327836,0.39898413076721645
0.5896232960127135,0.4103767039872866
0.7800800233760505,0.21991997662394952
0.6802221140254774,0.31977788597452267
0.7654713989589014,0.23452860104109857
0.7421373885166554,0.25786261148334455
0.36131343763405654,0.6386865623659435
0.7338889168157444,0.2661110831842556
0.43120460356146034,0.5687953964385396
0.536662098873653,0.4633379011263471
0.7332382157418383,0.26676178425816166
0.5110700571560852,0.4889299428439147
0.42457832750528274,0.5754216724947171
0.5400459244004027,0.45995407559959733
0.7575185925254784,0.2424814074745217
0.8306202546723052,0.16937974532769484
0.22358048130073005,0.7764195186992697
0.48635315138672064,0.5136468486132794
0.5430731967706476,0.45692680322935236
0.5689991711680675,0.4310008288319324
0.5952628340910282,0.4047371659089718
0.7684355865277546,0.2315644134722456
0.389574148882547,0.6104258511174532
0.42489305510341574,0.5751069448965842
0.4851050077499913,0.5148949922500088
0.5047431950349177,0.4952568049650823
0.7947491531003538,0.20525084689964618
0.18833798771488733,0.8116620122851126
0.5962453315400131,0.4037546684599871
0.7206100351266788,0.2793899648733213
0.7658405691053023,0.23415943089469776
0.34726680465727205,0.6527331953427281
0.6498088262807292,0.35019117371927067
0.7550760000680536,0.24492399993194655
0.7483280374694535,0.25167196253054647
0.6201279489600064,0.3798720510399936
0.6566093508486162,0.34339064915138384
0.47582817220272616,0.5241718277972738
0.3917050267163813,0.6082949732836188
0.8042514171807402,0.19574858281925978
0.5626210553779759,0.43737894462202404
0.7832238531978452,0.2167761468021549
0.6204588534593214,0.3795411465406787
0.6237867117472288,0.37621328825277117
0.3680929143392437,0.6319070856607564
0.44434516188106427,0.5556548381189355
0.5844761030257312,0.4155238969742688
0.630844754529795,0.36915524547020506
0.6652887412342261,0.33471125876577396
0.6446128002396363,0.3553871997603637
0.6219852944573536,0.3780147055426463
0.6422045918141736,0.35779540818582656
0.6448777485332069,0.35512225146679305
0.7016137760270345,0.29838622397296555
0.8503420559468541,0.14965794405314586
0.6968237736967533,0.30317622630324675
0.5776284258552654,0.4223715741447347
0.4111601174830929,0.5888398825169072
0.7137701880024664,0.2862298119975337
0.646360722646467,0.35363927735353295
0.6486239865760325,0.3513760134239675
0.819673909231712,0.1803260907682879
0.7381352580266157,0.2618647419733842
0.7074410533965113,0.29255894660348863
0.5477264073455899,0.4522735926544102
0.49581812266277797,0.5041818773372221
0.7065387661553711,0.2934612338446288
0.7102074266520565,0.2897925733479435
0.5674171108181794,0.43258288918182064
0.5431507014432274,0.4568492985567726
0.40668784481921416,0.593312155180786
0.750279131986439,0.24972086801356086
0.8937480546201525,0.10625194537984757
0.49276136836853196,0.5072386316314681
0.5439141318028136,0.4560858681971866
0.4297439666167559,0.570256033383244
0.6716149243120121,0.3283850756879879
0.556672325739276,0.44332767426072395
0.8479455475964585,0.1520544524035415
0.5542201542622449,0.44577984573775503
0.8274909871255726,0.1725090128744274
0.6929068856246685,0.30709311437533154
0.6000831397742166,0.39991686022578354
0.8719678710920364,0.1280321289079638
0.6771818113858105,0.3228181886141896
0.67781916647434,0.32218083352565985
0.5972087978953964,0.40279120210460356
0.820124035162671,0.17987596483732907
0.616474506349429,0.38352549365057104
0.6408357451360839,0.3591642548639161
0.8414789892193859,0.15852101078061412
0.7108930642553772,0.2891069357446228
0.4994825554000192,0.5005174445999809
0.6571748068480744,0.3428251931519256
0.6719437256612414,0.32805627433875867
0.39327746794316415,0.6067225320568357
0.5601871120843511,0.439812887915649
0.7178444329225899,0.2821555670774101
0.5439991423531649,0.45600085764683485
0.4718108554997973,0.5281891445002029
0.4054620002226273,0.594537999777373
0.5146619369850091,0.48533806301499083
0.8148124930989891,0.18518750690101085
0.6758909631947394,0.32410903680526054
0.723708298123586,0.2762917018764144
0.38258963827943804,0.617410361720562
0.5966499563526249,0.40335004364737526
0.7398768516799468,0.2601231483200533
0.5613664022587982,0.43863359774120175
0.701635700769626,0.29836429923037394
0.40892579828475095,0.591074201715249
0.6763985772608712,0.32360142273912884
0.6681962328923627,0.3318037671076372
0.6483823586140761,0.35161764138592383
0.5247383843498649,0.47526161565013514
0.6630195853371214,0.3369804146628787
0.4951794268138974,0.5048205731861025
0.5281962294364569,0.47180377056354317
0.6965247769242368,0.30347522307576325
0.7093628257890183,0.29063717421098173
0.5128646190234393,0.4871353809765607
0.6218645015226272,0.3781354984773728
0.5821208936470758,0.4178791063529244
0.6256773353241242,0.3743226646758759
0.42704836674408114,0.572951633255919
0.6265572647298686,0.3734427352701313
0.42039222173978213,0.5796077782602179
0.6742102124551117,0.32578978754488824
0.6699725564917626,0.3300274435082374
0.6719616594062275,0.3280383405937725
0.6747885411512181,0.32521145884878183
0.7995896903802715,0.2004103096197285
0.5403484237178962,0.4596515762821039
0.5887525224229236,0.4112474775770765
0.4661080332967215,0.5338919667032784
0.5732598218028815,0.4267401781971185
0.7766802979336869,0.22331970206631313
0.43500420536677636,0.5649957946332236
0.6151985050351322,0.3848014949648678
0.5,0.5
0.7122599109484739,0.2877400890515263
0.7258072734090112,0.2741927265909888
0.8330330417432259,0.16696695825677413
0.8003301661789068,0.19966983382109318
0.664738988411746,0.33526101158825417
0.5279131035144377,0.47208689648556224
0.4743828855666887,0.5256171144333115
0.5,0.5
0.5,0.5
0.48865846882601127,0.5113415311739887
0.6439791632357027,0.35602083676429735
0.6316042215803847,0.36839577841961546
0.5675901955524406,0.43240980444755944
0.5337074575210522,0.46629254247894775
0.697361661967141,0.3026383380328589
0.6504128907542402,0.34958710924575964
0.47315081977173595,0.526849180228264
0.5370115705160678,0.46298842948393215
0.4562311004100492,0.5437688995899508
0.6993684035655806,0.30063159643441945
0.490931834293871,0.509068165706129
0.582466969156148,0.41753303084385196
0.43419707597852597,0.5658029240214739
0.7484996198254336,0.2515003801745664
0.6756077510682789,0.3243922489317209
0.7384272401334045,0.2615727598665954
0.7414272378324843,0.2585727621675157
0.4618992179376284,0.5381007820623717
0.5726009704079744,0.42739902959202547
0.38204862890964897,0.6179513710903511
0.5028599193700688,0.4971400806299313
0.5614436842895809,0.43855631571041914
0.49618598060284713,0.5038140193971529
0.9971554991589044,0.002844500841095629
0.7511006353117224,0.2488993646882775
0.7855514702849762,0.2144485297150239
0.5378265837357175,0.46217341626428254
0.5212733894020734,0.47872661059792665
0.6176154887048093,0.38238451129519063
0.8382630896129747,0.1617369103870251
0.5690419959320325,0.4309580040679676
0.6016567204032706,0.39834327959672944
0.673386716490578,0.3266132835094219
0.4750353274422521,0.5249646725577479
0.7094426199635393,0.29055738003646076
0.6942584997500082,0.3057415002499918
0.49370488896965975,0.5062951110303402
0.5450627680579269,0.45493723194207314
0.6004776995360842,0.3995223004639159
0.5387371083204596,0.4612628916795404
0.5979218402382356,0.4020781597617645
0.7502391632264502,0.2497608367735498
0.6203999751333091,0.3796000248666909
0.6817940386370571,0.3182059613629429
0.6811726407671862,0.31882735923281363
0.7396774815478905,0.26032251845210924
0.774027611526709,0.22597238847329087
0.45588304992670153,0.5441169500732985
0.6396159869950921,0.3603840130049078
0.6259452340348329,0.3740547659651672
0.6984804553249399,0.30151954467506
0.7056483100851595,0.2943516899148406
0.6836859004775263,0.31631409952247386
0.6895319790760821,0.3104680209239181
0.4581080601420644,0.5418919398579355
0.6607764611620309,0.33922353883796913
0.2335453361637064,0.7664546638362936
0.580876457425019,0.4191235425749809
0.5,0.5
0.5394067267743675,0.46059327322563265
0.7539835409747357,0.24601645902526423
0.5491758447317969,0.45082415526820313
0.7058160525053502,0.2941839474946499
0.7544759290836033,0.24552407091639689
0.6566064196075477,0.3433935803924523
0.49760573557093896,0.5023942644290611
0.637951223952788,0.362048776047212
0.5200705477416667,0.47992945225833333
0.5496368813742898,0.4503631186257102
0.5129587957369596,0.4870412042630404
0.7156966469580197,0.28430335304198046
0.6954455786783105,0.3045544213216894
0.7288227410972651,0.271177258902735
0.7458820260391537,0.25411797396084634
0.8063511157595592,0.19364888424044088
0.7500363041804704,0.24996369581952937
0.5382553086533681,0.46174469134663176
0.7613006883809897,0.23869931161901034
0.6670300863286313,0.3329699136713686
0.748627217821343,0.25137278217865705
0.8075121141166965,0.19248788588330323
0.6776621850828601,0.32233781491713986
0.6899180139065324,0.31008198609346777
0.7119101553606935,0.2880898446393065
0.4731564656196365,0.5268435343803637
0.6927733938166929,0.3072266061833071
0.788983221056327,0.2110167789436729
0.5,0.5
0.8057327584590264,0.1942672415409736
0.7784230844400613,0.22157691555993866
0.5637812718032768,0.4362187281967233
0.6100728110807525,0.3899271889192473
0.41469979571777466,0.5853002042822253
0.3731644474851501,0.6268355525148499
0.7634278579363687,0.2365721420636313
0.785009806492182,0.214990193507818
0.6158524680103488,0.38414753198965107
0.48634777407258156,0.5136522259274183
0.4909517302600913,0.5090482697399087
0.8118157062167818,0.18818429378321833
0.6240082039171213,0.3759917960828785
0.7692447937335843,0.2307552062664156
0.5332053233434777,0.46679467665652236
0.5956137705378995,0.40438622946210057
0.8044391871783724,0.19556081282162766
0.5823415201336201,0.4176584798663799
0.5932837970708913,0.40671620292910876
0.9429315209042529,0.05706847909574708
0.7327786002517371,0.267221399748263
0.8107773674492532,0.18922263255074684
0.6124198819195656,0.3875801180804344
0.6741562600995005,0.3258437399004995
0.8228832055699121,0.1771167944300879
0.8289453840773929,0.17105461592260704
0.6712879582505811,0.3287120417494188
0.6932740206450602,0.30672597935493984
0.7833886885883655,0.21661131141163442
0.8715959442482364,0.1284040557517636
0.7482645858124257,0.25173541418757445
0.40571190909447735,0.5942880909055226
0.7274410423352479,0.27255895766475197
0.8138446225597642,0.18615537744023586
0.598918550694513,0.4010814493054873
0.5699138140052412,0.4300861859947588
0.5452949433391883,0.45470505666081185
0.7654773448710561,0.23452265512894394
0.4298800472507735,0.5701199527492267
0.6171413242059639,0.382858675794036
0.3591478326916471,0.6408521673083529
0.7922705179862112,0.2077294820137888
0.6460161763530632,0.35398382364693703
0.8513247621632655,0.14867523783673453
0.7652555079837342,0.23474449201626585
0.5867133251162133,0.41328667488378673
0.17813294021636478,0.8218670597836353
0.7727484065301256,0.22725159346987445
0.5747858043853218,0.4252141956146783
0.4475132164084582,0.5524867835915418
0.6641638065381674,0.3358361934618327
0.6910056312777796,0.30899436872222036
0.5909750644302416,0.40902493556975833
0.6756480895641015,0.32435191043589856
0.7028112963183768,0.2971887036816232
0.5187205148935228,0.4812794851064772
0.3999308399921933,0.6000691600078067
0.4237028144839342,0.5762971855160658
0.5792113266200841,0.4207886733799159
0.75011054918127,0.2498894508187298
0.6949994151943932,0.30500058480560677
0.7343885588705341,0.2656114411294661
0.5214152959969574,0.47858470400304265
0.6206840502550297,0.37931594974497024
0.6041838586215523,0.3958161413784477
0.5540216767664092,0.44597832323359077
0.6363616825209956,0.36363831747900455
0.693798150887728,0.3062018491122719
0.7119045100058501,0.2880954899941499
0.8101690679804713,0.18983093201952875
0.641259156857342,0.3587408431426581
0.5196667161659508,0.4803332838340492
0.587145749034381,0.412854250965619
0.8184129319760318,0.18158706802396807
0.6731688902819615,0.32683110971803847
0.5042321745315178,0.4957678254684822
0.5703549136100183,0.42964508638998167
0.5820234972381849,0.4179765027618152
0.586149121120221,0.413850878879779
0.7417238504883376,0.25827614951166245
0.6882805266025094,0.3117194733974907
0.630134657559671,0.36986534244032904
0.6016261384985824,0.3983738615014175
0.5,0.5
0.6087588662312691,0.39124113376873093
0.550584798853207,0.4494152011467929
0.49007384047323715,0.5099261595267628
0.6572071030400375,0.3427928969599624
0.7815320388032875,0.21846796119671247
0.5305292923548692,0.46947070764513077
0.48304133790987375,0.5169586620901263
0.40715222699314796,0.5928477730068523
0.42978340915684016,0.5702165908431598
0.6509210180273133,0.34907898197268666
0.6777684329609981,0.3222315670390018
0.666891150725098,0.3331088492749019
0.633279051238559,0.36672094876144107
0.5942139997625944,0.40578600023740563
0.5789555759813996,0.4210444240186003
0.5070045264437795,0.49299547355622053
0.8920341587669487,0.10796584123305146
0.6253199488096219,0.37468005119037817
0.6973464486003775,0.30265355139962236
0.3796839304285492,0.6203160695714508
0.7402613719625523,0.2597386280374476
0.6975347977032158,0.30246520229678425
0.6495582314035518,0.3504417685964482
0.7045000557195095,0.29549994428049065
0.7743778812656854,0.2256221187343147
0.5147639399710175,0.48523606002898256
0.7586634661707581,0.24133653382924192
0.676131723192633,0.323868276807367
0.5400330557099643,0.4599669442900358
0.6567572707504016,0.3432427292495985
0.5927819390934981,0.4072180609065018
0.6815107253382684,0.3184892746617318
0.5788350453640904,0.4211649546359097
0.521456800548856,0.4785431994511439
0.7040056601605443,0.29599433983945594
0.7214319244977674,0.27856807550223267
0.6200078839262723,0.3799921160737279
0.6891877254361539,0.31081227456384597
0.7696968685673634,0.2303031314326367
0.5671994839908324,0.43280051600916775
0.5189937456901352,0.4810062543098649
0.8260498149030321,0.17395018509696789
0.6111173526046573,0.3888826473953425
0.44347350790798856,0.5565264920920114
0.7554067310784544,0.2445932689215457
0.690010036264939,0.3099899637350612
0.37841866718587647,0.6215813328141236
0.5343499631196595,0.4656500368803403
0.5924212349684926,0.40757876503150753
0.6725159877097353,0.3274840122902647
0.7304906560596467,0.2695093439403533
0.6016369265547538,0.3983630734452462
0.5,0.5
0.6985844448400429,0.30141555515995716
0.42274007595593077,0.5772599240440692
0.6979359488678718,0.30206405113212825
0.8479914685210359,0.15200853147896407
0.6786699133527532,0.32133008664724694
0.8030649222316367,0.1969350777683633
0.7629072179395465,0.23709278206045348
0.6314700463390582,0.36852995366094193
0.569076831701372,0.43092316829862803
0.6315811346293719,0.36841886537062807
0.508564348155272,0.49143565184472815
0.5332208270326104,0.46677917296738963
0.510338530373462,0.489661469626538
0.49815533385768257,0.5018446661423175
0.6944335843846515,0.3055664156153483
0.4386466232835399,0.56135337671646
0.2700157095414292,0.7299842904585708
0.8111358851747852,0.18886411482521476
0.6998193717058042,0.30018062829419606
0.5732399248785349,0.4267600751214651
0.5579462178222415,0.44205378217775854
0.4402866690963767,0.5597133309036232
0.6484834451120719,0.3515165548879281
0.5818288520512901,0.41817114794870985
0.5975474366323194,0.40245256336768054
0.7071753136372769,0.29282468636272296
0.6283560367602515,0.3716439632397484
0.5,0.5
0.4987184561620689,0.5012815438379312
0.7224744397081561,0.2775255602918441
0.43355008254205313,0.5664499174579468
0.8235415726953199,0.17645842730468014
0.7137442882993976,0.28625571170060243
0.7582520347838877,0.2417479652161123
0.6316754899186585,0.3683245100813416
0.5124887758151729,0.4875112241848271
0.47162667836994904,0.5283733216300511
0.3203072547242774,0.6796927452757227
0.5475355108201994,0.4524644891798007
0.7370301182716215,0.2629698817283788
0.6021435641326618,0.3978564358673381
0.5617871440392885,0.4382128559607114
0.8392396906955478,0.1607603093044523
0.7065072060374726,0.2934927939625274
0.6956083950843626,0.30439160491563744
0.7095511891146542,0.29044881088534574
0.8129230441239744,0.1870769558760256
0.8400106387264273,0.15998936127357266
0.7677770409449955,0.23222295905500448
0.5322952753372122,0.4677047246627878
0.7579847250025886,0.24201527499741127
0.6001756676834169,0.39982433231658304
0.5,0.5
0.589200383051444,0.41079961694855616
0.4676594100825176,0.5323405899174825
0.784459045236633,0.21554095476336696
0.6542724632784939,0.34572753672150613
0.4795768944062773,0.5204231055937226
0.7315660519447499,0.2684339480552502
0.33756683086197764,0.6624331691380225
0.6223598424640537,0.37764015753594626
0.48275570662727335,0.5172442933727265
0.5105349441906275,0.4894650558093726
0.9162143856172489,0.0837856143827512
0.7292120533696996,0.27078794663030026
0.45006107160081926,0.5499389283991807
0.531752116445859,0.468247883554141
0.45306461953263416,0.5469353804673659
0.683197628167993,0.316802371832007
0.5377882082020328,0.4622117917979672
0.6778175720682793,0.32218242793172075
0.5553667192482484,0.4446332807517517
0.5778025895265293,0.42219741047347087
0.34602171512408375,0.6539782848759164
0.6849796257510864,0.3150203742489138
0.4111262875921114,0.5888737124078885
0.7374505291024681,0.2625494708975319
0.4445943250212769,0.555405674978723
0.6248169791044541,0.375183020895546
0.6795231096423244,0.3204768903576757
0.5042310671146562,0.49576893288534385
0.6755918928539791,0.3244081071460208
0.6827630675224001,0.3172369324775997
0.43538754146249636,0.5646124585375035
0.6514194102423985,0.34858058975760164
0.8061701500047223,0.19382984999527775
0.6678759644888776,0.33212403551112235
0.6627005253860384,0.3372994746139616
0.6361198817303784,0.36388011826962136
0.7119491053881674,0.2880508946118327
0.6686522694320601,0.33134773056793976
0.6867557012529003,0.3132442987470997
0.6732204926971326,0.3267795073028674
0.7593115680845957,0.24068843191540454
0.5576854251552706,0.4423145748447293
0.5451031460653419,0.45489685393465806
0.8041125919458484,0.19588740805415164
0.5189929944562224,0.48100700554377773
0.6910262999060197,0.3089737000939804
0.7012227134242843,0.29877728657571545
0.6487956619145374,0.35120433808546253
0.5824430528005412,0.4175569471994589
0.6794423535085273,0.3205576464914726
0.718124250593449,0.2818757494065509
0.480008563314636,0.519991436685364
0.4205223300119515,0.5794776699880486
0.2792182110653471,0.7207817889346528
0.43761890628613526,0.5623810937138648
0.9312786988317361,0.06872130116826372
0.7060211713288514,0.29397882867114866
0.6407342867278022,0.3592657132721978
0.7702152895770566,0.2297847104229434
0.6606248965360393,0.33937510346396066
0.6979658426768331,0.30203415732316685
0.5,0.5
0.46223244904531835,0.5377675509546818
0.4486151444559433,0.5513848555440566
0.6019340150781558,0.3980659849218442
0.6800121134326166,0.3199878865673833
0.7070843571206568,0.2929156428793432
0.6508523997041007,0.34914760029589925
0.1574048565055069,0.8425951434944932
0.5,0.5
0.8140624295731516,0.1859375704268483
0.5992817644237195,0.40071823557628067
0.4121028643041386,0.5878971356958613
0.3424138785402843,0.6575861214597154
0.6552472207695246,0.3447527792304754
0.6232301361029591,0.3767698638970411
0.3342827226099604,0.6657172773900395
0.8130505010564882,0.18694949894351184
0.6736940093800416,0.32630599061995835
0.8281778375490868,0.1718221624509132
0.6379341901974059,0.36206580980259406
0.8030502490897531,0.1969497509102469
0.44395456537822736,0.5560454346217725
0.6439011896632522,0.35609881033674784
0.5162256883429623,0.4837743116570377
0.6694406377322335,0.33055936226776667
0.852013517728714,0.1479864822712859
0.4616634446257333,0.5383365553742665
0.6832522281775124,0.3167477718224876
0.33604759052202093,0.6639524094779788
0.6315575708737406,0.3684424291262593
0.5507422716350824,0.44925772836491745
0.5446413445858344,0.4553586554141656
0.7258530383777148,0.2741469616222853
0.6533029896776672,0.3466970103223328
0.7325188650332016,0.2674811349667983
0.44338788181501587,0.5566121181849842
0.8186626370298664,0.18133736297013364
0.7632923427897501,0.23670765721024983
0.7376541037751164,0.2623458962248835
0.6783124604867548,0.32168753951324536
0.6576865986302104,0.3423134013697897
0.7958387888135557,0.2041612111864444
0.6357906936988447,0.36420930630115533
0.4937640128101993,0.5062359871898007
0.7849624494046437,0.21503755059535637
0.5,0.5
0.697770466481304,0.30222953351869586
0.4848787433789111,0.5151212566210889
0.3331763192902637,0.6668236807097363
0.7310375424958908,0.26896245750410913
0.5614000664477526,0.43859993355224736
0.683745055926649,0.3162549440733511
0.48677664644913,0.5132233535508698
0.5,0.5
0.5616306800040876,0.4383693199959124
0.5542576238545749,0.4457423761454251
0.5220565663649719,0.4779434336350283
0.5677861700884322,0.4322138299115677
0.6027616116505079,0.3972383883494922
0.8045752130355569,0.1954247869644431
0.6009053901306499,0.3990946098693502
0.9999999999999999,1.6653345369377348e-16
0.7534640614547299,0.2465359385452702
0.662395011327539,0.33760498867246114
0.6168603005950701,0.38313969940493
0.6843506786933402,0.31564932130665974
0.6359497446828466,0.36405025531715357
0.7860166328801377,0.21398336711986227
0.6443886430971332,0.3556113569028669
0.49716014595203917,0.5028398540479608
0.4209378571094677,0.5790621428905323
0.666762674332663,0.33323732566733705
0.5049334487390245,0.4950665512609755
0.5970620410348964,0.4029379589651036
0.7518930756073446,0.24810692439265522
0.543156533676846,0.45684346632315403
0.49403159792617696,0.505968402073823
0.6558515130139722,0.34414848698602785
0.6606901522220452,0.3393098477779547
0.6900112554813956,0.30998874451860425
0.6825973573008232,0.31740264269917695
0.38934563525054144,0.6106543647494586
0.743160419213908,0.256839580786092
0.769660292343597,0.23033970765640277
0.6490282429288095,0.35097175707119044
0.6260070990502318,0.37399290094976817
0.6046499605264944,0.3953500394735055
0.7704300511625267,0.22956994883747336
0.5,0.5
0.6664317541139224,0.3335682458860777
0.22750612097878384,0.7724938790212161
0.3463694837924168,0.6536305162075834
0.6091976127413444,0.39080238725865557
0.6555053679101608,0.34449463208983905
0.7483188992958726,0.2516811007041274
0.7275788039553281,0.272421196044672
0.6760977779920644,0.32390222200793567
0.7432410340908551,0.25675896590914477
0.5134113065101378,0.4865886934898622
0.5862425549602045,0.4137574450397956
0.8491349300743956,0.15086506992560453
0.657721518127851,0.34227848187214915
0.6260773654922224,0.37392263450777763
0.38542543579337,0.61457456420663
0.7602664769357709,0.2397335230642292
0.37660267826260324,0.6233973217373967
0.7120325457785228,0.28796745422147696
0.6418454613192125,0.3581545386807875
0.759451273459118,0.24054872654088189
0.487657533438802,0.512342466561198
0.5865744262627604,0.41342557373723954
0.7313527201514638,0.2686472798485362
0.8375139430254318,0.16248605697456817
0.6406576206059015,0.3593423793940985
0.47748645756343944,0.5225135424365606
0.5803091553593488,0.4196908446406512
0.421282602380377,0.578717397619623
0.7004065347294592,0.29959346527054087
0.5855705907832935,0.4144294092167064
0.4248497923564634,0.5751502076435366
0.8824014978710856,0.11759850212891441
0.8161089371294713,0.1838910628705287
0.3751620381322475,0.6248379618677524
0.6570029407454356,0.3429970592545644
0.8016627912314989,0.19833720876850125
0.516907162825427,0.4830928371745729
0.8753102064909742,0.12468979350902572
0.42921203344213654,0.5707879665578635
0.5964779355460843,0.40352206445391575
0.4580158425551495,0.5419841574448504
0.6086040560496906,0.39139594395030936
0.6122664782538698,0.3877335217461303
0.4783097318744478,0.5216902681255522
0.6594598234292998,0.34054017657070007
0.5196373499774134,0.48036265002258666
0.6601469211456178,0.33985307885438215
0.637587021328194,0.36241297867180594
0.46509439746389764,0.5349056025361024
0.6562302327963442,0.34376976720365565
0.6711854685278593,0.3288145314721408
0.7187632890280633,0.2812367109719369
0.7469414883073835,0.2530585116926164
0.5179465420485937,0.48205345795140625
0.7763269871728431,0.22367301282715688
0.5824798433790586,0.41752015662094144
0.6466535687880723,0.3533464312119277
0.5,0.5
0.6906720994669653,0.3093279005330347
0.7100855704872919,0.28991442951270807
0.5304025513233144,0.4695974486766855
0.7612567904368837,0.23874320956311632
0.6201167973878294,0.37988320261217057
0.6288720577416604,0.37112794225833984
0.7701609431587858,0.2298390568412143
0.7138541661202005,0.28614583387979936
0.6224481289966456,0.37755187100335436
0.8359611927846747,0.16403880721532524
0.42085412849422404,0.5791458715057759
0.6034943546932561,0.396505645306744
0.7344765128056377,0.2655234871943621
0.7369176471912836,0.26308235280871634
0.3982297376000482,0.6017702623999517
0.3710821008355344,0.6289178991644655
0.5896008804285194,0.4103991195714805
0.40766637750239715,0.5923336224976029
0.7519299561665538,0.24807004383344622
0.7066335328534722,0.2933664671465277
0.5415671620729797,0.45843283792702016
0.5685374603344566,0.4314625396655434
0.5972085781351467,0.40279142186485317
0.8469607072323722,0.15303929276762768
0.46480606717204653,0.5351939328279535
0.713269512083131,0.28673048791686895
0.8171989502161867,0.18280104978381329
0.6413142011702319,0.3586857988297683
0.6525657598146025,0.3474342401853974
0.780623523060718,0.21937647693928214
0.8559578300823385,0.14404216991766164
0.622089136308365,0.377910863691635
0.5947484288699204,0.40525157113007954
0.5730445554391591,0.4269554445608407
0.5405792778765535,0.45942072212344653
0.7062836170930609,0.29371638290693924
0.6589423679781552,0.3410576320218448
0.6090867196768524,0.39091328032314754
0.6374549443682453,0.36254505563175476
0.6942585797383101,0.30574142026169
0.7531578277281862,0.24684217227181401
0.6379780674906574,0.3620219325093425
0.7055999655085434,0.2944000344914564
0.6307067060592498,0.36929329394075033
0.7402598115070327,0.2597401884929673
0.52749393891805,0.47250606108195015
0.6589641261882959,0.341035873811704
0.4576746526651761,0.542325347334824
0.6361421500726078,0.36385784992739223
0.4624372984669777,0.5375627015330223
0.3786780417411897,0.6213219582588103
0.7038045116794746,0.29619548832052556
0.7452605920486858,0.2547394079513142
0.6743229250326603,0.32567707496733966
0.5101819448173046,0.4898180551826954
0.5051791774175709,0.4948208225824291
0.6674694307148458,0.3325305692851543
0.487345508593949,0.5126544914060509
0.5,0.5
0.6397211443603158,0.3602788556396842
0.41189453336416865,0.5881054666358311
0.7891670136575099,0.21083298634249012
0.5780260681446117,0.42197393185538856
0.6919675125755884,0.3080324874244116
0.578825382515048,0.4211746174849519
0.7021071405893946,0.29789285941060545
0.8310968338491189,0.168903166150881
0.5796996537989451,0.4203003462010549
0.7895740184632816,0.2104259815367185
0.6782976670233398,0.3217023329766602
0.745478935985343,0.2545210640146571
0.3333545493551062,0.6666454506448941
0.7082707133681085,0.29172928663189157
0.5889511922764502,0.41104880772354996
0.6416582042111046,0.3583417957888953
0.5,0.5
0.6308892981669767,0.3691107018330232
0.8295246956813209,0.17047530431867894
0.6777988404181143,0.3222011595818857
0.444750080020082,0.555249919979918
0.6868260613678777,0.31317393863212223
0.6548004397956889,0.34519956020431103
0.645536111777182,0.354463888222818
0.5481822334325946,0.4518177665674054
0.7444109463768893,0.25558905362311085
0.6315894199456906,0.3684105800543093
0.6255309164604107,0.37446908353958935
0.5399947823249234,0.4600052176750766
0.4386064301381787,0.5613935698618213
0.5154397187279045,0.4845602812720955
0.6423814905381229,0.3576185094618772
0.8292468278393028,0.1707531721606972
0.7112793053234523,0.2887206946765477
0.6504670581155841,0.34953294188441586
0.7582526778982027,0.2417473221017973
0.5480398532272689,0.45196014677273116
0.6987225840038797,0.30127741599612057
0.513320189495239,0.486679810504761
0.4774365713780248,0.5225634286219751
0.5,0.5
0.7206134072711037,0.2793865927288964
0.7242953670318989,0.27570463296810116
0.7079680803420781,0.29203191965792175
0.714741531467854,0.28525846853214615
0.8145370587300663,0.1854629412699336
0.7298639154119421,0.270136084588058
0.7384189349695127,0.2615810650304873
0.5955358373839866,0.4044641626160136
0.5061097791577217,0.4938902208422783
0.7229745741692611,0.27702542583073897
0.4922109284125035,0.5077890715874966
0.7397012582666763,0.2602987417333237
0.6812665336403771,0.31873346635962274
0.684933911788476,0.31506608821152415
0.5523615218337192,0.4476384781662806
0.7802199273162711,0.21978007268372884
0.7574477891674696,0.24255221083253037
0.4067347061647236,0.5932652938352765
0.6166696172962408,0.3833303827037593
0.5384054807183056,0.46159451928169437
0.7797811075929721,0.2202188924070279
0.8498973212988101,0.15010267870118976
0.6123385331546298,0.3876614668453703
0.3938612258791747,0.6061387741208253
0.7785293495211444,0.22147065047885553
0.5641249965384088,0.43587500346159125
0.718740737158944,0.28125926284105596
0.6903709935616962,0.309629006438304
0.737216649333531,0.2627833506664689
0.7226441713189261,0.2773558286810738
0.718968951626931,0.28103104837306886
0.7090643738712016,0.29093562612879836
0.4392770820128705,0.5607229179871295
0.839317033894633,0.1606829661053671
0.4954205415773768,0.5045794584226232
0.6945687342322046,0.30543126576779545
0.8416013034227577,0.15839869657724234
0.6863514807004372,0.31364851929956283
0.6649655353408368,0.3350344646591632
0.5853598086768936,0.4146401913231065
0.5900540007793154,0.40994599922068464
0.6417860925187204,0.3582139074812795
0.7506576657550444,0.2493423342449556
0.7279514538377809,0.2720485461622193
0.5751609494451859,0.4248390505548141
0.5557611354588078,0.4442388645411922
0.5361193511507923,0.4638806488492077
0.7386130606320541,0.2613869393679458
0.7224638965172775,0.2775361034827224
0.5729745723012128,0.4270254276987873
0.5862348408287579,0.4137651591712422
0.5199750397035172,0.48002496029648284
0.6158443243760153,0.3841556756239847
0.463200118206856,0.5367998817931441
0.6897906501123547,0.31020934988764526
0.6689500524085441,0.33104994759145595
0.6765178930761894,0.32348210692381063
0.5252210200107941,0.4747789799892057
0.6748358170199212,0.32516418298007876
0.37543351725705487,0.624566482742945
0.4644142162986448,0.5355857837013552
0.7357110650116757,0.2642889349883244
0.5369321131142983,0.4630678868857017
0.8553022611011686,0.14469773889883145
0.7607171912812811,0.23928280871871876
0.5709317646163585,0.4290682353836415
0.6581018021156623,0.3418981978843379
0.43602503487616134,0.5639749651238386
0.6303066426945431,0.36969335730545705
0.6479549859241068,0.3520450140758932
0.6888170003336245,0.3111829996663755
0.6601156266630395,0.3398843733369604
0.8505672785139321,0.14943272148606793
0.414286011995366,0.585713988004634
0.7135006172901555,0.2864993827098446
0.720076237503406,0.2799237624965939
0.6873843528765881,0.312615647123412
0.7971014938807044,0.20289850611929555
0.4600015934296543,0.5399984065703457
0.6359168071570321,0.36408319284296786
0.6479617170013235,0.3520382829986766
0.3485638575735984,0.6514361424264016
0.5298995609786444,0.4701004390213554
0.6245743749616869,0.3754256250383132
0.38768535980645663,0.6123146401935434
0.6618596782220298,0.33814032177797027
0.7472031716849121,0.2527968283150877
0.6924249605662082,0.30757503943379183
0.5803312943508918,0.4196687056491082
0.7308241364817984,0.26917586351820166
0.7442855731581831,0.2557144268418169
0.7047880945482544,0.29521190545174564
0.584193519195595,0.415806480804405
0.5,0.5
0.5440539838139713,0.45594601618602876
0.6507584983287856,0.3492415016712145
0.6464906865750853,0.3535093134249147
0.7930775589734684,0.2069224410265317
0.7170364330364226,0.28296356696357744
0.7042470248435168,0.2957529751564832
0.6401402814104619,0.35985971858953786
0.2634140163397572,0.7365859836602427
0.7115305480924667,0.28846945190753326
0.837307902907534,0.16269209709246596
0.5684340388512565,0.43156596114874346
0.6562741207495449,0.34372587925045506
0.6549617594726833,0.3450382405273168
0.5205165287046545,0.4794834712953455
0.6458979535736389,0.35410204642636106
0.6443219875850085,0.3556780124149914
0.6811891352500834,0.31881086474991666
0.6603668210441724,0.3396331789558275
0.46252886483092304,0.5374711351690767
0.5,0.5
0.8466676103217106,0.15333238967828947
0.7200904351569545,0.2799095648430456
0.7625292884296874,0.2374707115703126
0.6218891747058398,0.3781108252941601
0.6597037448958691,0.3402962551041308
0.5443238682099526,0.4556761317900475
0.7003627932545143,0.29963720674548555
0.6857054976656672,0.3142945023343326
0.675302719637571,0.324697280362429
0.6462241491342181,0.3537758508657819
0.3643029495082115,0.6356970504917886
0.5741108312728962,0.42588916872710386
0.6578553050624153,0.34214469493758476
0.5989216819351196,0.40107831806488026
0.5416829484156964,0.45831705158430364
0.6123861726751372,0.3876138273248629
0.49167063315650267,0.5083293668434973
0.7431580589526608,0.25684194104733915
0.5445416067973934,0.4554583932026067
0.39287823967428853,0.6071217603257114
0.5213539582649075,0.47864604173509245
0.6628871737917944,0.3371128262082055
0.5598929189176837,0.4401070810823164
0.6062250063366297,0.39377499366337015
0.817620542731425,0.18237945726857488
0.8063481934784341,0.19365180652156616
0.7493970785946883,0.25060292140531165
0.45501514239064805,0.5449848576093519
0.37270020136736487,0.6272997986326351
0.7935252944334673,0.2064747055665326
0.6464495382207169,0.3535504617792831
0.7952444198916154,0.2047555801083845
0.7976890488742299,0.20231095112577005
0.6211482130123008,0.37885178698769906
0.5677768968309962,0.4322231031690039
0.7359383302967425,0.26406166970325734
0.6304871777076796,0.36951282229232046
0.4208466718205632,0.5791533281794369
0.6433906074275644,0.3566093925724356
0.6837730323933917,0.31622696760660834
0.7403054683344119,0.25969453166558815
0.6910526321969802,0.30894736780301996
0.7706328418215577,0.22936715817844242
0.6999299874826989,0.3000700125173011
0.2634783545202283,0.736521645479772
0.5118898233981164,0.4881101766018835
0.6411105247983948,0.3588894752016054
0.7787121448124997,0.2212878551875002
0.5253918445851328,0.47460815541486734
0.37898754908781046,0.6210124509121898
0.6329074966736085,0.3670925033263915
0.7616993305472898,0.2383006694527101
0.733740104628343,0.266259895371657
0.4626853752078843,0.5373146247921159
0.6118153936819337,0.3881846063180663
0.5940043992271995,0.4059956007728006
0.5407704553409016,0.45922954465909843
0.8111804096314911,0.1888195903685089
0.7175481107262467,0.2824518892737534
0.6950667060571147,0.3049332939428851
0.620447008602484,0.37955299139751614
0.7934201170962762,0.20657988290372387
0.7195840520521213,0.28041594794787866
0.7775279729011353,0.22247202709886466
0.6716357472264103,0.3283642527735899
0.5817335585268689,0.41826644147313097
0.47528493321731036,0.5247150667826895
0.7770434744586415,0.22295652554135847
0.7941479218806583,0.20585207811934167
0.50392605520565,0.49607394479434996
0.5729943316867997,0.42700566831320047
0.5713257553251179,0.42867424467488197
0.5426392673558506,0.4573607326441495
0.8282171447259815,0.17178285527401843
0.7036097850108822,0.2963902149891179
0.5992239841970705,0.40077601580292965
0.7894126757646187,0.21058732423538137
0.48918556769258287,0.5108144323074171
0.6866051167367023,0.31339488326329756
0.6187595605273967,0.3812404394726034
0.7850146226438226,0.21498537735617732
0.5768519105782862,0.42314808942171384
0.41976322979718783,0.5802367702028121
0.6361335999700514,0.3638664000299488
0.7490469316330767,0.25095306836692344
0.7265465054917871,0.2734534945082128
0.6311753850949721,0.3688246149050279
0.7530249521153244,0.24697504788467545
0.43096545242261725,0.5690345475773827
0.6755828145936035,0.3244171854063966
0.6530552085129221,0.3469447914870779
0.6905833391001944,0.30941666089980546
0.8051674044037102,0.1948325955962899
0.7472521218341179,0.25274787816588196
0.7207427883669375,0.27925721163306244
0.6819822831675173,0.3180177168324826
0.4644058808736742,0.5355941191263258
0.7459345505791405,0.25406544942085957
0.6127750342323874,0.38722496576761256
0.7164796208978982,0.283520379102102
0.7905751956159592,0.20942480438404054
0.3401861640553964,0.6598138359446036
0.6500556390792177,0.34994436092078235
0.8020781559904202,0.1979218440095798
0.47151603792241265,0.5284839620775873
0.29614692880794,0.70385307119206
0.5015154861393817,0.4984845138606183
0.6069400822520905,0.3930599177479095
0.4398444566101817,0.5601555433898183
0.4919949998797366,0.5080050001202634
0.6533575196229042,0.34664248037709594
0.6658204229869523,0.33417957701304785
0.6948700558534358,0.3051299441465643
0.47326826236177383,0.5267317376382262
0.5667829322702543,0.43321706772974555
0.65776187289994,0.34223812710006013
0.5835279568778426,0.4164720431221574
0.6568935404064346,0.34310645959356556
0.6364069737885903,0.36359302621140954
0.6045182767278892,0.3954817232721108
0.873023964405284,0.12697603559471593
0.6932770503261184,0.3067229496738816
0.7051550541026428,0.29484494589735727
0.7039194543527024,0.2960805456472976
0.5792961717006111,0.4207038282993888
0.47137054766837205,0.528629452331628
0.6110422998034991,0.3889577001965009
0.31348251957810314,0.6865174804218968
0.777110697699796,0.22288930230020407
0.7895195669489946,0.21048043305100525
0.5305649760977684,0.46943502390223174
0.4729780993620348,0.5270219006379652
0.412606527718204,0.587393472281796
0.5345000326405163,0.4654999673594838
0.7240059879100804,0.2759940120899195
0.6995459600415463,0.30045403995845377
0.5691679133706802,0.43083208662931977
0.5686449146803114,0.4313550853196886
0.6874098794002159,0.31259012059978425
0.7474825308593697,0.25251746914063045
0.4633739224385896,0.5366260775614103
0.3578799699661451,0.642120030033855
0.5,0.5
0.6604898282455773,0.33951017175442283
0.6584878110277824,0.3415121889722176
0.3976340532223861,0.6023659467776139
0.7805736219978624,0.21942637800213755
0.8413654943680158,0.15863450563198409
0.6764919135806668,0.32350808641933326
0.606048692463707,0.39395130753629304
0.4995870158967592,0.5004129841032409
0.7180100343982038,0.2819899656017962
0.6311882080786694,0.3688117919213309
0.7395315636864729,0.26046843631352723
0.8315044977432654,0.1684955022567345
0.7156963603448259,0.2843036396551742
0.7744355647522667,0.22556443524773304
0.7047216836990713,0.29527831630092866
0.6916453889524758,0.30835461104752404
0.7642996812717412,0.23570031872825878
0.5,0.5
0.6064103521918386,0.3935896478081615
0.6382217241339267,0.36177827586607325
0.589620341112453,0.410379658887547
0.5756442676475146,0.42435573235248536
0.7459315068600415,0.25406849313995866
0.5768108377671191,0.4231891622328811
0.7185901645389233,0.2814098354610767
0.6306393457854188,0.36936065421458114
0.6365043453187034,0.3634956546812966
0.5308760493399451,0.46912395066005486
0.608122904859891,0.39187709514010916
0.4847210963419724,0.5152789036580275
0.5045581581078066,0.4954418418921934
0.5109214015398754,0.4890785984601245
0.5073013013631528,0.4926986986368471
0.4283414500392971,0.571658549960703
0.33337353177092116,0.6666264682290789
0.5183399925004316,0.4816600074995683
0.6588215130667493,0.3411784869332508
0.3983032976612056,0.6016967023387945
0.6562611171113264,0.3437388828886737
0.7925005782157462,0.20749942178425398
0.8256532273769006,0.17434677262309947
0.7996282257875533,0.20037177421244665
0.4779020518142015,0.5220979481857985
0.5618306267217699,0.43816937327823025
0.5974577974074775,0.40254220259252255
0.6821996883675528,0.31780031163244726
0.6695062363181219,0.33049376368187827
0.5,0.5
0.6741834723355828,0.3258165276644172
0.6713731650551737,0.3286268349448263
0.6822988114158534,0.3177011885841466
0.6798966179485357,0.32010338205146427
0.577939926810533,0.4220600731894671
0.7354388642671119,0.2645611357328882
0.6168183890460981,0.38318161095390185
0.7039038186356276,0.2960961813643722
0.6266910996237247,0.3733089003762754
0.6531046629627878,0.3468953370372124
0.8258127178545471,0.17418728214545282
0.6388139129509626,0.36118608704903754
0.7047734154836446,0.2952265845163556
0.7613926447801641,0.23860735521983592
0.5950924096102086,0.40490759038979146
0.625755793378639,0.37424420662136104
0.5998189841675905,0.4001810158324096
0.6423846293358091,0.357615370664191
0.6417465205412618,0.35825347945873837
0.6515550422679399,0.34844495773206013
0.7014143779641152,0.2985856220358847
0.595107705616878,0.4048922943831221
0.6677808548796291,0.33221914512037076
0.6512032781787822,0.3487967218212177
0.5117403344614876,0.48825966553851247
0.7244495096754255,0.2755504903245745
0.8647791249288855,0.13522087507111435
0.637606861750227,0.36239313824977293
0.47224633627226553,0.5277536637277345
0.7170258484918038,0.28297415150819627
0.8971845171939692,0.10281548280603073
0.6461284682354055,0.3538715317645946
0.8102529827733094,0.18974701722669043
0.5874317541806602,0.4125682458193399
0.7302610703273148,0.2697389296726852
0.6722741191272028,0.3277258808727972
0.5520267114043236,0.4479732885956764
0.6784635636301961,0.32153643636980406
0.6183488712790787,0.3816511287209211
0.6724553047313385,0.32754469526866176
0.5849575610414661,0.415042438958534
0.6789426031501017,0.3210573968498983
0.7575056954580134,0.24249430454198667
0.36340949277038226,0.6365905072296177
0.4251765901491996,0.5748234098508004
0.4836653427239416,0.5163346572760582
0.6622414053224974,0.3377585946775025
0.6711511839711766,0.3288488160288239
0.7836511308368572,0.2163488691631427
0.5393251561837923,0.4606748438162076
0.5305003109488556,0.4694996890511446
0.665562709684076,0.3344372903159239
0.785597608970593,0.21440239102940703
0.610629638421718,0.3893703615782821
0.5904774336441371,0.4095225663558629
0.6845830896267254,0.3154169103732746
0.6738681944163363,0.32613180558366367
0.7217489463295369,0.27825105367046304
0.8356194398052014,0.16438056019479885
0.7111995231141183,0.2888004768858819
0.4789934707005474,0.5210065292994526
0.5853378684434969,0.41466213155650306
0.6635393480566804,0.3364606519433194
0.6679149774416374,0.3320850225583626
0.5752895213350263,0.4247104786649734
0.5754197677539107,0.4245802322460892
0.6726906532777587,0.32730934672224116
0.7299608165369135,0.2700391834630866
0.5750814177126913,0.4249185822873086
0.8714370037428659,0.12856299625713413
0.6590070302507521,0.340992969749248
0.6167764303428789,0.38322356965712123
0.6196307517095105,0.3803692482904895
0.6418203797392318,0.3581796202607682
0.8246327729092404,0.1753672270907596
0.7558580321010319,0.2441419678989682
0.4968803025320646,0.5031196974679355
0.7069420075249812,0.2930579924750189
0.8184804158332678,0.18151958416673217
0.7885736152199901,0.2114263847800098
0.5664888699191647,0.43351113008083536
0.6795954371423832,0.3204045628576167
0.5710633987473296,0.42893660125267047
0.45793050036556515,0.5420694996344348
0.6462401986758234,0.3537598013241767
0.4303642459006561,0.5696357540993439
0.7508070030758592,0.24919299692414076
0.6744596284280835,0.32554037157191634
0.7240455281759005,0.27595447182409966
0.518497322504588,0.48150267749541187
0.749215832471328,0.250784167528672
0.7885658499098683,0.21143415009013175
0.6302072572166855,0.3697927427833144
0.7598763448210827,0.24012365517891734
0.5217922930247321,0.47820770697526804
0.5497432751269168,0.4502567248730832
0.5334531952252771,0.46654680477472277
0.7424193173202529,0.257580682679747
0.6021479123223985,0.39785208767760155
0.42423315829686287,0.5757668417031371
0.7361097027120392,0.26389029728796093
0.8616928921110181,0.138307107888982
0.5,0.5
0.18831647053703052,0.8116835294629695
0.7458095903923506,0.2541904096076495
0.6516603026167457,0.3483396973832542
0.7647045062049026,0.23529549379509737
0.7813232406902787,0.2186767593097214
0.6222178335597528,0.3777821664402471
0.5987332834222234,0.40126671657777646
0.40479399044668374,0.5952060095533164
0.9055858367485404,0.09441416325145952
0.6187097223182305,0.3812902776817695
0.3907768657896534,0.6092231342103464
0.2639497504021073,0.7360502495978927
0.542286877239266,0.4577131227607339
0.514003318297662,0.48599668170233795
0.5849080340048196,0.4150919659951804
0.7328120699871292,0.2671879300128706
0.867417432103623,0.1325825678963769
0.3829680264206429,0.6170319735793575
0.5294530781172597,0.4705469218827402
0.47495417422614994,0.5250458257738501
0.5012053013188852,0.49879469868111476
0.650843815320986,0.3491561846790139
0.5,0.5
0.5359812398304666,0.4640187601695334
0.506266211821376,0.49373378817862396
0.7175332782862176,0.2824667217137825
0.5358167501331799,0.46418324986682025
0.6829381689680564,0.31706183103194413
0.45646548946332915,0.5435345105366707
0.5090324028238092,0.4909675971761907
0.4338190682478463,0.5661809317521538
0.7822558327281786,0.2177441672718214
0.3948748807575405,0.6051251192424593
0.4209245028103024,0.5790754971896975
0.4243235050548702,0.5756764949451297
0.6114675619615362,0.3885324380384637
0.7787171228322664,0.2212828771677339
0.7533632606260521,0.24663673937394798
0.4290412664324473,0.5709587335675528
0.5014241826907072,0.4985758173092928
0.7475104822650229,0.25248951773497713
0.7403479149326933,0.2596520850673067
0.6779621514518609,0.32203784854813905
0.601828934968401,0.398171065031599
0.44164790545769567,0.5583520945423043
0.5799368925130277,0.4200631074869721
0.36663395166397095,0.633366048336029
0.7411264717765195,0.2588735282234805
0.5102668272492495,0.48973317275075046
0.6358568148398872,0.3641431851601128
0.3607388580521427,0.6392611419478575
0.4975995714455453,0.5024004285544547
0.6413590687120253,0.3586409312879747
0.630038878366229,0.36996112163377093
0.5562623724836198,0.4437376275163803
0.6379597809414653,0.3620402190585347
0.5125159556974043,0.4874840443025958
0.7625640545925402,0.23743594540745974
0.5,0.5
0.622355946946046,0.37764405305395415
0.561602752124312,0.43839724787568807
0.7016514011549031,0.298348598845097
0.835623021180639,0.16437697881936097
0.742897353303383,0.2571026466966169
0.6917846502541505,0.30821534974584974
0.5332828395286692,0.4667171604713308
0.8116492198674986,0.1883507801325016
0.5245566044288974,0.47544339557110266
0.593804117067779,0.406195882932221
0.4868127727385845,0.5131872272614156
0.6249316919410168,0.37506830805898317
0.6486209718077298,0.35137902819227007
0.8461225219573163,0.1538774780426837
0.4987832452805592,0.5012167547194408
0.6147325926526542,0.38526740734734577
0.35686179267412815,0.6431382073258719
0.7993397922352299,0.20066020776477014
0.6742476501544048,0.3257523498455953
0.6561710868133781,0.3438289131866218
0.7815482698093525,0.21845173019064745
0.36037859282481755,0.6396214071751825
0.2875348951861401,0.7124651048138597
0.7079008093919787,0.29209919060802125
0.6561563598575048,0.34384364014249524
0.6893315228752551,0.3106684771247448
0.5393635039224179,0.4606364960775821
0.6220135222147051,0.377986477785295
0.781859902955217,0.21814009704478288
0.5562177520159604,0.4437822479840397
0.5565947181420183,0.44340528185798167
0.5940436807650954,0.40595631923490466
0.5608667012241271,0.43913329877587304
0.8083260878479953,0.19167391215200463
0.7634373698754217,0.23656263012457845
0.6206837701871377,0.3793162298128623
0.5029406807465969,0.49705931925340296
0.34946002790460856,0.6505399720953915
0.4063041430529079,0.5936958569470921
0.7228089210699744,0.27719107893002554
0.6393189691007137,0.36068103089928627
0.8011386127409053,0.19886138725909483
0.4495759752450115,0.5504240247549885
0.5088757939413762,0.4911242060586239
0.4373879700237458,0.5626120299762543
0.6699005814889473,0.3300994185110526
0.6713402116751243,0.3286597883248759
0.5898738104523092,0.4101261895476908
0.5624589477904851,0.4375410522095151
0.7477410118633633,0.2522589881366369
0.6350571174370517,0.3649428825629483
0.7239553472043815,0.2760446527956185
0.4196917405737283,0.5803082594262717
0.5984855011346203,0.40151449886537977
0.5933293065155327,0.40667069348446727
0.6485424672514277,0.3514575327485722
0.5838098707615424,0.41619012923845766
0.6719607721333426,0.3280392278666574
0.6467912703262003,0.35320872967379974
0.47123739116205027,0.5287626088379498
0.7856437056890503,0.21435629431094974
0.794217268233971,0.205782731766029
0.5038124066081123,0.49618759339188756
0.7334563192779597,0.2665436807220404
0.7825176032629858,0.2174823967370142
0.6334185461642226,0.36658145383577734
0.6004829080491969,0.3995170919508031
0.485944031143259,0.514055968856741
0.799255722440896,0.20074427755910393
0.541083654067293,0.45891634593270686
0.36401348476971046,0.6359865152302895
0.5,0.5
0.620234594904452,0.37976540509554807
0.6657497878223853,0.3342502121776145
0.571059806395156,0.4289401936048438
0.7440109431217626,0.2559890568782375
0.7409596137938786,0.2590403862061214
0.6068705250289856,0.3931294749710143
0.8704656440299287,0.12953435597007132
0.5287474143713387,0.4712525856286612
0.8078989890427205,0.19210101095727955
0.583790738207777,0.4162092617922229
0.6990534462090072,0.3009465537909927
0.32099353301216943,0.6790064669878307
0.5967496418591021,0.4032503581408978
0.5798578078239202,0.4201421921760796
0.6528106562137712,0.3471893437862288
0.7335180636041646,0.2664819363958354
0.5481234279956674,0.45187657200433284
0.6621035179081945,0.3378964820918055
0.6489669118405599,0.35103308815944007
0.5896763094125189,0.41032369058748114
0.7722854706859155,0.22771452931408456
0.8117069823010996,0.18829301769890033
0.47800564447361943,0.5219943555263804
0.4753384705595872,0.5246615294404129
0.6379533071947797,0.3620466928052203
0.5681658627182992,0.43183413728170084
0.5955056312331029,0.4044943687668971
0.5083571164902274,0.4916428835097726
0.6240105368196963,0.37598946318030363
0.682471165706309,0.3175288342936913
0.7409319543592768,0.25906804564072317
0.7993978787190212,0.20060212128097882
0.8210234354126403,0.17897656458735978
0.5304719353780025,0.46952806462199753
0.44949866103901265,0.5505013389609873
0.6738038748658715,0.3261961251341286
0.7022540593715506,0.2977459406284493
0.617793067494424,0.3822069325055759
0.6664992728409754,0.3335007271590245
0.7248187655325354,0.2751812344674647
0.5288064864996561,0.47119351350034394
0.6666321312861969,0.3333678687138032
0.6496847554033749,0.35031524459662516
0.7157194766021203,0.2842805233978797
0.6116113711147269,0.3883886288852732
0.7386081275492441,0.26139187245075596
0.764029098801213,0.23597090119878708
0.8487753867263043,0.15122461327369582
0.7514935196844508,0.2485064803155492
0.6059424488495734,0.3940575511504267
0.5442645688370872,0.45573543116291276
0.7228070037390021,0.27719299626099786
0.6316861058231084,0.36831389417689175
0.5,0.5
0.5733376076495993,0.4266623923504008
0.7866462072007636,0.2133537927992363
0.4504288177895627,0.5495711822104373
0.5578356583685132,0.4421643416314869
0.3206853909417986,0.6793146090582014
0.5016845289636239,0.49831547103637613
0.5,0.5
0.765960147963176,0.23403985203682387
0.7612442633492327,0.23875573665076721
0.6329659398619017,0.3670340601380983
0.5860340236416067,0.4139659763583933
0.4667463222971808,0.5332536777028193
0.672565082512576,0.3274349174874242
0.5451952707791123,0.45480472922088777
0.5467969863675498,0.45320301363245025
0.7406554533397703,0.25934454666022977
0.6422279305016033,0.3577720694983968
0.601462819113779,0.39853718088622087
0.7019568219423972,0.2980431780576027
0.5773097882816312,0.4226902117183689
0.6897256459577464,0.3102743540422538
0.725946542446112,0.2740534575538879
0.6959525365658976,0.3040474634341022
0.7792600183003547,0.2207399816996452
0.6530545008907693,0.34694549910923056
0.7118042731755327,0.2881957268244673
0.38795529955855657,0.6120447004414435
0.7647803772603106,0.23521962273968935
0.6011631155680655,0.3988368844319344
0.39315197366846094,0.606848026331539
0.7113135908248047,0.2886864091751953
0.6432691544701117,0.3567308455298884
0.7683403143170273,0.23165968568297268
0.3418949475387068,0.6581050524612931
0.8356346362682306,0.16436536373176946
0.6543233427857299,0.34567665721427016
0.6716630022476506,0.32833699775234954
0.767475343314729,0.23252465668527103
0.44712548740115754,0.5528745125988426
0.4535871153667861,0.5464128846332139
0.5611743324163441,0.438825667583656
0.7743404709591057,0.22565952904089434
0.7761515979402154,0.22384840205978448
0.5765350849380463,0.42346491506195366
0.7430438969099015,0.25695610309009864
0.5707838806043748,0.4292161193956252
0.6054378383448316,0.3945621616551684
0.8364968500537199,0.1635031499462801
0.5,0.5
0.7191500254004868,0.2808499745995133
0.4057261555300238,0.5942738444699763
0.6532897708710964,0.3467102291289034
0.5112800529995858,0.4887199470004142
0.28340525857009596,0.716594741429904
0.608915445983505,0.3910845540164949
0.6314116854823605,0.3685883145176392
0.3700690326463462,0.6299309673536536
0.5478830391181764,0.45211696088182357
0.6549440256642695,0.34505597433573054
0.5265344361038579,0.47346556389614214
0.6771736663280179,0.3228263336719821
0.41198948099751326,0.5880105190024868
0.7271524591121196,0.27284754088788066
0.598254652843234,0.4017453471567661
0.40409790425286324,0.5959020957471366
0.734023488996525,0.26597651100347497
0.6135984477939843,0.38640155220601563
0.7618067617921169,0.2381932382078829
0.775070826592549,0.22492917340745097
0.7353137961866604,0.2646862038133396
0.7947557178285807,0.20524428217141935
0.6237749153878877,0.3762250846121123
0.5820160125064591,0.41798398749354104
0.4405382444840314,0.5594617555159686
0.7008026143305042,0.2991973856694958
0.7034828960989634,0.2965171039010364
0.5732481093860045,0.42675189061399554
0.6783923695019242,0.3216076304980757
0.7928709868634357,0.20712901313656426
0.7316801284951309,0.2683198715048692
0.4018536822289625,0.5981463177710374
0.539810125572556,0.4601898744274439
0.826938874677404,0.17306112532259604
0.4591735809089752,0.5408264190910249
0.5311986296567865,0.46880137034321345
0.45275584656059803,0.5472441534394021
0.7396929258549992,0.26030707414500076
0.6473163271897716,0.35268367281022855
0.7916309918028858,0.20836900819711432
0.7558087490875125,0.24419125091248753
0.43869983040533883,0.5613001695946612
0.6570122090818161,0.34298779091818393
0.5831096893143549,0.4168903106856451
0.5691527404854959,0.43084725951450403
0.7840669070969765,0.21593309290302357
0.6974165781907824,0.3025834218092177
0.6837000466104255,0.31629995338957456
0.7264516331762794,0.2735483668237208
0.7071967067454553,0.2928032932545447
0.3507403722188669,0.6492596277811331
0.4959843331135772,0.5040156668864227
0.6377492891317615,0.3622507108682385
0.6120445471786989,0.387955452821301
0.6417508196860453,0.35824918031395475
0.6704080485731901,0.3295919514268098
0.4806455373896877,0.5193544626103124
0.518420043800246,0.481579956199754
0.7031626718452865,0.2968373281547136
0.7521113312583682,0.24788866874163193
0.6731506252388753,0.3268493747611248
0.32962692279924827,0.6703730772007518
0.6356026763584551,0.36439732364154503
0.7518936284485339,0.24810637155146598
0.6718474807857113,0.32815251921428856
0.6719560331974491,0.3280439668025507
0.7432236084909134,0.2567763915090866
0.5118833656029886,0.48811663439701136
0.7672903355094893,0.23270966449051075
0.6890393037536869,0.31096069624631284
0.7840906134730858,0.21590938652691422
0.582349127285401,0.41765087271459916
0.646515044705413,0.3534849552945871
0.48824326080937847,0.5117567391906215
0.6488315880846066,0.35116841191539344
0.49893436202207164,0.5010656379779282
0.6343817694940128,0.3656182305059873
0.44123713254824126,0.5587628674517587
0.6838051938211454,0.3161948061788545
0.5694733041309666,0.4305266958690334
0.6281501732402642,0.37184982675973577
0.5089676330062141,0.491032366993786
0.6637536182005449,0.3362463817994551
0.6665050742752421,0.3334949257247578
0.6335778614163525,0.3664221385836476
0.4217684883902855,0.5782315116097145
0.6324887680944209,0.36751123190557894
0.6593181306778484,0.3406818693221516
0.7312318508709712,0.26876814912902874
0.6505440434265733,0.34945595657342665
0.5322832020325029,0.4677167979674972
0.6367350002300114,0.3632649997699885
0.5360028441709099,0.46399715582908996
0.6255985583506996,0.37440144164930056
0.772749216637584,0.22725078336241608
0.7477700340941488,0.25222996590585123
0.4293074228778057,0.5706925771221942
0.6764247934686205,0.3235752065313795
0.8640592933010534,0.13594070669894667
0.8067277440487447,0.19327225595125533
0.6523269468849032,0.3476730531150967
0.6949676557112417,0.30503234428875814
0.7287763033988439,0.271223696601156
0.7631851124958855,0.2368148875041147
0.4932389213979245,0.5067610786020755
0.6250889326664321,0.37491106733356794
0.6062493848865379,0.393750615113462
0.4330682751600111,0.566931724839989
0.5103544866181394,0.48964551338186046
0.7613353227892723,0.23866467721072776
0.4208148141699847,0.5791851858300154
0.6522897471064827,0.34771025289351726
0.6156679902439967,0.38433200975600346
0.42759933267584366,0.5724006673241564
0.6684510036956528,0.33154899630434725
0.5793680586347607,0.4206319413652392
0.5209696069413932,0.47903039305860684
0.5957866488451857,0.4042133511548142
0.8256423227912838,0.1743576772087162
0.500115095952435,0.499884904047565
0.6070878311153509,0.392912168884649
0.5761937187431181,0.4238062812568818
0.7195533154760319,0.28044668452396815
0.4414741840356489,0.5585258159643511
0.6878336368920848,0.31216636310791546
0.29524478461331133,0.7047552153866888
0.6625295260445031,0.33747047395549695
0.6141633400586402,0.38583665994135996
0.5,0.5
0.40230033179261987,0.5976996682073803
0.5986171046930386,0.4013828953069614
0.5426541819415391,0.4573458180584608
0.602196315953873,0.39780368404612704
0.4246125747162962,0.5753874252837038
0.3473670427219592,0.6526329572780408
0.8109067036919708,0.18909329630802915
0.5210508052735875,0.4789491947264125
0.8689484570708755,0.13105154292912444
0.7144807406617034,0.28551925933829647
0.7618566946610507,0.23814330533894928
0.5305941253850602,0.46940587461493977
0.4722596193765676,0.5277403806234326
0.46791167786213417,0.5320883221378658
0.5314383748984588,0.46856162510154126
0.6235322562778052,0.37646774372219477
0.6591543753022069,0.3408456246977932
0.5650442845879231,0.43495571541207695
0.5048719612780802,0.49512803872191974
0.3408701923669354,0.6591298076330645
0.510703594199131,0.489296405800869
0.43339462674635637,0.5666053732536436
0.706605715721972,0.29339428427802805
0.703094453491939,0.296905546508061
0.6329019426193887,0.36709805738061124
0.7578303185603995,0.2421696814396007
0.584201632571255,0.41579836742874493
0.7086594845335303,0.29134051546646966
0.6070099565359863,0.39299004346401367
0.5319892577294373,0.4680107422705627
0.8217954899151758,0.178204510084824
0.6777985481455266,0.3222014518544733
0.6720947671589484,0.32790523284105155
0.5733384864155157,0.4266615135844844
0.3918880146270134,0.6081119853729867
0.619039775171726,0.3809602248282739
0.7133203935657787,0.28667960643422147
0.6940211443866725,0.30597885561332744
0.7386973177019082,0.2613026822980917
0.61866979535125,0.38133020464875006
0.8861454827340508,0.1138545172659493
0.6219314242724054,0.3780685757275945
0.49436970235379557,0.5056302976462044
0.6757028648381052,0.3242971351618949
0.6361061775909221,0.36389382240907797
0.7524421866504609,0.2475578133495391
0.5288661765161923,0.47113382348380783
0.46115013406729677,0.5388498659327031
0.7472736920790348,0.2527263079209651
0.635925656763467,0.36407434323653304
0.7409410604934158,0.2590589395065842
0.4770929104079844,0.5229070895920156
0.6549930932232971,0.3450069067767029
0.32154272163590525,0.6784572783640948
0.7206681801143029,0.27933181988569716
0.568363642260555,0.4316363577394451
0.8035342819987787,0.19646571800122123
0.7714957695257344,0.22850423047426555
0.683509125529028,0.3164908744709718
0.7620814706437374,0.23791852935626268
0.8658566272520567,0.13414337274794327
0.36500861771659,0.6349913822834101
0.46687448656565783,0.5331255134343422
0.7779036614912551,0.22209633850874488
0.5471981601118169,0.4528018398881832
0.4367381548897952,0.5632618451102047
0.7974798117170306,0.20252018828296936
0.6901878154976251,0.30981218450237497
0.49180198114343476,0.5081980188565653
0.7215789127061154,0.2784210872938846
0.8925310478186826,0.10746895218131734
0.49767473321475575,0.5023252667852441
0.7876350788015881,0.21236492119841177
0.7443987739708025,0.25560122602919755
0.6572813659888302,0.34271863401116964
0.5948739932078689,0.405126006792131
0.5900384271983813,0.40996157280161866
0.541679620134648,0.4583203798653519
0.9393179194307163,0.06068208056928364
0.8151313546341229,0.1848686453658771
0.571883509214136,0.4281164907858639
0.6058554951284943,0.39414450487150576
0.7350814902528174,0.26491850974718256
0.4885751397152977,0.5114248602847022
0.7958259848399639,0.20417401516003597
0.6474964126947312,0.35250358730526865
0.3850882995403949,0.6149117004596049
0.7215515244271291,0.27844847557287034
0.36039615808817427,0.6396038419118258
0.5946070190018719,0.4053929809981282
0.4014146234297165,0.5985853765702834
0.5908240364729742,0.4091759635270258
0.7417476667665089,0.2582523332334912
0.7458862010667585,0.25411379893324143
0.6005346029996872,0.3994653970003128
0.5445150911593527,0.45548490884064746
0.4886047110603608,0.5113952889396393
0.636739628678093,0.3632603713219071
0.7285582313246579,0.2714417686753422
0.5790198180657735,0.4209801819342263
0.6278077944138883,0.37219220558611166
0.8409855634137404,0.15901443658625963
0.5905268926639323,0.4094731073360674
0.7369444331231912,0.26305556687680876
0.5992158998027486,0.4007841001972513
0.8369201750413776,0.16307982495862236
0.6860358821403221,0.31396411785967787
0.6622224483426897,0.33777755165731027
0.7581564744872128,0.24184352551278712
0.4598160625585239,0.5401839374414763
0.6828556930240615,0.3171443069759384
0.6975531089229278,0.30244689107707234
0.6946144253199776,0.30538557468002236
0.7567623765973512,0.24323762340264876
0.3360351753381512,0.6639648246618486
0.651654652957433,0.3483453470425672
0.7466178952393767,0.2533821047606233
0.659928899637106,0.340071100362894
0.7977325112021043,0.2022674887978957
0.4899289356874334,0.5100710643125665
0.8163739265329217,0.1836260734670783
0.4574123106040597,0.5425876893959403
0.689688619035093,0.310311380964907
0.28478471779093134,0.7152152822090686
0.526447745419759,0.4735522545802409
0.6379665198772916,0.3620334801227085
0.23902465894485192,0.7609753410551481
0.7328277891031835,0.26717221089681636
0.4885444393272292,0.5114555606727709
0.5784145370125771,0.42158546298742294
0.57077628646438,0.4292237135356199
0.8235537678085133,0.1764462321914867
0.6576161688836686,0.3423838311163314
0.8482989272788081,0.15170107272119207
0.911549266994326,0.08845073300567409
0.792641435468363,0.207358564531637
0.6223541974100958,0.3776458025899041
0.7653229022372922,0.23467709776270806
0.6096161474394415,0.3903838525605584
0.5769481388542076,0.42305186114579235
0.6889182081772534,0.3110817918227468
0.6210512418325862,0.37894875816741375
0.5881519811582708,0.4118480188417292
0.5423270040278952,0.4576729959721047
0.6264748795724426,0.3735251204275574
0.5058354641474055,0.4941645358525946
0.7032637365797911,0.2967362634202087
0.6405727498026479,0.3594272501973523
0.4616486101494175,0.5383513898505825
0.70679795547985,0.29320204452015014
0.7239515316072709,0.2760484683927291
0.7470458721174296,0.25295412788257055
0.7320797952542509,0.267920204745749
0.5234054164232841,0.4765945835767159
0.5669418073255045,0.4330581926744956
0.6564235586169531,0.34357644138304694
0.877524579912228,0.12247542008777176
0.7712945470458221,0.2287054529541778
0.619018960808719,0.3809810391912809
0.660737442106773,0.33926255789322707
0.5725334894811588,0.42746651051884127
0.31219443252939266,0.6878055674706075
0.5942561394345982,0.4057438605654018
0.3816949986165573,0.6183050013834427
0.7675080522419199,0.2324919477580801
0.6683887512795003,0.3316112487204998
0.8015975363797724,0.1984024636202276
0.5229357530805867,0.47706424691941324
0.8342828128156297,0.16571718718437042
0.5004356079797961,0.4995643920202039
0.3898012737410841,0.6101987262589159
0.5663006716416277,0.43369932835837216
0.6932736266904471,0.3067263733095528
0.962891517273478,0.03710848272652214
0.741517051559024,0.25848294844097597
0.6607474152190483,0.3392525847809516
0.607018515998373,0.392981484001627
0.7322057264219544,0.2677942735780456
0.6705964554697714,0.3294035445302285
0.7688483561534177,0.23115164384658232
0.7953319960259292,0.20466800397407084
0.75664977784057,0.24335022215943025
0.578375105472401,0.421624894527599
0.6985714490009287,0.30142855099907123
0.5465930070920859,0.4534069929079141
0.6784926728712141,0.32150732712878594
0.638712742468971,0.3612872575310291
0.6352052999819723,0.36479470001802744
0.5915680252331404,0.40843197476685955
0.4556313110453148,0.5443686889546852
0.6212769316186314,0.3787230683813686
0.4592483853373704,0.5407516146626297
0.9229752786822318,0.07702472131776819
0.36925547757274063,0.6307445224272593
0.7866832727954698,0.21331672720453015
0.5226700798356143,0.47732992016438575
0.676650726309178,0.32334927369082206
0.5722938341672974,0.42770616583270255
0.5768002592635557,0.42319974073644423
0.5335630317399572,0.46643696826004266
0.5661228772296141,0.43387712277038604
0.7514468697237582,0.24855313027624212
0.7282706884374421,0.27172931156255764
0.5993474985095937,0.4006525014904063
0.4005635333963895,0.5994364666036105
0.5544772226228657,0.4455227773771344
0.9217582149377843,0.07824178506221564
0.507643875647176,0.49235612435282405
0.5276904585198393,0.47230954148016074
0.6366714548297061,0.363328545170294
0.6702951796274322,0.32970482037256776
0.5024945389955032,0.4975054610044969
0.661407011129484,0.33859298887051614
0.563477706174774,0.43652229382522606
0.4761022997843533,0.5238977002156467
0.6315818686344704,0.36841813136552953
0.797478894188019,0.20252110581198104
0.6334114975048487,0.36658850249515135
0.7738617970690697,0.22613820293093037
0.6075691978908266,0.3924308021091736
0.5,0.5
0.6837323559340466,0.3162676440659534
0.6379668747549571,0.3620331252450429
0.22830060571518654,0.7716993942848135
0.6823202728224474,0.31767972717755266
0.607175654928315,0.39282434507168484
0.6651300220474226,0.3348699779525775
0.5563845232203241,0.4436154767796759
0.7699362490052345,0.23006375099476564
0.6022275759356049,0.39777242406439495
0.7394263689048942,0.26057363109510584
0.4644566760752194,0.5355433239247807
0.6533424851301582,0.3466575148698417
0.5941708098560523,0.40582919014394764
0.6786269335725573,0.3213730664274428
0.587489754679046,0.41251024532095426
0.5270823396344995,0.4729176603655006
0.27222000047735273,0.7277799995226474
0.4622280574805133,0.5377719425194866
0.8155302339408848,0.18446976605911541
0.642214107781148,0.357785892218852
0.7047752402722837,0.29522475972771633
0.7714805905574746,0.2285194094425253
0.8203669908193739,0.17963300918062602
0.4493239509184118,0.5506760490815882
0.6369128626859774,0.36308713731402253
0.2114782319237678,0.7885217680762321
0.5247394462393101,0.47526055376069015
0.6311165310152422,0.36888346898475766
0.7400968588946666,0.2599031411053334
0.661338566400621,0.338661433599379
0.7169837869743851,0.28301621302561475
0.622194178244191,0.37780582175580907
0.8282094132574952,0.17179058674250475
0.7085031598938821,0.29149684010611787
0.7752304904433152,0.22476950955668495
0.5866003898407663,0.4133996101592338
0.5849769931615659,0.4150230068384339
0.7025373645811617,0.2974626354188382
0.5460382129021473,0.4539617870978527
0.5036547452305438,0.49634525476945623
0.5520064378102515,0.44799356218974834
0.5944021342855328,0.4055978657144672
0.6851079772052081,0.31489202279479184
0.6797613039503636,0.3202386960496365
0.6580118748966023,0.3419881251033977
0.6092718274116319,0.3907281725883679
0.5429139625084368,0.4570860374915632
0.8121859886234554,0.1878140113765447
0.7371038122164278,0.2628961877835722
0.6601989716300959,0.33980102836990417
0.6903788975203207,0.3096211024796791
0.45175886854986247,0.5482411314501375
0.3519491780060382,0.6480508219939618
0.6638646321611904,0.3361353678388093
0.41833906545763627,0.5816609345423639
0.6589924674943236,0.34100753250567656
0.6771537706183716,0.3228462293816283
0.7427341338845389,0.2572658661154612
0.571744772761567,0.42825522723843296
0.6486205975981914,0.35137940240180865
0.7314787517110799,0.26852124828892004
0.6119085149627338,0.3880914850372662
0.43986834611728853,0.5601316538827116
0.7793170947306897,0.22068290526931036
0.6940588019865648,0.30594119801343495
0.5405628102210199,0.4594371897789799
0.4008821202020433,0.5991178797979568
0.6579178954935139,0.34208210450648613
0.5670017338362949,0.432998266163705
0.6856543030896882,0.3143456969103119
0.6578480130781637,0.34215198692183646
0.5618273328353487,0.4381726671646513
0.828448122320911,0.171551877679089
0.559787816837304,0.44021218316269595
0.6869679711263885,0.31303202887361153
0.3305088798528625,0.6694911201471375
0.6687439666970253,0.33125603330297454
0.6099745954320687,0.3900254045679313
0.5434679309256614,0.45653206907433874
0.5456412818105699,0.45435871818942997
0.7821830722057417,0.21781692779425835
0.7970160903744163,0.2029839096255835
0.6409085329193449,0.35909146708065515
0.6576588098397739,0.3423411901602261
0.6253302957004683,0.37466970429953167
0.5251112167896109,0.47488878321038897
0.40506627764670755,0.5949337223532923
0.5582525172839435,0.4417474827160564
0.8210475256271813,0.17895247437281855
0.5779278300920566,0.42207216990794344
0.5394579945862544,0.4605420054137455
0.7546246650253051,0.2453753349746949
0.6025167554616928,0.3974832445383072
0.7943265988032392,0.2056734011967607
0.4823087613846221,0.517691238615378
0.5673381307510591,0.43266186924894073
0.3100208056756475,0.6899791943243525
0.5486191356541449,0.4513808643458553
0.7828072678167171,0.21719273218328294
0.74421270549763,0.25578729450236987
0.7058413236395117,0.2941586763604882
0.6526957138106642,0.347304286189336
0.7145572238788916,0.28544277612110824
0.38467904369654643,0.6153209563034535
0.5829834167798602,0.4170165832201398
0.7238378169489338,0.27616218305106627
0.6219047119622001,0.3780952880377998
0.6276478735521921,0.372352126447808
0.5234443486785303,0.4765556513214698
0.4788037751970559,0.5211962248029441
0.5720823550398825,0.42791764496011747
0.2664198371759639,0.733580162824036
0.695631786833231,0.3043682131667692
0.6606631510837558,0.3393368489162442
0.6801909524535384,0.31980904754646156
0.7642369280397124,0.23576307196028737
0.7562819162246712,0.24371808377532872
0.7119832694359458,0.28801673056405414
0.6213536780090787,0.37864632199092124
0.33202762437220196,0.6679723756277981
0.8242317742720724,0.17576822572792755
0.6116454137805531,0.38835458621944685
0.7223482469160257,0.2776517530839743
0.5230998288655287,0.47690017113447125
0.31269981002339264,0.6873001899766074
0.5457037732577447,0.4542962267422553
0.6023749238058255,0.3976250761941744
0.7078303276253808,0.29216967237461916
0.33720474306992837,0.6627952569300717
0.5470819640919002,0.4529180359080997
0.3577075548741708,0.6422924451258294
0.7007530644870105,0.2992469355129894
0.7534486775854035,0.24655132241459637
0.7325158857652517,0.2674841142347484
0.7417347675934395,0.25826523240656046
0.5847873314234106,0.4152126685765894
0.7805756713921157,0.2194243286078844
0.724535610078358,0.275464389921642
0.6362217227028221,0.3637782772971781
0.48286235281336126,0.5171376471866387
0.2856633252201418,0.7143366747798582
0.6869836297712223,0.3130163702287779
0.9250802962370883,0.07491970376291177
0.4077679022895866,0.5922320977104133
0.6963911298539254,0.30360887014607474
0.7908110392265474,0.2091889607734526
0.673831339369062,0.3261686606309379
0.5570468657706115,0.4429531342293886
0.40741339046508074,0.5925866095349193
0.5998911372201324,0.4001088627798675
0.5950798261128494,0.4049201738871507
0.4835990945454203,0.5164009054545795
0.745881179525242,0.25411882047475803
0.7364990646503871,0.2635009353496129
0.5410630888555896,0.45893691114441043
0.5607785776209675,0.43922142237903244
0.4620978389954177,0.5379021610045823
0.7830281851707833,0.21697181482921665
0.7156906460121849,0.2843093539878151
0.580189909207818,0.41981009079218196
0.8270510686385121,0.17294893136148795
0.8486422545496738,0.1513577454503263
0.620112334126272,0.37988766587372824
0.6781711205897919,0.3218288794102077
0.42637304081783994,0.57362695918216
0.6101478815347303,0.38985211846526974
0.8433268847027333,0.15667311529726666
0.6997540856882035,0.30024591431179654
0.7753930652969693,0.22460693470303073
0.7940612867146108,0.2059387132853892
0.7715206999525055,0.22847930004749453
0.5992117399399074,0.4007882600600926
0.6635347776681642,0.3364652223318357
0.6086735118738095,0.3913264881261906
0.5738123644544613,0.42618763554553873
0.9119725536255812,0.08802744637441894
0.7674403274195704,0.23255967258042973
0.7491457968905897,0.2508542031094103
0.6860408407046048,0.31395915929539525
0.5985375789328972,0.4014624210671029
0.44569107550484427,0.5543089244951557
0.5270631155386244,0.4729368844613755
0.7414902117790856,0.2585097882209142
0.6840483609335822,0.31595163906641777
0.6669729787380106,0.3330270212619893
0.36085319623448553,0.6391468037655145
0.565022669598672,0.43497733040132797
0.7615999363329616,0.23840006366703836
0.5,0.5
0.4026301789586257,0.5973698210413744
0.5641376444739762,0.43586235552602387
0.4511962844235122,0.5488037155764878
0.9555680075229797,0.044431992477020475
0.44484147784306954,0.5551585221569305
0.44298352435250876,0.5570164756474912
0.38390266041203,0.61609733958797
0.767592154673805,0.23240784532619477
0.6907243867192002,0.3092756132807998
0.66433352726153,0.33566647273846995
0.6880891144773355,0.31191088552266477
0.6362672394043012,0.3637327605956988
0.640777390847229,0.35922260915277104
0.7810625745944095,0.21893742540559064
0.7944301953437044,0.2055698046562956
0.6316017593649894,0.36839824063501053
0.7567057022998532,0.24329429770014685
0.5787683329826786,0.42123166701732123
0.573719980523825,0.4262800194761747
0.7548081967273526,0.24519180327264745
0.40844443582817314,0.591555564171827
0.5606274687608401,0.43937253123916004
0.4670789896679987,0.5329210103320012
0.5554039387115196,0.44459606128848034
0.6946931722100623,0.3053068277899376
0.8170576143018957,0.18294238569810437
0.3533890053622238,0.646610994637776
0.7655453214321725,0.2344546785678274
0.6712852336834786,0.3287147663165212
0.4725297615777749,0.5274702384222252
0.7841512365705994,0.21584876342940057
0.36907403980296366,0.6309259601970362
0.6022144171934138,0.39778558280658627
0.36349344773935816,0.6365065522606418
0.7958377544644708,0.20416224553552922
0.5560168381780386,0.4439831618219614
0.6856889834097794,0.3143110165902206
0.6254403816209821,0.3745596183790176
0.508926840969512,0.491073159030488
0.8057342312185458,0.1942657687814541
0.701411642628657,0.2985883573713431
0.6892424102094601,0.31075758979054
0.43976349397739967,0.5602365060226004
0.5660720855403563,0.4339279144596439
0.75626807882824,0.24373192117175999
0.44111833795748323,0.5588816620425167
0.5769392218404901,0.4230607781595099
0.5373937605820331,0.46260623941796675
0.5857981485135603,0.41420185148643984
0.41961458489145403,0.5803854151085459
0.4116314083130989,0.5883685916869011
0.7302856529709332,0.26971434702906666
0.5105536004396547,0.4894463995603451
0.6984595916153374,0.3015404083846626
0.4677085514696686,0.5322914485303315
0.8035505101128623,0.1964494898871378
0.5864265568763867,0.4135734431236135
0.28590412126034603,0.7140958787396541
0.7203976302625599,0.2796023697374403
0.5001805819272601,0.4998194180727398
0.6707108583902912,0.32928914160970874
0.5898508588629784,0.4101491411370216
0.5305678877535733,0.46943211224642667
0.5813443442447164,0.4186556557552837
0.6807743676943345,0.3192256323056654
0.7382123659597049,0.261787634040295
0.723730042337091,0.276269957662909
0.7907760397606782,0.20922396023932185
0.5978529894977535,0.40214701050224666
0.7337298354184416,0.26627016458155833
0.7047099273839073,0.2952900726160931
0.6548338874665156,0.34516611253348434
0.4827965711716587,0.5172034288283412
0.42520722622039975,0.5747927737796004
0.6827718630171751,0.31722813698282487
0.7786409106672668,0.22135908933273324
0.5652666225760847,0.4347333774239152
0.6272962279693823,0.3727037720306178
0.6720150421143617,0.3279849578856382
0.6940971841730216,0.3059028158269783
0.5135628461464609,0.48643715385353914
0.6686246659049979,0.33137533409500214
0.6750538230574901,0.32494617694251016
0.5794886552356411,0.42051134476435914
0.6365030675419274,0.3634969324580725
0.793905122952455,0.20609487704754495
0.5847833209139777,0.4152166790860222
0.522323312141369,0.47767668785863093
0.6824682264002767,0.3175317735997233
0.6859673813113243,0.3140326186886756
0.5688966724356823,0.43110332756431763
0.6147056949360079,0.3852943050639921
0.6462507009858435,0.3537492990141564
0.7244449655247752,0.2755550344752247
0.4926199589026613,0.5073800410973387
0.4539948852590999,0.5460051147409001
0.6440888239522454,0.3559111760477546
0.6580399760548525,0.34196002394514746
0.6814263371279009,0.3185736628720992
0.7284711794503598,0.27152882054964006
0.6938416212313622,0.306158378768638
0.8489543963465234,0.15104560365347663
0.5868259781130813,0.41317402188691865
0.31265885688606715,0.6873411431139329
0.5748107130699021,0.42518928693009805
0.7305023692887901,0.26949763071120997
0.6594052704886052,0.3405947295113948
0.696506146862668,0.303493853137332
0.6414184509179929,0.35858154908200707
0.6755516019550998,0.32444839804490033
0.5805931065551172,0.4194068934448829
0.46158912977571503,0.5384108702242849
0.6811605855001409,0.31883941449985903
0.5414425089053075,0.4585574910946923
0.6127734256965155,0.38722657430348456
0.7256477281755705,0.27435227182442945
0.5652854468448077,0.43471455315519214
0.7602940388196553,0.23970596118034468
0.5311565714029997,0.46884342859700034
0.47120970030185144,0.5287902996981485
0.7757381592099709,0.22426184079002912
0.5986310394365486,0.4013689605634514
0.5177509294492411,0.48224907055075905
0.6262052168722041,0.373794783127796
0.5984082606654022,0.4015917393345978
0.6801731755552802,0.31982682444471977
0.7519240282259759,0.24807597177402413
0.7857107759222716,0.21428922407772838
0.6020118989788809,0.39798810102111914
0.7255829749684799,0.2744170250315201
0.6631104945224112,0.33688950547758895
0.8222609583011463,0.17773904169885357
0.5397974236139335,0.4602025763860666
0.5747986551047516,0.4252013448952485
0.5444717113717068,0.45552828862829325
0.6421690951392321,0.3578309048607678
0.5555472174751802,0.44445278252481973
0.5547092080846897,0.4452907919153102
0.46447082895800723,0.5355291710419927
0.30756197679479097,0.692438023205209
0.694855843423426,0.30514415657657423
0.44598733503777965,0.5540126649622203
0.6035915867341177,0.3964084132658824
0.7657582662301162,0.23424173376988386
0.7075507196271078,0.2924492803728925
0.42332516192754216,0.5766748380724579
0.7812598919770438,0.21874010802295626
0.7337725927227776,0.26622740727722227
0.4742007383134775,0.5257992616865226
0.665249934950638,0.33475006504936194
0.7874981082610159,0.2125018917389841
0.5,0.5
0.5983233481122813,0.4016766518877189
0.5427669081457669,0.4572330918542332
0.6893023643307408,0.3106976356692593
0.5375634112970817,0.46243658870291826
0.5930170042360431,0.40698299576395697
0.6357447980920077,0.3642552019079923
0.7233516665764192,0.27664833342358053
0.5,0.5
0.5764417516160917,0.4235582483839083
0.6160193335407829,0.38398066645921725
0.3453729415922401,0.6546270584077599
0.8114714491793941,0.18852855082060588
0.7929910360671527,0.20700896393284723
0.6538674397917844,0.34613256020821576
0.6266462617374119,0.3733537382625881
0.5526831586537716,0.44731684134622846
0.7129197680258613,0.28708023197413857
0.661805310038838,0.3381946899611618
0.6471082590616157,0.3528917409383845
0.7396662585703527,0.2603337414296472
0.37615717120686104,0.6238428287931388
0.5765966813753155,0.4234033186246845
0.6299902023697914,0.37000979763020875
0.6724139375720668,0.32758606242793337
0.5,0.5
0.5357917372493296,0.46420826275067034
0.5867168797586406,0.41328312024135944
0.8220280242895054,0.17797197571049464
0.6221890029254415,0.37781099707455834
0.6695093282854531,0.3304906717145471
0.8164551819770764,0.1835448180229236
0.6729917086980219,0.327008291301978
0.6690029118185113,0.33099708818148876
0.5470307508288768,0.45296924917112336
0.5240717465852746,0.4759282534147255
0.7978486920141697,0.20215130798583014
0.6942120279978705,0.30578797200212926
0.6912755432177176,0.30872445678228233
0.4644808588737743,0.5355191411262257
0.6891841235465359,0.3108158764534641
0.7154148203168952,0.28458517968310487
0.6855454984029357,0.3144545015970641
0.7162481147169364,0.28375188528306367
0.4277258755491489,0.5722741244508512
0.733657806511117,0.266342193488883
0.5377777530506601,0.4622222469493398
0.6207826521636682,0.37921734783633176
0.7195060793668424,0.28049392063315776
0.7689861337437259,0.23101386625627413
0.5072744799447678,0.49272552005523224
0.5584719988358825,0.44152800116411745
0.3355622128978873,0.6644377871021128
0.6523460898054787,0.34765391019452135
0.4778785174340833,0.5221214825659166
0.5969758593418314,0.4030241406581687
0.5524371044310107,0.4475628955689893
0.5701055419520774,0.42989445804792253
0.6551614363610679,0.34483856363893206
0.7224520126279866,0.2775479873720133
0.6674473567284231,0.3325526432715769
0.5237003831295367,0.47629961687046335
0.6548058780120116,0.34519412198798827
0.6823195071456993,0.3176804928543006
0.6182952487453734,0.38170475125462655
0.5180181598553519,0.4819818401446478
0.5989241308692774,0.4010758691307225
0.5618763372140985,0.4381236627859015
0.7517007353673978,0.24829926463260232
0.7285141510451031,0.27148584895489697
0.4903258229452195,0.5096741770547806
0.6422649905774747,0.35773500942252534
0.8292212387752832,0.17077876122471666
0.7561258391538959,0.2438741608461041
0.45115586999752766,0.5488441300024725
0.4408328804013802,0.5591671195986198
0.5581078529988176,0.44189214700118234
0.5429140149338595,0.45708598506614057
0.6828681746769952,0.31713182532300466
0.729488399081083,0.27051160091891696
0.42632187348861594,0.5736781265113841
0.9851431774291692,0.01485682257083074
0.7065154413892123,0.2934845586107878
0.552917705848813,0.44708229415118705
0.626894234004064,0.3731057659959359
0.5841420011386171,0.41585799886138297
0.5970585203954569,0.402941479604543
0.6669187811079821,0.3330812188920181
0.5585364991626958,0.4414635008373042
0.5655044837937497,0.4344955162062504
0.5632183235372357,0.43678167646276433
0.6463857159918224,0.3536142840081777
0.5554255554794868,0.4445744445205131
0.7168682633984883,0.2831317366015117
0.7241457944365621,0.27585420556343815
0.7307243658410371,0.269275634158963
0.7684302969121002,0.23156970308790004
0.7005255619741906,0.2994744380258093
0.78878990473443,0.21121009526557002
0.6136459277135464,0.38635407228645363
0.6092289346212406,0.3907710653787593
0.5322066083489942,0.46779339165100564
0.6912143801257538,0.30878561987424613
0.5224962478828722,0.47750375211712764
0.5941863453658908,0.40581365463410923
0.3115660168003632,0.6884339831996369
0.6495123121696961,0.350487687830304
0.769586630483215,0.23041336951678504
0.6475620080571015,0.35243799194289865
0.4221838967406039,0.577816103259396
0.5110418507756288,0.48895814922437125
0.3641050762783257,0.6358949237216742
0.30948954799401607,0.690510452005984
0.45130177099192553,0.5486982290080746
0.3753905553025345,0.6246094446974654
0.729264923291219,0.27073507670878105
0.6502362571093249,0.34976374289067497
0.7138459009623426,0.28615409903765743
0.6143538542939554,0.3856461457060447
0.7446654901246894,0.2553345098753107
0.7103926927637216,0.28960730723627826
0.7904632091304071,0.209536790869593
0.4364764369005789,0.563523563099421
0.7220028320729093,0.27799716792709067
0.650318627040317,0.34968137295968293
0.6709944536421374,0.3290055463578626
0.45637938314899107,0.5436206168510089
0.7643003233422796,0.23569967665772049
0.6267697118622171,0.37323028813778275
0.697977936225521,0.302022063774479
0.4472402753777465,0.5527597246222536
0.7095261885543968,0.29047381144560325
0.6080356596350103,0.39196434036498984
0.6341389312318536,0.3658610687681464
0.5168809497626454,0.4831190502373547
0.6422067177188252,0.3577932822811749
0.6614927379117518,0.3385072620882481
0.8279916567552111,0.172008343244789
0.5663933904595821,0.4336066095404178
0.5584154216701288,0.44158457832987125
0.6260002613303208,0.3739997386696792
0.6437960673609617,0.35620393263903827
0.4828025329609985,0.5171974670390016
0.8810426206300794,0.11895737936992049
0.6369444062662174,0.3630555937337826
0.5606166590551742,0.43938334094482584
0.5110045550795804,0.4889954449204195
0.4430098175275909,0.5569901824724091
0.5000249003605907,0.4999750996394094
0.5639879285851636,0.43601207141483633
0.7872804243358275,0.2127195756641725
0.8639735818791054,0.13602641812089458
0.6168654038706414,0.3831345961293588
0.6238309172043194,0.3761690827956806
0.6947024787148022,0.3052975212851978
0.6880021381765357,0.31199786182346445
0.516987591834714,0.48301240816528573
0.6221269518251512,0.37787304817484885
0.4866470529662871,0.5133529470337128
0.7246798862084484,0.2753201137915517
0.5244416903664715,0.47555830963352846
0.6954784455920159,0.30452155440798395
0.5,0.5
0.6617386873392387,0.33826131266076126
0.5202957181744854,0.47970428182551456
0.6121712859896843,0.3878287140103159
0.8172163126276902,0.1827836873723097
0.5954952129089008,0.4045047870910993
0.5414926647005847,0.45850733529941545
0.675476026250864,0.32452397374913605
0.7589105579570015,0.24108944204299856
0.4567410575046581,0.5432589424953419
0.5967877002068003,0.40321229979319956
0.6859014927774689,0.31409850722253113
0.5871372309699006,0.4128627690300994
0.26857780545571563,0.7314221945442846
0.42986175152228334,0.5701382484777165
0.43982847991756074,0.5601715200824392
0.7339586782223851,0.2660413217776148
0.8317858680711482,0.16821413192885182
0.3732599803482923,0.6267400196517077
0.6624183297554395,0.33758167024456065
0.7007575508325542,0.29924244916744586
0.6032719966539499,0.3967280033460501
0.7226884697131808,0.2773115302868193
0.6865559743931944,0.3134440256068058
0.5050047160177433,0.49499528398225673
0.461607973656077,0.5383920263439231
0.35925299535061395,0.640747004649386
0.6428627574496272,0.35713724255037294
0.668519889648975,0.33148011035102487
0.8170790152002856,0.18292098479971436
0.5367213516228523,0.4632786483771477
0.5295838512091405,0.4704161487908593
0.5325958175689233,0.46740418243107673
0.5775063815064846,0.42249361849351535
0.5972038093491535,0.40279619065084643
0.593647380694989,0.40635261930501115
0.5206834861356899,0.47931651386431023
0.3117680083418827,0.6882319916581173
0.6361652107574342,0.36383478924256596
0.5357613321364457,0.46423866786355444
0.7147671660785697,0.2852328339214303
0.4263406806907801,0.57365931930922
0.53602373342042,0.4639762665795801
0.6740435443895223,0.3259564556104778
0.6623976418031192,0.3376023581968809
0.5554087285232137,0.44459127147678656
0.6299520499945769,0.37004795000542307
0.7008148794738995,0.2991851205261004
0.48693554240716364,0.5130644575928363
0.6888053567583214,0.31119464324167856
0.6251293676679562,0.3748706323320438
0.6415981212630867,0.3584018787369133
0.6418453901310053,0.35815460986899483
0.5196469531582764,0.4803530468417237
0.4910362248952225,0.5089637751047776
0.5,0.5
0.5014131895679395,0.49858681043206055
0.6844270483511931,0.31557295164880694
0.7614812478920069,0.23851875210799317
0.724145045839804,0.275854954160196
0.7160084596817305,0.2839915403182694
0.6409367332661426,0.3590632667338574
0.6744189367399516,0.3255810632600484
0.7517581297324849,0.2482418702675149
0.5381402415662989,0.46185975843370114
0.7045583832602015,0.2954416167397986
0.553898642837083,0.44610135716291704
0.4853091678598216,0.5146908321401786
0.6108779609203339,0.3891220390796662
0.43019547716055906,0.5698045228394408
0.5148973701515338,0.4851026298484663
0.578703417845071,0.421296582154929
0.6587601715786477,0.34123982842135225
0.5066549140941227,0.4933450859058773
0.4853277107511795,0.5146722892488206
0.48797982342692037,0.5120201765730797
0.6057281690566836,0.3942718309433164
0.6274226650054008,0.37257733499459916
0.5297932449074052,0.4702067550925949
0.5,0.5
0.7565065038225322,0.2434934961774677
0.6868472442556937,0.31315275574430623
0.4097490770908638,0.5902509229091362
0.9409465923826223,0.0590534076173777
0.8940781993117222,0.10592180068827772
0.6141994597497771,0.3858005402502231
0.6012309723303149,0.3987690276696852
0.5361633659136343,0.4638366340863657
0.6911669928598588,0.308833007140141
0.735349782890421,0.2646502171095789
0.7204855844570929,0.2795144155429072
0.6350554274310021,0.36494457256899776
0.5611596392327544,0.4388403607672458
0.5775720658544339,0.4224279341455661
0.6345125392820683,0.3654874607179317
0.5737718827992114,0.42622811720078857
0.720999147145432,0.279000852854568
0.7497035633066681,0.2502964366933317
0.8239435791939165,0.17605642080608344
0.6058017210835297,0.39419827891647036
0.778844540938735,0.22115545906126496
0.6285474174383836,0.3714525825616164
0.5453708683867778,0.4546291316132221
0.6603653960495048,0.3396346039504951
0.7308172015143748,0.26918279848562515
0.6192582586779072,0.38074174132209276
0.4246143280568388,0.5753856719431614
0.6472075652573761,0.35279243474262395
0.5399574603016638,0.4600425396983363
0.33759401089247804,0.6624059891075219
0.7580544368901376,0.24194556310986237
0.688166541566316,0.31183345843368393
0.7431982645293862,0.2568017354706138
0.7899109121093594,0.21008908789064065
0.6402557126713947,0.35974428732860536
0.861675694081045,0.1383243059189549
0.7875080603262157,0.21249193967378435
0.7388931986305974,0.26110680136940245
0.6588856808141932,0.34111431918580687
0.6712894344718996,0.3287105655281004
0.6252570261506867,0.37474297384931327
0.6000880961371452,0.3999119038628547
0.4697662128419207,0.5302337871580793
0.6594833702252053,0.34051662977479463
0.7519319514715533,0.24806804852844677
0.5057480198117349,0.4942519801882651
0.5888483437567754,0.41115165624322464
0.7495758531246879,0.25042414687531217
0.5106000224005753,0.4893999775994246
0.5422978809024518,0.45770211909754827
0.5980155684098029,0.40198443159019714
0.7142171904974414,0.2857828095025585
0.6628397655008822,0.3371602344991181
0.8674767670777992,0.13252323292220064
0.7048857050432987,0.2951142949567014
0.887578637923526,0.11242136207647399
0.7751209619179911,0.224879038082009
0.516678090301239,0.48332190969876093
0.5342250819514325,0.46577491804856763
0.7297023121044658,0.27029768789553443
0.41578735539653633,0.5842126446034638
0.6555461193786702,0.3444538806213298
0.46391015011086406,0.536089849889136
0.8854022363726505,0.11459776362734962
0.3714108510746241,0.6285891489253759
0.3041776805653576,0.6958223194346425
0.403778764565139,0.5962212354348612
0.7290185966232383,0.2709814033767617
0.6746710014908838,0.32532899850911623
0.8097692049829358,0.19023079501706408
0.30152482909059203,0.6984751709094079
0.45313205039446797,0.5468679496055321
0.6489252840729758,0.3510747159270242
0.6672090725102235,0.33279092748977646
0.5398844474756582,0.4601155525243417
0.828203239017464,0.17179676098253605
0.6913792573266258,0.30862074267337414
0.6837501907180334,0.3162498092819664
0.747517140863886,0.25248285913611407
0.29992944107449804,0.7000705589255019
0.48435801139946344,0.5156419886005366
0.49957774244248865,0.5004222575575114
0.6884603839929229,0.31153961600707725
0.6564536017650578,0.34354639823494226
0.3526943429986725,0.6473056570013276
0.5075186789370638,0.4924813210629362
0.6595322455268,0.3404677544732
0.6898098129816665,0.3101901870183334
0.6478373050433752,0.35216269495662467
0.6599289071436171,0.3400710928563829
0.5101845782127643,0.4898154217872356
0.474801723058395,0.525198276941605
0.6526161564250001,0.34738384357499974
0.5553126537890691,0.4446873462109308
0.7546095480827423,0.24539045191725758
0.6862743362040197,0.3137256637959804
0.4382131829972685,0.5617868170027314
0.8004199364398247,0.19958006356017535
0.5182543526526013,0.48174564734739866
0.5930900928033974,0.4069099071966026
0.6115886897915696,0.3884113102084304
0.8075431209607985,0.19245687903920175
0.6547312067515924,0.34526879324840754
0.6161131559075208,0.38388684409247914
0.46409017563791594,0.535909824362084
0.6474900978088253,0.35250990219117484
0.7047130576839651,0.2952869423160348
0.4622635975248478,0.5377364024751522
0.825664376559862,0.17433562344013803
0.7491873596949814,0.2508126403050186
0.24644501915752193,0.7535549808424781
0.6350569322496,0.3649430677504
0.5413618760514934,0.4586381239485067
0.8303269252147724,0.16967307478522758
0.7634668034369295,0.23653319656307048
0.4399895325599434,0.5600104674400567
0.3638161572983365,0.6361838427016635
0.6577665851105754,0.3422334148894246
0.7191812336774871,0.28081876632251285
0.6426340206890975,0.3573659793109024
0.757213581669336,0.242786418330664
0.7143285227120652,0.2856714772879349
0.6476679053562282,0.35233209464377163
0.6721769279232567,0.3278230720767433
0.6212418288104004,0.3787581711895997
0.7447978647116578,0.25520213528834224
0.5721253411296892,0.42787465887031084
0.6576078681945593,0.34239213180544076
0.604363104078059,0.395636895921941
0.631260204306542,0.3687397956934578
0.5537993003252101,0.44620069967478987
0.5768025907258899,0.42319740927411004
0.8071113655671494,0.19288863443285068
0.5872074063172761,0.4127925936827239
0.6615481499981066,0.3384518500018935
0.668279086080958,0.33172091391904196
0.6493852706300969,0.35061472936990307
0.6463644103851196,0.35363558961488045
0.5893877783711989,0.41061222162880096
0.6792888173404086,0.3207111826595915
0.6622303705434706,0.3377696294565296
0.536899355532396,0.46310064446760396
0.7024505895724863,0.29754941042751376
0.41816235668448787,0.581837643315512
0.7197454710543159,0.2802545289456842
0.6850946061986779,0.31490539380132204
0.5507420559399766,0.4492579440600234
0.6553365332977089,0.3446634667022911
0.612203538621052,0.387796461378948
0.5142284713241845,0.4857715286758155
0.6777791376524722,0.3222208623475281
0.8363287778576832,0.1636712221423167
0.2909318708118552,0.7090681291881449
0.728242155081146,0.2717578449188541
0.7539319079248878,0.24606809207511215
0.7806600906269138,0.21933990937308642
0.5751150955880296,0.42488490441197035
0.781700195346732,0.21829980465326795
0.6149954878530797,0.38500451214692044
0.651088329912921,0.3489116700870791
0.5846040434597872,0.41539595654021283
0.7309649741613138,0.2690350258386861
0.5967341689226542,0.40326583107734576
0.6553471913974643,0.3446528086025357
0.6073047836764903,0.39269521632350934
0.8391477053157064,0.16085229468429346
0.5520990227712421,0.44790097722875793
0.658639659631544,0.3413603403684559
0.572312916671446,0.4276870833285538
0.6901907874866507,0.30980921251334936
0.7660914858737932,0.2339085141262067
0.7827867347220034,0.21721326527799648
0.8483917724717212,0.15160822752827877
0.7565993496005925,0.2434006503994076
0.7618069992691543,0.2381930007308458
0.6208068494388602,0.37919315056113984
0.5596642461941791,0.440335753805821
0.6270259919672967,0.3729740080327033
0.635537951366583,0.36446204863341697
0.4434421937207979,0.5565578062792021
0.640147094558931,0.35985290544106896
0.5744573809272808,0.4255426190727192
0.6483958432637804,0.3516041567362196
0.55937573362616,0.44062426637384
0.5743323137637686,0.42566768623623136
0.636939832918409,0.3630601670815909
0.40349977021728267,0.5965002297827174
0.6358649915201273,0.3641350084798727
0.6123963014245267,0.3876036985754734
0.7053942592852163,0.2946057407147837
0.6737434612903392,0.32625653870966076
0.6080155777227615,0.39198442227723845
0.6660427355315732,0.3339572644684269
0.5,0.5
0.5505126314809122,0.449487368519088
0.7437248100135327,0.2562751899864673
0.7074248210067143,0.29257517899328556
0.7771085791785618,0.22289142082143829
0.40778399068787846,0.5922160093121216
0.6892898052272421,0.3107101947727579
0.6793246175254756,0.32067538247452454
0.7414057523156803,0.25859424768431977
0.7198512953447355,0.2801487046552645
0.5239679423652772,0.4760320576347227
0.7776483995123789,0.22235160048762126
0.7607219289269496,0.2392780710730504
0.7293747309687364,0.27062526903126344
0.7648789192446358,0.23512108075536428
0.5940357339440893,0.4059642660559107
0.7445555330848316,0.25544446691516826
0.6991394573939327,0.30086054260606726
0.7848109272894571,0.21518907271054297
0.6007156425906794,0.39928435740932056
0.4828123705573801,0.5171876294426199
0.3763629278652287,0.6236370721347714
0.6551518314497311,0.34484816855026884
0.6966878868990453,0.30331211310095463
0.542666840387327,0.45733315961267296
0.6645304116020305,0.3354695883979695
0.7474851511795348,0.25251484882046515
0.8505798604786329,0.1494201395213671
0.7984497966951359,0.20155020330486412
0.7026624915407764,0.29733750845922363
0.49038183806476365,0.5096181619352363
0.6594161997021402,0.3405838002978597
0.7385778648547656,0.2614221351452343
0.35530511404207143,0.6446948859579286
0.617131817884225,0.3828681821157749
0.6699585809340887,0.3300414190659114
0.7730648148786097,0.22693518512139038
0.6199773863191403,0.38002261368085954
0.7407324463713945,0.25926755362860543
0.587127818000904,0.41287218199909614
0.5410208949996631,0.45897910500033706
0.7775552738426971,0.22244472615730307
0.7154771996524417,0.28452280034755834
0.7547284102111873,0.2452715897888126
0.5170305608896378,0.4829694391103622
0.5727370838694019,0.4272629161305981
0.7962748854834008,0.2037251145165992
0.7025470301684548,0.29745296983154523
0.6402424200393831,0.3597575799606167
0.772011535263354,0.22798846473664616
0.7125539514799101,0.28744604852008976
0.48177986195152595,0.518220138048474
0.8567902833307216,0.14320971666927873
0.5141520967075548,0.48584790329244515
0.6668644358416798,0.33313556415832024
0.6336003000552524,0.3663996999447478
0.751925083407325,0.24807491659267503
0.648495723501766,0.35150427649823407
0.8121837151445712,0.18781628485542876
0.5005094677605344,0.4994905322394655
0.642113196536162,0.3578868034638381
0.6160139255216619,0.38398607447833816
0.8825136871968765,0.11748631280312345
0.6234201254105829,0.37657987458941716
0.5989145738664707,0.40108542613352915
0.8702547690166599,0.1297452309833402
0.6315473192478279,0.3684526807521722
0.6637365409980746,0.33626345900192545
0.6278862173394287,0.3721137826605712
0.6111928902576739,0.38880710974232613
0.7686491479327136,0.2313508520672863
0.7273854569231466,0.2726145430768535
0.5771924887399199,0.42280751126008004
0.5638177757024022,0.43618222429759773
0.4490605729397035,0.5509394270602966
0.564078881235271,0.4359211187647291
0.7592385204871175,0.24076147951288276
0.6434148390875165,0.3565851609124834
0.5908694578446742,0.40913054215532596
0.6416396784972417,0.35836032150275826
0.7862743175223457,0.2137256824776543
0.6948308918516674,0.3051691081483326
0.5036669942920536,0.4963330057079463
0.619883683856049,0.38011631614395097
0.7006804067257628,0.2993195932742373
0.577646504837569,0.42235349516243104
0.6766936364355641,0.3233063635644359
0.645989600294391,0.354010399705609
0.46124346307501846,0.5387565369249815
0.7072076413389163,0.29279235866108366
0.6897016640868291,0.3102983359131709
0.6409745294107537,0.35902547058924633
0.5473281949751609,0.45267180502483917
0.6756491576319589,0.32435084236804124
0.6811363408354016,0.31886365916459836
0.7257500990160899,0.27424990098391017
0.5640875103604521,0.435912489639548
0.6517960348717633,0.3482039651282367
0.6445526199990934,0.3554473800009066
0.6940024280186382,0.30599757198136185
0.8101295325902358,0.1898704674097642
0.7633504126781816,0.2366495873218183
0.6642976944371227,0.33570230556287717
0.5540212019735967,0.44597879802640294
0.6356609946063798,0.36433900539362024
0.6008272450150471,0.39917275498495286
0.4248487855295862,0.5751512144704138
0.6613377482984191,0.33866225170158093
0.5287530025779307,0.4712469974220694
0.44667419595331437,0.5533258040466855
0.774643406333255,0.2253565936667449
0.6553233739323282,0.3446766260676718
0.4282725271277017,0.5717274728722982
0.7591442477701866,0.24085575222981337
0.7369000940560863,0.2630999059439137
0.31339196207952685,0.6866080379204731
0.5349536108303036,0.4650463891696965
0.4350458462735548,0.5649541537264453
0.8178713296521197,0.18212867034788013
0.5727504278450096,0.4272495721549904
0.5842451283484205,0.41575487165157965
0.5833315568275644,0.4166684431724354
0.6109726827573361,0.389027317242664
0.6553781603835903,0.3446218396164098
0.5179168656468391,0.4820831343531608
0.5870051711487385,0.4129948288512617
0.6694243119562732,0.3305756880437268
0.5226280101634114,0.4773719898365886
0.6968824174283365,0.30311758257166355
0.679269028414523,0.32073097158547714
0.5678340633167661,0.43216593668323394
0.2815996235435406,0.7184003764564594
0.49812014852002623,0.5018798514799738
0.6071832887208369,0.3928167112791629
0.4829762776695564,0.5170237223304437
0.690529670709537,0.309470329290463
0.6463059151595478,0.35369408484045217
0.6962473769697548,0.3037526230302452
0.5540565877934771,0.44594341220652306
0.8382720622299754,0.16172793777002456
0.6003277108574289,0.3996722891425711
0.5912482352674048,0.4087517647325953
0.3650846069024277,0.6349153930975722
0.7014735802067087,0.29852641979329153
0.9707641300484823,0.029235869951517886
0.7895019426644178,0.21049805733558238
0.5730433327807621,0.4269566672192378
0.7163483662443515,0.28365163375564834
0.730774839542052,0.2692251604579479
0.6189784636233846,0.38102153637661546
0.7716714560701481,0.22832854392985194
0.6172636221807313,0.38273637781926884
0.6916583876544935,0.3083416123455065
0.5554938614368438,0.44450613856315624
0.5,0.5
0.7367234734082502,0.2632765265917498
0.6314971332281748,0.36850286677182525
0.7376627446805903,0.26233725531940955
0.636121796426551,0.363878203573449
0.6018395979894426,0.3981604020105574
0.5194906856076268,0.4805093143923731
0.5850373710559641,0.41496262894403585
0.4585706226154946,0.5414293773845054
0.6500558415492993,0.3499441584507007
0.7472501050062572,0.25274989499374284
0.8548095674106684,0.14519043258933156
0.7067954106592588,0.2932045893407412
0.7910976929921191,0.20890230700788096
0.5745215887402955,0.4254784112597045
0.7163397957665711,0.2836602042334289
0.6837399419544726,0.3162600580455275
0.6656501281069213,0.3343498718930788
0.7339712154442399,0.2660287845557601
0.754831736597162,0.2451682634028381
0.5796459479536136,0.4203540520463865
0.5805951080466533,0.4194048919533466
0.7649115999932423,0.23508840000675765
0.6124290624820671,0.3875709375179329
0.7024555202996112,0.2975444797003887
0.6352445985736379,0.3647554014263622
0.45626326112600835,0.5437367388739917
0.5,0.5
0.5261987527759334,0.47380124722406664
0.5842788369401833,0.41572116305981666
0.7360937312522543,0.26390626874774575
0.48475186566342293,0.5152481343365771
0.7071205589057586,0.29287944109424136
0.6903713128967196,0.3096286871032804
0.6474252714105052,0.35257472858949473
0.45861712640073304,0.5413828735992668
0.5447794731713957,0.4552205268286041
0.7390924010822854,0.26090759891771464
0.6881083230432917,0.3118916769567081
0.7974763671936943,0.20252363280630573
0.7547915557777214,0.24520844422227855
0.8184585826540318,0.1815414173459681
0.6129384913311342,0.38706150866886585
0.718854849855198,0.28114515014480207
0.6236613743290444,0.37633862567095555
0.4969129743985832,0.5030870256014168
0.6528451230355592,0.3471548769644409
0.5977786427731937,0.4022213572268064
0.7611379725993118,0.23886202740068818
0.7291318779046287,0.2708681220953712
0.5773535450633441,0.4226464549366559
0.7176054971142132,0.28239450288578677
0.6505465850802048,0.34945341491979526
0.7035851010973212,0.29641489890267875
0.6413231613171406,0.35867683868285954
0.7160509183050755,0.2839490816949246
0.6497736359092633,0.3502263640907368
0.6178872761361861,0.38211272386381395
0.5609754325063981,0.43902456749360197
0.8508708457279499,0.14912915427205004
0.6059825748135736,0.39401742518642624
0.6405746771528066,0.3594253228471934
0.7226261887521054,0.2773738112478945
0.8400184940777632,0.1599815059222368
0.6158580197730565,0.38414198022694335
0.7412279356099826,0.2587720643900173
0.5169102242330988,0.48308977576690104
0.3269872815077314,0.6730127184922685
0.37272287615122074,0.6272771238487793
0.6268115865700132,0.3731884134299868
0.6317324157354308,0.3682675842645691
0.5968442549703354,0.4031557450296647
0.42222325682119527,0.5777767431788048
0.7113643334515003,0.2886356665484996
0.6622583512557394,0.3377416487442605
0.6805903796104598,0.31940962038954024
0.62608802370523,0.37391197629476997
0.6574115840911409,0.34258841590885913
0.8015368665732203,0.19846313342677965
0.5041599817317435,0.4958400182682565
0.7337463164967896,0.2662536835032104
0.5721217026732041,0.42787829732679605
0.7011969206104807,0.29880307938951933
0.8554957437337798,0.14450425626622027
0.7915309803837657,0.2084690196162343
0.38517001897705716,0.614829981022943
0.7702160748308452,0.22978392516915483
0.5515368328485024,0.44846316715149764
0.661752527374025,0.3382474726259748
0.7884694559439926,0.21153054405600744
0.7153915078423208,0.2846084921576793
0.6121079716183878,0.3878920283816119
0.8155921799683287,0.18440782003167142
0.4876730803114677,0.5123269196885323
0.860688008082164,0.13931199191783616
0.7500463870625608,0.2499536129374392
0.634745892079683,0.36525410792031704
0.5668126318993113,0.4331873681006887
0.6993370074492254,0.3006629925507746
0.5675011779782579,0.4324988220217421
0.7780703037764943,0.2219296962235058
0.7145850553880516,0.2854149446119484
0.7699905340248292,0.23000946597517075
0.6268146323487981,0.3731853676512019
0.5,0.5
0.6313076838720898,0.3686923161279102
0.6028393922494737,0.3971606077505265
0.5833841703737893,0.41661582962621063
0.7999689349465312,0.20003106505346882
0.4352065618126292,0.5647934381873708
0.5859461018001557,0.4140538981998443
0.7120971595862426,0.2879028404137574
0.6124079627925552,0.3875920372074449
0.40543427265039367,0.5945657273496061
0.5355319143032717,0.46446808569672815
0.7999661438025886,0.20003385619741157
0.7590950897061224,0.24090491029387767
0.664531807164144,0.33546819283585605
0.8133285181818077,0.1866714818181922
0.7974800585154589,0.20251994148454117
0.8368136555969595,0.16318634440304056
0.5024264369323329,0.497573563067667
0.44701329601874057,0.5529867039812595
0.3542188484106174,0.6457811515893827
0.6041264628598545,0.39587353714014545
0.6957866627764948,0.304213337223505
0.4321121982867448,0.5678878017132553
0.8454660015484593,0.1545339984515408
0.5735620763886653,0.4264379236113348
0.6420251020137507,0.35797489798624926
0.6033610086422397,0.3966389913577605
0.6857490484304365,0.3142509515695636
0.7548534869143161,0.245146513085684
0.8233541797041735,0.17664582029582648
0.5436111128320681,0.45638888716793186
0.5175927808335937,0.48240721916640616
0.6703890217008172,0.3296109782991826
0.6392853641126099,0.36071463588739
0.4986296004901396,0.5013703995098604
0.7399362595538298,0.2600637404461701
0.6174908188305464,0.38250918116945365
0.8029954239750358,0.1970045760249643
0.7934579462607546,0.20654205373924533
0.690433751905351,0.30956624809464917
0.5698576006537767,0.43014239934622334
0.7542623217065647,0.2457376782934352
0.5990977903943235,0.4009022096056764
0.5290403650595856,0.4709596349404144
0.502552745469802,0.49744725453019795
0.537579423009981,0.46242057699001904
0.758539015885531,0.24146098411446912
0.4460322574052788,0.5539677425947213
0.6051249193219086,0.39487508067809146
0.9739477830471459,0.026052216952854135
0.7162680641092402,0.2837319358907599
0.5816719192337377,0.4183280807662624
0.6632119748023608,0.3367880251976391
0.8374373861344713,0.16256261386552887
0.7230855217168056,0.2769144782831943
0.5670704133808612,0.43292958661913883
0.5940564047169903,0.40594359528300983
0.6477329062114094,0.3522670937885906
0.5448287444321953,0.4551712555678047
0.7037802425531116,0.2962197574468884
0.4629667555934354,0.5370332444065647
0.773931699612534,0.22606830038746586
0.5346974625993299,0.46530253740067
0.6778002428285697,0.32219975717143023
0.67274839574568,0.32725160425432004
0.9027033569317199,0.09729664306828016
0.8202268572806176,0.17977314271938238
0.6379303403845342,0.36206965961546583
0.46361557088914784,0.5363844291108523
0.7649048333507583,0.23509516664924163
0.6272899046361565,0.3727100953638434
0.4264042146203834,0.5735957853796165
0.748159329938794,0.2518406700612061
0.511640367554756,0.48835963244524405
0.6793579369539137,0.32064206304608633
0.5452682802840916,0.4547317197159085
0.6380027768563301,0.3619972231436699
0.7357470524638322,0.26425294753616774
0.6572134932302699,0.3427865067697301
0.5839175462389258,0.41608245376107456
0.6024622382689032,0.3975377617310968
0.30858965856178383,0.6914103414382162
0.6310606487472199,0.36893935125278016
0.7268953747137611,0.2731046252862388
0.7314553181081405,0.2685446818918595
0.5326022267344911,0.46739777326550896
0.5246678675543376,0.4753321324456625
0.5188692279391919,0.48113077206080834
0.7056611291838099,0.29433887081619015
0.31236856682582304,0.687631433174177
0.8380890747060582,0.16191092529394194
0.776978828083473,0.22302117191652696
0.5634777708233731,0.43652222917662686
0.6586592508362396,0.34134074916376056
0.7027629132105443,0.2972370867894557
0.5975801612969855,0.4024198387030145
0.6459566143699684,0.3540433856300318
0.5288638255097543,0.4711361744902456
0.4588443565031468,0.5411556434968531
0.30882210555548456,0.6911778944445154
0.7042191728209432,0.2957808271790568
0.6543601157672767,0.3456398842327233
0.6960961012720979,0.3039038987279021
0.5740891095761822,0.4259108904238179
0.5873155610838171,0.41268443891618284
0.7698061063834043,0.23019389361659556
0.7271193693890677,0.2728806306109321
0.5409123187195517,0.45908768128044836
0.5429466345486228,0.4570533654513773
0.7757006715980952,0.22429932840190484
0.7903609340589677,0.20963906594103243
0.5102970616413325,0.48970293835866746
0.5231534228195354,0.4768465771804647
0.6167932922488025,0.3832067077511974
0.43895824592245736,0.5610417540775426
0.4975520529951447,0.5024479470048553
0.814391734198715,0.185608265801285
0.6167783873030445,0.3832216126969556
0.797352804222285,0.20264719577771498
0.8512707096151101,0.14872929038488994
0.8022096342053741,0.19779036579462597
0.5192440458465097,0.48075595415349026
0.5207601561872537,0.4792398438127465
0.552568741967849,0.4474312580321511
0.43878211347126106,0.561217886528739
0.44661309741927213,0.5533869025807278
0.49639705734170636,0.5036029426582938
0.6270265896092667,0.37297341039073334
0.7246215472072945,0.27537845279270534
0.5491737225228899,0.45082627747711024
0.5875864920048883,0.4124135079951117
0.690866525526268,0.3091334744737319
0.7254502374642833,0.27454976253571667
0.7972243932653833,0.2027756067346165
0.5393024273786446,0.46069757262135536
0.46792004507675233,0.5320799549232477
0.8613524426594513,0.1386475573405488
0.7864150588075208,0.21358494119247917
0.7084362083622037,0.2915637916377964
0.606051014273272,0.3939489857267279
0.5858469739065327,0.41415302609346744
0.6352236562383373,0.3647763437616626
0.7835504553982781,0.21644954460172192
0.6537373439994134,0.34626265600058653
0.4726978305938649,0.5273021694061351
0.6168071855909566,0.38319281440904346
0.7572338031722561,0.24276619682774406
0.6987813895008614,0.30121861049913856
0.43158162532064154,0.5684183746793584
0.6996939236928537,0.30030607630714634
0.4356460870106279,0.564353912989372
0.6771646486260118,0.3228353513739881
0.8327522127996771,0.16724778720032293
0.5,0.5
0.6505566099066727,0.3494433900933272
0.7412126700659761,0.25878732993402404
0.7469028393427573,0.2530971606572427
0.7374703067415986,0.2625296932584014
0.7110362271282048,0.28896377287179525
0.6824152366159295,0.3175847633840706
0.4814800710753493,0.5185199289246505
0.5104161372860138,0.4895838627139864
0.6642985187053283,0.3357014812946718
0.49464904395231984,0.5053509560476803
0.5142326464384877,0.48576735356151246
0.5904130899492078,0.40958691005079223
0.6575711220129521,0.3424288779870482
0.5975505619405752,0.40244943805942485
0.58299076872246,0.4170092312775401
0.7794953146288562,0.22050468537114373
0.544393789868857,0.455606210131143
0.6309917446746764,0.3690082553253236
0.6356621847437703,0.3643378152562296
0.7067715979224521,0.29322840207754797
0.6310627356719601,0.3689372643280399
0.6884403493835932,0.3115596506164067
0.4412167837898091,0.5587832162101912
0.6830876036852638,0.3169123963147364
0.8574677156714823,0.14253228432851764
0.423334663273829,0.5766653367261709
0.661865174770355,0.33813482522964494
0.615751101082663,0.384248898917337
0.4978887576342548,0.5021112423657452
0.7244549726811295,0.2755450273188706
0.7135617100935988,0.286438289906401
0.7893457473530362,0.21065425264696389
0.7863545325088734,0.21364546749112653
0.5479275753813397,0.45207242461866026
0.694720905245613,0.3052790947543869
0.22591338848719117,0.7740866115128089
0.46854604403671807,0.5314539559632819
0.5848326102625739,0.4151673897374261
0.6872742950470072,0.31272570495299273
0.6858893664388144,0.31411063356118557
0.8137737007517619,0.1862262992482382
0.3370714199230319,0.662928580076968
0.5347760203283204,0.4652239796716797
0.532294577675327,0.46770542232467305
0.7729516542560724,0.22704834574392765
0.8437580616003497,0.1562419383996503
0.5158385530941271,0.4841614469058731
0.8466122461894582,0.15338775381054162
0.7169028229414105,0.2830971770585896
0.7045495435184383,0.29545045648156165
0.6426804182528468,0.3573195817471532
0.5708159031026782,0.4291840968973218
0.7550165783638733,0.24498342163612663
0.7167879766383066,0.2832120233616935
0.28839327016069577,0.7116067298393043
0.5613288979090458,0.4386711020909542
0.6420167233416458,0.3579832766583543
0.5761508198814611,0.4238491801185393
0.7275048077397408,0.2724951922602591
0.7950583748863136,0.20494162511368633
0.583804096464124,0.4161959035358761
0.6218719738692624,0.37812802613073754
0.5558631300215686,0.44413686997843144
0.5,0.5
0.41425671552487264,0.5857432844751274
0.7951330029737527,0.20486699702624736
0.72666996976368,0.2733300302363199
0.6014818706587857,0.39851812934121433
0.5970202092743921,0.4029797907256079
0.43777235024884437,0.5622276497511555
0.32579850339093713,0.6742014966090628
0.7030973051136279,0.2969026948863721
0.5699420752481468,0.4300579247518533
0.7274637060473759,0.2725362939526242
0.48379067500906436,0.5162093249909357
0.6371709072917549,0.36282909270824515
0.7074233974050378,0.29257660259496227
0.7427521270755116,0.25724787292448836
0.6022423060137452,0.39775769398625477
0.5535595558108314,0.4464404441891687
0.6580288805322989,0.341971119467701
0.4976168247708398,0.5023831752291601
0.6850972441482481,0.314902755851752
0.590906229305973,0.40909377069402697
0.6004058384282495,0.39959416157175054
0.5630214009045792,0.4369785990954207
0.5853816185905847,0.4146183814094153
0.6081793763498032,0.3918206236501966
0.7654059094646883,0.23459409053531172
0.5250696998570792,0.4749303001429208
0.6908752974379009,0.309124702562099
0.7615673835810625,0.23843261641893737
0.7998329603964396,0.20016703960356044
0.5868057053146761,0.41319429468532387
0.6119854898642726,0.3880145101357275
0.715340039141054,0.284659960858946
0.9143473805054799,0.08565261949452002
0.5536241054382205,0.44637589456177945
0.7033189170385218,0.29668108296147816
0.5557666420694276,0.4442333579305723
0.7317494598080659,0.26825054019193384
0.26317210199976165,0.7368278980002383
0.6679938280424368,0.3320061719575633
0.6544658738152371,0.34553412618476287
0.6460923356887219,0.35390766431127796
0.6548398189246656,0.3451601810753344
0.7385537198799075,0.26144628012009247
0.7013540498462919,0.29864595015370815
0.8710515595729105,0.1289484404270898
0.6161014303398167,0.3838985696601833
0.5209625668324481,0.4790374331675519
0.35709973378892074,0.6429002662110793
0.5482488740556632,0.45175112594433686
0.4454793446738128,0.5545206553261872
0.8371979287086067,0.16280207129139315
0.6130664885808181,0.38693351141918186
0.4605068125503468,0.5394931874496532
0.6881283500657702,0.3118716499342297
0.675142892068161,0.3248571079318391
0.5764238685135294,0.42357613148647044
0.6195788917034953,0.3804211082965047
0.4716567139511039,0.5283432860488962
0.7163460875505315,0.28365391244946836
0.6553046117384198,0.3446953882615803
0.737359094884591,0.2626409051154091
0.7485897380268712,0.25141026197312866
0.8873159891484395,0.1126840108515606
0.7383924256706902,0.2616075743293101
0.4401035097238615,0.5598964902761387
0.4449178349887064,0.5550821650112935
0.785551706196979,0.21444829380302113
0.8458260129041834,0.15417398709581678
0.7532942201134213,0.2467057798865787
0.5907070437266954,0.4092929562733046
0.5572793552704961,0.442720644729504
0.7048048269770395,0.2951951730229605
0.6664989305032988,0.33350106949670105
0.533654038671753,0.466345961328247
0.641015229383423,0.3589847706165769
0.5770592559159308,0.42294074408406934
0.5840509088905862,0.4159490911094139
0.7903426759511936,0.20965732404880652
0.700453309903623,0.299546690096377
0.6367456989094555,0.3632543010905445
0.5058382936381168,0.4941617063618833
0.5050221337620883,0.49497786623791173
0.6944744579450696,0.3055255420549306
0.38886184348059233,0.6111381565194077
0.6854713069049309,0.31452869309506903
0.5381169766227113,0.4618830233772887
0.6813262296374621,0.3186737703625381
0.5136695483849553,0.48633045161504485
0.714411576051105,0.285588423948895
0.6815335603060639,0.3184664396939361
0.3168537526464071,0.6831462473535928
0.7036098644485029,0.29639013555149696
0.5963480411838706,0.4036519588161293
0.7984535222014301,0.2015464777985699
0.7365662416351839,0.26343375836481625
0.31290033943716544,0.6870996605628346
0.3714439191989962,0.6285560808010037
0.6261353212233381,0.3738646787766619
0.7395324021346704,0.2604675978653295
0.6903473754923883,0.3096526245076117
0.8365280692826991,0.16347193071730082
0.8134879901580608,0.18651200984193914
0.6660721521320525,0.3339278478679474
0.7075570900591865,0.29244290994081357
0.5286363422191671,0.4713636577808327
0.6223629121748139,0.37763708782518607
0.5688994053999108,0.4311005946000893
0.6603482827645062,0.33965171723549387
0.6514544887041911,0.3485455112958087
0.7420073413539087,0.25799265864609144
0.6817801509880123,0.31821984901198763
0.7825907997073668,0.2174092002926332
0.8816589721379471,0.11834102786205289
0.6623833785913578,0.3376166214086423
0.5437718150341975,0.4562281849658026
0.7617956348385446,0.23820436516145527
0.5,0.5
0.7296405915560615,0.27035940844393846
0.6961195743437639,0.3038804256562358
0.7119751910119428,0.2880248089880571
0.5740244577310126,0.4259755422689873
0.6471094475853116,0.35289055241468836
0.7811138476012588,0.21888615239874118
0.7227476080290255,0.2772523919709745
0.631002093254861,0.3689979067451392
0.777825651981299,0.22217434801870106
0.4874185870858662,0.5125814129141338
0.4498381218362823,0.5501618781637176
0.6196580194727421,0.380341980527258
0.6641809342778333,0.3358190657221669
0.7024394197267789,0.29756058027322096
0.684978078311744,0.3150219216882561
0.8068423861445517,0.19315761385544833
0.6429883084457394,0.35701169155426055
0.42503673078816573,0.5749632692118344
0.7041588530936069,0.29584114690639324
0.6599201227100175,0.34007987728998257
0.5101661678119757,0.4898338321880244
0.3601480606611863,0.6398519393388137
0.5980069606750789,0.4019930393249211
0.7794802857684725,0.22051971423152747
0.537269347744396,0.46273065225560384
0.5730255561782455,0.42697444382175426
0.7550843798311473,0.2449156201688527
0.6097036464983288,0.3902963535016712
0.7652398066368111,0.23476019336318896
0.46695291366241876,0.5330470863375812
0.48865060262622645,0.5113493973737736
0.6454231817514244,0.3545768182485755
0.3388264570780408,0.661173542921959
0.5261946284861789,0.4738053715138211
0.5173267760358554,0.48267322396414464
0.6479303935213743,0.35206960647862556
0.7980327167403354,0.2019672832596646
0.8781605133205979,0.12183948667940211
0.641213701028873,0.3587862989711269
0.6582864949164569,0.3417135050835433
0.6838591244146636,0.3161408755853365
0.5004392791280028,0.4995607208719974
0.5049700647205942,0.49502993527940564
0.5307557533726621,0.4692442466273379
0.6362224294433394,0.3637775705566607
0.799960198498791,0.20003980150120912
0.737447105234933,0.262552894765067
0.6919934256790494,0.3080065743209507
0.50104942016007,0.4989505798399301
0.20409952909666595,0.795900470903334
0.6301367830842218,0.36986321691577806
0.4503409188409139,0.549659081159086
0.6758507347209628,0.3241492652790373
0.523906589499987,0.47609341050001297
0.6122658011569683,0.3877341988430317
0.7419036040587405,0.25809639594125955
0.45947583471928527,0.5405241652807148
0.7267721489887742,0.27322785101122565
0.872751852880897,0.12724814711910307
0.61369352019286,0.38630647980714
0.5739590721412572,0.4260409278587428
0.6718651522120878,0.3281348477879124
0.6700040553458934,0.32999594465410653
0.7178887552066194,0.2821112447933805
0.6140859228076048,0.38591407719239523
0.325822144638515,0.674177855361485
0.6522501314974924,0.34774986850250755
0.6463515070121968,0.3536484929878032
0.719220968241089,0.28077903175891095
0.6085915824863105,0.39140841751368943
0.6056442121172146,0.39435578788278547
0.8032865454208032,0.19671345457919673
0.4210711861792962,0.5789288138207039
0.5179203552884252,0.482079644711575
0.7605316619984168,0.2394683380015833
0.7050165763575222,0.29498342364247776
0.6568229528917487,0.3431770471082512
0.8327570813444843,0.1672429186555158
0.6006187392115061,0.399381260788494
0.7294804834518548,0.2705195165481453
0.3894783960884289,0.6105216039115708
0.5203320992516861,0.4796679007483139
0.44199036002655356,0.5580096399734464
0.587612922053795,0.4123870779462052
0.6591767046293497,0.34082329537065037
0.7018365995848194,0.29816340041518063
0.5146526337217787,0.4853473662782213
0.5104138809448932,0.48958611905510685
0.76677169648749,0.23322830351250984
0.6758921742031034,0.32410782579689645
0.5991349886763576,0.4008650113236422
0.5078246852295288,0.4921753147704712
0.5493424936912562,0.45065750630874374
0.8830566986488817,0.11694330135111841
0.6777810694924751,0.3222189305075248
0.8481316495810515,0.15186835041894858
0.5678910562474324,0.43210894375256753
0.5691401336641024,0.43085986633589757
0.680268948645744,0.3197310513542559
0.6018686033192087,0.39813139668079134
0.6881430497451252,0.3118569502548748
0.5951198191743743,0.4048801808256257
0.4635127397935382,0.5364872602064618
0.7347813207421227,0.2652186792578773
0.7281233341661085,0.27187666583389153
0.3442594382061797,0.6557405617938202
0.6139173098457738,0.38608269015422625
0.41550179992084585,0.5844982000791542
0.7881656590028823,0.21183434099711768
0.6817155384092607,0.3182844615907393
0.7542903191140735,0.24570968088592654
0.5699870455899834,0.43001295441001663
0.5651641603973534,0.43483583960264655
0.666242759207731,0.33375724079226926
0.3309266822160757,0.6690733177839243
0.7564831750631393,0.243516824936861
0.614008402049609,0.385991597950391
0.7248472874535042,0.27515271254649565
0.7577371089452725,0.24226289105472748
0.4981283349043308,0.5018716650956692
0.5012995060407728,0.4987004939592273
0.7286305654117198,0.27136943458828017
0.44463214485302555,0.5553678551469744
0.6843986878596103,0.31560131214038967
0.5791287527986241,0.4208712472013759
0.6013954399282646,0.3986045600717353
0.6591026647110977,0.34089733528890215
0.5983159597614585,0.40168404023854154
0.8118439594108303,0.18815604058916965
0.6197086267921276,0.3802913732078725
0.7052006076305707,0.29479939236942937
0.7419425240871602,0.25805747591283973
0.2707235470446495,0.7292764529553506
0.6088069595195509,0.39119304048044923
0.6354328952223575,0.3645671047776423
0.7829625383201129,0.21703746167988716
0.4569382892036944,0.5430617107963056
0.4934206991215922,0.5065793008784077
0.63255316329337,0.36744683670663003
0.5892742026781815,0.4107257973218186
0.6801750561081985,0.3198249438918016
0.5004295502966182,0.49957044970338194
0.7254204182651652,0.2745795817348349
0.6368621635731176,0.36313783642688235
0.6076631766872831,0.3923368233127167
0.5942286197997839,0.405771380200216
0.5502191336057233,0.4497808663942768
0.864987506370559,0.13501249362944087
0.7757737454557854,0.22422625454421458
0.688398169395813,0.311601830604187
0.6777666266980443,0.3222333733019556
0.6114562345397185,0.3885437654602811
0.6616958633665221,0.338304136633478
0.7023298706709459,0.2976701293290541
0.41140318179847585,0.5885968182015242
0.4425378728931792,0.5574621271068209
0.7400983134958568,0.25990168650414325
0.4678139190497336,0.5321860809502664
0.3716405514430097,0.6283594485569904
0.5,0.5
0.31639038286818066,0.6836096171318193
0.51787592715223,0.48212407284777004
0.6412583675252966,0.3587416324747035
0.6317732446178682,0.36822675538213184
0.6139149309261053,0.3860850690738946
0.4354986795028925,0.5645013204971076
0.4870440834677739,0.512955916532226
0.5552978273229144,0.44470217267708556
0.6426213858649209,0.3573786141350791
0.7962066903752323,0.203793309624768
0.5687190445939149,0.4312809554060851
0.5650482503639133,0.43495174963608674
0.51775182628561,0.48224817371439005
0.6354799337296018,0.3645200662703981
0.4423025885280127,0.5576974114719874
0.6875358487986027,0.31246415120139726
0.6303303204907194,0.36966967950928065
0.8522570488119598,0.14774295118804007
0.6575010136281858,0.34249898637181414
0.6900046155525783,0.3099953844474218
0.7440886538270077,0.2559113461729922
0.6618278954878986,0.3381721045121014
0.6089895927330182,0.3910104072669818
0.5259432608626768,0.4740567391373231
0.7723437999490881,0.22765620005091192
0.5,0.5
0.7085252409897832,0.2914747590102167
0.43796251269268605,0.562037487307314
0.5807082245624967,0.41929177543750323
0.6102925724769485,0.3897074275230516
0.5634741261601448,0.43652587383985525
0.5613970527849284,0.43860294721507165
0.5446828129425659,0.45531718705743424
0.6355995638491697,0.36440043615083034
0.6218216868541391,0.3781783131458608
0.8402807020870616,0.15971929791293837
0.5604016779759023,0.43959832202409765
0.843182301524372,0.15681769847562796
0.6507944437905598,0.34920555620944027
0.7258743275588867,0.2741256724411133
0.6387748295902006,0.3612251704097993
0.8651019771640258,0.13489802283597424
0.6941026586896616,0.30589734131033836
0.6854587664625343,0.31454123353746566
0.7120581318646416,0.28794186813535827
0.8257572036410368,0.17424279635896328
0.7110255917755814,0.28897440822441867
0.7228671156036247,0.27713288439637535
0.5801518720374795,0.41984812796252063
0.7878053752810751,0.2121946247189249
0.5537844206683789,0.44621557933162115
0.7315009086178506,0.2684990913821496
0.6562355718371717,0.3437644281628282
0.6786302083064153,0.3213697916935846
0.5918926014837131,0.40810739851628697
0.7877609689007378,0.2122390310992622
0.7056356117673387,0.2943643882326613
0.5411438110825871,0.4588561889174127
0.60783721831995,0.39216278168004987
0.7479055184111707,0.2520944815888294
0.6495251629190609,0.3504748370809391
0.4049444740680527,0.5950555259319473
0.7117208174443683,0.2882791825556317
0.5563927146254486,0.44360728537455135
0.7005254704825283,0.29947452951747167
0.4618861609756428,0.5381138390243573
0.8610118621123112,0.13898813788768888
0.7315139672253802,0.26848603277461963
0.46336014555438104,0.536639854445619
0.6419403022087435,0.35805969779125657
0.7790403013005225,0.2209596986994775
0.8609140607048152,0.13908593929518479
0.6900459652316434,0.30995403476835676
0.43788850507736615,0.5621114949226341
0.5753420673442159,0.42465793265578416
0.6508417184703013,0.3491582815296989
0.6355935484170914,0.36440645158290863
0.19375141762275833,0.8062485823772415
0.7798477150280722,0.22015228497192774
0.5115523203309313,0.48844767966906866
0.6396309372876107,0.36036906271238933
0.764260892804053,0.23573910719594707
0.6756013647724298,0.3243986352275701
0.7825089905285572,0.2174910094714429
0.789558451631213,0.2104415483687871
0.4196388685164347,0.5803611314835654
0.4408646194546496,0.5591353805453503
0.7825265805201929,0.21747341947980706
0.8679537429007059,0.13204625709929402
0.336146275752455,0.6638537242475451
0.5898790418494665,0.41012095815053345
0.7132454243663021,0.2867545756336978
0.6270153187661227,0.37298468123387735
0.3684508579019779,0.631549142098022
0.7005041425972183,0.29949585740278173
0.8394507732467414,0.16054922675325864
0.5652253114770248,0.434774688522975
0.7074675787121393,0.2925324212878608
0.6388259977047007,0.3611740022952993
0.6858482075299963,0.3141517924700036
0.5979276492657709,0.402072350734229
0.5040849246095307,0.4959150753904693
0.5,0.5
0.7042477655511976,0.29575223444880233
0.7613679021085797,0.23863209789142023
0.5752240683741893,0.42477593162581084
0.7816981923683747,0.21830180763162527
0.8221987761362575,0.17780122386374267
0.6311706772463412,0.3688293227536589
0.48351570990295945,0.5164842900970407
0.5707414164950424,0.42925858350495755
0.7483411404599809,0.25165885954001904
0.6647416427798299,0.33525835722017
0.7175485755395365,0.2824514244604635
0.6159628300705563,0.38403716992944376
0.6801812992148432,0.31981870078515706
0.715012746496752,0.28498725350324794
0.5696196627654545,0.4303803372345456
0.481827262909978,0.5181727370900221
0.6313950565580264,0.3686049434419734
0.7480641171488122,0.2519358828511877
0.7445530983547536,0.2554469016452465
0.7656051876590323,0.2343948123409678
0.4569986965358934,0.5430013034641066
0.7595315406068585,0.24046845939314154
0.33805275328598144,0.6619472467140186
0.6477437410554865,0.3522562589445135
0.42419793605945877,0.5758020639405412
0.6193459440693246,0.3806540559306753
0.789507694947195,0.21049230505280497
0.5938701208600465,0.40612987913995346
0.754478500370324,0.24552149962967598
0.7672938645648495,0.23270613543515056
0.3607960571675663,0.6392039428324336
0.6581727457085954,0.3418272542914044
0.4781071719069536,0.5218928280930464
0.6017772219162805,0.3982227780837195
0.5605532516604634,0.43944674833953656
0.3202370850695271,0.6797629149304728
0.49701926085817605,0.5029807391418241
0.7302915344739476,0.2697084655260523
0.6411614582954357,0.3588385417045643
0.570692528039217,0.429307471960783
0.5666249208152294,0.4333750791847706
0.7010116209580286,0.29898837904197145
0.6490420354526281,0.3509579645473719
0.6424289233261747,0.35757107667382526
0.6643881062479561,0.3356118937520439
0.5276399563511264,0.4723600436488736
0.7824493702995917,0.2175506297004082
0.7155650680489752,0.28443493195102476
0.7353686177452962,0.2646313822547038
0.6907684314460216,0.3092315685539783
0.5251782011839408,0.4748217988160593
0.7939348643897312,0.20606513561026882
0.6518783838514891,0.3481216161485106
0.7220646361913652,0.2779353638086349
0.863218776561644,0.13678122343835614
0.7617281300151038,0.2382718699848963
0.5250690633646314,0.4749309366353687
0.5340102251643278,0.4659897748356722
0.46640891377125143,0.5335910862287486
0.7533818029925607,0.2466181970074392
0.683007452670307,0.3169925473296929
0.38500066701454594,0.614999332985454
0.6874528772086448,0.3125471227913552
0.5440496107839802,0.4559503892160198
0.6917071511531148,0.3082928488468852
0.6333979861354669,0.3666020138645333
0.8709716623970923,0.1290283376029077
0.7291674120715286,0.27083258792847137
0.5311410874996717,0.4688589125003283
0.5355025617436885,0.4644974382563115
0.734414147577662,0.265585852422338
0.5763112409436246,0.4236887590563753
0.6507661338276676,0.34923386617233243
0.7129087300788638,0.28709126992113637
0.5633990751099031,0.436600924890097
0.4005773041163554,0.5994226958836447
0.5778834117350068,0.42211658826499326
0.7938363202156207,0.2061636797843793
0.4752266015880006,0.5247733984119993
0.7138064916399419,0.28619350836005797
0.7183093083436121,0.28169069165638794
0.6410589350608918,0.3589410649391081
0.5778615783303725,0.4221384216696275
0.5368427259293814,0.4631572740706186
0.5,0.5
0.5663380754802375,0.43366192451976243
0.5565319194493763,0.4434680805506237
0.46130754532064006,0.53869245467936
0.7117781366349863,0.2882218633650137
0.5206923107381993,0.47930768926180023
0.7238951162458075,0.27610488375419273
0.7559573661285733,0.24404263387142663
0.5482448972555325,0.45175510274446734
0.7300774869266566,0.2699225130733433
0.4032249927850054,0.5967750072149947
0.43807288649884907,0.561927113501151
0.23977934835293246,0.7602206516470678
0.9253334821423935,0.0746665178576065
0.5935882938833548,0.4064117061166452
0.698012570500129,0.301987429499871
0.7378134602402943,0.26218653975970563
0.41777305454367236,0.5822269454563276
0.5145732426953781,0.485426757304622
0.7017726280235628,0.2982273719764372
0.6319263506581764,0.3680736493418238
0.2698960103648617,0.7301039896351382
0.5584148588516641,0.44158514114833597
0.545540950143274,0.4544590498567261
0.4828114309793203,0.5171885690206797
0.34462332242063365,0.6553766775793664
0.5371896103024483,0.4628103896975517
0.5254130013953596,0.4745869986046404
0.658726187074473,0.341273812925527
0.5020576348331639,0.49794236516683615
0.5297161224830713,0.47028387751692863
0.48195464316453773,0.5180453568354623
0.6688797679319647,0.3311202320680354
0.7042489251045682,0.2957510748954318
0.7332331649939784,0.26676683500602166
0.6180631582637127,0.38193684173628734
0.7450808942631355,0.25491910573686444
0.5894949906729029,0.41050500932709716
0.7161799173011019,0.283820082698898
0.7249408958733808,0.2750591041266189
0.6526865074628814,0.3473134925371187
0.7115809798581003,0.28841902014189974
0.7895742217119138,0.2104257782880861
0.5436410907691814,0.4563589092308185
0.6664808724459498,0.3335191275540503
0.8186536928855945,0.1813463071144054
0.6396330918128152,0.3603669081871849
0.4938783660057039,0.5061216339942961
0.47966673191133397,0.520333268088666
0.7128505602792671,0.2871494397207328
0.7500747707358035,0.24992522926419644
0.6570638963134087,0.3429361036865913
0.6983433761973028,0.30165662380269714
0.6405408854675176,0.3594591145324824
0.5405869743845789,0.45941302561542113
0.5575922834509547,0.44240771654904526
0.6459700791023953,0.35402992089760477
0.6887120410316523,0.3112879589683477
0.6122421996434474,0.38775780035655266
0.7204569394097001,0.27954306059029993
0.5495341796244642,0.4504658203755358
0.5103524356777799,0.48964756432222006
0.41325716588572314,0.5867428341142769
0.7545459661169668,0.24545403388303327
0.748150723595153,0.25184927640484694
0.8260384273021484,0.17396157269785162
0.6795655924632882,0.3204344075367117
0.31795794040516623,0.6820420595948338
0.7240251308617898,0.2759748691382102
0.7674345915683191,0.23256540843168114
0.6669408705389875,0.33305912946101246
0.622315629416241,0.377684370583759
0.6294346936030336,0.3705653063969665
0.8905577428208883,0.10944225717911175
0.7034712544352647,0.29652874556473524
0.5768002614697758,0.42319973853022425
0.3066504233916999,0.6933495766083
0.7092875472734701,0.29071245272653
0.5216153278677954,0.4783846721322046
0.3713996474440259,0.6286003525559741
0.5218463401943082,0.478153659805692
0.7256685092005317,0.2743314907994683
0.6999460225615083,0.3000539774384918
0.7002032311790569,0.29979676882094314
0.5944100517290416,0.40558994827095834
0.757736136789074,0.24226386321092602
0.7190409688066584,0.28095903119334176
0.6296209771381358,0.37037902286186436
0.5217792561205432,0.4782207438794567
0.7411717169712195,0.2588282830287806
0.5568790443524632,0.44312095564753684
0.5034748725483138,0.49652512745168625
0.46678056721535355,0.5332194327846465
0.6157669103118241,0.38423308968817604
0.8312642530661888,0.16873574693381121
0.6610359832725565,0.3389640167274434
0.5829375270294008,0.4170624729705991
0.4639032121487988,0.5360967878512012
0.6884517781789048,0.31154822182109515
0.5835874929077015,0.4164125070922985
0.6625913732833031,0.33740862671669686
0.7136483483479801,0.28635165165201987
0.7494223310695686,0.2505776689304314
0.43943695384712517,0.5605630461528748
0.7190654228410684,0.28093457715893155
0.5908648212140647,0.4091351787859353
0.5812919719516865,0.4187080280483135
0.6375978684174577,0.36240213158254236
0.8225939288803432,0.1774060711196567
0.7463478320383347,0.2536521679616653
0.8371410465941536,0.16285895340584627
0.6533881484413353,0.34661185155866453
0.30643645702913636,0.6935635429708639
0.41808050041714107,0.5819194995828592
0.5785445374661837,0.4214554625338164
0.6111629757797071,0.388837024220293
0.7148582707499227,0.2851417292500772
0.7549089211362675,0.2450910788637325
0.7283047020223173,0.2716952979776826
0.5824479152774695,0.4175520847225305
0.7575057971906578,0.24249420280934214
0.5103918255123451,0.4896081744876549
0.710833656903484,0.28916634309651595
0.729649915791812,0.2703500842081881
0.8269020744437787,0.17309792555622144
0.5,0.5
0.41824607636513905,0.5817539236348609
0.6734622892605773,0.3265377107394226
0.6423179491164039,0.3576820508835962
0.3868535605941331,0.613146439405867
0.5777615914819791,0.42223840851802114
0.5095228399162565,0.4904771600837436
0.4824026732146944,0.5175973267853056
0.7650392570579237,0.2349607429420763
0.5480442306285747,0.45195576937142534
0.6711221567498303,0.32887784325016955
0.6987533531891035,0.3012466468108965
0.7658688218356252,0.23413117816437468
0.5374842731224339,0.46251572687756626
0.6598558511799248,0.34014414882007515
0.7920744016249068,0.20792559837509317
0.8985666925499849,0.10143330745001508
0.559299074002447,0.440700925997553
0.46274072675019967,0.5372592732498003
0.5709914979307487,0.42900850206925123
0.5179931360815723,0.4820068639184276
0.7614410835374029,0.23855891646259714
0.6346109352644465,0.36538906473555366
0.7666294675359611,0.233370532464039
0.6081296457243122,0.39187035427568756
0.7517337221192524,0.24826627788074776
0.740960600687186,0.2590393993128139
0.5916034769823305,0.4083965230176694
0.6564734647654425,0.3435265352345575
0.5706343132416957,0.42936568675830433
0.8401634059616391,0.15983659403836098
0.6699501846158599,0.3300498153841401
0.7345375037291885,0.26546249627081153
0.6418593556398603,0.35814064436013965
0.6427671637753695,0.3572328362246305
0.606835929308844,0.39316407069115594
0.5362707278241329,0.46372927217586724
0.5268563324908756,0.4731436675091243
0.6835620823318622,0.3164379176681376
0.8519705582940167,0.14802944170598326
0.6164521598516671,0.38354784014833276
0.5637784755817595,0.4362215244182405
0.6809717265906031,0.3190282734093967
0.6952422564452542,0.3047577435547457
0.5690567060017155,0.43094329399828435
0.6067206337866463,0.39327936621335363
0.4567326518476868,0.5432673481523133
0.5479120481509839,0.4520879518490161
0.5956858166974373,0.40431418330256286
0.6360903235314296,0.3639096764685703
0.6904869507998228,0.30951304920017714
0.6802342473988984,0.3197657526011015
0.7319481106325367,0.2680518893674633
0.6260384413630791,0.3739615586369208
0.7177733185025091,0.28222668149749086
0.6310911789437303,0.3689088210562697
0.7283859559076921,0.271614044092308
0.8365701104020942,0.16342988959790578
0.5359146311109547,0.4640853688890452
0.5531307065449663,0.4468692934550336
0.622449708506636,0.37755029149336405
0.47129636425191257,0.5287036357480875
0.6018588521365941,0.398141147863406
0.7884311970191936,0.21156880298080627
0.7740747924979,0.22592520750209996
0.5423875230137616,0.45761247698623836
0.631608887241154,0.3683911127588459
0.5383691363608921,0.461630863639108
0.5433787093278067,0.45662129067219337
0.535586208050235,0.46441379194976495
0.7486799852402989,0.25132001475970117
0.6379408108788321,0.3620591891211679
0.5915341973304749,0.40846580266952515
0.497551308375961,0.5024486916240389
0.888354099388346,0.11164590061165401
0.4252160099418017,0.5747839900581982
0.7173198780865452,0.2826801219134547
0.6881789221094411,0.311821077890559
0.41992426415253487,0.5800757358474652
0.7144017053107714,0.28559829468922876
0.44885614379396155,0.5511438562060386
0.6205316978922044,0.3794683021077957
0.6587197611328875,0.3412802388671125
0.5770599647493452,0.42294003525065493
0.6316655528591809,0.36833444714081914
0.6694183076159764,0.3305816923840236
0.5231364712835851,0.47686352871641485
0.6297054702575442,0.37029452974245575
0.8035528072758422,0.19644719272415784
0.5455419055357495,0.45445809446425045
0.48122164200138295,0.5187783579986168
0.48014972493394664,0.5198502750660534
0.8255827955625296,0.1744172044374705
0.695131154002025,0.3048688459979749
0.6820165072515582,0.3179834927484419
0.504635356906303,0.49536464309369715
0.6859130878003732,0.3140869121996268
0.6412156339119222,0.358784366088078
0.7568154106641595,0.24318458933584056
0.4746028273591156,0.5253971726408843
0.5202014386607757,0.47979856133922427
0.589693200807664,0.41030679919233604
0.7017934028827506,0.2982065971172494
0.629230480145087,0.37076951985491313
0.41020110537812793,0.5897988946218721
0.8328173994232749,0.16718260057672502
0.6202286510500601,0.37977134894993986
0.7895730210912844,0.2104269789087156
0.6406177573264329,0.3593822426735671
0.6836958505835607,0.3163041494164392
0.7200669235869764,0.2799330764130234
0.641832797822309,0.35816720217769105
0.5885803956362806,0.41141960436371927
0.6792978097461913,0.3207021902538088
0.38344796724670666,0.6165520327532933
0.7269313818370888,0.2730686181629112
0.6264341372247519,0.37356586277524806
0.6991546593912603,0.30084534060873996
0.5733492216301662,0.4266507783698339
0.7687204525046147,0.2312795474953851
0.5966454773476841,0.40335452265231586
0.6035227502393304,0.3964772497606697
0.5570748294398508,0.4429251705601492
0.7074188855997452,0.2925811144002549
0.6763591379783077,0.3236408620216923
0.6744354970148547,0.3255645029851454
0.5207666046416635,0.47923339535833664
0.4961944470415794,0.5038055529584206
0.7175844319990335,0.28241556800096634
0.6110426057986709,0.3889573942013291
0.6000875124719969,0.39991248752800296
0.565688826503849,0.4343111734961509
0.7397820352906471,0.260217964709353
0.7068625870438705,0.2931374129561296
0.6625338917581493,0.3374661082418507
0.7423926911448591,0.257607308855141
0.6582239246714032,0.34177607532859683
0.6459979094437623,0.35400209055623777
0.8281871845475766,0.1718128154524236
0.4791924175258184,0.5208075824741815
0.7429010348034382,0.257098965196562
0.39645962032113885,0.6035403796788611
0.46345377987397923,0.5365462201260208
0.7294513002886481,0.2705486997113517
0.40303699633757883,0.5969630036624209
0.6847177173733017,0.3152822826266982
0.36130180047515226,0.6386981995248477
0.5810819379277437,0.4189180620722564
0.7203543675197276,0.2796456324802724
0.6849096110038901,0.3150903889961098
0.7031682653573631,0.29683173464263696
0.868940646020083,0.13105935397991703
0.7281074561324694,0.27189254386753064
0.6161835549748494,0.3838164450251506
0.7240332193696499,0.2759667806303501
0.6361376493225176,0.3638623506774824
0.7189113989917533,0.2810886010082467
0.8472615176050705,0.15273848239492951
0.4062420392085571,0.5937579607914428
0.7906000394197121,0.20939996058028787
0.8522079542758451,0.14779204572415494
0.7560866327524025,0.24391336724759755
0.5802123502270009,0.41978764977299915
0.6901143041275964,0.3098856958724036
0.8170641304311479,0.18293586956885202
0.777338310017699,0.22266168998230093
0.6163136891738663,0.3836863108261336
0.5444856029489976,0.45551439705100233
0.6762108869439208,0.3237891130560791
0.6093700486755923,0.3906299513244077
0.5462421814742033,0.45375781852579666
0.6514458796348029,0.3485541203651971
0.5307426456993904,0.4692573543006095
0.7961464945572211,0.2038535054427789
0.7298181960378716,0.27018180396212843
0.736055839104613,0.2639441608953869
0.41783311563096276,0.5821668843690372
0.5775085209260189,0.42249147907398116
0.5,0.5
0.7766262721000858,0.2233737278999141
0.7851605163569634,0.21483948364303682
0.6420695103837908,0.3579304896162092
0.6226480292956554,0.37735197070434445
0.6682859310648878,0.3317140689351123
0.3144808599199074,0.6855191400800925
0.7169978429480753,0.28300215705192455
0.5117009181713098,0.4882990818286901
0.7561284671399795,0.24387153286002047
0.5256655643487481,0.474334435651252
0.5,0.5
0.5724099373148523,0.4275900626851477
0.7969892921571405,0.2030107078428595
0.6910711622385443,0.3089288377614559
0.5971991520399375,0.40280084796006255
0.6889883698446471,0.311011630155353
0.484576790696443,0.515423209303557
0.4698503316104187,0.5301496683895814
0.6562016403139924,0.3437983596860077
0.6275828260738978,0.37241717392610224
0.5572657705006467,0.44273422949935315
0.7662874670896825,0.23371253291031746
0.5136500360659333,0.48634996393406654
0.5338362081449555,0.46616379185504464
0.5439151163513186,0.4560848836486815
0.6553095193803619,0.34469048061963814
0.683606123337644,0.316393876662356
0.5465528938885439,0.4534471061114561
0.7809864073840129,0.21901359261598727
0.9405888020042283,0.05941119799577185
0.6973684779402849,0.302631522059715
0.4307066613365267,0.5692933386634733
0.3855939205417668,0.6144060794582332
0.7564209699893867,0.24357903001061357
0.499776604026556,0.500223395973444
0.8138780500697409,0.18612194993025913
0.7398193309227392,0.260180669077261
0.6246405792084424,0.37535942079155754
0.4635914580240758,0.5364085419759242
0.7464556520166025,0.2535443479833973
0.7407277312956977,0.2592722687043024
0.5406182006366198,0.4593817993633802
0.3674955737629446,0.6325044262370552
0.7858034533283879,0.21419654667161223
0.7507453349987455,0.24925466500125462
0.6232927176362216,0.3767072823637783
0.7293955927381519,0.2706044072618481
0.6435658396336597,0.35643416036634024
0.7155105959797481,0.28448940402025186
0.666185532676006,0.3338144673239939
0.6500375085965122,0.3499624914034878
0.66941801297335,0.3305819870266499
0.46391051703350467,0.5360894829664954
0.6734691070212233,0.32653089297877663
0.5697431154775937,0.43025688452240635
0.7472453938967879,0.25275460610321204
0.9192055952989873,0.08079440470101285
0.7528244792007439,0.2471755207992562
0.5800045914345473,0.4199954085654527
0.5413340273289297,0.45866597267107034
0.3611793535715306,0.6388206464284695
0.52107426281237,0.47892573718763004
0.5228599762050341,0.47714002379496595
0.7553418629203732,0.24465813707962702
0.8427373869587218,0.1572626130412782
0.568946459570235,0.4310535404297649
0.6801179663844485,0.3198820336155515
0.7043704931121989,0.29562950688780093
0.6845561810486056,0.31544381895139423
0.640635562563758,0.3593644374362422
0.546658185548603,0.453341814451397
0.5844262018259287,0.41557379817407125
0.6487962628040287,0.3512037371959713
0.4093094013421496,0.5906905986578506
0.5360700164218959,0.46392998357810394
0.7124200196499167,0.28757998035008303
0.6727551267355447,0.3272448732644552
0.6679973845747389,0.3320026154252609
0.47183951146856024,0.5281604885314399
0.6104234196087783,0.38957658039122167
0.4935078957388564,0.5064921042611437
0.4175695069134235,0.5824304930865765
0.6410945123061538,0.35890548769384617
0.7145362285934225,0.2854637714065776
0.5724669324297506,0.42753306757024956
0.5645335145342862,0.43546648546571376
0.7026628790442602,0.29733712095573966
0.6941590935904517,0.3058409064095482
0.8518249904945492,0.14817500950545093
0.64715199853865,0.3528480014613501
0.6809838215967673,0.31901617840323276
0.5,0.5
0.5829610838535035,0.4170389161464965
0.600647487778203,0.39935251222179713
0.548863286313526,0.451136713686474
0.83974232281543,0.16025767718456996
0.8677713682920586,0.13222863170794147
0.5932914603419891,0.40670853965801074
0.583608067449971,0.41639193255002926
0.45830954468417906,0.5416904553158209
0.6502551921787375,0.34974480782126277
0.7863400461877929,0.2136599538122071
0.6185614976819269,0.38143850231807297
0.6854823813685331,0.31451761863146677
0.6244817255805468,0.3755182744194531
0.7234650948900077,0.27653490510999235
0.4550592580493202,0.5449407419506799
0.596894983073523,0.40310501692647704
0.6579955316814949,0.34200446831850495
0.5817717277178981,0.4182282722821018
0.5043588956513327,0.49564110434866726
0.522407978032356,0.4775920219676439
0.7563659876621406,0.24363401233785933
0.5104218485595183,0.4895781514404817
0.451555956435343,0.548444043564657
0.5163983603597815,0.4836016396402187
0.5,0.5
0.7028939386642886,0.29710606133571144
0.6932548336999698,0.3067451663000301
0.6353671623925107,0.36463283760748927
0.3328042673540513,0.6671957326459487
0.5937975617121855,0.40620243828781466
0.46260184175091906,0.537398158249081
0.8129928847521363,0.1870071152478636
0.5565217997964438,0.4434782002035563
0.8093472427074813,0.19065275729251865
0.7895547015216378,0.21044529847836224
0.5700818112032784,0.42991818879672167
0.6071968085967123,0.3928031914032878
0.5536604097485619,0.4463395902514381
0.49950324120564227,0.5004967587943578
0.8167579367903651,0.18324206320963485
0.4865689416648127,0.5134310583351873
0.6005280896038395,0.3994719103961604
0.7602237868083777,0.23977621319162246
0.7205505134075808,0.2794494865924192
0.7491859545416347,0.2508140454583653
0.5016152655935051,0.49838473440649483
0.6516720115780125,0.34832798842198737
0.6213761411215422,0.3786238588784579
0.8442300021826299,0.15576999781737025
0.5472035663532571,0.4527964336467431
0.6571598602422845,0.34284013975771555
0.5975769821470569,0.40242301785294293
0.6361452653573104,0.3638547346426896
0.47791306731388444,0.5220869326861156
0.544253850872594,0.45574614912740596
0.5257580328730358,0.47424196712696415
0.6497172484076413,0.3502827515923587
0.44469317158570776,0.5553068284142921
0.8188557440857572,0.18114425591424274
0.8341965325420453,0.16580346745795446
0.659158191797028,0.3408418082029719
0.5357488094514846,0.4642511905485153
0.6188894948890712,0.38111050511092875
0.4640721457484975,0.5359278542515027
0.5472894134382229,0.45271058656177715
0.8320019345195692,0.1679980654804308
0.6586205953843827,0.3413794046156172
0.6134208617631415,0.38657913823685847
0.6374184435876766,0.36258155641232326
0.6854711684363639,0.31452883156363604
0.6374474678436252,0.3625525321563749
0.7532561228362554,0.2467438771637445
0.816862907521674,0.18313709247832596
0.5631038375171958,0.4368961624828043
0.6420967110382423,0.3579032889617577
0.45361513420588256,0.5463848657941174
0.6314633508841101,0.36853664911589007
0.7284578471720768,0.27154215282792316
0.6170797203759667,0.3829202796240334
0.7081733571666239,0.2918266428333763
0.7732904101630512,0.22670958983694872
0.5604121726783456,0.43958782732165447
0.4319150748207188,0.5680849251792813
0.3850016516454698,0.6149983483545303
0.7979824946563265,0.20201750534367344
0.6885472692476948,0.3114527307523051
0.536246273163726,0.46375372683627397
0.6428519659639288,0.3571480340360713
0.4900237865416037,0.5099762134583962
0.7638963899217944,0.23610361007820552
0.706279987350249,0.2937200126497508
0.5035551979911093,0.49644480200889063
0.5218870960515143,0.47811290394848593
0.6649849183036617,0.3350150816963382
0.6366777031009232,0.3633222968990769
0.6504867912425366,0.3495132087574634
0.3965597216670855,0.6034402783329145
0.6035780509325457,0.3964219490674544
0.5773105308226358,0.42268946917736416
0.4918833720898256,0.5081166279101744
0.6925413662545291,0.3074586337454709
0.6182675277812943,0.3817324722187057
0.7360814018592099,0.2639185981407901
0.6062378052804718,0.39376219471952845
0.5546159851272295,0.44538401487277046
0.736406321425928,0.26359367857407195
0.6057696667346046,0.39423033326539536
0.6151987297121612,0.3848012702878387
0.5807181025053101,0.41928189749468997
0.6370808896527808,0.3629191103472192
0.7036422505963805,0.2963577494036195
0.4985396978225945,0.5014603021774054
0.5199682524287993,0.48003174757120065
0.4842302713182433,0.5157697286817567
0.8318013914844651,0.16819860851553492
0.609039696661539,0.390960303338461
0.6909462465144037,0.30905375348559627
0.6033494959484397,0.3966505040515603
0.5219562722578645,0.47804372774213544
0.7312785522225093,0.2687214477774908
0.681357917584015,0.318642082415985
0.7489647791220336,0.2510352208779663
0.5778850987553596,0.42211490124464035
0.8401395619314144,0.15986043806858583
0.582453743146693,0.41754625685330704
0.48035963682308797,0.5196403631769121
0.6960956059152011,0.3039043940847988
0.6595258120557698,0.3404741879442303
0.752527135435966,0.24747286456403403
0.6017509848064594,0.3982490151935406
0.6302129564823393,0.36978704351766056
0.7231788036789597,0.2768211963210404
0.6861153859986717,0.3138846140013281
0.704247032248297,0.29575296775170296
0.5325051309569223,0.4674948690430777
0.37803997866869404,0.6219600213313059
0.7678468387559779,0.2321531612440221
0.434807730260439,0.5651922697395609
0.5448797513933756,0.45512024860662426
0.8170734333005099,0.1829265666994901
0.35229132384081313,0.6477086761591869
0.6513867958842632,0.348613204115737
0.5000528117993017,0.4999471882006982
0.49557029998343055,0.5044297000165693
0.7572239145709343,0.24277608542906562
0.7992652260129288,0.20073477398707104
0.6816279022148737,0.3183720977851263
0.794478333019595,0.20552166698040505
0.4889028179713881,0.511097182028612
0.6539736176289752,0.3460263823710248
0.6875635424108133,0.31243645758918653
0.5628364437339163,0.43716355626608394
0.5596651174364803,0.4403348825635197
0.8096410961482243,0.19035890385177584
0.5768449618209778,0.4231550381790222
0.6744546204615798,0.3255453795384202
0.36016878315019935,0.6398312168498006
0.7967182316364443,0.20328176836355558
0.6898084408363924,0.3101915591636075
0.48578911194691204,0.5142108880530879
0.6314301305458958,0.3685698694541043
0.715298429688103,0.28470157031189686
0.6202369090481572,0.37976309095184274
0.45897151935607583,0.5410284806439241
0.611361974092019,0.388638025907981
0.4959774374949459,0.5040225625050542
0.376850346463887,0.623149653536113
0.37647936855574266,0.6235206314442574
0.6553318126837604,0.3446681873162394
0.5577138276725399,0.44228617232746015
0.7149736337163922,0.2850263662836077
0.5691295529407769,0.43087044705922306
0.48852037253330366,0.5114796274666964
0.6766539241358958,0.3233460758641043
0.7618536338432874,0.2381463661567126
0.8837635578967002,0.1162364421032999
0.4834378188542392,0.5165621811457608
0.6618651613593105,0.3381348386406895
0.73961691152362,0.2603830884763798
0.44497992151459215,0.5550200784854079
0.731910239888581,0.268089760111419
0.7119455169610464,0.28805448303895353
0.3235147162181555,0.6764852837818446
0.8682671705477429,0.13173282945225712
0.5727731052397624,0.4272268947602376
0.6202742346112958,0.3797257653887043
0.6388861378385577,0.3611138621614422
0.67395318909191,0.32604681090808985
0.7315180104618235,0.2684819895381766
0.7757603363525148,0.22423966364748513
0.7464510558199842,0.253548944180016
0.5735587320542508,0.42644126794574927
0.7205909793103076,0.2794090206896925
0.6151021001767952,0.3848978998232048
0.5014122155291272,0.4985877844708728
0.7677022886323308,0.23229771136766925
0.6380035107655116,0.36199648923448835
0.5143384878102396,0.4856615121897605
0.5904889964384704,0.4095110035615296
0.7322775946579816,0.2677224053420183
0.775804718679651,0.22419528132034902
0.8073078107322098,0.19269218926779005
0.4083513279921961,0.5916486720078039
0.6093158373713308,0.3906841626286692
0.460354245855084,0.539645754144916
0.7157055024979219,0.28429449750207836
0.2928967550674602,0.7071032449325396
0.8105546960804807,0.18944530391951914
0.6370814637156311,0.3629185362843688
0.6534282890496246,0.3465717109503756
0.8148535640161756,0.18514643598382438
0.5979952143996216,0.4020047856003785
0.5615566989208162,0.43844330107918383
0.6643984742248532,0.3356015257751467
0.5436676112302736,0.45633238876972654
0.34585529665055076,0.6541447033494492
0.7565450799999004,0.2434549200000997
0.7471246634539086,0.2528753365460914
0.5303786150465981,0.4696213849534019
0.7747600813612227,0.22523991863877738
0.7530072550936838,0.24699274490631615
0.6952954515697937,0.3047045484302063
0.81471972881517,0.18528027118483004
0.7569222046354906,0.2430777953645092
0.721190344600196,0.2788096553998039
0.5215030602353558,0.4784969397646444
0.7245736445124578,0.2754263554875422
0.7047221341388317,0.2952778658611684
0.39479799929753795,0.6052020007024621
0.6172166514232795,0.3827833485767204
0.4207097373995331,0.5792902626004668
0.48444339493550637,0.5155566050644936
0.697285544438527,0.3027144555614731
0.6766704622253759,0.3233295377746242
0.7346811297433546,0.26531887025664525
0.6951511472312303,0.3048488527687696
0.6493586297436726,0.35064137025632724
0.5610740729511196,0.4389259270488805
0.37346623405746476,0.6265337659425352
0.5024576907716835,0.4975423092283165
0.5974034758905689,0.4025965241094309
0.6682548415773666,0.33174515842263336
0.4844345491158361,0.5155654508841641
0.6108178014985927,0.3891821985014073
0.6531340498462578,0.3468659501537423
0.5743985772132874,0.42560142278671265
0.5432328373940885,0.45676716260591166
0.5140446055725973,0.48595539442740265
0.5371535296742953,0.46284647032570453
0.6783636928833153,0.32163630711668484
0.48132325404314874,0.5186767459568513
0.6769587111952138,0.3230412888047861
0.6678007521181372,0.3321992478818628
0.698191174760739,0.30180882523926095
0.39965542920578073,0.6003445707942192
0.5386800192252076,0.4613199807747926
0.7579807286960997,0.24201927130390033
0.7092091714969447,0.29079082850305527
0.6417820432025454,0.35821795679745466
0.5903780032874374,0.4096219967125627
0.5622125220854763,0.4377874779145236
0.5131496136504363,0.48685038634956374
0.6516420543143573,0.34835794568564266
0.8041690101232544,0.1958309898767456
0.42974329542155826,0.5702567045784416
0.39427248892763905,0.6057275110723609
0.8558897326972159,0.14411026730278428
0.7022061830960464,0.2977938169039533
0.7075879540426728,0.29241204595732684
0.8259143694340574,0.17408563056594267
0.542982346358882,0.45701765364111796
1.0,5.551115123125783e-17
0.4071082902214826,0.5928917097785177
0.6419791032976743,0.35802089670232573
0.856141240815847,0.14385875918415308
0.5195812430924607,0.48041875690753927
0.6253147886247515,0.3746852113752485
0.4841239216337573,0.5158760783662428
0.6394519844541636,0.3605480155458362
0.7619180864803454,0.2380819135196546
0.7457650867134902,0.25423491328650955
0.48276345176149776,0.5172365482385022
0.7263547886582252,0.27364521134177483
0.7613397227488738,0.2386602772511261
0.3670765782364416,0.6329234217635585
0.7085426371308255,0.29145736286917434
0.7334486578518242,0.26655134214817583
0.6598925137096096,0.34010748629039045
0.703574663424867,0.29642533657513315
0.6282706696247142,0.3717293303752858
0.7088769547971916,0.2911230452028083
0.6160179823574244,0.3839820176425754
0.615826191536212,0.3841738084637881
0.6643051268948515,0.3356948731051485
0.608825126577687,0.3911748734223131
0.8056545928144304,0.1943454071855696
0.8343275739085972,0.16567242609140284
0.7957983958744488,0.20420160412555124
0.7228292459901215,0.27717075400987834
0.5653856005244425,0.43461439947555747
0.8197246700060996,0.18027532999390045
0.5727506847932421,0.42724931520675796
0.5702957240222114,0.42970427597778854
0.7160478556869783,0.28395214431302174
0.6157730192852862,0.38422698071471373
0.6060798856887474,0.3939201143112527
0.6267834678322405,0.3732165321677595
0.40297836148377014,0.5970216385162297
0.41779978764900216,0.5822002123509978
0.8116361581347167,0.18836384186528346
0.4093052776048003,0.5906947223951997
0.656956976375102,0.343043023624898
0.7877716754018007,0.21222832459819924
0.670533537515184,0.3294664624848159
0.524200188932055,0.475799811067945
0.6750514663739084,0.3249485336260916
0.661797862538659,0.3382021374613409
0.7870195685326883,0.21298043146731188
0.7264533086621592,0.27354669133784065
0.693626967396472,0.30637303260352816
0.6256043400237709,0.37439565997622926
0.7589208036213869,0.2410791963786132
0.5558522805718137,0.4441477194281864
0.6816748416312797,0.3183251583687202
0.6819960347387964,0.3180039652612035
0.6120296062597599,0.38797039374024
0.5697854889204259,0.4302145110795741
0.7160006444712629,0.28399935552873706
0.6682487140484386,0.33175128595156156
0.8590943455932422,0.14090565440675784
0.6444389572251775,0.3555610427748225
0.5666402771970245,0.4333597228029755
0.6338079199964217,0.36619208000357834
0.31608234631239307,0.6839176536876067
0.7165780278359616,0.2834219721640383
0.5867668499702381,0.4132331500297618
0.7165265914774855,0.28347340852251446
0.5636718469637145,0.43632815303628547
0.5359555556343664,0.4640444443656337
0.7707409512149254,0.2292590487850747
0.4208414457370672,0.579158554262933
0.23250377300420538,0.7674962269957948
0.5239190624220819,0.47608093757791803
0.7358116096993697,0.2641883903006304
0.6304805799089368,0.36951942009106326
0.4100354483576903,0.5899645516423098
0.6250669217771386,0.3749330782228615
0.7846205290043171,0.21537947099568297
0.5,0.5
0.5930366591600894,0.4069633408399103
0.445564936951448,0.554435063048552
0.7039656786257109,0.2960343213742892
0.43060270224456776,0.5693972977554321
0.479570451896019,0.5204295481039811
0.5951071451269823,0.40489285487301785
0.6640530196772356,0.3359469803227645
0.47948634829090675,0.5205136517090931
0.4330090767680623,0.5669909232319379
0.7385577861169773,0.26144221388302225
0.6546728936313917,0.34532710636860825
0.5824353651163559,0.4175646348836442
0.5217970422267583,0.4782029577732417
0.7282821816237478,0.27171781837625253
0.5891469917106534,0.4108530082893466
0.5561260323091735,0.4438739676908265
0.6835528717012853,0.31644712829871463
0.6877904681118576,0.3122095318881424
0.6384328791753603,0.3615671208246398
0.7337355307072176,0.2662644692927822
0.6434268501558497,0.35657314984415034
0.5773454652577605,0.4226545347422395
0.3944545094597633,0.6055454905402368
0.6651956731921496,0.3348043268078504
0.46540968755375245,0.5345903124462477
0.6266423430450626,0.37335765695493744
0.42683733616034425,0.5731626638396555
0.6167967220529298,0.38320327794707015
0.5213819761298133,0.47861802387018676
0.8456886774712552,0.15431132252874472
0.8015934562980234,0.19840654370197683
0.6365157136705518,0.3634842863294483
0.3136333534651715,0.6863666465348284
0.38077792805545857,0.6192220719445413
0.652006512817184,0.347993487182816
0.6740923301362426,0.3259076698637572
0.38478726516709366,0.6152127348329065
0.8887607613940175,0.11123923860598232
0.6698359276061365,0.3301640723938635
0.5992203400966783,0.4007796599033217
0.8041548338707366,0.19584516612926353
0.7992007475422297,0.20079925245777014
0.7196294025827971,0.280370597417203
0.7142151737149819,0.28578482628501817
0.6988822604525593,0.3011177395474408
0.766435122897081,0.2335648771029188
0.8003655862321108,0.19963441376788912
0.6843280427597365,0.31567195724026337
0.5609562237078255,0.4390437762921745
0.5089254759323005,0.4910745240676995
0.6423348524130111,0.35766514758698903
0.6516724966713988,0.34832750332860124
0.7218285484094875,0.2781714515905126
0.6649698814886644,0.3350301185113357
0.48441742024915146,0.5155825797508485
0.5287998327937318,0.4712001672062682
0.41221588561481454,0.5877841143851854
0.35328896897381257,0.6467110310261873
0.5758503367641298,0.42414966323587017
0.7478105148597027,0.2521894851402971
0.28599998670552507,0.7140000132944748
0.6006658588627752,0.39933414113722476
0.6991892369872277,0.3008107630127723
0.44879078097191566,0.5512092190280844
0.7103115495806183,0.2896884504193819
0.5603128776762566,0.4396871223237434
0.6211365819896758,0.3788634180103241
0.5837905764231509,0.416209423576849
0.577956061102613,0.4220439388973871
0.5940499498323745,0.4059500501676256
0.5315714579987857,0.46842854200121425
0.5,0.5
0.38806800628927085,0.611931993710729
0.5861069999285831,0.4138930000714171
0.6419177097238346,0.35808229027616545
0.52633428785362,0.47366571214637987
0.5825895699489773,0.41741043005102263
0.7283608369186205,0.27163916308137953
0.6467832050563188,0.35321679494368124
0.6253018453717232,0.3746981546282769
0.526871214358951,0.47312878564104893
0.6031292854961626,0.3968707145038375
0.6062377951191145,0.39376220488088537
0.5698310663327445,0.4301689336672555
0.6952533950924531,0.3047466049075468
0.7187698289784592,0.2812301710215407
0.7854312584280394,0.21456874157196065
0.7781784064517596,0.22182159354824035
0.7532047114181359,0.24679528858186417
0.45795802474590125,0.5420419752540989
0.7163525094019461,0.28364749059805383
0.647335634982988,0.352664365017012
0.6930103961858344,0.30698960381416573
0.6430031012745141,0.356996898725486
0.5165362847253352,0.48346371527466503
0.6311485951974601,0.36885140480253986
0.5287359097552133,0.4712640902447867
0.5893111720030196,0.41068882799698053
0.22791809709102084,0.7720819029089794
0.7060344198496069,0.2939655801503931
0.641243484888279,0.3587565151117209
0.7428475377227213,0.25715246227727884
0.6217095259834341,0.378290474016566
0.46428036550697876,0.5357196344930212
0.6311547931297782,0.368845206870222
0.44300263576838045,0.5569973642316195
0.8482935343471953,0.15170646565280482
0.6249999342476504,0.3750000657523495
0.5,0.5
0.7215411352781703,0.2784588647218296
0.7946091445307629,0.20539085546923705
0.5894499205261119,0.4105500794738883
0.754554733623686,0.24544526637631392
0.7469504938863607,0.2530495061136391
0.5060559368087815,0.4939440631912185
0.5353129933914424,0.4646870066085577
0.7353827149649833,0.26461728503501675
0.7012683146073667,0.29873168539263323
0.6141708144356728,0.38582918556432727
0.5872137218433504,0.41278627815664964
0.7052740806000273,0.2947259193999728
0.47911134283617124,0.5208886571638287
0.7528960537426536,0.24710394625734636
0.6316703698521724,0.36832963014782744
0.4951730175292463,0.5048269824707536
0.3376033362245855,0.6623966637754142
0.668546199910486,0.33145380008951414
0.7029675687138344,0.2970324312861657
0.603696865209756,0.396303134790244
0.5762379391356656,0.4237620608643345
0.8142014483094391,0.18579855169056106
0.39620945859561163,0.6037905414043884
0.6273164187717514,0.37268358122824863
0.7842357758213979,0.2157642241786021
0.5066919422359266,0.4933080577640732
0.6003331813595522,0.3996668186404479
0.8611607985564471,0.13883920144355277
0.5462908459370439,0.45370915406295614
0.6499637025869901,0.35003629741300996
0.6173938382124744,0.3826061617875255
0.7045348379776347,0.2954651620223653
0.7605290148354704,0.23947098516452947
0.5,0.5
0.5788540324062676,0.4211459675937323
0.5018635717478191,0.49813642825218096
0.6701320667448901,0.32986793325510994
0.4828000560786314,0.5171999439213686
0.44350115797384176,0.5564988420261582
0.6104297851485287,0.3895702148514713
0.7304097506559831,0.2695902493440169
0.5607805613528214,0.4392194386471787
0.7084201684086054,0.29157983159139467
0.8923763849345238,0.10762361506547638
0.4638707755095033,0.5361292244904966
0.7480079259288598,0.2519920740711402
0.43719611880115117,0.5628038811988487
0.7600615209717246,0.23993847902827548
0.6830397815409562,0.3169602184590437
0.5694323797598232,0.43056762024017686
0.3561282165866624,0.6438717834133376
0.49532405010849095,0.504675949891509
0.5196459418838103,0.48035405811618964
0.6993684317462794,0.30063156825372067
0.6185310607657799,0.3814689392342202
0.43262500755400285,0.5673749924459971
0.5536374918763535,0.44636250812364653
0.5318075282930226,0.4681924717069774
0.47823699387202445,0.5217630061279754
0.5939230154075998,0.4060769845924001
0.5578703374275936,0.4421296625724063
0.5884531180361121,0.4115468819638879
0.610374633910962,0.38962536608903786
0.555918273175028,0.44408172682497205
0.5729161515749472,0.42708384842505287
0.591514556668651,0.4084854433313489
0.5174349433282663,0.4825650566717335
0.7711164367542003,0.22888356324579961
0.5296922504327426,0.47030774956725746
0.6390476723211895,0.36095232767881047
0.6990010574100861,0.300998942589914
0.6468812261739009,0.35311877382609924
0.4927740825413074,0.5072259174586926
0.5939663902124198,0.4060336097875802
0.48211204563454246,0.5178879543654575
0.7962785363634568,0.2037214636365433
0.5571656414279758,0.4428343585720242
0.44590590496263427,0.5540940950373656
0.3993061017460866,0.6006938982539133
0.5824224211886634,0.41757757881133656
0.8371135717880989,0.16288642821190102
0.4419288844218513,0.5580711155781487
0.6014788365556558,0.3985211634443442
0.6310118933037895,0.36898810669621046
0.7137968890480936,0.28620311095190654
0.6583628278643282,0.3416371721356719
0.6181017163913706,0.3818982836086295
0.5265176046825317,0.47348239531746833
0.49018870363928146,0.5098112963607185
0.5105193840570927,0.48948061594290726
0.7714974159883554,0.22850258401164458
0.6984114080803696,0.3015885919196304
0.7330665731429165,0.26693342685708354
0.3194364505222361,0.6805635494777639
0.7499250753753589,0.250074924624641
0.2722338508944318,0.7277661491055681
0.6479863656299261,0.352013634370074
0.7077971018396038,0.2922028981603962
0.6028555864230932,0.3971444135769068
0.5424739693399212,0.4575260306600787
0.429662589875742,0.570337410124258
0.6191643479885314,0.3808356520114686
0.7261303617559904,0.2738696382440096
0.7734693393030502,0.22653066069694971
0.7860374677111831,0.21396253228881698
0.6266309132581228,0.37336908674187713
0.32940570115253626,0.6705942988474637
0.456911912419698,0.5430880875803021
0.5995206222732389,0.4004793777267611
0.8123946509001816,0.18760534909981844
0.6513929318029476,0.3486070681970526
0.6355049430931651,0.36449505690683487
0.6361559741054663,0.3638440258945337
0.3457796319945137,0.6542203680054864
0.5765809916082115,0.4234190083917884
0.638918557631392,0.3610814423686079
0.6641907909467931,0.3358092090532067
0.7421083014729112,0.2578916985270889
0.5592735606368165,0.44072643936318334
0.7098911145460992,0.2901088854539008
0.7471102656663924,0.2528897343336076
0.6381936319020273,0.36180636809797273
0.3898691375245234,0.6101308624754765
0.5311887980005553,0.46881120199944487
0.5895792652952238,0.4104207347047762
0.5697582053850091,0.4302417946149908
0.48885790748087216,0.5111420925191279
0.7924415690070866,0.2075584309929134
0.8702751266504366,0.12972487334956337
0.6570522720058906,0.34294772799410955
0.35160945291456097,0.648390547085439
0.5011725192926632,0.498827480707337
0.42234936355185787,0.577650636448142
0.6309320106118781,0.36906798938812196
0.819983479986586,0.18001652001341395
0.6524910062511123,0.3475089937488876
0.4576905074084075,0.5423094925915924
0.4550171768790094,0.5449828231209907
0.4239848106362138,0.5760151893637862
0.5879719566262833,0.4120280433737167
0.6748371415558808,0.3251628584441193
0.8066740783990827,0.19332592160091736
0.6528220768421328,0.34717792315786716
0.8211251596410923,0.17887484035890755
0.39615128234229996,0.6038487176577002
0.6123384699812628,0.3876615300187373
0.616098468761351,0.38390153123864884
0.4191696803306745,0.5808303196693257
0.7551821449338578,0.2448178550661422
0.6423750305510135,0.3576249694489864
0.5526645540791013,0.44733544592089863
0.717117724043871,0.2828822759561292
0.5,0.5
0.7669308239340379,0.2330691760659623
0.678333877005814,0.32166612299418607
0.6439056777518843,0.35609432224811577
0.7081586336846096,0.2918413663153901
0.6412045551064105,0.3587954448935896
0.758379013244118,0.24162098675588195
0.62130445617738,0.37869554382262005
0.8321973114464183,0.16780268855358177
0.5882127263758947,0.4117872736241051
0.7886571070446672,0.21134289295533268
0.6018062642692924,0.39819373573070765
0.5203255905751385,0.47967440942486167
0.5470039397807757,0.4529960602192244
0.889090943093697,0.11090905690630287
0.5589334296686685,0.44106657033133145
0.5046657564915321,0.49533424350846783
0.46171175776551465,0.5382882422344853
0.3888603330779208,0.6111396669220792
0.7401654151081878,0.25983458489181205
0.5453178594724821,0.4546821405275179
0.7751868162259989,0.22481318377400092
0.6097044651083526,0.39029553489164737
0.5761443846068794,0.42385561539312044
0.5,0.5
0.5769230221265184,0.42307697787348164
0.779735212356299,0.22026478764370097
0.7190393529931335,0.2809606470068667
0.6585000929038134,0.3414999070961866
0.5311409929465544,0.4688590070534456
0.7059713288734774,0.29402867112652253
0.5624194013721289,0.4375805986278711
0.5652974850736098,0.4347025149263903
0.8033449914875961,0.19665500851240394
0.7849571735175257,0.21504282648247436
0.5238813353609726,0.47611866463902736
0.5467875556700714,0.4532124443299285
0.7426554418162393,0.25734455818376073
0.7793575062503539,0.22064249374964595
0.6800134283015768,0.3199865716984231
0.5482473529704704,0.45175264702952944
0.7934430963386948,0.2065569036613051
0.6454699574553948,0.35453004254460513
0.7101329356618667,0.28986706433813325
0.8387994082116356,0.1612005917883644
0.6333809429511194,0.36661905704888065
0.6581794107904495,0.3418205892095505
0.6747392844004149,0.32526071559958525
0.47214851505383887,0.5278514849461612
0.6257322029525509,0.3742677970474492
0.7359467350415755,0.2640532649584244
0.6747483982670863,0.3252516017329137
0.6590725271506253,0.3409274728493747
0.6516717479518007,0.3483282520481992
0.7000483085807119,0.2999516914192882
0.6017439715694658,0.39825602843053404
0.5780264772500098,0.42197352274999034
0.4031585361808538,0.5968414638191462
0.6354313624080372,0.36456863759196273
0.44707019076341864,0.5529298092365813
0.7642127129093633,0.23578728709063673
0.5612740249618421,0.43872597503815786
0.5562540165821859,0.44374598341781424
0.6343494119986396,0.3656505880013605
0.5326351855884743,0.4673648144115256
0.737040819523199,0.262959180476801
0.48657800616816105,0.5134219938318391
0.3979747452402247,0.6020252547597751
0.6200752201129717,0.37992477988702844
0.5676585192074072,0.43234148079259277
0.7741533137163963,0.22584668628360371
0.5951024683750802,0.40489753162492
0.48468128722833886,0.5153187127716611
0.7550459149356475,0.24495408506435254
0.6156830135065453,0.38431698649345464
0.6531231589915291,0.3468768410084709
0.7179689109362106,0.2820310890637893
0.4522649458556237,0.5477350541443763
0.6719120552322009,0.3280879447677989
0.7168018167370971,0.2831981832629029
0.7986372115513476,0.20136278844865235
0.6856999087237531,0.3143000912762469
0.30863520221097257,0.6913647977890274
0.5,0.5
0.6916907476078424,0.30830925239215756
0.746176322723244,0.2538236772767561
0.6405902065005834,0.3594097934994164
0.5806983521674343,0.41930164783256585
0.7948961506155617,0.20510384938443826
0.6603413199074551,0.3396586800925448
0.6167925883898923,0.3832074116101077
0.6015068519213099,0.39849314807869024
0.6923367394547217,0.30766326054527815
0.50796685223302,0.49203314776698
0.3604550538584591,0.6395449461415409
0.6115012897758235,0.38849871022417654
0.7449682155616145,0.25503178443838537
0.575865836708502,0.42413416329149806
0.6318029951167061,0.3681970048832939
0.3975815908903268,0.6024184091096733
0.41369629166017957,0.5863037083398205
0.6894651791443778,0.3105348208556224
0.707821437345611,0.29217856265438896
0.743655573541783,0.25634442645821687
0.4824587512505735,0.5175412487494264
0.695104063833849,0.304895936166151
0.585705412622323,0.414294587377677
0.493715959275336,0.5062840407246638
0.5927935561699291,0.4072064438300709
0.5306739341671138,0.46932606583288633
0.6269967445927888,0.3730032554072113
0.5566762026238917,0.4433237973761081
0.5161826870435398,0.48381731295646013
0.631608008244895,0.36839199175510495
0.37076388292878965,0.6292361170712102
0.556844088768476,0.4431559112315241
0.6977368850965208,0.302263114903479
0.7193354737673215,0.28066452623267835
0.4011485821432663,0.5988514178567336
0.39729949516504,0.6027005048349598
0.5660915702246879,0.43390842977531224
0.7709099408292494,0.22909005917075057
0.7469179713801101,0.25308202861988977
0.5503137469461489,0.449686253053851
0.43098688918262323,0.5690131108173766
0.5687708575981189,0.43122914240188126
0.6212860993453109,0.37871390065468896
0.6600945877405024,0.3399054122594977
0.7420206092538812,0.2579793907461187
0.5423253969469514,0.4576746030530484
0.7018395407588548,0.29816045924114537
0.6642862574285012,0.33571374257149866
0.5481822760824494,0.4518177239175507
0.6943380091736551,0.3056619908263449
0.6260704332274182,0.37392956677258155
0.4087463421589332,0.5912536578410669
0.3060527612576477,0.6939472387423523
0.6637315446308314,0.33626845536916883
0.8039570716194899,0.19604292838051
0.8784941100701857,0.12150588992981434
0.4853534773937909,0.5146465226062091
0.6489174271798531,0.351082572820147
0.569574551115306,0.4304254488846941
0.30352822249276606,0.6964717775072341
0.8105844045685325,0.18941559543146747
0.7222060871462335,0.2777939128537666
0.6216319543537453,0.3783680456462546
0.8448727648633445,0.15512723513665547
0.6901740261223069,0.3098259738776931
0.6673168274932072,0.33268317250679275
