CT-8.2,CT-3
0.7263992761231819,0.27360072387681805
0.8381386044965365,0.16186139550346346
0.8605381972269901,0.13946180277301004
0.9251881894127394,0.07481181058726065
0.9324110409716879,0.06758895902831195
0.8167252753314651,0.1832747246685349
0.9350932062020677,0.06490679379793222
0.806449648183801,0.19355035181619898
0.9458177807375573,0.054182219262442724
0.8492879923407403,0.1507120076592598
0.7684994612900992,0.23150053870990064
0.8998792087151363,0.10012079128486383
0.8470417016476146,0.1529582983523854
0.9660455980590112,0.03395440194098891
0.9746766417393417,0.025323358260658287
0.9671496331401436,0.03285036685985645
0.9197138559738102,0.08028614402618987
0.8628267065236211,0.1371732934763788
0.833820260350417,0.16617973964958302
0.7522633021443977,0.24773669785560234
0.8068338473406514,0.1931661526593486
0.9323637884356999,0.06763621156430014
0.7737203546727076,0.22627964532729258
0.8087335640920127,0.1912664359079873
0.7831081038919264,0.21689189610807358
0.916464789407937,0.083535210592063
0.9249240411455619,0.07507595885443799
0.7770007018765365,0.2229992981234631
0.8435996728101249,0.15640032718987515
0.9282819476109219,0.0717180523890782
0.8877258552343412,0.1122741447656588
0.7893278025187594,0.21067219748124053
0.9237209953847492,0.0762790046152508
0.8357655773751309,0.16423442262486906
0.9133721113088165,0.08662788869118354
1.0,0.0
0.9006539199983511,0.09934608000164898
0.8219579231875641,0.1780420768124359
0.8150583930442541,0.18494160695574582
0.8313604441413954,0.16863955585860452
0.76846306715531,0.23153693284469
0.9449178628872361,0.055082137112763906
0.8058189996051758,0.19418100039482414
0.9087552934309624,0.09124470656903767
0.8387069112475425,0.16129308875245751
0.7545913715576796,0.24540862844232025
0.9020516134595178,0.09794838654048213
0.964117577173827,0.035882422826173044
0.8381399663757545,0.16186003362424572
0.8588023717508748,0.14119762824912513
0.8262597875833583,0.17374021241664178
0.8776742384079422,0.12232576159205792
0.8935301824084468,0.10646981759155325
0.9159022673267038,0.08409773267329629
0.9109343725045046,0.0890656274954955
0.9389667119252583,0.06103328807474184
0.9496848900025411,0.050315109997459154
0.9253319808822371,0.07466801911776295
0.8686913640282509,0.1313086359717492
0.8106626718091223,0.18933732819087773
0.8588803374523127,0.1411196625476871
0.8197376884814399,0.18026231151856012
0.84331602184647,0.1566839781535301
0.9201366883729686,0.07986331162703154
0.7847599381670842,0.21524006183291575
0.8810569178876042,0.11894308211239579
0.8475445203909089,0.1524554796090912
0.8533272989816373,0.14667270101836283
0.904901974728622,0.09509802527137799
0.7551026046652639,0.2448973953347362
0.8038755675152123,0.1961244324847878
0.8345432951462659,0.1654567048537339
0.8663136622218529,0.13368633777814712
0.8421103181437136,0.1578896818562865
0.9078659823968583,0.09213401760314176
0.9373412429477116,0.06265875705228845
0.7634706100251809,0.23652938997481907
0.8980928981414457,0.10190710185855421
0.7401374561174247,0.2598625438825755
0.7627698715368397,0.23723012846316013
0.8859298647934438,0.11407013520655625
0.8880011173258922,0.11199888267410789
0.8093548274085349,0.1906451725914651
0.9246414294674674,0.07535857053253257
0.9657620650647666,0.0342379349352334
0.81288180253861,0.1871181974613901
0.8175602372466416,0.18243976275335838
0.8769651768612426,0.12303482313875723
0.7287734088222468,0.2712265911777533
0.8791436464676886,0.12085635353231144
0.837259867274035,0.16274013272596505
0.7746094245856973,0.2253905754143027
0.897605531425728,0.10239446857427206
0.827548990557631,0.17245100944236896
0.843615641418749,0.15638435858125108
0.9529375326230028,0.04706246737699724
0.7940018776754628,0.2059981223245371
0.7467979362615945,0.2532020637384055
0.8396320527953636,0.1603679472046364
0.9422776699978155,0.05772233000218435
0.9204569964958862,0.07954300350411382
0.8875656518059428,0.11243434819405725
0.8547359742621017,0.14526402573789834
0.9331418184303663,0.06685818156963357
0.8386660094278552,0.161333990572145
0.8652355704027254,0.13476442959727464
0.8431018658849081,0.15689813411509201
0.8763137539646063,0.12368624603539372
0.9638918516313387,0.03610814836866129
0.7928668977347613,0.20713310226523865
0.8324314694567929,0.167568530543207
0.9084493303100931,0.0915506696899068
0.9121869037321918,0.08781309626780821
0.9812868984663652,0.01871310153363476
0.9466399648541609,0.053360035145839126
0.8601904707478569,0.13980952925214304
0.8295079681517754,0.1704920318482244
0.9229829109711905,0.0770170890288096
0.7695534900963131,0.2304465099036871
0.893516430266614,0.10648356973338606
0.927455591510186,0.07254440848981412
0.9572293134979173,0.04277068650208273
0.9489336783749939,0.051066321625006184
0.835267800939747,0.1647321990602531
0.8422016952417163,0.15779830475828366
0.9237140003160994,0.07628599968390054
0.927854792355325,0.07214520764467504
0.9731069974324882,0.026893002567511766
0.7979292180625661,0.20207078193743394
0.8933788604556852,0.10662113954431485
0.9626917208427743,0.037308279157225684
0.819105629440662,0.1808943705593379
0.9139697400543373,0.08603025994566277
0.9343820280657894,0.0656179719342106
0.8257941263671839,0.17420587363281617
0.8935970694397505,0.1064029305602495
0.8357862013628503,0.1642137986371496
0.9021990106234206,0.09780098937657952
0.9124155024465012,0.0875844975534987
0.7698574212420889,0.23014257875791122
0.8438453979278436,0.15615460207215634
0.8192079159412524,0.18079208405874767
0.862634733040064,0.13736526695993592
0.8220082970219115,0.17799170297808853
0.7923406120249175,0.20765938797508257
0.8743432940850483,0.1256567059149515
0.8469873665523111,0.15301263344768892
0.8395081905364624,0.16049180946353764
0.8516493657383964,0.14835063426160358
0.9271539596577127,0.07284604034228723
0.9003596117613056,0.0996403882386944
0.8508614147284927,0.14913858527150736
0.8984046352771063,0.10159536472289371
0.9702469480160109,0.029753051983989122
0.7937617101178335,0.20623828988216653
0.7539221460878065,0.2460778539121936
0.9534813539052281,0.0465186460947719
0.8622647141066618,0.1377352858933381
0.8884002578404548,0.11159974215954517
0.8966448897275244,0.10335511027247565
0.9173850605257535,0.08261493947424639
0.7400023794219287,0.25999762057807113
0.93700788414498,0.06299211585502003
0.8783564886492613,0.12164351135073868
0.8880035905888639,0.1119964094111362
0.8599205007214779,0.14007949927852203
0.8295978159880556,0.1704021840119444
0.9336275646970991,0.06637243530290077
0.9270386022739829,0.07296139772601702
0.9339837047936937,0.06601629520630618
0.9270726828876493,0.07292731711235065
0.9081499393765715,0.09185006062342836
0.853428770705286,0.14657122929471408
0.877895147517173,0.12210485248282704
0.8243602943616638,0.17563970563833617
0.7828525331542912,0.21714746684570893
0.9061743563165398,0.09382564368346026
0.8599624422075176,0.1400375577924825
0.9233212365379496,0.07667876346205033
0.7861074739427093,0.2138925260572905
0.786768772438324,0.21323122756167617
0.9074916507476043,0.09250834925239575
0.8845996849327455,0.11540031506725433
0.9160263279906561,0.08397367200934389
0.9250019523794396,0.07499804762056021
0.8008367905073613,0.19916320949263872
0.9262836399811553,0.07371636001884467
1.0,0.0
0.905676601478405,0.09432339852159526
0.8179023100349571,0.18209768996504308
0.9086573252078594,0.09134267479214064
0.8617369334242465,0.13826306657575352
0.7121979088925734,0.2878020911074265
0.9045462374264233,0.09545376257357673
0.9210310837430727,0.07896891625692727
0.9565540546760932,0.043445945323906734
0.8345892282634496,0.16541077173655044
0.8887235245099822,0.11127647549001787
0.795368862316489,0.20463113768351102
0.9367383987203719,0.06326160127962809
0.9192876165606911,0.08071238343930891
0.854696607344656,0.145303392655344
0.7946096328041956,0.20539036719580445
0.9256716348500909,0.07432836514990934
0.8103923783068712,0.18960762169312886
0.8887662938609773,0.11123370613902277
0.9370969752426724,0.0629030247573275
0.901826117059655,0.09817388294034507
0.9213852764803206,0.07861472351967931
0.8982573733772711,0.10174262662272887
0.8238497215127843,0.1761502784872158
0.8282428663427055,0.17175713365729456
0.9481783375834736,0.051821662416526464
0.8384700574976048,0.16152994250239525
0.9340600998881441,0.06593990011185605
0.8876291580178697,0.11237084198213042
0.9459649471013203,0.05403505289867984
0.9262076654454636,0.07379233455453647
0.8423696797480296,0.15763032025197052
0.8750923131197519,0.12490768688024809
0.8803753496280459,0.11962465037195413
0.8549615976145296,0.14503840238547042
0.9217232707344891,0.07827672926551094
0.865135910815656,0.134864089184344
0.9180444364543895,0.08195556354561058
0.8431232261542932,0.1568767738457066
0.8767139758535076,0.12328602414649237
0.9115016337215486,0.08849836627845135
0.904408559242483,0.09559144075751706
0.8115732159580261,0.18842678404197397
0.7400097381003287,0.25999026189967117
0.9486579964920365,0.051342003507963654
0.7887835616555949,0.21121643834440523
0.8500542864764594,0.14994571352354055
0.8813329705632986,0.11866702943670145
0.9420260904997012,0.057973909500298765
0.762668511272703,0.23733148872729712
0.7838901881442192,0.2161098118557808
0.7787625052308809,0.22123749476911928
0.9087144700753336,0.09128552992466632
0.9342712386154866,0.0657287613845134
0.8763199764268546,0.12368002357314548
0.8736487298642416,0.12635127013575836
0.8154014863169694,0.1845985136830307
0.7782434127562702,0.22175658724372996
0.8222215667287693,0.17777843327123063
0.8447615616709833,0.15523843832901674
0.7964768973804431,0.20352310261955683
0.8615066780330441,0.1384933219669559
0.7985775509962761,0.20142244900372372
0.8993733383314546,0.10062666166854542
0.888016980031442,0.11198301996855807
0.8115669299942597,0.18843307000574033
0.8494667189061198,0.15053328109388034
0.8553294707099479,0.14467052929005197
0.8583666344133766,0.14163336558662343
0.857727356269525,0.1422726437304749
0.8738866612643921,0.12611333873560784
0.8110517907825514,0.18894820921744845
0.9123346456176324,0.08766535438236765
0.8224134443899753,0.17758655561002465
0.8349853581276065,0.16501464187239348
0.7625660254291293,0.23743397457087073
0.8714398206927906,0.12856017930720942
0.9016668119651989,0.09833318803480097
0.9472542780164239,0.052745721983576015
0.9063253981607727,0.0936746018392274
0.8676044085704128,0.13239559142958732
0.9868816833590587,0.013118316640941416
0.9177393775255858,0.08226062247441426
0.7792648417834553,0.22073515821654474
0.7770451745775036,0.22295482542249648
0.8765392574582145,0.12346074254178559
0.9653848247663042,0.03461517523369587
0.9416819279240035,0.05831807207599639
0.9505242308238342,0.04947576917616576
0.8539338989866524,0.14606610101334772
0.8911795456956848,0.10882045430431532
0.9224192201797256,0.07758077982027434
0.8423506709817884,0.15764932901821171
0.8970925366900752,0.1029074633099249
0.8476362561869639,0.15236374381303608
0.934534072351863,0.06546592764813694
0.8729306571712336,0.1270693428287665
0.9200515866396584,0.07994841336034139
0.9107698264679132,0.08923017353208675
0.9679935008927995,0.03200649910720047
0.8267832130555177,0.17321678694448228
0.9731225465239257,0.02687745347607417
0.9686008925960694,0.03139910740393068
0.8248909901888559,0.1751090098111441
0.9068882598038893,0.09311174019611078
0.7685227315336545,0.23147726846634564
0.9109181201851276,0.08908187981487224
0.845735772618724,0.154264227381276
0.9348618238723844,0.06513817612761558
0.8935240880672313,0.10647591193276862
0.888014618761046,0.11198538123895407
0.8474346125748211,0.15256538742517892
0.8023241641308341,0.19767583586916604
0.9218506298856881,0.07814937011431174
0.909525138308503,0.090474861691497
0.7634944267801886,0.2365055732198114
0.8745944325395748,0.1254055674604251
0.8464060608994637,0.1535939391005365
0.8442546596794651,0.15574534032053503
0.8948409118185897,0.1051590881814103
0.8148142418855057,0.1851857581144943
0.9026887583551563,0.09731124164484377
0.8472317120860832,0.15276828791391683
0.867993381515288,0.13200661848471187
0.7314306932379562,0.26856930676204394
0.8173636578935857,0.1826363421064144
0.8609502153695958,0.13904978463040424
0.9250061425510663,0.07499385744893378
0.909192516970813,0.09080748302918706
0.9125963915686992,0.08740360843130068
0.8049474234486413,0.19505257655135858
0.8551644858657124,0.1448355141342877
0.8117267486243446,0.18827325137565534
0.7920605974856703,0.20793940251432969
0.8634440064953043,0.13655599350469572
0.8566591505464696,0.14334084945353037
0.8811457221903091,0.11885427780969102
0.9249791144323796,0.07502088556762031
0.8384730655162522,0.1615269344837479
0.7910488963767649,0.20895110362323505
0.8348834808702275,0.1651165191297724
0.9458031038254688,0.05419689617453107
0.8635122261478341,0.13648777385216598
0.8544922329726118,0.14550776702738827
0.9109106751159655,0.08908932488403458
0.9245342152835435,0.0754657847164567
0.9155537145478623,0.08444628545213786
0.8510583420050746,0.14894165799492548
0.8878193647468606,0.11218063525313937
0.9312491850117436,0.06875081498825647
0.8589363018495272,0.14106369815047293
0.9380384969963784,0.06196150300362162
0.8643853585460568,0.13561464145394314
0.80862569296654,0.19137430703345976
0.9151719549442761,0.08482804505572397
0.9602161059979938,0.039783894002006305
0.8643579274893803,0.13564207251061955
0.8792894729726186,0.1207105270273813
0.9361982634369119,0.06380173656308813
0.9082941739691317,0.0917058260308683
0.9241042932618998,0.07589570673810017
0.9031881432330972,0.0968118567669029
0.8990321983672583,0.10096780163274179
0.8492497415106075,0.15075025848939247
0.9699291534855605,0.030070846514439302
0.8320645512411862,0.1679354487588138
0.942049998222254,0.057950001777745806
0.8997432674409893,0.10025673255901063
0.9181464224980757,0.08185357750192437
0.8879931355736348,0.11200686442636511
0.8621371351982332,0.13786286480176685
0.7977083913879106,0.20229160861208945
0.7812675611366516,0.21873243886334842
0.877797790374422,0.122202209625578
0.8061781512648342,0.19382184873516592
0.9071415817716149,0.0928584182283851
0.7312996882108662,0.2687003117891338
0.8896048943019437,0.1103951056980564
0.9135996530166973,0.08640034698330265
0.78520418811633,0.21479581188367
0.8341321221834531,0.165867877816547
0.854582251473065,0.14541774852693498
0.8517541879719792,0.14824581202802087
0.9214378558242184,0.07856214417578147
0.9388343819302903,0.06116561806970971
0.9470436779659201,0.05295632203407982
0.8395230133266173,0.16047698667338292
0.8837491710524751,0.11625082894752495
0.9465474619645634,0.053452538035436516
0.9369196603761379,0.06308033962386206
0.8575402329615536,0.14245976703844648
0.8694985119577225,0.13050148804227754
0.7746622606600513,0.22533773933994874
0.8934635232734284,0.10653647672657161
0.8813356833976912,0.11866431660230896
0.8932821997389768,0.10671780026102323
0.7443807715721691,0.25561922842783086
0.8866976918359356,0.11330230816406447
0.8772311359860331,0.12276886401396697
0.9514546851949537,0.04854531480504639
0.797396108198963,0.20260389180103724
0.8484491239677481,0.15155087603225192
0.9020985238202729,0.0979014761797272
0.8157213731603551,0.18427862683964502
0.7543063472445014,0.24569365275549865
0.8426612768415976,0.15733872315840242
0.931782348653255,0.06821765134674482
0.8441914453167456,0.15580855468325436
0.8475436738871173,0.15245632611288276
0.847418417128073,0.15258158287192708
0.8889190404459344,0.11108095955406569
0.7725934184852199,0.22740658151478005
0.8883192844020557,0.1116807155979444
0.8989044460232247,0.10109555397677518
0.8476793877997777,0.15232061220022225
0.7792260589601289,0.22077394103987125
0.8562864172400672,0.14371358275993287
0.8481568025164976,0.15184319748350236
0.8421764068113652,0.15782359318863484
0.8173617221674474,0.18263827783255254
0.7716144893046659,0.22838551069533408
0.8467021807067048,0.15329781929329525
0.766729535876067,0.23327046412393312
0.9342555977872996,0.06574440221270027
0.9063091166514199,0.09369088334858014
0.8062269249201999,0.19377307507980002
0.7879836331037059,0.2120163668962943
0.9419083690812234,0.05809163091877654
0.7862999128628522,0.21370008713714772
0.8301614417516718,0.16983855824832822
0.8656294259219962,0.1343705740780039
0.8854044246348715,0.11459557536512861
0.8880233336575202,0.11197666634247995
0.8980122034169286,0.10198779658307153
0.8146795360266594,0.18532046397334062
0.8689663734664714,0.13103362653352862
0.8622605627938589,0.1377394372061413
0.8294953993027284,0.17050460069727164
0.9809535356206063,0.019046464379393616
0.8727168749236154,0.12728312507638462
0.7770299407873134,0.22297005921268653
0.9396278033060232,0.06037219669397686
0.812425718607023,0.1875742813929771
0.9208887390755344,0.07911126092446569
0.9186269039275178,0.08137309607248222
0.865231073280139,0.13476892671986096
0.7967085850970662,0.20329141490293381
0.8498967738912068,0.1501032261087934
0.8035098906778673,0.19649010932213276
0.8186488404691408,0.18135115953085923
0.9385686589328965,0.06143134106710343
0.8750928702397793,0.1249071297602207
0.7829712347696515,0.21702876523034859
0.8526186344337457,0.1473813655662542
0.9407372297300861,0.05926277026991399
0.8459523673256948,0.15404763267430518
0.8855599407415431,0.11444005925845677
0.9616484200219982,0.038351579978001794
0.9467951773688692,0.053204822631131056
0.8624319100927741,0.1375680899072259
0.9091535415315317,0.09084645846846832
0.8477648373135662,0.15223516268643375
0.8165649513920291,0.18343504860797108
0.819242105829553,0.18075789417044702
0.9586636660042017,0.041336333995798245
0.857639082214168,0.1423609177858321
0.9302861615886945,0.0697138384113055
0.9190073173237807,0.08099268267621934
0.8556752332031888,0.1443247667968112
0.9382976084501913,0.061702391549808645
0.8464066595406108,0.1535933404593892
0.9453954817886727,0.05460451821132725
0.7324517140407417,0.2675482859592584
0.8749764169812543,0.12502358301874583
0.9264152351003239,0.0735847648996762
0.8342151583974602,0.16578484160253995
0.9360002325533585,0.06399976744664157
0.8969544544817443,0.10304554551825584
0.8912599122463302,0.10874008775366988
0.9131771849737179,0.086822815026282
0.7893778623015951,0.21062213769840485
0.6906705316157117,0.30932946838428843
0.8082367507606502,0.1917632492393498
0.9595446328571484,0.04045536714285158
0.748314136652218,0.25168586334778204
0.9382422330399164,0.06175776696008362
0.85470123381002,0.14529876618998017
0.9399684031290482,0.06003159687095186
0.8753147988841601,0.12468520111583983
0.9090225573449031,0.09097744265509689
0.883273568733093,0.11672643126690697
0.8774240292517331,0.12257597074826686
0.963825159734705,0.03617484026529512
0.8882709541979514,0.11172904580204847
0.8453322279604699,0.15466777203953008
0.8107668611542501,0.18923313884575
0.8222273402827823,0.17777265971721765
0.7875332792837413,0.21246672071625866
0.8771703760439292,0.12282962395607087
0.9493580279075886,0.05064197209241127
0.9283559803500953,0.07164401964990469
0.9550121400286631,0.0449878599713368
0.8998771614215093,0.10012283857849072
0.81924346117508,0.1807565388249201
0.9026018444809488,0.09739815551905118
0.7841154773233807,0.21588452267661923
0.9302953519357444,0.06970464806425553
0.897652670627604,0.10234732937239593
0.8348375593309202,0.16516244066907992
0.8680518756822578,0.13194812431774222
0.847299673924353,0.15270032607564704
0.8984494762545099,0.1015505237454899
0.8679950379687457,0.1320049620312544
0.8868151286846464,0.11318487131535372
0.7429122395720098,0.2570877604279903
0.8686176277319495,0.13138237226805055
0.769078093307915,0.23092190669208487
0.740049903151753,0.259950096848247
0.9099578443902301,0.09004215560976993
0.8295158848386494,0.17048411516135056
0.835196645860539,0.16480335413946098
0.7881849756544951,0.2118150243455051
0.8600571985522082,0.1399428014477919
0.900496537303078,0.09950346269692206
0.8238103644577096,0.17618963554229042
0.7997990224954271,0.2002009775045729
0.9453105733566547,0.05468942664334528
0.939707014876013,0.06029298512398701
0.8686960275187771,0.13130397248122294
0.8995278609374596,0.10047213906254035
0.9188649758708834,0.08113502412911665
0.8555113959782368,0.1444886040217632
0.9048334801172777,0.0951665198827223
0.8132427251792764,0.18675727482072374
0.8880079651677009,0.1119920348322992
0.9364159272273922,0.06358407277260765
0.8437072399588308,0.15629276004116938
0.888000085410753,0.11199991458924685
0.8543476904004437,0.14565230959955647
0.889809164951347,0.11019083504865301
0.9126495659822027,0.08735043401779716
0.7793792627918142,0.22062073720818584
0.8809703211533829,0.11902967884661717
0.7856399253559462,0.21436007464405396
0.8034357524422089,0.19656424755779117
0.8510186976895352,0.14898130231046477
0.8732591513037048,0.12674084869629526
0.8288047923391302,0.17119520766086985
0.9168683766111609,0.08313162338883907
0.7596447902337282,0.24035520976627184
0.9525334437019597,0.04746655629804031
0.9402352887855517,0.059764711214448214
0.8629155898554655,0.1370844101445346
0.9054127892665919,0.09458721073340809
0.7910362665264145,0.20896373347358568
0.8416494726774084,0.15835052732259153
0.9186178863851879,0.08138211361481214
0.9166033050217821,0.08339669497821797
0.8538953357736947,0.14610466422630528
0.9157434399261271,0.08425656007387297
0.9398555772248679,0.06014442277513216
0.8398057639924653,0.1601942360075348
0.9039143582089736,0.09608564179102644
0.8675933954492585,0.1324066045507415
0.8564257004063113,0.14357429959368886
0.8685493691471683,0.13145063085283173
0.9044857771602082,0.09551422283979198
0.8116703700502762,0.18832962994972385
0.8827555521824434,0.11724444781755679
0.8664583700207316,0.1335416299792684
0.7893041176544494,0.21069588234555067
0.8101013944341989,0.18989860556580113
0.8875461201851094,0.11245387981489072
0.9457329839144593,0.0542670160855407
0.9301726701507611,0.06982732984923903
0.8425618825460613,0.1574381174539388
0.8381273801568356,0.16187261984316434
0.8983196107448318,0.10168038925516827
0.881332711108687,0.11866728889131292
0.8474252155372578,0.15257478446274225
0.9014114373774252,0.09858856262257477
0.8972894130211588,0.10271058697884114
0.8739030465688342,0.1260969534311658
0.8163876814411655,0.18361231855883467
0.9209325994674138,0.0790674005325863
0.8980955217413441,0.10190447825865592
0.8595548961849665,0.14044510381503345
0.8498180719833767,0.1501819280166233
0.9420668677452757,0.057933132254724275
0.8282475444648633,0.1717524555351367
0.9930438068965993,0.006956193103400672
0.8972502664475301,0.10274973355246989
0.7458136130277195,0.25418638697228046
0.8006556391504672,0.19934436084953253
0.8880026392812401,0.11199736071875982
0.8924986603611897,0.10750133963881023
0.9402411733076089,0.05975882669239102
0.864000460974061,0.135999539025939
0.8830654163147873,0.11693458368521267
0.9811816887680583,0.018818311231941724
0.8226721619178594,0.17732783808214056
0.8436848223129648,0.15631517768703526
0.7806633934773016,0.21933660652269846
0.9267903872753216,0.07320961272467831
0.8630172788788614,0.13698272112113868
0.7979480648551819,0.2020519351448181
0.8980132322193539,0.10198676778064605
0.9491247810058189,0.05087521899418111
0.8549454344696886,0.14505456553031137
0.8813288154247181,0.1186711845752819
0.7596586242821767,0.24034137571782346
0.8813028173155133,0.11869718268448674
0.9666239940966114,0.03337600590338866
0.832005539118808,0.1679944608811921
0.842942445150794,0.15705755484920605
0.9523534302662576,0.04764656973374242
0.9302826975316129,0.0697173024683871
0.9412348629403705,0.0587651370596295
0.918050645824533,0.08194935417546698
0.9410758654061574,0.05892413459384257
0.9208763357426641,0.07912366425733579
0.9087996663497554,0.09120033365024438
0.9190923842423676,0.08090761575763221
0.8880112012392097,0.11198879876079039
0.8956987328724929,0.10430126712750698
0.7528228632026125,0.2471771367973878
0.9787910483754312,0.021208951624568966
0.7865086497860453,0.2134913502139547
0.9238813277276899,0.07611867227231003
0.7382500658574764,0.2617499341425235
0.903545366136108,0.09645463386389187
0.8117158089919326,0.1882841910080674
0.874284807686673,0.125715192313327
0.9759319942332583,0.024068005766741882
0.9128001597572067,0.08719984024279342
0.8811222427113707,0.11887775728862934
0.7881010492476404,0.21189895075235976
0.9646485126813623,0.035351487318637666
0.8115279595037652,0.18847204049623478
0.8875379720737744,0.11246202792622571
0.9288004812570486,0.07119951874295148
0.8219221206030056,0.17807787939699446
0.8421803073106577,0.15781969268934234
0.7971285036641124,0.20287149633588758
0.8880404874741604,0.11195951252583955
0.8028973787277154,0.19710262127228478
0.9005638939976022,0.09943610600239784
0.922153730410782,0.07784626958921803
0.8774956998701721,0.1225043001298279
0.870588360941821,0.129411639058179
0.9292168701148957,0.0707831298851043
0.9071058790695674,0.09289412093043263
0.8349923769842792,0.16500762301572078
0.887560304192422,0.11243969580757784
0.8494409781893012,0.15055902181069863
0.7708178373388382,0.22918216266116173
0.8096937263253344,0.1903062736746655
0.7910348161504077,0.20896518384959242
0.8931263878298256,0.10687361217017456
0.8606559058920334,0.1393440941079665
0.8154873842192689,0.18451261578073108
0.8880081193984222,0.11199188060157793
0.8549269110548076,0.1450730889451924
0.888768187513008,0.11123181248699193
0.9185911804865723,0.08140881951342786
0.9173873711882835,0.0826126288117165
0.8057649294513881,0.19423507054861194
0.8319165525055474,0.1680834474944526
0.8776854758838181,0.122314524116182
0.8204905462770177,0.17950945372298216
0.7855570384247864,0.2144429615752136
0.761875587351654,0.23812441264834622
0.9270767620943966,0.07292323790560343
0.8811248869910375,0.11887511300896239
0.7864170190171521,0.21358298098284806
0.8995116532149927,0.10048834678500723
0.7486208112065265,0.25137918879347365
0.9378460047164718,0.062153995283528087
0.745740094470255,0.2542599055297451
0.7663564194140405,0.23364358058595944
0.867439978617213,0.13256002138278686
0.8057262468266349,0.194273753173365
0.813515737168751,0.1864842628312491
0.8179891161276348,0.18201088387236525
0.8154277169763002,0.1845722830236998
0.9003233472949327,0.0996766527050673
0.7472613613487111,0.2527386386512887
0.9347593305160299,0.06524066948397028
0.9117963412539906,0.08820365874600947
0.9069711359382804,0.0930288640617195
0.9571948181578258,0.04280518184217424
0.9437055200889262,0.05629447991107381
0.9885863504563216,0.011413649543678416
0.8657971356586798,0.13420286434132023
0.8981170912200968,0.10188290877990322
0.8352009643957579,0.16479903560424222
0.8836924728924574,0.11630752710754261
0.804682322745756,0.19531767725424407
0.7925789986763733,0.20742100132362679
0.8664834812373455,0.1335165187626545
0.8432780689462858,0.15672193105371443
0.8986989701358701,0.10130102986413003
0.819440098544972,0.18055990145502795
0.8879939497542845,0.1120060502457156
0.8436112295458066,0.1563887704541934
0.9141158915163317,0.08588410848366827
0.83419689275466,0.16580310724533995
0.8349369787564458,0.1650630212435542
0.8880260152920112,0.11197398470798879
0.8921613360778461,0.1078386639221539
0.9083794479621242,0.09162055203787582
0.8310563299169483,0.16894367008305158
0.8524287376142258,0.1475712623857743
0.9474587149456029,0.05254128505439711
0.9077099816819635,0.0922900183180365
0.8129584144961289,0.187041585503871
0.8503481188107809,0.14965188118921902
0.9454937405030769,0.054506259496923136
0.8544905868742013,0.14550941312579882
0.9134560863391563,0.08654391366084364
0.8783740760201937,0.12162592397980641
0.8880499030073506,0.11195009699264939
0.8782929400293389,0.12170705997066113
0.945278407037338,0.05472159296266206
0.8196971830939044,0.1803028169060955
0.8196926049366592,0.18030739506334093
0.924001669701694,0.07599833029830604
0.8705814472550307,0.12941855274496927
0.7328078845209035,0.2671921154790965
0.8813357397501452,0.1186642602498548
0.7991909653639669,0.20080903463603322
0.9624821983112859,0.037517801688714145
0.851006097564015,0.1489939024359851
0.8764002522304454,0.12359974776955461
0.8782339170817877,0.121766082918212
0.9378864641805944,0.062113535819405645
0.8555010586809008,0.14449894131909927
0.7928061850026105,0.20719381499738965
0.9406992223291281,0.0593007776708718
0.8591524504716517,0.14084754952834846
0.8974578198877357,0.10254218011226444
0.9130149041771052,0.08698509582289485
0.8718707313767767,0.1281292686232232
0.8880440192348142,0.11195598076518568
0.7965011899790067,0.20349881002099335
0.8442064738260621,0.15579352617393796
0.873310558479013,0.12668944152098705
0.8673517317159557,0.1326482682840442
0.9555650611170434,0.04443493888295656
0.8507440570571063,0.14925594294289363
0.8363669477930189,0.16363305220698104
0.9028948757380274,0.09710512426197265
0.7887683981078586,0.21123160189214155
0.8372595844513384,0.16274041554866148
0.8132752653137622,0.18672473468623801
0.9577210398145706,0.0422789601854294
0.8288387746610786,0.17116122533892153
0.8748781450552311,0.12512185494476902
0.888034374787992,0.11196562521200816
0.9519942401148225,0.04800575988517751
0.8463770796438244,0.1536229203561755
0.9059333203147644,0.09406667968523555
0.8287903648083487,0.1712096351916513
0.8006120670600888,0.19938793293991125
0.9281912984578053,0.07180870154219461
0.8847412790394613,0.11525872096053885
0.8148034434563112,0.18519655654368888
0.9416025917508389,0.05839740824916096
0.8315786322432638,0.16842136775673608
0.9237522469962939,0.07624775300370609
0.8898956938240966,0.11010430617590333
0.716656216755403,0.2833437832445971
0.9331540543009716,0.06684594569902838
0.8307115174368174,0.16928848256318266
0.8381702855187118,0.16182971448128836
0.7769929497729137,0.22300705022708642
0.8079339584061579,0.1920660415938421
0.7611789643348417,0.23882103566515833
0.9846360273186727,0.01536397268132721
0.8546870654771972,0.14531293452280292
0.9509234819780084,0.04907651802199183
0.7221698948494986,0.27783010515050144
0.8205617146665107,0.17943828533348918
0.8684862179930657,0.1315137820069344
0.7073891334758936,0.2926108665241063
0.7775442214349533,0.2224557785650468
0.7987025786856878,0.2012974213143122
0.86536571226811,0.13463428773189004
0.8838054723890405,0.11619452761095947
0.8851278086572797,0.11487219134272032
0.874027646422308,0.125972353577692
0.9026480341584652,0.09735196584153478
0.9165858708689216,0.08341412913107842
0.790032865171421,0.209967134828579
0.9399373505896598,0.06006264941034026
0.9011143784278525,0.09888562157214753
0.9397321233001389,0.06026787669986106
0.7555654190231519,0.24443458097684811
0.84935741931637,0.15064258068362996
0.9283294849836783,0.07167051501632174
0.8558149223784612,0.1441850776215388
0.8230263363839361,0.1769736636160639
0.9389549466549207,0.06104505334507922
0.8718894816682198,0.12811051833178042
0.7667839122761674,0.23321608772383265
0.9352342949213103,0.0647657050786897
0.8531735302276874,0.14682646977231256
0.761144813280216,0.23885518671978406
0.8599626612467788,0.1400373387532213
0.8045881455529119,0.19541185444708797
0.8239321324739692,0.1760678675260308
0.8812863841396202,0.11871361586037975
0.9689613193920007,0.031038680607999393
0.9308892987032416,0.06911070129675834
0.9042889965903236,0.09571100340967657
0.9005496740834991,0.09945032591650106
0.8809553052779832,0.11904469472201677
0.9150473222468203,0.0849526777531798
0.9018804643356024,0.09811953566439767
0.8652069435883342,0.13479305641166583
0.826513910737824,0.17348608926217607
0.8223274664628745,0.1776725335371255
0.9243925864502732,0.07560741354972657
0.8413353227782495,0.1586646772217505
0.9109997319355496,0.08900026806445042
0.8880018763851486,0.11199812361485142
0.8139319979803029,0.18606800201969723
0.8759336420260111,0.12406635797398895
0.8222306038783078,0.17776939612169235
0.887992592524477,0.11200740747552299
0.8773068393903991,0.12269316060960088
0.8516998156806502,0.1483001843193497
0.8248583643485115,0.17514163565148844
0.9273044611898648,0.07269553881013545
0.8956539464650959,0.10434605353490413
0.9124359274852761,0.08756407251472381
0.8185452572451634,0.18145474275483667
0.8720837678088064,0.12791623219119366
0.7683403648242478,0.23165963517575222
0.87622201698776,0.12377798301224004
0.8502297959293765,0.1497702040706235
0.8196961513538488,0.18030384864615126
0.7971935750021736,0.2028064249978265
0.7221351835740906,0.27786481642590954
0.8591134837828309,0.14088651621716922
0.7510157207926301,0.24898427920737004
0.755588539828357,0.24441146017164292
0.8336789798344775,0.1663210201655226
0.973433535326952,0.026566464673047976
0.9851142392673824,0.0148857607326177
0.9270613878909764,0.07293861210902383
0.9038616483105281,0.09613835168947191
0.8392121127298441,0.16078788727015597
0.9164497919843818,0.08355020801561813
0.8880000232484512,0.11199997675154894
0.8102998080875894,0.1897001919124106
0.8493930905463128,0.15060690945368718
0.905894908643452,0.09410509135654804
0.7925799655710732,0.2074200344289267
0.8557073894300328,0.14429261056996706
0.8311189388874574,0.1688810611125427
0.8011283281807788,0.19887167181922125
0.797646229894819,0.20235377010518085
0.8998390713702396,0.10016092862976035
0.9281909536040248,0.07180904639597521
0.8467258791147644,0.1532741208852356
0.9350924032934798,0.06490759670652022
0.8582151968454097,0.1417848031545904
0.8644126289704324,0.13558737102956778
0.8240651118856708,0.17593488811432928
0.9102037844325235,0.08979621556747673
0.8691064511072656,0.13089354889273447
0.9071899273678973,0.09281007263210288
0.866494455222599,0.13350554477740112
0.9476763785245437,0.05232362147545632
0.9361732797310077,0.06382672026899233
0.9455645896983091,0.05443541030169081
0.959663185256141,0.040336814743859015
0.7937325942531814,0.20626740574681873
0.7916831644456899,0.20831683555431016
0.8909071141502528,0.10909288584974715
0.7542527675805714,0.24574723241942886
0.7854789291408782,0.2145210708591217
0.8879547106937392,0.11204528930626075
0.9714600069198761,0.028539993080123824
0.943148360747227,0.056851639252773145
0.8773451199905505,0.12265488000944948
0.9452869013795436,0.054713098620456355
0.8394415307961951,0.160558469203805
0.8384442114610954,0.1615557885389046
0.9061684937097035,0.09383150629029653
0.7997166760762522,0.20028332392374784
0.9063110583641026,0.09368894163589744
0.8419421856518443,0.1580578143481557
0.9308297356071661,0.06917026439283404
0.9604887517119057,0.03951124828809414
0.8428432371975504,0.15715676280244958
0.7989263825397602,0.20107361746023986
0.9266049647518895,0.07339503524811071
0.8958977830248765,0.10410221697512352
0.9205377863323012,0.07946221366769866
0.94331031107491,0.05668968892508994
0.9020934383836462,0.09790656161635376
0.8941883819600394,0.10581161803996074
0.8498105801093725,0.1501894198906275
0.8677067824789532,0.13229321752104684
0.9033086730541278,0.09669132694587244
0.9417086261083004,0.058291373891699645
0.7375212685577778,0.26247873144222195
0.8209022697700729,0.17909773022992714
0.8226633767078757,0.1773366232921243
0.9087935394202807,0.09120646057971936
0.9469193804089933,0.05308061959100672
0.9758983693376846,0.024101630662315472
0.7087219288693232,0.29127807113067694
0.845721972855769,0.1542780271442311
0.9462441148261265,0.05375588517387354
0.8500135996742577,0.1499864003257423
0.830709139798585,0.1692908602014151
0.8112496177420353,0.1887503822579646
0.9041379801729438,0.09586201982705617
0.886981195597356,0.1130188044026439
0.8475203627596809,0.15247963724031907
0.8466949752956185,0.1533050247043815
0.9449486183030484,0.05505138169695158
0.8428480618395452,0.1571519381604549
0.8386702988889753,0.16132970111102496
0.8772301106490034,0.1227698893509968
0.9178665615040353,0.08213343849596454
0.8580078284029833,0.14199217159701677
0.8880103064394408,0.11198969356055934
0.9396121294384149,0.060387870561585164
0.784374683224361,0.21562531677563904
0.8511634919234615,0.14883650807653856
0.7466706179733443,0.2533293820266557
0.862375119689007,0.13762488031099288
0.8813713864746614,0.11862861352533868
0.8568212497110872,0.14317875028891278
0.8774770001380539,0.12252299986194617
0.8093117991367097,0.1906882008632903
0.7789304401504625,0.2210695598495372
0.8744786420118115,0.1255213579881887
0.8140179222500695,0.18598207774993022
0.9070909891887412,0.09290901081125877
0.8349378082115549,0.16506219178844495
0.88629431299158,0.11370568700842006
0.8753152078518216,0.12468479214817844
0.819715019857622,0.18028498014237798
0.8087143995456826,0.1912856004543176
0.8491697452195293,0.1508302547804708
0.9080968303412867,0.09190316965871319
0.8414187616691319,0.15858123833086812
0.8195135810181923,0.1804864189818076
0.7678370814785381,0.2321629185214618
0.876156936594523,0.12384306340547697
0.9289505991268111,0.07104940087318903
0.8784437303056526,0.12155626969434742
0.7332764589642499,0.2667235410357503
0.8880029644973335,0.11199703550266651
0.9066779029569,0.09332209704309996
0.9437742292075915,0.056225770792408515
0.8414645465987649,0.15853545340123504
0.9496078384349507,0.05039216156504932
0.7904755669543023,0.20952443304569754
0.8512820360974412,0.14871796390255876
0.8619399408578305,0.13806005914216937
0.883509632246619,0.11649036775338086
0.8933628115563127,0.10663718844368723
0.7882982847384803,0.21170171526151968
0.8977353080727981,0.10226469192720185
0.7923323747790825,0.20766762522091742
0.8578347958673482,0.1421652041326519
0.8163880257651256,0.18361197423487438
0.8482397336341726,0.15176026636582723
0.913823665645766,0.08617633435423397
0.7932571798343312,0.20674282016566886
0.8828580485257674,0.11714195147423269
0.8788453164456922,0.12115468355430778
0.9187455528985397,0.08125444710146026
0.8021018863144409,0.19789811368555876
0.8786570417502251,0.12134295824977487
0.829188715819149,0.17081128418085106
0.7545349255878363,0.24546507441216367
0.8650142897038321,0.13498571029616782
0.7866562618941593,0.2133437381058408
0.9161568798591342,0.08384312014086587
0.990858262576878,0.009141737423122109
0.9497097402512529,0.05029025974874728
0.7270731394507589,0.2729268605492411
0.8732800351226958,0.1267199648773042
0.9452901749593839,0.054709825040616056
0.9371681646670676,0.06283183533293242
0.7811229077272489,0.2188770922727512
0.8896542321058769,0.11034576789412308
0.9406306473855243,0.05936935261447574
0.8354839275692492,0.16451607243075086
0.8077602337918544,0.19223976620814578
0.8505780742349554,0.1494219257650447
0.8989631785720678,0.10103682142793227
0.8224094994063562,0.17759050059364387
0.8219982448829474,0.17800175511705268
0.9525077043623444,0.047492295637655634
0.7939896929013768,0.20601030709862322
0.7352498649320334,0.26475013506796663
0.9557815204565764,0.0442184795434238
0.9226494672664305,0.07735053273356966
0.8665337810530817,0.1334662189469182
0.9329505914953377,0.06704940850466232
0.8880139436526936,0.11198605634730642
0.8664982824404547,0.13350171755954535
0.9546095404712506,0.0453904595287496
0.8733139364298564,0.12668606357014361
1.0,1.1102230246251565e-16
0.9261966359678174,0.07380336403218254
0.812963436522652,0.1870365634773479
0.9166240263843313,0.08337597361566874
0.9205285764005844,0.07947142359941553
0.829718993903521,0.17028100609647914
0.9537528594138309,0.04624714058616919
0.8584526174246527,0.14154738257534727
0.88763980673303,0.11236019326697003
0.8733250853593197,0.1266749146406804
0.8880011662574491,0.11199883374255093
0.8660512780462666,0.1339487219537334
0.9207614586952906,0.07923854130470948
0.7700500040333421,0.22994999596665788
0.9176060007882415,0.08239399921175845
0.7864122941871187,0.2135877058128813
0.9278365710042331,0.07216342899576668
0.8668569461923844,0.13314305380761557
0.765920105160196,0.2340798948398041
0.944135365956438,0.05586463404356199
0.7741569084636791,0.22584309153632098
0.8223250755547657,0.17767492444523422
0.8574826470483861,0.1425173529516139
0.9353586801385213,0.06464131986147859
0.8738513830881556,0.12614861691184442
0.9029124754551859,0.09708752454481413
0.8551362589662503,0.14486374103374966
0.838428087898097,0.16157191210190308
0.8992097763864904,0.1007902236135096
0.876806539465063,0.12319346053493693
0.9083384823371807,0.0916615176628192
0.9327062056137,0.06729379438630001
0.9447527799989053,0.0552472200010948
0.7598276097254477,0.24017239027455242
0.8342740863343909,0.16572591366560904
0.8714254142354227,0.1285745857645772
0.8606887536174755,0.13931124638252448
0.8435996178522017,0.15640038214779836
0.8527370766437956,0.14726292335620436
0.9362778169712875,0.0637221830287125
0.828067212858823,0.1719327871411769
0.7865137292699758,0.21348627073002424
0.9322973970352965,0.06770260296470372
0.7717964608147521,0.22820353918524777
0.9170134287022373,0.0829865712977628
0.8225836185360188,0.1774163814639813
0.8854640669144737,0.11453593308552641
0.8678009173451819,0.13219908265481806
0.8144468087572899,0.1855531912427101
0.8650198212389851,0.13498017876101492
0.9078387220057382,0.09216127799426171
0.8829352909201986,0.1170647090798014
0.9492962930588232,0.05070370694117687
0.9519213726711455,0.048078627328854553
0.9032416160480494,0.09675838395195054
0.8143837850378648,0.18561621496213518
0.8633376757191817,0.13666232428081843
0.8220023738574294,0.17799762614257056
0.8649529069188862,0.13504709308111387
0.7689421930464381,0.2310578069535617
0.800297504381063,0.19970249561893713
0.9450548514093062,0.0549451485906939
0.8870145280856073,0.11298547191439277
0.8768023018590416,0.12319769814095852
0.8354333972140211,0.164566602785979
0.8811914450985947,0.11880855490140543
0.8590840318748169,0.14091596812518314
0.8205584215486377,0.17944157845136244
0.9147896125403023,0.08521038745969779
0.9299183683026067,0.07008163169739333
0.9096585951147943,0.09034140488520567
0.8593584448287646,0.14064155517123536
0.8069311861933347,0.1930688138066654
0.7601232086778975,0.2398767913221026
0.8035617920456648,0.19643820795433534
0.942522490592922,0.05747750940707799
0.7613070264675622,0.23869297353243776
0.8591909875928213,0.14080901240717875
0.9491421252434111,0.050857874756588796
0.9390611296349073,0.06093887036509267
0.8881853154259985,0.1118146845740014
0.9499525099003682,0.05004749009963172
0.913720369192012,0.08627963080798781
0.7839052528975794,0.21609474710242058
0.934682686600265,0.0653173133997351
0.8873724835577725,0.1126275164422274
0.8222356338572961,0.17776436614270383
0.7675328565171089,0.23246714348289105
0.9411816995065554,0.058818300493444726
0.9319672170481889,0.06803278295181117
0.8835649385508991,0.1164350614491008
0.9490745114880118,0.0509254885119883
0.9565932876607562,0.043406712339243696
0.8288510592820028,0.17114894071799733
0.7235670117681545,0.2764329882318456
0.7563798004900129,0.24362019950998726
0.8682666596871224,0.13173334031287756
0.89462422681373,0.10537577318627017
0.8261111651427752,0.17388883485722484
0.9473468028870827,0.05265319711291725
0.9055169915295304,0.09448300847046961
0.8580428362084543,0.1419571637915457
0.810310434607984,0.18968956539201592
0.9116792295929371,0.08832077040706286
0.8599631422859672,0.1400368577140329
0.9342395350656267,0.06576046493437336
0.83518710929932,0.16481289070068
0.9269678009256216,0.07303219907437844
0.812966170886864,0.1870338291131361
0.8807525330207673,0.11924746697923272
0.8972778882718869,0.10272211172811319
0.8605969456108327,0.13940305438916734
0.91522146034027,0.08477853965972999
0.9621962570706761,0.03780374292932369
0.9483449852850746,0.05165501471492553
0.7893287198625502,0.2106712801374498
0.7933828409886511,0.206617159011349
0.8314119219574756,0.1685880780425243
0.8325017064422428,0.16749829355775728
0.9009020110152509,0.0990979889847492
0.8756170652286859,0.12438293477131418
0.8202977145315512,0.17970228546844882
0.9427488106454452,0.05725118935455476
0.9569026976881273,0.043097302311872726
0.8131117841461541,0.18688821585384574
0.9409388059877681,0.05906119401223191
0.8140986103311781,0.18590138966882183
0.9161821386081214,0.08381786139187865
0.7769952411997167,0.22300475880028311
0.8652319110239357,0.13476808897606424
0.9096588635900505,0.09034113640994947
0.9164192114594074,0.08358078854059255
0.8038737144654767,0.19612628553452324
0.8861911444207113,0.11380885557928874
0.9175440913172651,0.08245590868273492
0.9096629315070173,0.09033706849298269
0.8230310639802543,0.1769689360197458
0.858220312419553,0.14177968758044696
0.930102236286567,0.06989776371343275
0.818843650738331,0.18115634926166896
0.9295564026680627,0.07044359733193731
0.9328088394503075,0.06719116054969242
0.8459850210963036,0.15401497890369645
0.8811795683777037,0.11882043162229627
0.8551309063463944,0.14486909365360556
0.823958383520322,0.17604161647967786
0.7926858904756432,0.20731410952435683
0.7850147099205007,0.21498529007949949
0.8640786067047337,0.13592139329526623
0.7730832849760562,0.2269167150239438
0.877232134016053,0.12276786598394693
0.9338591581022019,0.06614084189779819
0.9369633934995797,0.0630366065004203
0.8513577884165159,0.14864221158348417
0.9170652034423944,0.08293479655760568
0.8549407454999534,0.14505925450004667
0.8188074180415232,0.18119258195847673
0.8996889669655499,0.10031103303445016
0.8471047038073549,0.1528952961926452
0.8781336060779878,0.1218663939220122
0.9497801739160671,0.05021982608393292
0.9029165252721635,0.09708347472783661
0.8466973134757103,0.1533026865242898
0.9414820336568801,0.058517966343119864
0.8428788527746389,0.1571211472253612
0.8880152064050646,0.11198479359493539
0.8684248772081579,0.13157512279184208
0.9474937297766313,0.052506270223368706
0.7695568910549963,0.23044310894500397
0.8969950678446027,0.10300493215539722
0.8670226519750354,0.13297734802496483
0.9664165881715118,0.03358341182848814
0.9468592220819838,0.05314077791801626
0.7640138951222365,0.2359861048777636
0.7680289581942721,0.23197104180572786
0.8125002043180645,0.1874997956819355
0.8854832198417343,0.1145167801582656
0.9401600030873284,0.05983999691267155
0.8077435355633229,0.1922564644366771
0.9116836391603118,0.08831636083968812
0.9353997008929059,0.06460029910709394
0.8370161361589719,0.16298386384102848
0.7709365411658118,0.22906345883418816
0.9389736670310289,0.06102633296897103
0.811101715381507,0.18889828461849306
0.9350419262458057,0.06495807375419431
0.8662361821268822,0.13376381787311775
0.9208884300364166,0.07911156996358348
0.8056812138667456,0.19431878613325435
0.896611946070227,0.10338805392977304
0.8962336990151311,0.10376630098486898
0.8351107495767622,0.16488925042323782
0.8417996345176543,0.1582003654823459
0.8587818101487468,0.1412181898512532
0.9120021337492967,0.08799786625070329
0.8880036288484392,0.11199637115156086
0.8412676340840649,0.15873236591593518
0.9347107967290215,0.06528920327097852
0.9158598049689549,0.08414019503104521
0.877056455061684,0.12294354493831602
0.8775040797810356,0.12249592021896427
0.8387923713892451,0.16120762861075477
0.9701686175002349,0.02983138249976519
0.9009686298276731,0.09903137017232694
0.9076576568186283,0.09234234318137169
0.7478191867233482,0.2521808132766518
0.9355762574152906,0.06442374258470952
0.8630146118623914,0.13698538813760866
0.8664772294346926,0.13352277056530742
0.9491489641884799,0.050851035811520076
0.8888026359698197,0.1111973640301803
0.8148926385420167,0.1851073614579834
0.9218412419959975,0.07815875800400265
0.7689169167982095,0.23108308320179066
0.8549500703276273,0.14504992967237287
0.8976518846258651,0.10234811537413491
0.8622837876945805,0.1377162123054196
0.9149054887477774,0.08509451125222271
0.9155124368283946,0.08448756317160555
0.8524787275861792,0.14752127241382096
0.8373412810998018,0.16265871890019826
0.8096744656787013,0.19032553432129878
0.9160983177267907,0.08390168227320943
0.9449486328425966,0.05505136715740343
0.86567085486656,0.13432914513343996
0.8832845678770953,0.11671543212290479
0.9325819428428268,0.06741805715717317
0.9491390167784305,0.050860983221569483
0.8438877789337946,0.1561122210662054
0.8970425983766404,0.10295740162335966
0.9252165695752396,0.07478343042476035
0.9034761912554976,0.09652380874450235
0.7619542905104962,0.23804570948950385
0.9394492630579853,0.060550736942014675
0.8587421129808247,0.14125788701917533
0.7663773504660867,0.23362264953391346
0.9619718969725525,0.03802810302744763
0.9257872749690967,0.07421272503090319
0.7641681678357491,0.23583183216425088
0.8153510504207903,0.1846489495792097
0.8397984582691197,0.16020154173088025
0.8875340063028091,0.11246599369719115
0.9465997815931246,0.05340021840687546
0.9459123512758488,0.054087648724151
0.8301357580421963,0.16986424195780378
0.8879316540764769,0.11206834592352305
0.8930504307465841,0.10694956925341587
0.9881050719933918,0.011894928006608196
0.9029207157895917,0.09707928421040843
0.9123286709767972,0.08767132902320289
0.8383476505123886,0.16165234948761145
0.9251791605708363,0.07482083942916393
0.745415701028513,0.25458429897148727
0.7835495892528141,0.2164504107471859
0.8919590349894166,0.10804096501058344
0.8883772104876172,0.11162278951238279
0.8082607700177765,0.19173922998222356
0.8933014412134574,0.10669855878654265
0.880674876845972,0.1193251231540281
0.8904969517244247,0.10950304827557537
0.8626293318847633,0.13737066811523663
0.8058296105295712,0.1941703894704289
0.9145584107538443,0.08544158924615568
0.8746966366877722,0.12530336331222786
0.8136133217031328,0.18638667829686714
0.8640028204858616,0.13599717951413823
0.7779162929982497,0.22208370700175023
0.8677032273080714,0.13229677269192863
0.9019422807139836,0.09805771928601648
0.951581868760309,0.048418131239690916
0.8677314195176214,0.13226858048237844
0.9464951360451441,0.053504863954855944
0.8559036806202207,0.14409631937977918
0.8767738039040552,0.12322619609594462
0.8356803100340344,0.16431968996596547
0.9255320686819177,0.07446793131808235
0.8932446784951236,0.10675532150487627
0.9800244881389292,0.01997551186107091
0.8065846813163241,0.19341531868367579
0.7703136435638739,0.22968635643612595
0.9501304700206226,0.04986952997937744
0.8893150802749987,0.11068491972500129
0.8462669807502303,0.15373301924976995
0.8767595592482311,0.12324044075176888
0.8331849631883385,0.16681503681166165
0.7305787124102684,0.26942128758973155
0.8263702425372207,0.17362975746277934
0.7814472919003388,0.21855270809966146
0.9117279449591446,0.08827205504085549
0.8064447324161039,0.1935552675838961
0.8880559725102638,0.11194402748973617
0.8321627178647639,0.16783728213523613
0.8272930892143464,0.17270691078565345
0.943227173989249,0.056772826010751086
0.945546425775879,0.054453574224120886
0.9202751209829146,0.07972487901708555
0.8682691573903287,0.13173084260967138
0.9553598235467731,0.04464017645322689
0.8717908685757014,0.12820913142429854
0.7766011185237711,0.22339888147622897
0.9000208608147752,0.09997913918522497
0.906556963211946,0.09344303678805403
0.9333063048349935,0.06669369516500653
0.8935309711830401,0.1064690288169598
0.9078980440451103,0.09210195595488975
0.8543624929290684,0.14563750707093154
0.870536815610735,0.129463184389265
0.9619930988525649,0.03800690114743512
0.9356466347764238,0.06435336522357621
0.8861896881101929,0.1138103118898069
0.8809641103321278,0.11903588966787225
0.8549650156120336,0.1450349843879664
0.7616313792133316,0.2383686207866684
0.9288292535299548,0.07117074647004518
0.8495494572385425,0.15045054276145764
0.9290884014422115,0.07091159855778846
0.7847371151240579,0.21526288487594225
0.8477726770514578,0.15222732294854224
0.9135522710917524,0.08644772890824755
0.7634198680858342,0.23658013191416571
0.8652330998543335,0.13476690014566642
0.9293051682420916,0.07069483175790829
0.8281923514766862,0.17180764852331387
0.9786423447921283,0.0213576552078716
0.7914859471492635,0.20851405285073657
0.8879892217898464,0.11201077821015365
0.793651787966581,0.20634821203341913
0.8606261988724252,0.13937380112757494
0.898127130985832,0.10187286901416795
0.7862132986315986,0.21378670136840136
0.8879997657456719,0.11200023425432808
0.9499535571247724,0.05004644287522766
0.8713827911902757,0.12861720880972424
0.8718380514708134,0.12816194852918666
0.9126675228033685,0.08733247719663141
0.8998708981788346,0.10012910182116543
0.9474833083169508,0.05251669168304928
0.8116138381238804,0.18838616187611948
0.8525223799039056,0.14747762009609444
0.9504837661144279,0.04951623388557234
0.9394042515740115,0.060595748425988596
0.7881622586574663,0.21183774134253375
0.8774298286266656,0.12257017137333458
0.846442569288621,0.15355743071137892
0.9386920090892032,0.06130799091079684
0.8429311785312332,0.15706882146876674
0.8584004049536825,0.1415995950463175
0.7715881612963003,0.2284118387036998
0.877469749452557,0.12253025054744293
0.9828274471351376,0.0171725528648623
0.9194189776659234,0.08058102233407663
0.8160497016435636,0.1839502983564366
0.8325432307753216,0.1674567692246785
0.9126572448184673,0.08734275518153255
0.7718786886056924,0.2281213113943076
0.9599985694775339,0.04000143052246601
0.8809797857369924,0.11902021426300766
0.8505042032017582,0.1494957967982417
0.9254054398892685,0.07459456011073143
0.9142533033645369,0.08574669663546314
0.8784513745559631,0.12154862544403684
0.9528706384063466,0.047129361593653524
0.8979338103805429,0.10206618961945713
0.8832108701207072,0.11678912987929288
0.8879972552661592,0.11200274473384075
0.9328386919026807,0.06716130809731938
0.8916975765603411,0.10830242343965875
0.8057716878433533,0.19422831215664668
0.8980909175034792,0.1019090824965206
0.9221093016275854,0.07789069837241454
0.8394318379928214,0.1605681620071787
0.9470324459283135,0.052967554071686636
0.8615159452505902,0.13848405474940975
0.7968156727053841,0.20318432729461602
0.7679415086820546,0.23205849131794545
0.7952482317446797,0.20475176825532013
0.8109001622771669,0.18909983772283304
0.9552650449315476,0.044734955068452396
0.8788961039128169,0.12110389608718311
0.8357174521979209,0.16428254780207907
0.9169527979319209,0.0830472020680792
0.8456051494929717,0.1543948505070283
0.7812547129885218,0.21874528701147833
0.8517068510409402,0.1482931489590598
0.8117309740596532,0.1882690259403468
0.843904655350714,0.15609534464928596
0.9188065438336187,0.08119345616638106
0.7862643965290954,0.21373560347090464
0.943991782704146,0.05600821729585413
0.7516841305547457,0.2483158694452544
0.8056994562022634,0.19430054379773665
0.9158672809373352,0.08413271906266506
0.8290844435618454,0.17091555643815456
0.8501054440148431,0.14989455598515683
0.8395513974226398,0.16044860257736018
0.9299003312738549,0.07009966872614519
0.8880002247740562,0.11199977522594383
0.8406399313349604,0.1593600686650395
0.8473874052526182,0.15261259474738179
0.8806630466170945,0.11933695338290554
0.9001093314733173,0.09989066852668273
0.7563970752930271,0.24360292470697273
0.8880496415018466,0.11195035849815341
0.7475602012640449,0.2524397987359551
0.8959882708504284,0.10401172914957164
0.7639553732302038,0.23604462676979635
0.8291993019076549,0.17080069809234505
0.9192207110824429,0.08077928891755723
0.8381824305006007,0.16181756949939924
0.794812631057567,0.2051873689424329
0.9456045053467773,0.05439549465322254
0.8931925611195252,0.10680743888047478
0.8313696708514158,0.16863032914858436
0.8529565302532309,0.14704346974676927
0.8098096650633727,0.19019033493662718
0.8242136762352231,0.17578632376477685
0.8301515894061002,0.16984841059389966
0.9651711096041296,0.0348288903958706
0.9456395180563055,0.054360481943694645
0.9818926541731716,0.01810734582682827
0.872526115043144,0.12747388495685608
0.9288883663861065,0.07111163361389347
0.9096575151040712,0.09034248489592886
0.8325016896454488,0.16749831035455112
0.8522791827715173,0.14772081722848288
0.8719785061338358,0.12802149386616424
0.8879932844373186,0.11200671556268127
0.9236225430371466,0.07637745696285325
0.8577506747899146,0.14224932521008538
0.777002356179421,0.22299764382057893
0.872356280372338,0.127643719627662
0.7605824350681377,0.23941756493186225
0.8635236554845319,0.13647634451546825
0.843125865426249,0.1568741345737511
0.7992312574588794,0.20076874254112068
0.8749574605825113,0.12504253941748866
0.8177915243811863,0.18220847561881381
0.9239669336742375,0.07603306632576243
0.8983256858274252,0.10167431417257476
0.9294232811144365,0.07057671888556351
0.9298921874505581,0.07010781254944175
0.8676899766700212,0.13231002332997882
0.9116698870020346,0.08833011299796531
0.9068936705933953,0.09310632940660474
0.9262414877774726,0.07375851222252734
0.8523994289340127,0.1476005710659873
0.9224203166828635,0.07757968331713658
0.8466399359316471,0.15336006406835284
0.8234119756382275,0.17658802436177246
0.9175994850621296,0.08240051493787037
0.8691988182383523,0.13080118176164768
0.9568645167729969,0.04313548322700316
0.9237002042286958,0.07629979577130443
0.837243616597094,0.16275638340290588
0.9332344795236467,0.06676552047635335
0.817618984092756,0.18238101590724393
0.9336934778403413,0.06630652215965878
0.923723617507935,0.07627638249206498
0.841571730813533,0.15842826918646685
0.9075493846672753,0.09245061533272471
0.9542779360703303,0.04572206392966969
0.9044498774579398,0.09555012254206023
0.793446057325555,0.20655394267444507
0.9296677364311575,0.07033226356884248
0.9007429552408669,0.09925704475913305
0.8352478417632389,0.16475215823676104
0.8360786878772933,0.16392131212270664
0.8220452175951579,0.17795478240484205
0.8553603100931596,0.14463968990684045
0.8127464851114908,0.18725351488850905
0.9434919240235345,0.05650807597646552
0.8806288748072978,0.11937112519270215
0.7568441282864641,0.2431558717135359
0.8879949778801959,0.11200502211980423
0.9143719613340004,0.08562803866599955
0.8880515262826221,0.11194847371737808
0.7579417888518477,0.24205821114815232
0.919478624592793,0.08052137540720687
0.8585412045502983,0.1414587954497018
0.8467086337158575,0.1532913662841426
0.84268929148218,0.15731070851781992
0.8441872123617014,0.15581278763829878
0.9514409798230197,0.04855902017698054
0.8226794163596105,0.1773205836403894
0.8751292473753398,0.12487075262466008
0.8998459950024468,0.10015400499755314
0.8129761662677802,0.18702383373221984
0.9347394909559895,0.06526050904401054
0.9160238908371666,0.08397610916283356
0.8670761467494712,0.13292385325052886
0.861153441327264,0.13884655867273593
0.8051044745836823,0.19489552541631772
0.9186233430103086,0.08137665698969149
0.881412317911612,0.11858768208838805
0.8270345571210906,0.17296544287890933
0.896259924125014,0.10374007587498611
0.826162626985888,0.17383737301411212
0.7875936999960922,0.2124063000039078
0.8664359908970242,0.13356400910297586
0.7790557311392077,0.2209442688607922
0.8975980680456782,0.10240193195432172
0.8373022118725426,0.16269778812745728
0.8430782333924733,0.15692176660752674
0.9430886116277843,0.056911388372215786
0.867511774935313,0.13248822506468713
0.8668987939954891,0.13310120600451095
0.8880029701087473,0.11199702989125271
0.9120003550458401,0.0879996449541599
0.8502269466340444,0.14977305336595564
0.8261354381984011,0.17386456180159884
0.8379772233212369,0.1620227766787632
0.8214235730603179,0.1785764269396821
0.8245385687570626,0.17546143124293742
0.7785468380380618,0.22145316196193818
0.9328100323160395,0.06718996768396047
0.8693295050525066,0.13067049494749336
0.8862974909222996,0.11370250907770046
0.8786525804229114,0.1213474195770887
0.7996595056427185,0.20034049435728152
0.8319172565028256,0.16808274349717442
0.7678820926380006,0.23211790736199958
0.9098239738239252,0.0901760261760749
0.7885481706454411,0.21145182935455875
0.8167818269298642,0.18321817307013558
0.9190751897190008,0.08092481028099925
0.8223803946781392,0.17761960532186086
0.8600863295883113,0.13991367041168867
0.8496459137972244,0.15035408620277546
0.9567746235807759,0.04322537641922423
0.8396222905473885,0.1603777094526116
0.8635075165058574,0.13649248349414245
0.823445494180056,0.17655450581994417
0.8939000089762212,0.10609999102377876
0.8385260170065044,0.16147398299349566
0.8475256612954487,0.1524743387045513
0.9439113023244651,0.05608869767553513
0.9091700736469995,0.0908299263530004
0.770471697125927,0.22952830287407303
0.8459870113117387,0.15401298868826133
0.8409439053966881,0.15905609460331194
0.9170445268058826,0.08295547319411754
0.7943611096872252,0.20563889031277485
0.8854809281428389,0.1145190718571613
0.8750706879027028,0.1249293120972971
0.87600066556744,0.12399933443256005
0.878910613666448,0.12108938633355196
0.7856740034784697,0.21432599652153014
0.8498464550913587,0.15015354490864144
0.8880004268989297,0.1119995731010704
0.7333165292186732,0.26668347078132687
0.8116674907518363,0.1883325092481636
0.7682793096232793,0.2317206903767208
0.872330100796908,0.12766989920309202
0.753308146258435,0.24669185374156505
0.7979407314517033,0.20205926854829676
0.9053770379025939,0.09462296209740605
0.890857053378435,0.10914294662156492
0.9424998739479468,0.05750012605205324
0.8088714828314413,0.19112851716855864
0.9175364205553066,0.08246357944469342
0.9378877252825419,0.062112274717458206
0.9119604937173272,0.08803950628267274
0.8269212863407829,0.17307871365921712
0.8177653829564286,0.18223461704357116
0.7253666687035758,0.2746333312964243
0.8148689240266955,0.1851310759733046
0.8413189799364075,0.15868102006359244
0.8680485673065661,0.1319514326934341
0.8610685570362436,0.13893144296375626
0.83316415757752,0.1668358424224798
0.8147942604348172,0.1852057395651828
0.80871878527671,0.19128121472329004
0.88377100836944,0.11622899163056007
0.8879993831796278,0.11200061682037235
0.8648715953580245,0.1351284046419756
0.903772471599693,0.09622752840030716
0.97240736071597,0.02759263928403014
0.8185077312522541,0.18149226874774604
0.7998642260059151,0.2001357739940849
0.854804539349328,0.145195460650672
0.7787086965465738,0.22129130345342618
0.8868206922987631,0.11317930770123667
0.9289213645614705,0.07107863543852957
0.8265780306660584,0.17342196933394158
0.7984916413285741,0.20150835867142594
0.8294998207149008,0.17050017928509922
0.8880034580370704,0.11199654196292966
0.8789387912195352,0.12106120878046484
0.8543894812493533,0.14561051875064662
0.8357652562965684,0.1642347437034317
0.9074871120803987,0.09251288791960131
0.8830585859089118,0.11694141409108803
0.8781876309686455,0.12181236903135458
0.8833125616824753,0.11668743831752465
0.8034361828898541,0.19656381711014606
0.9260256403727424,0.07397435962725765
0.9159426504670042,0.0840573495329958
0.9330149767469658,0.06698502325303422
0.9363282208877369,0.06367177911226311
0.9404549781289527,0.059545021871047474
0.9538536390742964,0.04614636092570366
0.7202459143863357,0.2797540856136644
0.7567982588580234,0.24320174114197632
0.9620016238200849,0.03799837617991509
0.9130800659144617,0.08691993408553839
0.9298438825016001,0.07015611749839992
0.9701214995741015,0.02987850042589823
0.825327425015443,0.17467257498455713
0.8153502693924288,0.1846497306075712
0.853474964224285,0.146525035775715
0.7864013836160998,0.21359861638390032
0.9357969513664177,0.0642030486335825
0.8474045138127886,0.1525954861872114
0.8769090892063829,0.12309091079361711
0.9013881018695009,0.0986118981304991
0.8968871755304737,0.10311282446952628
0.7816774233471186,0.21832257665288143
0.9280958178481643,0.07190418215183565
0.9442043630136739,0.0557956369863261
0.8879756510453934,0.11202434895460658
0.9135491573200647,0.08645084267993523
0.8397395315542024,0.16026046844579753
0.9079046984697087,0.09209530153029143
0.8476243563747594,0.1523756436252406
0.8652500417476469,0.1347499582523531
0.8473764818971559,0.15262351810284422
0.9201616725219519,0.07983832747804816
0.9133708262790216,0.08662917372097849
0.9393805555339659,0.06061944446603414
0.8338546093863061,0.1661453906136939
0.835721332105745,0.16427866789425502
0.924131921328895,0.07586807867110518
0.8784956289103617,0.12150437108963832
0.8412927391341968,0.1587072608658034
0.811301983993521,0.188698016006479
0.9321570524355998,0.0678429475644003
0.8517725148281965,0.14822748517180356
0.8431237896475507,0.15687621035244928
0.9197369777509161,0.08026302224908398
0.8076996602394768,0.19230033976052327
0.7775406893553908,0.22245931064460922
0.9050507055305576,0.09494929446944254
0.8576377729922205,0.14236222700777948
0.8291179961478804,0.1708820038521196
0.8952235517969451,0.10477644820305491
0.8357683739120394,0.16423162608796069
0.7868458374739618,0.21315416252603805
0.7727157025133895,0.22728429748661047
0.901383287161039,0.09861671283896102
0.88758806681547,0.11241193318453
0.8470029874165661,0.1529970125834339
0.83592646584229,0.16407353415771003
0.8778977293735655,0.12210227062643454
0.802444161081031,0.19755583891896894
0.928957452992199,0.07104254700780094
0.9132150957570283,0.08678490424297172
0.8679920883568064,0.13200791164319353
0.8873898990723911,0.11261010092760887
0.8240872774181336,0.17591272258186635
0.9249968950308041,0.07500310496919582
0.8909826640281773,0.10901733597182252
0.9156220878812869,0.08437791211871305
0.9093649729153936,0.09063502708460625
0.7957287928227608,0.20427120717723923
0.9351222615369341,0.06487773846306587
0.8315091643749497,0.1684908356250503
0.9542208604855352,0.04577913951446487
0.8696230617881887,0.13037693821181154
0.9010133427030865,0.09898665729691362
0.8386876425356017,0.1613123574643984
0.928426774807924,0.07157322519207615
0.8678065476681968,0.13219345233180338
0.826350190895589,0.17364980910441094
0.8435817320394645,0.15641826796053535
0.8512749643737413,0.14872503562625872
0.942370911458115,0.05762908854188479
0.802652363196794,0.19734763680320616
0.8764630574623793,0.12353694253762065
0.8983254958890912,0.10167450411090881
0.9052486574395711,0.09475134256042898
0.8486571877625885,0.15134281223741156
0.8359338707600135,0.16406612923998654
0.9488091008340501,0.051190899165949974
0.8982832056598908,0.10171679434010923
0.9669962389094738,0.033003761090526315
0.9327983805048964,0.06720161949510353
0.8131048508493102,0.18689514915068983
0.8666888092577424,0.1333111907422575
0.8853377085982672,0.11466229140173287
0.9342511199359064,0.0657488800640936
0.9238156707227918,0.07618432927720818
0.8247341032440774,0.17526589675592275
0.8593589272059505,0.14064107279404958
0.8914862445406706,0.1085137554593294
0.9359982687626159,0.064001731237384
0.813234594386152,0.18676540561384816
0.7721763520523628,0.22782364794763707
0.8058221282356465,0.19417787176435358
0.8157214111314957,0.18427858886850432
0.9268831405470305,0.07311685945296936
0.8639266188475774,0.13607338115242268
0.9362563703213926,0.0637436296786075
0.949558483217429,0.05044151678257089
0.7814388382448452,0.21856116175515494
0.9521806707031722,0.04781932929682768
0.922538574178794,0.07746142582120599
0.7819367609420603,0.21806323905793948
0.8879992345689396,0.1120007654310605
0.8878695343619847,0.11213046563801536
0.8718328178975385,0.12816718210246145
0.9088515158371872,0.0911484841628129
0.8880001033790487,0.11199989662095129
0.8807514651742586,0.1192485348257414
0.8205570522651044,0.17944294773489564
0.9082372038137725,0.09176279618622753
0.8982638643604374,0.10173613563956269
0.8035158868793973,0.19648411312060257
0.9215067769794558,0.07849322302054422
0.8832866724377783,0.11671332756222176
0.8417146222462896,0.15828537775371043
0.9319698428232004,0.06803015717679967
0.7249355092883957,0.27506449071160427
0.8186509439396776,0.18134905606032256
0.9214008012516534,0.07859919874834673
0.752207789387846,0.24779221061215395
0.8566582987077184,0.14334170129228158
0.8879706289888532,0.11202937101114693
0.8356953671262843,0.16430463287371574
0.9366760952891925,0.06332390471080757
0.9259797094687071,0.07402029053129287
0.8289681871468287,0.17103181285317123
0.9075528250568177,0.0924471749431824
0.8863813575565253,0.11361864244347471
0.8299254145146826,0.17007458548531743
0.871842445413555,0.128157554586445
0.8476377192626093,0.1523622807373907
0.758028836226955,0.241971163773045
0.8582344309249946,0.14176556907500537
0.8975504741662779,0.1024495258337222
0.9332702041421825,0.06672979585781742
0.9133871925675673,0.08661280743243269
0.8795490597398291,0.12045094026017096
0.8963543830059597,0.10364561699404022
0.8235516403632207,0.17644835963677932
0.9260627381292109,0.07393726187078913
0.8428239869670854,0.1571760130329145
0.8710335708662662,0.1289664291337338
0.8664724758645546,0.13352752413544552
0.8474196124152796,0.15258038758472034
0.9076135060644759,0.09238649393552406
0.799481419249769,0.20051858075023116
0.7535840746329765,0.2464159253670235
0.8855012158674807,0.11449878413251949
0.8516301665878409,0.14836983341215906
0.7318671986935262,0.26813280130647377
0.8985995555573747,0.10140044444262533
0.8291203725661619,0.1708796274338381
0.7497095163607169,0.2502904836392831
0.8404187071864053,0.1595812928135945
0.9235101184405563,0.07648988155944351
0.9033592731921103,0.09664072680788965
0.8855351811312291,0.11446481886877102
0.8675743710077627,0.13242562899223734
0.9122166079024178,0.08778339209758228
0.7812997822657465,0.2187002177342536
0.8073822197609202,0.19261778023907977
0.7638032406233248,0.2361967593766753
0.8859437425407191,0.114056257459281
0.893224764381805,0.10677523561819503
0.8627579635334168,0.13724203646658328
0.8861895599413502,0.11381044005864986
0.8372618109720729,0.16273818902792725
0.8662793605532391,0.133720639446761
0.8788818675665537,0.12111813243344614
0.8386902452234989,0.1613097547765011
0.9319438490353036,0.06805615096469637
0.8848620737076605,0.11513792629233956
0.7716687707214746,0.22833122927852548
0.9200622032168404,0.0799377967831598
0.9033710842830122,0.09662891571698785
0.8056178282575462,0.1943821717424537
0.9028912230599565,0.09710877694004355
0.9251544275647996,0.07484557243520054
0.9071285916687165,0.09287140833128343
0.82815371678224,0.17184628321776
0.7865154463249481,0.21348455367505187
0.9585063577788249,0.041493642221175
0.8303289183238721,0.16967108167612796
0.767304684146235,0.2326953158537653
0.9192896460736534,0.08071035392634662
0.8879682631068577,0.11203173689314223
0.9404596037725534,0.05954039622744653
0.8129629627688835,0.18703703723111656
0.8441550283556334,0.15584497164436648
0.8879990254899809,0.11200097451001921
0.8880003091149603,0.11199969088503968
0.915399078710456,0.08460092128954408
0.9065411839631072,0.09345881603689277
0.7873348620459252,0.21266513795407502
0.8629886417947156,0.13701135820528434
0.8809849406214639,0.11901505937853596
0.7690630136557167,0.23093698634428336
0.8313200392078879,0.16867996079211192
0.8965971242860347,0.10340287571396532
0.7715915851926911,0.22840841480730895
0.8493928169691876,0.15060718303081252
0.8083660400237208,0.19163395997627922
0.8313589254675611,0.168641074532439
0.9440849492258641,0.055915050774135874
0.8107766896106685,0.18922331038933154
0.9271569574881338,0.07284304251186638
0.81378545456157,0.18621454543842997
0.9572754924308178,0.042724507569182155
0.9288500252687385,0.0711499747312616
0.9241058770189835,0.07589412298101642
0.9177337270295026,0.08226627297049738
0.8357719314178785,0.16422806858212152
0.9123287598525938,0.08767124014740606
0.9652289436525131,0.03477105634748684
0.8136382930233711,0.18636170697662893
0.7783381963971777,0.2216618036028223
0.862262236096972,0.137737763903028
0.8013688543448392,0.1986311456551608
0.8575416047422284,0.14245839525777174
0.9188671467020827,0.08113285329791729
0.8862439761711778,0.11375602382882206
0.9130693528162176,0.08693064718378246
0.8811751975035386,0.11882480249646152
0.8779102110000406,0.1220897889999593
0.8855183929147172,0.11448160708528288
0.7734547881523912,0.22654521184760884
0.8118949922976907,0.18810500770230934
0.8904063935363484,0.10959360646365164
0.8387990820489916,0.16120091795100838
0.8566903989297158,0.14330960107028423
0.8388143452855803,0.16118565471441976
0.889599221413972,0.11040077858602809
0.8616349764821697,0.13836502351783025
0.7954902944578439,0.20450970554215603
0.819692376331613,0.18030762366838698
0.8008589569053415,0.19914104309465858
0.9028702038022445,0.09712979619775552
0.8591855692170077,0.1408144307829925
0.811122593089943,0.1888774069100569
0.9382601387480445,0.0617398612519555
0.8635629973923173,0.13643700260768274
0.9013586598880787,0.09864134011192136
0.9341340481120496,0.06586595188795037
0.8120290671295529,0.187970932870447
0.8630367774462587,0.13696322255374124
0.9270696662242085,0.07293033377579153
0.8656495063001497,0.1343504936998503
0.9027373726629829,0.09726262733701707
0.866444745910234,0.13355525408976587
0.7883256714953876,0.2116743285046124
0.7583754881181145,0.24162451188188555
0.8217758977673401,0.1782241022326601
0.8092924243586884,0.19070757564131152
0.9538869730402377,0.046113026959762216
0.9333482633463942,0.06665173665360583
0.8931794202628537,0.10682057973714619
0.9029097153755091,0.09709028462449083
0.9067588299117607,0.09324117008823934
0.8471785381777719,0.15282146182222814
0.9382645268502282,0.061735473149771875
0.8977179786278218,0.10228202137217833
0.8563373158869395,0.14366268411306052
0.8501202593162773,0.14987974068372265
0.8982076277877578,0.10179237221224231
0.9380242991557178,0.06197570084428223
0.8280358856859,0.17196411431410014
0.9423578957867993,0.057642104213200644
0.8681092665142717,0.13189073348572847
0.8353220390625558,0.16467796093744425
0.7540954855403968,0.24590451445960326
0.93666373993234,0.06333626006765994
0.9323137998014398,0.06768620019856039
0.7987589309266364,0.20124106907336353
0.9016283096261546,0.09837169037384555
0.8047853775191313,0.1952146224808688
0.8588972309164256,0.14110276908357453
0.9352766282754239,0.06472337172457603
0.8838034725461907,0.11619652745380937
0.8703665193607473,0.1296334806392527
0.7728294161298583,0.22717058387014163
0.8493844288200086,0.15061557117999116
0.8329267541091341,0.1670732458908659
0.8687716604536406,0.13122833954635935
0.8956487316525648,0.10435126834743524
0.8396297219841413,0.16037027801585876
0.921843644434217,0.07815635556578296
0.8862357911911479,0.11376420880885205
0.9283649818299738,0.0716350181700261
0.9336290690383446,0.06637093096165529
0.9456692766065763,0.0543307233934238
0.7611430887580072,0.2388569112419929
0.9140146868199043,0.08598531318009565
0.9071161808186632,0.09288381918133683
0.922449276691501,0.07755072330849903
0.9414073973051975,0.058592602694802334
0.928859954523089,0.07114004547691107
0.9478676457171743,0.05213235428282572
1.0,1.3877787807814457e-16
0.7857722805006544,0.21422771949934544
0.888044213636948,0.11195578636305203
0.8838819391682717,0.11611806083172829
0.7945818856948688,0.20541811430513132
0.8660247049473091,0.13397529505269093
0.8934932911675065,0.10650670883249358
0.8880159866666095,0.11198401333339036
0.8096674702521559,0.19033252974784418
0.8363044021851266,0.16369559781487344
0.8022293383750608,0.19777066162493928
0.815053325035861,0.18494667496413897
0.9416661352556105,0.058333864744389514
0.9452397317539698,0.05476026824603024
0.8699341543908854,0.1300658456091148
0.939647269644044,0.060352730355956
0.83080438179151,0.16919561820849002
0.9005673860621025,0.09943261393789751
0.9666762748799341,0.033323725120066025
0.876143582510442,0.1238564174895583
0.9444360357235227,0.05556396427647725
0.866492146481123,0.13350785351887692
0.7963204907094736,0.2036795092905264
0.8242327452348821,0.17576725476511806
0.8905398016694233,0.10946019833057692
0.7718994873373436,0.22810051266265635
0.9713697124616104,0.028630287538389622
0.7687575149819017,0.23124248501809838
0.9607510933006455,0.03924890669935448
0.9235260236203672,0.07647397637963273
0.877038376216557,0.12296162378344302
0.812895854122228,0.18710414587777205
0.9145737227975512,0.08542627720244875
0.7856137462109101,0.21438625378908988
0.7717053100286715,0.22829468997132854
0.8895400110372036,0.11045998896279648
0.7938826779802909,0.20611732201970925
0.7645244066016441,0.23547559339835591
0.9003906492993039,0.09960935070069599
0.9148144401585483,0.08518555984145172
0.957597624350885,0.04240237564911497
0.7946100325999542,0.2053899674000457
0.8896934412406401,0.11030655875935985
0.9368115477100547,0.06318845228994528
0.8813356909010923,0.11866430909890761
0.9352818782940577,0.06471812170594225
0.909657506004197,0.09034249399580305
0.897784549172134,0.1022154508278661
0.8874257151055077,0.11257428489449228
0.8619652243415478,0.1380347756584522
0.9280604985720883,0.07193950142791167
0.9611245684583118,0.038875431541688196
0.9383708342134156,0.061629165786584596
0.9036221257651381,0.09637787423486191
0.9287178247123595,0.07128217528764057
0.7836077962717841,0.2163922037282158
0.8608905349822384,0.1391094650177616
0.8983673882609895,0.10163261173901052
0.8604802792108153,0.13951972078918473
0.9515969156698867,0.04840308433011312
0.8734117188034619,0.12658828119653828
0.9123090169040616,0.0876909830959385
0.6800706355314236,0.3199293644685764
0.931968930671377,0.06803106932862311
0.9338993562154031,0.0661006437845969
0.8630397595849221,0.13696024041507807
0.8362951805647356,0.16370481943526446
0.8498524142137714,0.15014758578622844
0.8707032340090357,0.12929676599096407
0.7974183303388696,0.20258166966113064
0.9078967778698886,0.09210322213011139
0.8459925119420013,0.15400748805799871
0.9096606127070366,0.09033938729296344
0.8524964592147486,0.14750354078525135
0.9256011747958278,0.07439882520417238
0.7658972204855529,0.23410277951444705
0.8564750474967459,0.1435249525032545
0.849960665112883,0.1500393348871169
0.9232437081293839,0.07675629187061611
0.9131020624919886,0.08689793750801142
0.8733384418073108,0.12666155819268923
0.9302181264136551,0.06978187358634506
0.8825774415502298,0.11742255844977023
0.8615263844929941,0.13847361550700601
0.8323761350975546,0.16762386490244532
0.7810229247259082,0.21897707527409174
0.8644222273311266,0.13557777266887336
0.8575579320494056,0.1424420679505944
0.8047772005320759,0.19522279946792395
0.9496648413176716,0.05033515868232847
0.965336313779475,0.0346636862205253
0.8867650320933567,0.11323496790664331
0.8423697962617563,0.15763020373824382
0.9137396387943866,0.0862603612056134
0.822477199198428,0.17752280080157196
0.9391272640529841,0.06087273594701598
0.9187672507582575,0.08123274924174245
0.93395933972018,0.06604066027981999
0.9081802082375617,0.09181979176243822
0.8716175118432394,0.12838248815676048
0.857592174701585,0.142407825298415
0.8980697607179164,0.1019302392820834
0.7409175694889447,0.2590824305110553
0.9208875159691586,0.0791124840308414
0.866615297193244,0.13338470280675593
0.799782857937926,0.20021714206207397
0.7992000348889478,0.20079996511105236
0.89734831210451,0.10265168789548994
0.9397943569025297,0.06020564309747033
0.8232112049449237,0.17678879505507636
0.7935324378852977,0.20646756211470219
0.9418798435186286,0.05812015648137134
0.8880011281415088,0.11199887185849125
0.9323550260204962,0.06764497397950384
0.810422959414492,0.18957704058550803
0.9206691283448056,0.07933087165519441
0.8997454301239929,0.10025456987600712
0.824567835628742,0.17543216437125794
0.8073778748205868,0.1926221251794133
0.7414023487942721,0.25859765120572786
0.8058410223104392,0.19415897768956064
0.8868775129175898,0.11312248708241016
0.9309704944798922,0.06902950552010782
0.8140010511060255,0.18599894889397453
0.7980783820785871,0.201921617921413
0.875133949220265,0.12486605077973509
0.838668486189139,0.16133151381086105
0.841769591428976,0.15823040857102405
0.7669121529703627,0.23308784702963725
0.775409535744338,0.22459046425566193
0.7781456751986053,0.2218543248013945
0.8879999003906397,0.11200009960936036
0.8073791573450058,0.19262084265499424
0.8364025361529613,0.16359746384703877
0.8367156772064126,0.16328432279358732
0.8995079925411493,0.10049200745885065
0.7045949703801766,0.29540502961982334
0.9006856850369171,0.09931431496308289
0.7109684721226308,0.2890315278773694
0.9575084099641346,0.04249159003586547
0.9239190146216297,0.07608098537837026
0.8394422230636851,0.16055777693631498
0.9394783279403935,0.06052167205960636
0.8341857228729812,0.1658142771270187
0.8577529869918465,0.14224701300815357
0.8695031562601332,0.13049684373986672
0.8827725392891511,0.1172274607108489
0.8941307808663035,0.10586921913369653
0.9352366897669053,0.0647633102330946
0.9104835301458489,0.08951646985415097
0.9490573699617915,0.050942630038208495
0.904739241413744,0.0952607585862562
0.8164340957125511,0.18356590428744882
0.9140614506194962,0.08593854938050391
0.8401841252021873,0.1598158747978127
0.9352358668552639,0.06476413314473606
0.8111528842485232,0.18884711575147678
0.8915251529558906,0.10847484704410933
0.9265985044401451,0.07340149555985478
0.9559378450257404,0.04406215497425966
0.7987953325156322,0.20120466748436783
0.8073071119112811,0.19269288808871893
0.834754479351742,0.165245520648258
0.9611073683748599,0.03889263162514026
0.7946153926986996,0.2053846073013005
0.8188419223790624,0.1811580776209375
0.8779077320017331,0.12209226799826692
0.922947645317579,0.07705235468242101
0.8345074348052803,0.16549256519471955
0.8648548676438581,0.13514513235614198
0.8669759490876153,0.1330240509123847
0.9147755443305804,0.08522445566941961
0.9297567640431884,0.07024323595681171
0.9230229365929414,0.07697706340705844
0.8476364095872524,0.15236359041274763
0.8519420059891485,0.14805799401085154
0.9464861963375671,0.053513803662433086
0.9183604602935183,0.0816395397064818
0.9175857673785445,0.08241423262145567
0.9328051254758559,0.06719487452414404
0.8649601087278479,0.13503989127215207
0.7501431288272463,0.2498568711727536
0.9376040473834945,0.062395952616505435
0.9282340758497776,0.07176592415022247
0.8389702347375673,0.1610297652624329
0.9270701992516692,0.0729298007483307
0.8414299781661918,0.1585700218338083
0.949773053060413,0.05022694693958688
0.843146537322327,0.15685346267767314
0.9064395839981206,0.09356041600187943
0.920892533255019,0.07910746674498104
0.849509124551099,0.15049087544890102
0.8412988484852175,0.15870115151478242
0.8985903599041859,0.10140964009581417
0.864766097171002,0.1352339028289982
0.8351456355712071,0.1648543644287928
0.9293043902659297,0.07069560973407023
0.8058300941166612,0.19416990588333882
0.7863964167757231,0.2136035832242769
0.88477432935882,0.11522567064117992
0.893056678853198,0.10694332114680193
0.8619053407229889,0.13809465927701117
0.9324268762018959,0.06757312379810416
0.7878001003719317,0.21219989962806812
0.8830113763696938,0.1169886236303061
0.9151837126018109,0.0848162873981892
0.9179321661998971,0.08206783380010284
0.7663741081159943,0.23362589188400582
0.8108403745542129,0.18915962544578718
0.8254114989934991,0.17458850100650095
0.8240156814688921,0.17598431853110788
0.7806626825438163,0.21933731745618362
0.9037742539116963,0.0962257460883036
0.8270601065663389,0.17293989343366134
0.7588247450225668,0.24117525497743314
0.8935383922037308,0.10646160779626919
0.7853903671090475,0.21460963289095253
0.9157506947264863,0.08424930527351385
0.9578209338852911,0.042179066114708896
0.8918264144807868,0.10817358551921342
0.8271768197350244,0.1728231802649757
0.9443711180505014,0.05562888194949863
0.8140003862075847,0.18599961379241522
0.8018463137592126,0.1981536862407876
0.8938917036533846,0.10610829634661538
0.8256892766560313,0.17431072334396883
0.8719291494413175,0.12807085055868261
0.9270617830167731,0.07293821698322697
0.9334079713773412,0.0665920286226589
0.7918597252855323,0.20814027471446772
0.7844028981599781,0.21559710184002193
0.8038368031583255,0.19616319684167452
0.8402577439080241,0.15974225609197598
0.9322660949623309,0.06773390503766913
0.9520311832867889,0.04796881671321116
0.9387292361148188,0.06127076388518118
0.8558502862269307,0.14414971377306923
0.9123417094665398,0.08765829053346033
0.8339395568234473,0.16606044317655277
0.889895730292163,0.11010426970783709
0.7820823170847006,0.21791768291529945
0.8665088521186196,0.13349114788138053
0.9497400809982032,0.05025991900179684
0.7399801413181011,0.2600198586818989
0.7956188822030599,0.20438111779694024
0.8288700645090996,0.17112993549090044
0.9262344428689829,0.07376555713101716
0.882812705943321,0.11718729405667919
0.8880016803666262,0.11199831963337392
0.755077275437337,0.2449227245626628
0.7712087559871593,0.2287912440128408
0.8930676010201734,0.10693239897982665
0.888147316240798,0.11185268375920203
0.854586924440957,0.145413075559043
0.7840852819124149,0.21591471808758506
0.8815835423275401,0.11841645767246002
0.8490267498002266,0.15097325019977337
0.8879994267803866,0.1120005732196134
0.7390947968038925,0.26090520319610755
0.9057890573316675,0.09421094266833249
0.8475838768731836,0.1524161231268164
0.8875530451723027,0.11244695482769734
0.8629671886825228,0.13703281131747727
0.7911306132637298,0.2088693867362702
0.9061563591204509,0.09384364087954919
0.904348335489515,0.09565166451048496
0.8997747007963565,0.10022529920364358
0.9604455471694253,0.039554452830574696
0.9454391544702206,0.05456084552977941
0.7639936266129723,0.2360063733870276
0.7982235588647526,0.20177644113524737
0.8977668645473489,0.10223313545265122
0.8958665937924815,0.1041334062075186
0.8132217307128673,0.18677826928713276
0.8618114816805863,0.13818851831941356
0.9553804041770602,0.04461959582293973
0.8608157207247364,0.13918427927526342
0.9525636023239427,0.04743639767605739
0.8983824672116735,0.10161753278832647
0.7746795130259423,0.22532048697405774
0.6995528571166475,0.30044714288335234
0.7663674690163399,0.23363253098366005
0.8977895891522576,0.10221041084774252
0.7437028719009754,0.2562971280990246
0.9424452707297106,0.057554729270289276
0.8502201591834057,0.14977984081659437
0.8784523195922839,0.12154768040771613
0.9620087059081012,0.03799129409189888
0.888039029963216,0.11196097003678396
0.9579119807067764,0.04208801929322351
0.9208839903868762,0.07911600961312379
0.8813329599402617,0.11866704005973837
0.8681942247454459,0.13180577525455398
0.7548383672654376,0.2451616327345626
0.9230529371430785,0.07694706285692163
0.8819692783233191,0.11803072167668098
0.9350009289987093,0.06499907100129068
0.8579457344930739,0.14205426550692615
0.8013720954692072,0.19862790453079265
0.9351659588448992,0.06483404115510086
0.7814538666967713,0.21854613330322878
0.9155227226629665,0.08447727733703352
0.8163780627842131,0.18362193721578715
0.968413016181897,0.03158698381810296
0.8521799300061488,0.14782006999385144
0.9055259641036016,0.09447403589639838
0.8776787240435892,0.12232127595641082
0.8419066283987642,0.15809337160123585
0.9552561719374499,0.044743828062550124
0.8685056581155041,0.1314943418844961
0.8812822398141681,0.11871776018583188
0.9123580170707101,0.08764198292929007
0.8809550186189125,0.1190449813810875
0.9232770327881982,0.07672296721180186
0.9149096591956553,0.08509034080434474
0.9514515825419722,0.048548417458027834
0.8695139303676399,0.13048606963236023
0.8879993352517208,0.1120006647482792
0.8949493976448906,0.10505060235510943
0.9296456458862898,0.07035435411371033
0.7329651323106613,0.2670348676893389
0.9054854034659757,0.09451459653402429
0.9119776666164693,0.08802233338353074
0.9515168149230508,0.04848318507694917
0.9218303701204481,0.07816962987955182
0.8287952215986735,0.17120477840132658
0.7865137317202058,0.21348626827979425
0.8808556038526113,0.11914439614738881
0.7611924509567863,0.2388075490432138
0.8669170261202349,0.133082973879765
0.8960588404873087,0.10394115951269149
0.9254614307694018,0.07453856923059823
0.8663490581582982,0.13365094184170176
0.869195417273303,0.130804582726697
0.7926910300008794,0.20730896999912057
0.8855797857140545,0.11442021428594548
0.8879901496189948,0.11200985038100529
0.8284680873467596,0.17153191265324044
0.8663608311997363,0.1336391688002638
0.7916729145663797,0.20832708543362047
0.9493465760570371,0.050653423942962794
0.8000534196268048,0.1999465803731953
0.7334023999240551,0.2665976000759451
0.9351445592759465,0.06485544072405346
0.8430473727395441,0.1569526272604559
0.7927302072963088,0.20726979270369114
0.859353044061125,0.1406469559388751
0.9414438819760774,0.05855611802392255
0.8879787907840285,0.11202120921597156
0.9128358331725009,0.08716416682749913
0.7967990805646331,0.2032009194353668
0.933230068545239,0.06676993145476097
0.8702790203306523,0.12972097966934765
0.8887832157098233,0.1112167842901768
0.853418661333335,0.14658133866666512
0.8325125206939341,0.16748747930606592
0.8436049511429935,0.15639504885700656
0.8969731652305091,0.1030268347694911
0.8455757127516983,0.15442428724830182
0.7942553078947947,0.20574469210520535
0.9392010829419696,0.06079891705803039
0.935503737364937,0.06449626263506313
0.9371915492796365,0.06280845072036335
0.9038517679097308,0.09614823209026943
0.8569745569712671,0.1430254430287329
0.8146279512449093,0.18537204875509058
0.7918022986593646,0.20819770134063545
0.8854623383235707,0.11453766167642936
0.9342536082972389,0.06574639170276086
0.7979524194760577,0.20204758052394228
0.8880463694344415,0.11195363056555863
0.8087155787393767,0.1912844212606232
0.9208804171791353,0.07911958282086458
0.7535387072923816,0.2464612927076184
0.7945203116113201,0.20547968838867992
0.8629860552449625,0.13701394475503748
0.8777930913053771,0.12220690869462296
0.7720480358210912,0.22795196417890878
0.8691107412115635,0.1308892587884365
0.7621989459523728,0.23780105404762725
0.8587774531529326,0.14122254684706737
0.8413257822054195,0.15867421779458063
0.9065726236086145,0.09342737639138553
0.9464939576984593,0.05350604230154073
0.8295778556748926,0.17042214432510716
0.9136164039299939,0.08638359607000608
0.9404002263782818,0.05959977362171811
0.9147332182306019,0.08526678176939814
0.9001592141671603,0.09984078583283978
0.951113522611534,0.048886477388465965
0.8610594470387718,0.13894055296122815
0.7755767378222845,0.2244232621777155
0.7572845976197713,0.24271540238022862
0.9057864166009103,0.09421358339908976
0.979665468895193,0.020334531104807117
0.8880006607526524,0.11199933924734753
0.8971177978865659,0.10288220211343424
0.8827490232993481,0.11725097670065174
0.8482586332849192,0.15174136671508065
0.8726994208099941,0.12730057919000584
0.9230527593954715,0.07694724060452854
0.8978604422129635,0.10213955778703655
0.9338530280379932,0.06614697196200688
0.9200803412413375,0.07991965875866221
0.928357707842466,0.07164229215753382
0.89204684684512,0.10795315315488002
0.8628756004110549,0.13712439958894504
0.9515187390632668,0.04848126093673334
0.9147731338338891,0.08522686616611079
0.8934290443409456,0.10657095565905435
0.9001642979375768,0.09983570206242329
0.82387677599894,0.17612322400106
0.9309621153712233,0.06903788462877683
0.8508119574102023,0.14918804258979756
0.9049132087604935,0.09508679123950649
0.8880121250472737,0.1119878749527264
0.8170329657825358,0.18296703421746405
0.9218165070760367,0.07818349292396345
0.8140014094051345,0.1859985905948653
0.8955757056132888,0.10442429438671133
0.9318003256508353,0.0681996743491648
0.8752516035638018,0.12474839643619823
0.8626958195584931,0.13730418044150683
0.9271715914427394,0.07282840855726065
0.8590127084883216,0.14098729151167852
0.9045499469229277,0.0954500530770724
0.9464102323169785,0.053589767683021504
0.9657984186053724,0.03420158139462747
0.893563521222906,0.10643647877709396
0.9481142695924334,0.05188573040756665
0.9712966649557078,0.028703335044292157
0.9471301057498175,0.052869894250182535
0.887997990243647,0.11200200975635302
0.9230198463350088,0.07698015366499115
0.8774153077375673,0.12258469226243293
0.7961495038332097,0.2038504961667902
0.8393799367076805,0.16062006329231948
0.8476363956042717,0.15236360439572824
0.7866339511464874,0.21336604885351274
0.8796638085760791,0.12033619142392091
0.957383651809322,0.04261634819067818
0.839400818419149,0.1605991815808509
0.880292939763934,0.11970706023606596
0.8613581293691261,0.13864187063087394
0.8261430787380256,0.17385692126197436
0.9771862633714851,0.022813736628515005
0.9365084758070925,0.06349152419290757
0.9235202958570877,0.07647970414291234
0.9856247406814752,0.014375259318524793
0.8893133674464507,0.11068663255354927
0.8300762712420197,0.16992372875798042
0.9623333933787875,0.037666606621212434
0.8664168186177961,0.13358318138220382
0.8945156629171509,0.10548433708284896
0.9308106731756821,0.06918932682431798
0.8347080820723884,0.16529191792761164
0.9083847198344381,0.09161528016556202
0.838122236484708,0.16187776351529193
0.9323493202357461,0.06765067976425397
0.775791218308602,0.22420878169139807
0.7535338558281988,0.24646614417180124
0.8515080335388108,0.1484919664611893
0.7085247293253899,0.29147527067460993
0.8026370747595519,0.19736292524044816
0.924056687521738,0.0759433124782621
0.8515075486276461,0.14849245137235384
0.9254048325677647,0.07459516743223535
0.9446807931246548,0.05531920687534512
0.8907365837023167,0.10926341629768332
0.9006655126012291,0.0993344873987709
0.8784522442866686,0.12154775571333151
0.8587911967190308,0.14120880328096927
0.8073139529426528,0.19268604705734724
0.7470183000451693,0.25298169995483044
0.94902161742187,0.050978382578129984
0.9601236645566611,0.0398763354433389
0.7945438257001649,0.20545617429983482
0.7164064339690515,0.2835935660309487
0.9011234301774569,0.0988765698225431
0.8282534216952179,0.17174657830478218
0.8417430989083732,0.15825690109162685
0.9032857590042955,0.0967142409957045
0.9099380200676538,0.09006197993234624
0.9066700089051505,0.09332999109484952
0.8773831713300774,0.12261682866992264
0.9090029791641351,0.09099702083586486
0.8852793159889202,0.11472068401107995
0.8600192190877619,0.1399807809122381
0.837262495080712,0.16273750491928796
0.789453055904869,0.21054694409513094
0.9057885351796128,0.09421146482038732
0.840652030567013,0.159347969432987
0.9230513723475684,0.07694862765243152
0.9018877552095297,0.09811224479047033
0.8658735337120111,0.13412646628798897
0.7705341831179954,0.22946581688200451
0.8406425507420946,0.15935744925790532
0.9499983446756691,0.05000165532433089
0.8133392090523185,0.1866607909476815
0.8974240897069466,0.10257591029305335
0.8810812718585742,0.11891872814142568
0.9160418871725957,0.08395811282740442
0.9395466279279516,0.06045337207204836
0.9511113955463277,0.04888860445367218
0.8288034738638059,0.17119652613619415
0.8390313255411396,0.16096867445886026
0.9208873385645431,0.07911266143545695
0.7957275277152948,0.2042724722847052
0.8331361520029498,0.1668638479970503
0.8714390310609482,0.12856096893905183
0.8150176317850083,0.18498236821499173
0.8295585253957751,0.17044147460422476
0.8467389052845465,0.15326109471545338
0.8080043138493158,0.19199568615068427
0.8398022857388443,0.16019771426115573
0.9119931809760089,0.08800681902399124
0.7845965239379655,0.2154034760620344
0.760154702121975,0.23984529787802505
0.6904636843248777,0.3095363156751222
0.76166581604775,0.23833418395225006
0.88757670064914,0.11242329935085996
0.8830247417322339,0.11697525826776632
0.9075179109206757,0.09248208907932429
0.7655217540393117,0.23447824596068825
0.8880012004802018,0.11199879951979817
0.866499905988527,0.13350009401147298
0.9566760576944983,0.04332394230550159
0.8761159452614341,0.12388405473856583
0.935042908975999,0.06495709102400112
0.8499634870318036,0.15003651296819645
0.8087005784981447,0.19129942150185533
0.8224741641154649,0.17752583588453513
0.9225559837099201,0.07744401629007984
0.8879999816141136,0.11200001838588626
0.8701214933719643,0.12987850662803574
0.7352473627593329,0.2647526372406671
0.8468460602106233,0.15315393978937672
0.7992446178977356,0.2007553821022645
0.8445851351631968,0.15541486483680325
0.9375980988522854,0.062401901147714774
0.7574174030964806,0.24258259690351966
0.8991463510941711,0.10085364890582907
0.7477897647145195,0.2522102352854807
0.8220096206410293,0.17799037935897072
0.8478884610447931,0.15211153895520685
0.9047392716193309,0.09526072838066926
0.9426926610818965,0.05730733891810341
0.9359848119089277,0.06401518809107239
0.9407792504661506,0.05922074953384942
0.9402345277377949,0.05976547226220508
0.8880180289407503,0.11198197105924966
0.966790034012532,0.03320996598746802
0.8930238091775408,0.10697619082245931
0.969832797347118,0.03016720265288193
0.8599979931736301,0.14000200682636998
0.909106452139175,0.09089354786082503
0.7675340238184594,0.23246597618154063
0.8331236577797128,0.1668763422202873
0.7978141372068598,0.20218586279314016
0.8300941536500143,0.16990584634998573
0.8633345928853497,0.13666540711465022
0.9047681756303856,0.09523182436961442
0.8132247650202893,0.18677523497971066
0.8753316398956381,0.12466836010436193
0.8968837745414705,0.10311622545852937
0.8679924235141123,0.1320075764858877
0.8992466855591332,0.10075331444086684
0.9157501235592523,0.08424987644074762
0.8267619161945442,0.17323808380545588
0.8861306407996963,0.11386935920030375
0.8506930765501426,0.14930692344985758
0.7628096668875297,0.23719033311247023
0.8318926226160579,0.16810737738394219
0.8131805138481002,0.18681948615189972
0.8499436950067598,0.15005630499324024
0.9180198006483751,0.081980199351625
0.936315467129629,0.06368453287037103
0.8645551970134203,0.13544480298657993
0.8879971832244341,0.11200281677556581
0.8982313015355402,0.10176869846445982
0.833073545245019,0.16692645475498097
0.9424438559385407,0.05755614406145941
0.8106302844498585,0.18936971555014154
0.856629503466493,0.14337049653350697
0.8218936927161581,0.17810630728384189
0.7946014810023098,0.20539851899769013
0.7626739432697637,0.2373260567302363
0.917214415823301,0.08278558417669878
0.9001080117091809,0.09989198829081906
0.8880007160650422,0.11199928393495778
0.9124664949071865,0.08753350509281364
0.939548475408505,0.06045152459149513
0.8867377329989754,0.11326226700102462
0.9464618749060149,0.05353812509398515
0.8146482772840498,0.18535172271595035
0.8264039498249264,0.17359605017507349
0.853389363171366,0.146610636828634
0.7863660054527045,0.21363399454729545
0.9242407055123552,0.07575929448764483
0.8879985727052396,0.11200142729476034
0.8295776703424388,0.17042232965756116
0.884881749848144,0.11511825015185592
0.7708996304685815,0.22910036953141866
0.9491349566629356,0.050865043337064424
0.8992441693999388,0.10075583060006128
0.9357836394574728,0.06421636054252725
0.9260638658835924,0.07393613411640762
0.8525201640083585,0.14747983599164172
0.8525742536974612,0.1474257463025388
0.9510168581752453,0.04898314182475475
0.8767684201430544,0.12323157985694555
0.937955737627698,0.06204426237230203
0.8979757931729545,0.10202420682704556
0.8318230599133266,0.16817694008667342
0.7982249712734437,0.2017750287265564
0.821903469559606,0.17809653044039403
0.9555396393526973,0.04446036064730283
0.9276202260517408,0.07237977394825906
0.8255982265762888,0.17440177342371127
0.859037113490227,0.14096288650977284
0.8825478389323707,0.11745216106762939
0.8033448679711358,0.1966551320288642
0.9067137774153745,0.09328622258462553
0.8526600506213378,0.1473399493786623
0.8664267991689273,0.13357320083107269
0.8253532817438103,0.1746467182561897
0.8852770600111572,0.11472293998884274
0.9120627200592021,0.08793727994079781
0.955862075686009,0.0441379243139909
0.8664814959583264,0.13351850404167354
0.9089530261786436,0.09104697382135635
0.7517702267585212,0.24822977324147888
0.955866104478347,0.04413389552165316
0.7971736554969907,0.20282634450300938
0.9075041899386384,0.09249581006136136
0.741877629162831,0.2581223708371691
0.819798151995288,0.18020184800471203
0.9448941783587818,0.0551058216412182
0.8386688633951519,0.16133113660484807
0.8880092431338996,0.11199075686610047
0.9221691955579925,0.0778308044420076
0.8933410133616151,0.1066589866383848
0.8782948114051428,0.12170518859485714
0.8089976199559036,0.1910023800440966
0.8397241733705031,0.16027582662949688
0.795662952655081,0.20433704734491867
0.9645433296724231,0.03545667032757701
0.82729091694047,0.17270908305953006
0.8664985024589111,0.13350149754108892
0.7750468784269561,0.22495312157304384
0.9236674688910617,0.07633253110893848
0.9335409581147242,0.06645904188527584
0.8421449049376627,0.1578550950623374
0.866508060266344,0.13349193973365606
0.7864496373667538,0.2135503626332463
0.9423662508106881,0.057633749189311884
0.9487800318933217,0.05121996810667842
0.8766334091256613,0.12336659087433878
0.9174388295968194,0.08256117040318066
0.8027101296401692,0.19728987035983075
0.8605385319867754,0.13946146801322457
0.8001100265646557,0.19988997343534423
0.8276505952379978,0.17234940476200217
0.7707171757840834,0.22928282421591678
0.8093091535050556,0.19069084649494442
0.8924707645772636,0.1075292354227364
0.9664372377693954,0.03356276223060466
0.9029972785597362,0.09700272144026373
0.8165559369316093,0.1834440630683906
0.9512320399090416,0.04876796009095853
0.9462085399165888,0.053791460083411055
0.8570571235967133,0.14294287640328668
0.9186202846009984,0.08137971539900166
0.9372316589024474,0.06276834109755255
0.8865261401101172,0.11347385988988282
0.94261270478514,0.057387295214859975
0.8961465532807357,0.10385344671926429
0.8957484724893864,0.10425152751061352
0.9365914564883696,0.06340854351163057
0.8777931798169392,0.12220682018306092
0.9127991569728554,0.08720084302714466
0.7963087707303641,0.2036912292696361
0.8808512264138928,0.11914877358610719
0.769609169924305,0.23039083007569505
0.794648765029238,0.20535123497076202
0.940920820083919,0.05907917991608105
0.8587839482433548,0.1412160517566452
0.9024869532459509,0.09751304675404915
0.7551886846171825,0.2448113153828175
0.8488450664676433,0.15115493353235676
0.7975610992299852,0.20243890077001492
0.9319595109949402,0.06804048900505974
0.8397999990283523,0.1602000009716476
0.8693151640565056,0.13068483594349437
0.9265611928592176,0.07343880714078221
0.7476826309185711,0.2523173690814288
0.8418701370732083,0.15812986292679165
0.8818552429676979,0.11814475703230223
0.8227247215388972,0.17727527846110283
0.812730868007305,0.18726913199269515
0.7597855271643555,0.24021447283564473
0.7463353510610168,0.2536646489389835
0.93969193177616,0.06030806822384008
0.9517039156110163,0.048296084388983626
0.9133864894131898,0.08661351058681033
0.9081823864862401,0.09181761351375997
0.8879509738265775,0.11204902617342272
0.9163307502255342,0.08366924977446584
0.8590463854524866,0.14095361454751335
0.818162379387895,0.1818376206121051
0.9296251157866636,0.07037488421333656
0.8330808336144647,0.16691916638553536
0.8547466238718494,0.14525337612815056
0.8107848361818634,0.18921516381813674
0.9146317750962845,0.08536822490371561
0.8758126152492659,0.12418738475073424
0.8148186634683607,0.1851813365316393
0.8616301102173545,0.1383698897826455
0.8511523116064795,0.14884768839352053
0.9562440201639854,0.04375597983601476
0.8637718022678668,0.13622819773213327
0.9335712119936943,0.0664287880063057
0.8933081701221369,0.10669182987786298
0.8767822849760232,0.12321771502397677
0.7988009217845486,0.20119907821545144
0.8075557777184147,0.19244422228158534
0.9066961690888942,0.09330383091110589
0.8446829320347824,0.1553170679652178
0.8549514564038317,0.14504854359616842
0.9029444200641595,0.09705557993584045
0.9486213308335382,0.05137866916646175
0.7986968074359626,0.2013031925640375
0.873883568524407,0.12611643147559304
0.8394984175090923,0.16050158249090787
0.8044737470467198,0.19552625295328024
0.938989348259184,0.061010651740815956
0.8881923893218379,0.11180761067816224
0.8474128741595137,0.15258712584048623
0.9336178568605318,0.06638214313946825
0.7813503995471617,0.2186496004528383
0.8275414910334219,0.17245850896657822
0.8472892625634707,0.15271073743652935
0.8367116267518138,0.16328837324818615
0.9218948882597972,0.07810511174020289
0.8510752398963112,0.14892476010368888
0.8066045908586812,0.1933954091413187
0.868077851500657,0.13192214849934303
0.8123920471537084,0.18760795284629184
0.8163166344241729,0.18368336557582723
0.7598695622687129,0.24013043773128726
0.8057523190855348,0.1942476809144652
0.850372667284786,0.14962733271521395
0.9205850694317723,0.07941493056822786
0.9459289949348301,0.05407100506516992
0.8867780701606719,0.1132219298393282
0.9033177871036,0.09668221289640005
0.8932434723800579,0.10675652761994206
0.9371745450815435,0.06282545491845648
0.8785095221977895,0.12149047780221031
0.8826051827810155,0.1173948172189844
0.9373326691538243,0.06266733084617584
0.9542705346960308,0.045729465303969145
0.9465455241308954,0.053454475869104554
0.9396366955502089,0.060363304449791114
0.8666154258081576,0.13338457419184246
0.9071088447619511,0.09289115523804892
0.7494147579845107,0.25058524201548915
0.7503356950180168,0.24966430498198333
0.9042471038859159,0.09575289611408411
0.8809582012753213,0.11904179872467877
0.7770319037808837,0.22296809621911653
0.8287746958887521,0.17122530411124787
0.9325264239083202,0.06747357609167978
0.8100039037484976,0.18999609625150243
0.7290150911501614,0.27098490884983867
0.8546822096258292,0.14531779037417086
0.8183142001422998,0.18168579985770017
0.8832890131998237,0.1167109868001765
0.9214804478775721,0.07851955212242784
0.7910171911763294,0.20898280882367062
0.815723060904441,0.1842769390955589
0.8933152166010123,0.10668478339898778
0.9354759954747531,0.06452400452524691
0.850360916072681,0.14963908392731898
0.8090944301791563,0.1909055698208436
0.8303649475184453,0.16963505248155478
0.7900973631874701,0.20990263681252994
0.9020406554952886,0.09795934450471148
0.7739110117862451,0.22608898821375506
0.7626470752867829,0.23735292471321712
0.9071514976732882,0.09284850232671174
0.9421388057487494,0.05786119425125062
0.8220048260797097,0.1779951739202904
0.9431523509949479,0.056847649005052056
0.7727738949568376,0.22722610504316249
0.9188583323176072,0.08114166768239303
0.8246048674908156,0.17539513250918426
0.805785980074773,0.1942140199252269
0.7164499297179626,0.2835500702820377
0.8614332159052247,0.13856678409477532
0.8880611100855864,0.11193888991441363
0.8357673058463019,0.1642326941536979
0.9445368193757222,0.05546318062427769
0.856752441804401,0.14324755819559895
0.9079898260247101,0.09201017397529002
0.7489169936591835,0.25108300634081654
0.8076232866503471,0.19237671334965292
0.9428025035916421,0.05719749640835796
0.9203724459658224,0.07962755403417775
0.8139993711361214,0.1860006288638787
0.9354497926133866,0.0645502073866135
0.8883534398219181,0.11164656017808203
0.7377752519254434,0.2622247480745566
0.9350421541799474,0.06495784582005261
0.8142647129336403,0.1857352870663596
0.8942610736638754,0.1057389263361247
0.9270323554747184,0.07296764452528169
0.7671273520945667,0.23287264790543324
0.8606803089939739,0.13931969100602612
0.9079380866207233,0.09206191337927651
0.8093164548158076,0.1906835451841923
0.8219952084709644,0.17800479152903556
0.8197113702850474,0.18028862971495263
0.8692022882472878,0.13079771175271213
0.9212992449156565,0.07870075508434347
0.8564908316252484,0.14350916837475156
0.8179630268170396,0.1820369731829605
0.8260507758422412,0.17394922415775885
0.8689027869142499,0.13109721308575
0.9043336343685705,0.09566636563142947
0.7834964008399745,0.21650359916002548
0.9557425728938134,0.0442574271061867
0.7789735973521531,0.221026402647847
0.804945443065622,0.1950545569343781
0.8479932038797819,0.15200679612021806
0.814856218556357,0.185143781443643
0.9457424006152194,0.05425759938478063
0.8186414881218906,0.18135851187810934
0.8412887212139362,0.1587112787860638
0.8206526487635861,0.17934735123641382
0.7677891576338177,0.23221084236618222
0.893470649281118,0.10652935071888187
0.8762668604013134,0.12373313959868654
0.7790193784868008,0.22098062151319914
0.8243422411114052,0.1756577588885949
0.878461949293308,0.12153805070669195
0.8366837662010662,0.16331623379893367
0.8804890957539094,0.11951090424609051
0.9149260221568423,0.08507397784315783
0.8880609193732719,0.11193908062672804
0.919342801193363,0.08065719880663716
0.8402623819571382,0.15973761804286196
0.8660609311083411,0.13393906889165888
0.8173686940880757,0.18263130591192422
0.9047409514149474,0.09525904858505262
0.8880007418337192,0.11199925816628072
0.8953788881059584,0.10462111189404145
0.7722700023923029,0.22772999760769722
0.8973509346340506,0.10264906536594934
0.9538116034600252,0.046188396539974794
0.9306823155620269,0.069317684437973
0.884164551814388,0.11583544818561191
0.8356731280316404,0.16432687196835966
0.7659176984008723,0.2340823015991278
0.8276962303830943,0.17230376961690574
0.7329999817248759,0.26700001827512393
0.8413568130812916,0.15864318691870843
0.9479096462736734,0.052090353726326595
0.8356928261810513,0.1643071738189487
0.8464990530772345,0.1535009469227655
0.834633930143331,0.1653660698566689
0.9225564451957503,0.07744355480424966
0.8675646430334678,0.13243535696653214
0.9166189391188913,0.08338106088110875
0.8529496831666795,0.1470503168333205
0.8742189688927544,0.12578103110724567
0.9589736823536386,0.04102631764636163
0.8449591320646385,0.15504086793536162
0.8591894507917301,0.14081054920826977
0.8218585253062424,0.1781414746937578
0.9027971850818206,0.0972028149181794
0.8423632808710414,0.15763671912895855
0.8476174344611483,0.1523825655388517
0.9561508150080856,0.043849184991914425
0.7893618368957889,0.21063816310421118
0.8621915333899144,0.13780846661008553
0.8753656595524871,0.12463434044751288
0.7660419427350056,0.23395805726499444
0.8879975181819136,0.1120024818180864
0.9671353576244025,0.03286464237559752
0.780673588943461,0.21932641105653916
0.8526956632706798,0.14730433672932028
0.8474357729654539,0.15256422703454614
0.9626957826731792,0.0373042173268207
0.8470248623373613,0.1529751376626386
0.8324971440555039,0.16750285594449615
0.8218724204582765,0.1781275795417234
0.7524036011753393,0.24759639882466067
0.888014882030272,0.11198511796972795
0.938512581168206,0.06148741883179399
0.9038605085744871,0.09613949142551304
0.8570291318792386,0.1429708681207616
0.9303629386275443,0.06963706137245587
0.7731521739211815,0.22684782607881837
0.8900221943932289,0.10997780560677116
0.8372473256403217,0.1627526743596783
0.8710084364482961,0.12899156355170388
0.9122164340353984,0.08778356596460167
0.9677743407263762,0.03222565927362375
0.878539244172651,0.12146075582734898
0.8101154471208347,0.18988455287916522
0.8777131522544509,0.12228684774554932
0.8476211728737157,0.1523788271262842
0.9382391562765567,0.061760843723443155
0.8368845897093465,0.16311541029065355
0.7843889926875346,0.21561100731246544
0.882937224361422,0.11706277563857806
0.761135737017122,0.23886426298287788
0.8367213428693047,0.16327865713069534
0.9459130308198705,0.05408696918012954
0.9055391314499368,0.09446086855006311
0.9115348379514923,0.08846516204850766
0.8609825219379568,0.1390174780620434
0.9411564975466497,0.05884350245335021
0.8197018945306621,0.18029810546933783
0.9382276978158963,0.06177230218410356
0.9393657223989369,0.06063427760106319
0.829741050695086,0.1702589493049141
0.8494557894600372,0.15054421053996306
0.8723288958622631,0.127671104137737
0.9204984491397129,0.07950155086028708
0.8118853199943605,0.18811468000563947
0.7021575289723506,0.2978424710276494
0.8256857435808005,0.17431425641919962
0.8879506249643084,0.11204937503569161
0.7696276025467121,0.23037239745328772
0.8931999674485308,0.10680003255146922
0.8916041430109215,0.10839585698907843
0.810129588338331,0.18987041166166888
0.8401263717143765,0.15987362828562354
0.764264203107487,0.235735796892513
0.8567651169396127,0.14323488306038737
0.9092335450837994,0.09076645491620076
0.9561786645013836,0.04382133549861655
0.8675880499321075,0.1324119500678926
0.8880000320331761,0.11199996796682385
0.7945275763220174,0.20547242367798263
0.9130433950305107,0.08695660496948937
0.8939079609958595,0.10609203900414052
0.8626342083796661,0.13736579162033402
0.7835552155294029,0.21644478447059706
0.8283580352977533,0.17164196470224674
0.8935275477362999,0.10647245226370013
0.8880397029584316,0.11196029704156835
0.7965735665633594,0.20342643343664063
0.7808278992745211,0.2191721007254788
0.770306029617297,0.22969397038270298
0.871391267239261,0.1286087327607391
0.8792011519562923,0.12079884804370744
0.8970143392487592,0.1029856607512409
0.9469526000892827,0.0530473999107172
0.8002325880208275,0.19976741197917242
0.8988488993101548,0.10115110068984538
0.8611071927667523,0.13889280723324768
0.9373389355390271,0.06266106446097294
0.9581754409549159,0.041824559045084274
0.8881098930143427,0.11189010698565725
0.9287992769784559,0.0712007230215441
0.7626760977593108,0.23732390224068925
0.8956331237290834,0.1043668762709166
0.8216964170064708,0.17830358299352916
0.8881003777254051,0.11189962227459473
0.8758061894410654,0.12419381055893469
0.8329591650773256,0.16704083492267452
0.892140569717172,0.10785943028282823
0.8325002421215156,0.1674997578784844
0.9643156070507012,0.03568439294929881
0.9373333289641405,0.06266667103585959
0.8845400589253412,0.11545994107465885
0.8288715338347827,0.17112846616521732
0.8576011932052632,0.14239880679473704
0.8108729674617795,0.1891270325382204
0.8261605949342052,0.17383940506579484
0.8611580745680019,0.13884192543199803
0.8626278980278935,0.13737210197210636
0.8762850022754027,0.12371499772459735
0.9199523409044671,0.08004765909553296
0.8245400513143294,0.17545994868567075
0.9302785147907521,0.06972148520924795
0.9632551487103054,0.03674485128969463
0.8412750671904039,0.15872493280959601
0.9176729973208873,0.08232700267911267
0.8832989083163083,0.11670109168369161
0.8640027542135849,0.13599724578641506
0.8931343575441147,0.10686564245588526
0.8691073743268388,0.13089262567316126
0.8436167447112615,0.15638325528873856
0.9044508227633571,0.09554917723664304
0.9257875554559137,0.07421244454408621
0.9014551000716182,0.09854489992838167
0.8831723959306313,0.11682760406936862
0.9142529751916685,0.08574702480833148
0.8146478356786194,0.18535216432138066
0.9062276374165944,0.09377236258340563
0.8268805762284656,0.1731194237715344
0.927577465254639,0.07242253474536109
0.8777873835810293,0.12221261641897083
0.9042931968118684,0.09570680318813168
0.8761543315664815,0.12384566843351853
0.9306401117008317,0.0693598882991682
0.9370152162074926,0.06298478379250735
0.9277241951522185,0.0722758048477815
0.9227729298769791,0.07722707012302081
0.9178180978521586,0.08218190214784137
0.9134110848929781,0.08658891510702195
0.8680983051554416,0.13190169484455844
0.8189206681081797,0.18107933189182024
0.7800939864113445,0.21990601358865544
0.8862569415349777,0.11374305846502233
0.8251047626437342,0.17489523735626597
0.9451250915011085,0.0548749084988916
0.9188302634887691,0.08116973651123097
0.8489666147565638,0.15103338524343626
0.8449502942850434,0.1550497057149565
0.837640809312283,0.16235919068771706
0.8022099611422215,0.19779003885777843
0.9150604368086313,0.08493956319136858
0.8993953335556161,0.10060466644438391
0.8980927287718108,0.10190727122818934
0.9255352519257826,0.07446474807421764
0.8110394638812246,0.1889605361187755
0.8058143328513275,0.1941856671486725
0.8979765030203,0.10202349697970009
0.9123302842723274,0.08766971572767257
0.8716186951604439,0.128381304839556
0.8612673329236403,0.13873266707635964
0.8880002710421734,0.11199972895782664
0.9041493156262231,0.09585068437377699
0.9664172223169666,0.03358277768303327
0.7808166618020336,0.21918333819796643
0.8217458912454543,0.17825410875454564
0.8435727609608468,0.1564272390391533
0.846651140170403,0.15334885982959703
0.9078729906558871,0.09212700934411287
0.9033020116965087,0.09669798830349119
0.9613631329611647,0.03863686703883542
0.8643230766453988,0.13567692335460121
0.9073892070305432,0.09261079296945687
0.9503123515034547,0.04968764849654515
0.8252609831438614,0.17473901685613855
0.8367163544775197,0.1632836455224803
0.8879996829810226,0.11200031701897727
0.8880346401439216,0.11196535985607825
0.8268108237728211,0.17318917622717891
0.9356627686238611,0.06433723137613884
0.7909145948272273,0.20908540517277277
0.8171932816611008,0.1828067183388992
0.768551102647203,0.231448897352797
0.9130144478632741,0.08698555213672596
0.9297879297456041,0.07021207025439585
0.863699171613671,0.13630082838632895
0.869309621229111,0.13069037877088893
0.8879955691775043,0.11200443082249571
0.9195546432801636,0.08044535671983648
0.8098902067121122,0.19010979328788785
0.8972516299376831,0.10274837006231699
0.9382364558997351,0.06176354410026506
0.9109944620179101,0.08900553798208992
0.8123507921299279,0.18764920787007228
0.9350502709275579,0.06494972907244223
0.9140974444517337,0.08590255554826627
0.8879608524224516,0.1120391475775485
0.9086090133985272,0.09139098660147275
0.8863687431691877,0.11363125683081245
0.7929674027362403,0.20703259726376
0.8407252735882391,0.15927472641176088
0.7454240143608228,0.2545759856391772
0.7652340979752431,0.234765902024757
0.8057534855885252,0.1942465144114749
0.9320912846487301,0.06790871535126979
0.8318586274325451,0.16814137256745484
0.8790570291195317,0.12094297088046825
0.7882591921600772,0.21174080783992297
0.8493909815736841,0.1506090184263161
0.8318648699004988,0.16813513009950135
0.8030688434955963,0.19693115650440374
0.7119530312799592,0.2880469687200405
0.7801161140951981,0.21988388590480182
0.917884726994251,0.08211527300574899
0.8127751533843235,0.18722484661567657
0.8558884090305192,0.14411159096948084
0.8345309843651249,0.16546901563487526
0.9429671160671831,0.057032883932816886
0.9598857734716598,0.040114226528340145
0.8635210165041692,0.13647898349583076
0.8600224409253678,0.13997755907463222
0.8681415521852434,0.13185844781475656
0.8048541137849933,0.19514588621500661
0.9175451584178056,0.08245484158219438
0.8656594979854856,0.13434050201451442
0.8682660570677241,0.13173394293227608
0.7864080749331002,0.21359192506689983
0.926293417564158,0.07370658243584216
0.9596515564344414,0.040348443565558695
0.862217139443002,0.13778286055699787
0.7440459689689074,0.25595403103109265
0.8107847590822649,0.1892152409177352
0.9660939715061976,0.03390602849380235
0.8519053201511849,0.14809467984881514
0.7734212072327814,0.22657879276721857
0.9333761774636095,0.06662382253639043
0.9354715400001093,0.06452845999989067
0.9532045347140006,0.046795465285999566
0.8004156224106866,0.1995843775893132
0.8246017198119511,0.17539828018804904
0.8227846770590056,0.1772153229409944
0.8868577933037592,0.11314220669624071
0.8183566423554206,0.1816433576445794
0.8880234942507478,0.11197650574925222
0.8752004823570501,0.12479951764294997
0.8134250176748581,0.18657498232514194
0.9369293833858288,0.06307061661417133
0.8897830057546221,0.11021699424537773
0.7663733535137391,0.2336266464862609
0.9029093286194375,0.0970906713805626
0.8429580143468463,0.15704198565315386
0.7732538717765997,0.2267461282234004
0.8756664924206973,0.12433350757930269
0.9654112366801445,0.03458876331985549
0.7768617464847041,0.22313825351529606
0.8237076776634135,0.17629232233658662
0.911686499554143,0.08831350044585672
0.9156114704258662,0.08438852957413397
0.7893212856926762,0.21067871430732363
0.9321386644841132,0.06786133551588687
0.7734396035014842,0.22656039649851592
0.9338786829354049,0.06612131706459509
0.7572696584281013,0.24273034157189866
0.9561223897075372,0.04387761029246288
0.9434999786881751,0.05650002131182495
0.8887855391569246,0.11121446084307537
0.9237089992358346,0.0762910007641655
0.7893339650635985,0.21066603493640151
0.9335110677260346,0.06648893227396532
0.864752686844316,0.135247313155684
0.8880023799349092,0.11199762006509091
0.8412067565575034,0.15879324344249654
0.8173035140442485,0.1826964859557516
0.7824495493098012,0.21755045069019882
0.8972502459401425,0.10274975405985758
0.7437950225312489,0.2562049774687512
0.8867939674301389,0.11320603256986106
0.789337101675073,0.21066289832492704
0.9547195632501485,0.045280436749851494
0.8093104230965279,0.190689576903472
0.7914431156618738,0.20855688433812644
0.9112299772035269,0.0887700227964732
0.7463258619831902,0.2536741380168098
0.8721737270228904,0.12782627297710963
0.8852244748985173,0.11477552510148267
0.9553837482607822,0.04461625173921787
0.9495835862112193,0.0504164137887806
0.9384606821307849,0.0615393178692151
0.9003337429098616,0.09966625709013852
0.9643998653336051,0.03560013466639483
0.8309790669612106,0.16902093303878937
0.7479232154777464,0.2520767845222536
0.8313687371268864,0.16863126287311359
0.9543258469091852,0.045674153090814705
0.8888058057082362,0.11119419429176369
0.9387429056826199,0.06125709431738003
0.8197025904303358,0.18029740956966436
0.9340624125879653,0.06593758741203466
0.8790257476672455,0.12097425233275476
0.8788417078361124,0.12115829216388779
0.8878915031091781,0.112108496890822
0.8880023315271152,0.11199766847288503
0.8783486630694477,0.12165133693055259
0.8224123580825823,0.17758764191741766
0.746916275239765,0.25308372476023494
0.8029821830029091,0.1970178169970908
0.8460622155740822,0.15393778442591793
0.8584009059063918,0.14159909409360807
0.7899299029544042,0.21007009704559562
0.8879996901294802,0.11200030987051979
0.9031864919988803,0.09681350800111971
0.97547831421596,0.02452168578403997
0.8395137311869643,0.16048626881303588
0.8740739470652391,0.12592605293476097
0.900883616928682,0.09911638307131812
0.7720315874883072,0.22796841251169275
0.8610145763806456,0.13898542361935431
0.9333520731917143,0.06664792680828557
0.9502425151964805,0.04975748480351946
0.8879936488154789,0.1120063511845211
0.7894531143825746,0.21054688561742535
0.8357741215285738,0.16422587847142625
0.7611777948936489,0.23882220510635116
0.8215359833421016,0.1784640166578983
0.8335839876554888,0.1664160123445113
0.8209536444043418,0.17904635559565818
0.881329147469922,0.11867085253007806
0.8889849314948123,0.1110150685051877
0.9208884841067737,0.07911151589322625
0.9021265176478577,0.09787348235214242
0.8678498089441912,0.13215019105580883
0.8369666942639296,0.16303330573607053
0.7880643526968961,0.21193564730310405
0.8985593922476096,0.10144060775239025
0.8139769659431405,0.1860230340568596
0.955982511087108,0.044017488912892054
0.7627182566650096,0.23728174333499052
0.8494811862906564,0.15051881370934364
0.8491544093127387,0.1508455906872614
0.8888324033232629,0.11116759667673715
0.8367991277189152,0.16320087228108485
0.8665681788961559,0.13343182110384422
0.9214474435254951,0.0785525564745049
0.8995328256785873,0.1004671743214128
0.8302570648076846,0.16974293519231543
0.7627414620351657,0.2372585379648343
0.8670670093698492,0.13293299063015085
0.8593828302682713,0.14061716973172866
0.866857397856076,0.13314260214392407
0.814778862098595,0.18522113790140513
0.9595280710227764,0.0404719289772236
0.7068121094900659,0.2931878905099342
0.8726628500791085,0.12733714992089157
0.8771893721706912,0.122810627829309
0.8196919931350989,0.18030800686490114
0.9032878975292443,0.0967121024707557
0.9289111898675961,0.0710888101324038
0.872651753347809,0.12734824665219108
0.8977525926183882,0.1022474073816117
0.8457136882228142,0.15428631177718563
0.8457341366684165,0.15426586333158349
0.9464152959265889,0.05358470407341122
0.9679731506614351,0.032026849338564825
0.7551789912230117,0.2448210087769883
0.8524137404553519,0.14758625954464835
0.7455093609369505,0.25449063906304964
0.8842975232800292,0.11570247671997082
0.9079562346396356,0.0920437653603644
0.889595648125003,0.11040435187499709
0.8512225891362347,0.14877741086376525
0.9208741524507662,0.07912584754923382
0.9208928865692201,0.07910711343078002
0.8368724402473984,0.16312755975260168
0.907837812482032,0.09216218751796809
0.9514327319745174,0.0485672680254829
0.7544972573027463,0.24550274269725367
0.7856451814323342,0.21435481856766586
0.7790667269517191,0.22093327304828092
0.9733525663614273,0.02664743363857275
0.8894656796751242,0.11053432032487583
0.8786270965505509,0.12137290344944889
0.9079546730622701,0.09204532693772997
0.9137381309859531,0.08626186901404696
0.8571945901708283,0.14280540982917161
0.9000001468157622,0.0999998531842376
0.7526962724104966,0.2473037275895034
0.8745473333655844,0.1254526666344156
0.8755003425351309,0.12449965746486914
0.8879987527407179,0.11200124725928202
0.9357433383928944,0.06425666160710566
0.8657970050721555,0.13420299492784446
0.9225020147889683,0.07749798521103181
0.8880257820003231,0.1119742179996768
0.8589160353837437,0.14108396461625627
0.8854018197890836,0.11459818021091633
0.9347882889246562,0.06521171107534407
0.9061301714030455,0.09386982859695436
0.8534136273750265,0.14658637262497365
0.9617383600081987,0.03826163999180151
0.9055846703782052,0.09441532962179484
0.8965397093438925,0.10346029065610761
0.8749691969932755,0.12503080300672453
0.92273443639519,0.07726556360481003
0.9216220068452434,0.07837799315475662
0.8977638343744513,0.10223616562554873
0.7775634246310705,0.22243657536892952
0.8972889456175347,0.10271105438246542
0.860044738262635,0.13995526173736497
0.8396339078099188,0.16036609219008127
0.924227521870934,0.07577247812906615
0.8769228441702729,0.12307715582972718
0.9365501712172689,0.06344982878273116
0.8982743193377689,0.10172568066223106
0.878437129572925,0.12156287042707498
0.9063127604014128,0.09368723959858724
0.8928157874787672,0.10718421252123277
0.887551293296607,0.11244870670339308
0.9081677373787431,0.09183226262125678
0.862464140455204,0.137535859544796
0.9033289363506963,0.09667106364930364
0.917932578488624,0.08206742151137611
0.8986345489534063,0.10136545104659372
0.8078400460827353,0.1921599539172649
0.9698429358792308,0.030157064120769166
0.9123299929620223,0.08767000703797759
0.8176586009657378,0.18234139903426216
0.887595741019336,0.11240425898066397
0.912160032879132,0.08783996712086803
0.907931950761521,0.09206804923847897
0.8638058024662685,0.1361941975337315
0.8546291298506783,0.14537087014932162
0.880753204240959,0.11924679575904096
0.9328318412684822,0.06716815873151782
0.805817578569996,0.19418242143000403
0.8121867395869893,0.18781326041301094
0.8606766456790671,0.1393233543209331
0.7880777425064598,0.21192225749354027
0.9643844191818466,0.03561558081815346
0.9318298053609182,0.06817019463908183
0.937307138659557,0.06269286134044294
0.8538620573130073,0.14613794268699262
0.8524906686547946,0.14750933134520544
0.9086824566187667,0.0913175433812333
0.8515767760557444,0.1484232239442555
0.7810106328841209,0.21898936711587916
0.9138317147585444,0.08616828524145573
0.7542932145532235,0.24570678544677643
0.9314830954110304,0.06851690458896961
0.8897323883590958,0.11026761164090411
0.9289539632744281,0.071046036725572
0.8598098561120913,0.14019014388790874
0.8618823961910458,0.1381176038089542
0.8717920092882601,0.12820799071174013
0.9011112289133605,0.09888877108663945
0.8880157192357709,0.11198428076422898
0.9416481844359612,0.05835181556403891
0.9718199292943902,0.0281800707056098
0.9423634399225214,0.05763656007747868
0.8053992632227891,0.19460073677721104
0.8916438390380658,0.10835616096193429
0.9434239451748063,0.056576054825193706
0.9047401159148243,0.09525988408517581
0.7882001141832905,0.21179988581670964
0.7800367724310326,0.2199632275689675
0.8809911772598661,0.11900882274013395
0.9044362035697089,0.09556379643029111
0.7575610406670561,0.24243895933294385
0.9145491676079748,0.08545083239202517
0.9416820137868886,0.05831798621311146
0.8686122723701553,0.13138772762984474
0.7998350085537456,0.20016499144625455
0.8560366780743623,0.1439633219256376
0.9379879048369054,0.06201209516309466
0.8636040641698489,0.136395935830151
0.889863662765022,0.11013633723497807
0.9598049937301866,0.04019500626981339
0.8805017529563164,0.11949824704368366
0.9560792654414112,0.04392073455858875
0.8684900766086674,0.13150992339133258
0.9301583498624683,0.06984165013753159
0.8870908004654984,0.11290919953450163
0.7993877378599101,0.20061226214008995
0.8409469779496177,0.15905302205038244
0.9364568262692625,0.06354317373073765
0.897724432378552,0.10227556762144792
0.7741657283148214,0.22583427168517858
0.8879999574702706,0.11200004252972943
0.8356433005058049,0.16435669949419515
0.8848598292655864,0.11514017073441371
0.8891625034283679,0.11083749657163218
0.7898792415382623,0.2101207584617377
0.8933095353396512,0.10669046466034891
0.7915329070818058,0.20846709291819426
0.88798746598717,0.11201253401282991
0.8700613334363522,0.1299386665636478
0.833176568380356,0.16682343161964397
0.7971772970257456,0.2028227029742544
0.78493159948129,0.21506840051871
0.8790573964754702,0.12094260352452982
0.8842993030957865,0.11570069690421349
0.7973573624792808,0.20264263752071918
0.8285104430071021,0.17148955699289792
0.9662128757164157,0.03378712428358439
0.8328839990836988,0.16711600091630108
0.8441514431330324,0.15584855686696777
0.8521200932612982,0.14787990673870177
0.8474256048475207,0.1525743951524793
0.831935599989361,0.16806440001063894
0.9324035118894484,0.06759648811055158
0.865800543756664,0.13419945624333596
0.9167220697654961,0.08327793023450403
0.7967453688521947,0.2032546311478052
0.8810162297393901,0.11898377026060998
0.919283537484484,0.0807164625155161
0.8880062919921557,0.11199370800784438
1.0,0.0
0.8771534864716001,0.12284651352839997
0.8426725867823243,0.1573274132176758
0.9344139684186936,0.06558603158130628
0.84323130951069,0.15676869048931005
0.7963026007705118,0.20369739922948824
0.858533897944607,0.14146610205539306
0.8072599839766539,0.1927400160233463
0.7709112021747611,0.22908879782523883
0.8880160155531439,0.1119839844468558
0.8786845706856461,0.12131542931435393
0.8163903117286316,0.18360968827136825
0.933922116441136,0.06607788355886404
0.9620279415624691,0.037972058437530855
0.7947725153356555,0.20522748466434462
0.9448282237216742,0.05517177627832577
0.8253928064025966,0.1746071935974034
0.8112008998067816,0.1887991001932186
0.849411422479461,0.15058857752053903
0.8682874034101673,0.13171259658983275
0.9017205815744916,0.09827941842550823
0.8397425838326861,0.16025741616731393
0.7982227681406826,0.20177723185931745
0.8510210062790191,0.1489789937209809
0.8384680151796822,0.16153198482031783
0.882369173699522,0.11763082630047791
0.8774166804741094,0.12258331952589066
0.8881919020186634,0.1118080979813366
0.8510051071674972,0.14899489283250264
0.7734182857953544,0.22658171420464548
0.9335061313236952,0.0664938686763049
0.9210563775213665,0.07894362247863344
0.7407469481661793,0.25925305183382075
0.7905521131115323,0.2094478868884677
0.9620001422322839,0.03799985776771623
0.8531032712369246,0.14689672876307533
0.814730418027253,0.18526958197274707
0.7981427206727848,0.20185727932721528
0.861629310692091,0.138370689307909
0.8933063769872722,0.10669362301272776
0.8310854561866212,0.16891454381337878
0.7825599120038724,0.21744008799612763
0.907121369702823,0.09287863029717704
0.9507035140317407,0.04929648596825934
0.8733313239223458,0.12666867607765428
0.9631379844698129,0.03686201553018715
0.9579997387560105,0.04200026124398947
0.8878499143963187,0.11215008560368128
0.87193135392224,0.12806864607776008
0.8346568831347095,0.16534311686529052
0.9254961119756487,0.07450388802435129
0.8954098076744167,0.10459019232558336
0.8998419089379528,0.10015809106204733
0.8893901009774867,0.11060989902251327
0.9468652831634207,0.05313471683657946
0.953331300736639,0.04666869926336102
0.9367099803958823,0.06329001960411766
0.8684852418819863,0.1315147581180137
0.8737534463146369,0.126246553685363
0.8563285580312592,0.14367144196874088
0.8791064313199648,0.12089356868003528
0.9753425596605133,0.024657440339486875
0.7800259069884884,0.21997409301151147
0.9429153262349066,0.05708467376509334
0.8476315124723535,0.15236848752764673
0.9107708106743306,0.08922918932566937
0.9134539058622951,0.08654609413770485
0.862181790641697,0.13781820935830325
0.8555144688348644,0.14448553116513577
0.9337173187463431,0.06628268125365695
0.7924014785692065,0.20759852143079352
0.8616393383281366,0.13836066167186348
0.870319771738834,0.12968022826116604
0.8082433418539994,0.19175665814600065
0.8267098067602306,0.17329019323976938
0.8881711248499046,0.11182887515009551
0.909383122449064,0.09061687755093585
0.9446432407374389,0.05535675926256112
0.7934517057146826,0.20654829428531737
0.8564809237320342,0.14351907626796578
0.8997394565215546,0.10026054347844542
0.8440396101504588,0.1559603898495411
0.8037286483290556,0.19627135167094464
0.9052925895084507,0.09470741049154928
0.910481490765716,0.08951850923428396
0.9431349997913857,0.05686500020861437
0.9656058192105251,0.034394180789474836
0.9556705646732732,0.04432943532672677
0.943312250352525,0.056687749647474986
0.8115013497639236,0.18849865023607634
0.7732560243606735,0.2267439756393264
0.9498899310909504,0.05011006890904952
0.8359807011691694,0.1640192988308306
0.8703694942957444,0.12963050570425563
0.7806724021813355,0.21932759781866465
0.7968358184001247,0.20316418159987523
0.888014502344849,0.111985497655151
0.861880577237207,0.13811942276279301
0.8268328153875579,0.17316718461244213
0.8396226491659028,0.1603773508340973
0.7711258558247345,0.2288741441752655
0.9848534957175764,0.015146504282423664
0.8789476600172129,0.12105233998278699
0.9430149138454749,0.05698508615452514
0.8775913550898515,0.12240864491014845
0.8237021449156549,0.17629785508434506
0.8892957587266395,0.1107042412733607
0.7865254115864397,0.2134745884135604
0.8628558947402455,0.13714410525975435
0.9741706594116881,0.025829340588311954
0.8909094945246943,0.10909050547530587
0.8978758665736265,0.1021241334263736
0.903023120027446,0.09697687997255393
0.918489639117553,0.08151036088244686
0.8628054305158924,0.1371945694841076
0.8057122886735366,0.19428771132646327
0.781440465986407,0.2185595340135931
0.9570327349409339,0.04296726505906618
0.7830047089890035,0.21699529101099652
0.9325893839868155,0.06741061601318467
0.9906963385583996,0.009303661441600417
0.8368277723514155,0.16317222764858444
0.7721733391631268,0.22782666083687325
0.7531369222120823,0.24686307778791772
0.9387257244782148,0.061274275521785444
0.79650620963665,0.2034937903633499
0.8261436623818544,0.1738563376181456
0.8098265729673108,0.1901734270326892
0.8775514225887052,0.12244857741129477
0.9145056423215507,0.08549435767844915
0.7591725936065452,0.24082740639345482
0.8614527839498528,0.13854721605014736
0.7640261403120505,0.2359738596879496
0.8653650677953687,0.1346349322046313
0.9573790594004468,0.04262094059955319
0.8564782153311745,0.14352178466882554
0.938999665622971,0.06100033437702893
0.8979994138439832,0.10200058615601688
0.8024343228970934,0.19756567710290668
0.9539856193077589,0.0460143806922411
0.9018190579340355,0.09818094206596452
0.9471714476374639,0.05282855236253605
0.9239444360247656,0.07605556397523447
0.876993897961489,0.12300610203851103
0.8879917266175859,0.1120082733824142
0.8417716034365248,0.15822839656347537
0.910671786206663,0.08932821379333704
0.8530628029437385,0.14693719705626157
0.8665178438676795,0.1334821561323206
0.8173913370351511,0.18260866296484893
0.8573833835507378,0.1426166164492623
0.8576282484617125,0.14237175153828743
0.9425818220860089,0.05741817791399109
0.8598580872738191,0.14014191272618093
0.9353596519154823,0.06464034808451763
0.811790621464556,0.18820937853544392
0.9564387962727876,0.04356120372721223
0.934612827948457,0.06538717205154299
0.9525656958113733,0.04743430418862668
0.7947554375474963,0.2052445624525036
0.8364519891751793,0.16354801082482073
0.9391408221719048,0.06085917782809531
0.7659687238515476,0.23403127614845254
0.8656600299241561,0.13433997007584386
0.9068672001852028,0.09313279981479722
0.8795119836023312,0.12048801639766892
0.9128971191228569,0.08710288087714325
0.881333113020938,0.11866688697906204
0.8524145822097756,0.14758541779022438
0.8515291084497361,0.14847089155026402
0.9260642166006078,0.07393578339939239
0.8309752496782614,0.16902475032173855
0.822148055812832,0.17785194418716793
0.8358957007533241,0.164104299246676
0.9479036083267046,0.05209639167329544
0.7973878713283223,0.20261212867167763
0.7695027299514722,0.23049727004852788
0.8832832891017057,0.11671671089829427
0.7893688943441861,0.21063110565581392
0.8643643206675071,0.13563567933249285
0.9297882859654091,0.07021171403459109
0.8273459118061499,0.17265408819384986
0.880958628194623,0.11904137180537691
0.904766085233619,0.09523391476638099
0.9130431299634466,0.08695687003655328
0.9494205877512045,0.05057941224879556
0.8759350876412848,0.1240649123587153
0.9616452776204024,0.03835472237959776
0.8309205345380465,0.16907946546195363
0.8714355307984905,0.12856446920150968
0.875169029883637,0.12483097011636292
0.7884893201891116,0.21151067981088856
0.9362608601933058,0.06373913980669414
0.8196941933184088,0.1803058066815912
0.9421735936862703,0.05782640631372962
0.8451458773049113,0.15485412269508858
0.9408067142554211,0.05919328574457896
0.8880473363227173,0.11195266367728272
0.9324020344121063,0.06759796558789374
0.8797616536009282,0.12023834639907174
0.9171153674304316,0.08288463256956835
0.8875205457493319,0.11247945425066809
0.8474568820267838,0.15254311797321612
0.8907638759003361,0.10923612409966386
0.9128991465830909,0.0871008534169091
0.9512880879714696,0.04871191202853041
0.8971047058798797,0.10289529412012036
0.9150682909473364,0.08493170905266362
0.9126674319427912,0.08733256805720876
0.7717473191007315,0.2282526808992686
0.8874840923414612,0.11251590765853875
0.8779097172740422,0.12209028272595789
0.8351887217048395,0.16481127829516048
0.7804152450015861,0.21958475499841396
0.8877625133063615,0.1122374866936386
0.7890762685362924,0.21092373146370733
0.8145961416778638,0.18540385832213618
0.8883113253610944,0.11168867463890556
0.842544083360701,0.15745591663929895
0.8854008314583267,0.11459916854167328
0.7916805064507754,0.2083194935492247
0.9422008804753149,0.05779911952468505
0.8092515191611813,0.19074848083881868
0.9236333901421268,0.07636660985787333
0.9160811357278743,0.08391886427212572
0.8882149477104114,0.11178505228958849
0.9491635744690664,0.05083642553093372
0.9073051406727561,0.09269485932724388
0.9204507085646161,0.079549291435384
0.8442038476640077,0.15579615233599234
0.8832832714721026,0.1167167285278973
0.8643228125286025,0.13567718747139743
0.9332396198279523,0.06676038017204766
0.9020432429630326,0.0979567570369673
0.8189708631096739,0.1810291368903261
0.8982784009155746,0.10172159908442534
0.845333814141132,0.15466618585886804
0.7968048603088023,0.20319513969119768
0.7925919505820258,0.20740804941797428
0.8573991840022455,0.14260081599775454
0.9406508829434275,0.059349117056572545
0.9149086100539011,0.08509138994609892
0.8831298676238475,0.11687013237615239
0.7658980563199637,0.2341019436800363
0.9606029785563865,0.03939702144361346
0.9421219317266386,0.057878068273361345
0.8208476755950093,0.17915232440499088
0.8441648604089023,0.1558351395910977
0.8490759197812733,0.15092408021872689
0.9169562216744294,0.08304377832557067
0.7817567475341698,0.21824325246583015
0.9152205177137918,0.08477948228620827
0.8732748492377916,0.12672515076220847
0.958521472413943,0.04147852758605693
0.7517346659750539,0.24826533402494608
0.8300921823413293,0.16990781765867072
0.9366572171717886,0.0633427828282114
0.7721666241379188,0.2278333758620812
0.783529326631185,0.21647067336881493
0.8498838910628586,0.15011610893714153
0.8314592604828686,0.1685407395171315
0.7808523629355385,0.21914763706446128
0.8081791931255373,0.19182080687446262
0.803834510713171,0.19616548928682911
0.8929142743066728,0.10708572569332718
0.9471840719300274,0.05281592806997261
0.9237716379919398,0.07622836200806019
0.9010019064251081,0.09899809357489203
0.9288397598662417,0.07116024013375838
0.8502439109087038,0.1497560890912963
0.7929331310721075,0.20706686892789258
0.8400032824615702,0.1599967175384298
0.9545621307043393,0.04543786929566082
0.9124554468541126,0.08754455314588735
0.8701197380747429,0.12988026192525715
0.7644499356133488,0.2355500643866511
0.7987323375243164,0.20126766247568378
0.9283424017696942,0.07165759823030597
0.8441168250697805,0.15588317493021953
0.9227293033946539,0.07727069660534616
0.888000774589666,0.11199922541033411
0.8887511059126294,0.1112488940873705
0.8879945639963873,0.11200543600361278
0.8412643344277838,0.15873566557221597
0.8284505493086616,0.17154945069133848
0.9666232363145268,0.03337676368547326
0.7800289711780442,0.2199710288219559
0.9107691363503961,0.0892308636496038
0.8655345812369155,0.13446541876308443
0.8398078467165226,0.1601921532834773
0.9549958373804313,0.045004162619568806
0.8449073018694212,0.15509269813057877
0.7548098209425183,0.2451901790574816
0.8534182609940294,0.14658173900597055
0.9088923775357226,0.09110762246427746
0.9630421283310938,0.03695787166890616
0.8701254626151974,0.12987453738480276
0.8666296405605353,0.13337035943946493
0.8466541447982538,0.15334585520174604
0.7077124563019843,0.2922875436980156
0.8605302600276411,0.1394697399723588
0.8414375243954136,0.15856247560458642
0.8749640319797826,0.12503596802021752
0.7865516169250764,0.2134483830749236
0.9051607114601209,0.09483928853987908
0.7478253391063353,0.25217466089366475
0.8749403687293531,0.1250596312706469
0.883174271866411,0.1168257281335891
0.8451335195954371,0.15486648040456297
0.8471230774997052,0.15287692250029494
0.8310151814924505,0.16898481850754957
0.8538943189902585,0.14610568100974153
0.9081796715020466,0.09182032849795353
0.9262329129125996,0.07376708708740051
0.9743222057145609,0.025677794285439176
0.8840653357525103,0.11593466424748965
0.864499093347538,0.13550090665246212
0.9005052758676989,0.09949472413230093
0.877908976308948,0.12209102369105188
0.8041286686771348,0.1958713313228654
0.9011655420958212,0.09883445790417889
0.8786984075238333,0.12130159247616681
0.8372315055100265,0.16276849448997355
0.9265612781966109,0.073438721803389
0.8880045253302645,0.1119954746697355
0.9259768085730542,0.07402319142694566
0.7580649676412672,0.2419350323587327
0.9166444379259363,0.08335556207406367
0.8407660356929271,0.1592339643070729
0.8644799541847552,0.1355200458152448
0.8807487284234864,0.1192512715765138
0.9518439006041771,0.04815609939582294
0.8150183201248026,0.1849816798751975
0.9119557626190833,0.0880442373809166
0.8613645521618235,0.13863544783817636
0.9786824811478605,0.02131751885213942
0.9380349325887131,0.06196506741128702
0.8913110895231026,0.10868891047689741
0.8598280984568978,0.14017190154310227
0.8877449597690545,0.11225504023094547
0.7852588603739545,0.21474113962604524
0.8887708816198842,0.11122911838011586
0.8808388131797235,0.11916118682027654
0.8838058070919717,0.11619419290802833
0.9367317231965527,0.06326827680344725
0.9408504837835394,0.059149516216460696
0.9251579304424881,0.07484206955751209
0.9176814886808486,0.08231851131915137
0.8770509069098072,0.12294909309019258
0.8516956986892452,0.14830430131075462
0.7753925452338406,0.22460745476615956
0.6977532947814771,0.30224670521852315
0.9182596187694534,0.08174038123054665
0.9266090480698963,0.07339095193010371
0.9064130119232126,0.09358698807678749
0.875503684683576,0.12449631531642401
0.9170740226261207,0.08292597737387959
0.8448299577537489,0.1551700422462512
0.8770465258163566,0.12295347418364343
0.8372577090718906,0.16274229092810943
0.8713871237379138,0.1286128762620864
0.8019329716004425,0.19806702839955748
0.8697340760086251,0.13026592399137482
0.9266250041764904,0.07337499582350945
0.7803122135347884,0.21968778646521162
0.9245840586354976,0.0754159413645024
0.7835432164742898,0.2164567835257102
0.868282642756956,0.1317173572430441
0.9323501116684256,0.06764988833157434
0.7599190986266399,0.24008090137336013
0.7682392125187165,0.23176078748128343
0.9001827697191278,0.09981723028087233
0.8927783562742132,0.10722164372578687
0.8190657867875214,0.18093421321247857
0.8695000247650876,0.13049997523491247
0.8033635753258919,0.19663642467410816
0.9350272778880672,0.06497272211193288
0.9464971830391101,0.053502816960889946
0.85873745761363,0.1412625423863699
0.8047604059543967,0.1952395940456032
0.7925707796839455,0.20742922031605446
0.8239179056342419,0.17608209436575803
0.8915844398999554,0.10841556010004458
0.9329625171100452,0.06703748288995487
0.8378305782914932,0.16216942170850682
0.8994863621170199,0.10051363788298019
0.8580682863639937,0.14193171363600637
0.86497523853366,0.13502476146633996
0.8982874647616742,0.10171253523832584
0.8652989383769113,0.13470106162308879
0.718857159569829,0.28114284043017107
0.963402878992687,0.03659712100731292
0.8464687201204704,0.1535312798795295
0.93350485960312,0.06649514039687981
0.7783700906711641,0.22162990932883606
0.8569608642196356,0.14303913578036453
0.7917075789110293,0.20829242108897084
0.8517940358932878,0.14820596410671213
0.774579619596022,0.22542038040397816
0.8500212527114454,0.14997874728855448
0.8391602054897094,0.16083979451029057
0.92891584723491,0.07108415276509003
0.8810347464529854,0.1189652535470146
0.938746701990126,0.061253298009874044
0.9935601894846595,0.006439810515340512
0.9240024629242818,0.0759975370757183
0.7857986514738079,0.21420134852619208
0.8879976166401254,0.1120023833598747
0.8561471155786833,0.1438528844213167
0.893073537283684,0.10692646271631595
0.8507456166207262,0.14925438337927402
0.8993890682780273,0.10061093172197245
0.9277571113723468,0.07224288862765316
0.8880000242199265,0.11199997578007362
0.8378181301342833,0.16218186986571678
0.8170308696069525,0.18296913039304744
0.8614318190160497,0.1385681809839502
0.818434091482673,0.18156590851732712
0.8504935304312087,0.14950646956879143
0.8968022703112866,0.10319772968871359
0.8376502795799837,0.16234972042001627
0.862966389884751,0.1370336101152488
0.9243467542363375,0.07565324576366249
0.7945627757131601,0.20543722428683997
0.851665842036395,0.14833415796360516
0.7992181735855944,0.20078182641440556
0.7908562941624406,0.2091437058375595
0.8277236513851169,0.17227634861488283
0.9226662274934776,0.0773337725065225
0.8325016275309984,0.1674983724690015
0.8162467172899777,0.18375328271002225
0.9087692120159192,0.09123078798408085
0.8470215383776086,0.15297846162239145
0.7821840616513815,0.21781593834861857
0.9345557702191645,0.06544422978083544
0.8480900899763609,0.15190991002363913
0.9760449324069123,0.02395506759308771
0.735516888596774,0.26448311140322595
0.887999978491847,0.11200002150815304
0.935188837754821,0.06481116224517902
0.8956854440588523,0.10431455594114775
0.8084775209393714,0.1915224790606287
0.8396720914095008,0.16032790859049925
0.8932899762535543,0.10671002374644575
0.841006361851025,0.15899363814897513
0.9496690157284041,0.05033098427159602
0.841266176327367,0.158733823672633
0.8404190047986572,0.1595809952013429
0.707332412551546,0.292667587448454
0.9378511152486461,0.06214888475135381
0.8576109352515298,0.14238906474847038
0.8746043088859201,0.12539569111408
0.898090656712994,0.10190934328700581
0.8248273566437807,0.1751726433562192
0.939615426515748,0.060384573484251955
0.9073827535414847,0.09261724645851524
0.9280152492887397,0.07198475071126041
0.8268164890616594,0.17318351093834058
0.8058187662327834,0.19418123376721663
0.8393287092306163,0.16067129076938366
0.8318874146437054,0.16811258535629464
0.8973066175924314,0.10269338240756866
0.9166412223794259,0.0833587776205739
0.8407246131783986,0.1592753868216014
0.7580518347426138,0.24194816525738622
0.7626759043489226,0.23732409565107754
0.851701955858928,0.14829804414107212
0.8587772609644841,0.14122273903551574
0.8174019524584943,0.18259804754150571
0.8687386715812851,0.1312613284187147
0.8277885320416027,0.1722114679583972
0.8517070776733713,0.14829292232662877
0.9367820174030567,0.0632179825969434
0.8487798967639891,0.15122010323601093
0.8879998670476964,0.11200013295230375
0.7595144910123729,0.24048550898762722
0.8721040963283454,0.12789590367165457
0.9485025119774582,0.05149748802254203
0.8575187064691605,0.14248129353083946
0.9326640714802219,0.06733592851977838
0.75201555761083,0.2479844423891698
0.8657610367360107,0.13423896326398926
0.8813390046732312,0.11866099532676866
0.9109837676396919,0.08901623236030813
0.9184558424200826,0.08154415757991734
0.8312122605930966,0.16878773940690342
0.8590477512715798,0.14095224872842022
0.8908084532610867,0.10919154673891322
0.7957243365246179,0.20427566347538226
0.9708094575844379,0.029190542415562182
0.9240366125030297,0.07596338749697024
0.9313932393123288,0.06860676068767128
0.8031760074515047,0.19682399254849528
0.8484294981987681,0.1515705018012321
0.9325694426826557,0.06743055731734414
0.83839033508744,0.16160966491255993
0.7536064046479382,0.24639359535206187
0.8740234140920302,0.12597658590796992
0.8782436792913924,0.1217563207086077
0.8464093977440352,0.1535906022559648
0.857633619136457,0.14236638086354292
0.9529407375402431,0.04705926245975694
0.8476528109533555,0.15234718904664457
0.9144675025462712,0.08553249745372886
0.8957907308704859,0.10420926912951411
0.8205594988854517,0.17944050111454832
0.7265463792276436,0.2734536207723564
0.9373349206169672,0.06266507938303278
0.9145231345288181,0.085476865471182
0.9081815776050279,0.09181842239497208
0.8422177561767764,0.15778224382322384
0.9239716436291329,0.0760283563708671
0.8803003208338183,0.11969967916618178
0.8494951482094959,0.1505048517905041
0.9091065569366573,0.09089344306334265
0.8132750336676593,0.18672496633234079
0.8563229855390287,0.14367701446097134
0.8931673975771728,0.10683260242282722
0.8313959637528561,0.16860403624714396
0.8965578211876506,0.10344217881234939
0.8390123308241245,0.16098766917587545
0.7979404878110499,0.20205951218895016
0.8636633776361251,0.13633662236387484
0.9146613155921455,0.08533868440785454
0.8879928242143073,0.1120071757856928
0.9277400000557823,0.07225999994421783
0.9297886369154353,0.07021136308456477
0.9126117080675242,0.08738829193247574
0.750419998869689,0.2495800011303109
0.9346153436669072,0.06538465633309287
0.9177478765508973,0.08225212344910271
0.9498234953939327,0.050176504606067256
0.8232501163906571,0.176749883609343
0.9472016873560629,0.05279831264393712
0.8875772103394841,0.11242278966051597
0.8879638056224866,0.1120361943775135
0.9006860838900845,0.09931391610991541
0.9492287932109941,0.050771206789006054
0.7982229273512612,0.20177707264873876
0.795650917339073,0.20434908266092708
0.9339610369097022,0.06603896309029769
0.8891161713030858,0.1108838286969141
0.8219873764573744,0.17801262354262568
0.9154374692160229,0.08456253078397685
0.9104815912593477,0.08951840874065235
0.8529392056990672,0.14706079430093277
0.7956602006241874,0.20433979937581268
0.9456460956519798,0.0543539043480203
0.8466990279777838,0.15330097202221624
0.880239801780262,0.11976019821973802
0.9270676371954557,0.07293236280454429
0.8879837839392153,0.11201621606078457
0.8197130199471896,0.18028698005281046
0.913936364520097,0.08606363547990306
0.8761592912701939,0.12384070872980599
0.7528986193946687,0.24710138060533135
0.8618235984552044,0.13817640154479557
0.8879847278029349,0.11201527219706509
0.777023360007943,0.222976639992057
0.7863999733873853,0.2136000266126147
0.9572166965577688,0.04278330344223131
0.8611539019621525,0.13884609803784753
0.9374963832633307,0.06250361673666942
0.8827764242513266,0.1172235757486734
0.9166497576058451,0.0833502423941548
0.8545923320004881,0.14540766799951194
0.9102004496735903,0.0897995503264098
0.8880002716870213,0.11199972831297873
0.8846650720394366,0.11533492796056354
0.8240179306959343,0.17598206930406574
0.9077332409136645,0.09226675908633548
0.8356866767733167,0.16431332322668338
0.7869851085908668,0.21301489140913324
0.8981809416210441,0.101819058378956
0.8880006670475041,0.1119993329524959
0.8563800549235049,0.1436199450764952
0.7770007188625967,0.22299928113740325
0.8083100646157474,0.19168993538425258
0.8556442867720596,0.14435571322794044
0.927429848717767,0.07257015128223286
0.8419028944078306,0.15809710559216938
0.9329308449280336,0.06706915507196645
0.8266579690423708,0.1733420309576293
0.8578281434411591,0.14217185655884088
0.8261193968185084,0.17388060318149162
0.8028628037463236,0.19713719625367643
0.8349203710131154,0.16507962898688466
0.8489106987491087,0.15108930125089134
0.9548913313957321,0.045108668604267904
0.8910669089269648,0.10893309107303509
0.9169115945030304,0.08308840549696965
0.9607783039456506,0.039221696054349386
0.8230228971117645,0.1769771028882356
0.8618808851558417,0.13811911484415823
0.7927507846945886,0.20724921530541143
0.9136573482247107,0.08634265177528941
0.8989328290082012,0.101067170991799
0.9088295736400451,0.09117042635995491
0.711828554075387,0.28817144592461297
0.8549463671027296,0.14505363289727025
0.9433038333025121,0.05669616669748775
0.8225009931208255,0.17749900687917447
0.726338183284486,0.2736618167155141
0.9429262112743871,0.057073788725612806
0.8264172404895611,0.1735827595104391
0.8381711360657859,0.1618288639342144
0.7820388173290255,0.21796118267097458
0.9864807371003197,0.013519262899680294
0.9370530382376192,0.06294696176238089
0.9224226430029012,0.0775773569970987
0.7798995541960598,0.22010044580394014
0.859052340203183,0.14094765979681698
0.870813033447107,0.12918696655289302
0.7330076672278317,0.26699233277216833
0.8879448254402121,0.11205517455978801
0.9028981971505656,0.09710180284943451
0.7841562105598511,0.21584378944014898
0.9010158338767739,0.09898416612322614
0.82229663250823,0.17770336749177
0.9040737768751856,0.09592622312481429
0.8773642325946092,0.12263576740539091
0.842621212836208,0.1573787871637921
0.8103559641860621,0.18964403581393785
0.7740757018697086,0.22592429813029133
0.8765051415030191,0.12349485849698104
0.9104725195692699,0.08952748043073018
0.9435958738832733,0.056404126116726905
0.9527195396376676,0.047280460362332334
0.8274538323150299,0.17254616768497014
0.8808186614902802,0.11918133850971971
0.9243455312759744,0.07565446872402583
0.9073209153721419,0.0926790846278581
0.94407354543097,0.05592645456903001
0.922654282848786,0.07734571715121413
0.9329937256585267,0.06700627434147317
0.7400170314501817,0.2599829685498183
0.8155989168711595,0.18440108312884057
0.9138018318629992,0.08619816813700076
0.9115132017266135,0.08848679827338647
0.9414748311934208,0.05852516880657901
0.8107774803784743,0.18922251962152578
0.8484354190946718,0.1515645809053283
0.7856894580986681,0.21431054190133192
0.8399091981600004,0.16009080183999952
0.9372371196224146,0.06276288037758551
0.8591877233979925,0.14081227660200749
0.9429443167446788,0.057055683255321184
0.8220017459388321,0.177998254061168
0.8584350504653525,0.14156494953464754
0.8655098528355939,0.13449014716440602
0.866594703816396,0.133405296183604
0.9494183662114398,0.050581633788560246
0.7800671813948546,0.21993281860514519
0.8057688571379983,0.19423114286200152
0.8784254095074207,0.12157459049257945
0.8423825049575614,0.1576174950424386
0.9335325719662426,0.0664674280337573
0.8613617030848758,0.13863829691512417
0.8960401809299289,0.10395981907007115
0.7792256434578196,0.22077435654218033
0.8038631817815206,0.1961368182184793
0.8844214453074867,0.11557855469251345
0.8770383519104477,0.12296164808955233
0.8157013516386376,0.18429864836136256
0.8689336619954983,0.1310663380045018
0.8101894893844909,0.18981051061550916
0.9114687968778976,0.08853120312210243
0.8985728061195216,0.10142719388047837
0.8980896486596752,0.10191035134032488
0.8724623903906514,0.12753760960934868
0.8474541525206508,0.15254584747934907
0.9640298858763806,0.03597011412361949
0.800180762286299,0.19981923771370103
0.955616221579858,0.04438377842014202
0.8758470436176069,0.12415295638239308
0.9590428836029185,0.04095711639708154
0.9437606680960852,0.056239331903914794
0.8377990340851947,0.16220096591480532
0.9043235491479719,0.09567645085202811
0.8636734235666892,0.13632657643331095
0.8288540128257528,0.17114598717424723
0.7849017877015886,0.21509821229841145
0.8749167558884294,0.12508324411157065
0.9265671921601072,0.07343280783989285
0.7887542585578595,0.2112457414421406
0.8976081293678752,0.10239187063212477
0.8611550269309468,0.1388449730690532
0.8123394068203359,0.18766059317966383
0.8324998298251384,0.1675001701748616
0.8684313147887377,0.13156868521126228
0.9254842727712622,0.07451572722873771
0.893629623208393,0.10637037679160702
0.8215191979031234,0.17848080209687658
0.9324876468683325,0.06751235313166751
0.794637715594116,0.20536228440588403
0.7775130268299782,0.2224869731700219
0.910450264469938,0.08954973553006189
0.9083626588036436,0.09163734119635629
0.8514186204442442,0.14858137955575568
0.8715881672133446,0.1284118327866555
0.8580716241063878,0.14192837589361232
0.7437375167281417,0.25626248327185824
0.8383916613111835,0.16160833868881647
0.9313168434438395,0.06868315655616067
0.9203823757583441,0.07961762424165589
0.9172754809500105,0.08272451904998943
0.7658942252496594,0.23410577475034067
0.874022231122017,0.12597776887798295
0.8880083763720651,0.11199162362793495
0.7733080859230421,0.22669191407695774
0.9202395657768337,0.07976043422316627
0.7948294196228178,0.2051705803771822
0.9613216102012003,0.03867838979879974
0.8607043353197416,0.13929566468025842
0.8435830111065096,0.15641698889349043
0.8884516293831249,0.11154837061687513
0.8423615445597584,0.15763845544024155
0.8280061465831455,0.1719938534168545
0.8880003433120925,0.11199965668790757
0.9075283389609894,0.09247166103901065
0.8417213031977394,0.15827869680226064
0.9178849883919656,0.08211501160803436
0.8548356070172315,0.14516439298276868
0.8240585498197383,0.1759414501802618
0.8071058187213634,0.19289418127863656
0.9434996001918383,0.056500399808161725
0.9402398470649694,0.059760152935030515
0.88100102992405,0.11899897007595012
0.920012419577099,0.07998758042290093
0.8965240943028043,0.10347590569719566
0.8115284396152119,0.18847156038478802
0.9081800629976982,0.09181993700230202
0.830744091699453,0.16925590830054696
0.8785276170752028,0.12147238292479724
0.732999542586945,0.2670004574130551
0.8729327644649816,0.1270672355350184
0.8367772725832635,0.16322272741673657
0.8493959534983604,0.15060404650163964
0.9361648504523091,0.06383514954769073
0.8444839045783056,0.15551609542169434
0.9701197729087762,0.029880227091223694
0.7329236462776387,0.2670763537223615
0.7822837740079915,0.21771622599200857
1.0,0.0
0.9108005339735746,0.08919946602642542
0.9296511689653084,0.07034883103469168
0.7848896191220345,0.21511038087796558
0.9150268090391751,0.08497319096082506
0.8536367085722978,0.14636329142770213
0.9543885203701107,0.04561147962988926
0.8157243377108392,0.18427566228916079
0.9192309828269593,0.08076901717304075
0.9186732656383797,0.08132673436162037
0.8879983599508412,0.11200164004915879
0.792765679069157,0.20723432093084312
0.8398832770846786,0.1601167229153214
0.9647806162835197,0.035219383716480264
0.9465996205601559,0.05340037943984426
0.8891439441191133,0.11085605588088664
0.8813258933376752,0.11867410666232484
0.8001652105975546,0.19983478940244537
0.8415185032053354,0.15848149679466456
0.8422260735431709,0.1577739264568292
0.786919879947395,0.21308012005260527
0.814411273200746,0.18558872679925414
0.8529476176252277,0.14705238237477214
0.9133609595056272,0.08663904049437296
0.9141534371536555,0.08584656284634462
0.8658323493350162,0.13416765066498373
0.88743612257377,0.11256387742623013
0.8602516624690282,0.139748337530972
0.9518817675383573,0.048118232461642416
0.9283180012212313,0.07168199877876871
0.7842127088313474,0.21578729116865272
0.8852891453498382,0.11471085465016215
0.9089337244324243,0.09106627556757577
0.9082348297547705,0.0917651702452293
0.8997967325347467,0.10020326746525335
0.8758362464057015,0.12416375359429847
0.7188617901424688,0.28113820985753124
0.8978624754994098,0.1021375245005903
0.9582111737068094,0.04178882629319049
0.880043212739021,0.11995678726097897
0.9431588635670913,0.05684113643290855
0.8000855167689089,0.19991448323109104
0.8788496103544515,0.12115038964554865
0.8165924565947453,0.1834075434052548
0.7297128782513884,0.27028712174861164
0.88057793889576,0.11942206110424007
0.7678241410237797,0.23217585897622026
0.805074763377785,0.194925236622215
0.7756915702634751,0.2243084297365247
0.8276680283651343,0.1723319716348658
0.8425073675870941,0.15749263241290595
0.942367446889114,0.05763255311088591
0.9446712351993553,0.055328764800645
0.8615596028264295,0.13844039717357032
0.8775564011800808,0.12244359881991909
0.7835275743496003,0.21647242565039984
0.8465737067569185,0.1534262932430816
0.962088334203744,0.03791166579625609
0.8880019801726117,0.11199801982738841
0.7786434665411297,0.22135653345887035
0.9220732417314245,0.07792675826857545
0.9389930440480873,0.06100695595191281
0.9185530157093099,0.08144698429069008
0.8967698301640663,0.10323016983593364
0.8219781113796469,0.17802188862035323
0.8936543797422543,0.10634562025774576
0.8593541830367588,0.14064581696324122
0.939224101449283,0.06077589855071701
0.8258746333395812,0.17412536666041878
0.9205836637052511,0.07941633629474885
0.8879905475789922,0.11200945242100768
0.8455753257216425,0.15442467427835763
0.878369967613133,0.12163003238686709
0.9217910489040406,0.07820895109595954
0.8880062800260772,0.11199371997392289
0.9278306889989465,0.07216931100105353
0.7834269041057274,0.2165730958942727
0.8614921081554344,0.13850789184456572
0.8389757670710956,0.16102423292890444
0.803978187714357,0.19602181228564303
0.8555965099998344,0.14440349000016572
0.9041145321256637,0.0958854678743363
0.9171247691644169,0.08287523083558317
0.8880194413416371,0.11198055865836304
0.9178565010150022,0.08214349898499798
0.9357281211383706,0.06427187886162947
0.9256982778529802,0.07430172214701983
0.8293788059508471,0.17062119404915296
0.8025742772230612,0.1974257227769389
0.8534373596462933,0.14656264035370675
0.8501023462653469,0.14989765373465314
0.9406789588240209,0.05932104117597924
0.8664933573912784,0.1335066426087218
0.7696036208268164,0.23039637917318365
0.7588675099334848,0.24113249006651513
0.9221108814774635,0.07788911852253674
0.8309005365092447,0.16909946349075533
0.9439876180803578,0.056012381919642105
0.9039515743201542,0.09604842567984577
0.8498039144593718,0.1501960855406282
0.9075104936697764,0.09248950633022347
0.8067922073543258,0.1932077926456741
0.9484379820430595,0.05156201795694054
0.8775641875519716,0.12243581244802831
0.9055144550304584,0.09448554496954159
0.8056712994453915,0.19432870055460844
0.9479343649371116,0.05206563506288825
0.9501197925179125,0.04988020748208726
0.9126663499736025,0.08733365002639752
0.8057399109662897,0.19426008903371023
0.9146988340840464,0.08530116591595333
0.9093227188495417,0.09067728115045831
0.949077286438809,0.05092271356119106
0.9112009661372796,0.08879903386272034
0.9282321768798307,0.0717678231201693
0.9266415766615165,0.07335842333848348
0.7732746566559471,0.226725343344053
0.844175551645959,0.1558244483540411
0.7570300612623947,0.24296993873760528
0.8985713936513378,0.10142860634866221
0.8931954880660873,0.10680451193391269
0.9246092319183934,0.07539076808160672
0.8580009008802031,0.141999099119797
0.9294154388507633,0.07058456114923677
0.7480578999682029,0.25194210003179707
0.9623057372602001,0.0376942627398001
0.8523868618496028,0.14761313815039712
0.8203323563699619,0.17966764363003795
0.8077263846768536,0.1922736153231464
0.9220115642453848,0.07798843575461518
0.9302846899406978,0.0697153100593023
0.8373961569630533,0.1626038430369467
0.7956242220447913,0.20437577795520837
0.8503513486372186,0.14964865136278138
0.8214010986579642,0.17859890134203574
0.8334300536767951,0.1665699463232049
0.818517997773449,0.18148200222655103
0.9164194112656644,0.08358058873433526
0.8809911868983195,0.1190088131016805
0.905714260981781,0.09428573901821909
0.9540704059998262,0.04592959400017386
0.8412699418323208,0.15873005816767913
0.9222155608625832,0.07778443913741685
0.8880243225559986,0.1119756774440015
0.8623673732122632,0.13763262678773686
0.7743206978830917,0.22567930211690848
0.9368188245123633,0.06318117548763666
0.7623282860265659,0.23767171397343415
0.8075494428708025,0.1924505571291976
0.9126449418359567,0.08735505816404338
0.8817011515572689,0.11829884844273106
0.9478881282923646,0.0521118717076356
0.8514335873325871,0.14856641266741294
0.8540046122244033,0.14599538777559676
0.8219907901527397,0.17800920984726026
0.8120590762522361,0.18794092374776392
0.8325000145956926,0.1674999854043074
0.8516247271752936,0.1483752728247065
0.9392675284627435,0.06073247153725651
0.9047347694680563,0.09526523053194359
0.8336757534099646,0.16632424659003547
0.8494947099236092,0.1505052900763908
0.8280299275302053,0.17197007246979465
0.9413350171991838,0.0586649828008161
0.8697153755208797,0.13028462447912026
0.8880028181321948,0.1119971818678052
0.9434992140173739,0.05650078598262608
0.9361803495365195,0.06381965046348069
0.9174607110446573,0.08253928895534264
0.893437307925808,0.10656269207419206
0.8524045172175301,0.14759548278246984
0.8397895005664662,0.16021049943353396
0.8437160663096379,0.15628393369036192
0.9167874766855519,0.08321252331444802
0.9618423245878165,0.03815767541218347
0.7934353933517558,0.2065646066482441
0.8412970829454154,0.15870291705458447
0.8762655120970091,0.1237344879029908
0.8331042650334255,0.16689573496657453
0.746149943312118,0.253850056687882
0.9010882975625105,0.0989117024374895
0.8537055820540335,0.14629441794596654
0.7921599645676096,0.20784003543239044
0.8577321247140226,0.14226787528597748
0.9152869488969733,0.08471305110302682
0.7751551885821668,0.2248448114178334
0.7824477270539507,0.21755227294604915
0.7903483106282316,0.2096516893717685
0.7659247748869578,0.23407522511304227
0.8465361118472778,0.1534638881527222
0.9006530651989767,0.09934693480102313
0.8509897148885555,0.14901028511144457
0.9575972650471319,0.04240273495286799
0.8672107959368872,0.13278920406311287
0.8555331276321059,0.14446687236789393
0.8879535685016507,0.11204643149834928
0.9452760516937624,0.054723948306237634
0.9499258918682362,0.05007410813176387
0.8498133708649236,0.15018662913507635
0.7946143241886642,0.2053856758113358
0.8880052535744758,0.11199474642552422
0.7950915576152333,0.20490844238476663
0.8003097333966173,0.19969026660338277
0.7601270958471307,0.23987290415286924
0.881344045855782,0.11865595414421813
0.9809516367704387,0.019048363229561195
0.8351380110225592,0.16486198897744073
0.8525194593474777,0.1474805406525223
0.8183432654454439,0.1816567345545558
0.9341214125480897,0.06587858745191016
0.9363300500523178,0.06366994994768205
0.8322558794074479,0.16774412059255214
0.8146471780341844,0.18535282196581557
0.8185374247263307,0.18146257527366952
0.8658409636639367,0.1341590363360634
0.825479865808679,0.1745201341913209
0.8611099218570366,0.1388900781429634
0.8618923990138142,0.13810760098618582
0.8990933168373094,0.10090668316269073
0.8692013526623413,0.13079864733765878
0.8786210765849102,0.12137892341508985
0.9590747480539134,0.040925251946086684
0.9197263026060521,0.08027369739394781
0.9073684700645438,0.0926315299354562
0.7680148712280456,0.2319851287719544
0.95672938320228,0.04327061679772003
0.9579259908656866,0.04207400913431349
0.8880111838004308,0.11198881619956925
0.8879925484671918,0.11200745153280829
0.8932007696066749,0.10679923039332512
0.9208850715647872,0.07911492843521284
0.7812929319680229,0.21870706803197726
0.8912592234628647,0.10874077653713515
0.9483241586305037,0.051675841369496385
0.9360601553301985,0.06393984466980134
0.933453415754267,0.06654658424573308
0.8538779796874257,0.14612202031257437
0.900808475514987,0.09919152448501327
0.8682307400321028,0.13176925996789712
0.8663439168328676,0.1336560831671324
0.770425505293317,0.22957449470668298
0.8830842653201284,0.11691573467987167
0.9142647263226951,0.08573527367730499
0.8422242640342211,0.1577757359657789
0.8076810972507552,0.19231890274924468
0.8978053172923486,0.10219468270765153
0.857506623983597,0.142493376016403
0.8529474633574137,0.14705253664258633
0.8393943594791329,0.1606056405208672
0.8813358376090645,0.11866416239093538
0.7743243341106837,0.22567566588931615
0.8386670784735101,0.16133292152648993
0.9694024684008307,0.03059753159916925
0.8548660293040319,0.145133970695968
0.8574499853913645,0.14255001460863556
0.9033214520232011,0.09667854797679908
0.920851040172515,0.07914895982748507
0.9180973107933231,0.08190268920667682
0.7856934448861826,0.2143065551138175
0.8718713306276603,0.12812866937233985
0.9687167126293342,0.03128328737066545
0.7448039450745944,0.25519605492540565
0.8002560579815278,0.19974394201847226
0.7964535990696119,0.2035464009303882
0.7325003465688581,0.26749965343114185
0.745672569396238,0.2543274306037619
0.8283763614616871,0.17162363853831292
0.7817698347385793,0.21823016526142056
0.9446373122658893,0.05536268773411069
0.8875237571772948,0.11247624282270531
0.882801649146205,0.11719835085379517
0.7701499806159748,0.2298500193840251
0.8880000402118634,0.11199995978813661
0.8930387883290448,0.10696121167095517
0.8206126342639979,0.17938736573600206
0.9348148453503902,0.06518515464960949
0.7955000185155817,0.20449998148441823
0.8096824887462696,0.19031751125373036
0.9384987350315719,0.06150126496842823
0.8701593650619419,0.12984063493805806
0.9099296943008536,0.09007030569914647
0.8919132629295673,0.10808673707043266
0.7962710749188014,0.20372892508119858
0.9172737952865624,0.08272620471343771
0.9531510505149374,0.046848949485062796
0.9329633285201926,0.06703667147980742
0.9417455539846529,0.058254446015347246
0.880615839578903,0.11938416042109697
0.784137760719694,0.21586223928030607
0.8875637411506924,0.11243625884930764
0.865945513990065,0.13405448600993497
0.9813419175815482,0.01865808241845177
0.949382374148268,0.05061762585173207
0.9070815758019718,0.09291842419802819
0.8182407059385872,0.1817592940614128
0.9515152352085703,0.04848476479142978
0.9514289172928354,0.04857108270716471
0.9598413517404718,0.04015864825952814
0.9193426506482775,0.08065734935172249
0.925830086137486,0.07416991386251429
0.8605987995190538,0.1394012004809462
0.8274473552863396,0.1725526447136603
0.8349868220100355,0.16501317798996443
0.8495527084608512,0.15044729153914874
0.8026442485832648,0.1973557514167353
0.7709524480796969,0.22904755192030293
0.8458531698971665,0.15414683010283337
0.8241864563558661,0.17581354364413398
0.9168127939511088,0.08318720604889121
0.9047148452774446,0.09528515472255537
0.8525763917840632,0.1474236082159368
0.9443811977791767,0.05561880222082328
0.8739630684790151,0.1260369315209849
0.7757245139021208,0.22427548609787906
0.8325088072942247,0.16749119270577528
0.9178293029588215,0.08217069704117856
0.9175866955150735,0.0824133044849265
0.8880174626846842,0.11198253731531582
0.8430125181838325,0.1569874818161675
0.7894539989467213,0.21054600105327873
0.8880346758918243,0.11196532410817579
0.9175647185543252,0.08243528144567498
0.8995405223918274,0.10045947760817284
0.9441022262414691,0.05589777375853081
0.8880158131546078,0.11198418684539206
0.8130518651974945,0.1869481348025056
0.8756677477220699,0.12433225227793006
0.8534365424271606,0.1465634575728394
0.9426354040955812,0.05736459590441868
0.9217489787475244,0.07825102125247561
0.9208924785124073,0.07910752148759277
0.7796255956413048,0.22037440435869507
0.865825648754127,0.13417435124587304
0.8602514994927077,0.13974850050729232
0.8507280275041837,0.14927197249581625
0.9393317932255644,0.06066820677443561
0.8676242754916647,0.13237572450833546
0.7313659343305708,0.26863406566942916
0.7829120975800941,0.2170879024199058
0.7850698875251593,0.21493011247484087
0.9592148684859002,0.04078513151409999
0.9099704153140955,0.09002958468590443
0.8222847417661961,0.17771525823380377
0.9465380844332082,0.053461915566791904
0.7267594872470748,0.2732405127529253
0.9161503096673487,0.08384969033265141
0.8812117332234566,0.11878826677654324
0.8854085482315822,0.11459145176841773
0.8406716498397565,0.15932835016024346
0.8639688136472612,0.1360311863527387
0.8684840808691024,0.13151591913089766
0.8669590513255667,0.1330409486744333
0.7782600305053126,0.22173996949468744
0.8071651496693814,0.1928348503306186
0.8879994730722284,0.11200052692777161
0.8436852510354222,0.15631474896457778
0.9298724581360733,0.07012754186392674
0.7666247686668912,0.2333752313331088
0.9406773261624882,0.059322673837511816
0.8634427604389231,0.136557239561077
0.8693044083687415,0.13069559163125852
0.9204072660118983,0.07959273398810181
0.8220332502484003,0.17796674975159968
0.9271610345110899,0.07283896548890992
0.8431095297992985,0.1568904702007015
0.8222400956238148,0.1777599043761851
0.8633282289287474,0.13667177107125258
0.8097557154325745,0.19024428456742548
0.7831693789417408,0.21683062105825926
0.8920250417091208,0.1079749582908792
0.9156987243087011,0.08430127569129893
0.8760052677851894,0.1239947322148107
0.9274174764818014,0.07258252351819873
0.9610204285323082,0.03897957146769186
0.8959933319427589,0.10400666805724093
0.9096586917279432,0.09034130827205678
0.8057867923670042,0.19421320763299574
0.887954888637875,0.11204511136212508
0.8728441549555496,0.12715584504445038
0.8980214028102004,0.10197859718979965
0.9335605350260964,0.0664394649739037
0.7605167344574896,0.2394832655425104
0.821895046462955,0.17810495353704495
0.9268323832100855,0.07316761678991449
0.8473995346088061,0.15260046539119396
0.8269793681812526,0.17302063181874724
0.7492499465606582,0.25075005343934176
0.969971396440219,0.030028603559780945
0.8880378736734359,0.11196212632656416
0.8806338086736722,0.11936619132632775
0.8492550938765728,0.15074490612342717
0.9542746032003969,0.04572539679960298
0.8606935093800422,0.1393064906199579
0.8602283417530278,0.13977165824697219
0.8534436911549934,0.1465563088450066
0.8705580697873426,0.12944193021265735
0.8446277311224629,0.15537226887753702
0.8725266890699082,0.12747331093009173
0.8795171584933994,0.12048284150660055
0.8848484284751571,0.11515157152484289
0.8568258043082914,0.1431741956917086
0.7917813105306558,0.2082186894693442
0.9362040885733294,0.06379591142667072
0.9291251155286224,0.07087488447137787
0.803516289375585,0.19648371062441536
1.0,0.0
0.9239291150366595,0.07607088496334041
0.8186385928881674,0.18136140711183255
0.8729292438104529,0.12707075618954713
0.8003302113491105,0.19966978865088963
0.8103608822881738,0.18963911771182632
0.9658916860707292,0.034108313929270835
0.9596782611662908,0.0403217388337093
0.8599021126208588,0.14009788737914122
0.8547510471540452,0.14524895284595482
0.9353632291479137,0.06463677085208641
0.830359513481738,0.1696404865182619
0.7878062400924788,0.21219375990752104
0.9287951185088005,0.07120488149119956
0.723588336892471,0.27641166310752896
0.8308094679888147,0.1691905320111852
0.8386017371303499,0.16139826286965023
0.8455945060045921,0.15440549399540787
0.9076187252454323,0.09238127475456782
0.9126413368408791,0.0873586631591208
0.7710996850184433,0.22890031498155672
0.8857254327264353,0.11427456727356468
0.8194713987304187,0.18052860126958134
0.9062067198737778,0.09379328012622207
0.9660250996739145,0.03397490032608569
0.9737008849944327,0.026299115005567357
0.6746855569096678,0.32531444309033225
0.9725569000504537,0.027443099949546478
0.9376146531503977,0.06238534684960239
0.8567668364886638,0.14323316351133622
0.8056214232356999,0.1943785767643002
0.9055316968894291,0.09446830311057089
0.9204386699146281,0.0795613300853718
0.8499463213519266,0.15005367864807342
0.8389926155739494,0.16100738442605061
0.8110814479734406,0.18891855202655938
0.9514292998252907,0.04857070017470924
0.9660304595134626,0.03396954048653749
0.8845338128105217,0.11546618718947833
0.9077310224182616,0.09226897758173823
0.9412107890804806,0.058789210919519275
0.9279929231204249,0.07200707687957518
0.8386918948958124,0.16130810510418758
0.8874958102722428,0.11250418972775733
0.9371990760699579,0.06280092393004215
0.9378574262824707,0.062142573717529175
0.866595443201506,0.13340455679849395
0.9352501863303997,0.0647498136696003
0.8366224554909315,0.1633775445090685
0.9499520433475721,0.05004795665242782
0.9063816916038161,0.09361830839618397
0.889597944813368,0.11040205518663211
0.8753142416204422,0.12468575837955777
0.8162655749610171,0.18373442503898282
0.887550674744275,0.11244932525572501
0.8879967011950328,0.1120032988049672
0.892989453693973,0.10701054630602704
0.9638089938630459,0.03619100613695426
0.8605996934132852,0.13940030658671484
0.9246127338977989,0.07538726610220119
0.7729068358577871,0.227093164142213
0.8762255831795239,0.12377441682047599
0.9342916769739693,0.0657083230260307
0.8664976278758092,0.13350237212419083
0.7965737279527754,0.20342627204722466
0.9235554498722951,0.07644455012770504
0.8631059721941567,0.13689402780584337
0.7301353336729319,0.2698646663270681
0.788118068772124,0.2118819312278761
0.854032141249544,0.14596785875045618
0.882845969991751,0.11715403000824905
0.8716194368789552,0.12838056312104484
0.775644496820531,0.22435550317946912
0.897779017682832,0.10222098231716784
0.9275543004969161,0.0724456995030838
0.9357574094562158,0.06424259054378416
0.9620809674112102,0.037919032588789724
0.794822420986102,0.20517757901389805
0.9306534516461705,0.06934654835382952
0.9339520499149923,0.06604795008500786
0.7897381239018347,0.21026187609816532
0.8228150951026569,0.17718490489734315
0.940999657209909,0.05900034279009102
0.7701844888080466,0.2298155111919534
0.8603125138095272,0.13968748619047286
0.797743965187254,0.20225603481274598
0.8315394866411684,0.16846051335883155
0.7812638958879256,0.21873610411207453
0.8431775181512936,0.15682248184870642
0.9173073506394596,0.08269264936054045
0.8323757947528535,0.16762420524714647
0.8169600425727997,0.18303995742720022
0.8206751886437124,0.17932481135628767
0.8937210347222225,0.10627896527777748
0.946598694907093,0.05340130509290692
0.9283642045877979,0.07163579541220219
0.8768175778516738,0.12318242214832627
0.7926959830946149,0.207304016905385
0.8878288850808094,0.11217111491919053
0.8880196407578462,0.11198035924215383
0.8479217237161798,0.15207827628382029
0.8275426277952792,0.17245737220472085
0.9107692286476052,0.08923077135239478
0.9715751040506756,0.02842489594932447
0.7994467279853624,0.20055327201463768
0.8457206560050343,0.15427934399496568
0.9628979985828642,0.03710200141713577
0.929294997431897,0.07070500256810307
0.8617664380026484,0.1382335619973515
0.8176143731938342,0.18238562680616574
0.8081221773930758,0.1918778226069242
0.8936536353951631,0.10634636460483692
0.9446893588594615,0.055310641140538595
0.9363438067199085,0.06365619328009157
0.8547203832202733,0.1452796167797267
0.8780940567570712,0.12190594324292886
0.9158793842326546,0.08412061576734559
0.8887950301903357,0.11120496980966436
0.9388492027850802,0.06115079721491965
0.8677321149775169,0.1322678850224831
0.8524731483794031,0.14752685162059687
0.7927399323978122,0.2072600676021877
0.9130000982735578,0.08699990172644216
0.9029091408119939,0.09709085918800604
0.907083349766263,0.09291665023373699
0.8375911145104964,0.16240888548950358
0.8767627614887018,0.12323723851129825
0.8057121160218776,0.19428788397812233
0.8446516488393296,0.1553483511606703
0.7738786703716732,0.22612132962832696
0.8780243846748336,0.12197561532516646
0.7627664770719816,0.23723352292801825
0.9178462559182263,0.08215374408177366
0.7720348319824525,0.22796516801754754
0.9035822547941235,0.09641774520587647
0.8529919260064849,0.14700807399351512
0.9144050677914884,0.08559493220851161
0.8931993184435743,0.10680068155642586
0.8270053241118235,0.1729946758881766
0.9495337823209536,0.0504662176790464
0.8582598643959664,0.14174013560403356
0.8504118961511985,0.14958810384880142
0.8321726844599628,0.16782731554003716
0.8790883875258213,0.12091161247417861
0.8643148438429357,0.13568515615706447
0.8278136936261778,0.1721863063738221
0.824060417849086,0.17593958215091393
0.9501903688797088,0.049809631120291166
0.8476087778808894,0.15239122211911063
0.7856935300401705,0.21430646995982952
0.8436001636719084,0.1563998363280916
0.772704139697339,0.22729586030266083
0.9370198406763295,0.06298015932367039
0.7747576706341666,0.22524232936583344
0.8556735276316138,0.14432647236838633
0.8181559927598132,0.18184400724018673
0.8554557450425386,0.14454425495746143
0.7982230556803916,0.2017769443196083
0.8456053360063917,0.15439466399360838
0.8637848308661464,0.13621516913385354
0.8976497229313235,0.10235027706867644
0.8733129477730531,0.12668705222694693
0.8127547127988537,0.18724528720114633
0.9583690265063252,0.04163097349367486
0.8760145785853528,0.12398542141464719
0.7670118958249802,0.2329881041750199
0.9282637687517817,0.07173623124821828
0.8928793905238112,0.10712060947618879
0.8678064709220263,0.13219352907797374
0.8474521393919823,0.15254786060801775
0.8318980846839562,0.16810191531604388
0.8221155910026815,0.1778844089973185
0.9484612028325721,0.05153879716742794
0.8582430685487241,0.14175693145127602
0.8169633486293033,0.18303665137069663
0.8762922283836903,0.12370777161630982
0.9320641954785029,0.06793580452149701
0.960329590051126,0.03967040994887401
0.8875422715038214,0.11245772849617883
0.936661405703326,0.063338594296674
0.9243905050447918,0.0756094949552083
0.9022254727891711,0.09777452721082878
0.9593850855391081,0.040614914460891986
0.9437497957510558,0.056250204248944204
0.7869095452249422,0.213090454775058
0.8400007079563903,0.15999929204360977
0.8654134578486444,0.13458654215135563
0.8940007355084391,0.10599926449156084
0.7867174627193038,0.21328253728069627
0.8988245102105381,0.10117548978946188
0.9013568701023509,0.09864312989764903
0.8189747047107604,0.18102529528923952
0.9067824542936668,0.09321754570633321
0.7529733458286402,0.2470266541713598
0.8621907898713501,0.13780921012864988
0.8611398666889025,0.13886013331109756
0.8593955054426982,0.1406044945573018
0.9174850157696531,0.08251498423034685
0.7945175199876644,0.20548248001233566
0.7982856519466908,0.20171434805330934
0.8338703858219815,0.16612961417801841
0.9520178419786606,0.04798215802133949
0.8993860862110841,0.10061391378891603
0.9011730723572305,0.09882692764276962
0.8637381029776199,0.13626189702238029
0.8915308166903191,0.10846918330968104
0.838247252301268,0.161752747698732
0.932510970564108,0.06748902943589202
0.8575452379867752,0.14245476201322482
0.8489538587854071,0.151046141214593
0.7611916953447981,0.23880830465520192
0.790058168975123,0.20994183102487687
0.7818560163188505,0.21814398368114948
0.9071016090784517,0.09289839092154825
0.8596608363953069,0.14033916360469306
0.7646036777049772,0.23539632229502286
0.9221027990070892,0.07789720099291081
0.9283022960342793,0.07169770396572073
0.860309575753956,0.139690424246044
0.7775065142097962,0.22249348579020373
0.9299459800177371,0.0700540199822629
0.7577777435040275,0.24222225649597262
0.8910965544567065,0.10890344554329338
0.954936612947153,0.04506338705284699
0.9337862296540703,0.06621377034592967
0.8874280521253513,0.11257194787464889
0.8046388853529589,0.19536111464704126
0.938977892682525,0.06102210731747499
0.7063456212312186,0.2936543787687815
0.9260615785700956,0.07393842142990448
0.799692017449788,0.20030798255021215
0.9081727210433838,0.091827278956616
0.7711178263855685,0.22888217361443153
0.9137386033302469,0.08626139666975309
0.8931981272499532,0.1068018727500468
0.9178330455006989,0.08216695449930107
0.8616335658274468,0.13836643417255332
0.8481043816746539,0.15189561832534615
0.9208617301227503,0.07913826987724981
0.9270724773174255,0.07292752268257462
0.8718035769992495,0.12819642300075051
0.8875211283502634,0.11247887164973658
0.9047744673336451,0.09522553266635492
0.8930427058525097,0.10695729414749029
0.8630775380977156,0.13692246190228435
0.9424659729971369,0.057534027002863156
0.9389642754175458,0.061035724582454196
0.8386727740286323,0.1613272259713678
0.8535815135707208,0.14641848642927924
0.8449637594490779,0.15503624055092202
0.9347370083141885,0.06526299168581157
0.888039489457428,0.11196051054257201
0.816338961034711,0.18366103896528896
0.7751634651182158,0.22483653488178432
0.9422959260973897,0.057704073902610384
0.8160349914763825,0.1839650085236175
0.9544054040990674,0.04559459590093261
0.8829280478195486,0.11707195218045147
0.8377644770690746,0.16223552293092539
0.849571157757749,0.15042884224225095
0.9174333492587378,0.0825666507412622
0.9273943829880369,0.07260561701196305
0.8197001595364837,0.18029984046351621
0.9029177787734036,0.09708222122659636
0.9303397679635819,0.0696602320364183
0.8169594282316388,0.1830405717683612
0.7877598043731427,0.2122401956268573
0.7773921722618998,0.2226078277381002
0.8230245333319645,0.17697546666803557
0.8367142265971841,0.16328577340281597
0.8977971809372476,0.1022028190627525
0.9580553406241471,0.041944659375852934
0.8666316443285379,0.133368355671462
0.90359041524091,0.09640958475909003
0.7640968714678062,0.23590312853219347
0.7827219712406234,0.21727802875937666
0.9185946322757672,0.08140536772423285
0.8783185268747985,0.12168147312520153
0.805257010835907,0.19474298916409302
0.8587269748645058,0.1412730251354943
0.835801397846447,0.16419860215355295
0.8812068377402691,0.11879316225973088
0.9174584699925851,0.08254153000741489
0.9580359023626692,0.04196409763733085
0.8880031832350849,0.11199681676491496
0.7717391974151938,0.22826080258480602
0.9779751733689118,0.022024826631088106
0.8875645899437473,0.1124354100562528
0.8367724934717192,0.16322750652828089
0.8649336245985241,0.13506637540147606
0.8184951100957227,0.18150488990427738
0.880712073159281,0.11928792684071919
0.9319142579843966,0.06808574201560348
0.7902534596264847,0.2097465403735154
0.9208891649385585,0.07911083506144147
0.868621928911829,0.13137807108817112
0.8220085530769358,0.17799144692306423
0.7839331063321303,0.21606689366786974
0.8219903345444697,0.17800966545553043
0.9533703812479131,0.04662961875208693
0.9503201187236634,0.04967988127633673
0.9290244533949795,0.0709755466050206
0.9464152786788013,0.053584721321198694
0.84759708015383,0.1524029198461699
0.848196140394429,0.1518038596055709
0.7929212579318753,0.20707874206812465
0.8502957232975715,0.14970427670242856
0.8417509968235943,0.15824900317640564
0.9097338138232115,0.0902661861767886
0.8054063350199192,0.19459366498008088
0.7418486015448944,0.25815139845510565
0.8044177151882899,0.19558228481170997
0.8498064346408217,0.15019356535917813
0.9731137133210768,0.026886286678923305
0.8313186808743914,0.1686813191256087
0.8643216085986688,0.1356783914013311
0.8334266859721677,0.16657331402783226
0.8477661533863479,0.15223384661365225
0.8246216510938382,0.17537834890616186
0.8529201640705818,0.14707983592941823
0.909235679929328,0.09076432007067196
0.7822315074039748,0.2177684925960251
0.9401616935728829,0.059838306427116884
0.8376217426558015,0.1623782573441986
0.8179414541965554,0.18205854580344488
0.8425644924146491,0.15743550758535074
0.9199609014086308,0.0800390985913691
0.9412216212819552,0.058778378718044776
0.8694649580092519,0.13053504199074809
0.7884195739460126,0.2115804260539874
0.9509342395935196,0.0490657604064804
0.8967387950774238,0.10326120492257605
0.8412899244993827,0.1587100755006174
0.8108089730925182,0.18919102690748177
0.8880025251312292,0.1119974748687707
0.835642686806797,0.164357313193203
0.9091163267216461,0.0908836732783539
0.9199069485785591,0.08009305142144094
0.9130219210871556,0.08697807891284437
0.9268330885296828,0.07316691147031715
0.9247330070003089,0.0752669929996912
0.8573896553563343,0.14261034464366582
0.8545886367114112,0.1454113632885889
0.8336526286805066,0.16634737131949343
0.873969591817903,0.12603040818209704
0.740944306756448,0.25905569324355193
0.8024146362681444,0.19758536373185576
0.7433787454292781,0.25662125457072216
0.8460383997960684,0.1539616002039315
0.8836807592093251,0.11631924079067499
0.936159144807804,0.06384085519219605
0.747916934434678,0.252083065565322
0.9384763504076056,0.0615236495923943
0.8695327460337573,0.13046725396624273
0.8520868494017699,0.14791315059823018
0.8845281414348722,0.11547185856512772
0.8880040967805679,0.11199590321943224
0.8879993570599015,0.11200064294009851
0.8875204104194312,0.1124795895805688
0.9230922863548835,0.07690771364511657
0.9185469929057529,0.081453007094247
0.8891170052625955,0.11088299473740454
0.8388088074989783,0.16119119250102168
0.8633473206783198,0.1366526793216802
0.8423376933190005,0.1576623066809993
0.9465832681281707,0.0534167318718293
0.8880184430960762,0.11198155690392388
0.8189329313105461,0.1810670686894538
0.9079018931536866,0.09209810684631332
0.8743386222856029,0.12566137771439703
0.9641205011164126,0.03587949888358746
0.8880211693326262,0.11197883066737382
0.9110032871334871,0.08899671286651302
0.9322574420919731,0.06774255790802687
0.9213687749810838,0.07863122501891609
0.9388414544794579,0.06115854552054211
0.8406937891179225,0.15930621088207758
0.9634718832507745,0.036528116749225646
0.8582186312165213,0.1417813687834787
0.928488563785656,0.071511436214344
0.8218165897757237,0.17818341022427633
0.912253555225645,0.08774644477435496
0.939202267595564,0.06079773240443598
0.787827881970063,0.21217211802993693
0.9076641417656117,0.09233585823438824
0.9060273621077366,0.09397263789226327
0.9144624308411016,0.08553756915889836
0.8462146354886031,0.15378536451139668
0.9454252765077067,0.05457472349229329
0.9261935579081467,0.07380644209185334
0.820589267408601,0.17941073259139928
0.9336043200299236,0.06639567997007642
0.7289600729537928,0.2710399270462071
0.81777090926429,0.18222909073571014
0.9224160411000435,0.07758395889995645
0.9037621472790414,0.09623785272095871
0.931374686206423,0.06862531379357678
0.89907689127258,0.10092310872742011
0.7477022883275528,0.2522977116724472
0.9099371270526063,0.09006287294739367
0.8258579121760211,0.17414208782397894
0.8823805677624587,0.11761943223754125
0.8228142596245566,0.17718574037544368
0.9521371102085178,0.047862889791482364
0.8953865071299215,0.10461349287007854
0.8220137987654615,0.1779862012345385
0.8502425750122912,0.14975742498770872
0.8242218500076536,0.1757781499923463
0.9333084712899904,0.06669152871000955
0.8282759927296672,0.171724007270333
0.8959147025140538,0.10408529748594615
0.8828998428745106,0.11710015712548942
0.861452817998964,0.13854718200103594
0.9241193645948013,0.07588063540519865
0.8875355715152652,0.11246442848473491
0.8559009820884684,0.14409901791153154
0.8596549079809185,0.14034509201908166
0.8376064282779322,0.1623935717220678
0.8879999554899692,0.11200004451003068
0.946236323874744,0.05376367612525594
0.953488607257414,0.046511392742585825
0.8911407579990241,0.10885924200097595
0.8059589633794136,0.19404103662058633
0.7893416856404379,0.21065831435956206
0.8599614126610845,0.14003858733891555
0.8149263000683921,0.18507369993160797
0.873602745603566,0.12639725439643415
0.8053331294146154,0.19466687058538457
0.938081173346007,0.061918826653993
0.854149347164967,0.145850652835033
0.7957363548428936,0.2042636451571065
0.8588581543039742,0.14114184569602584
0.8096000932159839,0.190399906784016
0.9084168449044226,0.09158315509557735
0.8963525111005035,0.10364748889949653
0.8986164199868764,0.1013835800131237
0.7871137560813672,0.21288624391863284
0.8164895804363732,0.18351041956362693
0.9068798032178068,0.0931201967821932
0.9087637064024179,0.091236293597582
0.8158346499881761,0.1841653500118239
0.8457420149011352,0.15425798509886463
0.8143875847571863,0.18561241524281397
0.8626508137787338,0.13734918622126627
0.8880244685606531,0.1119755314393469
0.8392440149758464,0.16075598502415359
0.8524183128805803,0.14758168711941963
0.8698851612870008,0.13011483871299925
0.8655170214254692,0.13448297857453076
0.7976952929777366,0.20230470702226344
0.9311944321882895,0.06880556781171049
0.8376520773939823,0.16234792260601777
0.9468800264391951,0.053119973560804744
0.8577364630855826,0.1422635369144174
0.7983169146901298,0.2016830853098701
0.9430179432344467,0.05698205676555321
0.9339530709578665,0.06604692904213351
0.7692608232313782,0.23073917676862182
0.888543574395838,0.11145642560416198
0.7705025878092513,0.22949741219074862
0.887998113885634,0.11200188611436612
0.8911146617895279,0.10888533821047214
0.9564562974710061,0.04354370252899395
0.9029105821038836,0.09708941789611636
0.8176286177662316,0.18237138223376836
0.9285767720325014,0.07142322796749878
0.798463865447122,0.20153613455287797
0.9679128854987702,0.032087114501229745
0.8660459644267291,0.13395403557327082
0.8520664141075491,0.14793358589245084
0.7243925900276075,0.2756074099723926
0.8709800485390123,0.12901995146098766
0.8575702191510325,0.1424297808489675
0.7835959069945204,0.2164040930054797
0.7751933502341051,0.22480664976589487
0.9240530157541363,0.07594698424586345
0.8551762169695023,0.14482378303049784
0.9377615651897725,0.06223843481022756
0.8626935257284544,0.13730647427154574
0.7794680192138131,0.22053198078618694
0.8712456895623045,0.12875431043769553
0.866961539028432,0.13303846097156788
0.9372270641944194,0.06277293580558062
0.9108749536240631,0.089125046375937
0.8686573561369203,0.13134264386307984
0.8985532355089266,0.10144676449107341
0.8931602770682856,0.10683972293171444
0.9051865983318991,0.09481340166810101
0.8885436179394973,0.11145638206050285
0.8039290346984679,0.19607096530153215
0.8930359138545577,0.10696408614544223
0.8473460010357593,0.15265399896424067
0.8309813822434438,0.1690186177565562
0.902768862402674,0.09723113759732606
0.7210023012992264,0.2789976987007735
0.9544640727441374,0.045535927255862495
0.8730954204969672,0.12690457950303283
0.8591436217061981,0.14085637829380182
0.8242275290709451,0.17577247092905499
0.9035485189126572,0.09645148108734276
0.8554776567524665,0.1445223432475335
0.8707721060559861,0.12922789394401382
0.8478235854437725,0.15217641455622757
0.7689220556492995,0.23107794435070048
0.8613211717039004,0.13867882829609934
0.8853232966616496,0.11467670333835042
0.7686572869121993,0.2313427130878007
0.7742355124875423,0.2257644875124576
0.8813334029378436,0.11866659706215646
0.7330026721838757,0.26699732781612423
0.7919467184656513,0.20805328153434866
0.9710325641684732,0.02896743583152678
0.9335723229410694,0.06642767705893037
0.8796535955166694,0.12034640448333063
0.8288204892787304,0.17117951072126958
0.7770457200287624,0.2229542799712377
0.8493882281122335,0.15061177188776642
0.7539628695108088,0.24603713048919076
0.9295294702560849,0.07047052974391504
0.8695991707382003,0.13040082926179972
0.92595243188071,0.07404756811929004
0.9262471193205424,0.07375288067945776
0.9077210180929297,0.09227898190707022
0.8039664360524913,0.1960335639475088
0.8786341439373271,0.12136585606267283
0.8854881796827814,0.11451182031721853
0.7935556369139287,0.20644436308607117
0.8306144734155827,0.1693855265844172
0.8143849364361163,0.18561506356388383
0.8301249418781739,0.16987505812182624
0.8584023373197675,0.14159766268023258
0.7564928194804846,0.24350718051951534
0.8575685464672816,0.1424314535327184
0.7930602427127229,0.20693975728727723
0.8880045839933375,0.11199541600666252
0.7740039806678497,0.2259960193321501
0.7767427423183222,0.22325725768167778
0.8879617058894084,0.11203829411059164
0.8245813424931874,0.17541865750681268
0.9045199762924876,0.09548002370751242
0.9534323111104192,0.04656768888958083
0.8498588471489388,0.15014115285106117
0.928107449288945,0.07189255071105514
0.7583491283422841,0.24165087165771607
0.796513095909933,0.20348690409006712
0.8883904271137084,0.11160957288629167
0.8647541812804961,0.13524581871950403
0.9090601042527443,0.09093989574725567
0.8717210066156142,0.12827899338438573
0.9627828799145915,0.03721712008540854
0.8366564938368803,0.16334350616311946
0.7490922603728613,0.2509077396271388
0.9178670217918589,0.08213297820814126
0.9169558535723211,0.08304414642767889
0.892865585714997,0.10713441428500307
0.9428120445878405,0.05718795541215944
0.8713567349341005,0.12864326506589946
0.9416910377836875,0.05830896221631255
0.7611552674694931,0.23884473253050684
0.9346970110675555,0.06530298893244435
0.9041967804700686,0.09580321952993141
0.8555122462094342,0.14448775379056575
0.8120238278144246,0.1879761721855754
0.7992752770103875,0.20072472298961253
0.7805394684136537,0.21946053158634646
0.8020654073105792,0.19793459268942085
0.861918777901434,0.138081222098566
0.9189158258054699,0.08108417419453014
0.909653099123994,0.09034690087600607
0.8564127819981028,0.1435872180018974
0.9323480991652032,0.06765190083479689
0.9279105850330878,0.07208941496691221
0.7714827802918308,0.2285172197081693
0.9444374957529642,0.05556250424703575
0.90531545302686,0.09468454697314005
0.8696894371805741,0.13031056281942605
0.8643832785763365,0.13561672142366346
0.8912597670411365,0.10874023295886351
0.7950943639497842,0.20490563605021592
0.8079915282171907,0.19200847178280925
0.9471994617475356,0.05280053825246444
0.7464207594086713,0.25357924059132864
0.8879524823222681,0.11204751767773195
0.9109800462886631,0.08901995371133678
0.8567757743180808,0.14322422568191912
0.9574309609174892,0.04256903908251086
0.8798882937059328,0.12011170629406712
0.808308857555636,0.19169114244436408
0.9483218229823401,0.05167817701765984
0.914130693682107,0.085869306317893
0.9729710509653441,0.02702894903465604
0.9147508390528278,0.08524916094717208
0.9029079033942823,0.09709209660571783
0.8531532176549512,0.1468467823450487
0.9018104574274906,0.09818954257250948
0.9286247382269782,0.07137526177302156
0.8896465601258431,0.1103534398741569
0.8418208454832581,0.15817915451674192
0.7871646387448474,0.21283536125515257
0.817914999949197,0.18208500005080305
0.9367848267934968,0.06321517320650294
0.7965663997581851,0.20343360024181492
0.9283714353947731,0.07162856460522699
0.931317248392939,0.06868275160706103
0.8077738619911953,0.19222613800880461
0.8880098009861614,0.11199019901383851
0.9192999900813855,0.08070000991861462
0.7918386039642753,0.20816139603572462
0.7385007739093092,0.2614992260906908
0.8996389958497485,0.10036100415025152
0.9068280906071465,0.09317190939285346
0.8523404317996128,0.14765956820038728
0.829057816982596,0.17094218301740413
0.8767259563455909,0.12327404365440918
0.7784977347930594,0.22150226520694066
0.8764997063643633,0.12350029363563662
0.7835174040090729,0.21648259599092715
0.8653670074109806,0.13463299258901937
0.9247586714437624,0.07524132855623758
0.856803786976496,0.14319621302350416
0.9353986971789316,0.0646013028210685
0.7669940374793031,0.23300596252069705
0.9692465974161977,0.030753402583802443
0.76690229043391,0.23309770956609
0.8496292328705072,0.150370767129493
0.8019172305169799,0.19808276948302003
0.8861691318354646,0.11383086816453525
0.8930647397008524,0.10693526029914745
0.805765346332272,0.194234653667728
0.7037015198846058,0.29629848011539406
0.9014035515270112,0.0985964484729888
0.9256619287378969,0.07433807126210319
0.8875492280276654,0.11245077197233448
0.9572278082598258,0.042772191740174284
0.9063092629213974,0.09369073707860265
0.8575049650819544,0.14249503491804566
0.957827593401309,0.04217240659869091
0.903873945492238,0.09612605450776204
0.8186226323246345,0.18137736767536541
0.7992033647610666,0.2007966352389335
0.7798995097761954,0.22010049022380448
0.8331435526817232,0.16685644731827678
0.762674172124251,0.2373258278757488
0.9149098779079956,0.08509012209200432
0.7893345333496782,0.21066546665032188
0.8640178092367549,0.13598219076324528
0.8880029350049194,0.11199706499508079
0.9616540375660554,0.038345962433944676
0.8307125898182565,0.1692874101817436
0.8354843972127266,0.1645156027872735
0.8855800864590859,0.11441991354091414
0.9581585293604369,0.04184147063956298
0.8988605042099522,0.10113949579004773
0.8760073895843868,0.12399261041561321
0.8852540262743275,0.11474597372567268
0.8052941356973725,0.1947058643026276
0.8059194733830123,0.19408052661698771
0.8364593938966058,0.16354060610339405
0.8420339107514556,0.15796608924854452
0.8524181847019621,0.14758181529803796
0.8879557525335736,0.11204424746642648
0.7518458947302297,0.2481541052697703
0.8245781823299896,0.17542181767001028
0.8882185190073051,0.11178148099269485
0.944257105622227,0.055742894377773106
0.785826927679662,0.214173072320338
0.8952697334434593,0.10473026655654072
0.8488236527209498,0.15117634727905016
0.7418033246865765,0.25819667531342316
0.9044386829776545,0.09556131702234566
0.9729969001244148,0.027003099875585298
0.7821314955111663,0.2178685044888338
0.8436728717199516,0.1563271282800483
0.9303653468499263,0.06963465315007362
0.8372325003115882,0.16276749968841175
0.7626743565576457,0.23732564344235432
0.8160999628020744,0.18390003719792555
0.7730577501972905,0.2269422498027096
0.8277852145940362,0.17221478540596377
0.7893831719436332,0.2106168280563669
0.8880030457170774,0.11199695428292247
0.9309294718865186,0.06907052811348137
0.9542192457181244,0.04578075428187561
0.9070978559581094,0.09290214404189068
0.8555586679547633,0.14444133204523674
0.8361139432574661,0.16388605674253395
0.9102163014030419,0.08978369859695819
0.776144386216289,0.223855613783711
0.8456096248941424,0.1543903751058576
0.8386584694569645,0.16134153054303538
0.8162372446757209,0.18376275532427908
0.8666480775726355,0.13335192242736435
0.7359053017978341,0.2640946982021661
0.8630201875821509,0.13697981241784912
0.8709510880787253,0.12904891192127493
0.962420419597149,0.03757958040285097
0.8494121123321745,0.15058788766782547
0.8436018464815047,0.1563981535184953
0.8239759296798944,0.17602407032010559
0.9048620973721909,0.09513790262780898
0.8526894616131492,0.1473105383868508
0.8896490932518372,0.11035090674816274
0.9144636400959503,0.08553635990404974
0.7381104542638717,0.26188954573612827
0.8985219500438127,0.1014780499561873
0.8608681454083166,0.13913185459168348
0.8559535306620789,0.14404646933792112
0.8181281865591435,0.18187181344085646
0.6961281888495319,0.3038718111504681
0.7877152656247693,0.21228473437523038
0.7790344951441779,0.22096550485582198
0.8805111202083289,0.11948887979167107
0.9394792584333218,0.06052074156667812
0.8843123925964618,0.11568760740353823
0.7864709615809834,0.2135290384190166
0.8236562880293284,0.17634371197067158
0.7270666123993508,0.2729333876006493
0.8287662955438438,0.17123370445615624
0.8914531852297649,0.10854681477023509
0.8828638923375366,0.11713610766246342
0.8683231641833744,0.13167683581662562
0.7968932436999543,0.2031067563000459
0.9655729845349883,0.03442701546501167
0.911369696229607,0.08863030377039313
0.7799096621206294,0.22009033787937057
0.8727648555386338,0.12723514446136638
0.9398664781660401,0.060133521833959924
0.8077172825000863,0.19228271749991374
0.9776884537398829,0.022311546260117054
0.8502375924280733,0.1497624075719268
0.906867202427944,0.09313279757205603
0.819916170080237,0.1800838299197631
0.9486513751464143,0.05134862485358574
0.9629210730901201,0.037078926909879815
0.872849498185106,0.127150501814894
0.8790725029713379,0.12092749702866208
0.9361676399760853,0.0638323600239146
0.8910838957611235,0.10891610423887652
0.7529050891484185,0.2470949108515813
0.9180497737315324,0.08195022626846753
0.8372485569197979,0.162751443080202
0.8556523142221812,0.14434768577781862
0.9108883963089797,0.08911160369102035
0.8426690576993546,0.1573309423006453
0.9090594670954465,0.09094053290455359
0.839622779409302,0.1603772205906981
0.9472466297689256,0.05275337023107439
0.8619916144371337,0.1380083855628663
0.7959865344459945,0.20401346555400554
0.9305599926817739,0.06944000731822621
0.9002892855135862,0.09971071448641378
0.8396786251403363,0.16032137485966386
0.923471727092142,0.0765282729078581
0.9368637753006986,0.06313622469930143
0.8348592505856554,0.1651407494143445
0.8286650886514179,0.17133491134858228
0.9296591142837174,0.07034088571628258
0.8077919529618044,0.1922080470381954
0.8202199982353041,0.179780001764696
0.8863939348764076,0.11360606512359248
0.7893882697825751,0.21061173021742513
0.8735679679580051,0.1264320320419949
0.8784439956826353,0.12155600431736456
0.9468275087927638,0.05317249120723606
0.9204340050638126,0.07956599493618756
0.8232582864652406,0.1767417135347595
0.8880219867479079,0.11197801325209225
0.9266366808540739,0.07336331914592636
0.8444252366169173,0.1555747633830828
0.799284032767192,0.20071596723280805
0.9585357076515083,0.0414642923484917
0.9425241769841296,0.05747582301587033
0.9160451988291121,0.08395480117088792
0.9323938282996316,0.0676061717003684
0.8679967208491138,0.13200327915088617
0.9649838270036165,0.035016172996383606
0.7743160709892073,0.22568392901079282
0.8239421652396001,0.17605783476040002
0.7818637926543396,0.21813620734566047
0.7851820463390827,0.21481795366091727
0.9738176835007402,0.026182316499259884
0.7442807123110757,0.2557192876889242
0.8058170602544155,0.19418293974558468
0.856764863896795,0.143235136103205
0.8908254233111315,0.10917457668886871
0.7684693563840188,0.23153064361598122
0.8976945511981638,0.10230544880183638
0.9319275137340195,0.06807248626598056
0.9520005023589624,0.04799949764103767
0.8975250821079033,0.10247491789209687
0.9578911842860116,0.04210881571398828
0.8476379707367613,0.15236202926323875
0.8309122636537698,0.16908773634623023
0.7826352459539546,0.2173647540460455
0.8895578716924586,0.11044212830754135
0.821400042433991,0.17859995756600905
0.9056218156405584,0.09437818435944147
0.9226483197442613,0.07735168025573871
0.9651993111264103,0.03480068887358975
0.9421471564970421,0.057852843502958
0.8880003463144741,0.11199965368552596
0.7213689553227022,0.2786310446772979
0.8922908802522066,0.10770911974779347
0.9066021217845931,0.0933978782154069
0.9244974571646657,0.07550254283533414
0.8602501512144926,0.13974984878550745
0.979546908459293,0.02045309154070693
0.8057056074227864,0.19429439257721362
0.9380332896840979,0.06196671031590204
0.7429192720452434,0.2570807279547567
0.8178142517456803,0.18218574825431966
0.8879771182869651,0.1120228817130349
0.8166510064980124,0.18334899350198752
0.9282463134217332,0.07175368657826674
0.9023837108140305,0.09761628918596953
0.8325026602526578,0.16749733974734207
0.7508913702460179,0.2491086297539822
0.8880539407283179,0.11194605927168204
0.7536825462713902,0.2463174537286099
0.8184937322978578,0.18150626770214204
0.9040804445017419,0.09591955549825815
0.9096860998376609,0.09031390016233919
0.9141191040163634,0.0858808959836366
0.8322530217255902,0.1677469782744099
0.9151317378190181,0.08486826218098181
0.8260536602794556,0.17394633972054438
0.9381592822778982,0.061840717722101826
0.8517215750105036,0.14827842498949637
0.815344275951707,0.18465572404829303
0.8965530713150611,0.10344692868493904
0.8322277647139027,0.16777223528609736
0.9011759631790331,0.09882403682096677
0.7487064136523098,0.2512935863476901
0.9212998496856348,0.07870015031436511
0.8255883290481904,0.17441167095180965
0.8880000194461608,0.11199998055383914
0.9351973033891386,0.06480269661086122
0.8313182789782175,0.16868172102178244
0.8303602016137784,0.16963979838622145
0.8982857676133073,0.1017142323866927
0.8001002168923214,0.19989978310767875
0.8946519675353722,0.10534803246462775
0.8180925721610868,0.18190742783891334
0.8456086387777126,0.15439136122228733
0.8575144148040265,0.1424855851959735
0.8464074381943915,0.15359256180560868
0.7779634811348545,0.22203651886514572
0.8412638056644877,0.15873619433551253
0.9196765510157227,0.08032344898427754
0.8702175478223005,0.12978245217769946
0.9008722236135291,0.0991277763864709
0.8097134586244426,0.19028654137555728
0.8028503236365808,0.19714967636341912
0.9649356380982359,0.03506436190176414
0.896537396618977,0.10346260338102294
0.887457857657643,0.11254214234235706
0.8544685161637207,0.14553148383627937
0.7272500719964712,0.27274992800352893
0.8591885380566092,0.14081146194339078
0.8571602919151752,0.14283970808482485
0.8960939972720409,0.10390600272795929
0.8292509503348487,0.17074904966515123
0.9532376293854667,0.046762370614533325
0.7870185301455636,0.2129814698544365
0.9112463673142231,0.08875363268577688
0.839810596229947,0.16018940377005297
0.9316891113287767,0.06831088867122322
0.8404381017907516,0.15956189820924818
0.8220323147237715,0.17796768527622864
0.7980436505200924,0.20195634947990745
0.9289430399635504,0.0710569600364496
0.8667188732144234,0.1332811267855766
0.913080720481315,0.08691927951868496
0.8879996709268623,0.11200032907313773
0.8699117331902497,0.1300882668097504
0.920483855893333,0.07951614410666695
0.9222623952944355,0.07773760470556443
0.8307055424664311,0.16929445753356884
0.8493830967617333,0.1506169032382667
0.9266086508201276,0.07339134917987242
0.9070070221289055,0.09299297787109455
0.8615924986496185,0.13840750135038152
0.888000886337706,0.11199911366229402
0.8695028603600629,0.13049713963993706
0.8790487544462565,0.12095124555374327
0.8313329566022267,0.16866704339777314
0.8758387532412525,0.12416124675874748
0.8063462699694333,0.19365373003056674
0.7669004529683954,0.23309954703160457
0.8543859536307027,0.14561404636929726
0.8994003002444071,0.10059969975559291
0.876761886894885,0.12323811310511507
0.9154591305806976,0.0845408694193024
0.8740993562063539,0.12590064379364607
0.761035232574636,0.2389647674253643
0.8917248574685817,0.10827514253141833
0.9035236405074561,0.09647635949254398
0.7667500872977511,0.23324991270224896
0.8812255476104379,0.11877445238956195
0.7868585799525408,0.21314142004745926
0.8884202831802303,0.11157971681976972
0.8793681060191186,0.1206318939808814
0.8764934568030374,0.12350654319696266
0.820460960927046,0.1795390390729541
0.8093150174034078,0.19068498259659214
0.9513117913213726,0.048688208678627456
0.845707787124601,0.15429221287539893
0.8742749930319179,0.12572500696808206
0.937043209199981,0.06295679080001915
0.7702379897270478,0.22976201027295223
0.9110005282082437,0.08899947179175619
0.8216076909629471,0.17839230903705294
0.8260475415128397,0.17395245848716037
0.9475399891885682,0.05246001081143172
0.838317932512035,0.16168206748796493
0.9364542057800797,0.0635457942199204
0.7490424632643,0.2509575367357001
0.8575678733068294,0.14243212669317062
0.8398030725425455,0.16019692745745445
0.9028928967324193,0.09710710326758067
0.9215393383926069,0.0784606616073931
0.8561566645240554,0.1438433354759446
0.9262098826288706,0.07379011737112949
0.7703093413067781,0.22969065869322175
0.8185192403412827,0.18148075965871743
0.8982289672468702,0.10177103275312979
0.8107826040687592,0.1892173959312408
0.8668607842017639,0.13313921579823604
0.9580071964295046,0.04199280357049542
0.8726811385265933,0.1273188614734067
0.8880025045756548,0.1119974954243453
0.9133704653330652,0.08662953466693489
0.7737255768459403,0.2262744231540598
0.6740134499374788,0.3259865500625212
0.9098899895358725,0.09011001046412748
0.9050626109359761,0.09493738906402399
0.8294159853183224,0.1705840146816776
0.967012686318893,0.03298731368110704
0.9521409714246113,0.047859028575388714
0.9621195844602062,0.03788041553979373
0.7992452331654804,0.20075476683451962
0.8172779886355521,0.1827220113644479
0.9425131210808085,0.05748687891919151
0.9218741736708704,0.07812582632912973
0.9379732363899245,0.062026763610075725
0.9034258632681256,0.09657413673187448
0.9597618000387675,0.04023819996123245
0.8513826247913849,0.14861737520861518
0.9622658303464722,0.03773416965352772
0.7684875763066767,0.23151242369332334
0.9226554190217289,0.07734458097827118
0.8449624818929092,0.15503751810709077
0.9142943387034123,0.08570566129658776
0.8117103969966423,0.18828960300335779
0.8058205620047779,0.1941794379952222
0.8205027133530328,0.1794972866469672
0.8543573460758194,0.14564265392418058
0.8958227487075927,0.10417725129240725
0.887947972535688,0.11205202746431196
0.7777581265211305,0.22224187347886945
0.8782491409434184,0.12175085905658162
0.91255686579338,0.08744313420661994
0.8705369604233497,0.1294630395766503
0.8371899024598332,0.1628100975401667
0.7691866203555991,0.23081337964440088
0.9097362551193459,0.09026374488065413
0.9606766033111082,0.039323396688891975
0.937106529289504,0.06289347071049596
0.9225670181119652,0.0774329818880348
0.8078142404173806,0.19218575958261933
0.8805669268616535,0.11943307313834647
0.8245732101361943,0.17542678986380555
0.8114742595726542,0.18852574042734596
0.9047433376046665,0.09525666239533344
0.8398181349708971,0.16018186502910287
0.8436009173603534,0.1563990826396467
0.876914158986228,0.12308584101377204
0.8781330536327573,0.12186694636724278
0.8134753622859401,0.18652463771405986
0.8556573543836993,0.14434264561630064
0.7919519422196832,0.20804805778031685
0.9304191706914874,0.06958082930851257
0.8449666253961003,0.15503337460389963
0.7826536648956552,0.2173463351043446
0.8616685615208677,0.1383314384791324
0.8902336426768587,0.1097663573231414
0.8798988199422693,0.12010118005773082
0.8256456778319502,0.17435432216804964
0.8880057934191052,0.11199420658089466
0.9200856611788351,0.07991433882116501
0.8367214998700537,0.16327850012994644
0.8737692604224142,0.1262307395775859
0.8471922962954636,0.15280770370453636
0.9845465651330406,0.015453434866959293
0.8593405165747839,0.14065948342521603
0.9418992842750755,0.058100715724924555
0.917607278540887,0.08239272145911293
0.8276319044582836,0.17236809554171642
0.8664968576187364,0.13350314238126357
0.9042849635419197,0.09571503645808038
0.9375836579513576,0.06241634204864251
0.9224323112676978,0.0775676887323022
0.8064494016147761,0.1935505983852238
0.9243272353986205,0.07567276460137934
0.8115367265166495,0.18846327348335043
0.8695982813252477,0.13040171867475214
0.9532639683108625,0.04673603168913755
0.928592929810825,0.07140707018917489
0.8564917462767286,0.1435082537232714
0.8880133766408664,0.11198662335913351
0.8591561009103162,0.14084389908968376
0.9583807089141285,0.04161929108587158
0.8932244113833603,0.1067755886166397
0.8238174123403272,0.17618258765967276
0.8671785043736288,0.13282149562637124
0.8808620172023397,0.1191379827976603
0.9416928016632202,0.05830719833677978
0.9421967744857609,0.05780322551423905
0.8219563698254791,0.17804363017452082
0.860876564862336,0.13912343513766395
0.8549495150601067,0.14505048493989328
0.9249952541517562,0.07500474584824374
0.8517551745213703,0.14824482547862963
0.8142497894485692,0.1857502105514309
0.8913874783755171,0.10861252162448298
0.8075215166437227,0.19247848335627737
0.787569136441068,0.21243086355893206
0.9341706164581645,0.06582938354183557
0.9376973547567483,0.06230264524325174
0.8724095475222058,0.1275904524777942
0.8273210867502875,0.17267891324971252
0.8875687412077715,0.11243125879222834
0.8825039116041008,0.11749608839589923
0.8180959422459004,0.1819040577540998
0.9414431895700801,0.05855681042991998
0.791501708618545,0.20849829138145498
0.8176697403777429,0.18233025962225713
0.750425795776929,0.24957420422307092
0.8097105806822076,0.19028941931779247
0.8253355707615749,0.17466442923842518
0.9209083426862208,0.0790916573137791
0.8563822140216055,0.1436177859783945
0.9318989103472773,0.06810108965272257
0.8610552807364644,0.1389447192635356
0.8338555496190535,0.16614445038094663
0.824561954321175,0.17543804567882498
0.925688854804207,0.07431114519579288
0.9277597812954557,0.07224021870454442
0.933211359369515,0.06678864063048486
0.9483935599847572,0.05160644001524271
0.8386636475606812,0.16133635243931885
0.7864024841484675,0.21359751585153255
0.9633109281705446,0.03668907182945536
0.9270516300997172,0.0729483699002828
0.9274670747732672,0.07253292522673273
0.8057143021099761,0.19428569789002398
0.8024485504302812,0.1975514495697188
0.8397390915533345,0.16026090844666552
0.7371096847764245,0.26289031522357553
0.7875106793441304,0.2124893206558696
0.7497625441976623,0.25023745580233786
0.9246186971997361,0.07538130280026396
0.8904376526640432,0.1095623473359568
0.8550175101405154,0.14498248985948453
0.9347378922468376,0.06526210775316246
0.865809499312051,0.13419050068794908
0.9507329319320325,0.04926706806796749
0.8137284036423343,0.18627159635766577
0.809250484720015,0.1907495152799849
0.8879992288956042,0.11200077110439573
0.8330008622180781,0.1669991377819219
0.9291166919999884,0.0708833080000116
0.8296024701638622,0.17039752983613776
0.8989996611233259,0.10100033887667408
0.9294674932356294,0.07053250676437053
0.9082304101834071,0.09176958981659301
0.8336319973744521,0.16636800262554796
0.8036657578857206,0.1963342421142795
0.7861100459528034,0.21388995404719663
0.952170627290123,0.047829372709876916
0.9396441553175042,0.060355844682495684
0.9259837011240125,0.07401629887598743
0.7581298348109526,0.24187016518904725
0.9149115144010688,0.08508848559893123
0.8875877163361194,0.11241228366388065
0.9370138107967113,0.06298618920328855
0.8929410159561257,0.10705898404387426
0.9382591623768297,0.0617408376231703
0.8927305544929747,0.10726944550702532
0.821411623635288,0.178588376364712
0.8594333454247444,0.14056665457525552
0.808329759354648,0.1916702406453521
0.8538682323828589,0.14613176761714114
0.8438895675967242,0.15611043240327577
0.8594135944679262,0.1405864055320739
0.9178631067564854,0.08213689324351457
0.8099465822543835,0.19005341774561657
0.7619635420322577,0.23803645796774223
0.9448625967261303,0.05513740327386972
0.8170057862679055,0.18299421373209435
0.763709465356382,0.23629053464361813
0.8077344949929318,0.19226550500706827
0.8047515118005195,0.1952484881994804
0.7571684810996806,0.24283151890031943
0.9156209771999251,0.08437902280007478
0.8712907206013984,0.1287092793986016
0.8555865605345279,0.14441343946547208
0.93006026628449,0.06993973371550988
0.9676416763749852,0.03235832362501481
0.8226087796395475,0.17739122036045257
0.8334387657919502,0.1665612342080499
0.8417612684050337,0.1582387315949663
0.7724834427726283,0.22751655722737182
0.8582592638313251,0.1417407361686748
0.9107799160544622,0.08922008394553783
0.8601112631688663,0.13988873683113362
0.8002991489431807,0.1997008510568193
0.884608442006651,0.11539155799334895
0.7971219459247331,0.202878054075267
0.7988830239730881,0.2011169760269119
0.8824509663160615,0.11754903368393847
0.832021044383452,0.167978955616548
0.870370763168766,0.129629236831234
0.7790344468962137,0.22096555310378635
0.826148193074576,0.17385180692542396
0.9615211181671811,0.038478881832818966
0.9259135188159341,0.07408648118406586
0.8875470206010551,0.11245297939894491
0.8792492574828643,0.12075074251713568
0.8287322846633863,0.17126771533661375
0.9669346957016003,0.033065304298399725
0.904752876292537,0.09524712370746286
0.8300595118928535,0.16994048810714646
0.8680493226701579,0.1319506773298421
0.9276551725177805,0.07234482748221939
0.8910204469173085,0.10897955308269146
0.8875661689363855,0.11243383106361449
0.833359735136544,0.16664026486345604
0.7659024043159455,0.23409759568405442
0.9571327005875789,0.042867299412420894
0.9445429888124084,0.05545701118759171
0.9456455510082747,0.05435444899172538
0.9208772622159676,0.07912273778403249
0.8961050542033647,0.1038949457966353
0.7578304403632504,0.24216955963674955
0.7320253167056663,0.2679746832943338
0.7959051578668584,0.2040948421331415
0.8486754010597163,0.15132459894028388
0.8239647686579682,0.17603523134203167
0.8416105317355471,0.1583894682644529
0.847393925156206,0.1526060748437939
0.8764720749508038,0.12352792504919638
0.9343539286218001,0.06564607137819992
0.7658961131644131,0.23410388683558683
0.7645989867077485,0.23540101329225155
0.9441399940394972,0.05586000596050288
0.7856022400031328,0.21439775999686725
0.8903623600962661,0.10963763990373394
0.8129871283905927,0.18701287160940733
0.9329254004113114,0.06707459958868861
0.7243406053288095,0.27565939467119055
0.9239266567914358,0.07607334320856417
0.9037530957130999,0.09624690428690003
0.7819809838796863,0.2180190161203138
0.8847590922221941,0.11524090777780589
0.9419207928358363,0.058079207164163635
0.9568485893014805,0.04315141069851954
0.9010316514969073,0.09896834850309266
0.7880101784110882,0.21198982158891183
0.8978663179400924,0.10213368205990775
0.7789984920444589,0.2210015079555412
0.7953843108385503,0.20461568916144973
0.9442213808616968,0.055778619138303294
0.8291130440081714,0.17088695599182857
0.8982778056155362,0.10172219438446378
0.8581751632694116,0.1418248367305885
0.8474283334742906,0.1525716665257095
0.8882613657527801,0.11173863424721997
0.8113012415044623,0.18869875849553774
0.8225250919805288,0.17747490801947116
0.904656472740766,0.09534352725923392
0.9045170608037477,0.09548293919625235
0.8189801022557207,0.18101989774427915
0.8525834193677642,0.14741658063223576
0.8493989926861187,0.15060100731388135
0.9551655209800103,0.04483447901998961
0.866598087216313,0.13340191278368696
0.8695166563942516,0.13048334360574831
0.8610356049464771,0.13896439505352287
0.9133992300278015,0.0866007699721985
0.8037045145523087,0.19629548544769118
0.8595753632473765,0.1404246367526235
0.9178432767895255,0.08215672321047449
0.9529659525371809,0.0470340474628192
0.8587307479563672,0.14126925204363294
0.8377843499967222,0.16221565000327773
0.8313866880697777,0.16861331193022233
0.787664819106786,0.212335180893214
0.924593728696593,0.07540627130340705
0.944784217663447,0.055215782336553006
0.9402355985058906,0.0597644014941094
0.92088464903982,0.07911535096017992
0.8184313372398188,0.18156866276018138
0.8123590683109309,0.18764093168906912
0.872857488159299,0.1271425118407011
0.9036736571196381,0.0963263428803618
0.9119513848679345,0.08804861513206555
0.907121900269165,0.09287809973083497
0.80924953633262,0.1907504636673801
0.7697387099139399,0.23026129008606017
0.877645553393241,0.1223544466067589
0.8809510442214271,0.11904895577857286
0.8465322704412052,0.1534677295587948
0.8079953053556104,0.19200469464438963
0.9284710435107665,0.07152895648923346
0.814651440197988,0.18534855980201204
0.9437247721407498,0.05627522785925032
0.8940792686537972,0.10592073134620289
0.7847585407558602,0.2152414592441399
0.7749805526102903,0.22501944738970978
0.8153436316091743,0.1846563683908256
0.9078407849728617,0.09215921502713838
0.7842101719457857,0.21578982805421443
0.7487047076244205,0.2512952923755794
0.9786311614844453,0.0213688385155547
0.9178140810485279,0.08218591895147206
0.8818505712518366,0.11814942874816356
0.8950836554925149,0.10491634450748516
0.8980511757909074,0.10194882420909261
0.8831426728665429,0.1168573271334571
0.8154377649366799,0.18456223506332026
0.8668541962910108,0.1331458037089893
0.9428109209503797,0.05718907904962038
0.9407101714158987,0.05928982858410114
0.9440099215856611,0.055990078414338985
0.7358488066444102,0.2641511933555897
0.9384601676137493,0.06153983238625067
0.8344303514208267,0.1655696485791735
0.8012420666097568,0.1987579333902431
0.8760270568706254,0.12397294312937442
0.7949202866376072,0.20507971336239297
0.8688105102113791,0.13118948978862102
0.9171817678713389,0.08281823212866124
0.8980629063731072,0.10193709362689261
0.9071200278748293,0.0928799721251706
0.7940312750163641,0.20596872498363597
0.7992209511220341,0.20077904887796588
0.8879794260835401,0.11202057391645996
0.9220485426190065,0.0779514573809936
0.8616301814131119,0.13836981858688802
0.7422070806834717,0.2577929193165284
0.8960047347344667,0.10399526526553327
0.7329488257917022,0.2670511742082978
0.9168584302025927,0.0831415697974073
0.8692044028918291,0.13079559710817093
0.896800556863705,0.1031994431362952
0.8647504740352204,0.13524952596477974
0.847424777163477,0.15257522283652294
0.8101979687223977,0.18980203127760228
0.9352347457360707,0.06476525426392933
0.8527549280182267,0.14724507198177336
0.963766923464907,0.03623307653509294
0.8781337452331894,0.12186625476681054
0.8853965495747265,0.1146034504252735
0.7708619144382497,0.22913808556175025
0.9091983902381134,0.09080160976188656
0.8072715197725946,0.1927284802274055
0.8523958082417975,0.14760419175820252
0.8256844454639262,0.17431555453607378
0.9121846156124696,0.0878153843875304
0.8529485899717372,0.14705141002826272
0.8721409016871795,0.1278590983128205
0.9253244246874707,0.07467557531252941
0.7895855313952582,0.21041446860474178
0.8542726183934727,0.14572738160652735
0.8641135530938974,0.13588644690610266
0.9430080285723512,0.056991971427648856
0.8726905551437257,0.1273094448562743
0.8696845123956346,0.13031548760436537
0.8474185309694944,0.15258146903050585
0.8933410814316499,0.10665891856835004
0.9471995141604351,0.05280048583956489
0.7901700208125974,0.20982997918740257
0.815861943592392,0.184138056407608
0.7876948785471666,0.2123051214528336
0.9083390251014777,0.0916609748985225
0.9288564516940095,0.07114354830599051
0.8830012386358929,0.11699876136410732
0.9320117345391322,0.06798826546086778
0.8965301289658999,0.10346987103410019
0.8185894999589589,0.18141050004104103
0.9503958501385052,0.04960414986149485
0.9210005112187252,0.07899948878127507
0.9689742253533888,0.03102577464661107
0.9248068165005613,0.07519318349943863
0.9584659350039686,0.0415340649960314
0.8057794742750342,0.1942205257249659
0.9235684095363631,0.07643159046363682
0.917118057631743,0.08288194236825713
0.8486930376193711,0.15130696238062907
0.8982698654407528,0.10173013455924725
0.9197104330468838,0.08028956695311625
0.9453004294884441,0.05469957051155605
0.887999071038735,0.11200092896126514
0.8828993902865673,0.11710060971343268
0.9240360802944874,0.07596391970551276
0.9514306682619355,0.04856933173806467
0.919173861740043,0.0808261382599569
0.9235211424300304,0.07647885756996962
0.8150147204510981,0.18498527954890184
0.72455848004663,0.27544151995336996
0.7910753505732484,0.20892464942675165
0.9414331097852342,0.05856689021476574
0.8356756173706077,0.16432438262939233
0.8960408955699963,0.10395910443000368
0.8743546191205113,0.12564538087948865
0.9386405327465068,0.061359467253493144
0.9679106134490373,0.03208938655096264
0.9114298663728458,0.08857013362715419
0.9499109400505832,0.050089059949416787
0.8164154682775456,0.1835845317224544
0.8537899716611477,0.14621002833885247
0.8697527427892185,0.1302472572107814
0.8286281522972629,0.17137184770273695
0.8362942897053071,0.16370571029469294
0.7644401466836542,0.2355598533163457
0.7379838229278224,0.26201617707217767
0.7438894481201705,0.25611055187982934
0.8094683967773895,0.19053160322261042
0.7310569129854616,0.2689430870145384
0.817410487876253,0.18258951212374697
0.880680021350834,0.11931997864916591
0.8058189523072951,0.19418104769270508
0.9325665478601521,0.06743345213984785
0.9606911974802107,0.039308802519789215
0.8880058842210048,0.11199411577899533
0.9788180548564933,0.021181945143506662
0.9421470357656576,0.05785296423434239
0.8826905893464775,0.11730941065352263
0.9110149445405522,0.08898505545944775
0.9558972926617159,0.04410270733828394
0.8173670604511505,0.18263293954884946
0.8741844981866365,0.1258155018133636
0.8912164249879719,0.10878357501202812
0.9270069462584458,0.072993053741554
0.8222271980122987,0.17777280198770146
0.8493916202106484,0.1506083797893517
0.8554773346945598,0.14452266530544017
0.9286077703893278,0.07139222961067211
0.954653077743271,0.04534692225672892
0.8618304497517586,0.13816955024824149
0.8834613683641421,0.11653863163585805
0.956024799716942,0.043975200283058
0.7523401555127966,0.24765984448720338
0.8171805990359701,0.18281940096403015
0.9187388071773307,0.08126119282266939
0.8904286443011608,0.10957135569883927
0.8567502315914957,0.14324976840850423
0.8587569091411501,0.1412430908588499
0.928251658367161,0.071748341632839
0.887692715371668,0.11230728462833192
0.7812304346839716,0.2187695653160284
0.9102458422126745,0.08975415778732539
0.9513667728335977,0.048633227166402226
0.9312121196542037,0.06878788034579633
0.9822675486198025,0.017732451380197575
0.8356922301979016,0.1643077698020985
0.9210304059824157,0.07896959401758442
0.8065211679964263,0.19347883200357385
0.8679235814048897,0.13207641859511038
0.8135056341597345,0.1864943658402656
0.925078211932995,0.07492178806700495
0.8469390422578776,0.15306095774212228
0.8666122659009221,0.13338773409907803
0.7828757748851989,0.217124225114801
0.9088605493636424,0.0911394506363575
0.9263458247002644,0.07365417529973545
0.882145271696164,0.11785472830383606
0.926914648169543,0.07308535183045686
0.832564641387773,0.16743535861222703
0.8955174695343188,0.10448253046568125
0.8377620548871615,0.16223794511283837
0.9035449954936432,0.09645500450635693
0.9367728359423557,0.06322716405764424
0.7965678246085879,0.203432175391412
0.8748348386573321,0.12516516134266772
0.8762252705695514,0.12377472943044879
0.8711745601146255,0.1288254398853747
0.8678192619794405,0.1321807380205596
0.9546097570379034,0.04539024296209662
0.8063916622165325,0.19360833778346745
0.9326392433882265,0.06736075661177372
0.9402184393443608,0.05978156065563899
0.782154104567009,0.21784589543299115
0.8345095455220435,0.16549045447795652
0.8642984618814097,0.13570153811859026
0.7721779916745254,0.2278220083254746
0.9535215874463686,0.04647841255363139
0.804743449049316,0.1952565509506841
0.908197348513606,0.09180265148639406
0.8442075057073317,0.1557924942926682
0.8585009778915609,0.14149902210843915
0.887999465990275,0.11200053400972486
0.8831287410729651,0.11687125892703477
0.8433304436379655,0.1566695563620344
0.9289092461569829,0.07109075384301712
0.8457187365413263,0.1542812634586735
0.8782395685006193,0.12176043149938073
0.8319453121622852,0.16805468783771502
0.8257458685393544,0.17425413146064556
0.8449435311565829,0.15505646884341712
0.9461552180861252,0.05384478191387488
0.8270441352539244,0.1729558647460756
0.8879973530983307,0.11200264690166918
0.8995360287410057,0.10046397125899424
0.8879886777730517,0.1120113222269483
0.8552577033852198,0.14474229661478014
0.8446339540668557,0.15536604593314435
0.962453423545124,0.03754657645487602
0.8575478735398411,0.14245212646015912
0.898656741366432,0.10134325863356791
0.9841635116266736,0.01583648837332639
0.8175223038211481,0.1824776961788519
0.8771304333996438,0.12286956660035617
0.8542323523204265,0.14576764767957354
0.9090104324564655,0.09098956754353445
0.8962246035976319,0.10377539640236813
0.831304137030207,0.168695862969793
0.9329876029026437,0.06701239709735636
0.9014532883178334,0.09854671168216668
0.8398131037986994,0.16018689620130055
0.8372887722712918,0.16271122772870825
0.8880034679479571,0.11199653205204288
0.8874290167405259,0.11257098325947412
0.8435874662423901,0.15641253375761
0.885401847738451,0.11459815226154892
0.897760490017234,0.10223950998276593
0.9453764495685358,0.054623550431464225
0.7888454119107909,0.2111545880892091
0.8426943100431756,0.15730568995682445
0.9263408247536913,0.07365917524630868
0.9108549170945477,0.0891450829054523
0.927508120683889,0.07249187931611088
0.9644667912585477,0.03553320874145233
0.8381822158788396,0.16181778412116055
0.8959931684754313,0.10400683152456876
0.9210806079685542,0.07891939203144571
0.8581692647724765,0.14183073522752349
0.8564906219532015,0.1435093780467985
0.8488601930413031,0.151139806958697
0.8477030615619189,0.15229693843808104
0.9197378122116059,0.08026218778839425
0.8592268664376325,0.14077313356236756
0.9161485840778972,0.08385141592210278
0.9289235900100558,0.07107640998994427
0.8131800095543835,0.18681999044561662
0.8057718354963633,0.1942281645036366
0.9540501936075856,0.045949806392414534
0.8607011415719567,0.13929885842804338
0.8880021653688768,0.11199783463112337
0.8626331065062534,0.13736689349374648
0.9336908288271528,0.06630917117284714
0.8626284255646651,0.13737157443533482
0.8575940886460481,0.14240591135395192
0.9388659575125848,0.06113404248741525
0.845345456910352,0.15465454308964793
0.8614227357106624,0.1385772642893377
0.841774396036937,0.15822560396306284
0.8953510616118643,0.10464893838813571
0.8712448002926967,0.12875519970730329
0.7864100783030935,0.2135899216969065
0.8614193078103655,0.13858069218963476
0.8880227420783622,0.11197725792163785
0.8738565106805385,0.12614348931946148
0.8472408113606094,0.1527591886393908
0.9434996610174966,0.05650033898250353
0.88557063824427,0.11442936175573001
0.7741327344835465,0.22586726551645356
0.9145710988602807,0.08542890113971938
0.8590174622623166,0.1409825377376835
0.9581204998360119,0.041879500163988094
0.8462986344357307,0.15370136556426928
0.8786521481845012,0.12134785181549877
0.908754418170988,0.09124558182901193
0.8477995364242719,0.15220046357572808
0.9223957561698755,0.07760424383012454
0.8445923029606254,0.15540769703937474
0.877490666265072,0.12250933373492788
0.876900224066144,0.12309977593385601
0.8131691257580252,0.1868308742419747
0.8222710638049419,0.17772893619505828
0.8220015643176531,0.17799843568234683
0.868677605648797,0.13132239435120308
0.7788779857482553,0.22112201425174458
0.7820024214502741,0.2179975785497259
0.9130856947756582,0.08691430522434188
0.8611617653797722,0.13883823462022782
0.8044509379603205,0.1955490620396796
0.8513109946545321,0.14868900534546786
0.8762207019173365,0.12377929808266339
0.7813884401254713,0.21861155987452874
0.9547024726093399,0.04529752739066016
0.8462324977349696,0.15376750226503053
0.9191015770669854,0.08089842293301447
0.9169374993102303,0.08306250068976966
0.9269216536028118,0.07307834639718816
0.9376095668910719,0.062390433108928056
0.9244951786869426,0.07550482131305733
0.9454839406333533,0.054516059366646816
0.9305353435890935,0.06946465641090677
0.8384167620771291,0.1615832379228709
0.9299386382128142,0.07006136178718589
0.8499101765690872,0.15008982343091282
0.9547350059924924,0.04526499400750759
0.9615998503549616,0.03840014964503849
0.8809912514484969,0.11900874855150312
0.8893429763684417,0.11065702363155834
0.8393293211802518,0.16067067881974822
0.8458211214434429,0.15417887855655713
0.8589957744288264,0.14100422557117367
0.8880016499928386,0.11199835000716153
0.8879901420168742,0.11200985798312574
0.8784045452629593,0.12159545473704099
0.8616591439852606,0.1383408560147394
0.7590521636991584,0.24094783630084166
0.8325090182175242,0.1674909817824761
0.9603687870783624,0.03963121292163773
0.8376925999266399,0.16230740007336
0.894744420892892,0.10525557910710805
0.8281353874599968,0.17186461254000335
0.8107621050841847,0.18923789491581536
0.948531207603037,0.05146879239696317
0.9033251667266456,0.09667483327335427
0.7783913509007382,0.22160864909926178
0.8417718881494636,0.15822811185053645
0.820434707573445,0.17956529242655497
0.9347378854225714,0.0652621145774286
0.8603281609417774,0.13967183905822259
0.8142206263780079,0.1857793736219921
0.7818643843950057,0.21813561560499423
0.883320571914371,0.1166794280856291
0.7827996984546318,0.2172003015453682
0.8382737538781355,0.1617262461218645
0.9618567981984545,0.0381432018015455
0.8720957439743543,0.1279042560256459
0.9001303854501228,0.09986961454987728
0.9208503655087553,0.07914963449124467
0.821997988443392,0.178002011556608
0.8568411403528909,0.143158859647109
0.7464794677907511,0.2535205322092489
0.7732936362728464,0.22670636372715366
0.7305156099330258,0.2694843900669741
0.9573941368606614,0.04260586313933865
0.9293071050426864,0.0706928949573136
0.9414410784106723,0.05855892158932778
0.9151694470764442,0.08483055292355579
0.9284443525607766,0.07155564743922342
0.8569703843491256,0.14302961565087444
0.7958025082193113,0.20419749178068863
0.8449627578881069,0.15503724211189332
0.9041977614545121,0.09580223854548786
0.8063985318361684,0.19360146816383164
0.935823435589073,0.06417656441092708
0.7903171066681849,0.2096828933318152
0.9172059711093627,0.08279402889063724
0.8245720474712266,0.1754279525287733
0.863529266231788,0.13647073376821203
0.9041929473871593,0.09580705261284075
0.8107990873100844,0.18920091268991557
0.8714120152340328,0.12858798476596747
0.8196966213670113,0.18030337863298884
0.7812703520387716,0.2187296479612284
0.7872029101628296,0.21279708983717063
0.888327864555897,0.11167213544410307
0.9283498507559521,0.07165014924404785
0.9545437833573859,0.045456216642614254
0.792249192376575,0.207750807623425
0.9216900463919946,0.07830995360800544
0.860254229208232,0.13974577079176803
0.7997194913682808,0.2002805086317191
0.8748720401044513,0.12512795989554862
0.8436252026375497,0.1563747973624503
0.8279444511459212,0.17205554885407884
0.7840851544891795,0.2159148455108205
0.8594201467838419,0.140579853216158
0.9109958686539091,0.08900413134609095
0.9013755757702873,0.09862442422971288
0.8984490704010254,0.10155092959897467
0.7438919910544194,0.2561080089455808
0.8303668204650835,0.16963317953491652
0.9361727501396213,0.06382724986037866
0.8665869776476591,0.13341302235234082
0.7574142075437303,0.24258579245626946
0.833181838582655,0.16681816141734498
0.9175780254222876,0.08242197457771239
0.7964535196152317,0.20354648038476816
0.8952821082462287,0.10471789175377128
0.7997487403295176,0.20025125967048238
0.8775917912116367,0.12240820878836325
0.9271738531945973,0.07282614680540266
0.8178948905019241,0.18210510949807593
0.9357432776681834,0.06425672233181658
0.8968114090376171,0.10318859096238285
0.8666008417332255,0.13339915826677465
0.8582681135921122,0.14173188640788792
0.9434967300018665,0.056503269998133404
0.940757198595043,0.05924280140495707
0.8982069109922775,0.10179308900772256
0.9298846270374039,0.07011537296259623
0.8057730605524849,0.1942269394475151
0.8599250418087168,0.14007495819128324
0.8397388965627813,0.16026110343721867
0.7274764048930851,0.2725235951069149
0.8880240324132671,0.11197596758673295
0.9362064247964789,0.06379357520352101
0.8906217636875938,0.10937823631240626
0.8409653715914005,0.15903462840859942
0.7213910457791357,0.27860895422086424
0.7899689498286439,0.210031050171356
0.9000200227024067,0.0999799772975932
0.9163190429939441,0.08368095700605602
0.8176586065550029,0.18234139344499728
0.857061183860492,0.14293881613950787
0.8476280379870992,0.15237196201290085
0.8671120892984968,0.13288791070150308
0.8668550060412982,0.1331449939587017
0.9230856753677209,0.07691432463227901
0.7540575291920933,0.24594247080790677
0.8285876121373261,0.17141238786267385
0.8499396231802533,0.15006037681974685
0.8575638020703522,0.14243619792964782
0.9028864392337892,0.09711356076621085
0.8959972115511546,0.10400278844884546
0.9085473943701678,0.09145260562983216
0.9016129901643946,0.09838700983560543
0.7847661303470106,0.2152338696529895
0.8118634846859736,0.18813651531402645
0.8352984326104579,0.16470156738954214
0.7809224773827997,0.21907752261720032
0.8880099748697794,0.11199002513022067
0.8444436683647496,0.15555633163525037
0.8687024896967458,0.1312975103032542
0.8957813303405341,0.104218669659466
0.887555059707523,0.11244494029247695
0.9183731103984516,0.08162688960154847
0.8037422766080982,0.19625772339190187
0.9137658163597073,0.08623418364029267
0.8033450719778776,0.1966549280221223
0.8880007742896671,0.11199922571033288
0.8769264696694886,0.1230735303305114
0.8887869338966461,0.11121306610335405
0.8538638756745077,0.14613612432549228
0.9177618900335612,0.0822381099664388
0.9316773639874464,0.06832263601255359
0.8527032904602596,0.14729670953974042
0.9431607292864049,0.056839270713595035
0.8245897635065759,0.17541023649342405
0.9423663785194053,0.05763362148059479
0.800934253397643,0.199065746602357
0.841870215288777,0.158129784711223
0.8979800390493186,0.10201996095068142
0.9347181548536422,0.06528184514635783
0.9035808478027731,0.09641915219722692
0.8305636244856587,0.16943637551434126
0.9151797398093835,0.08482026019061646
0.886531228136903,0.11346877186309717
0.8245690930578533,0.17543090694214658
0.8135142603639821,0.18648573963601783
0.9079238478722963,0.09207615212770373
0.803345392229564,0.19665460777043597
0.8985718739203,0.10142812607970002
0.9080008613802454,0.09199913861975455
0.7817378885643936,0.21826211143560642
0.824548328242024,0.17545167175797596
0.858705321929164,0.14129467807083612
0.9551288896662675,0.04487111033373258
0.8722811055277547,0.12771889447224524
0.9441886275054935,0.055811372494506586
0.8354182785474975,0.16458172145250258
0.8441916905141813,0.1558083094858187
0.7783726348101907,0.22162736518980936
0.8596603566049174,0.14033964339508262
0.8728043672588285,0.1271956327411714
0.8462333481026705,0.1537666518973294
0.7611944785311868,0.23880552146881304
0.8324998188948862,0.1675001811051138
0.8930063813936128,0.10699361860638738
0.9576917362437063,0.04230826375629369
0.8142693197878742,0.18573068021212566
0.8829837315775494,0.1170162684224506
0.8124516418042048,0.18754835819579505
0.8523295075138746,0.14767049248612554
0.9459132631798562,0.05408673682014374
0.8960523907413378,0.10394760925866203
0.9533863811641347,0.04661361883586547
0.9321840409154553,0.06781595908454477
0.9630422553870824,0.036957744612917655
0.8726875294671381,0.12731247053286185
0.8731738103517901,0.12682618964820974
0.8879671657082453,0.11203283429175483
0.8381509124253598,0.16184908757464025
0.9175382554168023,0.0824617445831977
0.8364270407374242,0.16357295926257584
0.7677002963484082,0.23229970365159178
0.9123286036721221,0.087671396327878
0.81080959559543,0.1891904044045701
0.8347065510471148,0.16529344895288525
0.877185752087478,0.12281424791252198
0.8878897614621836,0.11211023853781647
0.9257867249996119,0.07421327500038816
0.8599566270065622,0.14004337299343783
0.9376641224600281,0.06233587753997195
0.881323870719494,0.1186761292805061
0.7041408871400856,0.2958591128599145
0.8072725771244155,0.19272742287558445
0.7636592987796246,0.2363407012203755
0.8880005452853671,0.1119994547146328
0.847257032584987,0.15274296741501295
0.8245070016724818,0.17549299832751813
0.8010658690829002,0.1989341309170998
0.8645102795950682,0.13548972040493193
0.8702533470469892,0.12974665295301105
0.8509798770136698,0.14902012298633013
0.863336838350706,0.13666316164929418
0.7942809918828891,0.2057190081171108
0.9033932392051603,0.0966067607948397
0.8706836644273663,0.1293163355726337
0.9145633659762875,0.08543663402371246
0.8294524306178072,0.17054756938219273
0.9370474174066816,0.06295258259331836
0.9374287335754429,0.06257126642455718
0.9038943982536993,0.09610560174630065
0.8553639849556544,0.14463601504434556
0.8585391409453736,0.14146085905462633
0.7491973343793046,0.2508026656206952
0.9031066505280849,0.09689334947191487
0.8684837930189336,0.1315162069810664
0.7606083993766579,0.23939160062334214
0.8598174231929974,0.1401825768070028
0.9042012598970156,0.09579874010298434
0.9507216353243493,0.04927836467565085
0.8780224713316704,0.12197752866832952
0.8139242710797576,0.18607572892024235
0.8780227117794736,0.12197728822052661
0.8681648577582374,0.13183514224176268
0.7725550799614572,0.22744492003854277
0.8640062504131507,0.13599374958684932
0.8580769225615675,0.1419230774384324
0.9684781428132931,0.03152185718670671
0.8840287455967332,0.11597125440326685
0.8318118147940153,0.16818818520598472
0.9257889571733378,0.07421104282666224
0.87845967033332,0.12154032966668007
0.8247995023573509,0.17520049764264908
0.8478670679309841,0.15213293206901587
0.8319159373365947,0.16808406266340514
0.9081820803282804,0.09181791967171955
0.8806624035132848,0.11933759648671524
0.8653402564611731,0.13465974353882706
0.8992455198701879,0.10075448012981231
0.9107568372702632,0.0892431627297367
0.868584562456727,0.13141543754327306
0.9283403732780254,0.0716596267219747
0.8577531127088209,0.14224688729117912
0.9486123691963362,0.05138763080366374
0.8274732417655516,0.17252675823444835
0.8666754645374697,0.13332453546253026
0.8771850310774791,0.12281496892252071
0.9242032067568661,0.07579679324313394
0.7734472233763998,0.22655277662360016
0.7863935284154033,0.21360647158459675
0.8392110731119942,0.1607889268880059
0.8325089559179725,0.16749104408202767
0.8988531034183548,0.10114689658164523
0.865295749388388,0.1347042506116119
0.7761588539797607,0.2238411460202393
0.8663239937497378,0.1336760062502622
0.9237074089542537,0.07629259104574619
0.9029093959716153,0.0970906040283847
0.8142881445907556,0.1857118554092444
0.8324663485224925,0.16753365147750754
0.9101256817369932,0.08987431826300686
0.8005414418648364,0.19945855813516356
0.9206932049435449,0.07930679505645499
0.9423032435703632,0.05769675642963681
0.8563160225324357,0.14368397746756445
0.8998730476003757,0.10012695239962431
0.9299103784870187,0.07008962151298126
0.8688959927121161,0.1311040072878838
0.7954994099444764,0.20450059005552348
0.9487568298998699,0.051243170100129985
0.8719810140509138,0.12801898594908637
0.8327894433888426,0.16721055661115736
0.9088093865709954,0.09119061342900457
0.9515711747668091,0.04842882523319084
0.7342141768207817,0.2657858231792181
0.8729430585886626,0.12705694141133753
0.7424967102706432,0.2575032897293568
0.8458579861577697,0.15414201384223022
0.8969914038270184,0.10300859617298165
0.771873316624379,0.22812668337562106
0.8875399264983389,0.1124600735016611
0.788466222954511,0.21153377704548895
0.8764839736446428,0.12351602635535722
0.9165108175626339,0.08348918243736612
0.8969959953672187,0.10300400463278128
0.8026229552236158,0.1973770447763842
0.8803334989787146,0.11966650102128541
0.9387183323200203,0.06128166767997975
0.8976538710286535,0.10234612897134654
0.8958687692625058,0.10413123073749421
0.9646410571023356,0.0353589428976643
0.8832648712974244,0.11673512870257556
0.9347005492106788,0.06529945078932117
0.888021046388045,0.11197895361195506
0.8951830526401474,0.10481694735985271
0.9291797622645576,0.07082023773544227
0.9102676001202681,0.08973239987973197
0.8818874025604403,0.11811259743955972
0.7756017618920944,0.22439823810790563
0.8835072918641564,0.11649270813584366
0.8214009221607969,0.1785990778392033
0.9043444985690778,0.09565550143092218
0.8145836058636605,0.18541639413633945
0.8479634034844283,0.15203659651557178
0.8524908551062177,0.14750914489378242
0.8585430659274258,0.14145693407257423
0.9089427947505622,0.09105720524943782
0.8764975119897903,0.1235024880102097
0.7513851309196545,0.24861486908034539
0.8739045026091635,0.12609549739083656
0.8372498230266984,0.16275017697330169
0.7770149988680308,0.22298500113196923
0.9497448519154974,0.05025514808450265
0.8682937371889659,0.13170626281103415
0.8057349798956032,0.19426502010439697
0.9002964409178345,0.09970355908216556
0.9003297980780623,0.0996702019219378
0.8481538118532169,0.15184618814678297
0.9032109187246385,0.0967890812753615
0.9087774640115043,0.09122253598849579
0.9335947807513608,0.06640521924863929
0.8642167284922838,0.13578327150771607
0.9303352056305266,0.06966479436947345
1.0,0.0
0.9520409845300944,0.04795901546990579
0.8630284534154598,0.1369715465845403
0.7961510625162843,0.20384893748371563
0.9430032159405212,0.05699678405947887
0.7910293516955976,0.20897064830440243
0.832428214666565,0.16757178533343492
0.9026844737188784,0.09731552628112178
0.8986546730631929,0.10134532693680708
0.8341069723819409,0.1658930276180592
0.8693059075283998,0.1306940924716003
0.829450375324419,0.17054962467558116
0.7452713245703072,0.25472867542969285
0.7995639589188599,0.20043604108114013
0.8207820556084451,0.17921794439155483
0.9046282520730623,0.0953717479269377
0.9422165777099595,0.05778342229004056
0.8551117639065228,0.1448882360934773
0.8435541948222823,0.15644580517771778
0.7928594598039006,0.20714054019609945
0.7919488040299593,0.20805119597004063
0.7801714363330808,0.21982856366691916
0.9245514575275825,0.07544854247241754
0.8686959228862452,0.13130407711375477
0.8529467612649025,0.14705323873509732
0.8238835407690747,0.1761164592309252
0.8251356564375262,0.1748643435624738
0.8176610851397583,0.1823389148602417
0.847401218992097,0.15259878100790308
0.9652158200390281,0.034784179960971995
0.8326922852166658,0.16730771478333414
0.8610226126613998,0.13897738733860013
0.9105309403063038,0.08946905969369616
0.8220204679810965,0.17797953201890346
0.718249113775658,0.28175088622434186
0.8816987691058554,0.11830123089414457
0.8371743128643295,0.16282568713567047
0.8765291551836067,0.1234708448163932
0.8287942050006283,0.17120579499937177
0.8563146159695025,0.14368538403049744
0.8879994815742694,0.1120005184257306
0.8390428615967742,0.16095713840322576
0.909055063396544,0.09094493660345603
0.8289292642314208,0.17107073576857917
0.888910486473578,0.111089513526422
0.8679960639042346,0.13200393609576555
0.8879561908408795,0.11204380915912042
0.8659475867988795,0.13405241320112052
0.8179640272658647,0.1820359727341354
0.9434953212723599,0.05650467872764004
0.8593440830303826,0.14065591696961746
0.8027198710065369,0.19728012899346328
0.882445407674032,0.11755459232596795
0.9347200743320265,0.06527992566797329
0.7900947545793907,0.2099052454206093
0.8477269106201553,0.15227308937984466
0.8361213042660719,0.1638786957339278
0.8954456461770413,0.10455435382295886
0.9087942896406532,0.09120571035934685
0.9394838765433537,0.06051612345664635
0.9499116241144026,0.050088375885597516
0.862987747991998,0.137012252008002
0.7890418334317503,0.2109581665682496
0.867348748143155,0.13265125185684512
0.7864018224995288,0.21359817750047105
0.9441320566899568,0.05586794331004324
0.853869085390653,0.14613091460934702
0.865113308471141,0.13488669152885913
0.9251157341774078,0.07488426582259233
0.790217837903466,0.20978216209653408
0.9329457835448495,0.0670542164551505
0.865517501147884,0.13448249885211605
0.8517579009954159,0.14824209900458404
0.8512990082693881,0.14870099173061171
0.944089443727386,0.05591055627261405
0.9045608463852925,0.09543915361470741
0.8934626856746997,0.10653731432530039
0.8413002721260795,0.1586997278739205
0.8896313803484107,0.11036861965158928
0.8158518509373233,0.18414814906267676
0.7551126924018999,0.2448873075981003
0.9088952531990447,0.09110474680095522
0.8408915009741591,0.1591084990258409
0.9187299158586695,0.08127008414133065
0.7381004231217081,0.261899576878292
0.8952440323238062,0.10475596767619383
0.8601827558584093,0.1398172441415908
0.8880042669773542,0.11199573302264582
0.9119171010565951,0.08808289894340487
0.9200963424239206,0.07990365757607946
0.8886815752436025,0.11131842475639742
0.857432203305218,0.142567796694782
0.9298202148913008,0.07017978510869917
0.8822775531917195,0.11772244680828058
0.8891721513159477,0.11082784868405228
0.9291469446944651,0.07085305530553493
0.8918514324768052,0.10814856752319486
0.8929061068695969,0.10709389313040302
0.7946487290232481,0.20535127097675202
0.7472203276650603,0.25277967233493975
0.8514568089882001,0.14854319101179989
0.7791689215465459,0.22083107845345418
0.913401618764942,0.08659838123505811
0.8660792315983556,0.13392076840164432
0.849420657206984,0.15057934279301577
0.9363730046280153,0.0636269953719846
0.9006549210634617,0.09934507893653843
0.7975260353218955,0.20247396467810458
0.8958493116693258,0.1041506883306743
0.8147758112371214,0.18522418876287863
0.8982093603431126,0.10179063965688726
0.9235172893064875,0.07648271069351256
0.8356915204267698,0.16430847957323022
0.8197157436153348,0.18028425638466525
0.921714573383814,0.07828542661618608
0.8686189613084309,0.13138103869156895
0.8356861812036394,0.16431381879636078
0.9261029552084818,0.07389704479151826
0.839221679396774,0.16077832060322592
0.878191241283376,0.1218087587166241
0.9437953150841857,0.05620468491581437
0.7923277158465971,0.207672284153403
0.8982831488221505,0.1017168511778495
0.8158195549026485,0.18418044509735165
0.9643768082520383,0.035623191747961684
0.9630208867059152,0.03697911329408475
0.9042378460552587,0.09576215394474143
0.8245714946172802,0.17542850538271973
0.8697546853153829,0.1302453146846175
0.8719164867458795,0.12808351325412037
0.7962351273725139,0.2037648726274861
0.8733662081263381,0.12663379187366183
0.9279245223479992,0.07207547765200081
0.9393455123360458,0.06065448766395422
0.8352782228947,0.16472177710529998
0.7626125384622209,0.2373874615377792
0.8029423753127757,0.19705762468722432
0.8691414858479095,0.13085851415209077
0.8786550313119914,0.12134496868800873
0.9342568822377341,0.06574311776226609
0.8705531792499354,0.1294468207500647
0.9289738955943198,0.07102610440568054
0.726394099816902,0.27360590018309805
0.827493802552027,0.17250619744797302
0.9249174460581953,0.0750825539418046
0.8030034790366692,0.1969965209633308
0.9257871971305153,0.07421280286948481
0.8671730601384839,0.1328269398615161
0.8752688754281466,0.1247311245718534
0.8762244252845678,0.12377557471543231
0.8530816892376227,0.14691831076237716
0.9232414223491813,0.07675857765081898
0.859359905717414,0.140640094282586
0.9001640729918035,0.0998359270081965
0.8531971128545731,0.14680288714542683
0.915286469083574,0.08471353091642593
0.9460250579311812,0.05397494206881865
0.8879983582919264,0.11200164170807352
0.7996942808575452,0.20030571914245476
0.9119837467881489,0.0880162532118512
0.774824651009086,0.22517534899091404
0.8469285137608978,0.15307148623910227
0.8861106624853446,0.11388933751465544
0.9102321772203644,0.08976782277963563
0.8944638027844293,0.105536197215571
0.7822598716005064,0.21774012839949367
0.7039024900280126,0.2960975099719873
0.7618570922253504,0.23814290777464966
0.9389776087014082,0.061022391298591716
0.8687828660360883,0.13121713396391188
0.7769958631903839,0.22300413680961598
0.9241595757994889,0.07584042420051114
0.7626460866896734,0.2373539133103266
0.8264089438713733,0.17359105612862671
0.885139676708157,0.11486032329184301
0.8811632014233494,0.11883679857665065
0.777508260572857,0.2224917394271429
0.8034772900858255,0.19652270991417464
0.9116862250323036,0.08831377496769643
0.8988074943327743,0.10119250566722572
0.7656023415359332,0.23439765846406677
0.858535629153438,0.14146437084656213
0.9474125860097055,0.05258741399029471
0.8331589834675144,0.16684101653248565
0.8128326913240596,0.18716730867594034
0.8572075422892543,0.14279245771074567
0.9464634382775573,0.053536561722442554
0.8761741360113767,0.12382586398862329
0.8872357064849584,0.11276429351504166
0.8918290191651339,0.10817098083486604
0.8678676055992572,0.1321323944007428
0.8565093828014934,0.14349061719850673
0.8626289718673372,0.13737102813266283
0.831358948363952,0.16864105163604806
0.8998721074201932,0.10012789257980678
0.8826029465987391,0.11739705340126093
0.832763901309474,0.16723609869052594
0.8789398107907661,0.12106018920923399
0.8315390138224681,0.16846098617753164
0.905535351795061,0.09446464820493902
0.7915923904866937,0.2084076095133061
0.8419318961932102,0.1580681038067899
0.8300749953188021,0.16992500468119778
0.9369296853505207,0.06307031464947946
0.8692103694007184,0.13078963059928161
0.842761220289701,0.15723877971029898
0.7814151750802331,0.21858482491976697
0.9099212460113643,0.09007875398863568
0.8361062940025846,0.1638937059974154
0.9462165121545625,0.05378348784543753
0.7996669217522195,0.20033307824778027
0.900864343441505,0.09913565655849488
0.8639617556220698,0.13603824437793022
0.8896910256980222,0.11030897430197775
0.9121846036406811,0.08781539635931894
0.8127815508871296,0.18721844911287044
0.821869767621359,0.17813023237864098
0.8431162908805423,0.15688370911945795
0.9354200725606248,0.06457992743937521
0.6639044562253784,0.3360955437746216
0.8708994519498318,0.1291005480501683
0.8735250131690955,0.12647498683090452
0.9402865502650977,0.059713449734902294
0.9050026751679386,0.0949973248320615
0.887533205394558,0.11246679460544196
0.9079700739824159,0.09202992601758432
0.8524184980886028,0.14758150191139724
0.8052819090820692,0.19471809091793077
0.8502278016073996,0.14977219839260034
0.9444364577346132,0.055563542265386935
0.78995308238582,0.21004691761418
0.8114506684399465,0.18854933156005357
0.8245698160959526,0.17543018390404735
0.9268499078849645,0.07315009211503554
0.9260440995023743,0.07395590049762556
0.8629860667614563,0.1370139332385436
0.9711535196522736,0.028846480347726574
0.8524841707887918,0.1475158292112082
0.8476722455921019,0.1523277544078982
0.9209317619864472,0.0790682380135528
0.8663769559912564,0.13362304400874367
0.8116175080069218,0.1883824919930782
0.8988805768763468,0.10111942312365331
0.9109994535952146,0.08900054640478533
0.9603144640837379,0.03968553591626223
0.92285694523247,0.07714305476752994
0.9124423161917181,0.08755768380828183
0.881308579345706,0.11869142065429417
0.8659708817599348,0.13402911824006533
0.8862367034765979,0.11376329652340217
0.9448316046902335,0.05516839530976639
0.928819499285371,0.07118050071462911
0.9130167077240705,0.08698329227592945
0.8723864817164946,0.12761351828350542
0.8132463854506891,0.18675361454931091
0.8714350965391926,0.1285649034608073
0.7115297412861472,0.28847025871385273
0.8917034647274313,0.1082965352725686
0.7259422682201705,0.27405773177982967
0.8008126972742607,0.19918730272573923
0.8281390694135964,0.17186093058640367
0.7999716964416912,0.20002830355830878
0.8844203406915613,0.11557965930843879
0.7757264124389183,0.22427358756108168
0.7580841005155852,0.24191589948441486
0.8304025482647063,0.16959745173529378
0.8245726317147617,0.17542736828523853
0.8096412378709185,0.19035876212908154
0.9536294061802826,0.046370593819717615
0.9003658269386584,0.09963417306134177
0.8770090828037445,0.12299091719625563
0.8879980657986521,0.11200193420134799
0.7835312424244538,0.21646875757554612
0.9474872323154512,0.05251276768454878
0.8515078060424276,0.14849219395757238
0.822827338400933,0.17717266159906694
0.8501527043814623,0.14984729561853766
0.9110015648590494,0.0889984351409506
0.8605366799473037,0.13946332005269632
0.9796137889623039,0.020386211037696233
0.955174414567897,0.0448255854321031
0.8983291000708055,0.10167089992919465
0.8853228995226731,0.11467710047732688
0.8806648159629621,0.11933518403703797
0.8839886738965277,0.11601132610347224
0.7976849068664709,0.20231509313352913
0.8167768609625307,0.18322313903746934
0.9035710860439681,0.09642891395603177
0.7936891244587176,0.20631087554128227
0.8381806455392973,0.1618193544607028
0.9112648237052335,0.08873517629476653
0.8852144220923769,0.11478557790762327
0.847382134519311,0.15261786548068895
0.9255912810941631,0.07440871890583699
0.8888822483200203,0.11111775167997975
0.8835123295759517,0.11648767042404835
0.8289183017125081,0.17108169828749187
0.7832578176028562,0.21674218239714388
0.9549262591047035,0.04507374089529661
0.8464564825447731,0.15354351745522707
0.9396269480910064,0.06037305190899357
0.9208539353139982,0.07914606468600173
0.9435019354349299,0.056498064565070186
0.9096582167455107,0.09034178325448931
0.7662493326959018,0.23375066730409824
0.8880007529329706,0.11199924706702925
0.7596185195530519,0.2403814804469481
0.812886023855207,0.18711397614479305
0.8295838891808622,0.17041611081913782
0.9429377417515972,0.05706225824840282
0.8750870035588403,0.12491299644115975
0.8747165588368517,0.12528344116314832
0.8562859851098792,0.14371401489012084
0.845995437274148,0.15400456272585195
0.7895616592650174,0.2104383407349826
0.9491317527837764,0.05086824721622345
0.8303590257615161,0.16964097423848395
0.896814990330046,0.10318500966995393
0.9421416945551567,0.05785830544484318
0.8171874640719803,0.18281253592801983
0.8449490166714664,0.15505098332853348
0.9014568146149524,0.09854318538504753
0.8640983256038495,0.13590167439615042
0.8220117532919176,0.1779882467080826
0.8004016344640437,0.1995983655359563
0.8257168022688867,0.17428319773111337
0.9338651050753609,0.06613489492463902
0.8494212291091467,0.15057877089085325
0.7893426094110279,0.2106573905889722
0.7383056624820926,0.2616943375179075
0.9235225985269023,0.07647740147309771
0.7969314566054032,0.20306854339459668
0.8743477665771571,0.12565223342284312
0.795480201293508,0.204519798706492
0.8887906128148455,0.11120938718515458
0.8934005749098825,0.10659942509011756
0.9074231679048815,0.09257683209511848
0.8783511853764543,0.12164881462354574
0.9130097119722514,0.08699028802774854
0.8077444203021955,0.19225557969780455
0.7655273891858582,0.2344726108141419
0.774682673558017,0.2253173264419829
0.9427866085184373,0.05721339148156275
0.861114986286913,0.13888501371308695
0.8095645516663529,0.19043544833364712
0.8887885584573704,0.11121144154262966
0.7974143656116848,0.20258563438831526
0.8308663341300766,0.16913366586992337
0.8275415256518244,0.1724584743481756
0.8386592547211552,0.16134074527884482
0.8833878076625764,0.1166121923374236
0.7635722771439056,0.23642772285609442
0.8880103190331926,0.11198968096680746
0.9169139706599488,0.08308602934005116
0.9170379176315847,0.08296208236841543
0.814003771075029,0.1859962289249711
0.9557192527926196,0.04428074720738048
0.8830992768531805,0.11690072314681964
0.8288012995163849,0.17119870048361513
0.8564795162365655,0.14352048376343451
0.9135676050111418,0.08643239498885828
0.8145919719241101,0.18540802807588988
0.8570263783560994,0.14297362164390073
0.878245027044368,0.12175497295563208
0.8546598838691049,0.14534011613089529
0.8811796513638042,0.11882034863619588
0.9189891328974424,0.08101086710255763
0.8984720995267389,0.10152790047326096
0.8480906292057088,0.1519093707942913
0.8499590749445813,0.15004092505541852
0.8553179486279933,0.1446820513720067
0.8163800296671859,0.18361997033281416
0.8297414114343578,0.17025858856564227
0.7244087443695643,0.27559125563043574
0.9357412474094122,0.06425875259058776
0.8806290741014673,0.11937092589853261
0.8776908460828721,0.12230915391712799
0.7464356690672383,0.2535643309327616
0.9275770180746238,0.07242298192537619
0.8653657543614641,0.13463424563853596
0.7626581448117221,0.2373418551882778
0.8007050257310067,0.19929497426899345
0.87622525300476,0.12377474699524009
0.830713590161307,0.1692864098386931
0.8774519959266718,0.1225480040733282
0.847173213195842,0.15282678680415795
0.9370579056389658,0.06294209436103412
0.9261528748239981,0.07384712517600214
0.8705628301191605,0.12943716988083964
0.7859280148778126,0.21407198512218742
0.8424607045605352,0.15753929543946477
0.7290179035423272,0.2709820964576729
0.8958267200936219,0.10417327990637808
0.8800522531386763,0.11994774686132371
0.7852238921381591,0.21477610786184084
0.9028730150432794,0.0971269849567206
0.80806589536801,0.19193410463198995
0.8238314191251366,0.17616858087486345
0.898829250318223,0.1011707496817769
0.8924554263811704,0.1075445736188298
0.8093366092047068,0.1906633907952931
0.9050530249505114,0.09494697504948847
0.9413658236701784,0.05863417632982144
0.8915327456482178,0.10846725435178214
0.8880012639973894,0.11199873600261062
0.7881117397170198,0.21188826028298027
0.7486058134242835,0.25139418657571666
0.8854613330425938,0.1145386669574063
0.933249447677277,0.0667505523227231
0.8801094990242233,0.11989050097577672
0.8758120996559728,0.12418790034402724
0.8315769618130646,0.16842303818693544
0.8341824580273159,0.16581754197268414
0.8671838163972512,0.13281618360274897
0.792009208811683,0.20799079118831706
0.9307937492085502,0.06920625079144997
0.8705537559662518,0.12944624403374796
0.887976087032639,0.11202391296736103
0.9457485064452849,0.05425149355471514
0.881037816294318,0.11896218370568201
0.8999985487260133,0.10000145127398687
0.9321278212430141,0.06787217875698597
0.7230438180773495,0.2769561819226505
0.885052053151866,0.11494794684813404
0.8436077528008104,0.15639224719918962
0.7708655193001923,0.2291344806998076
0.8655403783610297,0.1344596216389704
0.9514480403632835,0.048551959636716574
0.7722271660152458,0.22777283398475415
0.9023790776384881,0.09762092236151197
0.8777354781163359,0.12226452188366406
0.8796669496930966,0.12033305030690342
0.7669388350212862,0.23306116497871385
0.762704043739444,0.23729595626055605
0.7605456739818531,0.23945432601814695
0.8855077405384676,0.11449225946153253
0.843975863380886,0.15602413661911413
0.8939359863989107,0.10606401360108941
0.9043195844218602,0.09568041557813992
0.8880059003622692,0.11199409963773076
0.7843948812124508,0.21560511878754923
0.8056482503085872,0.19435174969141264
0.8879933523275194,0.11200664767248054
0.9451249616168065,0.0548750383831933
0.8977794168533062,0.10222058314669383
0.8910900737512027,0.1089099262487973
0.805815661200974,0.19418433879902597
0.9302799316817264,0.06972006831827367
0.9208589494970879,0.0791410505029124
0.8567647708865328,0.14323522911346717
0.9008736417560615,0.09912635824393859
0.8150727121283545,0.18492728787164553
0.8151584988311499,0.18484150116885006
0.8875763828011227,0.11242361719887728
0.9322079693533428,0.06779203064665737
0.8331256670857955,0.16687433291420453
0.7727991469155857,0.22720085308441432
0.8724878574582061,0.12751214254179385
0.7864268867493346,0.2135731132506655
0.9050481161722931,0.09495188382770682
0.9220059521407166,0.07799404785928332
0.9414939241756475,0.05850607582435251
0.9145050456923157,0.08549495430768424
0.8880051870441372,0.1119948129558627
0.909141036364249,0.09085896363575112
0.7517216966397533,0.24827830336024678
0.9178489766651564,0.08215102333484364
0.7923317678847529,0.20766823211524704
0.8531767885644012,0.1468232114355989
0.8504606454465347,0.14953935455346556
0.9363051624674997,0.06369483753250026
0.8188967596800009,0.18110324031999914
0.8148202380173842,0.18517976198261588
0.9367927176916181,0.06320728230838195
0.8605845282093392,0.13941547179066094
0.9229050284511306,0.07709497154886953
0.8708916013859139,0.12910839861408613
0.8939032784405331,0.106096721559467
0.8388016254344309,0.16119837456556912
0.8769806871298373,0.12301931287016267
0.8875633484383647,0.11243665156163521
0.865275376239887,0.13472462376011302
0.922522462073996,0.07747753792600383
0.7895338864708478,0.21046611352915234
0.8357655075065729,0.16423449249342717
0.9157350340549584,0.08426496594504175
0.9389760551663059,0.0610239448336941
0.7864144781632972,0.21358552183670307
0.917598972893698,0.08240102710630194
0.86607634611542,0.13392365388458005
0.9592480937318261,0.040751906268174105
0.9387087194717556,0.0612912805282444
0.8880008591222531,0.11199914087774678
0.9316173115070324,0.0683826884929675
0.9402315585260108,0.05976844147398926
0.9333625821853853,0.06663741781461459
0.7992067635917709,0.20079323640822927
0.8848307017633292,0.11516929823667077
0.805781789355614,0.19421821064438596
0.8665914172421488,0.13340858275785125
0.8543633118148671,0.14563668818513287
0.8879684808448124,0.11203151915518762
0.9090885266152599,0.09091147338474023
0.772584595069979,0.227415404930021
0.8641013799276347,0.13589862007236547
0.8812658077058634,0.11873419229413658
0.8538475956050077,0.14615240439499236
0.8120270064109535,0.18797299358904665
0.8219860205673515,0.17801397943264846
0.7756202497494107,0.22437975025058926
0.8093428651595929,0.1906571348404072
0.7623245146313143,0.2376754853686856
0.8614397151707476,0.1385602848292524
0.9302210066442552,0.0697789933557447
0.8682664234825613,0.13173357651743864
0.852509305964958,0.14749069403504197
0.8278255380870936,0.17217446191290642
0.9119991011458193,0.08800089885418072
0.8466118866253637,0.15338811337463634
0.8438364596943473,0.15616354030565263
0.9081729408732961,0.09182705912670366
0.9355723970160109,0.0644276029839892
0.8958531767521069,0.10414682324789305
0.8813221598328581,0.1186778401671419
0.8323595883777121,0.167640411622288
0.9611326536581378,0.038867346341862126
0.8925634947821992,0.10743650521780079
0.7711532250669909,0.2288467749330091
0.889676818336239,0.1103231816637611
0.7946114049435502,0.2053885950564498
0.8591866656857112,0.14081333431428883
0.9045207787479451,0.095479221252055
0.9537803750884805,0.04621962491151951
0.7203647915221687,0.27963520847783135
0.8510002455704143,0.1489997544295858
0.9087657447803417,0.09123425521965839
0.8424213915917813,0.1575786084082186
0.9380386751780648,0.06196132482193508
0.7875687853869333,0.21243121461306672
0.8398123717216045,0.1601876282783955
0.9130055571414546,0.08699444285854552
0.885668728815954,0.1143312711840461
0.9402627121954399,0.059737287804560064
0.9163071321096327,0.08369286789036745
0.9323788550881594,0.06762114491184057
0.9248111406059734,0.07518885939402672
0.811522019027786,0.188477980972214
0.8116715188346819,0.18832848116531797
0.9357025742200241,0.06429742577997584
0.8369654355409181,0.1630345644590819
0.9138362335097019,0.0861637664902983
0.7722203249959816,0.2277796750040185
0.8047526383183904,0.19524736168160955
0.9055031152019024,0.09449688479809751
0.8578757519342196,0.14212424806578058
0.8092839267901123,0.19071607320988776
0.8475936013886306,0.1524063986113694
0.9301763284812974,0.0698236715187025
0.7739391312450588,0.22606086875494136
0.85021375642721,0.14978624357278997
0.8494072452378396,0.15059275476216044
0.9422041261527527,0.05779587384724733
0.8694721984399949,0.13052780156000512
0.9532660430834983,0.04673395691650177
0.7979474022228469,0.20205259777715312
0.8880043569786289,0.11199564302137105
0.9144173831604319,0.08558261683956817
0.8613039912526133,0.1386960087473868
0.818554896243195,0.18144510375680484
0.892484847624102,0.10751515237589795
0.7261593815987634,0.2738406184012366
0.8416035654984081,0.15839643450159213
0.8530459603457885,0.1469540396542114
0.8352788330435855,0.16472116695641456
0.8933599077274589,0.10664009227254108
0.8039190104646158,0.19608098953538394
0.9416888515985409,0.058311148401459054
0.8233737211742255,0.17662627882577442
0.8175727305980824,0.18242726940191753
0.8093905163575013,0.1906094836424989
0.7988066926186836,0.20119330738131622
0.8879970055128594,0.11200299448714061
0.8879979972522755,0.11200200274772458
0.8573802578772933,0.14261974212270667
0.7393289012950542,0.26067109870494565
0.9277621685719168,0.07223783142808307
0.8646293253229927,0.1353706746770073
0.9716779263020113,0.028322073697988618
0.940941952578434,0.05905804742156597
0.8820811692941529,0.11791883070584706
0.8568773559379109,0.14312264406208908
0.8880017816624166,0.1119982183375834
0.9228787908132978,0.07712120918670222
0.8879991946365476,0.11200080536345225
0.9339816783066383,0.06601832169336176
0.8664970091645927,0.13350299083540734
0.8879978337171343,0.11200216628286586
0.7756865846091744,0.22431341539082564
0.8879986547429302,0.11200134525706987
0.8473980915754403,0.1526019084245597
0.9792322009310219,0.020767799068978007
0.7881865782429351,0.2118134217570649
0.9311047428318845,0.06889525716811555
0.8048857436588697,0.19511425634113022
0.8842350363568869,0.11576496364311321
0.9043217692920545,0.09567823070794558
0.8510104889574228,0.1489895110425772
0.9536054002274001,0.04639459977259983
0.8239857623292005,0.17601423767079963
0.8933751995402316,0.10662480045976845
0.7439362671465568,0.25606373285344325
0.888803791787426,0.11119620821257406
0.8062287748194897,0.19377122518051038
0.8618532308515957,0.13814676914840437
0.9026242034591243,0.0973757965408757
0.9290561021201823,0.07094389787981768
0.8471716195761977,0.15282838042380245
0.8885053181702182,0.11149468182978184
0.8762240663461474,0.12377593365385268
0.9573188543952555,0.04268114560474448
0.9017964350463051,0.09820356495369492
0.8808607929024492,0.1191392070975509
0.7927642894389704,0.2072357105610297
0.9261925582508466,0.07380744174915346
0.888000573611156,0.11199942638884385
0.8778007268790233,0.12219927312097667
0.8286901476347331,0.171309852365267
0.9170906771103324,0.0829093228896677
0.9282731792775456,0.07172682072245438
0.88800001462733,0.11199998537266997
0.9418894793912143,0.0581105206087857
0.9156484853180448,0.0843515146819553
0.8729201678154549,0.12707983218454513
0.8500974670220275,0.1499025329779725
0.9253534935825034,0.07464650641749668
0.9208356748233596,0.0791643251766403
0.9134835032240394,0.08651649677596035
0.8747910398650379,0.12520896013496205
0.829553771293235,0.17044622870676485
0.7612962407454373,0.23870375925456278
0.8695249222139677,0.1304750777860323
0.8887891105375898,0.11121088946241031
0.8027012119432461,0.19729878805675385
0.8712442964004738,0.12875570359952604
0.7580549575864904,0.24194504241350948
0.9270506728326041,0.07294932716739598
0.8340278890735392,0.16597211092646097
0.7669092262530026,0.2330907737469975
0.8679466646882151,0.13205333531178498
0.8446905784786866,0.15530942152131338
0.8575105259290495,0.1424894740709506
0.8281361976654977,0.17186380233450224
0.9109982974630906,0.08900170253690949
0.8684209864110027,0.1315790135889974
0.9547794621934159,0.04522053780658418
0.8015186214869128,0.19848137851308725
0.8294780828684043,0.17052191713159562
0.7701820714516823,0.22981792854831776
0.7517394805157543,0.24826051948424574
0.8239172627980751,0.17608273720192497
0.9375622083526144,0.062437791647385436
0.790897809071483,0.20910219092851715
0.8832734961398142,0.11672650386018582
0.865236867811738,0.13476313218826189
0.8320728824174155,0.1679271175825845
0.8946642510499275,0.10533574895007247
0.7849960422035058,0.21500395779649425
0.9839331401598383,0.01606685984016163
0.8198840699375362,0.18011593006246382
0.812867176536755,0.18713282346324514
0.82787594743531,0.17212405256469002
0.9488587721566902,0.05114122784330968
0.88110852171685,0.11889147828315007
0.8782163034888452,0.12178369651115482
0.7930580286465949,0.2069419713534052
0.9208467746702927,0.0791532253297072
0.8330152270975687,0.1669847729024315
0.8996067898741864,0.10039321012581362
0.8681914786471268,0.13180852135287316
0.8272174145370341,0.17278258546296596
0.8879848334628727,0.11201516653712724
0.9680681292243095,0.031931870775690575
0.7427064301806873,0.2572935698193127
0.8431552118376462,0.15684478816235384
0.8390914274570372,0.1609085725429627
0.7905366267769729,0.2094633732230271
0.8397678787018134,0.1602321212981867
0.8650985676110118,0.13490143238898814
0.8320945003664487,0.1679054996335512
0.8586481734480326,0.14135182655196735
0.8150369846994543,0.1849630153005458
0.9010493758823206,0.09895062411767928
0.9603983638622534,0.03960163613774675
0.8706666984688944,0.12933330153110553
0.9542144580332267,0.045785541966773265
0.9131742069505118,0.08682579304948809
0.9559632088323846,0.044036791167615406
0.8135956996517966,0.18640430034820338
0.9294656670883128,0.07053433291168737
0.8317757898221632,0.168224210177837
0.9343514319685104,0.06564856803148986
0.774773052447537,0.22522694755246278
0.9375611928182553,0.06243880718174457
0.9511166183149625,0.048883381685037655
0.8805055571027427,0.11949444289725725
0.8583638105689521,0.141636189431048
0.8462329678821138,0.15376703211788623
0.8879620664116042,0.11203793358839588
0.8562307693683547,0.14376923063164543
0.8749548446085084,0.12504515539149155
0.8453038656098594,0.15469613439014068
0.8236696868551879,0.17633031314481207
0.8879991759092697,0.11200082409073035
0.9182697917492518,0.08173020825074817
0.8647565365534421,0.1352434634465579
0.8140014987706089,0.18599850122939132
0.8929591229679594,0.10704087703204059
0.8703281235023357,0.12967187649766437
0.8611465912790174,0.13885340872098267
0.9061248172128248,0.09387518278717531
0.8091439957263722,0.1908560042736278
0.9245977852275478,0.07540221477245222
0.7797799719836875,0.22022002801631246
0.8653898747124759,0.13461012528752422
0.8409519122746008,0.1590480877253991
0.8889107817899744,0.1110892182100256
0.7859692346664162,0.21403076533358378
0.9296474993457493,0.07035250065425083
0.8022450286047217,0.19775497139527842
0.8963392633594436,0.10366073664055644
0.8526746245795671,0.147325375420433
0.8687491364179589,0.1312508635820411
0.856764196319529,0.14323580368047087
0.9604446137975474,0.03955538620245263
0.778157449929667,0.22184255007033302
0.9402237225737876,0.05977627742621251
0.9185200620365073,0.08147993796349266
0.8979650610401526,0.10203493895984725
0.8456101062199284,0.15438989378007154
0.8231645010910911,0.17683549890890904
0.788327851061852,0.21167214893814792
0.9070891514560684,0.09291084854393147
0.8168156406438578,0.18318435935614222
0.8338298389127299,0.16617016108727015
0.8293016795456449,0.17069832045435496
0.914783247206016,0.08521675279398397
0.8172318915486919,0.18276810845130823
0.850479160315011,0.14952083968498883
0.9322047117584327,0.06779528824156744
0.9455638605492496,0.05443613945075047
0.8485830854562727,0.15141691454372735
0.8943470507952935,0.10565294920470637
0.7930269157598345,0.2069730842401655
0.8969478009798584,0.10305219902014169
0.81464875017173,0.18535124982827006
0.8205855031431198,0.1794144968568801
0.8192189491837676,0.18078105081623247
0.8495311192370237,0.15046888076297632
0.7487174398471701,0.2512825601528299
0.8739064927795699,0.1260935072204301
0.9024254219838501,0.09757457801614985
0.8324967692181148,0.16750323078188514
0.8764456546119819,0.12355434538801816
0.828841119861268,0.17115888013873196
0.958408831084292,0.04159116891570797
0.8319193307062792,0.16808066929372079
0.8436246255363338,0.15637537446366623
0.846710163654196,0.15328983634580376
0.8880000067888189,0.11199999321118125
0.8196787400843731,0.18032125991562684
0.9303360841195697,0.0696639158804304
0.8476720691522147,0.15232793084778531
0.834270710320328,0.16572928967967204
0.8689844427788463,0.13101555722115363
0.8950617089154196,0.10493829108458051
0.8376582122128655,0.1623417877871346
0.9145519765295046,0.08544802347049552
0.7997862855310683,0.2002137144689318
0.9213318417988102,0.07866815820118984
0.9250128902613357,0.07498710973866432
0.8009397828919819,0.19906021710801813
0.817547628483698,0.18245237151630192
0.9027600857728304,0.09723991422716954
0.8309800230836749,0.16901997691632523
0.8395002682610011,0.16049973173899887
0.873680949643086,0.12631905035691393
0.8296279685700847,0.17037203142991533
0.9350811798120299,0.06491882018797021
0.8312061646969209,0.16879383530307915
0.8879857765855089,0.11201422341449109
0.852110934789355,0.14788906521064524
0.8742914254078378,0.1257085745921623
0.921883406363377,0.07811659363662297
0.9313168082103082,0.0686831917896919
0.9208953665184759,0.07910463348152404
0.8045483345681574,0.1954516654318425
0.9490538491452079,0.050946150854792156
0.8509963640674464,0.1490036359325537
0.8351413232156424,0.16485867678435773
0.9076425997137111,0.092357400286289
0.7963153225852195,0.2036846774147805
0.8128427160861739,0.1871572839138263
0.8073010570841241,0.19269894291587578
0.967194768866355,0.03280523113364514
0.7516270109512595,0.2483729890487405
0.9176027892503457,0.08239721074965453
0.8206713628753132,0.17932863712468686
0.9108506652521663,0.08914933474783356
0.9135597441326913,0.08644025586730877
0.8659561454951059,0.13404385450489412
0.8236881420775636,0.1763118579224364
0.8944853944524814,0.1055146055475186
0.9667061179547612,0.03329388204523881
0.8764704465526592,0.12352955344734089
0.8950418918959444,0.10495810810405569
0.830350844619252,0.169649155380748
0.8529494164880086,0.14705058351199146
0.7445908331527015,0.25540916684729853
0.9331173698004541,0.06688263019954595
0.9578309123518398,0.042169087648160325
0.8188158072862453,0.1811841927137548
0.7971908193259829,0.2028091806740172
0.8181761933979245,0.18182380660207553
0.8356862907033716,0.1643137092966283
0.9580348900295232,0.04196510997047673
0.7526713911027482,0.2473286088972518
0.7883555637618156,0.21164443623818444
0.7657304154710904,0.23426958452890956
0.7421232997769543,0.25787670022304565
0.8945884785294517,0.10541152147054839
0.9159022938209563,0.08409770617904344
0.8081790544308497,0.19182094556915036
0.923089252326182,0.07691074767381788
0.8331259751662133,0.1668740248337865
0.9113903231771296,0.08860967682287033
0.9440712249458727,0.05592877505412735
0.8096500442178091,0.19034995578219102
0.80714096655499,0.19285903344501004
0.8794912741187365,0.12050872588126349
0.887966798314388,0.11203320168561204
0.8983255373572925,0.1016744626427075
0.8892102748419083,0.11078972515809185
0.9121971987595461,0.0878028012404539
0.8462069495119526,0.15379305048804728
0.9202900860794051,0.07970991392059479
0.8603247543764626,0.13967524562353736
0.7749604030469304,0.22503959695306938
0.7927700637361009,0.20722993626389904
0.8036262436294076,0.19637375637059235
0.912667632092709,0.08733236790729099
0.8718157641224586,0.12818423587754146
0.8751304690131684,0.12486953098683157
0.7915822274080304,0.20841777259196964
0.8101372745442759,0.18986272545572416
0.8197628228908376,0.18023717710916232
0.7680014105390185,0.23199858946098156
0.7763951747831349,0.22360482521686484
0.8046769150365767,0.19532308496342338
0.8997548036292755,0.10024519637072445
0.8576014424296634,0.14239855757033668
0.7722987940402197,0.22770120595978025
0.8226563288546255,0.17734367114537458
0.805694692508973,0.1943053074910271
0.7465170455069753,0.25348295449302494
0.8879690087846508,0.11203099121534914
0.8777931130215365,0.12220688697846335
0.8059623507697016,0.19403764923029845
0.8948225838470785,0.10517741615292134
0.9263273242286083,0.07367267577139167
0.8811991211881772,0.11880087881182265
0.8889678321104432,0.11103216788955676
0.9549762262384721,0.04502377376152795
0.8331111230649422,0.1668888769350578
0.7879785625174072,0.2120214374825927
0.7979146718908537,0.2020853281091463
0.7713498965791132,0.22865010342088676
0.9227152057137081,0.07728479428629179
0.8786686003436367,0.12133139965636323
0.8587268085689351,0.14127319143106484
0.8977295286397808,0.10227047136021925
0.8082427301673507,0.1917572698326494
0.8395134737888392,0.16048652621116083
0.8965373408895745,0.10346265911042546
0.8048463394396401,0.19515366056035985
0.7793746496377493,0.22062535036225076
0.7865556193658698,0.2134443806341302
0.8600212796553256,0.13997872034467437
0.9429052500666265,0.057094749933373656
0.8880021897005687,0.1119978102994313
0.9129339508552812,0.08706604914471894
0.909146255957034,0.09085374404296598
0.8382719060970144,0.16172809390298554
0.8275563110236477,0.17244368897635232
0.893776609656154,0.10622339034384583
0.953401282222184,0.046598717777815955
0.8493905552769342,0.15060944472306595
0.8386242861195298,0.1613757138804702
0.9005620304496567,0.09943796955034341
0.8647599189812326,0.13524008101876742
0.9034874235244863,0.09651257647551367
0.9526763861268222,0.04732361387317791
0.808784367395981,0.19121563260401903
0.8880032434593722,0.11199675654062763
0.854364958801123,0.14563504119887707
0.9673867174998954,0.03261328250010478
0.88737757499291,0.11262242500709005
0.9205357305645415,0.07946426943545856
0.8169583077812623,0.18304169221873753
0.9253213237797157,0.07467867622028433
0.8879885371268366,0.11201146287316338
0.7725304331191724,0.22746956688082773
0.8977656632017946,0.10223433679820544
0.8733834981485605,0.12661650185143944
0.8637883108147575,0.13621168918524257
0.7939779628472812,0.2060220371527187
0.8100321591977956,0.1899678408022045
0.9277615329433653,0.07223846705663484
0.8811278284941988,0.11887217150580133
0.9247337251303398,0.07526627486966017
0.74437460725987,0.25562539274012996
0.812764546273976,0.18723545372602404
0.8384395573370658,0.1615604426629344
0.8880138253443193,0.1119861746556808
0.8124448163162615,0.1875551836837384
0.7894576059678928,0.21054239403210728
0.8045998272146613,0.1954001727853387
0.8828272798108376,0.11717272018916239
0.8768369687266963,0.12316303127330391
0.8732816525309642,0.12671834746903574
0.9312580316130681,0.06874196838693186
0.8921056748018676,0.10789432519813238
0.7689092692499208,0.2310907307500793
0.8396341516782553,0.16036584832174486
0.8675874891210332,0.13241251087896677
0.9109985250074892,0.08900147499251065
0.9225390341835443,0.0774609658164556
0.9444391741318865,0.05556082586811367
0.9645517042327237,0.03544829576727626
0.9366621294760467,0.06333787052395329
0.8608827793706698,0.13911722062933013
0.8181858975823517,0.18181410241764817
0.7540236708928957,0.24597632910710443
0.9456777672530393,0.054322232746960755
0.8285043116607862,0.17149568833921375
0.7451852313156959,0.2548147686843041
0.9488291837974108,0.05117081620258918
0.9503297989390539,0.0496702010609462
0.9293056363030965,0.07069436369690352
0.852641077600844,0.14735892239915596
0.8546676880651405,0.1453323119348596
0.8743024343796384,0.1256975656203616
0.8331531231356859,0.16684687686431401
0.7696900285964035,0.23030997140359644
0.9166485810419815,0.08335141895801851
0.8310894978138851,0.16891050218611495
0.8496165792641479,0.15038342073585195
0.7900678071000568,0.20993219289994305
0.7807305310181594,0.21926946898184077
0.8933593105002936,0.10664068949970647
0.8519229498380043,0.14807705016199574
0.7823064726959579,0.2176935273040424
0.9047367382591953,0.09526326174080468
0.8786313644166264,0.12136863558337369
0.8104804938831028,0.1895195061168973
0.9266126468401882,0.07338735315981182
0.9387560915481651,0.061243908451835076
0.8412813531386636,0.15871864686133638
0.7972264766778501,0.20277352332214998
0.824534061921573,0.17546593807842709
0.8707824806559094,0.12921751934409076
0.7893168011630323,0.21068319883696776
0.7864007497287013,0.21359925027129864
0.8689110089451376,0.13108899105486232
0.8605430799147223,0.1394569200852777
0.9455733458217374,0.05442665417826269
0.9646919746187056,0.035308025381294496
0.9101998152172184,0.08980018478278169
0.8136973939283285,0.18630260607167154
0.9670730647884704,0.032926935211529715
0.923062818967333,0.07693718103266703
0.903019026429146,0.09698097357085392
0.765932159435173,0.23406784056482696
0.762256932414636,0.23774306758536423
0.8813933134942714,0.11860668650572859
0.8718762190611381,0.1281237809388619
0.8615771123818754,0.1384228876181246
0.9245184027229614,0.0754815972770386
0.7882150825016713,0.2117849174983287
0.7981241039524996,0.2018758960475003
0.8140032577567641,0.18599674224323587
0.9352393244498858,0.06476067555011436
0.8474351957942666,0.15256480420573337
0.8258403360231517,0.17415966397684826
0.8253546511648742,0.17464534883512586
0.9450986862330183,0.054901313766981694
0.8223590034144985,0.17764099658550145
0.8831213305439102,0.11687866945608977
0.8607809505720766,0.13921904942792337
0.8557229620121692,0.14427703798783084
0.8516021290597738,0.14839787094022625
0.776569857194482,0.22343014280551815
0.838112241719377,0.16188775828062302
0.8779540438045765,0.12204595619542347
0.799199523498765,0.200800476501235
0.9618309297568274,0.03816907024317268
0.8516538773319317,0.14834612266806843
0.8828500108904945,0.1171499891095056
0.9347328717689178,0.06526712823108219
0.9150993156473659,0.0849006843526343
0.9253054316994236,0.07469456830057648
0.7484616000315066,0.25153839996849314
0.8157225768638101,0.1842774231361899
0.8629692934664398,0.1370307065335602
0.9253906335922065,0.07460936640779332
0.857202838163277,0.14279716183672292
0.8329373477016009,0.1670626522983991
0.9332773680215514,0.0667226319784486
0.8770348549698683,0.12296514503013177
0.9273560473214212,0.07264395267857908
0.8463619015328548,0.1536380984671451
0.906761507828654,0.09323849217134578
0.8196400978561766,0.18035990214382341
0.8524653730762302,0.1475346269237699
0.9113907434064856,0.08860925659351439
0.8181576225286173,0.1818423774713827
0.9340295997470083,0.06597040025299176
0.8527904828254389,0.1472095171745611
0.894247583284672,0.10575241671532794
0.9283650119529323,0.0716349880470677
0.7893468016585194,0.21065319834148066
0.9022504347177794,0.0977495652822205
0.9147117972264885,0.08528820277351143
0.8297206606916411,0.17027933930835903
0.9202716094270433,0.07972839057295654
0.7857598936570531,0.21424010634294682
0.8616235550897042,0.13837644491029577
0.8220578875027695,0.17794211249723038
0.9487515424410837,0.05124845755891643
0.9160410660030904,0.08395893399690972
0.7034252368815678,0.296574763118432
0.8664932993244826,0.13350670067551737
0.9311042943666272,0.06889570563337272
0.88402322473188,0.11597677526811984
0.8475714961960368,0.15242850380396317
0.8220058550947613,0.17799414490523868
0.8819408791232316,0.11805912087676836
0.8773844303908807,0.12261556960911936
0.8331843639844871,0.16681563601551297
0.7939797029263326,0.20602029707366737
0.9528299415807335,0.047170058419266324
0.9563096487107557,0.043690351289244346
0.8928262041807717,0.10717379581922833
0.9432005397806237,0.05679946021937637
0.8140003491349412,0.18599965086505885
0.8325003595162419,0.1674996404837581
0.8222735731106996,0.17772642688930052
0.8964334917628555,0.10356650823714442
0.8698488091802786,0.13015119081972126
0.8510032995374464,0.14899670046255378
0.9215425126463662,0.0784574873536338
0.8777953246495134,0.12220467535048668
0.9408911394993914,0.059108860500608706
0.8485593650064513,0.15144063499354868
0.824565338821025,0.17543466117897513
0.8216832574345193,0.17831674256548075
0.8575052150713676,0.1424947849286323
0.8403248941030181,0.15967510589698186
0.9244951245022055,0.07550487549779454
0.9440516642473263,0.05594833575267378
0.8805975204828982,0.11940247951710181
0.910200861048388,0.08979913895161189
0.8384649843257902,0.16153501567420972
0.8131000852208448,0.18689991477915519
0.7932968065266186,0.20670319347338126
0.9342771556040792,0.0657228443959209
0.8192081698054928,0.18079183019450729
0.8880000693865493,0.11199993061345068
0.7864044146202254,0.21359558537977463
0.8200940739012772,0.17990592609872258
0.9332231285418167,0.06677687145818327
0.8952361470592771,0.10476385294072288
0.9776525315232505,0.02234746847674954
0.719620607401423,0.28037939259857697
0.9235478180645278,0.0764521819354722
0.9423380295590648,0.05766197044093537
0.9155038599567354,0.08449614004326463
0.9289443035861441,0.0710556964138559
0.8494219832733565,0.1505780167266435
0.8855180215863451,0.11448197841365486
0.8055141398646597,0.19448586013534028
0.7154286578322531,0.2845713421677469
0.8583177142037309,0.1416822857962691
0.9101182197270246,0.08988178027297533
0.8874463282067753,0.11255367179322481
0.888378588088541,0.11162141191145925
0.8739507406244227,0.12604925937557732
0.9266063432611801,0.07339365673882
0.8636738777181678,0.1363261222818322
0.8390095401745165,0.16099045982548343
0.9528145959203244,0.04718540407967561
0.9496323655279022,0.050367634472097675
0.9611967019006449,0.03880329809935511
0.8463904491912464,0.15360955080875366
0.906896059836262,0.09310394016373794
0.9361178931978722,0.06388210680212786
0.9093425834407501,0.09065741655925
0.8880029655769658,0.11199703442303428
0.8115371957233201,0.18846280427668
0.8423679603911508,0.15763203960884925
0.8621525996358357,0.13784740036416435
0.7330002139816842,0.2669997860183158
0.7632081430172397,0.2367918569827603
0.8041471822009976,0.19585281779900254
0.8362774284473122,0.16372257155268782
0.9222224471553724,0.07777755284462776
0.8436537225026698,0.15634627749733018
0.8779231092883699,0.12207689071163007
0.8595128049420343,0.1404871950579657
0.8695056901119785,0.13049430988802155
0.880014177488214,0.11998582251178616
0.9107759290854383,0.08922407091456189
0.8664920082736491,0.1335079917263509
0.8357657896840004,0.16423421031599966
0.8417546664312875,0.15824533356871245
0.9056134952005902,0.09438650479940984
0.9743382534178006,0.02566174658219943
0.8931891366748683,0.10681086332513158
0.761636027810202,0.2383639721897979
0.937461872033703,0.06253812796629703
0.8435993139309804,0.15640068606901955
0.9240923303670431,0.07590766963295696
0.9240576442318198,0.07594235576818024
0.8982853637885639,0.10171463621143625
0.9367760143226945,0.06322398567730544
0.8931726170155615,0.1068273829844387
0.8164067252091279,0.1835932747908722
0.9151081619944464,0.08489183800555361
0.9211625218865922,0.07883747811340783
0.8516665869204361,0.1483334130795639
0.935844168820506,0.06415583117949406
0.7974153394914609,0.20258466050853907
0.8609529862682463,0.13904701373175365
0.8524987728110723,0.14750122718892772
0.9368749487989522,0.06312505120104797
0.8971230574808161,0.10287694251918392
0.9407829108512035,0.0592170891487965
0.934893019341429,0.06510698065857097
0.9118154466969931,0.08818455330300713
0.8196891470246627,0.18031085297533725
0.8666032465166137,0.1333967534833863
0.8879946423213798,0.11200535767862034
0.8367497410690665,0.1632502589309334
0.9195595227919223,0.08044047720807763
0.8686973827864279,0.1313026172135721
0.8267670696079024,0.1732329303920976
0.8308099694591005,0.16919003054089957
0.9663983714757538,0.033601628524246106
0.9253166136670545,0.07468338633294555
0.9032188893725875,0.09678111062741244
0.9161479759548383,0.08385202404516165
0.9497023506492971,0.050297649350702925
0.8630211527681259,0.13697884723187417
0.9248208783158453,0.07517912168415487
0.8936640880149809,0.10633591198501921
0.8317845907103653,0.1682154092896347
0.7862130051751542,0.2137869948248459
0.9142722060816141,0.08572779391838592
0.9287964501355372,0.07120354986446277
0.7240502137408233,0.2759497862591765
0.8363824297920776,0.16361757020792247
0.9171226938017696,0.0828773061982304
0.929885574583192,0.07011442541680793
0.8516006629404345,0.14839933705956554
0.9169500778229034,0.08304992217709657
0.8880032781754632,0.1119967218245369
0.850338428519846,0.1496615714801541
0.8692251480278221,0.13077485197217795
0.9272340820856193,0.07276591791438078
0.9628561866695471,0.03714381333045299
0.8880001688441893,0.11199983115581065
0.8208919679541451,0.17910803204585501
0.7905566439394609,0.20944335606053918
0.8251663761189644,0.1748336238810356
0.9022586631387272,0.09774133686127293
0.8686785811583091,0.13132141884169085
0.7985494796424832,0.20145052035751698
0.7766099037906435,0.22339009620935638
0.7358830704709173,0.26411692952908283
0.8944011314090168,0.10559886859098315
0.7997580975290487,0.20024190247095133
0.7956519702242196,0.2043480297757804
0.9117111087404673,0.0882888912595326
0.9260222426452521,0.07397775735474801
0.7124652915227916,0.28753470847720847
0.8734538212346292,0.12654617876537083
0.9185148507767782,0.08148514922322196
0.7865625289369672,0.21343747106303293
0.8669005725917344,0.1330994274082657
0.8888772340329965,0.11112276596700355
0.9685915762816988,0.03140842371830122
0.8551099353809116,0.1448900646190883
0.7850975893323985,0.21490241066760163
0.8805919043016353,0.11940809569836472
0.8960749032375434,0.10392509676245658
0.8037413980981607,0.19625860190183939
0.9161696394382225,0.08383036056177744
0.8758971681524693,0.12410283184753064
0.8931813552089868,0.10681864479101322
0.8687662680323591,0.13123373196764093
0.957234239008195,0.04276576099180499
0.8116122885367164,0.18838771146328365
0.763871256205653,0.23612874379434715
0.791044187112927,0.2089558128870731
0.7384791462844686,0.2615208537155314
0.8174642937814068,0.1825357062185932
0.8931034482710433,0.10689655172895685
0.8057552461695248,0.19424475383047515
0.9061682548964555,0.09383174510354463
0.871018828967247,0.12898117103275306
0.8556436456542996,0.1443563543457003
0.8149431194007696,0.1850568805992306
0.8575738087357389,0.14242619126426107
0.9149923902239663,0.0850076097760337
0.9300952573208009,0.06990474267919909
0.8437081656374978,0.1562918343625022
0.9287700234128318,0.07122997658716837
0.9183703153437773,0.08162968465622264
0.8165531397520661,0.1834468602479339
0.8534042380420427,0.14659576195795743
0.8701188363202812,0.1298811636797189
0.8549524594341154,0.1450475405658847
0.7959807675667058,0.2040192324332944
0.7529794796519007,0.24702052034809946
0.8045907560139098,0.19540924398609033
0.9029053153145261,0.09709468468547391
0.9551152678808518,0.044884732119148285
0.8934412188479759,0.10655878115202404
0.855291020557323,0.1447089794426771
0.7893850210474378,0.21061497895256212
0.8057224732678745,0.19427752673212548
0.947199642586495,0.05280035741350494
0.9273874187442294,0.07261258125577068
0.8663539608909836,0.13364603910901637
0.8828128327506141,0.11718716724938602
0.7703253552469459,0.22967464475305416
0.7653767909086324,0.23462320909136739
0.8725720106389829,0.12742798936101707
0.8345090771336725,0.16549092286632747
0.944688788998617,0.055311211001383004
0.9293659866022563,0.07063401339774372
0.8118168485015,0.18818315149849993
0.8271082352596473,0.17289176474035264
0.9700974428219084,0.02990255717809172
0.7860593819542268,0.21394061804577308
0.7632345762892221,0.2367654237107781
0.8196852109587287,0.18031478904127143
0.8397396027242793,0.1602603972757207
0.963356936853025,0.03664306314697498
0.8220415551224517,0.17795844487754836
0.8475622387316646,0.15243776126833541
0.9361270349386195,0.06387296506138035
0.9291050006188583,0.07089499938114176
0.9174711570232292,0.08252884297677077
0.9270667262618694,0.07293327373813069
0.8657790630795273,0.13422093692047263
0.8002658440574884,0.19973415594251162
0.9013326862108092,0.09866731378919075
0.7649978962747939,0.23500210372520608
0.9267979670006987,0.07320203299930123
0.902925754251559,0.09707424574844108
0.961064680861237,0.038935319138763066
0.8874345971249071,0.1125654028750929
0.807272640390757,0.19272735960924298
0.9271825000748467,0.07281749992515338
0.9216548190605801,0.07834518093941999
0.940341162698118,0.05965883730188206
0.8303535971919482,0.16964640280805182
0.7475442140167187,0.25245578598328144
0.7838572757688497,0.2161427242311502
0.8004923598529083,0.1995076401470916
0.8934268601729122,0.10657313982708788
0.8531963404202102,0.14680365957978994
0.9560443836544741,0.04395561634552588
0.810823115723502,0.189176884276498
0.9431104801921022,0.05688951980789765
0.8169627118595224,0.18303728814047765
0.9923035348785808,0.007696465121419226
0.875130440564868,0.1248695594351321
0.9187925257580242,0.08120747424197607
0.9270136238703598,0.07298637612964011
0.9051781154154165,0.09482188458458363
0.9294552448388392,0.07054475516116084
0.8524206720858144,0.14757932791418563
0.7769967777907261,0.22300322220927404
0.7810152303551527,0.21898476964484717
0.9266747323148394,0.07332526768516062
0.9236229285842887,0.07637707141571112
0.9135635195264129,0.08643648047358715
0.9025594942283515,0.09744050577164849
0.792259864121142,0.20774013587885795
0.9328089167495165,0.06719108325048355
0.8018113618542273,0.1981886381457729
0.8047929224576073,0.19520707754239283
0.8325157399389229,0.16748426006107706
0.8198342003658885,0.18016579963411153
0.8566585389450941,0.14334146105490592
0.9231270870458128,0.07687291295418729
0.9332047058964442,0.06679529410355566
0.8342433120145127,0.1657566879854872
0.8663317568576071,0.1336682431423928
0.8582618490106602,0.14173815098933987
0.9035834877407086,0.09641651225929139
0.8622933311294759,0.1377066688705241
0.9102666985929876,0.08973330140701238
0.8992395091265876,0.10076049087341253
0.9310288913283993,0.06897110867160067
0.9264959115523111,0.07350408844768878
0.8759332567009491,0.12406674329905089
0.8698809265368862,0.13011907346311385
0.8474282991157506,0.15257170088424934
0.8641048747244039,0.13589512527559616
0.8763417682918696,0.12365823170813045
0.8096641421381717,0.1903358578618283
0.9323382915396359,0.06766170846036401
0.78323179758381,0.21676820241618988
0.8763166600436028,0.1236833399563973
0.7995738731311725,0.20042612686882766
0.8386647743660628,0.16133522563393723
0.9332614289213899,0.06673857107861023
0.8563093861902207,0.14369061380977935
0.759719294959377,0.24028070504062302
0.9673690152296772,0.032630984770322675
0.828829145864221,0.1711708541357789
0.834332826496089,0.165667173503911
0.9129830374234894,0.08701696257651052
0.827627836496583,0.1723721635034172
0.9537603873726401,0.04623961262735993
0.7881974743979969,0.211802525602003
0.8664936362505635,0.13350636374943656
0.8055556109402925,0.19444438905970757
0.8464353770306449,0.1535646229693551
0.9578716550179828,0.04212834498201743
0.7746414870395592,0.2253585129604408
0.8392104482700322,0.16078955172996784
0.8474068190713139,0.15259318092868593
0.932333155317819,0.06766684468218097
0.9160425202295089,0.08395747977049108
0.7910171502444976,0.20898284975550238
0.8396249514070026,0.1603750485929976
0.9265469289699908,0.07345307103000917
0.7187262090974589,0.28127379090254107
0.7926108496136861,0.20738915038631386
0.8680633767319037,0.1319366232680963
0.7811340180730184,0.21886598192698167
0.879466858039065,0.12053314196093509
0.9410023868177212,0.05899761318227881
0.9140581451601356,0.0859418548398644
0.8879999102086281,0.11200008979137188
0.9273346788856365,0.07266532111436359
0.9155893838238498,0.0844106161761502
0.8915904673619751,0.10840953263802491
0.8689281758383391,0.1310718241616608
0.8006711197099636,0.19932888029003631
0.8880001204649501,0.11199987953504979
0.8918675646569475,0.10813243534305267
0.8291676434596031,0.17083235654039677
0.8427104602460056,0.1572895397539945
0.8774374698023245,0.12256253019767563
0.8197052840817675,0.18029471591823254
0.9038851999058634,0.09611480009413668
0.9098095710016583,0.09019042899834158
0.8420445250549209,0.15795547494507906
0.9132209993260877,0.08677900067391232
0.8824383953289685,0.11756160467103155
0.7783298810739923,0.22167011892600783
0.7634843991670854,0.23651560083291456
0.8754689677918838,0.12453103220811632
0.8612692671447167,0.13873073285528337
0.8537893026269149,0.14621069737308517
0.770728327587846,0.22927167241215424
0.750434187538956,0.24956581246104387
0.9748691680286099,0.025130831971389832
0.9163601360999969,0.08363986390000329
0.9632388318083713,0.036761168191628515
0.935050957003363,0.06494904299663698
0.8288193621297877,0.1711806378702124
0.7629885876018052,0.2370114123981948
0.8969926329040548,0.1030073670959452
0.8963082341748289,0.10369176582517114
0.9586918124177721,0.04130818758222782
0.8975622233151084,0.10243777668489168
0.8633887309362761,0.1366112690637239
0.8132768952484692,0.1867231047515307
0.9520369009842288,0.04796309901577109
0.8966346346362108,0.10336536536378912
0.9052883442251558,0.09471165577484421
0.8838318912477958,0.1161681087522041
0.8937174036340595,0.10628259636594065
0.9109795655948472,0.08902043440515292
0.9514836482090356,0.04851635179096438
0.9187463547433661,0.08125364525663405
0.8419440457262195,0.15805595427378044
0.8075575665241059,0.192442433475894
0.7754475755434351,0.2245524244565649
0.9377921850653994,0.06220781493460055
0.8192858155426541,0.18071418445734586
0.9224450589027479,0.07755494109725214
0.8897877328914514,0.11021226710854864
0.9315370218093143,0.06846297819068572
0.8274548449981247,0.1725451550018752
0.9461678237900317,0.053832176209968344
0.9110044709421784,0.08899552905782164
0.938418624809762,0.061581375190238145
0.8512442619879821,0.14875573801201786
0.822387687901375,0.17761231209862519
0.8143376337749795,0.18566236622502064
0.9666189519983709,0.03338104800162916
0.8761781430446549,0.12382185695534492
0.9302842215712901,0.06971577842870998
0.9024397977025438,0.09756020229745628
0.8431767867438886,0.15682321325611134
0.748921382599238,0.25107861740076215
0.7770225008126551,0.22297749918734497
0.8664997213189267,0.13350027868107328
0.7329993363998343,0.2670006636001656
0.9191519455095848,0.08084805449041522
0.943778399570596,0.056221600429403974
0.9865097594470186,0.01349024055298135
0.855300810153328,0.1446991898466721
0.797122931883875,0.202877068116125
0.8159246149976933,0.1840753850023068
0.883285281061143,0.11671471893885699
0.7757671519148365,0.2242328480851638
0.811527641543528,0.18847235845647198
0.8639459867650728,0.13605401323492722
0.77837000475744,0.22162999524256005
0.8755160015616157,0.12448399843838447
0.8226732308452692,0.1773267691547308
0.9020185532038073,0.0979814467961927
0.9496420847515403,0.050357915248459804
0.7513902113444902,0.2486097886555098
0.8270484147345606,0.17295158526543938
0.7713943997744973,0.22860560022550258
0.8300859726681755,0.1699140273318245
0.8475057767642014,0.15249422323579856
0.8034439750661746,0.19655602493382532
0.8682608262510776,0.13173917374892244
0.9332291621869573,0.06677083781304276
0.7886971600019422,0.21130283999805774
0.8992557733331885,0.1007442266668116
0.8984115148850013,0.10158848511499877
0.812918734754443,0.18708126524555702
0.9273728535508942,0.07262714644910578
0.8200523092540547,0.17994769074594524
0.912219788099501,0.08778021190049902
0.9258719329880769,0.07412806701192316
0.8357583844921965,0.1642416155078034
0.8350818168163465,0.1649181831836533
0.8016425157916801,0.19835748420831992
0.7204014333783886,0.27959856662161137
0.7473346968936265,0.2526653031063736
0.9503410835498379,0.049658916450162176
0.8298561327286527,0.1701438672713475
0.8563299190968272,0.1436700809031727
0.8547436386478586,0.1452563613521413
0.8012423541068248,0.19875764589317527
0.729021801643478,0.270978198356522
0.8490200164791709,0.15097998352082884
0.7945272810022118,0.2054727189977881
0.7636289571516701,0.23637104284832988
0.9557335352452501,0.04426646475474982
0.765456867774458,0.23454313222554193
0.8196874880876756,0.18031251191232445
0.7825004769719198,0.21749952302808032
0.7736286840496859,0.2263713159503141
0.757695955723992,0.24230404427600802
0.8475852575736013,0.15241474242639874
0.8718388563666565,0.12816114363334372
0.8694963603872659,0.13050363961273423
0.8995445686363931,0.10045543136360698
0.8380732716242176,0.16192672837578237
0.9410574748443007,0.0589425251556993
0.8640499899213935,0.13595001007860635
0.9034708875441327,0.0965291124558673
0.971466448466414,0.028533551533586093
0.8134680538573589,0.18653194614264107
0.9628915819457219,0.03710841805427803
0.8788873957468529,0.12111260425314703
0.8649266178507139,0.1350733821492861
0.8245422587472903,0.1754577412527098
0.8880023439195042,0.11199765608049592
0.9078406046688975,0.09215939533110255
0.9252950343897858,0.074704965610214
0.8664349948923011,0.1335650051076988
0.7896598139155873,0.21034018608441268
0.8524806924513891,0.14751930754861087
0.8454503182716545,0.15454968172834546
0.9613242866360187,0.03867571336398138
0.938979850629079,0.06102014937092101
0.7658740275912895,0.2341259724087106
0.8818459742036677,0.11815402579633233
0.8406929853930173,0.15930701460698268
0.8499134902648755,0.1500865097351246
0.9284678895318401,0.07153211046815992
0.8611047460990878,0.1388952539009122
0.8038344520781137,0.19616554792188645
0.824947229873443,0.17505277012655682
0.9531122457303172,0.04688775426968275
0.8474160620605863,0.1525839379394137
0.9013833149260714,0.09861668507392858
0.8078909905519799,0.19210900944802015
0.8665822902383579,0.13341770976164202
0.8880066247111957,0.11199337528880425
0.9433182564223294,0.056681743577670606
0.8474649573735206,0.15253504262647963
0.9364591805620524,0.06354081943794775
0.8340710628385996,0.16592893716140056
0.9133675278016826,0.08663247219831743
0.8980915155979052,0.10190848440209485
0.9514278541378339,0.048572145862166155
0.8511320497180932,0.1488679502819068
0.8374782728050896,0.16252172719491034
0.877011307151806,0.12298869284819412
0.7513874549725843,0.24861254502741567
0.9594218757934783,0.04057812420652181
0.8114531524506808,0.1885468475493192
0.8134654676470565,0.18653453235294346
0.7905542579662161,0.2094457420337839
0.9136119724617061,0.08638802753829393
0.9258600178968487,0.07413998210315129
0.9469468743003783,0.05305312569962183
0.7755521301758832,0.22444786982411677
0.9070749609114941,0.09292503908850598
0.9158203220207022,0.08417967797929782
0.8072727232246601,0.19272727677533985
0.796067884579768,0.20393211542023212
0.7600861125915127,0.23991388740848738
0.832810155089852,0.16718984491014802
0.9009493380304034,0.09905066196959657
0.9490713071912708,0.05092869280872904
0.7735319587867825,0.22646804121321765
0.933936924524418,0.06606307547558209
0.9662962688897412,0.033703731110258976
0.877795272444182,0.1222047275558179
0.9655482245254345,0.03445177547456539
0.9153224278304297,0.08467757216957035
0.9040563142836134,0.09594368571638655
0.911717111606668,0.08828288839333213
0.8874539350195377,0.11254606498046237
0.765554377557749,0.23444562244225098
0.9314184566510094,0.06858154334899047
0.8047613059488846,0.1952386940511153
0.9212948211294009,0.07870517887059927
0.7193342469789944,0.2806657530210057
0.8720076313427856,0.1279923686572144
0.9042854104814747,0.0957145895185251
0.7927346893115557,0.20726531068844428
0.8958138344923603,0.10418616550763968
0.9503270522892027,0.04967294771079729
0.8343178794607219,0.16568212053927828
0.9728834919334527,0.02711650806654735
0.8495323430307323,0.15046765696926778
0.9170980885229526,0.08290191147704752
0.8024620988021234,0.19753790119787665
0.8691416355820378,0.1308583644179621
0.7987207615266728,0.2012792384733271
0.8976521099875399,0.10234789001246014
0.7344965661591196,0.26550343384088043
0.9131246305173296,0.08687536948267045
0.9199682615646007,0.08003173843539932
0.9512858794053523,0.04871412059464747
0.8802989420595994,0.11970105794040069
0.7784586062594034,0.22154139374059653
0.7613462843862108,0.23865371561378917
0.9129309320380586,0.08706906796194125
0.7988259603589891,0.20117403964101085
0.9661097172814733,0.03389028271852676
0.8748443937275132,0.1251556062724868
0.8515997310478614,0.14840026895213856
0.8879994214880427,0.11200057851195737
0.8796916300499047,0.12030836995009536
0.9048024691318203,0.0951975308681796
0.9377943825107856,0.062205617489214445
0.7569874371463862,0.24301256285361386
0.8681841700203363,0.13181582997966357
0.9221592681264126,0.07784073187358749
0.8418779633249206,0.1581220366750795
0.9161510456868712,0.0838489543131287
0.8984386032272967,0.10156139677270332
0.8772533569883432,0.12274664301165698
0.8212108127290043,0.17878918727099588
0.8074579313198071,0.1925420686801929
0.904423233759195,0.09557676624080504
0.8875444074912464,0.11245559250875356
0.9088667079181962,0.09113329208180379
0.8879988741438473,0.11200112585615266
0.8099315566811908,0.19006844331880934
0.8960512198341047,0.10394878016589526
0.9167188236251074,0.08328117637489253
0.849807258418443,0.15019274158155696
0.9061573890490868,0.09384261095091308
0.9161453477022773,0.08385465229772271
0.8671824378220185,0.13281756217798155
0.9298476195446702,0.07015238045532994
0.9278004373572601,0.07219956264273993
0.9435034313163605,0.056496568683639586
0.8736520135620813,0.12634798643791875
0.7761907552343011,0.22380924476569894
0.8436058610021642,0.15639413899783577
0.9177413611628704,0.08225863883712957
0.8525054074980658,0.14749459250193425
0.8103110888955535,0.18968891110444655
0.8730027912051926,0.1269972087948074
0.760181066320409,0.23981893367959098
0.8557380408799719,0.14426195912002798
0.7930543187266443,0.20694568127335577
0.8953334927896007,0.10466650721039947
0.8896578869933708,0.11034211300662926
0.7104486560467392,0.2895513439532608
0.8664593659553211,0.13354063404467895
0.8629718746168216,0.1370281253831784
0.8712499986558042,0.12875000134419595
0.7685466775455548,0.23145332245444528
0.8947890962016513,0.10521090379834871
0.8522747527660145,0.14772524723398558
0.9314848362776583,0.06851516372234163
0.8348549210158296,0.16514507898417033
0.8879821758307754,0.1120178241692245
0.9123655940930695,0.0876344059069307
0.8668559822314815,0.1331440177685184
0.7851442014875134,0.21485579851248648
0.8252128529428748,0.17478714705712528
0.9224869326521342,0.07751306734786571
0.8509987294060265,0.1490012705939735
0.825844178767865,0.17415582123213502
0.9098414149200383,0.0901585850799617
0.9148151073780114,0.08518489262198858
0.9835740029913225,0.016425997008677525
0.9084317566923886,0.09156824330761162
0.8171972326381722,0.1828027673618277
0.8397462356214004,0.16025376437859962
0.8087049325122048,0.19129506748779526
0.8933407009875569,0.10665929901244307
0.8880007188516753,0.11199928114832472
0.9546001782225193,0.045399821777480684
0.7997505445335111,0.20024945546648884
0.9322776442554085,0.0677223557445915
0.7784360969822977,0.22156390301770224
0.8475858163258969,0.15241418367410314
0.8277447227042022,0.17225527729579787
0.9171357982730796,0.08286420172692067
0.7973878825546542,0.2026121174453458
0.8880002405887544,0.11199975941124567
0.8766332063801909,0.12336679361980896
0.8880029324694918,0.11199706753050828
0.7674788825841974,0.23252111741580267
0.9185518630678263,0.08144813693217388
0.9281617276784593,0.07183827232154069
0.8142632421964277,0.18573675780357232
0.7736267402054003,0.22637325979459955
0.9469683951930175,0.05303160480698238
0.8996864588216236,0.10031354117837635
0.9223753463593473,0.07762465364065274
0.8949284620470207,0.1050715379529793
0.7826814838641389,0.21731851613586098
0.8291488131456377,0.1708511868543624
0.7897480989909211,0.21025190100907892
0.8394794319869917,0.1605205680130083
0.8702425303532723,0.12975746964672774
0.9032691095392047,0.09673089046079532
0.9535909383530805,0.04640906164691965
0.945661199821601,0.05433880017839894
0.8993414118835112,0.10065858811648891
0.8965010713329855,0.10349892866701449
0.9433404115535106,0.05665958844648936
0.8511055648997145,0.14889443510028552
0.8347067485438124,0.16529325145618765
0.8975737093799468,0.10242629062005318
0.8578438009277483,0.14215619907225183
0.7015203058858425,0.2984796941141577
0.8977772410031408,0.10222275899685905
0.8267584740690175,0.1732415259309826
0.8978378607743904,0.10216213922560961
0.790078878244804,0.20992112175519603
0.950729369981303,0.04927063001869693
0.8462715911545987,0.1537284088454014
0.8389270407325048,0.16107295926749532
0.8116910308984631,0.18830896910153694
0.9266095372464077,0.07339046275359236
0.7484588648375557,0.25154113516244425
0.8084847831561235,0.19151521684387657
0.877205748930137,0.12279425106986293
0.7289205143277724,0.2710794856722277
0.8286502748801563,0.17134972511984378
0.9329960816400252,0.06700391835997488
0.8424740672821134,0.1575259327178867
0.9197117909078867,0.08028820909211343
0.8265188481614237,0.17348115183857643
0.8718237001965198,0.12817629980348028
0.8424883587853683,0.15751164121463174
0.8599339795730313,0.14006602042696875
0.8494321695058942,0.15056783049410583
0.8656361695573102,0.13436383044268985
0.9189700353550891,0.08102996464491079
0.7568243856951802,0.24317561430481976
0.9003165513434385,0.0996834486565614
0.8570593746456852,0.14294062535431482
0.9211712790090026,0.07882872099099722
0.9329256391684106,0.06707436083158935
0.9432931471583414,0.056706852841658606
0.9452355254508373,0.054764474549162785
0.8148693804696711,0.18513061953032886
0.8862526035119239,0.11374739648807622
0.7950892818727194,0.2049107181272806
0.8429053956628795,0.1570946043371206
0.7823134013542358,0.21768659864576412
0.8679236706371766,0.1320763293628234
0.9093949504346043,0.09060504956539583
0.8115405616033553,0.18845943839664467
0.8400044526676437,0.15999554733235627
0.8288115611469971,0.17118843885300292
0.9177589927508473,0.08224100724915287
0.9171023737438332,0.08289762625616685
0.8993171891393882,0.10068281086061191
0.8502153984847894,0.14978460151521059
0.9354712734592917,0.06452872654070824
0.8973441092885682,0.10265589071143173
0.9518918687337802,0.048108131266219885
0.93028510255793,0.0697148974420701
0.7330046611794575,0.2669953388205426
0.8259171287403618,0.1740828712596381
0.809544591066759,0.19045540893324084
0.9249964741121433,0.07500352588785672
0.8727413484783089,0.12725865152169114
0.8529457768361809,0.14705422316381905
0.8074712922680327,0.19252870773196742
0.8172766716538533,0.18272332834614666
0.954019126813221,0.045980873186778994
0.8412543090199668,0.15874569098003324
0.8543655307525354,0.1456344692474645
0.7899002395754796,0.21009976042452047
0.8387500558382708,0.1612499441617291
0.8631601960713892,0.13683980392861098
0.9340355237421516,0.06596447625784857
0.9195035020443536,0.08049649795564642
0.8194965469342725,0.18050345306572743
0.8504739218961951,0.14952607810380508
0.8686950609007164,0.13130493909928367
0.8398586269914426,0.16014137300855738
0.8832820590805801,0.11671794091941991
0.8853970634200026,0.11460293657999758
0.7820397859194572,0.21796021408054295
0.875999999410179,0.12400000058982097
0.928926946529602,0.07107305347039822
0.8880286918180097,0.1119713081819904
0.8880000505286819,0.11199994947131799
0.9558599952787917,0.044140004721208374
0.8554780214050485,0.14452197859495147
0.9201070638024943,0.07989293619750573
0.8002191804138952,0.19978081958610472
0.8139969099089398,0.18600309009106014
0.8420687123521436,0.1579312876478564
0.8811232727245539,0.11887672727544604
0.8227276034198777,0.17727239658012237
0.8252563414735483,0.17474365852645174
0.9583555289379045,0.04164447106209553
0.8461947504655657,0.1538052495344343
0.8316236910463481,0.16837630895365197
0.8267632516109846,0.1732367483890154
0.8563376604443629,0.14366233955563723
0.9324645077126248,0.06753549228737524
0.8974466592315709,0.10255334076842915
0.9362656683463559,0.06373433165364412
0.78665075305484,0.21334924694516
0.828903358264402,0.17109664173559808
0.8622181886339152,0.13778181136608478
0.7828437615903695,0.21715623840963058
0.8813152867892312,0.11868471321076873
0.9762969602158839,0.023703039784116132
0.8427657519927846,0.1572342480072155
0.8475277487540793,0.15247225124592065
0.8711576782156826,0.12884232178431754
0.7751557613612511,0.22484423863874908
0.8015180225904552,0.1984819774095448
0.9108064293482409,0.08919357065175909
0.8606673886102744,0.13933261138972558
0.7232613628721771,0.27673863712782276
0.9404914790651525,0.05950852093484746
0.826878305545865,0.17312169445413494
0.9063612893080746,0.09363871069192543
0.8879828654802684,0.11201713451973169
0.8397401631131332,0.16025983688686696
0.8035781467211316,0.19642185327886838
0.8615641027785746,0.13843589722142535
0.897178445519253,0.10282155448074692
0.9099116057843541,0.09008839421564589
0.9108407260833618,0.08915927391663825
0.9054072996259444,0.09459270037405566
0.925803549981472,0.0741964500185281
0.7863156077599122,0.213684392240088
0.8385703871449394,0.1614296128550606
0.8904950354291037,0.10950496457089635
0.9501628112827031,0.0498371887172969
0.855674103974114,0.14432589602588602
0.8682561669088958,0.1317438330911042
0.8673832225071294,0.13261677749287057
0.9301708564283121,0.06982914357168783
0.7520474837260979,0.24795251627390222
0.8623366281542618,0.13766337184573824
1.0,0.0
0.9040790570466735,0.09592094295332652
0.7994595120409512,0.2005404879590489
0.8806821202455486,0.11931787975445131
0.8167344172053497,0.18326558279465044
0.894061619815692,0.10593838018430794
0.822229439355444,0.17777056064455599
0.9657188841529271,0.03428111584707294
0.7757572008589775,0.22424279914102263
0.8658342922230331,0.13416570777696699
0.8620567849814931,0.1379432150185069
0.8010323710094288,0.19896762899057127
0.9461799052441885,0.05382009475581164
0.8985147860647404,0.1014852139352596
0.8068953688223451,0.19310463117765508
0.7711344337458548,0.22886556625414525
0.9437099943365862,0.05629000566341379
0.8884754282022158,0.11152457179778429
0.925648412440619,0.07435158755938111
0.8103041200532303,0.1896958799467699
0.9187956443266146,0.08120435567338537
0.9197158831274937,0.08028411687250635
0.8505174827784651,0.14948251722153486
0.9281608805082094,0.07183911949179066
0.8729126089665906,0.12708739103340944
0.9061420976790551,0.09385790232094493
0.911972125065838,0.08802787493416182
0.868259367203671,0.13174063279632903
0.9311202363696746,0.0688797636303255
0.8879999153581334,0.11200008464186673
0.8886947091462797,0.11130529085372037
0.8611474547645127,0.13885254523548732
0.8329205143528376,0.16707948564716238
0.8660943304486128,0.13390566955138725
0.8955911470820135,0.10440885291798656
0.8288126143140496,0.17118738568595052
0.7245749522791617,0.27542504772083837
0.8317043915496637,0.1682956084503365
0.9409313440786314,0.05906865592136855
0.9216325070936342,0.07836749290636573
0.8782418526098652,0.12175814739013474
0.8356564518451063,0.16434354815489383
0.91041282416322,0.08958717583678004
0.8108354321188077,0.18916456788119212
0.7713295085383235,0.22867049146167664
0.9150551816599362,0.0849448183400639
0.9292951537120803,0.07070484628791973
0.9178059562115576,0.08219404378844233
0.8137076928354203,0.1862923071645798
0.8498562343323316,0.15014376566766852
0.8965977849103632,0.10340221508963682
0.9302854417901216,0.06971455820987835
0.7740688114340205,0.22593118856597968
0.9107697459008693,0.08923025409913062
0.8566697848073084,0.1433302151926915
0.8900635252362428,0.10993647476375722
0.8879884252431126,0.11201157475688744
0.860024312633255,0.139975687366745
0.9214356826271065,0.07856431737289345
0.8853431344608683,0.11465686553913185
0.9377474901988124,0.062252509801187635
0.9220458690862089,0.07795413091379116
0.840934910766356,0.15906508923364407
0.7789498101603394,0.22105018983966074
0.8003262844145471,0.19967371558545288
0.8776153293996051,0.12238467060039512
0.8655396902845283,0.1344603097154719
0.8155363814173668,0.18446361858263324
0.937497809313991,0.06250219068600925
0.8006964699353362,0.1993035300646639
0.9610342503835926,0.03896574961640744
0.8449522421603748,0.15504775783962524
0.7844190016282142,0.21558099837178582
0.8701441817282839,0.12985581827171602
0.8256851301057728,0.1743148698942273
0.7746407359443088,0.22535926405569096
0.7487041487468261,0.2512958512531739
0.8569760137676502,0.14302398623234974
0.9735245181327987,0.026475481867201504
0.8142734983309468,0.18572650166905322
0.7938796415971973,0.20612035840280257
0.9225761541398046,0.0774238458601954
0.9238114156081061,0.07618858439189383
0.8983408195141911,0.10165918048580884
0.8695674874177324,0.1304325125822676
0.8763158156765234,0.12368418432347662
0.907118537276777,0.09288146272322298
0.7859341978403337,0.2140658021596664
0.8875536051924204,0.11244639480757966
0.8629813126428588,0.1370186873571413
0.8370228489361107,0.1629771510638893
0.8695732521442197,0.13042674785578048
0.8771962247893702,0.12280377521062985
0.9296780465909527,0.07032195340904743
0.8896193044549262,0.11038069554507382
0.9164204521378105,0.08357954786218945
0.8554422354573423,0.14455776454265767
0.8614031701105082,0.1385968298894919
0.8331489167117788,0.16685108328822107
0.7921827797454906,0.2078172202545094
0.8545199965272811,0.14548000347271886
0.8009414452541467,0.1990585547458534
0.8027813875997853,0.1972186124002146
0.8359841299620601,0.1640158700379401
0.8705297035898074,0.12947029641019264
0.7455938376091998,0.2544061623908004
0.7830187199042049,0.216981280095795
0.8739089959802636,0.1260910040197365
0.8664874906179895,0.13351250938201062
0.8879149305765152,0.11208506942348487
0.9318266834388319,0.06817331656116814
0.9208944100021543,0.07910558999784557
0.9551105050069207,0.04488949499307919
0.9560495888015934,0.04395041119840646
0.8788157418179612,0.121184258182039
0.9303898913899797,0.06961010861002036
0.9203077369402973,0.07969226305970273
0.8875671024824187,0.11243289751758137
0.9632041771569656,0.03679582284303455
0.9372963851603794,0.06270361483962046
0.8970997150982594,0.10290028490174075
0.8733095652241057,0.12669043477589428
0.7719307399384889,0.22806926006151101
0.9197149315698807,0.08028506843011926
0.9324016173365061,0.067598382663494
0.8192892899518966,0.18071071004810335
0.7423844055869614,0.2576155944130387
0.8288035054493995,0.17119649455060046
0.9418181654133247,0.058181834586675224
0.8386681831787733,0.16133181682122674
0.8880035592266705,0.11199644077332954
0.8015394516989848,0.19846054830101512
0.9282420662422168,0.07175793375778307
0.8700910726928317,0.12990892730716835
0.749622136886988,0.25037786311301174
0.9084140218658774,0.0915859781341226
0.8280044844617455,0.17199551553825457
0.943618047523725,0.05638195247627487
0.9435589739499122,0.056441026050087786
0.9323738399205276,0.06762616007947234
0.8503895917765083,0.14961040822349175
0.8219916076723122,0.17800839232768784
0.8813532550772931,0.11864674492270667
0.8119008466393458,0.18809915336065408
0.9585185609290433,0.0414814390709567
0.9284167660913352,0.0715832339086648
0.9051600296940187,0.09483997030598129
0.9370316293046632,0.06296837069533687
0.920094858575955,0.07990514142404505
0.9340244860119714,0.06597551398802862
0.8767867643143269,0.12321323568567308
0.788478002180397,0.21152199781960293
0.9264688961994594,0.07353110380054063
0.8055289059075177,0.1944710940924824
0.8356803624885731,0.16431963751142695
0.880684799623627,0.1193152003763729
0.7701570680978259,0.22984293190217406
0.9234227991663531,0.07657720083364705
0.9293020658922945,0.07069793410770547
0.8101915781469156,0.1898084218530844
0.8803091730713429,0.11969082692865703
0.8589020033022476,0.1410979966977521
0.8591424353304634,0.14085756466953664
0.8207733238156603,0.17922667618433966
0.8675864335915661,0.13241356640843405
0.835676605836951,0.16432339416304909
0.8806969375509403,0.11930306244905976
0.8741253951062539,0.12587460489374613
0.8179058717436632,0.18209412825633672
0.8564750571065558,0.14352494289344414
0.8791798012778177,0.12082019872218243
0.8880035192626188,0.1119964807373812
0.8181611121410665,0.18183888785893346
0.8054064879424728,0.1945935120575271
0.936326140714827,0.06367385928517301
0.7751156395987469,0.2248843604012532
0.8568209667877461,0.14317903321225392
0.916058028301494,0.08394197169850597
0.7857652567219128,0.21423474327808725
0.9057644153982939,0.094235584601706
0.9231171123846034,0.07688288761539659
0.9080037812773323,0.09199621872266765
0.9046518710982958,0.09534812890170423
0.946580754154774,0.053419245845225956
0.8276114531016159,0.17238854689838395
0.8951990690592855,0.10480093094071452
0.8770437380507139,0.12295626194928592
0.895403725655743,0.10459627434425704
0.8591264300480922,0.14087356995190775
0.8114083289644408,0.18859167103555918
0.8992417327989345,0.10075826720106557
0.8115231714161203,0.18847682858387985
0.9082306195955145,0.09176938040448526
0.7416387203159942,0.2583612796840059
0.8241699762456909,0.17583002375430923
0.8879628085146407,0.11203719148535936
0.7946624881118883,0.20533751188811175
0.815378100758111,0.18462189924188885
0.8678183244567295,0.1321816755432704
0.9075051422291607,0.09249485777083934
0.8807650841223935,0.11923491587760661
0.8565541796394959,0.143445820360504
0.8134418472761457,0.18655815272385431
0.7973879732813224,0.20261202671867773
0.8103647597795964,0.1896352402204036
0.9311018521739208,0.06889814782607911
0.8605354600351379,0.13946453996486216
0.9363091214306152,0.06369087856938471
0.7793735777494977,0.22062642225050236
0.8879774765540165,0.11202252344598349
0.8665306286087039,0.13346937139129608
0.8950368550395175,0.10496314496048254
0.8826152031890244,0.11738479681097555
0.9364881243090722,0.06351187569092766
0.7802547716703825,0.21974522832961746
0.8511558424912762,0.14884415750872385
0.8882390526983057,0.11176094730169446
0.8298123753318515,0.17018762466814838
0.9070985679671739,0.09290143203282619
0.8452086390301815,0.1547913609698186
0.8805898920489046,0.11941010795109547
0.8693030889945171,0.13069691100548275
0.7769990769767597,0.22300092302324037
0.8271546098257203,0.17284539017427963
0.8297203325685182,0.17027966743148173
0.8797770977046986,0.12022290229530125
0.8698909271435259,0.1301090728564741
0.9071292519899208,0.09287074801007944
0.9282798238845428,0.07172017611545725
0.8253398235556707,0.17466017644432918
0.9245907130800013,0.07540928691999864
0.913876160540066,0.08612383945993393
0.8931374635363439,0.10686253646365612
0.9020957598467025,0.09790424015329752
0.8646851303978416,0.13531486960215838
0.97024371029575,0.029756289704250146
0.9697925334299603,0.030207466570039837
0.9081931238686128,0.09180687613138719
0.9413592504497253,0.058640749550274686
0.8747438602938756,0.12525613970612445
0.8157221202509612,0.18427787974903878
0.7950961604274407,0.20490383957255942
0.8658625530507768,0.1341374469492234
0.7619592492485175,0.23804075075148245
0.7855413876811485,0.2144586123188517
0.8880415930953006,0.11195840690469938
0.8847413549114302,0.1152586450885699
0.8875647465296458,0.11243525347035435
0.7505690735250619,0.24943092647493814
0.8107813333473556,0.18921866665264442
0.8375486609363249,0.1624513390636752
0.8083362273907057,0.19166377260929446
0.917643146029929,0.08235685397007099
0.90894364865394,0.09105635134606006
0.8118964445568109,0.18810355544318913
0.888263989245182,0.11173601075481795
0.9161582442409072,0.08384175575909293
0.8375457677647401,0.16245423223526004
0.8813270294403884,0.11867297055961147
0.9221564405019222,0.07784355949807772
0.767618846635734,0.2323811533642661
0.8193358295170144,0.18066417048298555
0.9504494754953599,0.04955052450464012
0.8925643840494326,0.10743561595056743
0.9536049915878511,0.04639500841214898
0.7818437328377595,0.21815626716224037
0.8276703657247998,0.17232963427520026
0.8331317947591325,0.16686820524086757
0.8905802949957538,0.10941970500424618
0.9255138119570138,0.07448618804298639
0.8271400072991347,0.17285999270086533
0.810013541974739,0.1899864580252611
0.888370222988234,0.11162977701176596
0.7302725593807131,0.2697274406192869
0.8875660287608146,0.11243397123918551
0.8287936182536758,0.17120638174632422
0.8056678512072948,0.19433214879270533
0.8206040832692933,0.17939591673070662
0.8326206693711145,0.16737933062888552
0.7400220979396561,0.2599779020603439
0.9164523934634533,0.08354760653654651
0.9145012236857456,0.0854987763142544
0.9436640518871958,0.05633594811280418
0.798204454705605,0.20179554529439514
0.8593551073684782,0.14064489263152175
0.8710186163653372,0.12898138363466302
0.8888075810883451,0.11119241891165496
0.8206743161460558,0.17932568385394432
0.8755957234644127,0.12440427653558722
0.8341274772016886,0.16587252279831133
0.8075509891260683,0.19244901087393176
0.902639065009668,0.09736093499033188
0.9709461604409818,0.02905383955901827
0.9485825682869548,0.051417431713045185
0.8977583619367402,0.10224163806325982
0.7531522835189639,0.2468477164810361
0.8786578364361308,0.12134216356386927
0.7659031918157266,0.23409680818427336
0.9442499015317171,0.055750098468283014
0.8991793352948682,0.10082066470513189
0.8736107540562708,0.12638924594372922
0.8424947929835458,0.15750520701645426
0.8480839679313378,0.1519160320686623
0.7444791990905576,0.2555208009094422
0.8813321710772462,0.11866782892275378
0.8379014114705868,0.16209858852941317
0.8224127109210391,0.177587289078961
0.8457025625568156,0.1542974374431844
0.8853358008353285,0.1146641991646715
0.8880213383676836,0.11197866163231625
0.8406398495042567,0.15936015049574312
0.9708509905226594,0.029149009477340556
0.8773179902264218,0.12268200977357824
0.802062132671938,0.19793786732806204
0.7871109884903946,0.2128890115096056
0.8093297552279021,0.19067024477209787
0.8910954662929533,0.10890453370704663
0.9351749319220528,0.06482506807794715
0.8332565313169534,0.16674346868304638
0.7502445081901468,0.24975549180985335
0.9389809434868206,0.06101905651317936
0.9049151446336758,0.09508485536632419
0.8857767450270817,0.11422325497291834
0.8745880796676399,0.12541192033236018
0.8464080037305675,0.1535919962694325
0.8551030440511491,0.14489695594885088
0.8234973922756894,0.1765026077243107
0.7930587462284195,0.2069412537715804
0.7770570259479095,0.22294297405209038
0.9196511857550765,0.08034881424492353
0.9091122003637528,0.09088779963624719
0.9368276754196563,0.06317232458034366
0.9298742223322889,0.07012577766771105
0.8263269345813721,0.17367306541862787
0.9637802681944376,0.03621973180556242
0.8325003819481787,0.16749961805182134
0.9271774403464966,0.0728225596535033
0.8880173857958686,0.11198261420413136
0.8487828300710959,0.1512171699289041
0.8352014854621865,0.16479851453781352
0.8939230197695766,0.10607698023042346
0.8284640425213123,0.17153595747868775
0.8303606344965153,0.16963936550348477
0.9016591624962381,0.09834083750376188
0.7735675684372435,0.22643243156275672
0.7268431406112809,0.27315685938871914
0.8603226725791397,0.13967732742086042
0.9725796988500347,0.027420301149965257
0.7863888225989674,0.21361117740103241
0.8602652693462808,0.13973473065371925
0.7654339175403391,0.23456608245966093
0.8574972357185402,0.1425027642814598
0.7764221345860107,0.22357786541398905
0.8510172248358304,0.14898277516416958
0.9743267907285504,0.025673209271449553
0.9089571447155051,0.09104285528449481
0.9034768637096834,0.0965231362903166
0.7982408948456897,0.20175910515431034
0.9049414113514407,0.09505858864855916
0.8310951561140917,0.1689048438859083
0.8527636548210943,0.1472363451789059
0.9474865186566208,0.052513481343379194
0.8988292832599449,0.101170716740055
0.9531508123946466,0.0468491876053536
0.9514139564369976,0.048586043563002446
0.9117650755877053,0.08823492441229477
0.9149090663814292,0.0850909336185708
0.776998280538373,0.22300171946162708
0.9546056061076531,0.04539439389234695
0.8879989794722725,0.11200102052772755
0.8506526688584013,0.1493473311415989
0.8067788983702298,0.19322110162977016
0.8175237917568352,0.18247620824316482
0.8485245788782347,0.15147542112176549
0.8176275154052574,0.18237248459474256
0.9251221090980712,0.07487789090192876
0.9074869780805931,0.092513021919407
0.8880010807078706,0.11199891929212938
0.8745149342986925,0.12548506570130755
0.7730499359053655,0.2269500640946345
0.8851254647293044,0.1148745352706956
0.9575060480409547,0.04249395195904528
0.7391513591901665,0.26084864080983355
0.8084990600449359,0.1915009399550639
0.9157009086403416,0.08429909135965857
0.7980934713588506,0.20190652864114952
0.8222240548833509,0.17777594511664907
0.9438024204183676,0.05619757958163231
0.8331442527531051,0.16685574724689486
0.8611345302429874,0.1388654697570126
0.8467096402826528,0.15329035971734717
0.7626752524924609,0.2373247475075391
0.8421407494735637,0.15785925052643632
0.8441155894436142,0.1558844105563858
0.8566619031058668,0.14333809689413327
0.872895743737827,0.12710425626217298
0.8232044777386721,0.17679552226132794
0.7921368646422414,0.20786313535775858
0.8484335626978083,0.15156643730219158
0.8899679577299558,0.11003204227004415
0.9462464340779788,0.05375356592202124
0.8790301044593938,0.12096989554060632
0.8196936243883165,0.18030637561168353
0.8288730046898,0.17112699531019987
0.8538627522817271,0.1461372477182729
0.8433594512662717,0.15664054873372843
0.8528259728478773,0.14717402715212283
0.911680416796417,0.08831958320358298
0.8879826440823085,0.11201735591769142
0.8303489974865778,0.1696510025134222
0.8274560263906864,0.17254397360931364
0.8406058228050852,0.15939417719491483
0.899774038064192,0.10022596193580804
0.9367214248158349,0.06327857518416524
0.817894965396036,0.1821050346039641
0.8645464798621059,0.1354535201378942
0.8977431052996185,0.10225689470038149
0.9494529915020404,0.05054700849795956
0.8617691413177284,0.1382308586822716
0.7846302661024589,0.21536973389754108
0.9418431407535692,0.05815685924643081
0.8879954395783074,0.1120045604216926
0.9487461218156287,0.05125387818437137
0.7886898463146519,0.2113101536853482
0.8057822510025424,0.1942177489974575
0.7953229267476367,0.2046770732523632
0.8400026179079958,0.15999738209200434
0.9539530366554689,0.0460469633445311
0.782222863348102,0.21777713665189816
0.8534364610797643,0.1465635389202357
0.8754279022440209,0.12457209775597922
0.7752791425241745,0.22472085747582557
0.7935576596006206,0.2064423403993794
0.9284720574762921,0.07152794252370769
0.760920654234624,0.23907934576537612
0.9233582471755059,0.07664175282449417
0.8713969892960548,0.12860301070394514
0.8091081417920897,0.19089185820791035
0.7783844173868926,0.22161558261310732
0.8745051282080154,0.12549487179198465
0.9666310816207384,0.033368918379261446
0.7540559966468596,0.24594400335314026
0.8906120300675013,0.10938796993249866
0.8879935881099256,0.11200641189007446
0.8970609157159884,0.10293908428401165
0.8551085742576637,0.14489142574233627
0.9664486009945094,0.03355139900549061
0.791217602137114,0.20878239786288597
0.8873300356653017,0.11266996433469831
0.7646978963163985,0.23530210368360138
0.8880387647220519,0.1119612352779481
0.9081660305816718,0.09183396941832833
0.8228334050616715,0.17716659493832868
0.8433359572308008,0.15666404276919918
0.8570229836065337,0.1429770163934662
0.8274542930271601,0.17254570697283994
0.7788962067541046,0.22110379324589532
0.7537926229238774,0.24620737707612264
0.8218792695644016,0.1781207304355983
0.8166060969634149,0.18339390303658507
0.8617310201228263,0.13826897987717376
0.9598107206112022,0.04018927938879769
0.8973478211347402,0.10265217886525976
0.7330290895228734,0.2669709104771267
0.8852132579059637,0.11478674209403637
0.8502251796251508,0.14977482037484918
0.7407412223190186,0.25925877768098143
0.8676753990124775,0.13232460098752272
0.7763454042607042,0.2236545957392958
0.9386773713142703,0.06132262868572971
0.8694784903483022,0.13052150965169776
0.892383088086516,0.10761691191348387
0.8417500092190217,0.15824999078097834
0.902557682018007,0.09744231798199308
0.883281696297972,0.11671830370202807
0.863332834418607,0.13666716558139308
0.7717981504921129,0.22820184950788716
0.9500552857209829,0.04994471427901706
0.7353006776365694,0.2646993223634305
0.9284011741621907,0.07159882583780935
0.8060774870718703,0.19392251292812976
0.8638889483878656,0.1361110516121344
0.8749735091321622,0.12502649086783774
0.9483191242349579,0.05168087576504208
0.8018488780401666,0.19815112195983353
0.9295221360734911,0.07047786392650894
0.8879981660683833,0.11200183393161668
0.8593553217114757,0.14064467828852442
0.910761621744283,0.08923837825571701
0.8127462786022621,0.1872537213977379
0.867076039570179,0.13292396042982102
0.8717620344723728,0.12823796552762734
0.9627290404968126,0.0372709595031874
0.8684849728556503,0.13151502714434976
0.8675871865418002,0.1324128134581998
0.8875952750319239,0.1124047249680763
0.870974418566859,0.12902558143314097
0.8214426452598893,0.17855735474011072
0.8370938454404965,0.16290615455950352
0.8968884091264236,0.10311159087357633
0.9639189847969629,0.03608101520303705
0.9193350893020787,0.08066491069792127
0.8058422088174725,0.19415779118252763
0.7841361049580494,0.21586389504195067
0.9325859263900982,0.06741407360990186
0.8493789570298168,0.1506210429701831
0.7917118785667027,0.20828812143329734
0.8870190038938074,0.11298099610619254
0.8017889108396713,0.19821108916032873
0.8335693726721349,0.16643062732786496
0.8412655285552694,0.15873447144473057
0.9175542763596946,0.08244572364030545
0.7388700117222189,0.2611299882777811
0.8810006996138543,0.1189993003861457
0.8474265173787305,0.15257348262126966
0.8077576045724525,0.19224239542754737
0.8714234165876191,0.12857658341238087
0.9223710136564599,0.07762898634354
0.8346724497029904,0.16532755029700957
0.9418200472852541,0.05817995271474588
0.8160180434307158,0.18398195656928418
0.9190361404224302,0.08096385957756995
0.7461768321425898,0.25382316785741027
0.8790725188991941,0.12092748110080583
0.9355514744865292,0.06444852551347088
0.8664856376232453,0.13351436237675457
0.9073683092289655,0.09263169077103442
0.7597880917832986,0.2402119082167013
0.9504248718206156,0.049575128179384365
0.9058114444640898,0.0941885555359102
0.9252215063955677,0.07477849360443235
0.8879454005405492,0.11205459945945084
0.9550185152132262,0.0449814847867738
0.9280037338471079,0.0719962661528922
0.8880231259406576,0.11197687405934258
0.8543786633526933,0.1456213366473068
0.9020363129969308,0.09796368700306947
0.8369711221668656,0.16302887783313436
0.8683323191673245,0.13166768083267555
0.9537594637091737,0.046240536290826334
0.9409832373201464,0.05901676267985365
0.9430817643455148,0.05691823565448507
0.766923201237652,0.23307679876234805
0.8575987856648201,0.14240121433517985
0.8863617504780634,0.11363824952193655
0.8771404627214435,0.12285953727855659
0.8176570221799058,0.18234297782009423
0.8854649461216304,0.11453505387836958
0.7594708154750098,0.2405291845249902
0.9507108656490659,0.04928913435093395
0.9362675318487003,0.06373246815129967
0.751806240739967,0.24819375926003304
0.908880798464026,0.09111920153597396
0.8187438427313416,0.18125615726865837
0.8396039016539643,0.1603960983460358
0.8604427995747156,0.13955720042528433
0.886331024104925,0.11366897589507509
0.7946746746044144,0.20532532539558565
0.8018880594108536,0.19811194058914647
0.9768627008174555,0.02313729918254442
0.8362296972802562,0.16377030271974388
0.9131591199321129,0.08684088006788716
0.919990370578777,0.08000962942122312
0.7681520606782101,0.23184793932178974
0.9403034338460664,0.05969656615393362
0.7784980836842313,0.2215019163157687
0.8434709174776969,0.15652908252230313
0.8605458862562643,0.1394541137437358
0.7611400876927907,0.2388599123072093
0.9190000936190316,0.08099990638096857
0.9075164272983486,0.09248357270165135
0.9129311407418006,0.08706885925819931
0.9025954859214217,0.09740451407857839
0.8614935664289457,0.1385064335710544
0.7149861311239702,0.28501386887602964
0.9029041497544847,0.09709585024551529
0.9126388010950387,0.08736119890496134
0.9142215681018339,0.0857784318981662
0.9008432729813316,0.09915672701866851
0.9483640556989338,0.0516359443010662
0.8554120574897501,0.1445879425102499
0.820558747020867,0.17944125297913294
0.8914427894861384,0.10855721051386148
0.843597132725469,0.15640286727453093
0.9058621271572312,0.09413787284276871
0.7048881890524377,0.29511181094756245
0.8220029784960314,0.17799702150396857
0.959346764789231,0.04065323521076908
0.8584948460568813,0.14150515394311872
0.870262947817398,0.12973705218260198
0.8466989153889073,0.15330108461109285
0.945243927369408,0.05475607263059195
0.8238359414122373,0.17616405858776277
0.8696431106065563,0.1303568893934438
0.9506826509350682,0.04931734906493178
0.9775016714559023,0.022498328544097855
0.8540664139461589,0.14593358605384116
0.9121798914521777,0.08782010854782245
0.9549499767872136,0.04505002321278638
0.775163387314615,0.224836612685385
0.8072869969316261,0.19271300306837374
0.9190861332443303,0.08091386675566956
0.920877904506695,0.07912209549330497
0.9124477637370371,0.0875522362629629
0.8965602938885173,0.10343970611148279
0.7021880871479925,0.2978119128520075
0.9079388902473846,0.09206110975261547
0.8884414975438861,0.11155850245611394
0.8300840438736566,0.16991595612634336
0.8395628747922522,0.1604371252077478
0.8653656298772303,0.13463437012276983
0.8850975064879876,0.11490249351201258
0.9126182800231716,0.08738171997682828
0.828668074931342,0.171331925068658
0.8527422512989555,0.14725774870104452
0.96167508310841,0.03832491689159012
0.8490519264024508,0.1509480735975492
0.8219980900585712,0.17800190994142878
0.8939174931719427,0.10608250682805735
0.9088945719697509,0.09110542803024929
0.8431700785084013,0.15682992149159872
0.9279438751170827,0.07205612488291739
0.8436733683069595,0.15632663169304062
0.8162493055667429,0.1837506944332573
0.7843797975900997,0.21562020240990037
0.8964194527817843,0.10358054721821566
0.8254317722255572,0.17456822777444256
0.9048845151273404,0.09511548487265954
0.7968038444406956,0.20319615555930434
0.762236273543233,0.23776372645676708
0.8501844704267864,0.1498155295732137
0.7714667709431653,0.22853322905683454
0.8803043289932869,0.11969567100671304
0.9247063294881307,0.07529367051186925
0.7852326022674363,0.21476739773256381
0.9385022497655501,0.061497750234449956
0.9165313773443731,0.08346862265562674
0.8480897197291164,0.15191028027088357
0.9619201366935265,0.03807986330647347
0.8341591770494559,0.1658408229505442
0.9456474015464518,0.054352598453548354
0.9181466449687258,0.0818533550312742
0.8803578900629938,0.11964210993700602
0.824865354674947,0.17513464532505288
0.8169060845142329,0.18309391548576714
0.7381127503636243,0.26188724963637566
0.8156215692252212,0.18437843077477875
0.9532956168355863,0.046704383164413714
0.9196556468064725,0.08034435319352784
0.8932188505878742,0.10678114941212578
0.8633585881268304,0.13664141187316953
0.9460474427701989,0.05395255722980105
0.8367027890842996,0.16329721091570037
0.8301837103600251,0.1698162896399749
0.92206369918688,0.07793630081312003
0.888356901027094,0.11164309897290604
0.7750797741634202,0.22492022583657983
0.9173822022209056,0.08261779777909457
0.7641158552233223,0.2358841447766777
0.8756262881344179,0.1243737118655822
0.943791057495839,0.056208942504161016
0.8695405562763036,0.13045944372369647
0.9267715950550717,0.07322840494492855
0.9515034674586956,0.04849653254130448
0.8838091852979106,0.11619081470208947
0.8738132838207459,0.12618671617925412
0.9503355390941065,0.049664460905893465
0.8880096441341994,0.11199035586580063
0.9334319003956458,0.06656809960435427
0.7973492035257713,0.20265079647422865
0.870119674049255,0.12988032595074497
0.8573883594363225,0.14261164056367756
0.8880002667365235,0.11199973326347641
0.8117749845460726,0.18822501545392736
0.8680483581912118,0.13195164180878818
0.8238073659289181,0.17619263407108188
0.9220534406971616,0.07794655930283866
0.870875368950471,0.129124631049529
0.904146018216249,0.09585398178375111
0.9794166624919675,0.0205833375080326
0.9074206325118712,0.09257936748812871
0.8853434684877068,0.11465653151229324
0.7746231095897995,0.22537689041020048
0.8664990085669116,0.13350099143308844
0.8653661807759199,0.13463381922408013
0.7881432193513572,0.2118567806486428
0.9476064534245642,0.052393546575435726
0.7903063849784158,0.2096936150215843
0.9395531199707687,0.06044688002923108
0.8312202224712825,0.16877977752871762
0.7675612742701377,0.23243872572986238
0.8619107535735417,0.13808924642645834
0.8101214654235511,0.18987853457644877
0.8286911875622908,0.17130881243770937
0.8302110542500182,0.1697889457499819
0.8428466196813156,0.15715338031868437
0.8249006623729368,0.1750993376270634
0.8295107000672477,0.17048929993275252
0.84108198317323,0.15891801682677
0.8227339446337059,0.17726605536629408
0.8982078097844111,0.1017921902155888
0.9262059854646829,0.07379401453531693
0.8582699298223009,0.14173007017769912
0.9778330957714847,0.02216690422851535
0.8200540991870714,0.17994590081292863
0.8245759818216359,0.17542401817836406
0.784846012176767,0.21515398782323314
0.7914964848140505,0.20850351518594956
0.8603177986459246,0.13968220135407552
0.9850874155245662,0.014912584475433774
0.8575428257202847,0.1424571742797153
0.9563012262933761,0.043698773706623825
0.8880304048789277,0.11196959512107228
0.8027105139261074,0.19728948607389263
0.8302875563790517,0.16971244362094828
0.8930631677523585,0.10693683224764144
0.8664432447523192,0.1335567552476811
0.9147909074484131,0.08520909255158679
0.8511168710404706,0.14888312895952946
0.9114751083004776,0.08852489169952239
0.9044618743608511,0.09553812563914912
0.8883530787446566,0.11164692125534327
0.8511555303522081,0.14884446964779205
0.8954396892990909,0.10456031070090918
0.8012685896814932,0.19873141031850677
0.8805330058350723,0.11946699416492776
0.8508049236185995,0.1491950763814007
0.9359508268664966,0.06404917313350351
0.8879498160213724,0.1120501839786277
0.9293820005077487,0.07061799949225146
0.9283680919723776,0.07163190802762248
0.8101866432952928,0.18981335670470711
0.7221102339345832,0.2778897660654167
0.9507975193164527,0.049202480683547274
0.9559632460301324,0.044036753969867705
0.9034757344106994,0.0965242655893006
0.8587890571128162,0.1412109428871839
0.77948548274784,0.22051451725216006
0.865759714703656,0.13424028529634396
0.9235036905867507,0.07649630941324934
0.9244980252940639,0.07550197470593602
0.9119954842546639,0.08800451574533617
0.8185150807941949,0.18148491920580526
0.8624377010190967,0.1375622989809034
0.9387217918117007,0.06127820818829938
0.8752993780607385,0.12470062193926162
0.8228200959708077,0.1771799040291924
0.9256978678903535,0.07430213210964642
0.7814735024093525,0.21852649759064752
0.8034646350068005,0.1965353649931996
0.9242955630454194,0.0757044369545805
0.8880005587812899,0.1119994412187101
0.791533789105318,0.20846621089468212
0.7863615557104362,0.21363844428956388
0.929166483010589,0.07083351698941091
0.9343978682936297,0.06560213170637016
0.9006885653990772,0.09931143460092283
0.7757446938811069,0.2242553061188935
0.8728218360101284,0.12717816398987156
0.8758800655549686,0.12411993444503151
0.9109400727072599,0.08905992729274002
0.8775622740643163,0.12243772593568368
0.7716660689224326,0.2283339310775675
0.9299873407924913,0.07001265920750857
0.8879997058719111,0.11200029412808882
0.840934604264516,0.1590653957354838
0.8575060012341137,0.14249399876588625
0.9681119425403918,0.03188805745960812
0.9155177669698429,0.08448223303015712
0.8806671549232356,0.11933284507676443
0.838112459057888,0.16188754094211194
0.7200107930124752,0.27998920698752494
0.9006067566993162,0.09939324330068375
0.8219961433790526,0.17800385662094745
0.8813385728943832,0.11866142710561682
0.8609524089400543,0.13904759105994569
0.8107867127265463,0.18921328727345363
0.8983285158986334,0.10167148410136663
0.8059151956431612,0.19408480435683892
0.7838820850528587,0.21611791494714136
0.9496531533324569,0.05034684666754301
0.8129800387876756,0.1870199612123242
0.9002448278860279,0.0997551721139721
0.8143872066816001,0.18561279331839983
0.8501837603664968,0.14981623963350324
0.8775526908047842,0.12244730919521585
0.8868732231630608,0.1131267768369392
0.8567063522548817,0.14329364774511846
0.9261584927546561,0.07384150724534395
0.9045445009471842,0.09545549905281589
0.8854528025666444,0.11454719743335566
0.9237359888055424,0.07626401119445766
0.8325071471345157,0.1674928528654842
0.8879438377291996,0.11205616227080052
0.7864429706785794,0.2135570293214207
0.8175425097571347,0.1824574902428652
0.8192305171300188,0.18076948286998118
0.9280149673966852,0.07198503260331487
0.8879930105133604,0.11200698948663952
0.8115170968053701,0.18848290319462987
0.8071613551799091,0.19283864482009086
0.910950503790929,0.08904949620907085
0.9322486307824578,0.06775136921754225
0.8538473815881649,0.1461526184118353
0.8155946200432569,0.1844053799567431
0.8207612606570217,0.17923873934297838
0.9676792187078136,0.03232078129218651
0.7792343353132981,0.2207656646867018
0.8907841889114422,0.10921581108855791
0.8779340297200098,0.12206597027999021
0.9149097967706921,0.08509020322930791
0.9295038842645936,0.07049611573540646
0.9151838204907609,0.08481617950923913
0.8421841283788388,0.1578158716211612
0.8514395876882436,0.14856041231175668
0.748313503497562,0.25168649650243824
0.7925081097437717,0.20749189025622822
0.9123243781891366,0.08767562181086364
0.8597021947953534,0.14029780520464671
0.876324743020374,0.12367525697962603
0.7618996199227461,0.23810038007725373
0.8394627349233436,0.16053726507665647
0.9083668202098654,0.09163317979013472
0.8514288290529011,0.1485711709470989
0.8197172431276702,0.1802827568723297
0.8521964556937864,0.1478035443062136
0.8200596548670397,0.17994034513296045
0.8859216789444243,0.1140783210555757
0.9161503814165001,0.08384961858349983
0.9314500150562204,0.0685499849437796
0.8436025754095521,0.1563974245904479
0.8968520754664767,0.10314792453352327
0.9529770516469019,0.04702294835309795
0.8934037243335029,0.10659627566649717
0.9407702753645963,0.05922972463540352
0.9176096738092975,0.08239032619070255
0.773861722727949,0.22613827727205105
0.8126980936853669,0.18730190631463314
0.7170851401344347,0.2829148598655653
0.8880146823012673,0.11198531769873253
0.8307112775786305,0.16928872242136955
0.8733621921504277,0.1266378078495725
0.9010134815386475,0.09898651846135244
0.7892410775895955,0.21075892241040456
0.9119050399178705,0.0880949600821295
0.8994804643234,0.10051953567659991
0.7534162308101271,0.24658376918987304
0.9089434294043881,0.09105657059561184
0.8518011127620131,0.14819888723798685
0.8576038961300969,0.14239610386990306
0.8713814841867625,0.12861851581323747
0.7459467998788133,0.25405320012118654
0.9402349053013627,0.05976509469863745
0.9237000424935229,0.07629995750647713
0.9754416930681801,0.024558306931819724
0.855479016119141,0.144520983880859
0.9426630148747589,0.05733698512524112
0.9357599775605068,0.06424002243949321
0.7501884326212339,0.24981156737876606
0.8593536233830242,0.14064637661697568
0.8430615487884556,0.1569384512115444
0.7709015512368057,0.22909844876319438
0.848092270445076,0.1519077295549241
0.8233627744396409,0.1766372255603593
0.9236074598767235,0.07639254012327641
0.9058906890554846,0.09410931094451536
0.7898816843229647,0.21011831567703546
0.9390105192425403,0.06098948075745988
0.9214446376030148,0.07855536239698518
0.9486377828841314,0.05136221711586846
0.8707297221537149,0.12927027784628523
0.8324455569405873,0.1675544430594126
0.8387146068275296,0.1612853931724703
0.8830586853479646,0.11694131465203549
0.9156851327068115,0.08431486729318846
0.8978000922315162,0.10219990776848385
0.9564494077443303,0.0435505922556697
0.8092344836139634,0.19076551638603637
0.9216368873719317,0.07836311262806839
0.9490655754409756,0.05093442455902449
0.8057049786122338,0.1942950213877662
0.9373347196678606,0.0626652803321393
0.9176626970737006,0.08233730292629966
0.9323792102063881,0.06762078979361172
0.8436219511916364,0.15637804880836348
0.8420827690035114,0.15791723099648855
0.8419398740542837,0.15806012594571617
0.8628026318854505,0.1371973681145495
0.8058599469839415,0.19414005301605847
0.9077316549797262,0.09226834502027376
0.9342637260255249,0.06573627397447532
0.8914423407428813,0.10855765925711874
0.7858629060855157,0.2141370939144845
0.8015036320115189,0.1984963679884812
0.9367556289781765,0.06324437102182351
0.8331853388962546,0.16681466110374554
0.805473018290129,0.1945269817098711
0.8064493145055406,0.19355068549445953
0.8397891544802193,0.1602108455197808
0.935300206983261,0.06469979301673903
0.8596620702254281,0.14033792977457193
0.8122558440139941,0.187744155986006
0.8392026683825842,0.16079733161741572
0.8494335030882093,0.15056649691179094
0.8649356896678093,0.13506431033219057
0.9476719634747048,0.05232803652529525
0.9141666361479397,0.08583336385206011
0.9077742623407966,0.09222573765920335
0.7832317954989018,0.21676820450109818
0.942305755699333,0.057694244300666955
0.868394046494035,0.13160595350596502
0.8698793307018104,0.13012066929818963
0.8663424763914699,0.13365752360853014
0.8114848415224205,0.18851515847757963
0.9141060387023163,0.08589396129768355
0.734519190871818,0.265480809128182
0.815552510398875,0.184447489601125
0.8396233487431344,0.16037665125686565
0.9431451641595149,0.05685483584048485
0.9423407984948361,0.05765920150516391
0.877921536963599,0.12207846303640109
0.8121966843289441,0.18780331567105588
0.8617792154219235,0.13822078457807657
0.8220030959749395,0.17799690402506058
0.9008445172845162,0.09915548271548386
0.8485602195651782,0.1514397804348217
0.8427123407412686,0.15728765925873134
0.8806800220627851,0.11931997793721486
0.7592150535382586,0.2407849464617413
0.9142233895786934,0.0857766104213066
0.946421278848587,0.05357872115141295
0.7946166272414158,0.20538337275858426
0.901269442185403,0.09873055781459704
0.9420261818916478,0.05797381810835225
0.9178486825809095,0.08215131741909065
0.9272643644924858,0.07273563550751395
0.9097857746980753,0.0902142253019247
0.8575995948238752,0.1424004051761252
0.8046036954623567,0.19539630453764334
0.9172567862210234,0.08274321377897659
0.764276229322912,0.2357237706770881
0.909315083953481,0.09068491604651893
0.8725286593759577,0.1274713406240424
0.8034537551726469,0.19654624482735308
0.9517776816175855,0.04822231838241455
0.9010499653203567,0.09895003467964321
0.7286608946126423,0.27133910538735767
0.9524646194043892,0.04753538059561077
0.8275152568651232,0.17248474313487672
0.7925772193541654,0.20742278064583464
0.8914650586115087,0.10853494138849124
0.9526333251489328,0.04736667485106726
0.8020623828224629,0.19793761717753708
0.9352698089578869,0.06473019104211317
0.9055214551838185,0.09447854481618144
0.7847695160898519,0.2152304839101483
0.8725942570500731,0.12740574294992693
0.9254329893495756,0.07456701065042445
0.9236300389187184,0.07636996108128155
0.8506174925465844,0.14938250745341572
0.864476084479159,0.13552391552084103
0.8652305003820829,0.13476949961791723
0.9889175700612284,0.01108242993877172
0.9465690161183763,0.05343098388162381
0.8709230172399982,0.1290769827600017
0.9458567177416541,0.05414328225834588
0.8427012505370313,0.15729874946296885
0.9809757676561405,0.01902423234385955
0.8802633323501333,0.11973666764986667
0.8576183392968648,0.14238166070313515
0.8976528283140994,0.10234717168590053
0.8878671242544542,0.11213287574554591
0.9392356328192543,0.06076436718074581
0.905784104149883,0.09421589585011701
0.9472759507619375,0.05272404923806256
0.8802016245489539,0.11979837545104614
0.9589401540013004,0.04105984599869973
0.938742393489542,0.061257606510458015
0.9050847087400358,0.0949152912599642
0.7932802865923446,0.20671971340765538
0.8025291899738397,0.19747081002616038
0.9161381594662679,0.08386184053373218
0.9250004801134665,0.07499951988653361
0.805888295117009,0.19411170488299093
0.859661913063622,0.140338086936378
0.7658962340918952,0.23410376590810456
0.940944749200679,0.059055250799320856
0.8559443914021965,0.14405560859780353
0.844212919949371,0.15578708005062908
0.8372585890858975,0.1627414109141028
0.8474189248892127,0.15258107511078747
0.9001832026176757,0.09981679738232421
0.8448485917388932,0.15515140826110696
0.9139926329132463,0.08600736708675367
0.8794351568387403,0.1205648431612597
0.9306548859826685,0.06934511401733143
0.8584002087456513,0.14159979125434882
0.8781825331506554,0.12181746684934461
0.9036143929761189,0.0963856070238811
0.934274337929992,0.06572566207000802
0.8779103312805744,0.12208966871942561
0.895919523176441,0.10408047682355918
0.8240792779914652,0.1759207220085348
0.8977123076108043,0.10228769238919565
0.8636719613032084,0.13632803869679153
0.8471492760418291,0.1528507239581708
0.925000425513903,0.07499957448609698
0.9083436489138628,0.09165635108613714
0.9310071536477007,0.06899284635229934
0.9399496147144701,0.060050385285530083
0.9565612430776373,0.04343875692236273
0.8059606478266957,0.19403935217330412
0.7568177024792628,0.2431822975207371
0.8769090204134561,0.12309097958654396
0.7571707410326256,0.24282925896737442
0.8981019596338653,0.10189804036613477
0.8150359885698096,0.18496401143019037
0.8879515450880977,0.11204845491190243
0.8471736369902388,0.15282636300976116
0.798867524432954,0.20113247556704592
0.7902885272757284,0.20971147272427174
0.7855314523642881,0.214468547635712
0.8743311286050224,0.12566887139497765
0.9412847533859454,0.05871524661405468
0.8391217446724191,0.16087825532758102
0.8810029160868165,0.11899708391318359
0.7839496389287377,0.21605036107126224
0.8783512604889956,0.12164873951100445
0.9637898961662347,0.036210103833765314
0.9060117365430069,0.09398826345699311
0.8240385801346044,0.1759614198653955
0.9541944766288075,0.04580552337119276
0.7968875947607383,0.20311240523926166
0.8634210274083183,0.1365789725916817
0.8636717878566598,0.13632821214334026
0.9253890633699939,0.07461093663000612
0.9483497480095451,0.0516502519904549
0.9378815121557866,0.0621184878442134
0.8212571342465392,0.1787428657534608
0.9503365646385601,0.04966343536143996
0.7800709281667647,0.21992907183323543
0.8510428574965414,0.1489571425034585
0.9207290199881446,0.07927098001185541
0.9174066879665732,0.08259331203342662
0.8992857851927812,0.10071421480721882
0.8164390805729518,0.18356091942704822
0.8444173932194659,0.1555826067805342
0.923720899451406,0.0762791005485941
0.8880474350776388,0.11195256492236134
0.9221504002712,0.07784959972879997
0.8141604536345072,0.18583954636549285
0.8813309836838931,0.118669016316107
0.9366185397781169,0.06338146022188314
0.8959513697645767,0.10404863023542346
0.9237374433267337,0.07626255667326638
0.9377073305255953,0.06229266947440469
0.9358500325723756,0.06414996742762434
0.9294708165674656,0.07052918343253452
0.8309990639564696,0.16900093604353048
0.8932422604625142,0.10675773953748584
0.857598627650313,0.14240137234968694
0.9437784074665528,0.05622159253344715
0.8314240490588993,0.1685759509411008
0.7835442978247718,0.21645570217522808
1.0,0.0
0.8932709968778194,0.10672900312218059
0.8314263226174268,0.16857367738257334
0.7917231303398482,0.20827686966015188
0.7329965728199418,0.2670034271800584
0.9129257458944108,0.08707425410558918
0.7071126222337892,0.2928873777662105
0.8887861726190681,0.11121382738093183
0.9726789721651005,0.027321027834899533
0.8529139099124498,0.14708609008755036
0.8517402461768264,0.14825975382317363
0.8762254222452894,0.12377457775471049
0.9286440078250124,0.07135599217498773
0.8207699806647086,0.1792300193352914
0.7968201401858468,0.20317985981415312
0.8813757245529238,0.11862427544707635
0.9377787673666634,0.06222123263333652
0.8875310003464486,0.11246899965355144
0.9546746275362755,0.045325372463724575
0.961829714362338,0.03817028563766216
0.7893541598443646,0.2106458401556355
0.8535246349735022,0.1464753650264978
0.8121620341354937,0.18783796586450655
0.8686952010372789,0.1313047989627211
0.8809777555159668,0.11902224448403316
0.820184387742976,0.17981561225702414
0.7814964193448101,0.2185035806551899
0.9041468197489999,0.09585318025100015
0.8829278860554852,0.11707211394451485
0.9699683865947133,0.030031613405286622
0.8962736337936809,0.10372636620631902
0.8750834783943842,0.12491652160561577
0.8743798937475503,0.1256201062524497
0.8289429486409345,0.17105705135906543
0.9562308427778408,0.04376915722215926
0.983905822083597,0.01609417791640301
0.8743414752209033,0.12565852477909667
0.8731990587248785,0.12680094127512148
0.7478763179427285,0.2521236820572715
0.916799190604056,0.08320080939594407
0.9186373915638882,0.08136260843611179
0.9060169859776238,0.09398301402237615
0.9705131910657993,0.029486808934200765
0.8538468750959719,0.14615312490402815
0.83576690252462,0.1642330974753798
0.908168072357516,0.09183192764248396
0.8782420298747089,0.1217579701252912
0.9001713258136212,0.09982867418637893
0.7997259478426458,0.2002740521573542
0.7920039823933414,0.20799601760665862
0.9177456377314974,0.08225436226850266
0.9033988345051389,0.09660116549486106
0.8969944917709451,0.1030055082290547
0.8960409538979823,0.10395904610201771
1.0,0.0
0.7551724650253343,0.24482753497466583
0.8780084459227362,0.12199155407726378
0.8653785524928079,0.134621447507192
0.8958923382097642,0.10410766179023574
0.7942649833583427,0.20573501664165747
0.8476592211562541,0.15234077884374597
0.9320221651268328,0.06797783487316729
0.7821419709056985,0.21785802909430155
0.9050767522299251,0.09492324777007488
0.8956179895104398,0.1043820104895602
0.7750296676029537,0.22497033239704653
0.8336330910630438,0.16636690893695621
0.8032038832800259,0.1967961167199742
0.9197194827846944,0.08028051721530553
0.9003162377108208,0.09968376228917898
0.9177638039284484,0.08223619607155178
0.9535978894040446,0.046402110595955365
0.7872936846019247,0.21270631539807539
0.7293292470266711,0.27067075297332893
0.8983227263280963,0.10167727367190374
0.8610898912865671,0.13891010871343282
0.8524804706888981,0.14751952931110193
0.8993883296248236,0.10061167037517639
0.8795540634309974,0.1204459365690027
0.9257877754583769,0.07421222454162309
0.7062356591828358,0.2937643408171642
0.8834233272678669,0.11657667273213324
0.9313169828047286,0.06868301719527152
0.9086767153849794,0.09132328461502068
0.8991003637136695,0.10089963628633045
0.8896920421067707,0.11030795789322925
0.7577527188985431,0.24224728110145702
0.7960505019467268,0.2039494980532732
0.9320232162813158,0.06797678371868414
0.8063320287318957,0.19366797126810442
0.8880034998908173,0.11199650010918266
0.89396988176073,0.10603011823927
0.888774704484838,0.11122529551516201
0.8971190239779513,0.10288097602204868
0.8396009799487875,0.1603990200512125
0.916369918940352,0.08363008105964793
0.8982291918414551,0.10177080815854486
0.8914192946200646,0.10858070537993542
0.734930350303139,0.265069649696861
0.8303605436461311,0.1696394563538689
0.8880015706996447,0.11199842930035513
0.95188253843871,0.048117461561290105
0.805697790529755,0.19430220947024499
0.8559043336601684,0.14409566633983156
0.8525293696208373,0.14747063037916275
0.8357796147011084,0.16422038529889177
0.9396654018523432,0.06033459814765688
0.7561509264553115,0.24384907354468868
0.8774222161108909,0.12257778388910905
0.9506372297165758,0.04936277028342415
0.8075359703472188,0.1924640296527813
0.8715521493516213,0.12844785064837866
0.7889238046697764,0.21107619533022362
0.8363189749049439,0.1636810250950563
0.8733642342218475,0.12663576577815244
0.8879999357091741,0.11200006429082598
0.8880014488032144,0.11199855119678553
0.9607918498545005,0.03920815014549954
0.914133217659825,0.08586678234017502
0.7557214706241256,0.24427852937587438
0.9302780341835613,0.06972196581643886
0.8239248118621901,0.17607518813780992
0.8697555948888638,0.13024440511113589
0.8363504947371374,0.16364950526286245
0.9252292372382699,0.07477076276173011
0.8174201718799808,0.18257982812001913
0.8777931536510328,0.12220684634896704
0.8476402840184165,0.15235971598158343
0.9378352651420198,0.06216473485798022
0.8633709741943029,0.13662902580569716
0.9266092984646822,0.07339070153531788
0.8874987586110339,0.1125012413889661
0.7304091083183747,0.2695908916816253
0.8991287202242655,0.10087127977573447
0.8193589898042535,0.1806410101957467
0.9176004754447551,0.0823995245552449
0.8000321551373798,0.1999678448626203
0.8879851395543282,0.11201486044567185
0.9479972689461178,0.05200273105388222
0.8905797405800062,0.10942025941999374
0.7760892359609957,0.2239107640390042
0.8403119522247056,0.15968804777529458
0.8247266800300261,0.17527331996997397
0.8429003531500667,0.15709964684993324
0.9767961067288443,0.023203893271155816
0.8975186424475315,0.10248135755246843
0.9553355649067959,0.044664435093204044
0.9180828020083563,0.08191719799164378
0.8188065577386621,0.18119344226133796
0.934488929254074,0.06551107074592599
0.8529498483672241,0.1470501516327759
0.8880001176242589,0.11199988237574109
0.7785302580605873,0.2214697419394128
0.7958156902771064,0.2041843097228936
0.8307099108805985,0.16929008911940155
0.9103891085515601,0.08961089144843992
0.7663757861247619,0.23362421387523816
0.8401259098326105,0.1598740901673894
0.9339311354773078,0.06606886452269227
0.8151530808464522,0.1848469191535478
0.9211931221762134,0.07880687782378669
0.9289993019648217,0.07100069803517832
0.8755941909037193,0.1244058090962808
0.9108684469998721,0.08913155300012793
0.8952334177635618,0.10476658223643814
0.8073059967585914,0.1926940032414089
0.9232483155582158,0.07675168444178433
0.871029207650854,0.12897079234914616
0.8879939500991176,0.1120060499008823
0.832247556878129,0.16775244312187096
0.8797458687226416,0.12025413127735828
0.7626984276573882,0.23730157234261193
0.7750962605471496,0.22490373945285044
0.8152306599331459,0.18476934006685397
0.95399674863002,0.046003251369979924
0.83786460144426,0.16213539855574002
0.7838708402614023,0.21612915973859773
0.8388249056847206,0.16117509431527935
0.7969233894939888,0.20307661050601122
0.903241692313232,0.09675830768676799
0.7938936976097948,0.2061063023902053
0.9007804504673828,0.09921954953261719
0.9591023456236554,0.04089765437634461
0.8416665124292247,0.1583334875707752
0.8218729228506189,0.1781270771493811
0.8655189433844404,0.13448105661555976
0.8142623984596582,0.1857376015403419
0.9210619899831857,0.07893801001681437
0.9412207765740576,0.05877922342594244
0.8778983265846719,0.12210167341532799
0.896574896217787,0.10342510378221302
0.956832907728981,0.043167092271019065
0.8228535769577534,0.17714642304224648
0.8936714480066033,0.10632855199339694
0.8743082634610451,0.12569173653895513
0.9465069365718546,0.05349306342814541
0.8393764234248302,0.1606235765751698
0.9464210000570046,0.053578999942995614
0.8456098576276645,0.1543901423723356
0.9016159968038118,0.0983840031961882
0.8400017961893382,0.15999820381066163
0.844970254646224,0.1550297453537761
0.9330912226638517,0.06690877733614836
0.8522199624725889,0.14778003752741117
0.8357655398510937,0.16423446014890627
0.8187257695119822,0.18127423048801783
0.8912653277611253,0.1087346722388744
0.8474417655385509,0.1525582344614491
0.8407271546809749,0.15927284531902502
0.9633494978281244,0.036650502171875564
0.8781317285722914,0.1218682714277085
0.7857569955562534,0.21424300444374658
0.9229488794199427,0.07705112058005713
0.8773931404601863,0.12260685953981373
0.860593912013045,0.13940608798695495
0.8396223086267645,0.16037769137323551
0.8596062208474871,0.14039377915251303
0.7831780721185574,0.21682192788144272
0.9115941737892924,0.08840582621070762
0.8343309742334011,0.16566902576659903
0.8224720108583918,0.17752798914160806
0.9006234924642291,0.09937650753577104
0.8611363216657002,0.1388636783342998
0.787407749578335,0.2125922504216651
0.7768868425143779,0.22311315748562208
0.8681588988208262,0.1318411011791738
0.9156666391894248,0.0843333608105752
0.8029993448948646,0.19700065510513542
0.9217174323387936,0.07828256766120645
0.8599572905755094,0.1400427094244908
0.8845732061102125,0.11542679388978735
0.8357154874795899,0.1642845125204101
0.8939565788567931,0.10604342114320688
0.9061881276764511,0.09381187232354882
0.9055703761143425,0.09442962388565745
0.8020906776826643,0.1979093223173358
0.841292185184122,0.1587078148158781
0.8483438391888651,0.15165616081113484
0.7629332036407026,0.23706679635929748
0.8513937857425814,0.14860621425741863
0.834870430743004,0.16512956925699596
0.8880517227808501,0.11194827721914982
0.9851249287946852,0.014875071205314644
0.8997440771154863,0.10025592288451364
0.8575911527023283,0.14240884729767175
0.7997484528482098,0.20025154715179017
0.8753114485111664,0.12468855148883366
0.8499553896201362,0.1500446103798639
0.9302365896414393,0.0697634103585607
0.7824220281933943,0.2175779718066053
0.8117183136243417,0.18828168637565817
0.7957534545519914,0.2042465454480087
0.7963023344744471,0.20369766552555302
0.8178949504415222,0.18210504955847778
0.9554808101542543,0.04451918984574565
0.9208878253789813,0.07911217462101872
0.9546696835453353,0.045330316454664656
0.8685306635565921,0.13146933644340786
0.8493910124752101,0.15060898752478993
0.8145131102588862,0.18548688974111377
0.8034636632167641,0.19653633678323576
0.8056985234881685,0.19430147651183152
0.9247665455591201,0.07523345444087996
0.8157936524540341,0.18420634754596601
0.8026111707660827,0.19738882923391735
0.8853192095245875,0.11468079047541244
0.8770064120096055,0.12299358799039453
0.818933508379733,0.18106649162026697
0.8766016996305839,0.12339830036941621
0.9347859678672349,0.06521403213276505
0.8261686494173133,0.17383135058268667
0.8605631129188991,0.13943688708110083
0.8595527217585365,0.1404472782414635
0.9411392157053379,0.05886078429466243
0.8880005951983049,0.11199940480169515
0.9463036117771473,0.05369638822285278
0.7734894000331064,0.22651059996689357
0.8013741743139667,0.19862582568603335
0.8573824133268619,0.14261758667313815
0.9194091739385378,0.08059082606146226
0.7961591915937588,0.20384080840624114
0.821401003224657,0.17859899677534308
0.9047379668988099,0.09526203310119007
0.8975935916694404,0.10240640833055967
0.913358162790022,0.08664183720997808
0.9817173408568393,0.01828265914316071
0.9510884710248472,0.04891152897515286
0.8622655269182664,0.13773447308173362
0.9037759505142702,0.0962240494857298
0.947710732599116,0.052289267400884056
0.9544040373594485,0.04559596264055139
0.8646079600488004,0.13539203995119972
0.8966762750900739,0.10332372490992604
0.9008737213237459,0.09912627867625413
0.8880052267028169,0.1119947732971832
0.7655575740353425,0.23444242596465734
0.8325003551141814,0.16749964488581856
0.8844250477929644,0.11557495220703559
0.7739598182636616,0.22604018173633827
0.92906451647219,0.0709354835278098
0.8807538380801154,0.11924616191988455
0.9206879546047438,0.07931204539525621
0.7565719872442308,0.24342801275576945
0.8021458272205958,0.19785417277940412
0.8357718056104156,0.16422819438958428
0.869161940491842,0.1308380595081579
0.9453433295180506,0.05465667048194952
0.9577690314928292,0.04223096850717061
0.8852788892496757,0.1147211107503242
0.9247535991378499,0.07524640086214994
0.8595725308330577,0.1404274691669423
0.8219890392636815,0.17801096073631853
0.8985886618280837,0.10141133817191618
0.812340840328733,0.18765915967126673
0.9355457353928188,0.06445426460718122
0.8880008218567493,0.11199917814325068
0.8474196851299136,0.1525803148700864
0.7819361810385351,0.2180638189614649
0.8718384835671115,0.1281615164328886
0.7380850629869419,0.261914937013058
0.7889841902421272,0.21101580975787268
0.9377770669739076,0.062222933026092386
0.9812481012195348,0.01875189878046518
0.8698848999307269,0.1301151000692733
0.78610763107099,0.21389236892901015
0.9512135674173628,0.048786432582637186
0.9658250510290614,0.034174948970938576
0.9056840918272312,0.0943159081727689
0.8431305868776673,0.15686941312233288
0.8575563246393165,0.14244367536068353
0.9427152805905091,0.05728471940949095
0.9127211019291223,0.08727889807087767
0.9092488879433496,0.09075111205665036
0.9223965437195716,0.07760345628042835
0.9503411600444611,0.04965883995553896
0.8626287123636723,0.1373712876363278
0.8826518858492378,0.11734811415076221
0.8523949186435639,0.14760508135643616
0.9657491041565144,0.03425089584348565
0.9047496440006617,0.0952503559993382
0.9195203995206682,0.08047960047933195
0.9349818443167791,0.0650181556832209
0.870236142695043,0.12976385730495704
0.84286544002684,0.15713455997315973
0.9306948071119372,0.06930519288806282
0.8037252116593954,0.1962747883406047
0.8594779202831457,0.14052207971685443
0.8520848950424349,0.1479151049575651
0.8567648962824981,0.14323510371750212
0.9075182035711047,0.09248179642889523
0.8609555293269058,0.13904447067309406
0.9224824509277642,0.07751754907223579
0.8883553399279321,0.11164466007206776
0.8082966044664586,0.19170339553354154
0.917307394353882,0.08269260564611801
0.9208743701238329,0.0791256298761673
0.9307961838626416,0.06920381613735847
0.8356949743335711,0.16430502566642893
0.9767585020576669,0.023241497942333173
0.8288072492326597,0.1711927507673403
0.9216784686709462,0.07832153132905384
0.7672937995987319,0.2327062004012682
0.8456235434280562,0.1543764565719437
0.8542985372526026,0.14570146274739737
0.7720345111356018,0.22796548886439819
0.9603891487343427,0.03961085126565742
0.8379012787122478,0.16209872128775218
0.7633721293551645,0.23662787064483545
0.8896494088521448,0.11035059114785518
0.920886599076144,0.07911340092385588
0.8131217104822162,0.18687828951778399
0.8670673600803499,0.13293263991965015
0.9370391066920535,0.0629608933079465
0.8806160195193212,0.11938398048067872
0.8939180852404682,0.10608191475953174
0.8778455276854678,0.1221544723145324
0.8441536841039594,0.15584631589604062
0.9032317463001841,0.09676825369981609
0.9116190466777863,0.08838095332221367
0.9275178308576785,0.0724821691423214
0.8830597144998136,0.11694028550018641
0.7900924664875834,0.2099075335124167
0.8993849433165414,0.1006150566834586
0.82278311984897,0.17721688015103002
0.8441787797390247,0.15582122026097558
0.9213223734699436,0.07867762653005654
0.8214050704685819,0.17859492953141806
0.8061703216133094,0.19382967838669066
0.8497246223844729,0.15027537761552712
0.7768427538299362,0.22315724617006388
0.8683894972251334,0.13161050277486652
0.8980212681840402,0.10197873181595973
0.8880000113937513,0.11199998860624864
0.8982924232014358,0.10170757679856422
0.8813303660666815,0.11866963393331859
0.8287410530367224,0.17125894696327765
0.8800932842237049,0.119906715776295
0.8979775723552991,0.10202242764470089
0.9249805781178905,0.0750194218821097
0.8691706189710129,0.1308293810289871
0.8454988773077349,0.15450112269226504
0.9166259316590243,0.08337406834097567
0.9154614939841641,0.08453850601583589
0.8160768325784744,0.1839231674215256
0.7925333178617896,0.20746668213821032
0.8931841144998545,0.1068158855001455
0.9195125005881308,0.080487499411869
0.9394742510258145,0.060525748974185244
0.8321839453761515,0.16781605462384855
0.7623355293025834,0.23766447069741653
0.9057634080097484,0.09423659199025157
0.8426939469539549,0.157306053046045
0.973397377905612,0.026602622094388104
0.8483136517854476,0.15168634821455235
0.8933357207426667,0.10666427925733328
0.854724038865081,0.14527596113491908
0.9259658107481997,0.0740341892518001
0.8061117065488456,0.19388829345115438
0.8812381713647239,0.11876182863527604
0.8398319477009916,0.16016805229900838
0.8357645392467934,0.16423546075320666
0.9485474884744937,0.0514525115255063
0.7770221147205226,0.22297788527947732
0.9148762148265812,0.08512378517341866
0.8163324736890856,0.18366752631091438
0.7580844203604743,0.24191557963952567
0.9430124905288682,0.05698750947113175
0.8626999835286462,0.13730001647135384
0.8754575170830592,0.12454248291694092
0.8260467636524302,0.17395323634756982
0.8735815554567596,0.12641844454324033
0.9479287792938866,0.05207122070611343
0.8664510185855939,0.13354898141440616
0.9129793621473165,0.08702063785268348
0.9585387422226056,0.04146125777739435
0.7848113882032351,0.21518861179676485
0.8602474611779201,0.13975253882208002
0.9449226281256733,0.05507737187432657
0.8749431048069546,0.12505689519304541
0.8616350162403449,0.13836498375965509
0.9104041494211814,0.08959585057881854
0.9047868072853609,0.09521319271463922
0.8806531363699377,0.11934686363006242
0.7932156241712182,0.20678437582878195
0.91099429450758,0.08900570549242004
0.8826189161373063,0.11738108386269389
0.877230369424285,0.12276963057571502
0.8778292915562993,0.12217070844370065
0.9119319533974991,0.08806804660250082
0.961770077302352,0.0382299226976481
0.8787509734072582,0.12124902659274195
0.8206753567359357,0.17932464326406433
0.9221396586478036,0.07786034135219641
0.8011120491399024,0.19888795086009747
0.7945637134843666,0.2054362865156332
0.937282352315052,0.06271764768494811
0.8874247352383048,0.1125752647616952
0.8905593156837986,0.10944068431620133
0.7434449209938039,0.25655507900619606
0.8405326247137254,0.15946737528627455
0.8013685014570832,0.1986314985429169
1.0,0.0
0.9340946600736312,0.06590533992636882
0.8476881038892365,0.1523118961107634
0.7965884225921814,0.20341157740781865
0.908363879118105,0.09163612088189518
0.8515158596134956,0.1484841403865044
0.9219381837461625,0.07806181625383765
0.9108257370608497,0.08917426293915034
0.8548364362221593,0.14516356377784065
0.8874798539933659,0.11252014600663386
0.8865471936020696,0.1134528063979304
0.7635286649903069,0.23647133500969328
0.8724243799204983,0.12757562007950185
0.9067623157258653,0.0932376842741348
0.7925747871593188,0.20742521284068127
0.8581896187006378,0.1418103812993622
0.8261158508769376,0.17388414912306227
0.7865477348699891,0.2134522651300109
0.8434972818453288,0.1565027181546713
0.8691112787932704,0.13088872120672965
0.8460451598058564,0.1539548401941436
0.9245978487946137,0.0754021512053862
0.8342711888182784,0.16572881118172164
0.8675501857536423,0.1324498142463577
0.9273417475983696,0.07265825240163037
0.9549741426813502,0.04502585731864974
0.90603092056429,0.0939690794357101
0.7965528902051006,0.2034471097948995
0.9303676118168177,0.06963238818318251
0.7829661116447174,0.21703388835528256
0.9208915241589987,0.07910847584100145
0.96313970364561,0.036860296354390046
0.924681617869793,0.07531838213020696
0.8758139616671152,0.12418603833288488
0.9127237433873149,0.08727625661268522
0.9105413974491284,0.08945860255087172
0.8449378031325807,0.1550621968674194
0.8880004861772022,0.11199951382279794
0.8977158619018559,0.10228413809814405
0.9449909520170142,0.05500904798298585
0.9034827157625227,0.0965172842374772
0.8320510725812993,0.1679489274187005
0.9179334777312992,0.08206652226870072
0.8786763713789165,0.12132362862108352
0.9331211601452005,0.06687883985479928
0.7947831864924545,0.20521681350754545
0.8042905654189705,0.1957094345810295
0.8813181156746952,0.11868188432530478
0.8984331973591347,0.10156680264086525
0.9505243171011213,0.0494756828988788
0.8538566858544521,0.14614331414554793
0.8442058947339964,0.1557941052660036
0.9302098004302042,0.06979019956979576
0.9261448257089475,0.0738551742910526
0.8939151609383493,0.10608483906165078
0.8532408520517354,0.1467591479482647
0.7641504769534362,0.23584952304656387
0.9529017789048077,0.0470982210951922
0.8058454747791575,0.19415452522084253
0.8304694191947766,0.1695305808052235
0.7646281265845818,0.2353718734154183
0.7697363017755426,0.23026369822445739
0.877909476603871,0.12209052339612927
0.9545020013507397,0.045497998649260386
0.9357413927609324,0.06425860723906769
0.9329563187943334,0.06704368120566664
0.9189771786134154,0.08102282138658465
0.9037968483057823,0.09620315169421774
0.8003021261464371,0.1996978738535628
0.9365978189022445,0.06340218109775562
0.9459001276178247,0.05409987238217522
0.8635654929119048,0.1364345070880953
0.9302799513679448,0.06972004863205525
0.8346532737492361,0.1653467262507639
0.8763230558744816,0.1236769441255185
0.9283441937761184,0.07165580622388168
0.8181520261426118,0.18184797385738838
0.9363035681547625,0.06369643184523757
0.9453969270003384,0.05460307299966162
0.7800369406641506,0.21996305933584936
0.9002602296224012,0.09973977037759892
0.9366874954790229,0.063312504520977
0.8966424954087626,0.10335750459123735
0.8034896602784998,0.19651033972150037
0.8418702739748132,0.1581297260251867
0.7907649226823557,0.2092350773176444
0.9591216768774489,0.04087832312255113
0.9157587918564419,0.08424120814355802
0.7313900929202436,0.2686099070797564
0.9303242169083163,0.0696757830916837
0.9360577653815068,0.06394223461849324
0.8591824309760839,0.14081756902391604
0.9539773729900006,0.04602262700999934
0.9514545263174207,0.04854547368257938
0.7732453358868778,0.22675466411312217
0.9451019153283509,0.054898084671649305
0.8782414261392919,0.12175857386070824
0.883199302779092,0.1168006972209081
0.9084867103630944,0.09151328963690565
0.9489568750467865,0.05104312495321358
0.8888171682635176,0.11118283173648241
0.888634727140142,0.11136527285985799
0.7500338632133218,0.2499661367866782
0.8780943696478597,0.12190563035214035
0.8358374215265045,0.16416257847349547
0.8245400352963297,0.17545996470367028
0.817273169357204,0.18272683064279593
0.9356195083845259,0.06438049161547423
0.8985809423385956,0.10141905766140445
0.9178688602087594,0.08213113979124048
0.8296285967636432,0.1703714032363568
0.811719548429167,0.1882804515708331
0.8626951427843914,0.13730485721560873
0.9298400228464437,0.07015997715355617
0.799271366260252,0.2007286337397481
0.8189808647771213,0.18101913522287857
0.8363968102053556,0.16360318979464447
0.9230532635167201,0.07694673648327992
0.8019035833140814,0.1980964166859187
0.8347221497421082,0.16527785025789177
0.9275767751779688,0.07242322482203117
0.8195315663080801,0.18046843369191984
0.7664125936640774,0.2335874063359225
0.8474324491683988,0.1525675508316013
0.8155455492403622,0.18445445075963798
0.9157540319276167,0.08424596807238321
0.8880019811069493,0.1119980188930508
0.9770307594381159,0.022969240561884128
0.8850955411179589,0.1149044588820412
0.8879998998504031,0.11200010014959692
0.7830235017499195,0.2169764982500804
0.8317982904506336,0.16820170954936653
0.7945265642022543,0.20547343579774563
0.9510839965514336,0.048916003448566565
0.8789394315830105,0.1210605684169895
0.9647733231740916,0.0352266768259086
0.7520147513765214,0.24798524862347868
0.903252943608017,0.096747056391983
0.878078472609724,0.12192152739027606
0.7312048772354942,0.26879512276450607
0.7546410817936928,0.24535891820630734
0.9256491726120011,0.0743508273879989
0.9219407702383638,0.07805922976163614
0.929618188275783,0.07038181172421698
0.879735809120204,0.12026419087979585
0.8364497786456477,0.1635502213543522
0.8295116498178746,0.1704883501821254
0.8149628171532173,0.18503718284678283
0.842182798042267,0.1578172019577329
0.8087251259064362,0.19127487409356392
0.8982069872840479,0.10179301271595215
0.841773618619854,0.15822638138014603
0.8774123013555759,0.12258769864442415
0.9295825083870709,0.07041749161292912
0.914988623318614,0.08501137668138592
0.9080037847707769,0.09199621522922316
0.8656914490665886,0.13430855093341143
0.8827958962146234,0.11720410378537655
0.906092690232921,0.09390730976707885
0.9453348506968563,0.05466514930314358
0.9074845986047587,0.0925154013952413
0.831814394053855,0.1681856059461448
0.7935185744594012,0.20648142554059876
0.8277453723965108,0.17225462760348928
0.9171069494630925,0.08289305053690753
0.9258744685577381,0.07412553144226172
0.8689032705615015,0.13109672943849854
0.8880026980785148,0.11199730192148523
0.8509897163027428,0.14901028369725738
0.8895828848840771,0.110417115115923
0.7718135226349354,0.2281864773650646
0.8658338523418079,0.1341661476581921
0.9062067097374105,0.09379329026258952
0.9649449514477693,0.03505504855223061
0.7949856362888406,0.2050143637111595
0.8582898429439861,0.141710157056014
0.7316140140011088,0.26838598599889113
0.8659859164804087,0.13401408351959135
0.7799933693727715,0.22000663062722833
0.8355243605334446,0.1644756394665555
0.8944402709176669,0.10555972908233317
0.8344289839882866,0.16557101601171337
0.9313163442388207,0.06868365576117931
0.8266851686516848,0.17331483134831507
0.8880018980963873,0.11199810190361266
0.8852694951246864,0.1147305048753136
0.8905448518350473,0.10945514816495282
0.8190934041978525,0.1809065958021475
0.8880060319270475,0.11199396807295242
0.8565902134250631,0.1434097865749368
0.8633371555382778,0.13666284446172222
0.944479673584869,0.05552032641513114
0.9014628623474018,0.09853713765259826
0.8152982842594843,0.18470171574051586
0.823022269065006,0.17697773093499394
0.8652677186566828,0.1347322813433171
0.7960387644416996,0.20396123555830042
0.8566732323803641,0.14332676761963595
0.8817792086852192,0.1182207913147809
0.9248728015131527,0.07512719848684744
0.8847561049362659,0.11524389506373409
0.8097122061234996,0.19028779387650052
0.8667326560160045,0.1332673439839955
0.8606751651354887,0.13932483486451144
0.8647443564506735,0.13525564354932654
0.9276249826762983,0.07237501732370176
0.8869600694272796,0.11303993057272048
0.8993854175870722,0.10061458241292773
0.8880148721922438,0.11198512780775617
0.9349948696422832,0.06500513035771693
0.9247162534492485,0.07528374655075161
0.907730389627924,0.09226961037207611
0.7977221210068323,0.20227787899316776
0.9370967128277157,0.06290328717228427
0.7774011638326784,0.22259883616732168
0.8000860757368988,0.19991392426310112
0.8866185759166824,0.11338142408331758
0.6980626213371911,0.3019373786628091
0.8756184007911357,0.12438159920886435
0.762666262595647,0.23733373740435312
0.889547345815136,0.11045265418486416
0.9253890651214632,0.07461093487853682
0.8729594939964801,0.12704050600351977
0.7265563475797407,0.2734436524202592
0.8431226505237022,0.15687734947629783
0.8635091033526556,0.13649089664734426
0.7598118653151474,0.24018813468485264
0.8345361667170516,0.16546383328294867
0.7844010720887902,0.2155989279112099
0.8219932091061183,0.17800679089388163
0.8428471758880911,0.15715282411190884
0.8654197639683863,0.13458023603161384
0.898289612193269,0.1017103878067311
0.8881470901614227,0.11185290983857736
0.8192200829934474,0.18077991700655274
0.8595036010516452,0.1404963989483548
0.8675399027132406,0.1324600972867596
0.8714411601270121,0.1285588398729881
0.921152424663881,0.07884757533611898
0.8140000609326382,0.1859999390673618
0.818633257930599,0.1813667420694009
0.9260150813454465,0.07398491865455353
0.9254113744708202,0.07458862552917964
0.8142769148520629,0.18572308514793703
0.8337841919936009,0.16621580800639926
0.8386631718393674,0.1613368281606325
0.8046087719493734,0.19539122805062667
0.8115268786792036,0.1884731213207965
0.8419274462556672,0.15807255374433277
0.8476627894579927,0.15233721054200747
0.843727389594944,0.15627261040505602
0.9099908033840217,0.09000919661597834
0.8673628741053273,0.13263712589467275
0.8570386522230715,0.14296134777692862
0.7720349354322283,0.22796506456777177
0.8379964690202063,0.16200353097979367
0.9452984620827043,0.054701537917295755
0.7935434641342436,0.20645653586575644
0.8217110998448817,0.1782889001551183
0.8583910958590535,0.14160890414094646
0.8168593610245097,0.18314063897549038
0.8761654316714214,0.12383456832857868
0.8761537319132774,0.1238462680867226
0.9251720931290035,0.07482790687099658
0.9005331898639841,0.099466810136016
0.9604432848305625,0.039556715169437526
0.8845374190247918,0.11546258097520833
0.7356090377993131,0.2643909622006868
0.8317975685485701,0.1682024314514301
0.965005792147351,0.03499420785264895
0.9097335668685524,0.09026643313144754
0.847532054088222,0.15246794591177817
0.9217965593311203,0.07820344066887976
0.9218071022703438,0.07819289772965622
0.8721174361926767,0.12788256380732343
0.8527202037183695,0.1472797962816303
0.8524177048563516,0.14758229514364848
0.8265417001825415,0.17345829981745864
0.8158403477800684,0.1841596522199314
0.7286540639353756,0.27134593606462437
0.816568198871838,0.18343180112816207
0.8425166667708172,0.15748333322918293
0.7748530028884538,0.22514699711154637
0.756240555809685,0.24375944419031492
0.8752163285388439,0.12478367146115615
0.7685168268914336,0.23148317310856645
0.7718014532501742,0.22819854674982581
0.8979936313240795,0.10200636867592053
0.9340017073369112,0.06599829266308878
0.8349855959169521,0.16501440408304788
0.9373341366701493,0.06266586332985064
0.8372206772627052,0.16277932273729487
0.8436211292663579,0.15637887073364204
0.8384240056878172,0.16157599431218297
0.9639505349143734,0.036049465085626696
0.8734426366862715,0.12655736331372844
0.820372782404087,0.17962721759591307
0.7383815120314828,0.26161848796851717
0.8093891306283997,0.19061086937160027
0.7468561879293075,0.25314381207069253
0.8169740488688602,0.18302595113113984
0.934193955297427,0.06580604470257312
0.9054670145354536,0.09453298546454644
0.9373446780409234,0.06265532195907672
0.9259441577856009,0.07405584221439934
0.8880109458738502,0.11198905412614965
0.7978531550326182,0.20214684496738175
0.7900917086240201,0.20990829137597983
0.949696340448156,0.05030365955184399
0.9079550071121316,0.09204499288786841
0.9229442838777876,0.07705571612221253
0.8235188370791504,0.17648116292084962
0.8967029851241576,0.10329701487584254
0.8780223614175352,0.12197763858246484
0.8963764849944534,0.10362351500554666
0.8332541039108523,0.1667458960891477
0.9204905905725133,0.07950940942748669
0.8743523406004575,0.12564765939954253
0.8259914301716115,0.17400856982838858
0.8546263118916829,0.14537368810831694
0.7715376575492491,0.228462342450751
0.7864041360165507,0.21359586398344918
0.8879445866347795,0.11205541336522051
0.8700571352766756,0.1299428647233244
0.8665816920368797,0.13341830796312037
0.843612100119285,0.15638789988071497
0.816301700237438,0.1836982997625621
0.8708340409928647,0.12916595900713546
0.899240523258002,0.10075947674199806
0.827692496146364,0.1723075038536359
0.738014697509556,0.26198530249044405
0.946439104662279,0.053560895337720925
0.888041992549868,0.111958007450132
0.8778998143341992,0.12210018566580083
0.8561167646545232,0.14388323534547676
0.7719671099260912,0.22803289007390892
0.9208874261130767,0.0791125738869234
0.8281830039809119,0.17181699601908806
0.8983196910516793,0.10168030894832067
0.9148976784624856,0.08510232153751447
0.888029316950819,0.11197068304918083
0.8185509235417717,0.1814490764582283
0.874864308501286,0.12513569149871412
0.777610140398298,0.22238985960170188
0.8756708655600945,0.12432913443990538
0.9197373129330367,0.08026268706696332
0.8263342204570953,0.1736657795429046
0.9134681613847845,0.08653183861521561
0.9165474740407121,0.08345252595928787
0.8135845623149233,0.18641543768507682
0.7713035050170192,0.2286964949829811
0.9354926473940092,0.06450735260599072
0.8529468909312645,0.14705310906873545
0.812414849498186,0.18758515050181393
0.8627963098334925,0.13720369016650752
0.8618828542978466,0.1381171457021534
0.8666024023853841,0.1333975976146159
0.7391623889519495,0.26083761104805053
0.9700777805067551,0.029922219493244976
0.8274072403331337,0.17259275966686627
0.8786707058291346,0.12132929417086546
0.8746053949806523,0.12539460501934777
0.941763260590978,0.05823673940902194
0.9484204347561166,0.051579565243883456
0.9506884908020737,0.04931150919792636
0.9377149076567648,0.06228509234323524
0.7503619287644439,0.24963807123555617
0.7922758224931755,0.20772417750682443
0.8409354466808193,0.15906455331918076
0.9470570737516529,0.05294292624834692
0.9086784560105224,0.09132154398947756
0.8360257575613737,0.1639742424386265
0.8349283519548717,0.16507164804512828
0.7831572221947721,0.21684277780522798
0.76851756175805,0.23148243824195003
0.8579284512727849,0.1420715487272149
0.8090681270281688,0.19093187297183126
0.8378278352745087,0.1621721647254914
0.8224116003171703,0.17758839968282966
0.7943672038593912,0.20563279614060892
0.9464886930548393,0.05351130694516072
0.7466285119381351,0.25337148806186494
0.9008046343606311,0.09919536563936898
