CT-11,CT-3
0.80597503045742,0.19402496954257997
0.8042276913045051,0.19577230869549483
0.8565738138373362,0.14342618616266375
0.8136387187958085,0.18636128120419143
0.7787084595963955,0.22129154040360427
0.9506985123581392,0.04930148764186078
0.8472631253013322,0.15273687469866784
0.8679947984275558,0.1320052015724442
0.8565744826801429,0.1434255173198571
0.8641887167630717,0.1358112832369285
0.8478320670573491,0.1521679329426508
0.8261371037515528,0.1738628962484471
0.8095285329453182,0.19047146705468174
0.7989713817568903,0.20102861824310966
0.9224824430768082,0.0775175569231919
0.8570940278045992,0.14290597219540077
0.817035643735084,0.18296435626491606
0.8520407917930826,0.1479592082069174
0.7816858145394767,0.21831418546052334
0.8294059671670869,0.17059403283291305
0.8092260748964403,0.1907739251035597
0.8518181259653059,0.14818187403469404
0.8064559138795506,0.19354408612044952
0.8226500585128484,0.17734994148715152
0.8608354980079941,0.13916450199200586
0.7950616934498708,0.20493830655012932
0.8066205000375728,0.19337949996242718
0.7962098196502627,0.20379018034973714
0.7963126074694328,0.2036873925305673
0.921732311528744,0.07826768847125616
0.7959006285833518,0.20409937141664825
0.861304292032944,0.13869570796705596
0.8191730583261678,0.18082694167383223
0.8004787176572244,0.19952128234277552
0.8431873333494743,0.1568126666505258
0.8085005320523591,0.19149946794764106
0.8126346470258041,0.1873653529741958
0.822617547168624,0.177382452831376
0.8565750406204835,0.14342495937951652
0.8565684183926439,0.14343158160735625
0.7312759360615027,0.26872406393849735
0.837432537399721,0.16256746260027916
0.8610583823081532,0.13894161769184685
0.8701807849860294,0.1298192150139709
0.8755225321442109,0.12447746785578917
0.8280212966033994,0.17197870339660054
0.8261643503602738,0.17383564963972634
0.8433956174383714,0.1566043825616286
0.8176382115035901,0.18236178849640985
0.8434537902847627,0.15654620971523725
0.9443888443267109,0.05561115567328908
0.7337697862287467,0.26623021377125355
0.8500314282020364,0.1499685717979636
0.7931237268335636,0.20687627316643636
0.779901176248219,0.2200988237517808
0.7491136722329839,0.25088632776701614
0.7916836563897126,0.20831634361028736
0.9050431139767168,0.09495688602328317
0.8705088861670622,0.12949111383293768
0.7771888671187516,0.2228111328812484
0.9180495564062018,0.08195044359379823
0.87876664339148,0.12123335660852001
0.8214503543220388,0.178549645677961
0.8542992155043697,0.14570078449563037
0.8613323898043937,0.1386676101956061
0.7877626192980887,0.2122373807019113
0.7759101477496507,0.22408985225034928
0.9443981181673515,0.055601881832648574
0.8649520276074106,0.13504797239258937
0.8326466028261537,0.16735339717384634
0.7884776410302156,0.21152235896978452
0.7783593851992631,0.22164061480073693
0.8102721381303406,0.18972786186965934
0.8045165993120913,0.1954834006879088
0.7700830446653443,0.2299169553346558
0.8922532734798307,0.10774672652016928
0.7953899606801249,0.20461003931987515
0.8518152479332218,0.14818475206677828
0.8612796601933335,0.1387203398066666
0.8215760161117712,0.17842398388822872
0.777846128638543,0.22215387136145703
0.856518873248313,0.14348112675168684
0.8472120688073171,0.15278793119268289
0.8900707879297873,0.10992921207021267
0.8390943347404554,0.16090566525954456
0.8194214806078766,0.18057851939212338
0.7896732168993401,0.21032678310065997
0.8987309954435143,0.10126900455648577
0.7958319694533713,0.20416803054662863
0.8344972956524863,0.16550270434751374
0.891854553064237,0.10814544693576296
0.8428622333546749,0.157137766645325
0.8089862722915879,0.1910137277084121
0.7731128704040309,0.22688712959596913
0.9113544733220509,0.08864552667794916
0.851707144029017,0.1482928559709829
0.8308761882122647,0.16912381178773514
0.8334589684152128,0.16654103158478717
0.7980763920126037,0.20192360798739642
0.8183059853371027,0.18169401466289734
0.8291477203912396,0.17085227960876018
0.826137088208201,0.173862911791799
0.8482012220715919,0.1517987779284083
0.7889539378536841,0.21104606214631594
0.8283406884172467,0.17165931158275327
0.8079095927764922,0.1920904072235079
0.9429590934673003,0.05704090653269958
0.7500519445345,0.2499480554655001
0.7469938557499594,0.2530061442500406
0.8295538250371894,0.1704461749628105
0.8198193954590292,0.1801806045409709
0.8220316883022046,0.17796831169779534
0.8053052603915445,0.19469473960845546
0.8289422994536053,0.17105770054639466
0.7806228242793476,0.2193771757206524
0.8186077490893472,0.18139225091065284
0.8565736650366955,0.14342633496330437
0.8517572135238362,0.14824278647616393
0.8480149190678298,0.15198508093217028
0.8210354676177564,0.1789645323822439
0.8084550787938376,0.19154492120616248
0.7609157153085839,0.239084284691416
0.8324779726548273,0.16752202734517269
0.7747079838072662,0.22529201619273398
0.8426800593096397,0.1573199406903603
0.8772608133653259,0.12273918663467422
0.8386102530003121,0.16138974699968778
0.7892351335287369,0.21076486647126316
0.7859545211123968,0.21404547888760322
0.7806170792549579,0.21938292074504206
0.8518937892502061,0.14810621074979397
0.8660951097186887,0.13390489028131122
0.8984519043884276,0.1015480956115725
0.882247202126118,0.11775279787388201
0.8438516417655925,0.1561483582344076
0.8565750251392396,0.14342497486076042
0.8517063932556987,0.14829360674430134
0.8565755250371169,0.1434244749628831
0.8362815539076871,0.16371844609231273
0.8201235610831066,0.17987643891689353
0.805494649866546,0.19450535013345416
0.8147005995849258,0.18529940041507398
0.8840582515769544,0.11594174842304573
0.827325448829099,0.17267455117090097
0.8518165852473895,0.14818341475261054
0.8187851192387774,0.18121488076122277
0.9060013184306118,0.09399868156938816
0.8177847143124848,0.18221528568751527
0.7862872374439562,0.21371276255604382
0.7508902658807246,0.2491097341192754
0.8025812633291156,0.1974187366708844
0.7626813358189378,0.23731866418106212
0.7483776904172167,0.25162230958278337
0.8218588354342384,0.17814116456576157
0.8042583161017085,0.19574168389829155
0.7513521897630092,0.24864781023699084
0.7719838353746624,0.2280161646253376
0.8504098737083546,0.1495901262916454
0.8513814307699789,0.14861856923002117
0.7958995998402997,0.20410040015970032
0.8592414386287973,0.1407585613712027
0.9031285940667897,0.09687140593321039
0.8565962084562686,0.14340379154373148
0.7716778532287611,0.22832214677123872
0.9016091224940413,0.0983908775059586
0.8348331622623056,0.16516683773769444
0.792118577578181,0.20788142242181887
0.7623112014050923,0.23768879859490744
0.8645283245799844,0.13547167542001554
0.8216127863920499,0.17838721360794998
0.8390235725881786,0.16097642741182136
0.7536521349760469,0.24634786502395306
0.8433961801543183,0.1566038198456817
0.8106697513838188,0.18933024861618133
0.7935902909912401,0.20640970900875996
0.8276902429646189,0.17230975703538123
0.7980768833808287,0.20192311661917137
0.8411931728406522,0.15880682715934763
0.7295544087157055,0.27044559128429446
0.8468446971182817,0.1531553028817183
0.8317155206440718,0.16828447935592827
0.7192190138656749,0.28078098613432506
0.8150752931395913,0.18492470686040877
0.8738156319647044,0.12618436803529562
0.9212359715637117,0.07876402843628831
0.7940283558324693,0.20597164416753078
0.8873168017290675,0.11268319827093251
0.8133122986544667,0.18668770134553334
0.8733344834016212,0.1266655165983787
0.8249178051418219,0.17508219485817827
0.7639733011266993,0.23602669887330066
0.8307454830530091,0.1692545169469909
0.9153101609404652,0.08468983905953477
0.9113999595237776,0.08860004047622246
0.8084554025322022,0.19154459746779787
0.8747986383766273,0.12520136162337261
0.8156091508485246,0.18439084915147538
0.89464362095821,0.10535637904178995
0.8195336226304824,0.18046637736951762
0.8252366837153984,0.17476331628460162
0.8049092614922294,0.19509073850777056
0.7669889166970977,0.23301108330290235
0.810833876014075,0.1891661239859252
0.8290189948153719,0.17098100518462808
0.8064816021329947,0.19351839786700528
0.8061066900078205,0.19389330999217946
0.9144179510928007,0.08558204890719939
0.8017266364323957,0.19827336356760425
0.8006187821341156,0.19938121786588434
0.8347219396414819,0.16527806035851828
0.7570719437106188,0.24292805628938127
0.8077662702895918,0.19223372971040817
0.8565723455552974,0.1434276544447025
0.8565735416110856,0.1434264583889145
0.8476432471591583,0.15235675284084169
0.8467839448473342,0.15321605515266576
0.8075766558793521,0.19242334412064796
0.8518929401668198,0.1481070598331801
0.7779551845986397,0.22204481540136034
0.9122419242210078,0.0877580757789921
0.8355793202310743,0.16442067976892571
0.8013480766324037,0.19865192336759618
0.8147432087585788,0.1852567912414213
0.8468962098956235,0.1531037901043765
0.7960802660855517,0.20391973391444831
0.7526329096903928,0.2473670903096074
0.7941145876574003,0.2058854123425998
0.7808050268300463,0.2191949731699537
0.8830657804295066,0.11693421957049355
0.8463885976739058,0.15361140232609416
0.7575434279349312,0.2424565720650687
0.8247452863641309,0.17525471363586906
0.8461975223633347,0.15380247763666513
0.7786999807485131,0.22130001925148687
0.7837990815168479,0.21620091848315204
0.8936190998195289,0.10638090018047117
0.7384737965185374,0.2615262034814626
0.8377467333642116,0.1622532666357883
0.7516077511141581,0.24839224888584188
0.8678610436360619,0.13213895636393827
0.7915197808711162,0.20848021912888384
0.8402120772556687,0.15978792274433132
0.7650945357642204,0.23490546423577957
0.8178345066614627,0.1821654933385372
0.8087448632062777,0.19125513679372233
0.893614458855458,0.10638554114454202
0.8854469295418889,0.11455307045811108
0.7916835367901337,0.20831646320986627
0.804396631932691,0.19560336806730927
0.8180278341822422,0.18197216581775771
0.791318416121437,0.20868158387856275
0.7977899484904813,0.20221005150951862
0.9071513493783776,0.0928486506216223
0.8368165636381716,0.16318343636182828
0.7421150739811001,0.25788492601890006
0.7893756637040166,0.21062433629598332
0.8655705795288735,0.13442942047112644
0.8096227577108575,0.19037724228914246
0.825981939968213,0.17401806003178702
0.864676719920023,0.13532328007997702
0.8004297811799492,0.19957021882005077
0.8626341241502749,0.13736587584972504
0.9021959583423509,0.09780404165764905
0.7775139692150069,0.2224860307849935
0.7692532194547225,0.23074678054527722
0.7577186801749418,0.24228131982505827
0.852135017295007,0.14786498270499307
0.7443219424958728,0.2556780575041272
0.8379525098339399,0.16204749016606013
0.8281788040162315,0.1718211959837685
0.8693917561302469,0.13060824386975312
0.768725941405209,0.2312740585947911
0.8379774727775605,0.16202252722243954
0.8269485623297917,0.17305143767020828
0.8135754193423217,0.1864245806576783
0.8517343362812749,0.14826566371872513
0.7960448532726738,0.20395514672732631
0.8352812109178525,0.16471878908214765
0.8089862683223972,0.19101373167760277
0.7852955506207422,0.21470444937925798
0.8187139853475115,0.18128601465248845
0.9217716942053201,0.07822830579468006
0.8210106909580331,0.17898930904196694
0.8045208142520928,0.19547918574790718
0.7843905298090389,0.2156094701909612
0.8384458831966958,0.16155411680330434
0.8522283822045196,0.1477716177954804
0.8043581457135802,0.1956418542864199
0.8360789586908084,0.16392104130919172
0.8645880424028579,0.13541195759714203
0.9203103645454094,0.07968963545459061
0.8003339497954626,0.19966605020453745
0.9092496255151937,0.09075037448480619
0.8228925209895662,0.17710747901043367
0.8337316997254162,0.16626830027458372
0.90117114555427,0.09882885444572992
0.8266940660364518,0.17330593396354826
0.8618195205557861,0.1381804794442138
0.8610065527726692,0.13899344722733067
0.8479214387341215,0.15207856126587854
0.8286419077687409,0.17135809223125903
0.8065582518476584,0.19344174815234177
0.8661445535420691,0.13385544645793096
0.8515049508107979,0.1484950491892021
0.8392691680490066,0.1607308319509933
0.8632777893481323,0.13672221065186776
0.8557412729299304,0.14425872707006976
0.8699569119829061,0.13004308801709386
0.826290454504892,0.17370954549510811
0.8565767939078164,0.1434232060921837
0.7640723438212134,0.23592765617878658
0.8218179982622874,0.1781820017377127
0.8837114983335854,0.11628850166641444
0.7870525519440383,0.21294744805596177
0.7666333515253089,0.23336664847469124
0.8735075699122798,0.12649243008772007
0.8140631218046448,0.1859368781953552
0.825881590046046,0.17411840995395403
0.8922642709319524,0.10773572906804761
0.8257042787422338,0.17429572125776624
0.8612800897642552,0.1387199102357448
0.8423344985209489,0.1576655014790513
0.7995932610872387,0.2004067389127613
0.7852574426591429,0.214742557340857
0.8041571781158087,0.19584282188419128
0.691597832779883,0.308402167220117
0.789947991134301,0.21005200886569902
0.8565772862439877,0.1434227137560124
0.8480097258434844,0.15199027415651564
0.824010549955847,0.17598945004415295
0.8935874108037738,0.10641258919622604
0.7408289254255204,0.2591710745744795
0.8108343892315464,0.18916561076845365
0.7423741921430335,0.2576258078569666
0.8565741170281884,0.14342588297181164
0.8354762845096407,0.16452371549035918
0.8414419888589876,0.15855801114101253
0.8333570042735265,0.16664299572647326
0.8184590351109922,0.1815409648890079
0.851758965246855,0.14824103475314496
0.8325296736440034,0.1674703263559965
0.7929667586321408,0.2070332413678593
0.7426448948143394,0.2573551051856605
0.8472121997514275,0.1527878002485726
0.7884394784197876,0.2115605215802125
0.9086095527231768,0.09139044727682327
0.7540262619198626,0.24597373808013748
0.8613863208203761,0.1386136791796238
0.7920245059110266,0.20797549408897334
0.7946324831453504,0.20536751685464963
0.8308767782504959,0.16912322174950423
0.8088665956557013,0.1911334043442988
0.8076485008825451,0.19235149911745483
0.8241628260953042,0.1758371739046957
0.8134847049355467,0.18651529506445338
0.7845527444709804,0.21544725552901967
0.8670441365526481,0.1329558634473519
0.838151897083784,0.16184810291621615
0.772677910849244,0.22732208915075616
0.8481387894188122,0.15186121058118796
0.8565092486496242,0.1434907513503758
0.9028488636064741,0.09715113639352589
0.8848155357451144,0.11518446425488567
0.7850573120847553,0.21494268791524468
0.7975197726288965,0.2024802273711034
0.8242231820155947,0.17577681798440536
0.8323917043561819,0.1676082956438181
0.8061052697717807,0.1938947302282194
0.8467567928998293,0.15324320710017061
0.8303519600456788,0.16964803995432132
0.8565736991273879,0.14342630087261216
0.7883040615106336,0.2116959384893665
0.7928186829312506,0.2071813170687495
0.9082441070130165,0.09175589298698351
0.7671437364783815,0.2328562635216185
0.8435953566651897,0.1564046433348103
0.8288245300465469,0.17117546995345312
0.7851531274219273,0.21484687257807292
0.8740915442717643,0.12590845572823578
0.8660451379004946,0.13395486209950538
0.851877679622887,0.14812232037711287
0.862751039961324,0.13724896003867598
0.8709369891654809,0.12906301083451927
0.8186259539325058,0.18137404606749427
0.8656698550799818,0.13433014492001816
0.8737050429080753,0.12629495709192465
0.8517443680516813,0.1482556319483187
0.7947472428263651,0.20525275717363498
0.8037027239984055,0.19629727600159483
0.8143764172936044,0.18562358270639562
0.8375465647862727,0.16245343521372743
0.7872486480349634,0.21275135196503678
0.8315277133741117,0.1684722866258882
0.7933368032218351,0.20666319677816478
0.8070954311185842,0.19290456888141577
0.7845529728651045,0.21544702713489555
0.7923388920767253,0.20766110792327477
0.9213146627548238,0.0786853372451762
0.808963860213519,0.1910361397864811
0.834483289399356,0.16551671060064427
0.7081646401322587,0.2918353598677414
0.8299442838124128,0.17005571618758727
0.7713383701888404,0.22866162981115956
0.8521809486744849,0.14781905132551532
0.808254206110156,0.19174579388984403
0.8126615363508488,0.18733846364915144
0.8360577853653707,0.16394221463462932
0.8313804486173443,0.16861955138265566
0.822712351680508,0.17728764831949193
0.8306161134785939,0.16938388652140615
0.8537012256643419,0.14629877433565808
0.8095265741120664,0.1904734258879336
0.8554324719591156,0.14456752804088444
0.8178342593277386,0.18216574067226143
0.7656835641312376,0.23431643586876236
0.8292365402870149,0.17076345971298515
0.8350515591360639,0.1649484408639359
0.8711739237265824,0.1288260762734176
0.867150353640573,0.13284964635942703
0.759398319876448,0.24060168012355201
0.8284902712236174,0.1715097287763827
0.8968984563869373,0.10310154361306255
0.8286444930911903,0.17135550690880974
0.8138419775057796,0.18615802249422037
0.9112010756707218,0.08879892432927824
0.8139584675065393,0.18604153249346075
0.8234438225104008,0.17655617748959906
0.8517360886815672,0.14826391131843272
0.8091677481849198,0.19083225181508032
0.7800734295163836,0.2199265704836164
0.8301859148944499,0.16981408510555002
0.7874934168726762,0.2125065831273238
0.8682205893834041,0.13177941061659604
0.8836588578768467,0.11634114212315334
0.8663623862788424,0.1336376137211576
0.8236466494076315,0.1763533505923683
0.7990361198375452,0.20096388016245484
0.818291328352986,0.1817086716470141
0.7260956686908724,0.2739043313091278
0.8095097265137212,0.19049027348627895
0.8191772577567226,0.1808227422432772
0.7846853326616137,0.21531466733838642
0.9085254019986125,0.09147459800138732
0.8230828994474293,0.17691710055257076
0.8565726751295597,0.14342732487044027
0.8051651712544339,0.19483482874556615
0.8519930893048758,0.14800691069512417
0.8251105781984579,0.17488942180154204
0.7650950620506259,0.23490493794937417
0.7941698490081747,0.20583015099182542
0.7499552375992377,0.2500447624007624
0.8598960474601258,0.14010395253987423
0.8003339875657467,0.19966601243425336
0.8332893371683763,0.1667106628316237
0.8236286654540517,0.17637133454594836
0.8434215607432635,0.15657843925673653
0.8085006661724895,0.1914993338275106
0.8816119910335478,0.11838800896645225
0.9203398663866672,0.07966013361333274
0.7875542076584859,0.212445792341514
0.8662506123898459,0.1337493876101541
0.8325129004545707,0.1674870995454292
0.7914015734908354,0.20859842650916474
0.7925526126356176,0.20744738736438237
0.8405026015463859,0.15949739845361421
0.8613590127704734,0.13864098722952656
0.8395278671061074,0.1604721328938927
0.7396655766225853,0.2603344233774148
0.8097243353884539,0.19027566461154605
0.889669686926976,0.11033031307302389
0.8329114312234114,0.16708856877658854
0.7720655581579695,0.2279344418420306
0.8325775274463116,0.16742247255368833
0.8918162193471901,0.10818378065280987
0.8300943884290516,0.1699056115709483
0.7581023553521736,0.2418976446478266
0.8610054747212817,0.13899452527871825
0.8349415370050371,0.16505846299496285
0.8379539030384621,0.16204609696153788
0.8978299399577833,0.10217006004221682
0.8823741236668102,0.11762587633318972
0.7791146271215025,0.22088537287849752
0.8351590953113618,0.16484090468863816
0.9166994049439957,0.08330059505600426
0.7852411730933827,0.21475882690661735
0.930565656658212,0.06943434334178787
0.8244505175264705,0.17554948247352944
0.8468406867825488,0.15315931321745135
0.793898193954088,0.20610180604591188
0.8415487671787584,0.15845123282124154
0.8560712786685304,0.14392872133146956
0.7867442040580533,0.2132557959419466
0.8673740560479146,0.13262594395208535
0.957629657681739,0.042370342318260944
0.8880480467468442,0.1119519532531558
0.7828854903515774,0.21711450964842263
0.805299215519797,0.19470078448020292
0.8188604781733686,0.18113952182663146
0.8470018349056396,0.1529981650943604
0.8576305858891842,0.14236941411081577
0.8089863067557351,0.19101369324426493
0.7920079904761804,0.20799200952381966
0.7632641505518906,0.23673584944810958
0.8326466995714459,0.16735330042855406
0.8196512606600155,0.18034873933998471
0.8466749043169004,0.15332509568309968
0.8891601308304021,0.11083986916959783
0.7826562942130889,0.21734370578691115
0.842758753509989,0.15724124649001117
0.763291821409922,0.23670817859007803
0.8522033241488245,0.1477966758511755
0.8519176581803088,0.14808234181969127
0.7997116076586217,0.20028839234137827
0.8185039307375993,0.18149606926240075
0.8427582967042311,0.1572417032957688
0.8089862745684173,0.19101372543158282
0.7979652042277998,0.2020347957722003
0.8806777567186028,0.11932224328139712
0.8017191909469487,0.1982808090530513
0.7752351609904453,0.22476483900955482
0.7717644414109428,0.22823555858905725
0.8789149292816926,0.12108507071830753
0.7988682552179647,0.2011317447820353
0.8304909538632173,0.16950904613678278
0.8651862871360874,0.13481371286391286
0.8650964121330009,0.13490358786699913
0.826614840072695,0.17338515992730497
0.8210778352580774,0.17892216474192263
0.808050728909287,0.19194927109071297
0.7609536984395463,0.23904630156045367
0.8212226606641078,0.17877733933589215
0.8059164073599365,0.19408359264006356
0.7880486480765194,0.2119513519234806
0.7860044590072077,0.21399554099279214
0.8610417966578154,0.13895820334218464
0.8155679662771318,0.18443203372286826
0.8648574942153688,0.13514250578463122
0.8022743193251989,0.1977256806748011
0.7940428898326403,0.20595711016735996
0.8310049220456319,0.1689950779543682
0.8521351612678073,0.14786483873219275
0.7661802793747235,0.23381972062527637
0.8658867730314366,0.13411322696856354
0.8854091825021192,0.114590817497881
0.8113676888252441,0.18863231117475587
0.8280213974585257,0.17197860254147432
0.774534893942919,0.225465106057081
0.8708498999399571,0.12915010006004302
0.7764028348377653,0.22359716516223485
0.8166287084316349,0.18337129156836507
0.8698155549040103,0.13018444509598978
0.9076847389348012,0.09231526106519886
0.8227242386944692,0.17727576130553083
0.8537317157481012,0.14626828425189875
0.8805754717762806,0.11942452822371923
0.9188302725052172,0.0811697274947828
0.8222483621345668,0.1777516378654331
0.8274365074211507,0.1725634925788493
0.7859332178928639,0.21406678210713612
0.8187636171560969,0.1812363828439031
0.7652969750138172,0.23470302498618276
0.8230784565632053,0.17692154343679475
0.8133257543757246,0.18667424562427531
0.818027962595763,0.18197203740423698
0.7871897057099417,0.21281029429005827
0.8047803197367975,0.19521968026320244
0.8191304557092988,0.18086954429070123
0.876684347016653,0.12331565298334696
0.8166298386590821,0.183370161340918
0.8565803878805982,0.14341961211940182
0.9225161159081636,0.07748388409183647
0.7837648412163242,0.2162351587836758
0.8546703512536978,0.14532964874630205
0.8051284086282727,0.19487159137172727
0.9734819744928158,0.02651802550718416
0.7985011929037499,0.2014988070962503
0.7817321146199161,0.21826788538008393
0.8659351618732855,0.1340648381267145
0.8264430307502939,0.17355696924970607
0.8964624588014614,0.10353754119853867
0.7929713841179085,0.20702861588209137
0.8962865224414517,0.1037134775585483
0.8344969798296125,0.16550302017038748
0.8424539579011143,0.15754604209888562
0.8086321665361532,0.19136783346384667
0.8889576563481089,0.11104234365189111
0.8796380706751842,0.12036192932481582
0.8263963274694068,0.17360367253059317
0.8565702105593205,0.1434297894406795
0.8033152364654114,0.1966847635345887
0.7856654002147309,0.21433459978526925
0.7929982325175756,0.20700176748242435
0.7804414010133185,0.2195585989866815
0.9028742996780407,0.0971257003219593
0.9287414868875815,0.07125851311241845
0.7409162764172309,0.2590837235827691
0.8522006615888212,0.14779933841117884
0.8332871233258401,0.16671287667415982
0.8138932404829964,0.1861067595170035
0.8305168651404669,0.16948313485953306
0.937900402686802,0.06209959731319801
0.8130642538147183,0.18693574618528178
0.7791134405822294,0.22088655941777047
0.8334695058867994,0.16653049411320064
0.8327976750553007,0.1672023249446994
0.7384713029328455,0.26152869706715476
0.8613061576685436,0.1386938423314564
0.8135298063687577,0.1864701936312423
0.7429986354882833,0.2570013645117168
0.7975683742092436,0.20243162579075635
0.8791163217734518,0.12088367822654798
0.7567795447974178,0.24322045520258223
0.9516544040292688,0.04834559597073123
0.7943147889621762,0.2056852110378237
0.8110094012742202,0.18899059872577986
0.8235680927527983,0.17643190724720154
0.8518148312043994,0.14818516879560056
0.8264443148623312,0.17355568513766875
0.8786529060482141,0.12134709395178582
0.7997620942922601,0.20023790570773997
0.8277087707822096,0.1722912292177904
0.734054619332423,0.2659453806675769
0.7814412976505489,0.21855870234945113
0.875739738082127,0.12426026191787307
0.8437251152548344,0.15627488474516552
0.7814053102668606,0.21859468973313936
0.7755300523968244,0.22446994760317568
0.8768294667147225,0.1231705332852776
0.8849430499968151,0.11505695000318492
0.9001272350506848,0.09987276494931518
0.7859378544945873,0.21406214550541258
0.8543025044093754,0.14569749559062456
0.8149023817160955,0.18509761828390459
0.8801059900300314,0.11989400996996856
0.8180757960400508,0.18192420395994935
0.8038541592964885,0.1961458407035114
0.774563502344803,0.22543649765519702
0.8283368022174635,0.17166319778253653
0.8178342189411398,0.1821657810588602
0.8376945667739812,0.1623054332260188
0.8320634842629373,0.16793651573706272
0.8270364290737433,0.1729635709262567
0.7463257199644302,0.2536742800355698
0.800710007605877,0.19928999239412312
0.8436654654821372,0.15633453451786275
0.8521590569222373,0.1478409430777628
0.8535042785309105,0.14649572146908954
0.8176388765363254,0.1823611234636746
0.8001963401191848,0.19980365988081505
0.7848404967438104,0.2151595032561896
0.7901870823021374,0.20981291769786262
0.7808702906144417,0.21912970938555826
0.9090844270831604,0.09091557291683972
0.8663632039647428,0.1336367960352574
0.8024560113154333,0.19754398868456685
0.8398209950494481,0.16017900495055196
0.8400774816270882,0.15992251837291185
0.839358789454227,0.160641210545773
0.871426277513433,0.128573722486567
0.829530237336653,0.17046976266334693
0.8056874335788268,0.1943125664211733
0.8297649861324243,0.17023501386757575
0.8745821252282607,0.1254178747717393
0.7870194590691977,0.21298054093080235
0.8053678219814986,0.19463217801850147
0.8660911431532612,0.13390885684673884
0.8986140914654971,0.10138590853450283
0.7817259221416957,0.21827407785830438
0.9083207599233384,0.09167924007666167
0.7905055438432432,0.2094944561567567
0.9375095338587475,0.06249046614125249
0.8805006003177248,0.11949939968227515
0.851761575294286,0.14823842470571394
0.8565736611649378,0.14342633883506214
0.8343825681994346,0.1656174318005654
0.7710124399194379,0.2289875600805621
0.8674337872242696,0.13256621277573047
0.883694213668117,0.11630578633188303
0.883481674808669,0.11651832519133104
0.8214321939796222,0.17856780602037767
0.8282890481647581,0.17171095183524196
0.8225666272664132,0.17743337273358684
0.8480160810288843,0.15198391897111566
0.905783482717009,0.09421651728299091
0.8908449825637578,0.10915501743624233
0.837212694170026,0.16278730582997417
0.7789746651309085,0.22102533486909137
0.8468057296514767,0.15319427034852323
0.8477350023465066,0.15226499765349347
0.8064523187663918,0.19354768123360822
0.784137952709008,0.21586204729099193
0.7957865189293054,0.20421348107069456
0.8135319336932019,0.18646806630679824
0.8520890487931059,0.14791095120689415
0.7963301725267705,0.20366982747322945
0.8100248751952118,0.18997512480478826
0.7859769712356698,0.21402302876433021
0.875189644149999,0.12481035585000091
0.7964370291635353,0.20356297083646477
0.7824556355125215,0.21754436448747844
0.8425722584058845,0.15742774159411566
0.8581122167458538,0.14188778325414622
0.7714075924360762,0.228592407563924
0.765778316003861,0.2342216839961392
0.8092491847087565,0.19075081529124366
0.8056573999082051,0.19434260009179496
0.7579646779316145,0.24203532206838554
0.8612800564200712,0.13871994357992884
0.7761674232913197,0.22383257670868031
0.8169166148605677,0.18308338513943234
0.8084999272928397,0.19150007270716024
0.8348337881754393,0.1651662118245607
0.8898846753859417,0.11011532461405842
0.8278804023668309,0.17211959763316906
0.8315709434899655,0.16842905651003445
0.8474835434863648,0.15251645651363527
0.828220743626738,0.171779256373262
0.895186879398146,0.10481312060185419
0.8565338802650051,0.1434661197349948
0.7863631396814623,0.21363686031853768
0.8678660035503549,0.13213399644964507
0.7562570584676244,0.24374294153237575
0.8519076227033003,0.14809237729669966
0.8282207508525701,0.17177924914742984
0.8239653566216356,0.17603464337836439
0.8332958235542768,0.16670417644572327
0.8191355669340569,0.18086443306594321
0.8646137655540497,0.1353862344459504
0.7573138326188257,0.24268616738117427
0.8079552112515948,0.19204478874840522
0.880559732922568,0.11944026707743191
0.9291449519858245,0.07085504801417548
0.8467643130130655,0.1532356869869344
0.81444789898952,0.18555210101048006
0.8521581881015139,0.1478418118984863
0.8479308125044304,0.15206918749556955
0.8231468874335144,0.17685311256648564
0.9250995227713673,0.07490047722863272
0.8187175634397313,0.1812824365602689
0.8346679302364161,0.165332069763584
0.8353181268016491,0.16468187319835093
0.7509714706384363,0.24902852936156364
0.9226144780671717,0.07738552193282847
0.8258249080656893,0.17417509193431072
0.7593356959524737,0.24066430404752615
0.8054028232055122,0.19459717679448782
0.7696474453568272,0.23035255464317292
0.8161601455506895,0.18383985444931078
0.8068858725883895,0.19311412741161046
0.8141690946565918,0.18583090534340815
0.8378465516889175,0.16215344831108255
0.817839925782849,0.18216007421715122
0.8811951469019448,0.1188048530980553
0.8856112001980628,0.11438879980193715
0.8089861380622257,0.19101386193777437
0.7990634185170241,0.20093658148297586
0.944783414147644,0.05521658585235601
0.8330417586804723,0.16695824131952766
0.7696414392446701,0.23035856075532993
0.8438164176291655,0.1561835823708344
0.8560721898516395,0.14392781014836056
0.8059151320722331,0.1940848679277669
0.8303523385012903,0.1696476614987097
0.804396454456678,0.19560354554332207
0.8502431611210083,0.14975683887899185
0.8780404863437885,0.12195951365621156
0.8835959064597272,0.1164040935402729
0.9078903821386257,0.09210961786137434
0.8765487388872926,0.12345126111270749
0.7960873901017077,0.20391260989829202
0.8114908869413888,0.18850911305861107
0.8424541931809106,0.15754580681908958
0.8368377250687834,0.16316227493121666
0.7917376426669389,0.20826235733306106
0.8374324263608703,0.1625675736391297
0.8090130622104885,0.1909869377895113
0.8236298083052396,0.1763701916947605
0.7012176441981343,0.29878235580186563
0.833943163981496,0.16605683601850402
0.776886150788597,0.22311384921140298
0.8664190372195257,0.1335809627804742
0.779519298135411,0.2204807018645889
0.7908297669084522,0.20917023309154775
0.8475577077217924,0.15244229227820782
0.809007307353253,0.19099269264674712
0.8521400704880739,0.147859929511926
0.7916814849333782,0.20831851506662186
0.8282315272844335,0.17176847271556617
0.7947147001842118,0.2052852998157881
0.8753465732466765,0.12465342675332351
0.8461646011685254,0.15383539883147462
0.7563148671391196,0.24368513286088042
0.8011760550485804,0.19882394495141964
0.8714612686915796,0.12853873130842033
0.821083664110932,0.17891633588906797
0.8196383984309478,0.18036160156905232
0.8834816945189409,0.11651830548105907
0.899854196278548,0.10014580372145196
0.9134395960718393,0.08656040392816067
0.8567406654094838,0.14325933459051624
0.9032898679448561,0.0967101320551439
0.8193241691155714,0.1806758308844286
0.8378544404822504,0.1621455595177498
0.8182208273402571,0.18177917265974283
0.8580847596565957,0.14191524034340433
0.7382129329265923,0.2617870670734078
0.8106535020062596,0.18934649799374031
0.8197717353195969,0.18022826468040304
0.8392050957915783,0.16079490420842177
0.8710909738996061,0.12890902610039384
0.8227188034094275,0.17728119659057245
0.8514863695164555,0.14851363048354443
0.8204153545708177,0.17958464542918226
0.8053643183712461,0.1946356816287539
0.9060626788728765,0.09393732112712358
0.8986994552716118,0.10130054472838816
0.7831795273785018,0.21682047262149826
0.8226498992119607,0.1773501007880392
0.8469497903999549,0.15305020960004512
0.8435109280043736,0.1564890719956265
0.8208605713185205,0.1791394286814795
0.8187151187600662,0.18128488123993364
0.8087483885449435,0.1912516114550566
0.8521116645828438,0.14788833541715618
0.8187092159659503,0.18129078403404972
0.7823357148496708,0.21766428515032912
0.7874948056568707,0.21250519434312937
0.8021334409582974,0.19786655904170256
0.866315651619288,0.13368434838071197
0.7752484325431984,0.2247515674568015
0.741241955370456,0.2587580446295438
0.7330282443405839,0.2669717556594163
0.8142155817087567,0.18578441829124337
0.7730534615354633,0.22694653846453655
0.7750364617521572,0.22496353824784274
0.8168357356534212,0.1831642643465789
0.7969096187998513,0.20309038120014855
0.7866559648382662,0.21334403516173375
0.818503713344679,0.18149628665532108
0.8263486571152504,0.17365134288474957
0.7738716001551887,0.22612839984481123
0.7521220550266603,0.24787794497333968
0.8106105449847296,0.1893894550152704
0.8428313929046533,0.15716860709534672
0.7795045486981075,0.2204954513018925
0.8177630987402922,0.1822369012597079
0.7957004501602813,0.20429954983971887
0.7833221953616305,0.21667780463836953
0.8476056896865364,0.15239431031346368
0.8464656561746325,0.15353434382536757
0.7850259900538799,0.21497400994612015
0.8396262591831211,0.16037374081687894
0.8302140543359516,0.16978594566404845
0.8469509322871165,0.1530490677128833
0.8307488324483745,0.16925116755162556
0.9091745902944379,0.09082540970556206
0.8391824167830384,0.16081758321696157
0.8431892570624927,0.15681074293750724
0.7926421613555961,0.207357838644404
0.7537082354800839,0.24629176451991636
0.8480677531614078,0.15193224683859224
0.7913742765998567,0.20862572340014343
0.8888122377738491,0.111187762226151
0.822890434311448,0.17710956568855205
0.8368771266939349,0.16312287330606529
0.8614325531602408,0.1385674468397593
0.9016943352834588,0.09830566471654141
0.7653473441118662,0.23465265588813386
0.8480078380892341,0.15199216191076595
0.8621163334726806,0.13788366652731945
0.8164638007585752,0.1835361992414248
0.7678835969214457,0.23211640307855463
0.832512643456484,0.16748735654351604
0.9304646140303823,0.06953538596961785
0.8284932673511235,0.1715067326488766
0.9041599144580501,0.0958400855419497
0.7831577150071397,0.21684228499286032
0.809509237522217,0.19049076247778285
0.8038664654498998,0.1961335345501003
0.8594137094149218,0.1405862905850782
0.9150255006202918,0.08497449937970844
0.8349429431880058,0.1650570568119943
0.8178341881608387,0.18216581183916122
0.8522031848731143,0.14779681512688583
0.8378916356118248,0.16210836438817516
0.7537914233530418,0.24620857664695822
0.8506645726822736,0.1493354273177264
0.8308425709567426,0.16915742904325745
0.7817274661171844,0.21827253388281567
0.829089998738518,0.17091000126148212
0.8899946599719256,0.11000534002807456
0.8613059964615911,0.13869400353840874
0.8146760875288863,0.18532391247111357
0.805938923119533,0.194061076880467
0.8059376781664876,0.19406232183351235
0.8746290145213078,0.12537098547869238
0.7812705756424826,0.2187294243575175
0.8872074756399545,0.11279252436004542
0.8193313024992648,0.18066869750073544
0.8080051620572262,0.19199483794277392
0.866307480112942,0.13369251988705808
0.8110558762879706,0.18894412371202948
0.9092122655146542,0.09078773448534593
0.8953888848441323,0.1046111151558679
0.830486044222203,0.1695139557777972
0.8072548515326168,0.19274514846738341
0.8293809371350598,0.17061906286494022
0.8491523120823997,0.1508476879176003
0.8402896195768147,0.15971038042318517
0.8418519181576647,0.15814808184233542
0.8565778618205478,0.14342213817945218
0.7915333595967321,0.208466640403268
0.8893882415748706,0.1106117584251294
0.8187243014544153,0.18127569854558456
0.8132762987079846,0.18672370129201543
0.8422177492308716,0.15778225076912844
0.8660388046166123,0.1339611953833877
0.8136887384985805,0.18631126150141938
0.7879974198450798,0.2120025801549202
0.8261386245035864,0.1738613754964136
0.8510555779487237,0.14894442205127637
0.8734747824846452,0.1265252175153549
0.8817868338288097,0.11821316617119036
0.8902041910520676,0.10979580894793242
0.8265933606297524,0.17340663937024756
0.8645284214299547,0.1354715785700452
0.8215438674015939,0.17845613259840612
0.8102072491269292,0.1897927508730707
0.8919427399719652,0.10805726002803494
0.9025566838510682,0.09744331614893166
0.870960368821681,0.12903963117831913
0.7991540612498744,0.20084593875012546
0.8609216463312972,0.13907835366870283
0.863845453327862,0.13615454667213808
0.7717558998514341,0.2282441001485658
0.779595352253919,0.22040464774608118
0.8518940721493261,0.1481059278506739
0.8379545833142746,0.16204541668572545
0.8613663151775081,0.1386336848224919
0.8594985870024782,0.14050141299752172
0.8049019605331074,0.19509803946689275
0.8657350120876341,0.13426498791236585
0.9032957129935317,0.09670428700646831
0.8610129997755042,0.13898700022449584
0.7994784488817259,0.20052155111827408
0.9001317678106092,0.0998682321893907
0.733334914035009,0.2666650859649913
0.9152313147446122,0.08476868525538789
0.8087204112848115,0.19127958871518846
0.8710314496879547,0.12896855031204524
0.7832826204680022,0.21671737953199788
0.842906117395293,0.15709388260470697
0.8233079874986355,0.17669201250136443
0.8365673981896741,0.16343260181032582
0.8343831014703303,0.16561689852966954
0.8248489275185494,0.1751510724814506
0.7501122654924305,0.24988773450756954
0.8281792774942731,0.17182072250572686
0.8234688714838425,0.1765311285161575
0.8944341671545477,0.10556583284545228
0.8328035148762932,0.1671964851237067
0.809394680273307,0.19060531972669287
0.7766260831418513,0.22337391685814864
0.7474060586857542,0.25259394131424584
0.7655905444588741,0.23440945554112613
0.8325237882665592,0.16747621173344093
0.796431234835585,0.20356876516441508
0.796355675961548,0.20364432403845226
0.7994770691191604,0.2005229308808396
0.7845780321034131,0.215421967896587
0.8352703023140194,0.16472969768598064
0.7985751607913418,0.20142483920865817
0.8210700564787258,0.17892994352127428
0.8665873166761265,0.13341268332387343
0.8424555515351336,0.15754444846486643
0.8087673251456027,0.19123267485439727
0.8029243468807238,0.19707565311927633
0.901330522357507,0.09866947764249298
0.779123618001994,0.220876381998006
0.7975046689608472,0.20249533103915293
0.845216949486653,0.15478305051334693
0.8471607451747778,0.15283925482522218
0.7960548713194158,0.20394512868058426
0.7700923350694454,0.22990766493055464
0.8521810276726468,0.14781897232735314
0.7709564467440507,0.22904355325594922
0.8611058477318401,0.13889415226815996
0.8000479414041375,0.1999520585958625
0.8179420958269805,0.1820579041730195
0.8303504327649588,0.1696495672350412
0.9004211906950181,0.09957880930498197
0.7867425124362581,0.2132574875637418
0.8741133118064304,0.12588668819356957
0.8074995281588647,0.19250047184113536
0.8014487210970106,0.19855127890298954
0.8095065671176228,0.19049343288237727
0.8142150179048877,0.18578498209511235
0.7604898127085106,0.23951018729148943
0.785942079323143,0.21405792067685714
0.9035252149932886,0.09647478500671139
0.8045364990620671,0.19546350093793285
0.8964142044622778,0.10358579553772225
0.8947855163502376,0.10521448364976232
0.8895879398615286,0.1104120601384714
0.7759896887761935,0.22401031122380652
0.7830295868033995,0.2169704131966004
0.9219408383101783,0.07805916168982183
0.8377475515316429,0.16225244846835696
0.7884235837464101,0.21157641625358994
0.7655055047378487,0.2344944952621513
0.7681472974274399,0.23185270257256005
0.7603822127973204,0.23961778720267962
0.7697141141532758,0.23028588584672405
0.8473627870273476,0.1526372129726524
0.8611073417084717,0.13889265829152828
0.8004108511523128,0.1995891488476873
0.7806302691079147,0.2193697308920854
0.8592880673550641,0.14071193264493598
0.8195379159884475,0.1804620840115524
0.8478348538036444,0.15216514619635557
0.8518541469921026,0.1481458530078972
0.8393562488302422,0.16064375116975774
0.7518066871085276,0.24819331289147234
0.9064814866840895,0.09351851331591052
0.8389735956319105,0.16102640436808946
0.7957993840813103,0.20420061591868965
0.847555448579097,0.15244455142090296
0.8273722412471349,0.17262775875286515
0.7780213295664582,0.22197867043354186
0.7846634295386049,0.2153365704613951
0.8565730142417282,0.14342698575827192
0.8453705406175883,0.15462945938241177
0.8137444150208111,0.18625558497918887
0.8613092431892017,0.13869075681079848
0.779633542552211,0.22036645744778913
0.7659746579898925,0.2340253420101075
0.8259838990514736,0.1740161009485263
0.8033403157295083,0.1966596842704918
0.8389137653096309,0.16108623469036903
0.7855484895445408,0.2144515104554592
0.9141960458915123,0.08580395410848755
0.8335470955174421,0.166452904482558
0.8230221662251197,0.17697783377488044
0.7758490635342018,0.2241509364657983
0.835575790976649,0.1644242090233511
0.8849188834133205,0.1150811165866796
0.7900431945434911,0.20995680545650883
0.8178595430732731,0.18214045692672692
0.8659851262704186,0.13401487372958157
0.80992876230379,0.19007123769620998
0.9488908810535244,0.05110911894647563
0.8084559544091732,0.19154404559082686
0.8810472374296935,0.1189527625703066
0.8202742890982803,0.17972571090171965
0.8614960435214093,0.1385039564785907
0.865949481263635,0.13405051873636498
0.920414351917436,0.079585648082564
0.8536465950365174,0.1463534049634826
0.7359956037581233,0.2640043962418768
0.8564812412295127,0.14351875877048734
0.8874812489251526,0.11251875107484734
0.8636791196457257,0.13632088035427425
0.7852984133680653,0.21470158663193484
0.8539833838322068,0.14601661616779305
0.7913521712908513,0.2086478287091487
0.8103243361580863,0.18967566384191384
0.7848533782135697,0.21514662178643018
0.8607521991201744,0.13924780087982572
0.8180455832574884,0.18195441674251178
0.8041305520655524,0.1958694479344477
0.7042188059932238,0.2957811940067764
0.8642359302266919,0.13576406977330815
0.8177258229431774,0.1822741770568226
0.8334224359025955,0.16657756409740457
0.8502637000492446,0.1497362999507554
0.8664203537151356,0.13357964628486438
0.8227719621061246,0.17722803789387548
0.8439242850477388,0.15607571495226127
0.8021322684778024,0.19786773152219772
0.8303526851120178,0.1696473148879822
0.8643982652069008,0.13560173479309937
0.8095094610103322,0.19049053898966783
0.7795532612220537,0.22044673877794624
0.784174944597947,0.21582505540205296
0.8103859382698874,0.1896140617301127
0.7849107431300978,0.21508925686990224
0.8350956309283991,0.16490436907160083
0.9398347947923512,0.06016520520764881
0.8430467023117997,0.15695329768820035
0.7312733834210571,0.26872661657894337
0.8294133163646811,0.17058668363531918
0.8582746113446894,0.14172538865531065
0.792481356845626,0.2075186431543742
0.8099801623914311,0.19001983760856886
0.9363259619070399,0.06367403809296024
0.8902590176675477,0.10974098233245236
0.9036378190609331,0.09636218093906693
0.9033810421561725,0.0966189578438274
0.88133174588147,0.1186682541185301
0.9441778651952056,0.05582213480479435
0.8043937303501015,0.1956062696498983
0.8653590378980488,0.13464096210195128
0.8061870130706489,0.19381298692935112
0.8616113604875261,0.1383886395124738
0.8871667219882158,0.11283327801178436
0.8755144271965783,0.12448557280342151
0.8105422955818895,0.18945770441811052
0.8214321390008952,0.17856786099910496
0.7649304039053312,0.23506959609466876
0.8221389709401412,0.17786102905985882
0.8146084289932708,0.1853915710067291
0.8410433523039081,0.15895664769609186
0.806104803749383,0.19389519625061716
0.7770112971108828,0.22298870288911743
0.8369948007591927,0.16300519924080725
0.8646949830243391,0.13530501697566083
0.8203562266537335,0.17964377334626655
0.847877526386258,0.152122473613742
0.8139816422567288,0.18601835774327113
0.8817404456254806,0.11825955437451949
0.8144583266262698,0.1855416733737301
0.8306166118699378,0.16938338813006223
0.9021767786562142,0.09782322134378584
0.866144396361092,0.1338556036389081
0.827035470215671,0.17296452978432886
0.8307473593588105,0.1692526406411896
0.7256634500768725,0.27433654992312756
0.8234674356453138,0.1765325643546862
0.8306387339236077,0.16936126607639243
0.7752575029541058,0.22474249704589422
0.8936142653592632,0.10638573464073678
0.8350513663703254,0.16494863362967457
0.8294829819924366,0.17051701800756347
0.8460535475570043,0.1539464524429956
0.7546642817817434,0.24533571821825667
0.7650949298985086,0.23490507010149145
0.7849454089411841,0.21505459105881572
0.7651062098766463,0.2348937901233537
0.8472638252241158,0.1527361747758843
0.8704520104636748,0.1295479895363252
0.821611567184775,0.17838843281522498
0.8522224245535492,0.14777757544645076
0.8614405896681752,0.13855941033182487
0.7730413956450526,0.22695860435494739
0.8571070441782496,0.14289295582175046
0.8025185596604175,0.19748144033958248
0.8145080982136527,0.1854919017863474
0.8754981056469935,0.12450189435300645
0.8372191765809393,0.16278082341906075
0.8021549072741239,0.1978450927258761
0.7877022734538792,0.21229772654612084
0.7910549732635515,0.2089450267364486
0.7913118344808334,0.20868816551916666
0.8813263871666576,0.11867361283334249
0.8716434118719687,0.1283565881280312
0.9363521598803801,0.06364784011961974
0.8758153894692494,0.12418461053075057
0.86104551281238,0.13895448718762005
0.8935411949558867,0.10645880504411334
0.8183512236824819,0.18164877631751813
0.7709733748670714,0.22902662513292854
0.7741275611314707,0.22587243886852915
0.8565749776880226,0.14342502231197746
0.7792033756761234,0.22079662432387642
0.7679841528078827,0.23201584719211724
0.8097675284060601,0.19023247159393988
0.8359472191288638,0.16405278087113614
0.809750595658816,0.19024940434118418
0.8304858610213214,0.1695141389786786
0.8374333061325322,0.16256669386746772
0.7826240819181849,0.2173759180818152
0.7946423098607514,0.2053576901392486
0.7972065305243531,0.20279346947564691
0.8335546084997659,0.16644539150023407
0.8451707065472129,0.1548292934527872
0.8698883812763832,0.13011161872361693
0.8936257917047407,0.1063742082952593
0.7918180716844295,0.20818192831557059
0.810779645907822,0.1892203540921781
0.7687249811487046,0.2312750188512955
0.8659866359692356,0.1340133640307644
0.876002313780669,0.12399768621933092
0.7907238555397401,0.20927614446025988
0.8095061196794375,0.19049388032056253
0.8333072043687251,0.16669279563127504
0.7941154291199602,0.20588457088003986
0.864342898652557,0.135657101347443
0.8758225133333954,0.12417748666660457
0.7630071298654415,0.23699287013455858
0.8569105510061819,0.14308944899381817
0.8227521169085743,0.17724788309142558
0.8346077655195461,0.16539223448045393
0.8329383114238595,0.16706168857614037
0.8208523690373265,0.17914763096267347
0.801500916087384,0.19849908391261586
0.8817595133572053,0.11824048664279473
0.7927694643230515,0.20723053567694852
0.834445492409152,0.1655545075908481
0.8326516451186042,0.16734835488139585
0.8633443158151008,0.13665568418489923
0.7871978545951006,0.21280214540489925
0.8468711770303481,0.1531288229696521
0.8148675889303268,0.1851324110696732
0.802030578487953,0.19796942151204713
0.813109544522166,0.18689045547783406
0.8544647620427569,0.1455352379572431
0.7608697222552787,0.23913027774472134
0.8468334920099339,0.15316650799006615
0.8655153069221023,0.1344846930778977
0.7880866149778363,0.21191338502216378
0.8045681346771548,0.19543186532284518
0.7844507309766525,0.2155492690233473
0.9038993708744839,0.09610062912551613
0.8521783970079002,0.1478216029920999
0.7614155972457947,0.23858440275420528
0.8358834055777774,0.16411659442222254
0.8218556297689132,0.17814437023108676
0.8428424905047873,0.1571575094952126
0.94751513710345,0.052484862896549994
0.8364329964362689,0.16356700356373122
0.8614976762000731,0.13850232379992697
0.8793977075322384,0.12060229246776175
0.7957230085381302,0.20427699146186984
0.8420056058689165,0.15799439413108346
0.8565736770163019,0.143426322983698
0.7700524723871628,0.22994752761283727
0.8325392072066518,0.1674607927933483
0.8934992617237089,0.10650073827629113
0.8100214424509576,0.18997855754904241
0.8311306610880449,0.16886933891195507
0.8710102839329273,0.1289897160670726
0.800569361994018,0.19943063800598199
0.7406164924826436,0.2593835075173564
0.8791152888072766,0.12088471119272329
0.811959433863517,0.1880405661364831
0.8228177504985864,0.17718224950141365
0.8811341701110711,0.11886582988892885
0.7885974127548271,0.21140258724517283
0.7757266135185981,0.2242733864814021
0.8020629631763555,0.19793703682364452
0.815584270121154,0.18441572987884608
0.8308786383133657,0.1691213616866344
0.8506653354688917,0.14933466453110844
0.8663628213372943,0.13363717866270583
0.8347209395256759,0.16527906047432409
0.7531498574059561,0.246850142594044
0.8378359760768037,0.1621640239231963
0.8367969340645149,0.16320306593548506
0.8215937392674477,0.17840626073255242
0.767107912715007,0.23289208728499294
0.8565735087561722,0.14342649124382778
0.8151962241913039,0.18480377580869609
0.8449945874942968,0.15500541250570316
0.8191513004819319,0.1808486995180682
0.8010113745560092,0.1989886254439908
0.8289021306042954,0.1710978693957045
0.8475867024204901,0.15241329757951005
0.8465553489060458,0.15344465109395433
0.8176394579149896,0.18236054208501026
0.8483928136327052,0.15160718636729473
0.8245514060326249,0.1754485939673751
0.7397312074020288,0.26026879259797125
0.8176385212770417,0.18236147872295821
0.7774105552537399,0.22258944474626008
0.8384906430195626,0.1615093569804375
0.8094590564043537,0.19054094359564644
0.7879027151442426,0.2120972848557576
0.8350334851987423,0.16496651480125782
0.8834474372434153,0.11655256275658465
0.7963820245150304,0.20361797548496968
0.800088911263568,0.19991108873643218
0.8177972053446996,0.18220279465530032
0.7613985494887295,0.23860145051127044
0.9590095767748237,0.0409904232251763
0.8402124576084453,0.15978754239155474
0.8001473508529214,0.1998526491470784
0.8706158710504253,0.12938412894957468
0.8061869535745197,0.19381304642548033
0.8811861470301636,0.11881385296983639
0.8786499372987336,0.1213500627012663
0.8059445469529127,0.1940554530470873
0.8928544412554184,0.1071455587445815
0.8183190594732301,0.18168094052676984
0.8875036975072286,0.11249630249277148
0.8364459237502357,0.16355407624976426
0.733309314897917,0.266690685102083
0.8245099725646969,0.17549002743530318
0.8565725288526885,0.1434274711473115
0.8994023640730116,0.10059763592698855
0.7824898872373398,0.21751011276266036
0.8386900300167168,0.161309969983283
0.79978528822374,0.20021471177626007
0.8133275289972947,0.18667247100270531
0.8521347373444887,0.14786526265551125
0.8138729782989698,0.18612702170103024
0.8142153116222078,0.18578468837779222
0.8176984692633463,0.18230153073665392
0.7543349129687577,0.24566508703124232
0.7671502700352117,0.23284972996478834
0.8100462149692889,0.18995378503071123
0.8094847939520499,0.19051520604795016
0.8317471326337469,0.16825286736625317
0.8520897168554963,0.14791028314450372
0.7600577811421081,0.2399422188578919
0.8419480664973313,0.15805193350266883
0.8880223600420382,0.11197763995796178
0.8140766327246935,0.18592336727530656
0.837850235467051,0.16214976453294905
0.8038628432485698,0.19613715675143023
0.787244274430027,0.21275572556997305
0.8295439313671616,0.1704560686328384
0.8271815086276525,0.1728184913723474
0.8332089359877402,0.1667910640122597
0.8221388191847897,0.17786118081521027
0.8653618978744847,0.13463810212551533
0.8423760901434877,0.15762390985651223
0.7281277650940443,0.2718722349059557
0.7920662437166353,0.20793375628336477
0.8357177139705766,0.16428228602942335
0.8659866848867569,0.1340133151132432
0.804153741401667,0.19584625859833307
0.9069157745689154,0.09308422543108463
0.8185445086984795,0.18145549130152036
0.8074978073053105,0.19250219269468952
0.8832046169014405,0.11679538309855969
0.8520147252910518,0.14798527470894826
0.8051982142388718,0.19480178576112828
0.8565714776883727,0.14342852231162742
0.8396953730191233,0.16030462698087658
0.882796779238374,0.11720322076162601
0.828901529729871,0.17109847027012892
0.8478778669884852,0.1521221330115148
0.843005398473061,0.15699460152693911
0.9032226841974654,0.0967773158025345
0.9209421290314483,0.07905787096855153
0.7808696573009942,0.21913034269900575
0.8388212509683418,0.16117874903165819
0.8171310182170365,0.1828689817829636
0.8300819191083363,0.1699180808916636
0.8130931177459793,0.1869068822540208
0.7960347654423445,0.20396523455765544
0.7619003524293789,0.23809964757062113
0.7757797545071108,0.22422024549288916
0.7720398805752882,0.22796011942471167
0.861359950130168,0.13864004986983197
0.8103194696215474,0.1896805303784527
0.8519730453275098,0.14802695467249005
0.788081008387195,0.21191899161280514
0.7881891495660367,0.21181085043396342
0.8478902182182567,0.1521097817817433
0.9044852256675378,0.09551477433246211
0.7650099663286848,0.23499003367131532
0.8163991385191306,0.18360086148086935
0.8001566668518536,0.1998433331481463
0.8187663174510439,0.1812336825489561
0.7662056844683162,0.23379431553168387
0.8344972976398615,0.16550270236013848
0.8268907947621764,0.17310920523782355
0.8232857583491398,0.1767142416508602
0.7874952947682092,0.2125047052317907
0.8091173051313798,0.19088269486862033
0.7851930603849735,0.21480693961502653
0.8311111492052102,0.16888885079478994
0.8757166050111421,0.12428339498885789
0.8660912989274439,0.13390870107255615
0.7771268819620304,0.22287311803796944
0.7659697474859615,0.23403025251403867
0.7793552529052119,0.22064474709478815
0.8066760952339986,0.19332390476600134
0.8342817784321985,0.16571822156780147
0.8035898689009714,0.19641013109902866
0.8940372192997346,0.10596278070026542
0.7985765760998444,0.20142342390015552
0.9133622764854793,0.08663772351452076
0.9176514701004517,0.08234852989954831
0.7994689157157789,0.20053108428422092
0.8522258080396379,0.14777419196036193
0.8230761040405278,0.17692389595947217
0.8613861864644083,0.1386138135355914
0.793393479395276,0.20660652060472393
0.7483655918035514,0.2516344081964488
0.847877420767411,0.152122579232589
0.8331751473836683,0.16682485261633181
0.8715441611461265,0.12845583885387338
0.7770368127904842,0.22296318720951572
0.8056896463574283,0.19431035364257163
0.842971611599632,0.15702838840036823
0.8601939125524438,0.13980608744755613
0.9567578171872518,0.04324218281274834
0.8100279637427947,0.18997203625720502
0.8004049356913492,0.19959506430865087
0.8565734697941833,0.14342653020581675
0.8697789836703502,0.13022101632964975
0.8525547116462544,0.1474452883537456
0.9028749706485638,0.09712502935143615
0.8164694244830062,0.1835305755169938
0.8096524456060192,0.19034755439398077
0.8099811181086195,0.19001888189138053
0.8815998775540849,0.11840012244591515
0.8215865027732141,0.17841349722678598
0.861530969718852,0.1384690302811479
0.8477876808487411,0.15221231915125896
0.7825570840099811,0.21744291599001894
0.8051768513095886,0.19482314869041137
0.8006162622131449,0.1993837377868551
0.8089864167591946,0.19101358324080558
0.856574743604406,0.14342525639559414
0.8248488614569034,0.17515113854309655
0.8373608364448664,0.1626391635551336
0.8518416099374585,0.14815839006254156
0.7738326675639153,0.2261673324360847
0.8343837277564516,0.16561627224354816
0.768877526854061,0.23112247314593898
0.7659784059395193,0.23402159406048093
0.8870103122139926,0.11298968778600733
0.8434632046360204,0.15653679536397935
0.8416273984365445,0.15837260156345537
0.791107613337449,0.20889238666255114
0.8024894105899256,0.1975105894100744
0.7972071638053981,0.20279283619460195
0.7926503173528747,0.20734968264712528
0.8122681167202476,0.1877318832797525
0.9116916470472738,0.08830835295272618
0.7994727806016484,0.20052721939835164
0.8334057302051905,0.16659426979480949
0.8045705136828525,0.19542948631714743
0.8608236860272572,0.13917631397274277
0.8612846239208836,0.1387153760791164
0.8166528202225187,0.1833471797774813
0.79370528344724,0.20629471655276008
0.8172813136666826,0.18271868633331734
0.8330414615210985,0.16695853847890155
0.7689482301073045,0.23105176989269535
0.9129025057379837,0.08709749426201652
0.8017190453932375,0.1982809546067624
0.8051828511049226,0.19481714889507726
0.8185975902214606,0.18140240977853941
0.8474125463808284,0.1525874536191715
0.8565697563753202,0.14343024362467982
0.8565746801049698,0.14342531989503016
0.8107657389639273,0.18923426103607272
0.795389888477849,0.20461011152215106
0.8013616699363253,0.1986383300636747
0.8192711793427797,0.1807288206572205
0.8281789535871523,0.17182104641284768
0.8011409315962573,0.19885906840374265
0.846142762623591,0.153857237376409
0.8434630390999958,0.15653696090000419
0.7700560039595822,0.22994399604041793
0.7799005283983009,0.22009947160169904
0.8341149803526012,0.1658850196473988
0.7852046804812033,0.2147953195187965
0.812871377584785,0.1871286224152151
0.8432607353261533,0.15673926467384675
0.8302121960416436,0.16978780395835635
0.7298717433329002,0.2701282566670996
0.8172790805985274,0.18272091940147261
0.8236299721130103,0.17637002788698972
0.8273245933104394,0.17267540668956058
0.8016180319645713,0.19838196803542885
0.8559148682243202,0.14408513177568003
0.7532140653906629,0.24678593460933687
0.8802359515754626,0.1197640484245375
0.8078112926341099,0.19218870736589
0.7572875651973093,0.24271243480269067
0.7631838789164442,0.23681612108355582
0.8659356372548588,0.13406436274514122
0.8565730856343652,0.14342691436563482
0.866123999847729,0.13387600015227102
0.8139579468570592,0.18604205314294078
0.7964822611005749,0.20351773889942507
0.7683474500537268,0.23165254994627305
0.8757150940595106,0.12428490594048933
0.8228882021544998,0.17711179784550027
0.8053661376653184,0.19463386233468158
0.8128176723243582,0.18718232767564197
0.7827352010541861,0.21726479894581388
0.8004968165007063,0.19950318349929366
0.8367787077504906,0.16322129224950938
0.8206243490779842,0.1793756509220158
0.8272293800412818,0.17277061995871806
0.7830476121925314,0.21695238780746867
0.8717130471221289,0.12828695287787106
0.8138332248024485,0.18616677519755137
0.7709164351890883,0.22908356481091174
0.7944185465526754,0.20558145344732462
0.8214772447602732,0.17852275523972683
0.8336577325972218,0.16634226740277816
0.8662528119931711,0.13374718800682897
0.8327799584411681,0.16722004155883194
0.8795996616676586,0.12040033833234151
0.8286906039074265,0.17130939609257342
0.8059966115797209,0.19400338842027895
0.8467785349097743,0.15322146509022572
0.7856077698232609,0.21439223017673908
0.8695342704543897,0.13046572954561034
0.8477430182159378,0.15225698178406227
0.8610351573087427,0.13896484269125725
0.7997599750611758,0.2002400249388241
0.8467903837470183,0.15320961625298163
0.8678071510742598,0.13219284892574018
0.8470472726879438,0.1529527273120563
0.8624627634227622,0.13753723657723793
0.8379061700635356,0.16209382993646437
0.7838262336184032,0.21617376638159674
0.8200987653820485,0.1799012346179516
0.811050378587888,0.18894962141211205
0.8545895902271398,0.14541040977286018
0.8001749669692493,0.19982503303075075
0.7760223019817977,0.22397769801820247
0.7886522702805489,0.21134772971945107
0.814942220669373,0.18505777933062698
0.8436607164363685,0.15633928356363153
0.7920260422440778,0.20797395775592217
0.8355692699683075,0.16443073003169248
0.8480334104732549,0.15196658952674522
0.7921010346115734,0.20789896538842662
0.8708467656117194,0.12915323438828072
0.8778352335950232,0.12216476640497687
0.8293730524481477,0.1706269475518522
0.8663729190654711,0.133627080934529
0.8813563750640928,0.11864362493590716
0.8341865054040366,0.16581349459596348
0.8119630215070835,0.18803697849291653
0.8223107044857779,0.17768929551422216
0.7575848685581138,0.24241513144188617
0.7863942332423159,0.213605766757684
0.8221353206966882,0.17786467930331185
0.8548673461278893,0.14513265387211075
0.8263502570087982,0.17364974299120206
0.8848511130953555,0.11514888690464452
0.8032875847651764,0.1967124152348237
0.842137678031393,0.15786232196860697
0.8321007094672616,0.16789929053273855
0.7880815192030197,0.2119184807969801
0.8122282839900451,0.18777171600995493
0.8737336219035444,0.12626637809645558
0.8868062418940553,0.11319375810594472
0.8757759677354868,0.12422403226451323
0.8655377086395093,0.1344622913604907
0.8045530136727599,0.19544698632724
0.750125902177638,0.2498740978223621
0.7872442342087373,0.2127557657912626
0.830750905877028,0.16924909412297162
0.8264967518532106,0.17350324814678952
0.8368087354111249,0.16319126458887506
0.8794767740176996,0.1205232259823004
0.8358609493885553,0.16413905061144488
0.8259811578268405,0.1740188421731596
0.8528714705610384,0.14712852943896151
0.8329531928278487,0.16704680717215134
0.8162918059348678,0.1837081940651323
0.8225537439571616,0.17744625604283845
0.7741539986462472,0.2258460013537527
0.8794956049056615,0.12050439509433858
0.8896290495011312,0.11037095049886902
0.8431901233688671,0.15680987663113283
0.8315612043895023,0.16843879561049796
0.8322414754507366,0.16775852454926343
0.835033478642284,0.164966521357716
0.8659352029743512,0.13406479702564877
0.8238085310823798,0.17619146891762014
0.8363387306732336,0.16366126932676642
0.8741664477973949,0.12583355220260511
0.8102724166527472,0.18972758334725293
0.8614931505549382,0.13850684944506175
0.8467280781366098,0.15327192186339036
0.7665728088825258,0.2334271911174742
0.8250673090073308,0.17493269099266925
0.7771882583649455,0.2228117416350546
0.753416831596468,0.24658316840353206
0.9495707169107047,0.050429283089295306
0.7506722551658633,0.2493277448341366
0.8003170483113212,0.19968295168867883
0.8662528688213664,0.1337471311786336
0.8052253115210247,0.19477468847897522
0.8610347776426094,0.1389652223573907
0.9084885523572104,0.09151144764278961
0.8128709318793619,0.1871290681206382
0.8736607536083588,0.12633924639164126
0.8342670946971178,0.165732905302882
0.8426594213555982,0.15734057864440185
0.774815344378901,0.2251846556210988
0.8679692975233504,0.1320307024766497
0.8203629268763063,0.17963707312369365
0.8614686766354288,0.13853132336457122
0.8837663034204651,0.1162336965795349
0.8257225975546467,0.17427740244535317
0.8567363724201419,0.14326362757985803
0.8565795793782807,0.14342042062171947
0.8369928446410171,0.16300715535898289
0.8473553754450909,0.15264462455490907
0.8691417270847004,0.1308582729152995
0.8234465626958996,0.17655343730410053
0.8199704245171753,0.18002957548282492
0.8058408001848382,0.19415919981516191
0.767819142657013,0.232180857342987
0.820979777035353,0.1790202229646469
0.8278602327155427,0.17213976728445743
0.8093093290308644,0.19069067096913564
0.7923296716210674,0.20767032837893262
0.7844730680992795,0.21552693190072061
0.8106133923857034,0.18938660761429665
0.7572175661486145,0.24278243385138565
0.8099300055415124,0.19006999445848763
0.8472146930626814,0.15278530693731868
0.8087962437943947,0.191203756205605
0.8117910276514476,0.18820897234855247
0.9297115447340182,0.07028845526598206
0.8945983611151929,0.10540163888480704
0.7900178988219834,0.2099821011780167
0.8299919875006789,0.170008012499321
0.8262183951429452,0.1737816048570547
0.8087458407838143,0.1912541592161857
0.8807703819133078,0.11922961808669227
0.8469473122203038,0.15305268777969627
0.8479811950318729,0.15201880496812714
0.7830350669944338,0.21696493300556607
0.8004050147411939,0.19959498525880612
0.9060067851134178,0.09399321488658227
0.827554651497895,0.172445348502105
0.8682853803520785,0.1317146196479216
0.8304844735694158,0.16951552643058423
0.8245097613124043,0.17549023868759575
0.8125239838396562,0.18747601616034354
0.7709200501626144,0.22907994983738555
0.8378548857111704,0.16214511428882963
0.7783276860040511,0.22167231399594897
0.8649101351190255,0.1350898648809745
0.8716365158994909,0.12836348410050902
0.8053673926780416,0.1946326073219584
0.8879193510493414,0.11208064895065871
0.7749146764773158,0.2250853235226841
0.8782971529155476,0.1217028470844524
0.7640254647685508,0.2359745352314493
0.7614298345290078,0.23857016547099202
0.8474124293627462,0.1525875706372538
0.8059174797202099,0.19408252027979014
0.7700823593611226,0.2299176406388773
0.8008949088015643,0.19910509119843559
0.8099105250924378,0.19008947490756214
0.8016061014866093,0.19839389851339082
0.8233030235781665,0.17669697642183355
0.792070405227591,0.20792959477240913
0.8437199390743253,0.15628006092567479
0.9107281981555856,0.08927180184441444
0.8014476663959218,0.19855233360407804
0.866091246789151,0.13390875321084914
0.770973132598897,0.22902686740110298
0.8057121219172305,0.19428787808276943
0.9323554732230949,0.0676445267769052
0.8439392899504605,0.15606071004953942
0.8230763616349667,0.1769236383650333
0.8753083594088025,0.12469164059119742
0.7783076520266191,0.22169234797338094
0.840072665275402,0.15992733472459797
0.7864139633596056,0.21358603664039444
0.8239690052707508,0.17603099472924919
0.8795419417662909,0.12045805823370892
0.7452239133577663,0.2547760866422337
0.8109129426738533,0.18908705732614686
0.8428323257553494,0.15716767424465056
0.7765102172190433,0.22348978278095671
0.8420551291955197,0.15794487080448022
0.7905013695702039,0.2094986304297962
0.7709539565029512,0.2290460434970489
0.8229564917681871,0.17704350823181297
0.7774358790566175,0.2225641209433826
0.9119990505270397,0.08800094947296043
0.7960548847202488,0.20394511527975132
0.8352659585326798,0.16473404146732018
0.8304096133195239,0.1695903866804762
0.8684690365255213,0.13153096347447846
0.818783392918731,0.18121660708126888
0.8520415467624088,0.1479584532375912
0.8327788802225402,0.16722111977745996
0.8215283557267004,0.17847164427329965
0.8546408233969578,0.14535917660304212
0.8086725641279334,0.19132743587206646
0.7717807057852706,0.22821929421472945
0.898879485941472,0.10112051405852798
0.8047103889774245,0.19528961102257553
0.8517921194795794,0.14820788052042053
0.8866286606410547,0.11337133935894524
0.8316743462380406,0.16832565376195952
0.7683806312518094,0.23161936874819053
0.8468669679986154,0.1531330320013847
0.8780174157452674,0.1219825842547326
0.8315813151262827,0.16841868487371728
0.8830667832417114,0.11693321675828863
0.9191304012314734,0.08086959876852669
0.9046958017135375,0.09530419828646254
0.8263693419455886,0.17363065805441136
0.865168784504615,0.13483121549538507
0.8523941744066674,0.1476058255933326
0.8144714805211575,0.18552851947884258
0.8021876706851259,0.1978123293148742
0.8337944230488096,0.1662055769511905
0.8007246918240429,0.19927530817595704
0.8610665311503906,0.1389334688496096
0.8721849971222967,0.12781500287770348
0.8470813830216652,0.15291861697833492
0.8662004723783846,0.1337995276216154
0.823263346084761,0.17673665391523882
0.7989886724168861,0.20101132758311377
0.8758152822815292,0.12418471771847098
0.8349430683463703,0.16505693165362972
0.8156535089644812,0.18434649103551892
0.8226456200658254,0.17735437993417458
0.81486404294071,0.1851359570592899
0.7862772486868825,0.21372275131311752
0.7969570743319503,0.20304292566804968
0.7963848959009173,0.20361510409908262
0.8738863138289613,0.12611368617103869
0.7915345815124113,0.20846541848758887
0.7703043111520554,0.2296956888479446
0.8331704156648271,0.166829584335173
0.7538995779504359,0.24610042204956406
0.8042156353119861,0.1957843646880139
0.8579130973266963,0.14208690267330365
0.8229226628860824,0.1770773371139176
0.8517204629668131,0.1482795370331867
0.8671629199936346,0.13283708000636557
0.7802459112932346,0.21975408870676547
0.9240392196275797,0.07596078037242028
0.833297209667196,0.16670279033280405
0.8351743398153553,0.1648256601846447
0.8431088885348651,0.1568911114651348
0.7969270698235027,0.20307293017649722
0.8442785612040165,0.15572143879598357
0.876153376709985,0.12384662329001496
0.7886860196994616,0.21131398030053844
0.7947631813937189,0.2052368186062811
0.8330428574953993,0.16695714250460061
0.8537267950088958,0.14627320499110397
0.7619239811006264,0.23807601889937363
0.7548072421277807,0.24519275787221947
0.7964899627601102,0.20351003723988975
0.7842103021224572,0.21578969787754276
0.7791683727614108,0.22083162723858912
0.8044475913591671,0.19555240864083298
0.801062669923359,0.1989373300766411
0.8935238317724171,0.1064761682275828
0.8366695546992703,0.16333044530072977
0.7795184483687893,0.22048155163121083
0.8651390857316595,0.13486091426834046
0.7852155403271561,0.21478445967284385
0.8304845204027562,0.1695154795972439
0.8830180304998326,0.11698196950016748
0.9241241556751079,0.0758758443248922
0.859580113583327,0.14041988641667288
0.8708474703454772,0.12915252965452287
0.8127970836478874,0.1872029163521126
0.8519810455953045,0.14801895440469545
0.7890605068070167,0.2109394931929833
0.8472643621735612,0.15273563782643904
0.8876672042246833,0.11233279577531671
0.8072421903091773,0.19275780969082262
0.8174537780917347,0.18254622190826525
0.7636127987686696,0.2363872012313303
0.7767803858152024,0.22321961418479772
0.8178757686659264,0.18212423133407354
0.8703653278306815,0.12963467216931845
0.856584195512251,0.143415804487749
0.8879305773655202,0.11206942263447978
0.8363295620080005,0.16367043799199965
0.8431897456633413,0.1568102543366588
0.8105263520502768,0.18947364794972324
0.8801035296000295,0.1198964703999705
0.8900681917952374,0.10993180820476246
0.8390662205467659,0.160933779453234
0.8307603911248088,0.16923960887519102
0.8424543330787249,0.15754566692127522
0.8711497834528028,0.1288502165471972
0.8418894653467093,0.1581105346532906
0.866198128725975,0.13380187127402504
0.8521122616408049,0.14788773835919505
0.801011875502077,0.19898812449792302
0.7793708738961866,0.22062912610381347
0.8326239634447788,0.16737603655522112
0.8788067606329677,0.1211932393670324
0.8521361335521344,0.14786386644786564
0.8139833882314205,0.1860166117685796
0.8469003532586284,0.15309964674137144
0.7848301070245306,0.21516989297546926
0.9294025264647825,0.07059747353521778
0.7840875972924218,0.2159124027075781
0.7662112810625953,0.23378871893740485
0.8471635995925346,0.1528364004074654
0.7860735933994356,0.21392640660056444
0.8710356682356151,0.12896433176438502
0.807962551484381,0.192037448515619
0.9046742063358036,0.09532579366419627
0.874941931428804,0.12505806857119586
0.8277002588575523,0.1722997411424477
0.9544651409174837,0.04553485908251637
0.8095092148721382,0.1904907851278618
0.8707387576510894,0.12926124234891065
0.7678689046404352,0.23213109535956478
0.9474788246215101,0.05252117537848995
0.854891341869295,0.1451086581307049
0.8424963229808263,0.15750367701917375
0.8458270584394031,0.15417294156059683
0.8137432625010786,0.18625673749892144
0.8268818984492481,0.17311810155075188
0.8832029522752652,0.11679704772473473
0.8030730846887898,0.19692691531121018
0.7583707222037563,0.24162927779624357
0.8087022892417745,0.1912977107582256
0.8683051692322388,0.13169483076776142
0.7972701895200203,0.20272981047997976
0.8663079224442674,0.13369207755573284
0.8153767106951211,0.18462328930487912
0.8007108268888832,0.19928917311111682
0.808506736077721,0.19149326392227883
0.8469505770154623,0.15304942298453783
0.8598593718677564,0.14014062813224362
0.8176386767908606,0.1823613232091394
0.8379517078363636,0.16204829216363634
0.7266777680281615,0.2733222319718384
0.7970604313843637,0.20293956861563636
0.8820989635253872,0.11790103647461313
0.8100470250161849,0.18995297498381516
0.8213843251415445,0.17861567485845548
0.7796225065363588,0.2203774934636413
0.8710916016392408,0.12890839836075912
0.8014489261262613,0.1985510738737389
0.8481309696024778,0.15186903039752214
0.801332888571491,0.19866711142850904
0.8760587143675627,0.12394128563243736
0.9210645415789395,0.0789354584210605
0.9624181534785446,0.03758184652145548
0.8565736318133497,0.14342636818665042
0.911883028215352,0.0881169717846479
0.8612508620715194,0.13874913792848073
0.839269320556533,0.16073067944346695
0.842531005424778,0.157468994575222
0.7708229337861083,0.22917706621389164
0.7554869652851158,0.24451303471488436
0.8199289045028301,0.18007109549716985
0.820992947031425,0.17900705296857505
0.8422173630086365,0.15778263699136352
0.7823037196145698,0.21769628038543026
0.7941152855036463,0.2058847144963538
0.8101522490828481,0.1898477509171519
0.7826715532454629,0.21732844675453708
0.8247428110793681,0.17525718892063186
0.8226327328909485,0.1773672671090515
0.9239446874065198,0.07605531259348013
0.8504543971323836,0.14954560286761642
0.8141812502275998,0.18581874977239998
0.8002482485482484,0.19975175145175178
0.851573546962399,0.14842645303760105
0.7883884181355607,0.21161158186443932
0.7522906653410919,0.24770933465890815
0.7891810458827788,0.2108189541172213
0.7938499509465266,0.2061500490534734
0.8039686807085259,0.19603131929147413
0.8097670964505584,0.1902329035494414
0.8756116123234716,0.12438838767652839
0.8912671151973002,0.10873288480269977
0.8267440047940274,0.1732559952059727
0.8210176818959308,0.17898231810406898
0.852202091073109,0.14779790892689107
0.861415540637122,0.13858445936287808
0.8944333164043924,0.10556668359560763
0.8114450678454859,0.18855493215451416
0.8088187816729704,0.19118121832702958
0.8668675111395947,0.13313248886040538
0.81222991771841,0.18777008228159003
0.7910434487453453,0.20895655125465473
0.8126582633585093,0.18734173664149067
0.843844312181884,0.15615568781811578
0.8472762734625502,0.15272372653744973
0.8565571042947429,0.1434428957052572
0.8624165173183569,0.1375834826816432
0.819716309019282,0.18028369098071798
0.8267897313037263,0.17321026869627365
0.8145047573362513,0.1854952426637486
0.8171642446220373,0.18283575537796282
0.8150195411449661,0.1849804588550339
0.7960282424039636,0.20397175759603628
0.860159227945092,0.13984077205490794
0.7855887041225426,0.21441129587745764
0.8565324540589407,0.14346754594105912
0.8180235858937496,0.1819764141062506
0.8467287252175983,0.15327127478240168
0.8232624326867667,0.17673756731323323
0.8128181008834703,0.18718189911652963
0.881134732720127,0.1188652672798732
0.8343814894972256,0.16561851050277449
0.7790717576837817,0.22092824231621844
0.8667165420714219,0.1332834579285778
0.8955087809351094,0.10449121906489044
0.8771919191610681,0.12280808083893185
0.8377714009702112,0.16222859902978903
0.7967372164112576,0.20326278358874258
0.8096962168519097,0.19030378314809013
0.8877207665624,0.11227923343760011
0.7855625310689783,0.21443746893102164
0.876600597639566,0.12339940236043388
0.8103260326307075,0.18967396736929254
0.8108717820071392,0.1891282179928608
0.7929666763638665,0.20703332363613353
0.8310955668939866,0.16890443310601344
0.7787869607102038,0.22121303928979613
0.8066763224528957,0.19332367754710433
0.8964154817020641,0.1035845182979359
0.8227090793415792,0.17729092065842073
0.8153484891442724,0.18465151085572765
0.8849713418983307,0.11502865810166918
0.8898844545005137,0.11011554549948638
0.8306169389463175,0.1693830610536826
0.8431205370622685,0.15687946293773147
0.924883449137972,0.07511655086202801
0.8327796712363715,0.1672203287636284
0.7705006839301652,0.22949931606983484
0.8696495090154052,0.13035049098459475
0.8968502151498463,0.10314978485015379
0.8417569463064247,0.15824305369357528
0.8565758928656961,0.14342410713430387
0.904228714079919,0.09577128592008108
0.8082201344086835,0.19177986559131663
0.7794820884019271,0.22051791159807294
0.8283351740786886,0.1716648259213113
0.7977894141150389,0.20221058588496105
0.8376427302576367,0.16235726974236328
0.8191016512580434,0.1808983487419567
0.8697212367211966,0.1302787632788034
0.9700964791608812,0.029903520839118868
0.8247098396089061,0.17529016039109388
0.7674809360489434,0.23251906395105654
0.9342481045410744,0.06575189545892567
0.8084507812980826,0.19154921870191732
0.8330414179718358,0.16695858202816413
0.847313616145608,0.15268638385439195
0.8089922179502528,0.19100778204974717
0.823076331057999,0.176923668942001
0.7927121310287977,0.20728786897120238
0.8974515030237491,0.10254849697625096
0.840688408079089,0.1593115919209111
0.7848409689492775,0.21515903105072245
0.8233774542190938,0.17662254578090616
0.8139874322623559,0.18601256773764407
0.8014489863771053,0.19855101362289485
0.7863363700550275,0.21366362994497262
0.7920973899594402,0.2079026100405598
0.8552475267107793,0.1447524732892207
0.8305133198993321,0.1694866801006679
0.8331703191475188,0.1668296808524812
0.8337220045912309,0.16627799540876928
0.8256662320154021,0.17433376798459777
0.8377479076160237,0.16225209238397625
0.8336472288425669,0.16635277115743308
0.8135057913221951,0.18649420867780486
0.8703151548822926,0.12968484511770753
0.7899538065119931,0.21004619348800696
0.7975000881124875,0.2024999118875125
0.8425311799337927,0.15746882006620733
0.7837675178440299,0.21623248215597005
0.7910548619122543,0.20894513808774556
0.8144163608124758,0.1855836391875241
0.7257715940856889,0.27422840591431114
0.8193973296118856,0.18060267038811434
0.856573462760271,0.14342653723972915
0.8300898449959301,0.16991015500406995
0.7866344477142848,0.21336555228571513
0.8565672258975744,0.14343277410242553
0.8518147287845858,0.14818527121541436
0.8602830059722117,0.13971699402778823
0.8706522893343882,0.12934771066561201
0.8614407740495436,0.13855922595045644
0.8476441854965102,0.1523558145034898
0.7500346343533965,0.2499653656466036
0.8296064932888408,0.1703935067111592
0.8149605841596093,0.18503941584039063
0.8523131569950204,0.14768684300497956
0.8100372643018082,0.1899627356981918
0.8424543467781923,0.15754565322180758
0.8332973423863762,0.16670265761362388
0.7591268303344451,0.24087316966555494
0.8516781621329366,0.14832183786706343
0.8614415220467893,0.13855847795321066
0.8238085691688054,0.1761914308311946
0.8748672103525467,0.12513278964745345
0.8467247421690033,0.15327525783099674
0.7439630475323841,0.2560369524676159
0.8441939643906652,0.1558060356093347
0.9118287047320287,0.08817129526797134
0.777979305370715,0.22202069462928495
0.9382827342342598,0.06171726576574024
0.7929477460727198,0.20705225392728022
0.8351580805442089,0.16484191945579094
0.8326484379869311,0.16735156201306886
0.7578568010427776,0.24214319895722236
0.767139180627347,0.23286081937265293
0.8518449734228155,0.14815502657718446
0.8994011439999393,0.1005988560000607
0.825674389695681,0.17432561030431912
0.7624576509013754,0.23754234909862465
0.7532970815253255,0.24670291847467465
0.8391810902731597,0.1608189097268403
0.8328295362452712,0.1671704637547287
0.7981382122248001,0.20186178777519995
0.802188501638679,0.1978114983613211
0.7785784759446439,0.22142152405535603
0.7787379382490198,0.22126206175098034
0.8758222380337577,0.12417776196624225
0.9510402267317969,0.048959773268203034
0.8553283628341606,0.1446716371658394
0.7360693200458078,0.2639306799541923
0.7726325081409868,0.22736749185901325
0.7469468281205431,0.25305317187945703
0.8516461220803094,0.14835387791969049
0.8232648516483854,0.1767351483516146
0.7558303280663442,0.24416967193365596
0.7913509840686075,0.20864901593139262
0.8426082828066883,0.15739171719331171
0.7479515544508842,0.25204844554911576
0.8098377517313924,0.19016224826860748
0.8336049165993568,0.16639508340064313
0.8234503355015875,0.17654966449841253
0.8233066885960855,0.17669331140391464
0.7600679373381729,0.23993206266182704
0.9003758260402315,0.09962417395976861
0.8567648927380722,0.1432351072619276
0.8265935510055443,0.17340644899445568
0.8082580093640602,0.1917419906359398
0.8259809106685473,0.17401908933145271
0.8264430001100018,0.17355699988999823
0.8608353028189568,0.13916469718104332
0.8550906587008766,0.1449093412991234
0.8410693210523195,0.15893067894768065
0.8095092605932079,0.19049073940679218
0.788590864698992,0.2114091353010079
0.8850530102081403,0.1149469897918598
0.8193311844101457,0.18066881558985418
0.8950765550077414,0.10492344499225863
0.861385688893459,0.13861431110654104
0.822580728283814,0.17741927171618607
0.86122711075754,0.13877288924246003
0.818121681282536,0.181878318717464
0.8329189470464559,0.1670810529535442
0.8355379181898925,0.16446208181010746
0.7903319788593848,0.20966802114061525
0.8013169078750871,0.19868309212491322
0.7988158741357942,0.20118412586420595
0.7524581569988069,0.24754184300119314
0.7841272770557995,0.21587272294420035
0.8071619348898987,0.19283806511010113
0.7787459046918209,0.22125409530817888
0.7761372655333321,0.22386273446666796
0.7958906464141741,0.2041093535858259
0.7726892567979716,0.22731074320202851
0.8258251049778591,0.174174895022141
0.843852332662175,0.156147667337825
0.7960075769159436,0.20399242308405646
0.8380551353479652,0.16194486465203484
0.910829068184498,0.08917093181550194
0.7981803882965838,0.20181961170341628
0.8193313949499035,0.1806686050500966
0.8375952736046336,0.16240472639536638
0.7832271388040378,0.21677286119596223
0.8187838151208097,0.18121618487919025
0.7837664051278961,0.21623359487210395
0.8435295119839452,0.15647048801605484
0.9036382417046058,0.09636175829539419
0.8783834143872072,0.12161658561279279
0.8155899136929488,0.18441008630705122
0.8517346652139088,0.14826533478609122
0.884204695956869,0.1157953040431309
0.8164218122108277,0.1835781877891723
0.8660239164749777,0.1339760835250223
0.8922539469071367,0.10774605309286339
0.8565762580177941,0.14342374198220575
0.8174706381179286,0.18252936188207133
0.8679009959388496,0.13209900406115038
0.8059643299249862,0.19403567007501366
0.9317185008496826,0.06828149915031756
0.91095496385124,0.08904503614876008
0.8946176468874503,0.10538235311254976
0.9019219636354862,0.09807803636451395
0.841547478142642,0.15845252185735825
0.8114909683761014,0.1885090316238988
0.8329113100737081,0.16708868992629192
0.833041430456804,0.16695856954319593
0.8199291737573317,0.18007082624266837
0.8609664596202096,0.1390335403797903
0.7824925046535152,0.21750749534648492
0.7483131853951867,0.2516868146048134
0.8653550687212108,0.13464493127878915
0.8971210286281717,0.10287897137182839
0.782921980636942,0.2170780193630581
0.8517882625544879,0.14821173744551217
0.8364556294528108,0.16354437054718923
0.751858805035221,0.248141194964779
0.8107675746578361,0.18923242534216383
0.8798550009836277,0.12014499901637248
0.7987757695350328,0.20122423046496726
0.8014850860595163,0.19851491394048373
0.8273768571333131,0.17262314286668695
0.7592419626087286,0.24075803739127138
0.7844197482432458,0.21558025175675433
0.7802453383866302,0.21975466161336976
0.8347223344309831,0.1652776655690169
0.804542488185683,0.1954575118143172
0.8184099459015335,0.18159005409846662
0.8551761578732214,0.14482384212677865
0.8673981105522715,0.13260188944772863
0.8779398347163327,0.12206016528366742
0.8786313986932818,0.12136860130671834
0.8010125021463393,0.19898749785366074
0.8599982099886606,0.14000179001133956
0.8603134776199005,0.13968652238009951
0.9649356096230367,0.03506439061761898
0.8614970001508429,0.13850299984915715
0.8662524858327516,0.13374751416724848
0.7518001896949782,0.24819981030502164
0.8958796272029028,0.1041203727970972
0.8799780644182871,0.12002193558171284
0.8377993882823992,0.1622006117176007
0.837533063342903,0.16246693665709694
0.8159971936140008,0.18400280638599922
0.8846588036952209,0.11534119630477926
0.8565739295597377,0.14342607044026237
0.9074442162727147,0.09255578372728537
0.8048996587959937,0.1951003412040064
0.8092490819182004,0.1907509180817996
0.7654490804150749,0.2345509195849253
0.8756066307798173,0.12439336922018276
0.8046609955079351,0.19533900449206482
0.8142160491448845,0.1857839508551154
0.812796227952496,0.18720377204750388
0.7611206157107839,0.23887938428921623
0.847203996445506,0.15279600355449396
0.7655050745302895,0.23449492546971049
0.8236287088413484,0.17637129115865158
0.813353291537637,0.186646708462363
0.7979699564850564,0.20203004351494352
0.8284893456207286,0.17151065437927132
0.8731382120756305,0.12686178792436964
0.8617313592612299,0.13826864073877015
0.8613068758018244,0.13869312419817573
0.8351103406370916,0.16488965936290845
0.8003387338689261,0.19966126613107396
0.821432401711004,0.17856759828899613
0.8920236849153718,0.10797631508462824
0.7963820013989946,0.2036179986010055
0.9078654338447006,0.09213456615529926
0.8409003612862067,0.15909963871379335
0.7903344341350711,0.20966556586492904
0.8517627234581551,0.148237276541845
0.7963172565544405,0.20368274344555956
0.8137458557972512,0.18625414420274874
0.8302176659069919,0.16978233409300808
0.800418886963986,0.19958111303601414
0.8246408080770946,0.17535919192290547
0.841805110937792,0.15819488906220813
0.8421486134636786,0.1578513865363214
0.8448772395158501,0.15512276048414975
0.8011735138762004,0.1988264861237997
0.710960590358878,0.2890394096411223
0.8130925587145216,0.18690744128547868
0.8316255808180031,0.1683744191819969
0.8247098645726947,0.17529013542730534
0.8357337867337259,0.1642662132662742
0.8268917980802106,0.1731082019197893
0.8653135207608049,0.13468647923919505
0.8575295295333353,0.14247047046666472
0.7719103771853959,0.22808962281460415
0.8566328879152487,0.1433671120847514
0.7893182587259832,0.21068174127401698
0.7833977087802232,0.2166022912197768
0.813314656635939,0.18668534336406095
0.8212509694765371,0.178749030523463
0.8263544918418978,0.17364550815810223
0.7885916226639365,0.21140837733606355
0.9130589373177092,0.08694106268229106
0.8172842385592927,0.18271576144070717
0.8477762146832966,0.15222378531670364
0.8741582012546073,0.12584179874539264
0.8312563035785266,0.16874369642147333
0.8084517639358302,0.19154823606416987
0.8781090406764118,0.12189095932358808
0.9153096134151603,0.08469038658483975
0.8417202831076163,0.15827971689238376
0.8287929126847253,0.17120708731527456
0.7741857459419027,0.2258142540580972
0.7920398727123895,0.20796012728761065
0.819333370925479,0.18066662907452102
0.8616808353308976,0.13831916466910257
0.8242862596978845,0.17571374030211556
0.8359950067144858,0.16400499328551413
0.8284895606585249,0.1715104393414751
0.8251226305384937,0.17487736946150634
0.8025179693072599,0.19748203069274012
0.8473603932887709,0.15263960671122911
0.8255495851505792,0.1744504148494206
0.831041965257812,0.1689580347421879
0.7900643293781123,0.20993567062188764
0.8139929547938863,0.18600704520611355
0.8612788030842095,0.13872119691579052
0.8107660774098547,0.1892339225901452
0.7816902718444361,0.2183097281555642
0.762785228004037,0.237214771995963
0.8260297573283706,0.17397024267162958
0.8417644058290971,0.15823559417090285
0.8566132686682532,0.14338673133174695
0.8713421932269984,0.12865780677300168
0.8283402289717041,0.17165977102829585
0.8295509875556658,0.17044901244433422
0.7628596340868242,0.2371403659131758
0.8292430132185089,0.17075698678149118
0.8523112104627595,0.14768878953724057
0.7799168682036492,0.2200831317963508
0.8195331757421663,0.1804668242578337
0.8859394212238473,0.11406057877615258
0.8334203193279015,0.1665796806720985
0.7947591503385255,0.20524084966147446
0.8092888445732392,0.19071115542676084
0.8242204555304639,0.17577954446953611
0.7833057429518144,0.21669425704818543
0.8689766371751797,0.13102336282482036
0.818030292717897,0.181969707282103
0.8284394555992952,0.17156054440070467
0.7867443251119453,0.21325567488805475
0.7819262710424385,0.2180737289575615
0.8327022440053146,0.16729775599468533
0.8720479845616426,0.12795201543835732
0.8061872887830165,0.19381271121698337
0.8203890298985546,0.1796109701014454
0.751441092056569,0.24855890794343108
0.8453867466888331,0.15461325331116685
0.8379523234391862,0.1620476765608137
0.8393559076933529,0.16064409230664697
0.8070475151931589,0.19295248480684124
0.7541134179343377,0.24588658206566233
0.857264924711486,0.1427350752885141
0.8423448056608025,0.15765519433919742
0.8565745467246371,0.143425453275363
0.8471471545464557,0.15285284545354438
0.8912329665953035,0.10876703340469646
0.8109087647471785,0.18909123525282143
0.8423756286635896,0.15762437133641055
0.83944189449016,0.16055810550983995
0.8431198287925762,0.15688017120742376
0.8177538563392847,0.18224614366071545
0.8742519103753985,0.12574808962460143
0.793920561190099,0.20607943880990118
0.9299951831912335,0.07000481680876654
0.7700927191305401,0.2299072808694598
0.8962910909038384,0.10370890909616155
0.814467646661064,0.18553235333893608
0.7970517032784948,0.2029482967215053
0.8263482515804329,0.17365174841956696
0.8839114981771751,0.11608850182282497
0.8030131742707342,0.19698682572926565
0.8102581464578562,0.18974185354214385
0.7469228267206739,0.25307717327932616
0.7683971564223826,0.23160284357761743
0.7885644458015769,0.21143555419842314
0.8008967221767632,0.1991032778232367
0.8120136373134866,0.18798636268651334
0.7612509838337557,0.23874901616624433
0.7876328036754319,0.21236719632456819
0.8242793077557814,0.17572069224421877
0.7875062930034766,0.21249370699652353
0.8396108354863618,0.1603891645136382
0.84774202484759,0.15225797515240994
0.7926500493484623,0.2073499506515376
0.7963118583330079,0.20368814166699212
0.9103480641601108,0.08965193583988908
0.8464445470599976,0.15355545294000247
0.9476990864785049,0.05230091352149517
0.8253296856826121,0.17467031431738794
0.8371109249146523,0.16288907508534758
0.7889727238592419,0.21102727614075817
0.8261371030814184,0.1738628969185817
0.8234518309050081,0.17654816909499202
0.7774604727573237,0.22253952724267628
0.7617281698201489,0.2382718301798511
0.8139809655187322,0.18601903448126778
0.8832580226088828,0.11674197739111723
0.8469095234598274,0.15309047654017244
0.8706950233466467,0.1293049766533533
0.8184408941803162,0.18155910581968382
0.7527465895743518,0.24725341042564816
0.8567453283626557,0.14325467163734412
0.8101583874478833,0.1898416125521167
0.8300833711017631,0.16991662889823697
0.7885917410779967,0.2114082589220034
0.8565737063932186,0.14342629360678144
0.8172393964985609,0.18276060350143913
0.8092227338979078,0.19077726610209222
0.7377726666409724,0.26222733335902787
0.8423426042059715,0.15765739579402854
0.8070603188922562,0.1929396811077438
0.7950841209518987,0.20491587904810127
0.8104779046404355,0.18952209535956457
0.7623867064458544,0.23761329355414548
0.8269530189549841,0.17304698104501598
0.8332957848062155,0.16670421519378448
0.8893404414399856,0.11065955856001436
0.8205619288685246,0.17943807113147536
0.8135298587831907,0.18647014121680938
0.7639748254881292,0.23602517451187086
0.8426811655255901,0.15731883447440972
0.7736048700982522,0.2263951299017481
0.842323545384392,0.15767645461560784
0.7990462240686091,0.20095377593139088
0.8006201562261623,0.1993798437738374
0.7570393864055963,0.24296061359440368
0.8561619947239377,0.14383800527606222
0.8404087714786673,0.15959122852133253
0.8740591770010233,0.12594082299897671
0.7389655107272839,0.2610344892727162
0.7790953991010956,0.22090460089890437
0.8762701172286519,0.12372988277134817
0.8041299933567596,0.1958700066432403
0.8425002703205343,0.15749972967946554
0.8345565539579868,0.16544344604201333
0.8379525155764743,0.16204748442352573
0.8816297094727875,0.11837029052721244
0.8130186457969958,0.1869813542030042
0.807631066738183,0.1923689332618171
0.8245122717212335,0.17548772827876655
0.8070916864847233,0.1929083135152766
0.8156321308245044,0.1843678691754956
0.757577731480627,0.24242226851937318
0.7974982610303772,0.2025017389696228
0.8094632533890731,0.19053674661092682
0.8941540383042633,0.10584596169573696
0.8474274045400976,0.15257259545990262
0.8522258613709786,0.14777413862902136
0.8013078728681966,0.19869212713180343
0.8714224499262054,0.12857755007379446
0.8126312259363245,0.1873687740636755
0.7939274183327056,0.20607258166729422
0.8065660503232674,0.19343394967673253
0.8627946470148096,0.13720535298519054
0.833680401397507,0.16631959860249307
0.7877049312201344,0.21229506877986548
0.8330483977230909,0.1669516022769092
0.8376470998119369,0.16235290018806317
0.8098643623944274,0.19013563760557256
0.8757160625886922,0.1242839374113078
0.8359072564467741,0.1640927435532259
0.8546695065636883,0.14533049343631158
0.7941152197611777,0.20588478023882228
0.8565724406691888,0.14342755933081117
0.8454381237152543,0.15456187628474571
0.8175706175022736,0.18242938249772647
0.8614406209457635,0.13855937905423651
0.8221381989053402,0.1778618010946598
0.8614998221056127,0.13850017789438732
0.7627977358494114,0.2372022641505888
0.8436596383878174,0.15634036161218262
0.9384531964283601,0.06154680357164002
0.7194758507004113,0.2805241492995887
0.8483388654442333,0.15166113455576688
0.8212351451510974,0.17876485484890253
0.8125015429494706,0.18749845705052925
0.8346032130998382,0.16539678690016182
0.8233489804668916,0.1766510195331084
0.935303764658821,0.06469623534117894
0.8518871772795628,0.14811282272043724
0.8065813168977654,0.19341868310223462
0.7668402783013936,0.23315972169860644
0.791019896802748,0.208980103197252
0.9330535161299367,0.06694648387006336
0.8852856621067386,0.11471433789326135
0.8619244472299257,0.13807555277007433
0.8118199809232334,0.18818001907676665
0.861082026349454,0.138917973650546
0.8899966631525627,0.11000333684743731
0.8371067700968481,0.16289322990315178
0.7443085493118742,0.2556914506881258
0.8096534884559552,0.19034651154404486
0.8035918996298982,0.19640810037010173
0.7580908504058422,0.2419091495941578
0.7945826335292547,0.20541736647074532
0.8432591451050376,0.15674085489496237
0.8807680247273094,0.11923197527269055
0.8350544612828287,0.16494553871717132
0.8707959807194994,0.1292040192805006
0.8377487601741643,0.16225123982583559
0.7960108011119589,0.20398919888804126
0.719393938142768,0.28060606185723197
0.8233333966515625,0.17666660334843756
0.8376441124822922,0.16235588751770771
0.8234883697957803,0.17651163020421967
0.7970297863260982,0.20297021367390172
0.7645212482797813,0.2354787517202187
0.8308037911795685,0.16919620882043154
0.891032468569694,0.10896753143030605
0.8565742634940113,0.14342573650598883
0.8097663232160945,0.19023367678390551
0.8389127202474775,0.16108727975252246
0.8221108192545277,0.17788918074547233
0.7787515106734407,0.22124848932655913
0.8016551801693169,0.1983448198306831
0.886110890124016,0.11388910987598393
0.8326132282369395,0.16738677176306052
0.8424542679917223,0.15754573200827768
0.8698340988304258,0.1301659011695743
0.7896837831026738,0.21031621689732632
0.820314926212028,0.17968507378797202
0.7935904679115244,0.20640953208847546
0.7862436548342792,0.21375634516572062
0.8236679457896,0.1763320542104
0.7891789993500742,0.21082100064992587
0.8121916732199758,0.18780832678002415
0.7745025358750924,0.22549746412490757
0.8426091589829304,0.1573908410170694
0.7893929232252846,0.21060707677471566
0.8615449618449396,0.13845503815506036
0.8565717379372418,0.143428262062758
0.8720023921685679,0.12799760783143202
0.8599937699164635,0.14000623008353663
0.7726385290087855,0.22736147099121456
0.8690475589582219,0.13095244104177814
0.8457940263432308,0.1542059736567692
0.8375173452541084,0.1624826547458918
0.8380701298040836,0.16192987019591648
0.773005523662026,0.22699447633797384
0.8374311104551299,0.16256888954487017
0.8461646611292977,0.15383533887070225
0.7779385333017872,0.22206146669821286
0.912157302808104,0.08784269719189605
0.8632028592471577,0.13679714075284233
0.7588126898081602,0.24118731019183987
0.8392696605019665,0.16073033949803364
0.8624105216638966,0.13758947833610333
0.7997605779601014,0.20023942203989856
0.8035979062339111,0.1964020937660888
0.8170089416439681,0.18299105835603194
0.8608778869749967,0.13912211302500324
0.812692048096033,0.187307951903967
0.8038824680875533,0.1961175319124468
0.7803008844014381,0.21969911559856198
0.9245413586714205,0.07545864132857931
0.7444098919854095,0.2555901080145906
0.816671160589141,0.18332883941085892
0.8616131221068773,0.13838687789312276
0.7290355020455712,0.27096449795442884
0.809512612155422,0.190487387844578
0.8613061447946949,0.13869385520530508
0.8437267401477211,0.15627325985227902
0.8740882063790381,0.12591179362096191
0.8467814195661438,0.15321858043385625
0.8138490740893012,0.1861509259106988
0.8278801802876586,0.17211981971234136
0.8483997449917381,0.15160025500826202
0.8522452378650578,0.14775476213494212
0.795387347675955,0.2046126523240451
0.8061128984554431,0.19388710154455693
0.8395271875786958,0.16047281242130426
0.8006166257471972,0.19938337425280284
0.7910433862079285,0.2089566137920716
0.7467840289504444,0.25321597104955584
0.7914104143771331,0.20858958562286717
0.7208996842421936,0.2791003157578062
0.8263740263680164,0.1736259736319838
0.8350522008464563,0.16494779915354388
0.6948913798751037,0.3051086201248963
0.8939708719883143,0.10602912801168583
0.8054354745525054,0.19456452544749464
0.7800375689659392,0.21996243103406107
0.8368822417595002,0.16311775824049984
0.8241622291282126,0.17583777087178742
0.8368848536219669,0.16311514637803332
0.7717432223714097,0.22825677762859026
0.8405101805700471,0.15948981942995286
0.8521112079601025,0.14788879203989755
0.8069703526350217,0.1930296473649783
0.8519500042137109,0.14804999578628905
0.8080050967043045,0.1919949032956954
0.8565737214561236,0.1434262785438765
0.8478053766399957,0.1521946233600044
0.8566344655961242,0.1433655344038759
0.8094024581200366,0.19059754187996336
0.8644759340068452,0.13552406599315472
0.7860665816639343,0.21393341833606566
0.8614130956372031,0.13858690436279697
0.8434632435639934,0.15653675643600665
0.8960434348973914,0.10395656510260877
0.766660578781304,0.2333394212186961
0.7820754312314624,0.2179245687685375
1.0,0.0
0.8293673691836267,0.17063263081637337
0.7679826509583845,0.23201734904161558
0.9072057697526537,0.09279423024734632
0.8332309682695704,0.16676903173042942
0.8972495340539642,0.10275046594603572
0.7526981387633188,0.24730186123668116
0.7682417194007041,0.23175828059929604
0.8287935962193443,0.17120640378065566
0.8133120485296023,0.1866879514703978
0.9031072214431748,0.09689277855682539
0.8584786183578511,0.14152138164214895
0.8707280451085732,0.12927195489142682
0.8657877809222922,0.1342122190777076
0.8613606230132224,0.13863937698677753
0.8384133389603385,0.16158666103966154
0.8144563340794244,0.18554366592057558
0.9207899700530945,0.07921002994690551
0.8197248234501007,0.1802751765498994
0.7563567304365291,0.24364326956347093
0.7957256075417951,0.20427439245820495
0.8423761936083065,0.15762380639169338
0.7670109506860145,0.2329890493139854
0.7700716626674515,0.22992833733254844
0.8130477417316202,0.1869522582683798
0.9305993383135995,0.06940066168640041
0.8652870497215426,0.13471295027845756
0.7865902713696131,0.2134097286303869
0.8480585122641626,0.1519414877358374
0.8420546088956109,0.15794539110438902
0.8730930668415006,0.12690693315849955
0.8381522092325951,0.161847790767405
0.8592333370793516,0.1407666629206483
0.8510982675601111,0.14890173243988894
0.8430141115768939,0.15698588842310635
0.8035777971586702,0.19642220284132986
0.8936260057763549,0.10637399422364509
0.8757099547137598,0.12429004528624032
0.8130927530049967,0.18690724699500325
0.8142156634168362,0.18578433658316382
0.7840780635884447,0.21592193641155547
0.8264467584148744,0.17355324158512567
0.7892420890570502,0.21075791094295018
0.8162115326024711,0.18378846739752897
0.7920994994651349,0.20790050053486503
0.9115770406927873,0.08842295930721272
0.7676593676783539,0.23234063232164628
0.8422992712167179,0.1577007287832821
0.894705084866872,0.10529491513312818
0.7571927496237371,0.24280725037626277
0.9105406932486804,0.0894593067513195
0.9370215661134317,0.06297843388656853
0.8589441391238912,0.14105586087610872
0.7334877135406325,0.26651228645936753
0.8363562491085247,0.16364375089147545
0.832237302391742,0.16776269760825813
0.8818051419315983,0.11819485806840165
0.781676169617814,0.21832383038218586
0.8433954323373135,0.15660456766268663
0.8221363613499405,0.17786363865005952
0.8963787117842082,0.10362128821579185
0.8740146897778016,0.12598531022219833
0.8090264454531333,0.1909735545468666
0.8565750708965962,0.14342492910340368
0.8807700533783882,0.11922994662161181
0.8248104331818906,0.1751895668181094
0.8565740868860657,0.14342591311393432
0.9032170764224422,0.09678292357755769
0.8672450389520583,0.13275496104794168
0.832280820072387,0.16771917992761318
0.8465146212628513,0.1534853787371487
0.7870037893576143,0.21299621064238583
0.9113545784551936,0.08864542154480629
0.9001303591772671,0.09986964082273278
0.7474020272431023,0.2525979727568977
0.7803496592347781,0.21965034076522208
0.8232674709629191,0.176732529037081
0.8753995677463866,0.12460043225361342
0.8142397352890614,0.18576026471093884
0.8952361670786266,0.10476383292137338
0.8144522083837429,0.18554779161625712
0.8112878382336388,0.18871216176636135
0.8480661481133515,0.1519338518866486
0.795393362822078,0.2046066371779222
0.8352661511783879,0.1647338488216122
0.7876786646343651,0.2123213353656351
0.7828987593491804,0.2171012406508198
0.8421367377558098,0.1578632622441903
0.8324079998198135,0.16759200018018633
0.8480956223477796,0.1519043776522203
0.8436606478043799,0.15633935219562017
0.8842031567072787,0.11579684329272132
0.8393505774205531,0.16064942257944692
0.8372167684712821,0.16278323152871785
0.8143610336862306,0.18563896631376944
0.8708170449433493,0.12918295505665078
0.7994586830756655,0.20054131692433452
0.756024527781147,0.24397547221885313
0.7809854116458561,0.21901458835414397
0.8007098331536933,0.19929016684630682
0.8472635268091762,0.1527364731908238
0.9024599358423768,0.09754006415762323
0.8423761417871422,0.15762385821285782
0.8505621754939157,0.14943782450608428
0.8487679132018544,0.15123208679814565
0.8565739671648543,0.1434260328351456
0.7924451669063587,0.20755483309364134
0.810819307154779,0.1891806928452209
0.7531570692746651,0.24684293072533495
0.8078254305564805,0.19217456944351952
0.7680957640376911,0.23190423596230894
0.8104414459571372,0.1895585540428628
0.9152111060294308,0.08478889397056931
0.7634855721507,0.2365144278493
0.8710103239108361,0.1289896760891639
0.8240275692549709,0.175972430745029
0.8039360771450417,0.19606392285495838
0.9201691640677446,0.07983083593225541
0.8523293843995587,0.14767061560044142
0.8232606353559109,0.1767393646440893
0.813961525103247,0.18603847489675318
0.7795322566549502,0.22046774334504982
0.8975927144423251,0.1024072855576748
0.8661423592076504,0.13385764079234969
0.7851996584661122,0.21480034153388777
0.8517865123887569,0.14821348761124303
0.8255227265564574,0.17447727344354252
0.8609679760238436,0.13903202397615652
0.9044252704728797,0.09557472952712044
0.8565729011439699,0.1434270988560302
0.8969020237306453,0.10309797626935474
0.8539761970719474,0.14602380292805264
0.8928050752017469,0.1071949247982531
0.8605456600548536,0.13945433994514653
0.8846655989581526,0.1153344010418474
0.9058537983580192,0.09414620164198079
0.8875020397945197,0.11249796020548025
0.8963117893213004,0.10368821067869954
0.7565812977966279,0.2434187022033722
0.872725387526697,0.127274612473303
0.8153518638002054,0.18464813619979448
0.8095095043458814,0.19049049565411866
0.8470031439476295,0.15299685605237043
0.8524457116963652,0.14755428830363487
0.868364352449288,0.13163564755071205
0.771416619206202,0.2285833807937979
0.8134730825263895,0.1865269174736106
0.852091965416921,0.147908034583079
0.7764018213091176,0.22359817869088244
0.8753044464975535,0.12469555350244658
0.8178337467950985,0.1821662532049016
0.8142162794363872,0.18578372056361284
0.8292364038904426,0.1707635961095574
0.9297607202082003,0.07023927979179978
0.8340337475139228,0.16596625248607724
0.8225053507336892,0.17749464926631073
0.8181335767740413,0.18186642322595864
0.8267421916184892,0.17325780838151092
0.837329670318014,0.16267032968198597
0.8980192221086071,0.10198077789139297
0.7609787926565604,0.2390212073434394
0.7679625024379052,0.23203749756209485
0.7474080156339283,0.2525919843660716
0.8525337526773905,0.14746624732260943
0.7197033539483351,0.28029664605166504
0.8120121924475973,0.18798780755240269
0.7877290947904705,0.21227090520952954
0.7388850794388191,0.26111492056118085
0.8695049769412068,0.13049502305879343
0.85653930644914,0.14346069355086
0.737496168849396,0.26250383115060394
0.8813302421698064,0.11866975783019375
0.908319032394937,0.09168096760506296
0.8437265001585935,0.15627349984140662
0.9206818405915826,0.07931815940841737
0.7940158130940667,0.2059841869059333
0.7982663141090263,0.2017336858909739
0.7980283562377649,0.2019716437622352
0.8654043335416597,0.13459566645834042
0.8565738922250864,0.1434261077749137
0.8609366060798123,0.1390633939201878
0.8693581492908228,0.13064185070917717
0.831531917130758,0.16846808286924214
0.8180756354085376,0.1819243645914624
0.7928520861519948,0.20714791384800518
0.7619282149324388,0.23807178506756127
0.7518879846741071,0.2481120153258929
0.8438595184718042,0.1561404815281959
0.7587243157903397,0.24127568420966036
0.8056422781650556,0.1943577218349443
0.8470052377591425,0.15299476224085762
0.8712552084789562,0.12874479152104384
0.8322287565465508,0.16777124345344915
0.8936149530392662,0.1063850469607338
0.9107987655997385,0.08920123440026166
0.8960584099533612,0.10394159004663889
0.8565737088868318,0.14342629111316813
0.780854756912887,0.219145243087113
0.7547352661928882,0.24526473380711183
0.8001962122422264,0.1998037877577736
0.8238099557760759,0.17619004422392417
0.7680312514792199,0.23196874852078017
0.8010128878391892,0.19898711216081078
0.8203164336358496,0.1796835663641503
0.8912328421294157,0.10876715787058444
0.8047644630844276,0.19523553691557227
0.8022708834045409,0.19772911659545908
0.8299439781899779,0.17005602181002202
0.8975797334947399,0.10242026650526044
0.8128706631136087,0.1871293368863913
0.7698761178531576,0.23012388214684248
0.7668837068235297,0.23311629317647004
0.852115663924531,0.14788433607546897
0.7808599254797719,0.21914007452022813
0.7673924313360794,0.23260756866392068
0.8565353629381799,0.14346463706182006
0.7645951396868478,0.2354048603131521
0.806754120144578,0.19324587985542208
0.8954178443402488,0.10458215565975125
0.878204143150856,0.12179585684914404
0.8333169763878143,0.16668302361218576
0.8565740083523471,0.1434259916476529
0.832535773536294,0.16746422646370598
0.8029261587735784,0.19707384122642152
0.8066761926250396,0.19332380737496033
0.8135383711206898,0.18646162887931025
0.8003856141272964,0.19961438587270366
0.8215753567816864,0.17842464321831367
0.832646744777108,0.16735325522289202
0.7756040093430925,0.22439599065690757
0.8527169550557883,0.14728304494421185
0.8606385848203949,0.1393614151796051
0.8994219250030995,0.10057807499690044
0.8084554241774702,0.19154457582252965
0.7939925262370351,0.20600747376296508
0.8201235266998166,0.17987647330018347
0.7819483243712838,0.21805167562871614
0.8417200162648245,0.15827998373517554
0.817440600272149,0.18255939972785096
0.7396056925264155,0.2603943074735844
0.8931276722980817,0.10687232770191835
0.7921206621537753,0.20787933784622462
0.8663094092382487,0.13369059076175124
0.8137925068274575,0.18620749317254254
0.8211901750677258,0.17880982493227418
0.7966116082282283,0.20338839177177181
0.7932803612069842,0.2067196387930158
0.8199288393212391,0.1800711606787609
0.8646272499354918,0.13537275006450838
0.8000543789243876,0.19994562107561248
0.7920481114517081,0.20795188854829183
0.77572135999884,0.22427864000116007
0.7871055346892094,0.21289446531079062
0.7896922691705056,0.2103077308294945
0.802253793782883,0.19774620621711705
0.857706961560703,0.14229303843929703
0.8101570980842482,0.18984290191575187
0.8310559777778554,0.16894402222214477
0.8101676217436451,0.18983237825635493
0.8738956493662968,0.1261043506337033
0.8428329762393331,0.15716702376066685
0.80568791330399,0.19431208669601
0.8372608700521419,0.16273912994785839
0.820529946298782,0.17947005370121785
0.8936976451350586,0.10630235486494136
0.856571839300609,0.14342816069939096
0.8652698515616868,0.1347301484383132
0.7906833789716531,0.20931662102834686
0.8057722101945727,0.19422778980542738
0.8517895534406293,0.1482104465593706
0.8569056145904692,0.14309438540953073
0.8975862557482359,0.10241374425176399
0.7776117678695486,0.22238823213045167
0.7585575235259097,0.24144247647409023
0.8724082435633814,0.1275917564366186
0.7957004810381512,0.20429951896184895
0.8903158865478347,0.10968411345216547
0.7848806291488454,0.21511937085115457
0.8007116624017294,0.19928833759827067
0.8620101271853221,0.1379898728146779
0.8372186769529495,0.16278132304705056
0.8155633619487742,0.18443663805122573
0.8191275584697153,0.18087244153028484
0.8268902938667919,0.17310970613320817
0.8259936506746935,0.17400634932530634
0.8355796546378399,0.1644203453621602
0.7563480842525325,0.2436519157474675
0.8303506977023003,0.16964930229769967
0.8895212817359509,0.11047871826404923
0.7590413781665069,0.2409586218334932
0.8176359552176719,0.1823640447823281
0.7772726430195324,0.22272735698046767
0.8049032532165609,0.19509674678343913
0.8144454964891806,0.1855545035108194
0.8003257619429305,0.19967423805706966
0.9071915777100382,0.09280842228996167
0.9210102580109996,0.07898974198900036
0.8099286549706877,0.19007134502931244
0.8226463718936232,0.17735362810637675
0.8092489676861583,0.1907510323138418
0.8814745661533888,0.11852543384661128
0.8007107589486779,0.19928924105132215
0.804451478146899,0.19554852185310112
0.828179119156871,0.17182088084312896
0.8472689370742974,0.15273106292570265
0.8422788118494522,0.15772118815054806
0.8040637273184569,0.19593627268154318
0.8054351073061943,0.19456489269380575
0.8245095044338667,0.1754904955661333
0.9549493194809665,0.045050680519033624
0.8801063232808286,0.1198936767191716
0.885223717513473,0.11477628248652708
0.7819614917214858,0.21803850827851437
0.8168635874264719,0.18313641257352797
0.8614132455366452,0.13858675446335472
0.8478829577614874,0.15211704223851258
0.8378536317198575,0.16214636828014262
0.847697051572177,0.15230294842782305
0.887714543568591,0.11228545643140904
0.8907605576586419,0.10923944234135806
0.8876420492096319,0.11235795079036814
0.8187181464347723,0.1812818535652277
0.8755035536348202,0.12449644636517974
0.7906865100121933,0.20931348998780674
0.8517614426773209,0.14823855732267913
0.782926911894333,0.2170730881056669
0.8119604918494918,0.18803950815050818
0.861440445898886,0.13855955410111406
0.7637644355073954,0.23623556449260472
0.7522095481992183,0.24779045180078188
0.886970187153247,0.11302981284675279
0.8539022654645979,0.14609773453540206
0.8701334724041953,0.1298665275958047
0.8845693427592435,0.11543065724075653
0.7848576554459928,0.21514234455400727
0.7704864020802534,0.2295135979197465
0.8080051022851303,0.19199489771486963
0.8303571383647433,0.16964286163525674
0.8836747405315041,0.11632525946849599
0.9112649078078681,0.08873509219213191
0.8165620573261214,0.18343794267387867
0.821412586808695,0.17858741319130497
0.8284883557783808,0.17151164422161927
0.9374074221913861,0.06259257780861392
0.8479873775033598,0.15201262249664024
0.8318559016784568,0.16814409832154326
0.8105408298154091,0.1894591701845909
0.8516831445859468,0.14831685541405312
0.8615268583500347,0.1384731416499652
0.8337184543269914,0.1662815456730088
0.8469489886888085,0.1530510113111914
0.8089859862158907,0.19101401378410934
0.8652261013760469,0.13477389862395306
0.813788407305304,0.18621159269469606
0.8728504464302711,0.12714955356972876
0.8353398992533637,0.16466010074663626
0.8021103920728402,0.1978896079271599
0.9235683127170907,0.07643168728290924
0.7967075313860102,0.20329246861398978
0.8113150383412374,0.18868496165876253
0.7977890890311348,0.20221091096886523
0.7438805676791583,0.2561194323208417
0.8197489719881007,0.18025102801189927
0.8448341434043363,0.15516585659566368
0.7500886042135682,0.2499113957864317
0.7908679376503788,0.20913206234962115
0.865228288971723,0.134771711028277
0.8520852184576193,0.14791478154238066
0.9078583038408065,0.09214169615919345
0.862943180886352,0.13705681911364795
0.8284222075829661,0.17157779241703372
0.98226925615922,0.017730743840779876
0.7923777631636306,0.20762223683636938
0.7974997434014574,0.20250025659854268
0.7639992991172718,0.23600070088272812
0.8722661496549571,0.1277338503450429
0.7920687152469976,0.2079312847530023
0.8487813953338103,0.1512186046661897
0.8062289474148646,0.1937710525851354
0.8470561605308107,0.15294383946918935
0.83833850464767,0.16166149535232985
0.8058973315614101,0.19410266843858995
0.8003076048300505,0.19969239516994952
0.870027132325567,0.12997286767443292
0.7790972579824517,0.22090274201754845
0.9113690659499029,0.08863093405009712
0.9295770361200574,0.07042296387994262
0.8046609294079587,0.19533907059204128
0.7529127991613174,0.24708720083868269
0.7613458368224645,0.23865416317753546
0.8426086150621611,0.15739138493783894
0.8174409831566573,0.18255901684334272
0.7795353135019473,0.2204646864980527
0.9072019405339244,0.0927980594660756
0.7972619802505988,0.2027380197494012
0.8617370581981016,0.13826294180189833
0.922901159926976,0.07709884007302417
0.8423317448614017,0.15766825513859828
0.7780088790276258,0.22199112097237417
0.8991730869755589,0.10082691302444134
0.7872260540066017,0.21277394599339838
0.7860124408868729,0.21398755911312692
0.8209779393277001,0.17902206067229975
0.8316742504160592,0.16832574958394086
0.8480336769628305,0.15196632303716945
0.8715327744442702,0.12846722555572987
0.7760064721746969,0.22399352782530313
0.9578366114584462,0.042163388541553826
0.8200541693064248,0.17994583069357523
0.9275327238390056,0.07246727616099427
0.7721880182836958,0.22781198171630426
0.7996897870797708,0.20031021292022924
0.8374763681512744,0.16252363184872565
0.8760324168865781,0.12396758311342192
0.8213476844960419,0.1786523155039581
0.8478775888485145,0.15212241115148564
0.8550448988357606,0.14495510116423932
0.8637320402724412,0.13626795972755898
0.7696631772333696,0.2303368227666304
0.7851926398791335,0.21480736012086643
0.8565747689430316,0.14342523105696844
0.7906842720217104,0.20931572797828962
0.787909927539859,0.21209007246014103
0.8935069808765117,0.10649301912348828
0.8265980729696806,0.17340192703031945
0.8946200109703275,0.1053799890296723
0.7966646710938057,0.20333532890619435
0.847697257663856,0.1523027423361441
0.8132643818066954,0.1867356181933046
0.9301930226804715,0.06980697731952827
0.8034530086498101,0.19654699135019
0.7410871698639196,0.25891283013608046
0.7896022750290552,0.21039772497094475
0.7916898681731932,0.2083101318268068
0.8007645229787831,0.19923547702121677
0.7614092576196283,0.23859074238037167
0.9069024520784232,0.09309754792157685
0.8432733970970008,0.15672660290299917
0.7693453843236459,0.23065461567635415
0.8395520960230726,0.16044790397692743
0.8798373474160395,0.12016265258396053
0.8586885999429004,0.1413114000570996
0.7762603265342014,0.22373967346579854
0.7676289467866112,0.2323710532133889
0.8556579817547606,0.14434201824523932
0.7926594019984426,0.20734059800155755
0.756057404017358,0.24394259598264212
0.7906834335156409,0.20931656648435915
0.7748186087962345,0.2251813912037655
0.8702937431368569,0.12970625686314313
0.8084516189800119,0.19154838101998825
0.826890486932578,0.173109513067422
0.8110767481157117,0.18892325188428827
0.7577506698215153,0.2422493301784848
0.791684721770144,0.20831527822985604
0.7685321452786162,0.23146785472138384
0.8231955221966251,0.17680447780337505
0.8347728308961031,0.1652271691038969
0.8041541170226995,0.19584588297730063
0.8072099951036013,0.1927900048963987
0.8462167640323994,0.15378323596760063
0.8710149492502702,0.12898505074972974
0.801568111841879,0.19843188815812102
0.8522451671541943,0.14775483284580565
0.8104211126434333,0.18957888735656692
0.7642427269399004,0.23575727306009947
0.9373205114043288,0.06267948859567124
0.8426832105143311,0.1573167894856689
0.824847942341774,0.17515205765822592
0.8435272291947571,0.15647277080524286
0.7222553441986266,0.2777446558013734
0.8098643563604772,0.19013564363952298
0.8261864398787905,0.17381356012120958
0.8522475934137254,0.14775240658627475
0.8581686111807879,0.14183138881921206
0.8185390929882593,0.1814609070117406
0.8172426068390284,0.18275739316097156
0.881699177616745,0.11830082238325511
0.8968459264368687,0.10315407356313136
0.8406442808764742,0.15935571912352572
0.8027577241235767,0.19724227587642337
0.8172414260661394,0.18275857393386075
0.8219646437703048,0.1780353562296952
0.8139861623197708,0.18601383768022914
0.8467022346009527,0.15329776539904733
0.7555677524658915,0.24443224753410853
0.818729769349325,0.18127023065067513
0.8704640918320954,0.12953590816790453
0.7516033198722597,0.24839668012774044
0.8478782176288311,0.15212178237116897
0.840828183363592,0.1591718166364081
0.8516263562306517,0.14837364376934825
0.8348519169564246,0.16514808304357548
0.8061870028646271,0.1938129971353729
0.9332306533702498,0.06676934662975022
0.789689997483194,0.21031000251680615
0.7964188270263289,0.20358117297367104
0.8131669214959815,0.1868330785040184
0.8654947124771286,0.13450528752287155
0.811706412185252,0.1882935878147481
0.8092981506128502,0.19070184938714974
0.8510797672971931,0.14892023270280677
0.7536218996233341,0.24637810037666602
0.8331709949624869,0.16682900503751308
0.8894526315092628,0.11054736849073725
0.8697543245604945,0.1302456754395056
0.8390937226319837,0.16090627736801616
0.8255304752840157,0.17446952471598434
0.8475423204154753,0.15245767958452475
0.9239440489201255,0.0760559510798745
0.842531398261984,0.15746860173801594
0.8612602351200246,0.13873976487997547
0.804225421226915,0.19577457877308505
0.8760402315342294,0.12395976846577059
0.7426452153659662,0.25735478463403366
0.8435328189991743,0.15646718100082552
0.9085983370398221,0.091401662960178
0.866894116633558,0.13310588336644213
0.870422494101428,0.12957750589857187
0.8425476400229761,0.1574523599770238
0.8279894170283189,0.1720105829716811
0.848037255456243,0.15196274454375702
0.7871220147087341,0.21287798529126592
0.799468457924765,0.2005315420752352
0.8137761541221858,0.1862238458778142
0.8644724767734251,0.13552752322657496
0.8282279210371312,0.17177207896286883
0.7807179668341686,0.21928203316583145
0.8131232756336214,0.18687672436637862
0.7907300036003785,0.2092699963996216
0.7941885020807158,0.2058114979192842
0.8951408418862256,0.10485915811377443
0.8452064187565849,0.15479358124341522
0.8201238740314817,0.1798761259685183
0.8093421838540762,0.19065781614592378
0.9374373423836146,0.06256265761638546
0.8329515700945577,0.16704842990544233
0.8299887263059069,0.17001127369409308
0.8033944144698272,0.19660558553017296
0.8180929031606421,0.18190709683935785
0.8272382325195263,0.17276176748047367
0.7943039218221638,0.20569607817783622
0.8658384300881119,0.1341615699118879
0.8172423328790996,0.18275766712090036
0.8660912116932072,0.13390878830679276
0.7734136170976338,0.2265863829023662
0.8345553398861066,0.16544466011389347
0.8229182125831876,0.17708178741681227
0.7863631278531186,0.21363687214688137
0.8809655350832889,0.1190344649167111
0.8610585214034948,0.13894147859650527
0.8272594516639481,0.1727405483360519
0.8710591716864017,0.12894082831359824
0.8329105392432489,0.16708946075675135
0.8004195660373692,0.19958043396263053
0.8746824706827906,0.12531752931720955
0.8329165720624453,0.16708342793755473
0.8193293063839537,0.18067069361604635
0.8016030778939307,0.19839692210606932
0.8823925647236056,0.1176074352763944
0.8659092969952882,0.13409070300471185
0.876041378731898,0.12395862126810206
0.8467131202464846,0.15328687975351565
0.8278750781371598,0.17212492186284037
0.9048284703667733,0.09517152963322666
0.8217888992286831,0.17821110077131688
0.7855972930617059,0.2144027069382941
0.8221538116244094,0.17784618837559066
0.8436614199804313,0.1563385800195687
0.8962637946911983,0.10373620530880175
0.784127138397208,0.21587286160279193
0.8098920525472519,0.19010794745274814
0.8092256697715139,0.19077433022848617
0.7826598603770023,0.21734013962299778
0.8223103906468079,0.17768960935319206
0.8764659119940326,0.1235340880059676
0.8130192079759627,0.1869807920240373
0.866166768637384,0.1338332313626159
0.8267166948011405,0.17328330519885954
0.8758216611911976,0.12417833880880237
0.8097703037803555,0.19022969621964447
0.893884019139445,0.10611598086055506
0.8060727813006702,0.19392721869932986
0.7628301628849159,0.237169837115084
0.8777735590112159,0.12222644098878414
0.8185040529872872,0.1814959470127128
0.8286774929575177,0.17132250704248245
0.8479239028131084,0.15207609718689166
0.7855404486610029,0.2144595513389972
0.7835219632701252,0.21647803672987484
0.8092254397768196,0.1907745602231803
0.8000969524801579,0.1999030475198421
0.8015076630665844,0.19849233693341542
0.8142156122628732,0.18578438773712683
0.8201243880610943,0.1798756119389058
0.8076090157948567,0.1923909842051434
0.8289539557650977,0.1710460442349024
0.8027394280673443,0.19726057193265556
0.8778106156202612,0.12218938437973881
0.8269121922967186,0.17308780770328142
0.8137449289904628,0.1862550710095371
0.7380491428344459,0.2619508571655542
0.813958154703933,0.18604184529606704
0.7348211652808128,0.26517883471918713
0.8482185500559282,0.15178144994407183
0.8174193446937676,0.1825806553062324
0.83312475859565,0.16687524140435
0.7335571292585,0.26644287074149986
0.9364543330916109,0.06354566690838907
0.7639927503053533,0.23600724969464684
0.8379519034161568,0.1620480965838432
0.7603987396731138,0.2396012603268861
0.9453044943650137,0.05469550563498633
0.8199896977531476,0.1800103022468525
0.833550276570505,0.16644972342949488
0.9143202510184758,0.08567974898152407
0.8011730102856326,0.19882698971436735
0.8186250647054518,0.1813749352945482
0.847596230816194,0.15240376918380596
0.7890746838470072,0.2109253161529928
0.8246874578195831,0.17531254218041703
0.8022269274928214,0.19777307250717857
0.8185986047757436,0.1814013952242564
0.820635144116233,0.17936485588376697
0.8219657390949507,0.17803426090504942
0.8998790170503198,0.1001209829496802
0.9059050211543578,0.0940949788456423
0.813744914574828,0.1862550854251721
0.8741445948063314,0.12585540519366858
0.8045397224606189,0.19546027753938114
0.7525403107752103,0.24745968922478975
0.8110109547655131,0.18898904523448692
0.8333171912007058,0.1666828087992943
0.8205073892290545,0.17949261077094555
0.7737324415705374,0.22626755842946242
0.846894885010963,0.1531051149890371
0.7751080358365882,0.22489196416341176
0.8101891001621008,0.18981089983789928
0.8227318194324416,0.1772681805675585
0.7983830980030403,0.2016169019969596
0.8952887663224821,0.10471123367751801
0.7774860962622867,0.22251390373771346
0.7577873675917391,0.24221263240826102
0.8169474221321996,0.1830525778678004
0.7928802409628951,0.20711975903710492
0.8832920763899815,0.11670792361001867
0.8518400998870334,0.14815990011296665
0.7994700838218721,0.20052991617812801
0.8653585572756658,0.1346414427243342
0.7866597662197296,0.21334023378027062
0.7752671856902714,0.2247328143097287
0.7880475500187518,0.21195244998124818
0.8224813472335832,0.17751865276641673
0.8562439607934378,0.1437560392065621
0.7490233587898782,0.2509766412101218
0.8759367822506547,0.12406321774934524
0.7837096319418393,0.21629036805816085
0.8298058232548461,0.1701941767451539
0.8802365624233146,0.11976343757668576
0.8565726148344446,0.14342738516555534
0.8019856915663035,0.19801430843369652
0.8377646302547083,0.16223536974529162
0.8464064147885829,0.15359358521141725
0.8303431128541109,0.16965688714588922
0.7815234752759731,0.21847652472402687
0.8270759611887499,0.1729240388112501
0.763034928458491,0.23696507154150911
0.9126444442089429,0.0873555557910572
0.8277004333185709,0.1722995666814292
0.8197262973985996,0.18027370260140038
0.8544432820700172,0.14555671792998295
0.8593775705618063,0.14062242943819372
0.8595353328501811,0.14046466714981884
0.8515946841642478,0.14840531583575195
0.7444999332930277,0.2555000667069722
0.8721889596499727,0.12781104035002733
0.8049373183817238,0.195062681618276
0.83926881871399,0.16073118128600994
0.8565732268565315,0.14342677314346866
0.8613445160141114,0.13865548398588837
0.8380892199701473,0.16191078002985282
0.8284893475597239,0.17151065244027613
0.876271096664936,0.12372890333506421
0.8472600846665207,0.15273991533347941
0.8197318339365834,0.1802681660634167
0.8234471004566568,0.17655289954334324
0.8376442165377702,0.16235578346222987
0.8171987662808159,0.18280123371918403
0.8095574450806936,0.19044255491930656
0.8086876449893456,0.19131235501065436
0.7489674381774128,0.2510325618225872
0.8811532929622287,0.11884670703777135
0.7537926712515507,0.24620732874844944
0.8187758741146582,0.18122412588534187
0.7449752572567668,0.2550247427432331
0.8479777571186644,0.15202224288133548
0.8738778363058342,0.12612216369416582
0.7477396455427047,0.25226035445729533
0.8876408464157118,0.11235915358428816
0.8420597737069293,0.15794022629307075
0.8051314170104291,0.19486858298957108
0.765728035416063,0.23427196458393704
0.9079092642693709,0.09209073573062909
0.8208856624935189,0.17911433750648126
0.7478133765340506,0.25218662346594956
0.8096981974713838,0.19030180252861617
0.7921221918124715,0.20787780818752885
0.8146001027156692,0.18539989728433076
0.9287910848520694,0.07120891514793055
0.7566154606191021,0.24338453938089766
0.8082541643378498,0.1917458356621502
0.828794051050724,0.1712059489492759
0.846837894405631,0.15316210559436894
0.8281365102126328,0.17186348978736724
0.8629368355801579,0.13706316441984195
0.873966128467709,0.12603387153229095
0.8833417643042946,0.1166582356957055
0.8583864694303375,0.14161353056966258
0.781954016266918,0.21804598373308223
0.8335474032516411,0.1664525967483589
0.7929700905497483,0.2070299094502517
0.8221129634499834,0.17788703655001661
0.8139578564836449,0.1860421435163552
0.7906834213167094,0.20931657868329046
0.8057532976370174,0.19424670236298272
0.8359673679145231,0.16403263208547694
0.8051161264466302,0.19488387355336975
0.8696178149505616,0.13038218504943833
0.7760049752192527,0.22399502478074723
0.8382512201215798,0.16174877987842035
0.8010121675233647,0.19898783247663523
0.8479924614720419,0.15200753852795804
0.8795981480146174,0.12040185198538272
0.7817008879156964,0.21829911208430375
0.8392694057620005,0.16073059423799954
0.8151211733516026,0.18487882664839733
0.8096965283287137,0.1903034716712862
0.8576428440949005,0.14235715590509945
0.7901513662151499,0.2098486337848502
0.8185041530354896,0.18149584696451038
0.8506900926694072,0.1493099073305929
0.7827150262391784,0.21728497376082156
0.8371064437244031,0.1628935562755969
0.8476972468509084,0.15230275314909167
0.795399324470689,0.20460067552931097
0.8152666600051185,0.18473333999488162
0.8144528381297289,0.1855471618702711
0.7893909210955562,0.21060907890444377
0.8274672727650252,0.17253272723497476
0.8431937787408327,0.15680622125916743
0.8478790564261448,0.15212094357385544
0.8110562679797021,0.18894373202029804
0.847921706674568,0.15207829332543193
0.8520899860784245,0.1479100139215756
0.8611756203430655,0.13882437965693448
0.8519932354346245,0.14800676456537576
0.7564300529952883,0.24356994700471163
0.8521121528938262,0.14788784710617375
0.808012096338867,0.19198790366113302
0.8521351729978598,0.14786482700214026
0.742084616943885,0.2579153830561153
0.796128286962266,0.203871713037734
0.7885846827900643,0.21141531720993567
0.7709711874594248,0.22902881254057508
0.7870088577867077,0.21299114221329232
0.7915155412104318,0.20848445878956823
0.8635637290365005,0.13643627096349947
0.8342776526543995,0.1657223473456004
0.8186845823148509,0.1813154176851491
0.8565773373088796,0.14342266269112028
0.8207305120835456,0.17926948791645442
0.7648996275614027,0.23510037243859744
0.8950591400402578,0.10494085995974235
0.7811771339861526,0.21882286601384726
0.8480414873828513,0.15195851261714874
0.7842312971114502,0.2157687028885498
0.856572353748275,0.14342764625172486
0.8516508915820229,0.14834910841797702
0.8408128557256875,0.15918714427431252
0.8357546308923527,0.16424536910764728
0.8226022131981343,0.1773977868018657
0.7713425054684404,0.2286574945315595
0.965971164556934,0.03402883544306612
0.8348193963000506,0.16518060369994939
0.8922163566010481,0.10778364339895186
0.8835775626871863,0.1164224373128137
0.8320028976398397,0.16799710236016024
0.836317830820022,0.1636821691799779
0.8265668029837412,0.1734331970162587
0.8749747735090884,0.12502522649091172
0.8323753819815217,0.16762461801847833
0.8477880645546116,0.1522119354453883
0.846681993254334,0.1533180067456658
0.8715135923287239,0.12848640767127614
0.8606479337660043,0.1393520662339957
0.821964411724812,0.17803558827518787
0.834498835602692,0.165501164397308
0.8285533189622267,0.17144668103777352
0.8467837597105092,0.15321624028949085
0.8168680382123328,0.1831319617876672
0.8041301839480441,0.1958698160519558
0.8807700499348452,0.11922995006515472
0.9456969825207598,0.05430301747924012
0.8303518878905789,0.169648112109421
0.8468528292777477,0.15314717072225226
0.8325155505697704,0.16748444943022958
0.7994686512317892,0.20053134876821074
0.8829199718793798,0.11708002812062018
0.764648800078363,0.23535119992163708
0.8373337041345817,0.16266629586541817
0.7782681270378814,0.22173187296211858
0.9131306454679529,0.08686935453204712
0.8313802696432853,0.16861973035671468
0.8260487276896563,0.17395127231034352
0.9378315977333933,0.06216840226660658
0.8518080414041341,0.14819195859586579
0.8476007807164037,0.15239921928359654
0.8072415430426131,0.192758456957387
0.9446786441260816,0.05532135587391842
0.8960832570200107,0.10391674297998918
0.8143934268253396,0.18560657317466048
0.8239866598662083,0.17601334013379163
0.8295240361325036,0.17047596386749642
0.8381100482592582,0.1618899517407419
0.8659857922949573,0.1340142077050427
0.7926506167613075,0.2073493832386924
0.771764357697859,0.22823564230214105
0.8332972075486333,0.16670279245136657
0.7963311679258983,0.20366883207410172
0.8518137695835426,0.14818623041645743
0.8562170861905966,0.1437829138094033
0.8173209711383909,0.18267902886160908
0.7527472930413703,0.24725270695862972
0.876544522481628,0.12345547751837203
0.8620683109464373,0.13793168905356268
0.8845524073368564,0.11544759266314357
0.7681477092284268,0.23185229077157304
0.8733586740765437,0.1266413259234564
0.864064155212995,0.1359358447870053
0.8757150541181933,0.12428494588180658
0.7960057478558933,0.20399425214410674
0.8565737211328016,0.14342627886719822
0.8580976797878319,0.14190232021216811
0.7851925824368855,0.2148074175631145
0.7882507139691091,0.21174928603089094
0.8162241354611477,0.18377586453885236
0.8433271685210165,0.15667283147898345
0.8085065541986358,0.19149344580136418
0.8581363608473153,0.14186363915268485
0.7913524152301209,0.20864758476987932
0.8422974742000141,0.157702525799986
0.8276022507816504,0.1723977492183497
0.7624926979250013,0.23750730207499876
0.7959343723096493,0.20406562769035086
0.8228880183671411,0.17711198163285904
0.8489710961275939,0.15102890387240603
0.8157377032168722,0.18426229678312778
0.8613814613905544,0.1386185386094458
0.8225762861321667,0.17742371386783348
0.7812372638571052,0.21876273614289476
0.8710914979112128,0.12890850208878715
0.8325489556385427,0.16745104436145714
0.903289935067778,0.09671006493222187
0.8532190437527406,0.14678095624725948
0.7685237799655599,0.23147622003444
0.8777595802222088,0.12224041977779125
0.8128735592946974,0.18712644070530252
0.8523845934252611,0.14761540657473884
0.8964143039983206,0.10358569600167945
0.7353662746810724,0.2646337253189275
0.7511322921778326,0.24886770782216738
0.9236861393190399,0.07631386068096013
0.842771491501187,0.15722850849881304
0.7975004542075854,0.2024995457924147
0.8095293798324915,0.19047062016750863
0.8048949839295542,0.19510501607044592
0.8140348874054268,0.18596511259457318
0.8934845424961501,0.10651545750384991
0.800006801676407,0.19999319832359297
0.8516670987997995,0.1483329012002005
0.8144326330261248,0.18556736697387524
0.7900438853242726,0.2099561146757273
0.7812661748175789,0.21873382518242113
0.8273541109021778,0.1726458890978223
0.7720592994596807,0.22794070054031945
0.8422971981739038,0.15770280182609625
0.8059555688921871,0.19404443110781303
0.9676108182539572,0.03238918174604285
0.8438521487146952,0.15614785128530498
0.8043971964257843,0.19560280357421567
0.9190980951846794,0.08090190481532064
0.7972797180131965,0.20272028198680367
0.8318172028528725,0.16818279714712747
0.8043965756108248,0.19560342438917525
0.8185178773299522,0.1814821226700478
0.8919205707216473,0.10807942927835262
0.8670185307805548,0.13298146921944526
0.784488962173687,0.21551103782631292
0.77743377454528,0.22256622545472013
0.7954180473264473,0.2045819526735526
0.8252235397099265,0.17477646029007354
0.7990477992897647,0.20095220071023528
0.8064314155631358,0.19356858443686412
0.8182207665686432,0.18177923343135677
0.9005004555242241,0.09949954447577597
0.7810131934759057,0.21898680652409436
0.8126468488998301,0.18735315110016978
0.9184083437435726,0.08159165625642724
0.9106786752028537,0.08932132479714637
0.8693591549800469,0.13064084501995316
0.7885904860711993,0.21140951392880059
0.8480929217727903,0.1519070782272096
0.7978112459069251,0.20218875409307496
0.8565737242966907,0.1434262757033094
0.8210639375763824,0.17893606242361743
0.8475073623402583,0.15249263765974178
0.9054934631215803,0.0945065368784197
0.8302178894501988,0.16978211054980125
0.8764202076857551,0.12357979231424496
0.8095093391029006,0.19049066089709943
0.8517341661937008,0.1482658338062992
0.8228426180376227,0.17715738196237732
0.8651004713172938,0.13489952868270622
0.8371822458167864,0.16281775418321365
0.8376673962828369,0.162332603717163
0.793883451446867,0.20611654855313294
0.8203054882530971,0.1796945117469029
0.8611996866297378,0.1388003133702621
0.7959681760525543,0.20403182394744587
0.8053834758707858,0.1946165241292143
0.8565744934261617,0.1434255065738383
0.8065590603739954,0.19344093962600456
0.8608988903368482,0.13910110966315187
0.8351280219209539,0.16487197807904616
0.8565742562664072,0.14342574373359293
0.7974975139364234,0.20250248606357668
0.8748045545746873,0.12519544542531283
0.7645760611971435,0.23542393880285692
0.7989436335743826,0.2010563664256175
0.7616357107197954,0.23836428928020467
0.8011740240783776,0.19882597592162254
0.8259739142229052,0.1740260857770948
0.8827370414825624,0.11726295851743773
0.8234714482146814,0.17652855178531865
0.7974997488844052,0.202500251115595
0.7977894392392305,0.20221056076076951
0.7921095172566555,0.20789048274334468
0.847832171806228,0.15216782819377195
0.7762383162019425,0.22376168379805755
0.8005079586328683,0.19949204136713175
0.8782293938947932,0.12177060610520687
0.8026878731686938,0.19731212683130622
0.8176382694118272,0.1823617305881729
0.8262904702215237,0.17370952977847626
0.8374870675330007,0.1625129324669992
0.7880477897242884,0.21195221027571157
0.807098464975016,0.19290153502498397
0.8611827971624084,0.1388172028375916
0.9403835700609453,0.05961642993905464
0.84792142586001,0.15207857413998996
0.822811569699348,0.17718843030065207
0.9006272874722359,0.09937271252776422
0.7859354328596695,0.21406456714033043
0.7647044887102304,0.23529551128976958
0.8207163889484044,0.17928361105159582
0.7966134964592422,0.20338650354075782
0.8759449272325347,0.12405507276746545
0.820252623129215,0.17974737687078501
0.7972311184566467,0.20276888154335337
0.8516233209023931,0.1483766790976069
0.8655456018905734,0.1344543981094267
0.8280212378901513,0.17197876210984883
0.8379531222090972,0.1620468777909027
0.7954369352885075,0.2045630647114925
0.8017208812715713,0.19827911872842877
0.7751032753014233,0.22489672469857655
0.8163267999977526,0.18367320000224746
0.7301203559063965,0.2698796440936036
0.8011732767972796,0.19882672320272043
0.8557006970894979,0.14429930291050214
0.8277420876853643,0.17225791231463586
0.8151742664113478,0.18482573358865217
0.7684216208133644,0.2315783791866357
0.8078307116314624,0.19216928836853772
0.8565710344844916,0.14342896551550846
0.890070997889042,0.10992900211095788
0.8467270006861619,0.15327299931383803
0.9049885436513504,0.09501145634864974
0.8612274676744877,0.1387725323255124
0.8728962859467927,0.12710371405320728
0.8740779701270324,0.1259220298729677
0.7882300556279628,0.21176994437203725
0.8694264119508659,0.13057358804913405
0.7429960342498567,0.25700396575014334
0.7676204872823407,0.23237951271765928
0.786648443945018,0.21335155605498207
0.7975692112317108,0.2024307887682894
0.8893384393433924,0.11066156065660758
0.8416810889548494,0.15831891104515064
0.8221386881011463,0.1778613118988538
0.7775070076453301,0.22249299235466996
0.8245664638563177,0.17543353614368232
0.8866286566874553,0.11337134331254475
0.8899509959815051,0.11004900401849478
0.8631028382558926,0.13689716174410757
0.8300809079194035,0.16991909208059644
0.8468424882403844,0.15315751175961567
0.8219655698196332,0.17803443018036683
0.8635581500521385,0.13644184994786152
0.7919480587511444,0.20805194124885565
0.7859133683731333,0.2140866316268667
0.784489680861067,0.21551031913893304
0.8761165051273491,0.12388349487265111
0.8615360001177615,0.1384639998822383
0.8631392659367416,0.13686073406325835
0.9098079351040504,0.09019206489594944
0.7787037131953317,0.22129628680466829
0.7636170096785938,0.23638299032140622
0.7855891837441713,0.21441081625582878
0.898873272677741,0.10112672732225907
0.8223105999475032,0.1776894000524968
0.860921129486708,0.139078870513292
0.7747660855393439,0.22523391446065624
0.8142101588399857,0.1857898411600143
0.8048026916004195,0.19519730839958052
0.7859701622023972,0.2140298377976027
0.8594198832529739,0.1405801167470261
0.7752618592670312,0.2247381407329688
0.8105836474840264,0.18941635251597363
0.8435414122821495,0.15645858771785032
0.7967114107483996,0.2032885892516004
0.8889890988711466,0.11101090112885348
0.7914341592901136,0.20856584070988657
0.875192819429295,0.12480718057070499
0.8143767714999667,0.18562322850003324
0.8751922002277394,0.1248077997722605
0.8923430961010428,0.10765690389895721
0.8399621895252009,0.1600378104747991
0.8074941993227545,0.19250580067724554
0.8041382348425355,0.19586176515746462
0.8110566999832804,0.1889433000167195
0.8200241404872655,0.1799758595127346
0.8656859270905299,0.13431407290947006
0.8137424153000972,0.18625758469990292
0.7735397079917039,0.22646029200829607
0.8521808846420609,0.14781911535793912
0.8151271775800693,0.18487282241993067
0.8522827606651131,0.14771723933488692
0.8378843104099547,0.16211568959004544
0.764649052166283,0.2353509478337171
0.8479214319176847,0.15207856808231543
0.83764368661234,0.16235631338765988
0.8521803168143405,0.1478196831856594
0.815347644415681,0.184652355584319
0.8667379472253569,0.13326205277464312
0.7955825231946471,0.2044174768053529
0.89247929148636,0.10752070851364004
0.8081165432555442,0.1918834567444558
0.7687318861886023,0.23126811381139778
0.7666320399543621,0.23336796004563803
0.8142188254517337,0.18578117454826615
0.8613531873776804,0.13864681262231945
0.8003324997327321,0.19966750026726793
0.8189686395807788,0.1810313604192212
0.8767838333335479,0.1232161666664521
0.8489730234794229,0.15102697652057712
0.8593718910085466,0.14062810899145345
0.7988450245075529,0.20115497549244712
0.83785046613079,0.16214953386921008
0.8230967141524091,0.17690328584759063
0.8092489469141988,0.1907510530858013
0.8471467100313245,0.15285328996867556
0.7479286498071743,0.2520713501928257
0.8523159673167157,0.1476840326832843
0.9213142051186757,0.07868579488132439
0.7695437607974179,0.2304562392025821
0.8918782346535764,0.10812176534642345
0.8574036016779734,0.14259639832202656
0.8326965846821208,0.1673034153178793
0.7798663260154008,0.22013367398459924
0.8384459860280563,0.16155401397194366
0.8132833188652074,0.18671668113479256
0.7589786462917653,0.2410213537082348
0.8182196549330543,0.18178034506694568
0.8746816073563409,0.12531839264365904
0.8086467764837263,0.19135322351627373
0.7671162055635294,0.23288379443647086
0.8799768922184308,0.12002310778156938
0.7774652374644571,0.22253476253554297
0.8226912970240646,0.17730870297593532
0.860942842502917,0.139057157497083
0.8521976807802252,0.1478023192197747
0.8157875815781367,0.18421241842186312
0.7960555439442872,0.2039444560557127
0.7962732784189076,0.20372672158109248
0.8614814665575599,0.13851853344244003
0.8517945431857038,0.14820545681429645
0.7885929217390115,0.21140707826098842
0.7999130697973162,0.20008693020268378
0.8145848235127257,0.18541517648727432
0.7764017643002481,0.22359823569975187
0.9060879657957129,0.09391203420428691
0.7997601577948292,0.20023984220517074
0.8038617516842061,0.19613824831579382
0.8529159476678315,0.14708405233216848
0.7172787642813551,0.28272123571864494
0.8178973687065042,0.18210263129349566
0.8584310694309738,0.14156893056902625
0.8919478770257991,0.10805212297420085
0.8968789901579448,0.10312100984205506
0.823987115575211,0.17601288442478882
0.7538794589183836,0.24612054108161638
0.8851261102960082,0.11487388970399179
0.9198440242115659,0.08015597578843418
0.909750656929365,0.0902493430706351
0.7985591382211452,0.20144086177885465
0.8216113942240051,0.17838860577599483
0.7940022454720144,0.20599775452798566
0.784839175088793,0.21516082491120708
0.8226475399056725,0.17735246009432748
0.838144884695725,0.16185511530427496
0.7911418433715832,0.2088581566284168
0.8908361232713173,0.10916387672868275
0.8176387257662402,0.18236127423375967
0.79547397617285,0.20452602382715007
0.7806208721831935,0.21937912781680657
0.8874469536516748,0.11255304634832516
0.9077711979607214,0.09222880203927865
0.8477882765637405,0.1522117234362595
0.7860068019010628,0.21399319809893716
0.7914924412349686,0.20850755876503144
0.8025171182896398,0.19748288171036021
0.8661716226436701,0.13382837735632985
0.8130932818007729,0.1869067181992272
0.8129253984288282,0.1870746015711719
0.7684005415813354,0.23159945841866444
0.8052558371740349,0.19474416282596507
0.7395628549683482,0.260437145031652
0.9011115899310922,0.09888841006890783
0.8518941796513008,0.14810582034869918
0.8128708481448309,0.18712915185516915
0.8187824000265526,0.1812175999734473
0.8653282586553415,0.13467174134465862
0.8310184320666244,0.16898156793337565
0.7917699951891642,0.20823000481083573
0.8122410155752646,0.18775898442473546
0.82550632065624,0.17449367934376012
0.8925973749103547,0.10740262508964532
0.8702782323656463,0.12972176763435359
0.7953936304777488,0.20460636952225136
0.8565753687451827,0.1434246312548173
0.8076269673951253,0.19237303260487473
0.8390134518954949,0.16098654810450508
0.8307486693339845,0.1692513306660156
0.8565742869643286,0.14342571303567148
0.7827952765738118,0.21720472342618832
0.784505503875149,0.2154944961248511
0.7841988533501583,0.21580114664984182
0.7802488675841347,0.21975113241586525
0.8049210467850006,0.19507895321499935
0.777860526331138,0.222139473668862
0.7967104230445932,0.20328957695540684
0.8053557055571162,0.19464429444288386
0.8203585973270843,0.17964140267291576
0.8874465192688027,0.1125534807311972
0.807548378083705,0.19245162191629478
0.9180954487560247,0.0819045512439754
0.7605199199256033,0.2394800800743969
0.8221380700830945,0.17786192991690564
0.8025652905761064,0.1974347094238936
0.7618786095284679,0.23812139047153216
0.8037204361259881,0.19627956387401194
0.8370033546547865,0.1629966453452136
0.8283354482633528,0.17166455173664713
0.843068298553956,0.156931701446044
0.8227172524828493,0.1772827475171507
0.7917595565805289,0.20824044341947118
0.8771534821492697,0.1228465178507303
0.8422176763054517,0.15778232369454817
0.8522275118323145,0.14777248816768543
0.8964140842431668,0.10358591575683322
0.8430485240331671,0.156951475966833
0.7701832708060201,0.2298167291939797
0.809462672064629,0.190537327935371
0.856575283976581,0.14342471602341897
0.9038414234192826,0.09615857658071753
0.8638546258774866,0.13614537412251337
0.8049213569591599,0.19507864304084013
0.8471405332784562,0.15285946672154382
0.8755893256233034,0.12441067437669659
0.8272630559930428,0.17273694400695713
0.885230882583811,0.114769117416189
0.8123847906663113,0.1876152093336887
0.7538273495674117,0.24617265043258835
0.7582842538315311,0.24171574616846905
0.8957795294605161,0.10422047053948388
0.803348717153021,0.196651282846979
0.7877256343235396,0.21227436567646044
0.8191551268015387,0.1808448731984614
0.8259759878770968,0.1740240121229033
0.7870025005096533,0.21299749949034688
0.8765805233612887,0.12341947663871143
0.8390924688937673,0.16090753110623274
0.8161653780211251,0.18383462197887496
0.7474733733174129,0.25252662668258713
0.8906674363876886,0.10933256361231126
0.8372851269795277,0.16271487302047227
0.8731104208827568,0.1268895791172432
0.8318391068202321,0.16816089317976787
0.8201346168294591,0.17986538317054088
0.8180952971480755,0.1819047028519245
0.8331729353702245,0.1668270646297753
0.9283818757241485,0.07161812427585154
0.8121509209832051,0.18784907901679504
0.769145641193393,0.2308543588066069
0.8478329597190962,0.15216704028090378
0.834902022636857,0.16509797736314294
0.7826561916876159,0.21734380831238417
0.8515350304732816,0.14846496952671845
0.9025604292103077,0.09743957078969236
0.8534810515613502,0.1465189484386498
0.8126478791202556,0.1873521208797444
0.8474612262904295,0.15253877370957053
0.8810529380411984,0.11894706195880156
0.8376440837127523,0.1623559162872477
0.9313027560289078,0.06869724397109223
0.8313711053671818,0.16862889463281824
0.7906853776639201,0.20931462233608003
0.7609692796163534,0.23903072038364664
0.8478356644382256,0.15216433556177442
0.7924546106970736,0.2075453893029265
0.835052175026734,0.16494782497326607
0.8234917424109474,0.1765082575890527
0.8565731641758988,0.14342683582410104
0.781405262600994,0.2185947373990061
0.7763006257203261,0.22369937427967393
0.8212336347408904,0.17876636525910966
0.8263818364961354,0.17361816350386466
0.9049676016269123,0.09503239837308783
0.8521958824541246,0.14780411754587558
0.8581583919170971,0.141841608082903
0.7876705728519862,0.21232942714801378
0.7813657392888551,0.2186342607111449
0.8149759667074067,0.18502403329259334
0.789393616773118,0.21060638322688205
0.8241645481940716,0.1758354518059285
0.8423063791354592,0.15769362086454083
0.8010173542219805,0.1989826457780195
0.7914590661424883,0.2085409338575117
0.8609004671582744,0.13909953284172558
0.8613535291803334,0.13864647081966663
0.8308993514770951,0.169100648522905
0.7897883321610785,0.21021166783892148
0.8225161869709845,0.17748381302901567
0.8377481885425662,0.1622518114574338
0.7887282203560563,0.2112717796439437
0.8026042515706122,0.1973957484293878
0.849055025704533,0.15094497429546683
0.770915746911196,0.2290842530888039
0.8565459629514238,0.14345403704857618
0.8362295918685225,0.16377040813147747
0.7888916038323119,0.21110839616768812
0.8377472528077717,0.16225274719222818
0.8133129326045097,0.18668706739549046
0.8377190757214101,0.16228092427858995
0.7643450647081637,0.2356549352918363
0.918086813077154,0.081913186922846
0.8290901191110102,0.17090988088898987
0.7875216296231805,0.2124783703768196
0.8723267612410174,0.1276732387589825
0.7997601217608278,0.20023987823917216
0.8654045388183591,0.134595461181641
0.8052530004967087,0.1947469995032914
0.7590655152374216,0.24093448476257842
0.8180703923150454,0.18192960768495473
0.8965181741200107,0.10348182587998936
0.8485221972585604,0.15147780274143968
0.838820683646155,0.161179316353845
0.7576690991941353,0.24233090080586464
0.834729860843659,0.16527013915634095
0.8470132494173472,0.1529867505826527
0.839779091059324,0.1602209089406761
0.8277652225538106,0.1722347774461894
0.7943643851756048,0.2056356148243952
0.8138478836778882,0.18615211632211184
0.8610348813959728,0.1389651186040272
0.8521583693527174,0.14784163064728273
0.8272652402032137,0.17273475979678635
0.8351727412353821,0.16482725876461785
0.7669495236490038,0.23305047635099627
0.796111788353557,0.20388821164644325
0.7588653224829852,0.24113467751701478
0.8095080396604917,0.1904919603395085
0.756811532511975,0.24318846748802522
0.8025256368965324,0.1974743631034678
0.8332971232960932,0.16670287670390677
0.80907276689468,0.19092723310532012
0.8405638782956626,0.1594361217043375
0.8468399129690556,0.15316008703094441
0.8149138254055907,0.18508617459440935
0.9013943889990184,0.09860561100098165
0.8710915428308289,0.12890845716917115
0.8387303444549129,0.16126965554508707
0.7973509618089226,0.2026490381910776
0.8378478526823471,0.16215214731765304
0.8256660872349516,0.17433391276504848
0.8473623345848535,0.1526376654151466
0.7536920596700244,0.24630794032997566
0.76046667734679,0.23953332265320998
0.8279154800767796,0.17208451992322027
0.7989505494822425,0.20104945051775755
0.7700741722508513,0.22992582774914866
0.8265758875893796,0.17342411241062045
0.8233295750375389,0.17667042496246102
0.8801062996145368,0.11989370038546328
0.8012033613486952,0.19879663865130476
0.8548220516823352,0.14517794831766503
0.8073928309405395,0.19260716905946054
0.8894969177500832,0.1105030822499168
0.7655572711712996,0.23444272882870035
0.7837757281363186,0.2162242718636812
0.8516623462643431,0.1483376537356569
0.856546644906955,0.1434533550930449
0.7737340867960929,0.22626591320390727
0.9555370313910617,0.04446296860893834
0.8205074739030526,0.17949252609694735
0.909806733493224,0.09019326650677596
0.8918490103727899,0.10815098962721004
0.7877044508213207,0.21229554917867927
0.756866609322074,0.24313339067792608
0.8522917268359831,0.14770827316401688
0.8007119107019945,0.19928808929800537
0.9033816956517273,0.09661830434827273
0.8329705981598304,0.1670294018401695
0.8099282406412291,0.1900717593587709
0.7637842492858565,0.2362157507141436
0.8280232338635549,0.1719767661364451
0.7872470169110226,0.21275298308897725
0.8571720411187455,0.14282795888125446
0.8092481268030902,0.1907518731969098
0.7998244301583368,0.20017556984166332
0.8284986082169704,0.17150139178302964
0.9019216445803516,0.09807835541964839
0.9110346917069206,0.08896530829307926
0.8798506610886735,0.1201493389113266
0.8350474091381277,0.16495259086187225
0.8477348750583628,0.15226512494163724
0.8270404515070227,0.1729595484929774
0.8712608767381453,0.1287391232618547
0.8256502393995486,0.17434976060045143
0.8478775388923785,0.1521224611076217
0.9210463599122322,0.0789536400877679
0.8238085640868699,0.1761914359131301
0.9335159890705297,0.06648401092947029
0.7806203999832964,0.21937960001670365
0.796311491571133,0.20368850842886693
0.8114910594980463,0.18850894050195366
0.8422094791646185,0.15779052083538153
0.7774885526749755,0.22251144732502456
0.7997842882499162,0.2002157117500839
0.8692800937925322,0.1307199062074678
0.8818560316176147,0.11814396838238546
0.8042266078339746,0.19577339216602543
0.8304853277568282,0.16951467224317182
0.8149135250169464,0.18508647498305375
0.7538635765833845,0.2461364234166155
0.7822977345283537,0.21770226547164642
0.8128713542902255,0.18712864570977458
0.8573595506127792,0.1426404493872209
0.8699574328461733,0.1300425671538266
0.9112863268199186,0.08871367318008136
0.7558576331311259,0.24414236686887394
0.7844886454945108,0.21551135450548922
0.8021935450100992,0.19780645498990063
0.8565740418602927,0.14342595813970732
0.8421069129264668,0.15789308707353317
0.8228970166739885,0.17710298332601151
0.8307481718827782,0.16925182811722186
0.9412274243809041,0.05877257561909574
0.8803251239380079,0.1196748760619921
0.823808254658901,0.176191745341099
0.7280995245315844,0.2719004754684154
0.824335490890101,0.1756645091098989
0.8565738918964731,0.14342610810352693
0.8340316880673658,0.1659683119326342
0.847977517065786,0.1520224829342142
0.7094818138010096,0.2905181861989903
0.8736199941351013,0.12638000586489875
0.8799775965283684,0.12002240347163168
0.8151636556738632,0.18483634432613688
0.8172592132717178,0.18274078672828206
0.8514445995097419,0.1485554004902581
0.8221354089669979,0.17786459103300226
0.7786997765691374,0.22130022343086264
0.9046957957484072,0.09530420425159286
0.8516510539482236,0.14834894605177643
0.8392282053885766,0.16077179461142332
0.7582546366548366,0.24174536334516333
0.9098740810621379,0.09012591893786215
0.7783535993012686,0.22164640069873157
0.8412588644357203,0.15874113556427966
0.813990517661886,0.18600948233811404
0.856495022438572,0.14350497756142808
0.8106179268965645,0.18938207310343538
0.8392693157513731,0.16073068424862688
0.8799790077289782,0.12002099227102181
0.8724092460360414,0.12759075396395858
0.8059373427311894,0.19406265726881058
0.8031203868304672,0.19687961316953279
0.8092246637367055,0.19077533626329457
0.8098642108827302,0.19013578911726986
0.8186257549029278,0.18137424509707228
0.8659316139827716,0.1340683860172284
0.8284829081189162,0.17151709188108386
0.8060202255085871,0.19397977449141296
0.7546933837697107,0.24530661623028932
0.8565924357611325,0.1434075642388674
0.8565737220440129,0.14342627795598706
0.8112523255315808,0.18874767446841928
0.7997600075319925,0.2002399924680075
0.8857386413754271,0.11426135862457286
0.9591573821425875,0.04084261785741255
0.8614304097388609,0.13856959026113919
0.8094732083406726,0.1905267916593273
0.7918246128213471,0.2081753871786529
0.8666869451174605,0.13331305488253947
0.7713500242187814,0.22864997578121848
0.7675572466055626,0.2324427533944373
0.8325155579707788,0.16748444202922125
0.7941151784158627,0.20588482158413746
0.9242211926893034,0.07577880731069676
0.7756638498599532,0.22433615014004696
0.891146659267049,0.10885334073295112
0.8752966250771205,0.12470337492287951
0.8542757350731032,0.14572426492689683
0.8793731365931389,0.12062686340686117
0.8396121393405356,0.16038786065946453
0.8097056906737862,0.19029430932621386
0.8539931244299283,0.1460068755700717
0.833170099690633,0.1668299003093671
0.8056509018565013,0.19434909814349866
0.8103858971492499,0.18961410285074995
0.8151802610502662,0.18481973894973383
0.8714733153725304,0.12852668462746966
0.7928935084586637,0.2071064915413365
0.8051519144101014,0.1948480855898986
0.8211531449877684,0.17884685501223158
0.961214029546262,0.038785970453737904
0.8145851752937285,0.18541482470627135
0.8017342787889926,0.19826572121100736
0.7906834550393087,0.20931654496069135
0.8061789545571025,0.19382104544289744
0.8217890415259159,0.1782109584740842
0.852204834800432,0.14779516519956806
0.872497421132183,0.12750257886781696
0.8489235546943069,0.1510764453056931
0.8001892452113137,0.19981075478868626
0.8172411021865105,0.18275889781348964
0.8475712423940049,0.15242875760599506
0.830438703852715,0.16956129614728502
0.7709179405370171,0.22908205946298282
0.8613594598115938,0.1386405401884063
0.7510843268806029,0.24891567311939714
0.7909818792625127,0.20901812073748732
0.7773413315736802,0.22265866842631987
0.8180970782891013,0.18190292171089856
0.7826310879965191,0.217368912003481
0.8121293741357005,0.1878706258642995
0.8477608774556177,0.15223912254438243
0.8422336539325831,0.15776634606741696
0.8093630068875728,0.1906369931124272
0.9082259729328167,0.09177402706718321
0.7562672522660723,0.24373274773392775
0.837459858800485,0.16254014119951474
0.7980759094292622,0.2019240905707378
0.856850883584332,0.14314911641566794
0.8258249060753433,0.17417509392465677
0.7976559382244318,0.2023440617755681
0.8151168640871803,0.18488313591281966
0.8098054517627771,0.19019454823722282
0.8426835621654889,0.15731643783451107
0.8435294408444265,0.15647055915557345
0.8146760433972645,0.18532395660273546
0.77048095481355,0.22951904518645028
0.8657493646843635,0.13425063531563672
0.8005166611337772,0.1994833388662228
0.772654522671554,0.22734547732844593
0.8659342326104061,0.1340657673895938
0.8740811826456895,0.1259188173543105
0.7652926916264815,0.23470730837351866
0.8662112388353136,0.13378876116468624
0.8544484092186949,0.1455515907813052
0.7863039371619869,0.21369606283801332
0.8236256036197376,0.17637439638026242
0.790178387107354,0.209821612892646
0.8046601514836521,0.1953398485163479
0.8188659853517827,0.18113401464821732
0.8214313497328907,0.17856865026710933
0.7806767108713409,0.21932328912865906
0.8422158691085064,0.15778413089149368
0.7819246612023235,0.21807533879767627
0.8329249719165535,0.16707502808344643
0.9106660606254701,0.08933393937452988
0.8435950607885733,0.1564049392114269
0.7680167558763362,0.2319832441236637
0.8061843963201005,0.19381560367989956
0.8051500238669407,0.19484997613305935
0.8391919413445992,0.16080805865540093
0.8339642901739703,0.16603570982602975
0.8709290836278567,0.1290709163721432
0.8712579424845383,0.1287420575154618
0.8471092589662881,0.15289074103371186
0.8522787874375439,0.14772121256245613
0.7903495635248461,0.20965043647515386
0.8520313791034199,0.1479686208965802
0.8470563123203595,0.15294368767964064
0.8170411645100378,0.18295883548996217
0.8328402342174964,0.16715976578250355
0.8324249044308124,0.16757509556918765
0.8815434865958502,0.11845651340414975
0.8609371695747703,0.13906283042522974
0.8341843231625488,0.16581567683745121
0.7857042817817491,0.21429571821825083
0.7910776010796267,0.20892239892037331
0.8414778024594151,0.15852219754058497
0.8599029028508771,0.14009709714912286
0.8516808340626464,0.14831916593735361
0.8186696642332686,0.18133033576673147
0.886699456598666,0.11330054340133419
0.7787032636038368,0.2212967363961633
0.8806338128916176,0.11936618710838225
0.916969732072458,0.08303026792754203
0.7596329338594158,0.2403670661405842
0.839444923712031,0.16055507628796897
0.8385505805864337,0.16144941941356625
0.8433340872838803,0.15666591271611985
0.8517609938841785,0.14823900611582158
0.7711420797457871,0.2288579202542129
0.7876212916763532,0.2123787083236467
0.7664081661458811,0.23359183385411905
0.7549790805925654,0.24502091940743465
0.7745613762390904,0.2254386237609096
0.7794828885121774,0.2205171114878227
0.8409430740884377,0.15905692591156215
0.8465562595577101,0.15344374044228992
0.8801058833263996,0.11989411667360052
0.8352658499999066,0.16473415000009356
0.8274656848964335,0.17253431510356662
0.738947371420466,0.26105262857953415
0.8391252522299841,0.16087474777001584
0.8181777829253831,0.18182221707461704
0.8675293796886836,0.1324706203113165
0.8546028725566415,0.1453971274433585
0.9376258651165241,0.06237413488347566
0.8373277316167379,0.1626722683832621
0.8742785516598656,0.12572144834013455
0.8149942480626946,0.1850057519373052
0.7877687763129438,0.21223122368705608
0.8326472842610979,0.16735271573890212
0.9711586298707859,0.02884137012921401
0.8268840841883345,0.17311591581166544
0.9036406542466515,0.09635934575334855
0.8036088916410257,0.19639110835897428
0.8295516879053051,0.17044831209469496
0.7955603934296185,0.2044396065703816
0.8836650607426607,0.11633493925733937
0.8185134570443735,0.1814865429556266
0.8480517042920869,0.15194829570791313
0.8477270424218141,0.15227295757818599
0.9289535443564102,0.07104645564358991
0.7892002595959224,0.2107997404040775
0.8478734785842734,0.15212652141572663
0.8042777290631014,0.19572227093689873
0.8017192281069474,0.19828077189305265
0.8196428628006216,0.1803571371993782
0.8807681064948311,0.11923189350516895
0.7899533855438053,0.2100466144561949
0.82635877176698,0.17364122823302008
0.8423763478616378,0.1576236521383622
0.7953968390853835,0.2046031609146166
0.8178351259598982,0.1821648740401021
0.8470028324108816,0.15299716758911852
0.8018986048174385,0.19810139518256142
0.8636937109603846,0.13630628903961545
0.8147288084720212,0.18527119152797877
0.8276074639830225,0.17239253601697752
0.8805403809754159,0.11945961902458409
0.8913642128834185,0.1086357871165814
0.8444948865751929,0.15550511342480716
0.8893392397712475,0.1106607602287526
0.8375400385225935,0.16245996147740652
0.7718829350692169,0.2281170649307831
0.7709160702025593,0.22908392979744086
0.7770016366168321,0.22299836338316792
0.8231473166583237,0.17685268334167634
0.8065246201190155,0.19347537988098457
0.8307481732726645,0.16925182672733555
0.8660386084080731,0.13396139159192677
0.7861177055662628,0.2138822944337371
0.8157072340532749,0.184292765946725
0.8195294324044832,0.18047056759551694
0.8045467205856884,0.1954532794143116
0.8374395360035134,0.16256046399648663
0.8170393285200005,0.18296067147999964
0.8169919834887911,0.18300801651120893
0.8470567480146213,0.1529432519853788
0.7851926749672571,0.21480732503274289
0.7918931574480682,0.20810684255193174
0.7741316013686362,0.22586839863136376
0.7629647671887025,0.23703523281129724
0.8930603953032032,0.10693960469679688
0.8235206073090651,0.17647939269093485
0.8281791663710756,0.17182083362892434
0.8289350358883883,0.17106496411161154
0.8703078993015723,0.1296921006984277
0.8236292986741043,0.17637070132589577
0.8470026120277659,0.15299738797223414
0.9064023083720105,0.09359769162798957
0.8259857915160622,0.17401420848393773
0.8101781337584911,0.1898218662415088
0.8052274658709538,0.1947725341290461
0.861320108164745,0.138679891835255
0.8565761912506115,0.14342380874938848
0.8049083262413027,0.19509167375869735
0.763283584257022,0.2367164157429782
0.8241709453347429,0.1758290546652571
0.8901488920995895,0.10985110790041078
0.9205959636454579,0.07940403635454221
0.8035873589217981,0.19641264107820186
0.8234487289682052,0.17655127103179466
0.7553270064330491,0.24467299356695082
0.797397584331849,0.20260241566815082
0.7530319521268339,0.24696804787316615
0.7795799444633564,0.22042005553664343
0.837747985753378,0.16225201424662208
0.8365434635753715,0.1634565364246286
0.8089883788161945,0.1910116211838057
0.839095191034646,0.16090480896535392
0.8395697986103181,0.1604302013896819
0.7828906160053939,0.21710938399460591
0.8267697067059236,0.17323029329407655
0.7460483238345468,0.2539516761654531
0.8845023636892708,0.11549763631072915
0.7911532652172549,0.2088467347827451
0.8226497089543207,0.17735029104567943
0.8002750414906223,0.19972495850937758
0.831004450549977,0.16899554945002304
0.8921931469208759,0.10780685307912402
0.8173987900134356,0.18260120998656443
0.8479734718703718,0.15202652812962816
0.9600342080546608,0.03996579194533928
0.8885195554667108,0.1114804445332892
0.8759313430857454,0.12406865691425466
0.8736419343880308,0.1263580656119692
0.8480115535886339,0.15198844641136602
0.8229246519395549,0.17707534806044498
0.7769250722185056,0.22307492778149443
0.8287918303677712,0.17120816963222885
0.8262926777496133,0.17370732225038665
0.8223508400805872,0.17764915991941288
0.7794810530320015,0.22051894696799834
0.8239943359318209,0.1760056640681792
0.8312564495628294,0.1687435504371706
0.8084507023755981,0.19154929762440193
0.7916874424466575,0.20831255755334263
0.7761749705172524,0.22382502948274788
0.7897192715631605,0.21028072843683965
0.8567710628864158,0.1432289371135843
0.7640136698415573,0.23598633015844261
0.8448019600949591,0.1551980399050408
0.8280253292147834,0.17197467078521653
0.7900433680873377,0.20995663191266242
0.8311717527746203,0.16882824722537962
0.7906848246350974,0.20931517536490257
0.8674920594819764,0.13250794051802378
0.8286997726522609,0.17130022734773928
0.8883210307060722,0.1116789692939277
0.7672620426040021,0.23273795739599792
0.7713636494371742,0.22863635056282622
0.934054799716207,0.065945200283793
0.8480082935372466,0.15199170646275348
0.7964700873059676,0.20352991269403245
0.835302083369916,0.16469791663008398
0.8330402794808558,0.16695972051914412
0.784442334643871,0.2155576653561287
0.8422970035717724,0.15770299642822752
0.9463535325806014,0.0536464674193985
0.7547161664976542,0.2452838335023457
0.8071327400815564,0.1928672599184435
0.7969117578016907,0.2030882421983094
0.9213136175246729,0.07868638247532715
0.8565978718099415,0.1434021281900585
0.8403201736409895,0.15967982635901062
0.809508900646527,0.19049109935347297
0.7783541213567607,0.221645878643239
0.7936410659856717,0.20635893401432828
0.8584732344564677,0.14152676554353227
0.7646705589106253,0.23532944108937492
0.8147318545416525,0.18526814545834733
0.782671702254527,0.21732829774547302
0.8059161437919079,0.19408385620809207
0.8120675703580573,0.18793242964194268
0.8089863394884245,0.1910136605115755
0.8665339274801022,0.13346607251989787
0.8019036155250918,0.19809638447490827
0.8000514887011928,0.19994851129880706
0.8416546947758384,0.15834530522416157
0.805896796228831,0.19410320377116907
0.8565737001312177,0.14342629986878216
0.8237428983242254,0.17625710167577438
0.8111636435825903,0.18883635641740956
0.8316262252074496,0.1683737747925504
0.8989101115471829,0.10108988845281719
0.8352659451935995,0.16473405480640055
0.7496216562546749,0.2503783437453251
0.8854624815973288,0.1145375184026712
0.8469545033764451,0.1530454966235552
0.8113215201056414,0.18867847989435862
0.8173328795391313,0.18266712046086878
0.93127577879091,0.06872422120908979
0.8897950385240272,0.11020496147597264
0.892480641866414,0.10751935813358621
0.8445727904771343,0.15542720952286573
0.8700631669616866,0.12993683303831355
0.828489744639562,0.17151025536043787
0.8613784679995418,0.1386215320004583
0.8520651170291533,0.14793488297084673
0.8405145080316738,0.15948549196832632
0.7491348101236317,0.2508651898763684
0.8095112900817298,0.19048870991827024
0.84684981085619,0.15315018914380987
0.8000797153255949,0.19992028467440515
0.7910436238354047,0.20895637616459525
0.8090346640775151,0.19096533592248496
0.8571948213238797,0.14280517867612028
0.8306159942472012,0.16938400575279894
0.7960243220589124,0.20397567794108762
0.8525595205491355,0.14744047945086453
0.8420633492777501,0.15793665072225
0.8612802136269433,0.1387197863730568
0.8515936250418812,0.14840637495811893
0.8470030493755282,0.15299695062447177
0.8546838302440217,0.14531616975597825
0.8115356539249194,0.1884643460750807
0.83505295394428,0.16494704605572005
0.8027791817854402,0.19722081821455992
0.7741763102778209,0.2258236897221793
0.787861856353823,0.212138143646177
0.8565723563257132,0.14342764367428698
0.83048306308756,0.1695169369124401
0.852017164376592,0.14798283562340797
0.8181915043339933,0.18180849566600676
0.866248833312519,0.13375116668748108
0.8333252705848218,0.16667472941517822
0.8565740417099794,0.14342595829002078
0.7957213424678768,0.20427865753212324
0.8245689618556727,0.1754310381443272
0.7398288874169916,0.26017111258300835
0.8948568347248025,0.10514316527519757
0.7657249941075561,0.23427500589244385
0.8306189613288394,0.1693810386711607
0.8750632739890827,0.1249367260109174
0.8243558503178244,0.1756441496821756
0.7830684613507127,0.21693153864928735
0.7871830714308896,0.21281692856911033
0.8565633345241536,0.14343666547584638
0.809931630226224,0.19006836977377597
0.8108340166251399,0.18916598337486004
0.8515741915273706,0.14842580847262943
0.8436603415321509,0.1563396584678492
0.8518078550210567,0.1481921449789435
0.8706931142374891,0.12930688576251104
0.942234532293042,0.05776546770695804
0.8566011641513569,0.1433988358486431
0.8729795146283897,0.1270204853716102
0.856534831308613,0.1434651686913869
0.8608999360053653,0.1391000639946349
0.821611296482771,0.178388703517229
0.7997819101108495,0.2002180898891504
0.867611101905573,0.132388898094427
0.886018258796879,0.11398174120312093
0.8284891798130518,0.17151082018694816
0.7906817544991548,0.20931824550084532
0.773759930793119,0.22624006920688086
0.8039005356159353,0.1960994643840647
0.8082200467175802,0.19177995328241976
0.8221745214936401,0.17782547850636007
0.8657376624115325,0.13426233758846742
0.8433818882170451,0.15661811178295507
0.8810467402555429,0.11895325974445717
0.8662514762285475,0.1337485237714527
0.8217893564910559,0.17821064350894403
0.8585845724331684,0.1414154275668317
0.8139816428502257,0.18601835714977438
0.7396239448703769,0.2603760551296232
0.8318172520705938,0.16818274792940618
0.8092253067947476,0.19077469320525242
0.8284899159957554,0.17151008400424458
0.792623160184531,0.20737683981546892
0.8293809445811768,0.17061905541882316
0.8660373290227825,0.13396267097721756
0.8282704539201744,0.17172954607982566
0.8059078940878238,0.19409210591217613
0.8010121639851672,0.19898783601483275
0.9298626304601032,0.07013736953989691
0.7863640132239343,0.21363598677606574
0.8635504635551536,0.13644953644484636
0.8658341876910187,0.13416581230898122
0.8094580431224228,0.1905419568775773
0.8103859584746382,0.18961404152536165
0.9199634194374083,0.08003658056259166
0.8059368842500775,0.1940631157499225
0.8754167926769216,0.12458320732307827
0.842225452573515,0.15777454742648503
0.8705414713158505,0.12945852868414956
0.8033569732147373,0.19664302678526258
0.8472120736766554,0.15278792632334456
0.8170412882058302,0.18295871179416975
0.8312567050885188,0.1687432949114811
0.8556096628663642,0.14439033713363586
0.8340316751629019,0.1659683248370982
0.7737330963270427,0.22626690367295735
0.799105275236871,0.20089472476312892
0.7887263874235062,0.21127361257649388
0.852225634217032,0.1477743657829679
0.7723806879460862,0.2276193120539138
0.7572605321268209,0.24273946787317907
0.8467664227691636,0.1532335772308364
0.7920460651589643,0.20795393484103575
0.8431028632705212,0.15689713672947883
0.7683175204082763,0.2316824795917238
0.8323778452885879,0.16762215471141212
0.8501511362335643,0.14984886376643564
0.8076457422171944,0.19235425778280568
0.8033384975253474,0.19666150247465267
0.9158306216973179,0.08416937830268209
0.7716969358842639,0.22830306411573606
0.8694222958226219,0.13057770417737818
0.8286840746164144,0.1713159253835856
0.8264494716355781,0.17355052836442186
0.8347219659503624,0.1652780340496375
0.7639021252452872,0.2360978747547127
0.8544973189772667,0.14550268102273328
0.8752975307076687,0.12470246929233127
0.7980736443621471,0.20192635563785294
0.9370375544486468,0.06296244555135326
0.8211040429875577,0.17889595701244204
0.7787031224773443,0.2212968775226557
0.8092492856353332,0.1907507143646668
0.8537330427398376,0.14626695726016256
0.8286423588499227,0.17135764115007732
0.7824914905267152,0.21750850947328482
0.880908703705134,0.11909129629486612
0.8565738790583343,0.14342612094166568
0.8663077971484823,0.13369220285151776
0.8227567055998659,0.1772432944001342
0.8343131993647038,0.16568680063529614
0.8027917360184985,0.19720826398150149
0.807057905239902,0.19294209476009816
0.777841203725282,0.2221587962747181
0.7752658096876937,0.22473419031230654
0.8601061251776528,0.13989387482234716
0.8431193349799607,0.15688066502003928
0.7552272074664699,0.24477279253353032
0.8265237329964525,0.17347626700354732
0.7963220362098007,0.20367796379019928
0.8572877621810183,0.14271223781898162
0.7855350376227725,0.21446496237722737
0.9168504321513888,0.08314956784861126
0.8420558992127324,0.15794410078726745
0.7963118544475551,0.20368814555244477
0.8565790646845972,0.14342093531540287
0.8469708538312615,0.1530291461687385
0.7969718594865424,0.20302814051345777
0.7840899564357272,0.21591004356427285
0.941838232864206,0.058161767135794004
0.8370342394616187,0.16296576053838124
0.8106872562581163,0.18931274374188378
0.8329547844550919,0.16704521554490798
0.861387399649398,0.13861260035060197
0.881049188057748,0.11895081194225199
0.8040057531755028,0.19599424682449718
0.7649973467619753,0.23500265323802466
0.7994820407526876,0.20051795924731244
0.8866014528562902,0.11339854714370978
0.9281436757786161,0.0718563242213842
0.9237436786395635,0.0762563213604364
0.8216115834795277,0.17838841652047233
0.8392723070845185,0.16072769291548142
0.8658340067045053,0.13416599329549472
0.8306111641875913,0.16938883581240868
0.7888221287040007,0.21117787129599938
0.8349396113461768,0.1650603886538233
0.8087449713739471,0.19125502862605293
0.8011733455138058,0.1988266544861943
0.8085602454262508,0.19143975457374926
0.8988781974712099,0.10112180252879002
0.7255265392413066,0.2744734607586933
0.7687471339510784,0.23125286604892142
0.8195130313052509,0.18048696869474917
0.8414565296026646,0.15854347039733546
0.8519573503051954,0.14804264969480457
0.8007232665923966,0.19927673340760338
0.7309188513153747,0.26908114868462535
0.8474876298338445,0.15251237016615532
0.8343862753390603,0.1656137246609397
0.7848399775452639,0.2151600224547359
0.9184379994634285,0.0815620005365715
0.8398229715263619,0.16017702847363824
0.8306168201301943,0.16938317986980578
0.8709267707357237,0.12907322926427625
0.8341502487754443,0.16584975122455567
0.8049365012750049,0.19506349872499487
0.7954390207460998,0.2045609792539005
0.8889484536966303,0.11105154630336979
0.7872238350932541,0.21277616490674583
0.7609249619226811,0.23907503807731886
0.7794820045317589,0.2205179954682413
0.7618340444326341,0.23816595556736606
0.825791558599395,0.174208441400605
0.7348524868873335,0.26514751311266654
0.7972352151029126,0.20276478489708727
0.7688863261154927,0.2311136738845074
0.8350522653266494,0.16494773467335055
0.7826553643061664,0.21734463569383347
0.83918428433302,0.16081571566698008
0.8946412592752979,0.1053587407247021
0.8374304243741411,0.1625695756258589
0.8234698736099649,0.17653012639003507
0.8606942333473786,0.13930576665262137
0.7977902601638813,0.2022097398361186
0.8950713612034988,0.10492863879650131
0.7907326757413493,0.2092673242586507
0.8613324741850829,0.13866752581491715
0.8055105812678893,0.19448941873211092
0.856603422232002,0.14339657776799788
0.8515648008464493,0.14843519915355088
0.8490717426253779,0.15092825737462212
0.8985320492811248,0.10146795071887509
0.8653129507801681,0.13468704921983182
0.7924446109621837,0.2075553890378163
0.8056879815012067,0.19431201849879334
0.7779712073859375,0.2220287926140624
0.8520408967348311,0.14795910326516887
0.8827997228913465,0.1172002771086534
0.8296695212635967,0.17033047873640333
0.8185275842662555,0.18147241573374476
0.8286418068892797,0.17135819311072034
0.8472037870845471,0.15279621291545287
0.8328459663133303,0.1671540336866696
0.8163679802202852,0.18363201977971488
0.8764934880195133,0.1235065119804867
0.7729208484459044,0.22707915155409553
0.8897588190417923,0.11024118095820724
0.788266747335688,0.21173325266431195
0.9349156205160907,0.06508437948390924
0.8195390970735047,0.18046090292649514
0.7966701354907717,0.20332986450922821
0.7912123606857239,0.20878763931427635
0.8613728693116743,0.13862713068832566
0.7925365161927715,0.20746348380722843
0.7963587089810161,0.20364129101898387
0.8001636677275801,0.19983633227241987
0.8245562565306492,0.17544374346935074
0.8226298904420692,0.17737010955793073
0.8881117185491574,0.11188828145084258
0.8056512137367529,0.1943487862632472
0.7954130681200384,0.2045869318799617
0.7820146245916667,0.21798537540833343
0.8349429948087329,0.16505700519126704
0.819732682866192,0.18026731713380803
0.8299456063289532,0.17005439367104688
0.72787212786552,0.2721278721344802
0.7834478528639984,0.21655214713600157
0.837850023003675,0.16214997699632508
0.8301417497136546,0.1698582502863453
0.8479247976257214,0.15207520237427846
0.8383493901353892,0.16165060986461083
0.8955694505585018,0.10443054944149815
0.8175972988654612,0.18240270113453888
0.7973923257545847,0.20260767424541526
0.7883889824267705,0.21161101757322967
0.7993903113498803,0.20060968865011983
0.8082627136033823,0.19173728639661783
0.8130926452579894,0.1869073547420106
0.7599761630311168,0.2400238369688832
0.8182896451498638,0.18171035485013648
0.8325124748476465,0.1674875251523536
0.8761408026781307,0.12385919732186935
0.8043968529795054,0.1956031470204946
0.8467843056066408,0.15321569439335933
0.8427195897655082,0.15728041023449188
0.7765021681695363,0.22349783183046365
0.8151265871187997,0.1848734128812003
0.8470033866305373,0.1529966133694626
0.7851940249081559,0.21480597509184407
0.7944388964808662,0.2055611035191339
0.8437880926637252,0.15621190733627477
0.8261370258898733,0.17386297411012677
0.8536181588736435,0.14638184112635644
0.8195056691828757,0.18049433081712438
0.8050104306321225,0.19498956936787734
0.8235056962924726,0.17649430370752744
0.8182221781370652,0.18177782186293479
0.8696179476415766,0.13038205235842332
0.7435231252596466,0.2564768747403535
0.9412277623868369,0.05877223761316306
0.8227980515472026,0.17720194845279733
0.7632027768334358,0.23679722316656415
0.7927858928854337,0.20721410711456636
0.8187132500642271,0.1812867499357728
0.8342162140311246,0.16578378596887572
0.8391821198432988,0.16081788015670126
0.8096286107211903,0.19037138927880967
0.866307498393623,0.13369250160637697
0.8379524580013126,0.16204754199868743
0.7772273702263389,0.2227726297736612
0.8848106051646536,0.11518939483534646
0.8046604932731835,0.1953395067268165
0.7662347372635935,0.2337652627364065
0.8346552451703073,0.1653447548296929
0.7880463599660193,0.21195364003398062
0.8518298232633594,0.14817017673664049
0.856574010184739,0.14342598981526114
0.7891099598376655,0.21089004016233456
0.7961054531086055,0.2038945468913947
0.8989317249428369,0.10106827505716308
0.8849369639552775,0.11506303604472241
0.8663074329819307,0.1336925670180693
0.8333328917373926,0.1666671082626074
0.8235636671903948,0.1764363328096055
0.8080699632304333,0.19193003676956674
0.9091010557993002,0.09089894420069977
0.8467927850725184,0.15320721492748157
0.9046227408226999,0.09537725917730015
0.8089861209088086,0.1910138790911914
0.8228242444944371,0.17717575550556278
0.7855644223865933,0.21443557761340648
0.8518181448007454,0.14818185519925448
0.7903038781552385,0.20969612184476152
0.9021930836765787,0.09780691632342144
0.8752966175368287,0.12470338246317124
0.7643687510021038,0.2356312489978961
0.7975034171725873,0.20249658282741279
0.7899974624713532,0.21000253752864678
0.7801666882991299,0.2198333117008702
0.8732287481902863,0.12677125180971374
0.7906826497516912,0.20931735024830886
0.8332006515508745,0.16679934844912547
0.8089867872295613,0.19101321277043878
0.8127026366086579,0.18729736339134215
0.8022723175437783,0.19772768245622183
0.7947589447918534,0.20524105520814653
0.8350522075328756,0.16494779246712452
0.8855279758464858,0.11447202415351435
0.9172567188961755,0.08274328110382446
0.8379520949068245,0.16204790509317543
0.8637249477308879,0.13627505226911205
0.7893914253253808,0.21060857467461924
0.7268361130254931,0.2731638869745066
0.8135302543506825,0.18646974564931754
0.81820695512229,0.18179304487770998
0.9027522417988896,0.0972477582011103
0.8461522842668169,0.15384771573318307
0.8145851553796145,0.18541484462038554
0.7738124859496887,0.22618751405031134
0.781015735803203,0.21898426419679695
0.9052424664724664,0.09475753352753356
0.7740833237698534,0.22591667623014663
0.9211617624418498,0.07883823755815038
0.8405751695099242,0.15942483049007575
0.8199348612900638,0.18006513870993618
0.8351589625459622,0.16484103745403783
0.8733511924871413,0.12664880751285873
0.8435967730341973,0.15640322696580267
0.7897190790960534,0.21028092090394665
0.7972888149029723,0.2027111850970277
0.8372810223550433,0.1627189776449566
0.7993400161581223,0.20065998384187766
0.8349442300595888,0.1650557699404112
0.8151345885189331,0.18486541148106675
0.8138373824957071,0.1861626175042929
0.8565678500763768,0.14343214992362321
0.869564231129997,0.130435768870003
0.8751467170111853,0.1248532829888148
0.835029758737507,0.1649702412624932
0.7654729097072406,0.23452709029275937
0.8219672201236695,0.1780327798763305
0.8371432389383204,0.16285676106167962
0.8201911545022909,0.17980884549770906
0.8286415899085936,0.17135841009140634
0.7879041976571486,0.21209580234285139
0.8368163029277715,0.16318369707222852
0.7978700009056724,0.20212999909432755
0.8134163608993052,0.18658363910069473
0.90327691924994,0.09672308075005982
0.871603800137706,0.12839619986229395
0.8219646590196681,0.17803534098033197
0.8320083229649939,0.1679916770350061
0.806547975904616,0.19345202409538398
0.8191286996849858,0.18087130031501425
0.851761493716033,0.14823850628396695
0.8565737151647779,0.1434262848352221
0.7815515653522758,0.21844843464772423
0.7826937880153558,0.21730621198464428
0.945190140759676,0.054809859240323854
0.8061870082979189,0.1938129917020811
0.8276996020674684,0.17230039793253163
0.8671461341776479,0.13285386582235206
0.8569692957211671,0.1430307042788331
0.8524556486807208,0.14754435131927926
0.8971215115958617,0.10287848840413841
0.7929760485780326,0.20702395142196744
0.7633413703489002,0.23665862965109988
0.7763541685565366,0.22364583144346337
0.8101226107437951,0.18987738925620473
0.8282329791522836,0.1717670208477164
0.8261376982387133,0.1738623017612867
0.820099379108939,0.17990062089106107
0.8061916831679884,0.19380831683201172
0.8196138527853173,0.1803861472146827
0.7850039192289194,0.21499608077108054
0.865833909761371,0.13416609023862905
0.8436608476500888,0.15633915234991128
0.8683856716150908,0.1316143283849093
0.8384458536497151,0.16155414635028484
0.8053628114641889,0.1946371885358112
0.818027902080839,0.181972097919161
0.796315343199039,0.2036846568009609
0.8426839196852517,0.15731608031474836
0.828972469344375,0.17102753065562498
0.7920085780340993,0.20799142196590073
0.8628707377141785,0.1371292622858215
0.8164589830073009,0.18354101699269912
0.7826990410747788,0.21730095892522144
0.8187276307359814,0.18127236926401866
0.8515901469496443,0.14840985305035562
0.7756181622094646,0.22438183779053528
0.8100207843370827,0.18997921566291728
0.8084473600885396,0.19155263991146046
0.8374321494674518,0.16256785053254813
0.8593559911963382,0.14064400880366174
0.824777194651193,0.17522280534880705
0.9098363274428841,0.09016367255711584
0.8567414981303417,0.1432585018696583
0.85674199581844,0.14325800418156012
0.7871261981434899,0.21287380185651006
0.8182275549582597,0.18177244504174028
0.7512996728614775,0.24870032713852275
0.8711576101701249,0.12884238982987514
0.7342060211242637,0.2657939788757363
0.823128392059203,0.17687160794079704
0.7700511474846387,0.2299488525153614
0.8107613155215362,0.1892386844784639
0.7810553647973928,0.21894463520260726
0.8792342934070376,0.12076570659296235
0.8138211955344806,0.18617880446551943
0.7547969878916211,0.24520301210837872
0.8708421576341211,0.12915784236587896
0.7909735638084483,0.20902643619155167
0.7950692387844114,0.20493076121558867
0.8416334713671085,0.15836652863289147
0.8346494406713576,0.1653505593286424
0.8890344242927386,0.11096557570726144
0.8746480931144388,0.1253519068855612
0.8363065771316772,0.16369342286832284
0.8658082838465818,0.13419171615341838
0.8945656539125447,0.10543434608745546
0.8565737087583265,0.14342629124167341
0.7923306811358484,0.2076693188641515
0.8617354402225998,0.13826455977740032
0.78125268873015,0.21874731126985014
0.958391874547269,0.041608125452731
0.8609513808598097,0.13904861914019043
0.7838240816311884,0.21617591836881137
0.8906419407914988,0.1093580592085012
0.8383341452286894,0.16166585477131062
0.7690344529691563,0.23096554703084377
0.8132685265483064,0.18673147345169375
0.7884857539665864,0.21151424603341368
0.8010117993665797,0.19898820063342032
0.7656569437185679,0.23434305628143226
0.8127715738324306,0.1872284261675694
0.7964698615679384,0.20353013843206152
0.8718434114746666,0.1281565885253335
0.7243650110420923,0.27563498895790756
0.804325334024028,0.19567466597597197
0.8554671674643741,0.14453283253562582
0.8172431935955952,0.18275680640440484
0.7799723165278255,0.22002768347217455
0.7739469370763185,0.22605306292368144
0.8352415849849452,0.16475841501505467
0.8471084153785067,0.15289158462149327
0.8516470825700831,0.1483529174299168
0.8205071032551773,0.17949289674482274
0.8861107224682055,0.11388927753179433
0.8286404546064864,0.17135954539351367
0.8469493357924284,0.1530506642075716
0.7463260383105667,0.25367396168943335
0.8662566776311293,0.13374332236887065
0.8372180192891187,0.1627819807108814
0.8580041863301501,0.14199581366985006
0.8182198672779524,0.1817801327220476
0.8670938807749858,0.13290611922501414
0.8666837083145776,0.13331629168542233
0.822752540460312,0.17724745953968798
0.7923315596686944,0.20766844033130583
0.7421166461195858,0.2578833538804142
0.812908859629775,0.18709114037022498
0.8197318002161239,0.18026819978387637
0.8851742723509977,0.11482572764900228
0.7802785104729423,0.21972148952705758
0.7817155486914752,0.21828445130852484
0.8565746283228267,0.14342537167717326
0.8751950671848843,0.12480493281511576
0.8029328649536074,0.1970671350463926
0.8100132916024256,0.18998670839757442
0.8566149154305859,0.14338508456941404
0.8346035672942712,0.16539643270572874
0.8753384458514376,0.12466155414856242
0.8566329545303216,0.14336704546967852
0.9638647718829796,0.036135228117020295
0.8282312062467634,0.17176879375323661
0.8425302544301019,0.15746974556989812
0.8656460661624719,0.13435393383752814
0.8470481890252517,0.15295181097474844
0.8128215996677328,0.18717840033226724
0.9073395892436055,0.09266041075639438
0.8815169729247352,0.11848302707526483
0.8379984046955423,0.16200159530445768
0.7778265021678434,0.2221734978321566
0.8265911306972049,0.17340886930279506
0.8729877851372433,0.12701221486275663
0.8033755424279806,0.19662445757201946
0.7889731028899186,0.2110268971100814
0.7739167213388782,0.22608327866112177
0.7957255284891984,0.20427447151080166
0.7913549323166805,0.20864506768331956
0.8008937751625709,0.19910622483742915
0.8008965210925655,0.19910347890743457
0.8480360157965969,0.151963984203403
0.8125458201423272,0.1874541798576727
0.7952039707883404,0.2047960292116597
0.8313801738497903,0.16861982615020965
0.8373677419034221,0.16263225809657805
0.8402640364772349,0.15973596352276528
0.8050856081713633,0.19491439182863682
0.809765909979249,0.190234090020751
0.8471073118952528,0.15289268810474735
0.8404370987045523,0.1595629012954478
0.8375451464489534,0.16245485355104666
0.7838846671162372,0.2161153328837629
0.8203364577054092,0.1796635422945909
0.830749298785558,0.16925070121444202
0.8166605365133928,0.18333946348660735
0.8110399682540453,0.1889600317459546
0.8329657712480633,0.16703422875193683
0.7751291366901295,0.22487086330987063
0.8280302211816327,0.17196977881836714
0.7817127141316482,0.2182872858683519
0.8214492365734728,0.17855076342652715
0.8515351303673324,0.14846486963266758
0.8069605078928752,0.19303949210712476
0.9011817878752584,0.09881821212474155
0.8543470350824004,0.14565296491759966
0.8518926380166049,0.1481073619833951
0.8632590278944527,0.13674097210554734
0.8681118693024343,0.13188813069756564
0.8563011742804644,0.14369882571953574
0.8222785216729759,0.17772147832702404
0.8519515575150983,0.14804844248490176
0.790888616349736,0.20911138365026402
0.8640314019052461,0.1359685980947539
0.8141684587806668,0.18583154121933318
0.8521124753856965,0.14788752461430368
0.8530688369321644,0.14693116306783566
0.8245294579020345,0.1754705420979655
0.8504430952131548,0.14955690478684536
0.7837753641138182,0.2162246358861819
0.8264410957528537,0.1735589042471463
0.8336707439581079,0.16632925604189217
0.8233706488603062,0.1766293511396938
0.8522729359268605,0.14772706407313965
0.7927862322564981,0.2072137677435019
0.9498730770384283,0.0501269229615718
0.883341434426369,0.11665856557363108
0.8223091312234693,0.17769086877653073
0.9046977945293118,0.09530220547068828
0.8318519251611782,0.16814807483882172
0.822310671740312,0.1776893282596881
0.8564902928389362,0.1435097071610637
0.8610059836412911,0.13899401635870898
0.8466374233359742,0.1533625766640259
0.8052192124036189,0.19478078759638107
0.8415995314984316,0.15840046850156833
0.8404675993247686,0.15953240067523144
0.813296832230365,0.18670316776963516
0.8055352974734804,0.1944647025265197
0.8178586554170889,0.18214134458291112
0.8117778796800483,0.18822212031995164
0.8113128552330573,0.1886871447669427
0.7636702345548843,0.23632976544511577
0.7449757019174964,0.2550242980825037
0.8659868535763608,0.1340131464236392
0.7802963835978901,0.21970361640211006
0.8476983836687404,0.1523016163312596
0.7981658371640625,0.20183416283593744
0.8205729493328806,0.17942705066711942
0.8180555670304597,0.18194443296954052
0.788478331394504,0.21152166860549607
0.8335471195440411,0.16645288045595882
0.8091758491594935,0.19082415084050652
0.8123052803388502,0.18769471966114992
0.8102723015503662,0.1897276984496336
0.8424662518927694,0.1575337481072307
0.8611307626253611,0.13886923737463885
0.8132634865328164,0.18673651346718365
0.827272755901265,0.17272724409873497
0.8472116720821895,0.1527883279178105
0.8705397690577295,0.12946023094227052
0.7490287475641582,0.2509712524358421
0.7893760792655836,0.2106239207344164
0.7994688851458822,0.20053111485411773
0.7500364334649049,0.2499635665350952
0.7747351708304289,0.22526482916957122
0.8286419586727202,0.17135804132727972
0.914202699495451,0.0857973005045491
0.9185436815023422,0.08145631849765778
0.8739176010571035,0.12608239894289655
0.8746517585107233,0.12534824148927676
0.8660904986150653,0.13390950138493482
0.7799339440875311,0.22006605591246886
0.7994734556199748,0.20052654438002518
0.7522558043396438,0.24774419566035624
0.8517878970080733,0.1482121029919266
0.823482985535407,0.17651701446459306
0.7933100543742718,0.20668994562572818
0.8553974580191253,0.14460254198087477
0.9478084738461862,0.052191526153813776
0.7682839017933525,0.23171609820664757
0.8001364289933139,0.19986357100668614
0.8566033557437321,0.1433966442562677
0.9069400981585751,0.09305990184142486
0.8997095208272952,0.10029047917270469
0.7795212405721162,0.2204787594278837
0.8392567269169331,0.16074327308306685
0.8327798074660763,0.16722019253392378
0.7929670906076856,0.20703290939231453
0.8199802177811011,0.18001978221889897
0.8380531333687238,0.16194686663127633
0.8848118815045508,0.11518811849544917
0.7579587308493829,0.24204126915061697
0.8270364036266736,0.17296359637332645
0.8020299106158812,0.19797008938411886
0.801174225587434,0.1988257744125661
0.7281170757018277,0.2718829242981723
0.8404346063843964,0.1595653936156038
0.797955583579709,0.20204441642029097
0.7973364761499533,0.20266352385004682
0.836682964965841,0.16331703503415906
0.8566043305430653,0.1433956694569348
0.8270330280240902,0.1729669719759099
0.7846127965334818,0.21538720346651818
0.7916816066433641,0.20831839335663577
0.8010258688356964,0.19897413116430357
0.830277784092748,0.16972221590725184
0.7873604654534572,0.21263953454654277
0.8735653627779613,0.1264346372220386
0.8658843242062434,0.13411567579375655
0.8373248103368385,0.16267518966316147
0.8197746318040356,0.18022536819596455
0.7671233808026264,0.23287661919737346
0.8517342045345732,0.14826579546542687
0.8429795509160519,0.15702044908394824
0.8762303453628577,0.12376965463714222
0.8255020557517586,0.17449794424824136
0.8846595119231211,0.11534048807687887
0.8305487585901089,0.16945124140989107
0.8880115201445081,0.1119884798554918
0.8036195561644216,0.19638044383557857
0.7585403435852567,0.24145965641474348
0.8036697564717051,0.19633024352829498
0.7889660963173564,0.21103390368264374
0.7774394489471466,0.22256055105285358
0.9511586253343398,0.04884137466566006
0.8313891562579138,0.16861084374208618
0.8565747926666964,0.14342520733330352
0.7906834047209347,0.20931659527906532
0.8333113622517369,0.16668863774826342
0.8351604018821535,0.16483959811784663
0.8178328068728934,0.18216719312710675
0.8049211400305819,0.19507885996941823
0.7528864874102091,0.24711351258979083
0.8358029974559005,0.16419700254409952
0.846287957651107,0.1537120423488932
0.8826611865858933,0.11733881341410685
0.8979936902741714,0.10200630972582857
0.8666104830724297,0.13338951692757034
0.8122398253625023,0.18776017463749775
0.8221105392105911,0.17788946078940887
0.8347223436779335,0.1652776563220666
0.7673809779776339,0.23261902202236612
0.8212004557568778,0.1787995442431223
0.8610132489437683,0.1389867510562317
0.8008987694391619,0.19910123056083784
0.8139827208971994,0.18601727910280075
0.8520389215243934,0.1479610784756066
0.8520174630427104,0.1479825369572896
0.8201548876807129,0.17984511231928724
0.9473948000799473,0.052605199920052796
0.7966134354139496,0.2033865645860505
0.8174532921155296,0.18254670788447042
0.8299808854185334,0.17001911458146662
0.7878644297807541,0.21213557021924587
0.8227209249719277,0.17727907502807222
0.8044171510145767,0.19558284898542352
0.8565739787343453,0.14342602126565474
0.8259476039640151,0.1740523960359848
0.8208556261214734,0.1791443738785266
0.8137450275872005,0.1862549724127996
0.756477176085721,0.24352282391427904
0.7571806568057998,0.24281934319420018
0.8263850104298652,0.17361498957013466
0.8434624227075682,0.15653757729243187
0.834334663284635,0.165665336715365
0.8267199900360728,0.17328000996392756
0.8101582743853114,0.18984172561468857
0.7876516069992934,0.21234839300070663
0.8124257015678201,0.1875742984321799
0.8518147749763904,0.1481852250236097
0.8976064755576848,0.10239352444231514
0.9488990326569626,0.05110096734303743
0.7721823856489027,0.22781761435109738
0.7580681837662954,0.2419318162337047
0.8638161652325353,0.1361838347674646
0.8824907712303651,0.11750922876963478
0.8314594468056845,0.1685405531943154
0.7474865029423168,0.2525134970576832
0.9317611326828356,0.0682388673171645
0.8329034588431823,0.16709654115681769
0.8042325204787214,0.19576747952127851
0.8308749783023325,0.1691250216976674
0.8826161443777696,0.11738385562223033
0.8138105998983455,0.18618940010165447
0.7841271775080255,0.21587282249197443
0.7921091988516408,0.2078908011483592
0.8378507137950576,0.1621492862049425
0.8322852460668801,0.1677147539331198
0.8378413957184456,0.16215860428155454
0.9168982109065397,0.08310178909346029
0.779907547369947,0.22009245263005303
0.7957004538099174,0.20429954619008264
0.8087447382670786,0.19125526173292137
0.8670174723918612,0.1329825276081388
0.8522298476288996,0.14777015237110047
0.8350593694408678,0.1649406305591324
0.8773624548051482,0.12263754519485186
0.8017471324724319,0.19825286752756824
0.7877352200366711,0.21226477996332907
0.852222601855609,0.14777739814439098
0.7637305021492489,0.23626949785075113
0.8566097123271752,0.14339028767282483
0.8471067336203577,0.15289326637964218
0.8243370742839783,0.1756629257160216
0.8717412261186865,0.12825877388131351
0.7834881757136216,0.21651182428637847
0.7717644656943947,0.2282355343056053
0.801060460548438,0.19893953945156206
0.8474078149428619,0.15259218505713823
0.8342671154918272,0.1657328845081727
0.8818242437381953,0.11817575626180457
0.7969448275954172,0.20305517240458285
0.8650772792974668,0.13492272070253322
0.8196256781086602,0.18037432189133995
0.7854131938694369,0.21458680613056305
0.7571085880445773,0.24289141195542266
0.8555956063868169,0.14440439361318322
0.8251423185341671,0.17485768146583297
0.7766227603608874,0.22337723963911246
0.8223108510899352,0.17768914891006493
0.87401207634942,0.12598792365057995
0.8001201339265703,0.19987986607342967
0.75530236141898,0.24469763858102
0.7766177787217666,0.22338222127823337
0.8725423111152275,0.1274576888847727
0.8793395031876299,0.12066049681237019
0.8097486191409935,0.1902513808590063
0.7572677237418259,0.2427322762581741
0.9095367912790167,0.09046320872098329
0.8479210236713922,0.15207897632860776
0.7929539639298344,0.20704603607016558
0.7520076605642897,0.24799233943571028
0.7727782886503918,0.22722171134960814
0.8564721567938816,0.14352784320611844
0.7733240010251465,0.22667599897485352
0.8368816113971592,0.16311838860284067
0.813510722311884,0.18648927768811593
0.805419385122755,0.1945806148772451
0.8397684650412495,0.1602315349587507
0.8345781526559163,0.1654218473440839
0.8221383923064377,0.17786160769356224
0.8654038114252324,0.13459618857476766
0.832279876552658,0.16772012344734183
0.8325127223082045,0.16748727769179553
0.8708501583100884,0.12914984168991164
0.8205074419177488,0.17949255808225123
0.8274573705371059,0.17254262946289406
0.8390927089595661,0.1609072910404339
0.8079160649738444,0.19208393502615548
0.8343831717643266,0.16561682823567334
0.8566289973684922,0.14337100263150787
0.7577931897284181,0.24220681027158172
0.8738152541116702,0.1261847458883299
0.8264429529524417,0.17355704704755828
0.8110811267164134,0.1889188732835864
0.8062447349873277,0.1937552650126723
0.7935904271864404,0.20640957281355976
0.7825235290433811,0.21747647095661884
0.8130193177175703,0.1869806822824297
0.8753998684172584,0.12460013158274162
0.8480158457372918,0.15198415426270812
0.9099984515583643,0.09000154844163581
0.8059387699880136,0.19406123001198636
0.8435306217125277,0.15646937828747232
0.8166133477213683,0.1833866522786319
0.8135297998308125,0.18647020016918747
0.8427581212546835,0.1572418787453165
0.8000487358860795,0.19995126411392058
0.7887262864110703,0.2112737135889297
0.8157775911934039,0.18422240880659613
0.8333483679653122,0.16665163203468775
0.876493856486225,0.12350614351377506
0.8468948556713615,0.15310514432863848
0.8879664600209012,0.11203353997909885
0.8829413799605961,0.11705862003940401
0.9063746425699822,0.09362535743001771
0.7907215701082768,0.2092784298917232
0.7832595751454894,0.21674042485451067
0.7857646909260628,0.21423530907393729
0.814902564111345,0.1850974358886549
0.8283352729999744,0.17166472700002566
0.7893969189225587,0.21060308107744136
0.9193775564018313,0.08062244359816877
0.7616189415305087,0.23838105846949129
0.8278618031548552,0.1721381968451447
0.8241627529148624,0.17583724708513765
0.8566074328828979,0.1433925671171022
0.8698196691441521,0.13018033085584782
0.8517341622681529,0.1482658377318471
0.8139077776201764,0.18609222237982354
0.8245459014079852,0.17545409859201488
0.814791459858679,0.18520854014132107
0.80924993148681,0.19075006851319012
0.8367858965635695,0.1632141034364305
0.8377734228537469,0.16222657714625327
0.748730640590248,0.2512693594097522
0.8146159016127077,0.18538409838729225
0.8565726699082467,0.14342733009175343
0.9266997003609049,0.07330029963909505
0.8813350739997551,0.11866492600024496
0.8235073431865925,0.17649265681340756
0.8348332576375002,0.16516674236249984
0.8472190645318266,0.15278093546817328
0.8376822753503627,0.16231772464963737
0.7872655022824888,0.21273449771751118
0.7415637902941622,0.2584362097058378
0.7548033661987742,0.24519663380122575
0.8475416149298759,0.15245838507012419
0.8189868281460284,0.18101317185397156
0.8710918500700421,0.12890814992995805
0.8146784132903945,0.18532158670960558
0.8703894403284985,0.12961055967150148
0.7601742791859396,0.23982572081406037
0.9216933747949703,0.07830662520502976
0.8910290971929024,0.10897090280709756
0.86614429407333,0.13385570592666993
0.8654970080244432,0.13450299197555685
0.7826561850468086,0.2173438149531914
0.8179930427384484,0.18200695726155172
0.8056881520168633,0.19431184798313675
0.8855194173734346,0.1144805826265655
0.8239236492258505,0.1760763507741496
0.8028253537315365,0.1971746462684634
0.825106889383631,0.17489311061636909
0.7614092576196283,0.23859074238037167
0.824340887747829,0.17565911225217096
0.8417656586089047,0.1582343413910952
0.8565741276128511,0.14342587238714896
0.8075707725820302,0.1924292274179698
0.8151939117541174,0.1848060882458826
0.8522902429279551,0.147709757072045
0.8565736126982388,0.14342638730176102
0.7811661917617111,0.21883380823828905
0.8185031329626379,0.18149686703736226
0.7890632643007096,0.2109367356992904
0.8374470195603589,0.16255298043964117
0.9239426661069883,0.07605733389301178
0.9092574346475564,0.09074256535244359
0.8565708064660242,0.14342919353397576
0.788604922330089,0.21139507766991109
0.7761437343742723,0.2238562656257277
0.7894051135933979,0.2105948864066022
0.8601987749511938,0.13980122504880624
0.8312572018593873,0.16874279814061266
0.865884471947258,0.13411552805274193
0.8565878452254222,0.14341215477457772
0.7546399929360326,0.24536000706396735
0.7740342255044417,0.22596577449555846
0.7870922763034893,0.2129077236965107
0.8303519923568186,0.1696480076431815
0.8226688803875327,0.17733111961246725
0.8501868058126923,0.14981319418730762
0.8856935584572979,0.11430644154270216
0.8724809125089273,0.12751908749107269
0.7736790439178415,0.22632095608215844
0.7957026376665995,0.2042973623334005
0.8424537161402921,0.157546283859708
0.8238546581908981,0.17614534180910182
0.7584206586990643,0.2415793413009357
0.8760027493372761,0.12399725066272393
0.770062103715062,0.22993789628493816
0.8074988188094216,0.19250118119057846
0.7686353373760525,0.23136466262394745
0.872321093062723,0.1276789069372771
0.7541878391726079,0.24581216082739205
0.8566101481719199,0.14338985182808006
0.8468705842794151,0.15312941572058497
0.7845502896896911,0.21544971031030896
0.8234590302789873,0.1765409697210128
0.7960082803067542,0.20399171969324587
0.763279923026624,0.23672007697337602
0.8176405117391488,0.1823594882608513
0.7632031314291965,0.23679686857080362
0.8171010807110833,0.18289891928891655
0.8451132157297082,0.15488678427029182
0.800434532303212,0.19956546769678782
0.9415719283131453,0.05842807168685462
0.7832829365450853,0.21671706345491476
0.8080500932901573,0.19194990670984274
0.8220307611027663,0.17796923889723373
0.8402136918178512,0.15978630818214884
0.8663902118118088,0.13360978818819136
0.8259758312260054,0.17402416877399463
0.8280212714255425,0.17197872857445742
0.9133714431059105,0.08662855689408963
0.8817645198015447,0.11823548019845527
0.7954325295842145,0.20456747041578552
0.856583157325195,0.1434168426748051
0.825824912765153,0.17417508723484704
0.7604702813947358,0.2395297186052641
0.8378510659104154,0.1621489340895846
0.8140727368234449,0.18592726317655514
0.8807710255051601,0.11922897449484
0.8267427894437961,0.17325721055620386
0.8202010074588788,0.17979899254112125
0.7686025408841038,0.2313974591158961
0.8336676742913053,0.16633232570869472
0.8145034808602544,0.18549651913974563
0.7980931148479192,0.20190688515208105
0.8195329397498301,0.18046706025016993
0.827036497922537,0.172963502077463
0.8612940045624974,0.1387059954375026
0.8374320834445984,0.16256791655540173
0.8427788670523058,0.15722113294769427
0.8255328102363211,0.17446718976367903
0.839328850898741,0.16067114910125904
0.7712794850448506,0.22872051495514945
0.8149372605927387,0.18506273940726126
0.8565067067869331,0.14349329321306695
0.9093632254151879,0.09063677458481216
0.8183800624238494,0.18161993757615044
0.8723826967159752,0.12761730328402476
0.8211647885422323,0.17883521145776748
0.842953171680277,0.15704682831972308
0.851734195459255,0.14826580454074503
0.9470752584703334,0.05292474152966669
0.8022543063574501,0.19774569364254993
0.8797231299306962,0.12027687006930368
0.7939417094787442,0.20605829052125577
0.8565736019124444,0.14342639808755575
0.8056399819920852,0.19436001800791486
0.8691703734478814,0.13082962655211852
0.8475571219324085,0.1524428780675915
0.8308884990398223,0.16911150096017777
0.9142304086493589,0.08576959135064104
0.7947855903112551,0.205214409688745
0.8695520933707914,0.13044790662920855
0.8164997498995705,0.18350025010042958
0.7862383705304473,0.21376162946955274
0.8612579468049988,0.1387420531950013
0.7498260158279357,0.25017398417206427
0.8716937473734537,0.12830625262654635
0.7760048946711634,0.2239951053288366
0.8806348377929429,0.11936516220705706
0.8430488451433321,0.1569511548566679
0.7891065300419493,0.2108934699580506
0.8470003804492722,0.15299961955072774
0.7599108758599138,0.24008912414008612
0.8801417745096093,0.11985822549039077
0.9049767031981255,0.09502329680187466
0.774790461165868,0.2252095388341321
0.8277530905678737,0.17224690943212628
0.8024784400459694,0.1975215599540307
0.962885774010994,0.037114225989006
0.8161108774481938,0.18388912255180628
0.8422470813044612,0.15775291869553879
0.7632835150294446,0.23671648497055542
0.7966552788115476,0.20334472118845243
0.7404064515611679,0.25959354843883214
0.8001569978824127,0.19984300211758718
0.8565737051512786,0.14342629484872146
0.8124777055190681,0.1875222944809321
0.8323006478660234,0.16769935213397666
0.758613103164144,0.2413868968358561
0.8349459461828426,0.16505405381715738
0.791681110499346,0.20831888950065403
0.842433604810462,0.15756639518953802
0.8081579995355271,0.19184200046447303
0.8315633236592663,0.16843667634073367
0.8569587685494106,0.1430412314505895
0.8420561862499605,0.15794381375003963
0.8134704883143095,0.18652951168569054
0.8528291031382204,0.14717089686177973
0.7564492197384017,0.24355078026159832
0.7452569382620784,0.25474306173792144
0.843326110510143,0.15667388948985703
0.7957004471363435,0.20429955286365653
0.7532717488469,0.2467282511531001
0.8307145137140286,0.16928548628597143
0.7609290070670041,0.23907099293299597
0.878537124262336,0.1214628757376639
0.8746725845029778,0.1253274154970223
0.861004975722079,0.13899502427792093
0.8007236714143259,0.1992763285856742
0.8409775617248053,0.1590224382751948
0.8439183029125984,0.15608169708740166
0.8286125141277081,0.17138748587229202
0.8613359410305659,0.138664058969434
0.851945748458159,0.14805425154184093
0.823627830953119,0.1763721690468809
0.8695428681835319,0.13045713181646812
0.80979830684941,0.19020169315058996
0.8056432659292024,0.1943567340707974
0.8225948110173162,0.17740518898268376
0.8335475331449225,0.16645246685507759
0.8338460687071015,0.1661539312928986
0.8046521217283652,0.19534787827163483
0.8522485758164504,0.14775142418354942
0.7634598778982216,0.23654012210177844
0.88447702135285,0.11552297864715007
0.8565736807521434,0.14342631924785668
0.8006525107623097,0.19934748923769033
0.8363508235469534,0.1636491764530465
0.78024904229509,0.21975095770490996
0.8557695349467356,0.14423046505326426
0.8096285598421813,0.19037144015781904
0.7600139372409273,0.23998606275907275
0.7665547585139036,0.2334452414860965
0.8187532291637948,0.18124677083620533
0.8328187029093566,0.16718129709064342
0.8423761125152683,0.15762388748473163
0.8719612730760395,0.1280387269239605
0.8588214806291774,0.1411785193708226
0.7937012209103449,0.2062987790896551
0.8535595493671111,0.14644045063288888
0.8624766971288643,0.13752330287113582
0.7242838899059669,0.2757161100940332
0.834943245225671,0.16505675477432902
0.7794819822297352,0.22051801777026475
0.7640353707303061,0.2359646292696939
0.8011734183314742,0.19882658166852596
0.7899516363048619,0.21004836369513816
0.8228207751157007,0.17717922488429916
0.8476043506981698,0.1523956493018302
0.8613827667742323,0.13861723322576758
0.7324187518551657,0.26758124814483436
0.8159320741822582,0.18406792581774178
0.8660035743556294,0.1339964256443705
0.7633064007640237,0.23669359923597633
0.7754626294861187,0.2245373705138815
0.8418881876628437,0.15811181233715635
0.8774893613989642,0.12251063860103595
0.8226347818449423,0.17736521815505774
0.826399846752318,0.17360015324768194
0.8094667503177503,0.19053324968224972
0.8518384265500171,0.14816157344998301
0.8424461836083053,0.1575538163916946
0.818217800068385,0.18178219993161493
0.8568491463253166,0.1431508536746833
0.8716893590331317,0.12831064096686826
0.8195579571189876,0.18044204288101245
0.8526945156116706,0.14730548438832947
0.91984345623968,0.0801565437603199
0.7802482038982891,0.21975179610171072
0.8861537566384228,0.11384624336157721
0.8407197677206787,0.15928023227932142
0.8225087538766875,0.1774912461233124
0.8706158333203767,0.12938416667962327
0.8252511038805466,0.17474889611945346
0.8422075292569635,0.15779247074303662
0.8233334005882099,0.1766665994117901
0.826990754322557,0.1730092456774431
0.8212512153772745,0.17874878462272553
0.8325284312278108,0.16747156877218913
0.7988273248265613,0.20117267517343873
0.7974992661761287,0.20250073382387132
0.8613594198985473,0.13864058010145278
0.8211727419766548,0.1788272580233452
0.9096482478035246,0.0903517521964755
0.7969123983609722,0.20308760163902784
0.7857337113013065,0.21426628869869355
0.8375361066740058,0.16246389332599434
0.8416332475829451,0.15836675241705486
0.7924450663498219,0.20755493365017813
0.8237164633005323,0.17628353669946772
0.76560495109133,0.2343950489086699
0.8010912525205948,0.19890874747940526
0.8566355753306186,0.14336442466938135
0.7843815789005975,0.21561842109940257
0.8567824957894303,0.14321750421056959
0.8095737542428683,0.1904262457571318
0.8828718369014585,0.11712816309854138
0.8371073979057941,0.16289260209420584
0.8030380595627384,0.1969619404372614
0.7954059881068973,0.20459401189310264
0.8611293136246061,0.13887068637539396
0.8208782806163774,0.1791217193836226
0.7996624339919876,0.20033756600801234
0.7979659658983415,0.20203403410165854
0.8241921736868248,0.17580782631317526
0.8053654895252996,0.19463451047470046
0.7967209043944724,0.20327909560552748
0.8903136533040404,0.10968634669595959
0.8709296912422243,0.12907030875777578
0.954073843264264,0.04592615673573606
0.7754261433333308,0.22457385666666918
0.8467497298152976,0.15325027018470244
0.8654041237092964,0.13459587629070366
0.7705476074109583,0.2294523925890419
0.8859431403500027,0.11405685964999746
0.8522693538023333,0.14773064619766668
0.8172220089712126,0.18277799102878745
0.8431771878083199,0.15682281219168004
0.8195336883324759,0.18046631166752428
0.7950721435812442,0.20492785641875585
0.8468097411490464,0.15319025885095383
0.7902783968420296,0.20972160315797045
0.8108375089051101,0.1891624910948899
0.7752211993415583,0.22477880065844164
0.7488948112959791,0.25110518870402093
0.9114777033617787,0.08852229663822131
0.829944315278457,0.170055684721543
0.847056307276967,0.15294369272303296
0.7848047364955104,0.21519526350448953
0.7655354159031555,0.23446458409684456
0.7720354460529263,0.22796455394707388
0.7990470468962938,0.20095295310370617
0.8986615287625391,0.10133847123746102
0.8975728607488742,0.10242713925112575
0.8575761657438628,0.14242383425613733
0.8746433761289675,0.12535662387103255
0.8662527035133455,0.13374729648665443
0.8812907305110079,0.11870926948899212
0.8693371665445886,0.13066283345541152
0.8370268579505687,0.16297314204943114
0.8809447774246986,0.1190552225753014
0.8347259368686919,0.16527406313130813
0.8281765981778798,0.1718234018221202
0.8268825444869479,0.17311745551305216
0.8397785362327241,0.1602214637672758
0.8472285691563112,0.1527714308436888
0.7927124782524657,0.20728752174753437
0.7510954606774852,0.24890453932251497
0.8012286740838873,0.19877132591611293
0.8003786553317227,0.19962134466827705
0.8290884576832166,0.17091154231678346
0.7926340227973151,0.20736597720268501
0.8083062137979136,0.19169378620208619
0.9055196596914261,0.09448034030857401
0.8131794986659138,0.18682050133408615
0.7872931072447826,0.21270689275521748
0.8762024162207385,0.12379758377926138
0.8606146164572994,0.13938538354270055
0.8612272089136269,0.13877279108637305
0.7567816215655282,0.24321837843447172
0.8191646481634957,0.18083535183650445
0.8344975246709178,0.1655024753290822
0.8981038488770471,0.1018961511229529
0.8191278463094306,0.18087215369056947
0.8022724314348448,0.19772756856515522
0.8227131692298504,0.17728683077014962
0.7842287538393705,0.21577124616062948
0.8371077763098513,0.16289222369014864
0.846783168179134,0.1532168318208659
0.8285082755613796,0.17149172443862037
0.7868497450474122,0.21315025495258783
0.8229837055553951,0.17701629444460484
0.7840309583330096,0.21596904166699035
0.8972933708174272,0.10270662918257303
0.8311309530667429,0.1688690469332571
0.8486703318396928,0.15132966816030735
0.8228920403216282,0.1771079596783719
0.7806335189918023,0.21936648100819794
0.8140201068175371,0.1859798931824629
0.8715626119887692,0.12843738801123084
0.7894452219274715,0.21055477807252862
0.8238548228262691,0.17614517717373074
0.8074761141798219,0.1925238858201781
0.7340408009938005,0.2659591990061995
0.7669954882368721,0.23300451176312786
0.7718402068180132,0.22815979318198681
0.7811518760997497,0.2188481239002503
0.8548289668263568,0.1451710331736432
0.9056790005678941,0.09432099943210576
0.8157491564027495,0.18425084359725047
0.8082642641673595,0.19173573583264045
0.7527530066113833,0.2472469933886166
0.8823605268150806,0.11763947318491937
0.7982257332968321,0.2017742667031679
0.7686655857170527,0.23133441428294724
0.810253011414002,0.1897469885859981
0.8422177308800501,0.1577822691199499
0.8500548717564972,0.1499451282435028
0.8375960656852088,0.16240393431479117
0.8707961600828616,0.12920383991713827
0.813881530862194,0.18611846913780616
0.8219514149437092,0.178048585056291
0.839269340185479,0.16073065981452103
0.8574209155159705,0.1425790844840294
0.8100885514190889,0.18991144858091116
0.7962438015234518,0.20375619847654824
0.7848409312925144,0.2151590687074856
0.8765013950384338,0.12349860496156616
0.7804353426631925,0.21956465733680744
0.8117269140712284,0.18827308592877157
0.8607956743327533,0.13920432566724672
0.8519113611078354,0.1480886388921647
0.8046590390285534,0.19534096097144668
0.805938594991694,0.19406140500830588
0.847981053799632,0.1520189462003681
0.8160662542682285,0.1839337457317717
0.907183533542059,0.09281646645794088
0.7661971547034538,0.23380284529654605
0.8788269331280091,0.12117306687199103
0.871256219973113,0.12874378002688702
0.8170077752084819,0.18299222479151817
0.8628754413903578,0.13712455860964218
0.8876396684698932,0.11236033153010672
0.8226500890676708,0.1773499109323292
0.7548860530063705,0.2451139469936295
0.8130636022509543,0.1869363977490456
0.7769045672014186,0.22309543279858135
0.8196944994402195,0.18030550055978037
0.8197920809259586,0.18020791907404146
0.8959551608564295,0.10404483914357048
0.84672285134695,0.1532771486530501
0.8818070895800849,0.11819291041991514
0.7964204655279343,0.20357953447206564
0.8110117839783065,0.1889882160216934
0.8287929269272926,0.17120707307270755
0.8348331212423294,0.16516687875767042
0.821793484435032,0.17820651556496803
0.8061832923942359,0.19381670760576405
0.8189911310430126,0.18100886895698737
0.7732581846797524,0.22674181532024779
0.77698488164589,0.22301511835410992
0.8106183736452388,0.1893816263547613
0.8547916966539673,0.14520830334603269
0.8166966829366908,0.183303317063309
0.8089977679551129,0.19100223204488714
0.8823757086587719,0.11762429134122816
0.8461030293035188,0.1538969706964813
0.847707540181035,0.15229245981896491
0.8349426728389767,0.16505732716102334
0.8079133485338351,0.19208665146616488
0.85218098883006,0.14781901116994
0.8417791685920173,0.15822083140798268
0.903411220459795,0.09658877954020496
0.7880939047945085,0.21190609520549145
0.8085868117325149,0.19141318826748488
0.8565727173071506,0.1434272826928494
0.8678698603685963,0.13213013963140374
0.804130552630499,0.19586944736950102
0.8523149980487539,0.14768500195124626
0.8048032168711594,0.19519678312884062
0.8139795332333506,0.1860204667666495
0.7858849186348529,0.21411508136514715
0.8396144344523356,0.16038556554766423
0.8466709443317251,0.15332905566827482
0.8065941849138328,0.19340581508616728
0.760550965198061,0.2394490348019391
0.7967057479226699,0.20329425207733007
0.8424833839692191,0.157516616030781
0.7636120016371895,0.2363879983628105
0.8463094302003991,0.15369056979960077
0.8485919014361409,0.15140809856385917
0.9144650519064094,0.08553494809359069
0.8619837194119321,0.13801628058806775
0.8178562056569647,0.182143794343035
0.8331700779194974,0.16682992208050268
0.7704624248886901,0.2295375751113099
0.796460691265011,0.20353930873498896
0.7935115204457981,0.20648847955420194
0.8019885045310534,0.19801149546894659
0.8898848555265461,0.110115144473454
0.803004461189492,0.196995538810508
0.8975304789610373,0.1024695210389628
0.7604741022075164,0.23952589779248365
0.7822972110654409,0.21770278893455916
0.8335501783446045,0.1664498216553955
0.8095076537914677,0.1904923462085323
0.8103858494334092,0.1896141505665909
0.8363458114508491,0.163654188549151
0.8706159002952342,0.1293840997047658
0.8432523271462747,0.15674767285372546
0.8555601737644386,0.1444398262355615
0.8057229595252119,0.1942770404747882
0.801108597889648,0.19889140211035192
0.7471213593697356,0.25287864063026433
0.8185037535622133,0.18149624643778678
0.8391803465096401,0.16081965349035984
0.8322910782444087,0.16770892175559127
0.8612310348785093,0.13876896512149095
0.8669796241244714,0.1330203758755287
0.7765642249856751,0.2234357750143248
0.902765760471222,0.09723423952877808
0.8564805495475382,0.14351945045246184
0.7916822755707283,0.2083177244292717
0.7782136361480873,0.22178636385191255
0.8663999597939173,0.1336000402060828
0.8424543987556837,0.15754560124431638
0.7897157753244236,0.21028422467557645
0.7634235701290545,0.23657642987094574
0.7832469772670677,0.2167530227329322
0.7926520153464475,0.20734798465355253
0.8640801310141927,0.13591986898580738
0.8015120925562302,0.19848790744376965
0.7609222727568694,0.23907772724313067
0.8608353106147372,0.13916468938526289
0.9001282848681543,0.09987171513184555
0.8059160131830169,0.1940839868169831
0.7970663467834616,0.20293365321653842
0.7643394881922912,0.23566051180770864
0.8806334055253586,0.11936659447464139
0.7724476234239153,0.2275523765760847
0.79984525649344,0.20015474350656032
0.7765640864041417,0.2234359135958583
0.8378495246602842,0.1621504753397159
0.8147135558226574,0.18528644417734266
0.827027732644141,0.17297226735585916
0.8341500779835455,0.16584992201645443
0.8756279589018171,0.12437204109818303
0.834032409906494,0.16596759009350615
0.8332965237712434,0.1667034762287566
0.9011353229648543,0.09886467703514573
0.8667802172080342,0.1332197827919659
0.9315325955211201,0.06846740447887985
0.7612344624623545,0.23876553753764548
0.8237859403876198,0.1762140596123803
0.7882149239082495,0.21178507609175054
0.8214321730751455,0.17856782692485446
0.8295240442822396,0.17047595571776042
0.8146748287301823,0.18532517126981768
0.8230763439691992,0.17692365603080082
0.8383282618514133,0.16167173814858676
0.7963836620303881,0.20361633796961204
0.8609892986417867,0.13901070135821322
0.8611551045917194,0.13884489540828066
0.8857751914562594,0.11422480854374065
0.755831613509776,0.24416838649022402
0.814441129649258,0.18555887035074203
0.910819214842652,0.08918078515734773
0.783983749608787,0.21601625039121308
0.7742109009234786,0.22578909907652148
0.8565729646855005,0.14342703531449955
0.7678100098070564,0.23218999019294367
0.9147049946565491,0.08529500534345101
0.8100045672231868,0.1899954327768132
0.7954356346653813,0.2045643653346187
0.8389124509344668,0.16108754906553327
0.7897225748691854,0.21027742513081465
0.8275390268593535,0.1724609731406466
0.8669265686015848,0.13307343139841527
0.9074795968633833,0.09252040313661677
0.8823553691267987,0.11764463087320139
0.818034035409332,0.18196596459066802
0.938987510801843,0.061012489198157056
0.8087747397036247,0.19122526029637524
0.8097663558756505,0.19023364412434962
0.8011763726230438,0.19882362737695614
0.800732237579431,0.1992677624205691
0.9095976149802218,0.09040238501977803
0.8041438307564873,0.19585616924351254
0.8422159247718626,0.15778407522813728
0.8379532437744037,0.1620467562255962
0.8056899417991402,0.19431005820085984
0.8386413797085719,0.16135862029142806
0.813312193181693,0.18668780681830702
0.8427582870468537,0.1572417129531463
0.8197954260766135,0.18020457392338657
0.9027489712050216,0.09725102879497832
0.8527335900411807,0.1472664099588192
0.7777769470498962,0.2222230529501041
0.817440022873587,0.18255997712641303
0.8429462500443138,0.1570537499556862
0.8643553382637028,0.1356446617362973
0.8205072070026312,0.17949279299736878
0.8355205467081684,0.16447945329183156
0.8157848066839645,0.1842151933160356
0.8283262826470129,0.17167371735298723
0.8576672077055802,0.14233279229441975
0.8219657679725891,0.17803423202741078
0.8349794156441045,0.1650205843558955
0.7663656778681367,0.23363432213186328
0.9381534058934514,0.06184659410654872
0.7637435953299995,0.2362564046700005
0.7382540919515246,0.26174590804847553
0.8077863422644976,0.19221365773550242
0.8511579544338039,0.14884204556619596
0.7828897674805991,0.2171102325194009
0.7532311378006967,0.24676886219930333
0.8350518310311149,0.16494816896888512
0.8520413513702475,0.1479586486297525
0.8548249830970323,0.14517501690296786
0.7637444499217095,0.2362555500782905
0.9321030551293872,0.06789694487061278
0.8293813299802595,0.17061867001974054
0.8247541484094819,0.1752458515905181
0.7940643218353814,0.20593567816461875
0.8382510961693908,0.16174890383060925
0.9057712892124491,0.09422871078755087
0.8629109545313154,0.13708904546868453
0.802313445569277,0.197686554430723
0.8262037778297513,0.17379622217024868
0.7992100906221846,0.20078990937781527
0.8741165575861468,0.12588344241385316
0.8349359471302491,0.16506405286975112
0.8479147415778711,0.1520852584221291
0.8565842369118521,0.14341576308814796
0.8287937961254955,0.17120620387450441
0.8005424404104422,0.19945755958955796
0.795085077191654,0.2049149228083461
0.7619306821596112,0.23806931784038887
0.8329114878754057,0.16708851212459436
0.8730121074060391,0.1269878925939609
0.906634058056566,0.09336594194343398
0.866522396646861,0.1334776033531391
0.8470562320254368,0.1529437679745631
0.7805942236557832,0.2194057763442167
0.8135364562963724,0.18646354370362755
0.8327838986938197,0.16721610130618023
0.8851247533848604,0.11487524661513968
0.8610415819361197,0.1389584180638804
0.8957355142184691,0.10426448578153093
0.8327800050078743,0.16721999499212573
0.8056687349541339,0.19433126504586604
0.8376437334069525,0.1623562665930475
0.8006108671424614,0.1993891328575387
0.8098598655455596,0.1901401344544406
0.7884124695455703,0.21158753045442977
0.8304845562383733,0.16951544376162678
0.7634848961226294,0.23651510387737074
0.8964177546164478,0.1035822453835522
0.8112523780056493,0.18874762199435074
0.871690186803471,0.128309813196529
0.818208332860681,0.18179166713931916
0.8626696005938118,0.1373303994061882
0.8756120908921645,0.12438790910783559
0.8260064221726511,0.17399357782734912
0.8286914350125145,0.17130856498748548
0.8377480465900018,0.1622519534099983
0.7445057077389748,0.2554942922610251
0.8121919319401958,0.18780806805980432
0.8081816590374341,0.19181834096256592
0.8518664276032575,0.1481335723967426
0.8166419659209496,0.1833580340790506
0.7925820564264927,0.20741794357350735
0.8176887701341069,0.18231122986589296
0.7258509915245978,0.2741490084754022
0.772706844124491,0.22729315587550902
0.811012147458045,0.1889878525419551
0.8184095353929244,0.18159046460707567
0.743902238978327,0.2560977610216731
0.8694749242052857,0.13052507579471426
0.9032376763140098,0.09676232368599016
0.8562420643153615,0.14375793568463857
0.8756082759271613,0.12439172407283866
0.8226700325019172,0.17732996749808294
0.8565740981887215,0.14342590181127848
0.7884608512052577,0.21153914879474234
0.8241638680084156,0.17583613199158454
0.8840039673598117,0.1159960326401883
0.8203246732694358,0.17967532673056424
0.8914306182542527,0.10856938174574722
0.8212510972974277,0.17874890270257218
0.8248486611827073,0.17515133881729267
0.7679628681232068,0.2320371318767932
0.7605132151271156,0.23948678487288474
0.8479716201248216,0.1520283798751783
0.8565720629753252,0.1434279370246749
0.7784707456217875,0.22152925437821253
0.778395185991074,0.221604814008926
0.8336641753477643,0.16633582465223573
0.8130110388197319,0.18698896118026803
0.8330591032706419,0.16694089672935808
0.8367488540965733,0.16325114590342676
0.8000485231022789,0.1999514768977212
0.828014810559386,0.171985189440614
0.8044438988350072,0.19555610116499259
0.8848139227937202,0.11518607720627975
0.7582252992496543,0.24177470075034563
0.889518167711825,0.11048183228817493
0.7253450463527661,0.27465495364723397
0.8759577698093644,0.12404223019063555
0.8595224722869396,0.1404775277130603
0.83100433012116,0.16899566987883996
0.8248960287132685,0.17510397128673152
0.7973413141635765,0.20265868583642363
0.9374815057087399,0.06251849429126011
0.893197801388376,0.10680219861162385
0.806791125628469,0.19320887437153095
0.8309593828354753,0.1690406171645247
0.869379887750238,0.130620112249762
0.7862910013201939,0.21370899867980606
0.8663361408753614,0.13366385912463852
0.8052021878501968,0.19479781214980313
0.755852405808983,0.24414759419101695
0.9029399573548075,0.09706004264519262
0.8137803938837935,0.18621960611620644
0.7871371317047773,0.21286286829522263
0.8423849685643322,0.15761503143566782
0.7571910893023934,0.2428089106976066
0.759052832972029,0.24094716702797106
0.8143779834560195,0.18562201654398042
0.8703977668350857,0.1296022331649142
0.8660376999892359,0.13396230001076412
0.890187114646553,0.10981288535344702
0.796911910190965,0.20308808980903495
0.8800530002300225,0.11994699976997755
0.8335899182142026,0.16641008178579758
0.7987779875521723,0.20122201244782764
0.7093961861689473,0.2906038138310529
0.8219625352193984,0.17803746478060162
0.8480477989396554,0.1519522010603446
0.7609250352407233,0.23907496475927684
0.8216684420008392,0.1783315579991609
0.8333977676407882,0.16660223235921195
0.9340936793059689,0.06590632069403111
0.7495116988212609,0.2504883011787393
0.7124356876648291,0.2875643123351709
0.8613487179056379,0.13865128209436203
0.8146754824562285,0.18532451754377152
0.7883887865097701,0.2116112134902299
0.8936146458500758,0.10638535414992396
0.9241850449049864,0.07581495509501356
0.8246804579841989,0.17531954201580127
0.7903612032039563,0.20963879679604375
0.8049678066617804,0.19503219333821975
0.86085670657357,0.13914329342642992
0.8428773234908671,0.15712267650913284
0.7859699719796377,0.21403002802036236
0.7910473560466643,0.20895264395333557
0.7841515127133154,0.21584848728668463
0.9274709146096944,0.07252908539030567
0.8758225510620002,0.12417744893799973
0.8112519488829537,0.18874805111704634
0.9250487177971506,0.07495128220284937
0.8766890318578601,0.12331096814213986
0.762618228209674,0.2373817717903261
0.856575791005224,0.14342420899477615
0.8138850916952248,0.18611490830477523
0.8291490531721164,0.17085094682788365
0.8566170796493597,0.14338292035064032
0.8349278097359956,0.16507219026400444
0.7529614872569138,0.24703851274308625
0.8236281787653015,0.1763718212346986
0.8176392852484922,0.1823607147515078
0.8558577530209972,0.14414224697900274
0.8130923088937159,0.18690769110628427
0.8041302858478843,0.1958697141521156
0.842554405082284,0.157445594917716
0.855493542830532,0.14450645716946808
0.7505217272344946,0.2494782727655054
0.9656200764969414,0.03437992350305881
0.8830620372735234,0.11693796272647658
0.7859772663636065,0.2140227336363935
0.8654910099645926,0.13450899003540756
0.8129126583541504,0.18708734164584953
0.8670548605497215,0.13294513945027864
0.8191258652283728,0.1808741347716272
0.8329399182339912,0.1670600817660088
0.8659865507810289,0.13401344921897124
0.8286084050226599,0.17139159497734005
0.8493595157746344,0.15064048422536555
0.8133124259803237,0.1866875740196764
0.8163784396423253,0.1836215603576747
0.8424546194195961,0.157545380580404
0.7697439479455328,0.2302560520544672
0.765781105472586,0.234218894527414
0.8522842285303885,0.14771577146961148
0.9226526206587612,0.07734737934123875
0.8017192168525162,0.1982807831474839
0.8801060389751714,0.11989396102482859
0.8480464998572315,0.15195350014276868
0.8432726277202444,0.15672737227975558
0.8696842177135627,0.13031578228643734
0.8176385867762548,0.1823614132237451
0.8105213628400135,0.1894786371599864
0.8520904461344316,0.1479095538655686
0.9490447304515857,0.05095526954841418
0.8347223389320539,0.16527766106794606
0.8502518887335808,0.14974811126641926
0.8517093018520789,0.14829069814792104
0.8477409245370714,0.15225907546292866
0.7918028413181811,0.2081971586818188
0.7836738470804715,0.21632615291952847
0.8306166806149595,0.16938331938504045
0.8353100243710374,0.1646899756289626
0.8304542470406748,0.16954575295932534
0.8132249824072655,0.18677501759273463
0.839266908520947,0.16073309147905304
0.786223949241987,0.21377605075801318
0.8617907338937428,0.13820926610625717
0.8383314208502632,0.16166857914973679
0.799045193962817,0.20095480603718285
0.8128712216111582,0.18712877838884173
0.8344962027882238,0.1655037972117763
0.8275453323633153,0.17245466763668468
0.8463573238119312,0.15364267618806904
0.8662708465433745,0.13372915345662553
0.7751961134075287,0.2248038865924713
0.7806212879700228,0.21937871202997708
0.8391800796305903,0.16081992036940984
0.868869114441992,0.13113088555800803
0.7318567005018509,0.26814329949814897
0.90607598192362,0.09392401807638004
0.8644449332550953,0.13555506674490456
0.8433964123300206,0.15660358766997942
0.774887367774795,0.2251126322252049
0.7924009456059642,0.20759905439403578
0.830075469908272,0.16992453009172795
0.8465896971684967,0.1534103028315032
0.7630790784427547,0.2369209215572454
0.8302174622845067,0.16978253771549337
0.77829650225854,0.22170349774146011
0.8582544492774914,0.1417455507225086
0.9262941407735534,0.07370585922644651
0.8691363850946209,0.1308636149053791
0.8164219326927352,0.18357806730726473
0.8389400542825374,0.16105994571746252
0.7633189861925609,0.23668101380743917
0.851842948852703,0.14815705114729716
0.8250508825499114,0.17494911745008845
0.8127034873313744,0.18729651266862563
0.8651823397139474,0.13481766028605258
0.8137450166882295,0.18625498331177043
0.8423016378944685,0.15769836210553148
0.9567774706319191,0.0432225293680808
0.8240129347538713,0.1759870652461286
0.7477644360640405,0.25223556393595953
0.8314539024774612,0.1685460975225389
0.8383486752186984,0.1616513247813017
0.7837659809358373,0.2162340190641628
0.8863841461825905,0.11361585381740946
0.865618566142907,0.1343814338570933
0.816835396037278,0.1831646039627221
0.8100545299443843,0.18994547005561568
0.8361146936382609,0.16388530636173906
0.8223106886307451,0.17768931136925484
0.7853380561463614,0.21466194385363865
0.8516117252013304,0.14838827479866948
0.8318174213331415,0.16818257866685832
0.8393563792045834,0.16064362079541658
0.7700839139122208,0.22991608608777903
0.8686755898247424,0.13132441017525764
0.8096360014551037,0.19036399854489627
0.839353692995618,0.160646307004382
0.782930091944842,0.21706990805515797
0.9063764889492445,0.09362351105075548
0.8209968121711003,0.17900318782889965
0.8113680187326845,0.18863198126731548
0.7823239339953698,0.21767606600463027
0.8767202500193553,0.12327974998064473
0.7908168970768473,0.20918310292315279
0.9662831801859741,0.03371681981402588
0.8564642314521788,0.1435357685478213
0.7669059318853905,0.23309406811460937
0.8199288412142878,0.18007115878571228
0.8310540198428716,0.16894598015712825
0.8418902570076275,0.15810974299237265
0.8750562201819978,0.12494377981800225
0.8521584257500908,0.14784157424990937
0.8468469339616648,0.1531530660383354
0.8607653441443395,0.13923465585566053
0.7824918312191048,0.217508168780895
0.8565762534331645,0.14342374656683562
0.8408833591195946,0.15911664088040545
0.8236305030671284,0.1763694969328717
0.8653607757154536,0.13463922428454642
0.8221823553540072,0.1778176446459929
0.8178357425122047,0.18216425748779522
0.8703155985123249,0.1296844014876753
0.8133127822140044,0.18668721778599573
0.9328758268888465,0.06712417311115348
0.8565748664354872,0.14342513356451275
0.784796733413067,0.21520326658693312
0.7892528813459687,0.21074711865403137
0.9369442103522743,0.06305578964772555
0.807492849738797,0.19250715026120302
0.8172413384305225,0.18275866156947737
0.8597019211256545,0.1402980788743457
0.7891237755606096,0.21087622443939025
0.8565727126438556,0.14342728735614438
0.8659881538653287,0.13401184613467115
0.796054527657718,0.2039454723422819
0.8092538277863075,0.1907461722136925
0.796651921127815,0.2033480788721849
0.8869825702547178,0.11301742974528216
0.8096956160818446,0.1903043839181554
0.8323767239931876,0.1676232760068124
0.8970784311701901,0.1029215688298097
0.8310509327071325,0.16894906729286766
0.8278627064517455,0.17213729354825436
0.8014502524761687,0.19854974752383117
0.7966105049867832,0.20338949501321676
0.808069204145743,0.19193079585425707
0.8018747015388875,0.19812529846111246
0.8470562127652782,0.15294378723472174
0.8135057450794986,0.1864942549205015
0.8334760575525834,0.16652394244741647
0.7881453381960273,0.2118546618039728
0.8466322437185947,0.1533677562814053
0.8217192547574376,0.17828074524256263
0.8013116436013122,0.19868835639868768
0.8067946264899298,0.19320537351007017
0.7959887703347708,0.20401122966522925
0.8185816502630094,0.1814183497369906
0.8176384935799996,0.1823615064200005
0.77915627049353,0.2208437295064699
0.8517897190995963,0.14821028090040378
0.8094622573838834,0.19053774261611656
0.801987835433782,0.19801216456621795
0.8710432273907182,0.12895677260928196
0.7872980504642421,0.21270194953575794
0.910438326258197,0.08956167374180311
0.8433881732080234,0.15661182679197658
0.83699532907695,0.16300467092305002
0.7970626465776174,0.2029373534223827
0.8302331190485396,0.16976688095146034
0.8153161047456843,0.18468389525431572
0.8097713787813979,0.19022862121860218
0.7969117803315237,0.2030882196684763
0.894950386298491,0.10504961370150928
0.8653584134730677,0.13464158652693226
0.8016052774032866,0.1983947225967133
0.9064372335578116,0.09356276644218847
0.8566136921270651,0.14338630787293485
0.7929829543628366,0.20701704563716353
0.880436222157052,0.1195637778429481
0.9095080779550606,0.09049192204493942
0.8936595586803658,0.10634044131963435
0.8893383865784518,0.11066161342154822
0.8112524426697529,0.18874755733024723
0.8069684850134511,0.19303151498654883
0.8391893387344791,0.16081066126552102
0.84681917293124,0.15318082706875996
0.8193309958988511,0.18066900410114903
0.8172407489230116,0.1827592510769884
0.8122422215413378,0.18775777845866226
0.8304366033001679,0.16956339669983211
0.8039356880128832,0.19606431198711677
0.8021880603828851,0.19781193961711477
0.8176430780424017,0.1823569219575984
0.8340337344437391,0.16596626555626093
0.775621774694025,0.224378225305975
0.8127146278543659,0.18728537214563407
0.8300813255446302,0.16991867445536982
0.8110313911634754,0.1889686088365243
0.8423763485118464,0.15762365148815366
0.8004026094383767,0.1995973905616233
0.833913595622667,0.16608640437733302
0.794350115557277,0.20564988444272284
0.9201770054848085,0.07982299451519148
0.7700435369189556,0.22995646308104434
0.8518929856351828,0.14810701436481724
0.8216093411371213,0.17839065886287883
0.8303518154477039,0.16964818455229627
0.7893914768953283,0.21060852310467187
0.8289776837624641,0.17102231623753594
0.8261371534078282,0.1738628465921718
0.8866295008538816,0.1133704991461183
0.7830625656038611,0.21693743439613883
0.8301035064035066,0.16989649359649328
0.7692038165064075,0.23079618349359263
0.7913995457429907,0.2086004542570093
0.816696401887364,0.18330359811263602
0.8866288797933793,0.11337112020662066
0.8835131999061823,0.11648680009381779
0.7774962477235039,0.22250375227649621
0.9056191029348917,0.09438089706510844
0.8435705065230599,0.15642949347694
0.80946211425025,0.19053788574974997
0.7997679838063342,0.2002320161936659
0.7848607665631987,0.2151392334368013
0.8048682862448708,0.19513171375512914
0.8221382190775479,0.17786178092245222
0.8138702542846367,0.1861297457153633
0.8182198935274291,0.181780106472571
0.8654318054567112,0.1345681945432889
0.8761520985734675,0.12384790142653244
0.8434929955024213,0.15650700449757882
0.80992885586719,0.1900711441328101
0.847977223500541,0.1520227764994589
0.8341657548923995,0.1658342451076006
0.8445102161747735,0.15548978382522644
0.8045175390627192,0.19548246093728075
0.8139803017325312,0.18601969826746867
0.8611583679198339,0.1388416320801661
0.8446192951338607,0.15538070486613934
0.8339570187876035,0.1660429812123964
0.8195327139218754,0.18046728607812443
0.7857746851578004,0.2142253148421997
0.9251020297120319,0.07489797028796828
0.8612817749187197,0.13871822508128037
0.8142336851824126,0.18576631481758724
0.8645204902531491,0.13547950974685086
0.7615062182568159,0.23849378174318409
0.8243406638512151,0.1756593361487849
0.7404463867880782,0.2595536132119218
0.8110344327738647,0.18896556722613525
0.8566352086612568,0.14336479133874336
0.7782892616864847,0.22171073831351518
0.8994404055988565,0.10055959440114351
0.8180759245796035,0.18192407542039649
0.8434004394936275,0.15659956050637255
0.859389306579765,0.14061069342023488
0.8325150948949384,0.16748490510506145
0.8433930448139507,0.15660695518604928
0.8576936808903254,0.14230631910967456
0.8738577565317373,0.1261422434682626
0.8228548566297698,0.17714514337023024
0.8241262593034606,0.17587374069653944
0.7743537857822392,0.2256462142177608
0.8259816595722687,0.1740183404277314
0.9238412699902165,0.07615873000978325
0.8570909022113623,0.1429090977886376
0.7983936015900645,0.2016063984099356
0.8523115310039309,0.14768846899606913
0.7726477305929937,0.22735226940700626
0.9200021167124701,0.07999788328752995
0.8401799930679886,0.1598200069320116
0.8259814573514392,0.17401854264856076
0.9220476552300203,0.07795234476997964
0.817573757621534,0.1824262423784659
0.8143281538635324,0.18567184613646756
0.8604596855499205,0.13954031445007958
0.7788264096240606,0.22117359037593956
0.8268900030717765,0.17310999692822365
0.8796457737961867,0.12035422620381343
0.8213298712553531,0.17867012874464677
0.8609006037805661,0.13909939621943385
0.817441084468958,0.18255891553104203
0.8149926434362869,0.1850073565637132
0.7910467914349443,0.2089532085650558
0.8137471634693296,0.1862528365306703
0.7867439981561436,0.21325600184385649
0.8189212357148696,0.18107876428513048
0.8367099517793063,0.16329004822069382
0.7862261847595107,0.21377381524048936
0.8468758093920795,0.15312419060792049
0.8710104005373138,0.12898959946268615
0.8013409361957309,0.1986590638042692
0.7953973977721749,0.2046026022278252
0.8125726687585758,0.1874273312414242
0.831092968454687,0.168907031545313
0.8740370186159948,0.12596298138400522
0.8132632353576894,0.18673676464231065
0.8001312732521334,0.19986872674786652
0.7948016130921715,0.20519838690782857
0.9459799181899013,0.05402008181009858
0.7311441451875857,0.2688558548124144
0.8619744814852097,0.13802551851479036
0.8609939160994112,0.1390060839005889
0.7287663988347298,0.2712336011652703
0.9024372952701665,0.09756270472983364
0.80413064758776,0.1958693524122399
0.835138330584038,0.16486166941596214
0.8054348594699541,0.19456514053004595
0.9563642613627146,0.04363573863728556
0.8725518102581341,0.12744818974186586
0.8201238417703499,0.17987615822965006
0.7613988624513761,0.23860113754862391
0.9250982492112324,0.07490175078876757
0.7342063245707485,0.2657936754292514
0.7761891496735617,0.22381085032643835
0.8136392799933413,0.18636072000665874
0.8456313694284507,0.15436863057154937
0.7834005688262579,0.2165994311737422
0.8351989619100721,0.1648010380899278
0.7646483079157772,0.23535169208422282
0.8162239958170496,0.18377600418295045
0.9206773326473019,0.0793226673526981
0.7867442270413737,0.21325577295862633
0.8757152745548169,0.12428472544518308
0.7775220611288945,0.22247793887110542
0.7871446077490779,0.21285539225092195
0.8107930586837311,0.189206941316269
0.7489183772038187,0.251081622796181
0.8078714759729618,0.19212852402703826
0.813744366566641,0.18625563343335905
0.8517879569498771,0.14821204305012287
0.8786903255423042,0.12130967445769576
0.7855547081775284,0.2144452918224718
0.8837817225408484,0.11621827745915157
0.79785449768599,0.20214550231401004
0.8241403136759309,0.17585968632406931
0.7408673505133705,0.25913264948662945
0.8153470580026927,0.18465294199730742
0.8841419461215169,0.11585805387848314
0.8443479525097599,0.15565204749024006
0.8024731449830141,0.1975268550169859
0.8182648796108285,0.1817351203891715
0.8519931053827408,0.14800689461725933
0.8149902253200271,0.18500977467997298
0.8252738781350869,0.17472612186491315
0.7910434302198822,0.2089565697801179
0.832779418804543,0.16722058119545719
0.791168298374291,0.20883170162570883
0.8138427745481055,0.1861572254518946
0.8156791523998814,0.1843208476001186
0.8089392170916794,0.19106078290832065
0.9061138131064771,0.09388618689352318
0.8228172617705602,0.1771827382294397
0.8015111824587039,0.19848881754129624
0.8305004436814141,0.16949955631858607
0.8353455324417316,0.16465446755826846
0.8565671825712752,0.1434328174287249
0.8004938045517486,0.19950619544825143
0.791043659094258,0.20895634090574203
0.8187194947291057,0.18128050527089426
0.8144471288522854,0.18555287114771465
0.7794088577660445,0.22059114223395546
0.8434121460888451,0.1565878539111549
0.8066475189891272,0.19335248101087277
0.7820028769828534,0.21799712301714658
0.8270706712351543,0.17292932876484576
0.8639385424019903,0.13606145759800964
0.8468961552508701,0.15310384474912972
0.8480383615294497,0.15196163847055041
0.8193194483923377,0.18068055160766225
0.7582104841999557,0.24178951580004418
0.8288378802145422,0.17116211978545762
0.7966571847197461,0.20334281528025397
0.7806422106406812,0.21935778935931877
0.8374585551779382,0.16254144482206181
0.7967060892575388,0.2032939107424613
0.7914754214670068,0.2085245785329933
0.8613578394289322,0.138642160571068
0.8432590016724079,0.15674099832759214
0.777349850953207,0.22265014904679303
0.9029444462958536,0.09705555370414647
0.7553039013059692,0.24469609869403067
0.8059465242082502,0.19405347579174995
0.9314682140737254,0.06853178592627446
0.8234482704986111,0.17655172950138873
0.7386065802038604,0.26139341979613956
0.9607960991561412,0.039203900843858774
0.8991518568595769,0.10084814314042295
0.8359468068973658,0.1640531931026342
0.9693002137724857,0.030699786227514386
0.8507367727885771,0.14926322721142277
0.8016292487717317,0.1983707512282683
0.7867443129083511,0.2132556870916489
0.7726405231219543,0.22735947687804584
0.8470545948096034,0.1529454051903966
0.849419573850776,0.1505804261492236
0.8166577150469544,0.1833422849530456
0.8187988654084009,0.18120113459159912
0.8217888859273403,0.17821111407265983
0.8046598349143084,0.19534016508569166
0.8635335894625755,0.1364664105374245
0.8108778433832383,0.1891221566167616
0.8328423572984527,0.16715764270154723
0.783795586567967,0.216204413432033
0.7903648722418679,0.2096351277581322
0.8099310348786416,0.19006896512135854
0.8028208665366624,0.19717913346333754
0.8809074732361029,0.11909252676389726
0.8889860488750349,0.11101395112496514
0.8802310412293171,0.11976895877068301
0.8570589106019997,0.14294108939800027
0.8528007036999858,0.1471992963000143
0.881797151159593,0.1182028488404069
0.8053848258637998,0.19461517413620014
0.8620957518275427,0.13790424817245725
0.8477430716986868,0.15225692830131324
0.8350087459595112,0.1649912540404887
0.8873224144352132,0.11267758556478685
0.9191320089696655,0.08086799103033461
0.8182558946651323,0.18174410533486768
0.7768695431630961,0.2231304568369039
0.8054402205580743,0.19455977944192557
0.8223102956300505,0.17768970436994952
0.8293596471821469,0.170640352817853
0.8806394049842016,0.11936059501579843
0.8187397252206895,0.1812602747793105
0.7709405851092952,0.22905941489070486
0.8721101301590615,0.12788986984093859
0.8613061615834574,0.13869383841654262
0.7867467750158128,0.21325322498418706
0.7730056877026215,0.2269943122973786
0.8989449822783763,0.10105501772162365
0.8372239625455011,0.16277603745449887
0.7874946754888204,0.2125053245111797
0.7975373463764118,0.20246265362358823
0.8542996189676002,0.14570038103239985
0.7532685946003399,0.2467314053996601
0.8813521929987519,0.1186478070012481
0.8878176959402,0.11218230405980004
0.7908568999041695,0.2091431000958306
0.839582709020733,0.16041729097926705
0.8723669564743277,0.12763304352567223
0.8329120072683188,0.16708799273168126
0.8131239312265184,0.1868760687734816
0.7748275470787396,0.22517245292126034
0.8710532671722527,0.12894673282774727
0.86120517213722,0.13879482786277997
0.8021882277838996,0.19781177221610047
0.7349888820876648,0.2650111179123352
0.8086222963043049,0.1913777036956951
0.8380801253623638,0.16191987463763635
0.8040467173681936,0.19595328263180636
0.8306159837339963,0.16938401626600383
0.8531749077529421,0.1468250922470579
0.8527387208269587,0.14726127917304113
0.8895126091966895,0.1104873908033104
0.900880263206309,0.09911973679369093
0.8345733082469875,0.1654266917530125
0.8372156880122748,0.16278431198772536
0.8417202755187765,0.15827972448122354
0.8678522442841736,0.13214775571582635
0.880238627700461,0.11976137229953905
0.8433943988978757,0.15660560110212435
0.81179880877449,0.18820119122551016
0.7496390734877789,0.250360926512221
0.7910434806987084,0.2089565193012917
0.8879678531513934,0.11203214684860663
0.8389807769305264,0.1610192230694735
0.8185976647569294,0.18140233524307064
0.7969112485295895,0.2030887514704105
0.8139824492818457,0.1860175507181544
0.7778873265164694,0.22211267348353064
0.8258249675700602,0.17417503242993987
0.8195326685765822,0.18046733142341764
0.7828913066974459,0.21710869330255414
0.8369769530482576,0.16302304695174252
0.7913996493151894,0.20860035068481073
0.8099283880729021,0.19007161192709787
0.8187164520432954,0.18128354795670482
0.7935900098576597,0.2064099901423404
0.7859285469142921,0.2140714530857079
0.8468063218106241,0.15319367818937582
0.8447214744594347,0.15527852554056532
0.8520886915857273,0.14791130841427275
0.8029672460138478,0.19703275398615228
0.8383463113666257,0.1616536886333743
0.8831997988377522,0.1168002011622479
0.865787345639694,0.1342126543603061
0.7877159109220124,0.21228408907798757
0.8761538158318314,0.12384618416816875
0.9195812738504885,0.08041872614951157
0.7444641929514498,0.25553580704855017
0.7874942296644539,0.21250577033554602
0.9095037191034806,0.09049628089651938
0.8350513403404622,0.16494865965953778
0.8566242244749102,0.14337577552508984
0.8227165116844892,0.17728348831551083
0.8344970391444508,0.16550296085554916
0.808762904951372,0.19123709504862788
0.8480082025375223,0.15199179746247768
0.875110181171624,0.12488981882837603
0.8036384958061181,0.19636150419388196
0.7940036422281611,0.2059963577718389
0.8234691264957589,0.17653087350424107
0.8352138958680476,0.1647861041319524
0.8141698892975371,0.185830110702463
0.828407139788279,0.17159286021172102
0.7889069873332908,0.2110930126667093
0.842297702398997,0.15770229760100285
0.7896540298584972,0.21034597014150289
0.9156476772710495,0.0843523227289505
0.8390944766341163,0.160905523365884
0.8838281555608053,0.11617184443919461
0.8312561821421662,0.1687438178578336
0.8153241393425675,0.18467586065743247
0.8004049608280075,0.19959503917199253
0.8120438914157491,0.1879561085842509
0.9026976710918436,0.0973023289081565
0.8166265680126071,0.183373431987393
0.9033746236037756,0.09662537639622434
0.8842589880734987,0.11574101192650135
0.8064554435145104,0.1935445564854896
0.8368840604968263,0.16311593950317368
0.8255062258154832,0.17449377418451686
0.7923379114099189,0.20766208859008103
0.8029244265664597,0.19707557343354032
0.8517476424890624,0.14825235751093743
0.8517342463537875,0.14826575364621242
0.7591172895014388,0.24088271049856136
0.836494777121853,0.16350522287814698
0.8331525166064102,0.16684748339358974
0.818411190817162,0.1815888091828381
0.8565551503431581,0.14344484965684184
0.8298614469967459,0.1701385530032541
0.8120529410227436,0.18794705897725633
0.8656836682322329,0.13431633176776708
0.7929657566265048,0.20703424337349519
0.8247284468100705,0.1752715531899295
0.842400593806414,0.15759940619358598
0.8481436744128654,0.1518563255871345
0.7764076752619192,0.22359232473808083
0.7905087220089464,0.20949127799105374
0.762354132341248,0.2376458676587519
0.838071398031982,0.16192860196801795
0.8873485633105842,0.11265143668941577
0.7401462071643338,0.2598537928356662
0.7905523259217672,0.20944767407823295
0.7783729091009829,0.22162709089901728
0.7911280622421223,0.20887193775787763
0.8649628925144064,0.13503710748559378
0.8517344875469853,0.1482655124530148
0.8477136148052542,0.15228638519474585
0.893670844560183,0.1063291554398172
0.7957243097608032,0.20427569023919687
0.8046401027763196,0.19535989722368036
0.890831559125993,0.10916844087400715
0.8609738395131388,0.13902616048686137
0.8155515273209689,0.18444847267903125
0.869144627507183,0.13085537249281698
0.825558647452462,0.17444135254753818
0.8290877812703399,0.1709122187296603
0.8795352246782911,0.12046477532170885
0.8105215013600563,0.18947849863994368
0.8176176526641336,0.18238234733586642
0.8616436008233969,0.13835639917660314
0.8522254370611494,0.1477745629388506
0.8530160342956402,0.14698396570435973
0.8468389502378244,0.1531610497621756
0.8480859671716546,0.1519140328283453
0.8732388048657099,0.12676119513429007
0.8547231662653877,0.14527683373461223
0.8209249943730188,0.1790750056269814
0.9335691246350057,0.06643087536499431
0.7550619469099128,0.24493805309008732
0.8565736360827454,0.14342636391725444
0.8649001582275306,0.1350998417724693
0.8776811106682052,0.12231888933179498
0.7914165589003572,0.20858344109964272
0.8390031353996625,0.16099686460033744
0.8565731367741151,0.14342686322588494
0.8372230648069617,0.16277693519303818
0.8702173941036222,0.1297826058963778
0.7435423192574141,0.2564576807425858
0.7899787471897456,0.2100212528102545
0.8662512449604755,0.13374875503952455
0.8700665040642689,0.12993349593573128
0.846784713344093,0.15321528665590714
0.7868606460806379,0.21313935391936212
0.8419730738382536,0.1580269261617464
0.8522472649541908,0.1477527350458092
0.8706158970069944,0.12938410299300562
0.7918479628277669,0.20815203717223324
0.8422120037667201,0.1577879962332798
0.8180298470745131,0.18197015292548682
0.82833765687375,0.17166234312625003
0.7715378509262647,0.2284621490737352
0.8711742809862026,0.1288257190137973
0.901497967884035,0.09850203211596473
0.8182917526532208,0.18170824734677907
0.8326043055417575,0.16739569445824257
0.81228841945892,0.18771158054107995
0.8962410516866465,0.10375894831335358
0.8564858373686134,0.1435141626313867
0.8324155566127066,0.16758444338729334
0.8241139357265693,0.17588606427343065
0.7794835265165875,0.22051647348341252
0.8523469668768382,0.14765303312316172
0.7815688630094578,0.21843113699054226
0.9225193035723459,0.07748069642765432
0.829244386424601,0.17075561357539906
0.8372159522153211,0.16278404778467903
0.8264426634443355,0.17355733655566452
0.8558675843071634,0.1441324156928365
0.7910518744774765,0.20894812552252354
0.9054945240870024,0.0945054759129977
0.9144064113497733,0.0855935886502267
0.7873584608003757,0.2126415391996242
0.8330055307765836,0.16699446922341643
0.8272049894031009,0.1727950105968991
0.8809054014588511,0.11909459854114887
0.8105576990240797,0.18944230097592038
0.8851258769114779,0.11487412308852218
0.8030709967927152,0.19692900320728468
0.8521359191926162,0.14786408080738395
0.8051790168443033,0.1948209831556967
0.8329627958922278,0.1670372041077724
0.8338162120754835,0.1661837879245165
0.8698196922270788,0.13018030777292125
0.7892030657027908,0.21079693429720928
0.837900568396251,0.16209943160374896
0.8292772707863367,0.17072272921366338
0.8079434535225309,0.1920565464774692
0.820525600890411,0.17947439910958904
0.8310043635965013,0.1689956364034987
0.7687242357848839,0.2312757642151161
0.846895565443403,0.15310443455659697
0.8191503955433914,0.1808496044566087
0.8211074627476999,0.17889253725230048
0.8856103377521306,0.11438966224786941
0.8565381794764896,0.14346182052351047
0.8393518766016435,0.16064812339835652
0.870771298858791,0.12922870114120905
0.8422977589974563,0.1577022410025438
0.8227775815410655,0.1772224184589346
0.8861261569903017,0.11387384300969842
0.7926568256989098,0.20734317430109012
0.8098632750632314,0.19013672493676873
0.8421372424236375,0.15786275757636237
0.8315565537707811,0.16844344622921897
0.8888932136023874,0.11110678639761264
0.7735667428226577,0.22643325717734256
0.8522507073820992,0.14774929261790096
0.7976559421666972,0.20234405783330278
0.7881192201410561,0.21188077985894388
0.8201785101069857,0.17982148989301433
0.8565754776906888,0.14342452230931121
0.8501058785825334,0.14989412141746655
0.7848305271959987,0.21516947280400125
0.8653142461760748,0.13468575382392517
0.822554903167706,0.17744509683229404
0.846517252804353,0.1534827471956469
0.7880241929102229,0.21197580708977717
0.7783459952321847,0.22165400476781535
0.9022873816038407,0.09771261839615925
0.8621068260870303,0.13789317391296985
0.767081137833177,0.2329188621668231
0.7471272411437625,0.2528727588562376
0.8656814166913547,0.1343185833086453
0.8402365863381479,0.15976341366185212
0.8355134266363301,0.16448657336366987
0.8758211990847882,0.12417880091521175
0.8547463730399351,0.14525362696006497
0.855131351337276,0.14486864866272417
0.8421377841540126,0.1578622158459874
0.7361688297686226,0.2638311702313775
0.7906836969218947,0.2093163030781052
0.7806598549993644,0.21934014500063578
0.8367556619513121,0.16324433804868785
0.8163417549513562,0.1836582450486439
0.8153761968562487,0.1846238031437512
0.7878637398127857,0.2121362601872144
0.8087447415164409,0.1912552584835591
0.8058660829623231,0.19413391703767693
0.8094625097042686,0.19053749029573142
0.8130546097031637,0.1869453902968363
0.7800806941630104,0.2199193058369896
0.8472633784802205,0.15273662151977954
0.800731008451269,0.19926899154873104
0.85657357682716,0.14342642317284
0.7387396990774625,0.2612603009225375
0.7691995040523898,0.2308004959476101
0.8006928952900413,0.1993071047099587
0.7313283502437808,0.2686716497562191
0.817440641531267,0.182559358468733
0.7977905636916288,0.20220943630837115
0.7776184781079294,0.22238152189207067
0.8391799991944371,0.1608200008055629
0.8741763507443617,0.12582364925563824
0.8187854622862878,0.1812145377137123
0.8435960663730263,0.15640393362697372
0.7975533051294962,0.20244669487050387
0.7596015719740802,0.2403984280259199
0.8051786627194256,0.1948213372805744
0.8149033586029153,0.18509664139708476
0.7997960012721177,0.20020399872788242
0.8332965874264434,0.16670341257355656
0.8644344116841355,0.13556558831586457
0.8433277057891317,0.1566722942108684
0.8863352750072899,0.1136647249927101
0.8155679589958669,0.18443204100413324
0.8951977085939455,0.10480229140605442
0.9031261329720265,0.09687386702797345
0.8377484008697725,0.16225159913022744
0.8393610484113795,0.16063895158862054
0.8373245317003479,0.16267546829965204
0.8714788334136366,0.12852116658636342
0.8471609917114249,0.1528390082885751
0.8180856878398113,0.18191431216018872
0.7680297976334988,0.2319702023665012
0.9452037325812648,0.05479626741873521
0.8255118872504874,0.17448811274951256
0.9220160213191044,0.07798397868089543
0.8541755223298007,0.14582447767019932
0.8783031690463574,0.12169683095364242
0.8349437318337706,0.16505626816622934
0.8495452168160059,0.1504547831839944
0.840940798843491,0.15905920115650896
0.7910507511383795,0.20894924886162053
0.8045163110763601,0.19548368892363988
0.8059449812630365,0.19405501873696376
0.7969599087545608,0.2030400912454392
0.8901543569703967,0.10984564302960331
0.8659065275498877,0.13409347245011222
0.7732648613173598,0.22673513868264009
0.7652664436191223,0.23473355638087773
0.8840493918941605,0.11595060810583942
0.7538813146079547,0.2461186853920454
0.7346524737602672,0.2653475262397327
0.8852863022328382,0.11471369776716182
0.8377064238466452,0.16229357615335488
0.7651470784399121,0.23485292156008783
0.7840526411499531,0.21594735885004698
0.847004154121558,0.152995845878442
0.8522255856392483,0.14777441436075167
0.8464642668421897,0.1535357331578104
0.8998637092238353,0.10013629077616489
0.8964943009853893,0.10350569901461075
0.7873812273427159,0.2126187726572843
0.8581816866448346,0.14181831335516532
0.8270370611343257,0.17296293886567427
0.8172851581666969,0.182714841833303
0.8039148970546558,0.19608510294534404
0.7775053913870735,0.22249460861292616
0.9006520657034969,0.09934793429650314
0.7655627622198843,0.23443723778011566
0.8084783721766691,0.19152162782333076
0.8518145856828975,0.14818541431710258
0.7890997002885034,0.21090029971149665
0.8361314533480734,0.16386854665192674
0.8252169679100979,0.1747830320899022
0.818469499361745,0.181530500638255
0.7887251891928778,0.21127481080712215
0.8772139948351017,0.12278600516489824
0.8084509832896374,0.19154901671036276
0.8187169624183586,0.18128303758164144
0.813790506580629,0.18620949341937104
0.8348331505466816,0.1651668494533186
0.8124243346543133,0.18757566534568662
0.792967962818266,0.20703203718173413
0.8122694069980365,0.18773059300196343
0.8480086471828635,0.15199135281713652
0.7765488564048175,0.22345114359518256
0.802779105233345,0.19722089476665505
0.8623841429587773,0.1376158570412227
0.9055140784367082,0.09448592156329197
0.7397070610706807,0.2602929389293192
0.8695523344503503,0.13044766554964965
0.7859266623027654,0.21407333769723463
0.8305048061064441,0.16949519389355586
0.8412549119166022,0.1587450880833979
0.8836442516237016,0.11635574837629833
0.7859782519366935,0.21402174806330654
0.821973372295905,0.17802662770409497
0.9111785681031122,0.08882143189688775
0.8201244741374001,0.17987552586259992
0.780657857731344,0.2193421422686559
0.8332943508210053,0.16670564917899466
0.761402434611808,0.23859756538819185
0.7988834682137632,0.20111653178623684
0.7887259210984016,0.21127407890159847
0.8662895287963593,0.13371047120364069
0.8896916106766434,0.11030838932335661
0.8174402573043208,0.18255974269567918
0.8101583306041541,0.1898416693958458
0.8307454188551513,0.16925458114484881
0.7848186480622897,0.21518135193771032
0.8480390681092974,0.15196093189070256
0.8248487621341508,0.1751512378658493
0.8612033732594045,0.13879662674059542
0.768721041218986,0.23127895878101393
0.8242915570278505,0.17570844297214952
0.8078884898863824,0.19211151011361766
0.7862271834660499,0.21377281653395
0.8094873038500422,0.19051269614995778
0.8388221942495859,0.16117780575041413
0.7960341383880724,0.20396586161192776
0.813312597051709,0.18668740294829111
0.8703849100153215,0.12961508998467852
0.8549955238463457,0.14500447615365422
0.7863907179735713,0.2136092820264286
0.8480128293091815,0.15198717069081844
0.909804474486609,0.09019552551339094
0.8267229341833978,0.1732770658166022
0.7541867905059023,0.24581320949409757
0.78196177067277,0.21803822932723002
0.8612819754463859,0.13871802455361415
0.8042596560458185,0.19574034395418147
0.8316732800545971,0.16832671994540305
0.8134410393178642,0.18655896068213582
0.8377542931673146,0.1622457068326852
0.7474607037333856,0.25253929626661437
0.7863619532381313,0.21363804676186873
0.8260891333457192,0.1739108666542809
0.8693619926301955,0.13063800736980455
0.8202619531607102,0.1797380468392899
0.8518930313671131,0.1481069686328868
0.7948063593308565,0.20519364066914347
0.8473127817338127,0.15268721826618725
0.7798905999016741,0.2201094000983259
0.8711498643197652,0.12885013568023473
0.8131226534638263,0.18687734653617386
0.8182947859211313,0.1817052140788686
0.7950584046064397,0.2049415953935603
0.7563306825081446,0.2436693174918554
0.8565714440034042,0.1434285559965956
0.8393110374568479,0.16068896254315213
0.8659354645162399,0.13406453548376013
0.7794869661336918,0.22051303386630824
0.8064547980669169,0.19354520193308317
0.9051084418540366,0.09489155814596342
0.8094622974384869,0.19053770256151314
0.8591470760405017,0.1408529239594983
0.8565513241419782,0.1434486758580217
0.8081837780656477,0.19181622193435258
0.83426728293517,0.16573271706482992
0.8761873876743193,0.12381261232568076
0.8180632919054925,0.18193670809450746
0.7583691205264355,0.24163087947356449
0.8659350310585954,0.13406496894140466
0.785246752455064,0.21475324754493594
0.8722823825179077,0.12771761748209207
0.8663477680107559,0.13365223198924417
0.8187144956946656,0.18128550430533452
0.8565688133766738,0.14343118662332618
0.8193316536520838,0.1806683463479161
0.8440158500373784,0.1559841499626217
0.7430209630213055,0.2569790369786946
0.7917519365962866,0.20824806340371346
0.894330825586991,0.10566917441300912
0.8375736801003192,0.16242631989968068
0.7913513554227702,0.20864864457722976
0.840943288389289,0.15905671161071114
0.861384034902508,0.138615965097492
0.8437854743656349,0.15621452563436508
0.8533310717655992,0.14666892823440078
0.8199707752837185,0.18002922471628152
0.8336855922525113,0.1663144077474888
0.7778689236687758,0.22213107633122434
0.7826182730316364,0.21738172696836358
0.8290901739877092,0.1709098260122907
0.8967218536728219,0.10327814632717824
0.8246377149644794,0.17536228503552068
0.7767229192023383,0.22327708079766168
0.9077795561880432,0.09222044381195682
0.8033210118789456,0.19667898812105453
0.8140594449037971,0.18594055509620297
0.8049385127443612,0.19506148725563888
0.8285402726891704,0.17145972731082953
0.8063639922360422,0.19363600776395784
0.8820255007559173,0.11797449924408267
0.8516520157692472,0.14834798423075282
0.8272042591903933,0.17279574080960658
0.7599983507681132,0.24000164923188685
0.8087686494556426,0.19123135054435741
0.8074988312891751,0.1925011687108249
0.8968783745871378,0.10312162541286225
0.8755079293964704,0.12449207060352958
0.8238207049651923,0.17617929503480761
0.8234465999585757,0.17655340004142442
0.8340314257920983,0.1659685742079016
0.8749808908329509,0.12501910916704903
0.8151092842266225,0.18489071577337743
0.8795513191073611,0.12044868089263897
0.7841098005282224,0.21589019947177748
0.8149947416356166,0.18500525836438336
0.7586813497577926,0.24131865024220756
0.7740008731435626,0.22599912685643744
0.8004589914225847,0.19954100857741525
0.8585354956942709,0.14146450430572916
0.78858222562103,0.21141777437897014
0.8161361248522996,0.18386387514770045
0.8698250795716225,0.13017492042837767
0.8757225520979954,0.12427744790200464
0.7957439790337129,0.2042560209662871
0.859785267002912,0.14021473299708798
0.8360488517763042,0.1639511482236958
0.780380413719365,0.21961958628063513
0.8284890707656039,0.17151092923439615
0.9305702781034789,0.06942972189652119
0.7800110234125743,0.21998897658742564
0.8930534254907632,0.106946574509237
0.8201987170130158,0.17980128298698422
0.8252874331686078,0.17471256683139202
0.8226667220291853,0.1773332779708146
0.8141718566302452,0.18582814336975492
0.7835595616780858,0.2164404383219143
0.810015825071463,0.18998417492853711
0.9419490923051366,0.05805090769486334
0.7516072923982599,0.2483927076017399
0.8788799827644984,0.1211200172355017
0.8658340899477635,0.1341659100522366
0.7871396494914292,0.21286035050857072
0.8093552600472038,0.1906447399527963
0.846671283952657,0.15332871604734297
0.7704631024727427,0.2295368975272574
0.8331700599802861,0.16682994001971374
0.8332626851349888,0.16673731486501103
0.8130162585111161,0.18698374148888391
0.8228882621534154,0.1771117378465847
0.7736782737823943,0.22632172621760577
0.8100216857527386,0.18997831424726147
0.827041104450091,0.172958895549909
0.8419818424106138,0.1580181575893862
0.8746211355804073,0.1253788644195928
0.8858765495425162,0.11412345045748404
0.8520174363487686,0.14798256365123147
0.8049004861124047,0.19509951388759525
0.9159085231801798,0.08409147681982035
0.9007353537436904,0.09926464625630953
0.8182649543975894,0.1817350456024107
0.8048027667188539,0.19519723328114608
0.8663074930141225,0.1336925069858776
0.816740282844657,0.18325971715534292
0.8255463692528587,0.1744536307471411
0.7890643749994731,0.21093562500052698
0.8613315933680613,0.13866840663193866
0.881827097189777,0.11817290281022308
0.8941927324471963,0.10580726755280347
0.852291025978994,0.14770897402100605
0.8205571520682811,0.1794428479317188
0.7960083051338183,0.2039916948661818
0.8565723925574812,0.1434276074425188
0.8374343561626233,0.16256564383737665
0.7930262680765353,0.20697373192346497
0.835326941874301,0.16467305812569896
0.8431194745283843,0.1568805254716155
0.9341196622885937,0.06588033771140638
0.8646163642324463,0.1353836357675538
0.8472116089747527,0.15278839102524733
0.8079446344314387,0.19205536556856118
0.8042264473432265,0.19577355265677368
0.7833822608703828,0.21661773912961732
0.7442341497252737,0.2557658502747265
0.8278617896503988,0.1721382103496012
0.8252561396921787,0.1747438603078213
0.7855875506803603,0.21441244931963965
0.8296962121568277,0.17030378784317238
0.8480360237537453,0.1519639762462547
0.8019150693593861,0.19808493064061386
0.8565736929370217,0.14342630706297838
0.7897191169140025,0.2102808830859974
0.9478354387278809,0.05216456127211912
0.7651023733698665,0.23489762663013342
0.9331382161715874,0.06686178382841268
0.819377012259849,0.18062298774015098
0.8024645892449236,0.19753541075507638
0.7717886883335725,0.22821131166642736
0.8378509249560205,0.1621490750439795
0.802716429434727,0.19728357056527315
0.7864835371694953,0.21351646283050466
0.8782271283965141,0.12177287160348597
0.837541587089313,0.16245841291068694
0.8517333944383768,0.1482666055616233
0.8482938761308434,0.1517061238691568
0.8128220891237767,0.18717791087622326
0.8080050549473984,0.19199494505260165
0.7638689974081508,0.23613100259184952
0.8097713717351558,0.19022862826484432
0.8770568672036935,0.1229431327963065
0.8295699132039204,0.17043008679607966
0.8697515994909606,0.1302484005090395
0.7223285091078451,0.2776714908921551
0.8325750518768976,0.1674249481231024
0.8419726304512652,0.15802736954873473
0.8473331717503697,0.1526668282496303
0.8352408812316596,0.16475911876834037
0.8321005310065888,0.16789946899341135
0.787498314207142,0.2125016857928578
0.7960526508277594,0.20394734917224056
0.7794632980325877,0.2205367019674122
0.8258316559511156,0.17416834404888432
0.8565710511567044,0.1434289488432955
0.8565388147566084,0.1434611852433915
0.8476516354933613,0.15234836450663874
0.8400719247731969,0.1599280752268031
0.8664196027590492,0.13358039724095075
0.8351603004641593,0.16483969953584063
0.8426809371462937,0.1573190628537064
0.7975508384418137,0.2024491615581863
0.8002486139646084,0.1997513860353915
0.8563884131752482,0.14361158682475186
0.923934212592264,0.07606578740773592
0.8390188839075253,0.16098111609247476
0.7675239601421979,0.23247603985780202
0.8050238196943234,0.19497618030567676
0.7984945103887758,0.20150548961122422
0.8226867587110401,0.17731324128895984
0.7507008609686391,0.2492991390313609
0.8124214260306748,0.18757857396932534
0.7831865925049848,0.21681340749501526
0.8262898795200905,0.17371012047990947
0.885285581919601,0.1147144180803989
0.8378690278203327,0.16213097217966735
0.8902591906600011,0.10974080933999879
0.7473680776050896,0.2526319223949103
0.856550256504633,0.1434497434953669
0.8566018329980606,0.14339816700193944
0.8658340210904057,0.13416597890959428
0.8962666735656796,0.1037333264343205
0.9148234148605116,0.08517658513948846
0.8355805714083574,0.16441942859164274
0.8315035477302577,0.1684964522697423
0.8387695712338984,0.1612304287661017
0.8270206718033238,0.17297932819667627
0.8187833377192973,0.18121666228070268
0.9486599929441242,0.051340007055875825
0.8056915092809498,0.1943084907190503
0.856578166847906,0.1434218331520939
0.8084650863473176,0.1915349136526823
0.8346104500477655,0.1653895499522345
0.7823031760435003,0.21769682395649956
0.8149021931592215,0.18509780684077842
0.8700277005373673,0.12997229946263258
0.8763479463186176,0.12365205368138242
0.8454237487144951,0.15457625128550487
0.814258082805333,0.1857419171946671
0.8707074220928089,0.1292925779071909
0.7835568096600066,0.21644319033999354
0.846757175850836,0.153242824149164
0.7550841735729193,0.24491582642708054
0.8146768252135844,0.18532317478641555
0.8214322000295996,0.1785677999704004
0.7816952565150584,0.21830474348494153
0.8300614446958967,0.16993855530410334
0.9101095628239089,0.08989043717609112
0.7558219340164941,0.2441780659835059
0.8269098843538266,0.17309011564617338
0.8856101569977057,0.11438984300229427
0.8018989180845554,0.1981010819154447
0.8845079373504419,0.11549206264955807
0.8936685740529516,0.10633142594704821
0.8030378027487133,0.19696219725128677
0.8303834797627804,0.1696165202372197
0.8096966787746704,0.1903033212253297
0.8470845667047234,0.15291543329527651
0.7894290328987752,0.2105709671012247
0.8989301491419183,0.10106985085808179
0.9006205473012663,0.09937945269873376
0.8698886558345756,0.13011134416542441
0.8517895972630405,0.14821040273695946
0.9518054490089602,0.04819455099103974
0.8097744871365248,0.19022551286347525
0.8468401853320451,0.15315981466795509
0.8105317733204269,0.18946822667957305
0.8660406359466281,0.13395936405337194
0.8581544200849799,0.1418455799150203
0.769276552989694,0.23072344701030628
0.7536198168111963,0.24638018318880367
0.8547081263047477,0.14529187369525232
0.8267426721937318,0.17325732780626818
0.8803967783078936,0.11960322169210642
0.8808120902924232,0.1191879097075768
0.7802578143713701,0.21974218562862996
0.880771143910335,0.1192288560896651
0.8369960726303487,0.16300392736965139
0.8423763780251562,0.15762362197484395
0.7484735651134178,0.2515264348865822
0.7914996203965575,0.2085003796034427
0.7950759570224554,0.20492404297754466
0.8887759691234699,0.11122403087653004
0.9439548446485594,0.05604515535144066
0.8698229296888934,0.13017707031110662
0.7604360561096497,0.23956394389035046
0.8705530373691855,0.12944696263081432
0.8433278857037688,0.15667211429623115
0.8193340994436095,0.18066590055639056
0.7407440434194418,0.25925595658055817
0.751155946382302,0.24884405361769804
0.7641055726654651,0.23589442733453475
0.9363797703849145,0.06362022961508551
0.8642524041034729,0.13574759589652716
0.8807836728169852,0.11921632718301481
0.8612281611171063,0.13877183888289377
0.8246226830676273,0.1753773169323728
0.8383479879531226,0.16165201204687746
0.8389128646582988,0.16108713534170122
0.8026179234463059,0.19738207655369422
0.720989614812271,0.279010385187729
0.8566211607576161,0.1433788392423839
0.7931243612954059,0.2068756387045942
0.7770974732222363,0.22290252677776365
0.7959373063361556,0.20406269366384444
0.8234868314897414,0.17651316851025847
0.8933558909453788,0.1066441090546212
0.7941378888127398,0.20586211118726022
0.8566118577225065,0.14338814227749347
0.8437901145093969,0.15620988549060316
0.8307473026647167,0.16925269733528325
0.8941900039201968,0.10580999607980332
0.7423812707360166,0.25761872926398355
0.9253020014823049,0.07469799851769518
0.783768693115208,0.2162313068847919
0.8371919187308754,0.16280808126912458
0.8426818638913195,0.1573181361086805
0.8642938453677222,0.1357061546322777
0.8234465402231296,0.17655345977687054
0.9127426429219243,0.08725735707807566
0.8689226980580173,0.13107730194198275
0.8008971333237145,0.1991028666762856
0.785541219883971,0.21445878011602904
0.770927240448213,0.22907275955178696
0.7798655805091069,0.22013441949089319
0.8005422264682438,0.1994577735317562
0.7894451260297903,0.2105548739702097
0.8119790009216912,0.1880209990783088
0.8786692110734561,0.12133078892654398
0.7856285703492737,0.21437142965072614
0.8283857529362205,0.17161424706377942
0.7637205699691194,0.23627943003088062
0.8176320475586489,0.18236795244135104
0.89782678008558,0.10217321991441991
0.7390047962510063,0.26099520374899354
0.8474998451760052,0.15250015482399493
0.7937923746810883,0.2062076253189117
0.8521810425721502,0.1478189574278497
0.9119866251585451,0.08801337484145483
0.8201170870033403,0.1798829129966597
0.7831517676272443,0.21684823237275577
0.8019008097309135,0.19809919026908665
0.768866458456587,0.23113354154341295
0.8612522609763428,0.13874773902365725
0.7920077924688372,0.20799220753116285
0.8379528608801246,0.1620471391198754
0.8289427835950682,0.17105721640493177
0.8470034922328565,0.15299650776714346
0.7933127454369526,0.2066872545630473
0.8002315223461928,0.19976847765380726
0.8517067413496908,0.1482932586503092
0.8308751415778113,0.16912485842218872
0.8470512445847753,0.15294875541522482
0.8653556598484945,0.13464434015150556
0.7824482379470644,0.21755176205293558
0.8071513813443412,0.1928486186556586
0.8287915541311643,0.17120844586883566
0.7688677936911115,0.2311322063088887
0.8517875887945167,0.14821241120548337
0.8245079002314909,0.17549209976850913
0.8090174333483148,0.19098256665168517
0.8097696289054418,0.19023037109455826
0.8060301452375225,0.19396985476247752
0.9490430810491702,0.05095691895082984
0.845654012383974,0.154345987616026
0.735638976449125,0.26436102355087504
0.8870108186014183,0.11298918139858156
0.8614401342961252,0.13855986570387485
0.889879595763647,0.11012040423635307
0.7737333568072856,0.2262666431927145
0.8916550350421941,0.1083449649578059
0.779527551208716,0.22047244879128405
0.8364165863561888,0.1635834136438113
0.7700483510639604,0.22995164893603973
0.7342494967497544,0.2657505032502456
0.8297969033890878,0.1702030966109121
0.7458784805317737,0.2541215194682263
0.8767153125207037,0.12328468747929627
0.8766140739117264,0.12338592608827366
0.8420696703255837,0.15793032967441648
0.8687707639286371,0.13122923607136294
0.7825310194994227,0.21746898050057734
0.780123457222083,0.21987654277791704
0.8180767590373857,0.18192324096261436
0.8100208034752808,0.18997919652471912
0.7447182675817074,0.2552817324182926
0.7863744000165614,0.21362559998343852
0.8827953979599176,0.11720460204008251
0.8219646483711945,0.1780353516288054
0.8794051116505038,0.12059488834949623
0.8056873001284787,0.1943126998715215
0.8193535131134709,0.1806464868865292
0.8339140661406155,0.16608593385938467
0.8433535303358926,0.15664646966410745
0.8281942385674876,0.17180576143251242
0.8758225627802262,0.12417743721977383
0.7959125192823246,0.2040874807176752
0.7730337330526056,0.2269662669473943
0.8470615278207464,0.15293847217925366
0.7964556488064402,0.20354435119355987
0.7859343691043663,0.2140656308956334
0.826442778069459,0.17355722193054107
0.8878878709369011,0.11211212906309888
0.843789685484143,0.156210314515857
0.8094689689519257,0.19053103104807445
0.8702152064821691,0.12978479351783087
0.8300818174749979,0.16991818252500218
0.7626835972439273,0.23731640275607266
0.8568006286195111,0.14319937138048885
0.8652258920229364,0.13477410797706355
0.8776681765664808,0.12233182343351927
0.8993689511017167,0.10063104889828328
0.8566032918085802,0.14339670819141978
0.8072404850244417,0.19275951497555835
0.7764079072860257,0.22359209271397446
0.7713957664241456,0.2286042335758546
0.8187801926587762,0.18121980734122387
0.8565737225009461,0.1434262774990538
0.750321161187745,0.24967883881225494
0.7830430772965346,0.21695692270346556
0.8418051639623748,0.15819483603762513
0.9019186417005199,0.09808135829947993
0.890631516598368,0.10936848340163204
0.7837685782138075,0.21623142178619242
0.8092537213641888,0.19074627863581117
0.8100271807128693,0.18997281928713075
0.8747982565887732,0.12520174341122692
0.8850805148408304,0.1149194851591694
0.7816023304005152,0.21839766959948478
0.7997909374053095,0.20020906259469048
0.7808675166553213,0.2191324833446787
0.8125662873368741,0.18743371266312586
0.7954273900718457,0.20457260992815432
0.8838729896539272,0.11612701034607299
0.8155688638397525,0.1844311361602476
0.8436768035648989,0.1563231964351012
0.8228992184179827,0.17710078158201725
0.8732758137511851,0.12672418624881476
0.8239866534548632,0.17601334654513676
0.7775710170891761,0.2224289829108239
0.8658842058387921,0.13411579416120786
0.8140209750639291,0.18597902493607085
0.8471090261585693,0.1528909738414308
0.885842908728222,0.11415709127177795
0.8814286767178062,0.11857132328219377
0.7471014850031606,0.25289851499683946
0.7999892013346869,0.20001079866531316
0.8017580621357482,0.1982419378642518
0.8232925804271073,0.1767074195728927
0.8659860705339387,0.13401392946606125
0.8332960409524474,0.1667039590475526
0.793335453904494,0.20666454609550614
0.871359327057555,0.12864067294244497
0.8235042107027695,0.17649578929723048
0.8565727167052821,0.14342728329471782
0.8341500955856076,0.16584990441439248
0.8587484822107765,0.14125151778922357
0.8149025375111005,0.1850974624888995
0.8355793072824842,0.16442069271751594
0.7957042746959302,0.20429572530406978
0.8134256137588913,0.18657438624110861
0.8609394659348658,0.1390605340651343
0.9031605405314076,0.09683945946859236
0.8989317611834974,0.1010682388165028
0.8170824253624664,0.18291757463753355
0.9107247954947215,0.08927520450527847
0.7585674895084399,0.2414325104915601
0.7568201117131661,0.24317988828683393
0.9299847319152591,0.07001526808474107
0.7963140749214703,0.20368592507852976
0.8996550853175442,0.10034491468245575
0.8267436524195305,0.17325634758046943
0.8656876854852296,0.13431231451477052
0.826193790321058,0.17380620967894211
0.8135332730245494,0.1864667269754507
0.7913994628448842,0.2086005371551159
0.8519435344920142,0.14805646550798587
0.8093740684969166,0.19062593150308343
0.8480357051543194,0.15196429484568058
0.8761552575655726,0.12384474243442757
0.8364262878547649,0.16357371214523508
0.8928422466104475,0.1071577533895525
0.9163284510308848,0.08367154896911519
0.7550460356838465,0.24495396431615357
0.8038648664303576,0.19613513356964257
0.8286419307358457,0.17135806926415442
0.8361347856391562,0.1638652143608437
0.7874948016949298,0.21250519830507011
0.8302179832437366,0.16978201675626353
0.8898198364223187,0.11018016357768132
0.8522479670853013,0.1477520329146987
0.8709068622009525,0.1290931377990476
0.7906880528984157,0.20931194710158418
0.8146776023636048,0.18532239763639521
0.8060745053231998,0.19392549467680026
0.8245095106232533,0.17549048937674666
0.7782218075065097,0.2217781924934902
0.8030412353225741,0.19695876467742574
0.8270912018851272,0.1729087981148728
0.8261372190611722,0.17386278093882776
0.7844083343280897,0.21559166567191043
0.8843546712501249,0.11564532874987503
0.8158030583154918,0.18419694168450815
0.8432320692005164,0.15676793079948365
0.8265334518930958,0.17346654810690426
0.8168467327487716,0.18315326725122832
0.8217887317351886,0.17821126826481132
0.8994024109952802,0.10059758900471996
0.8422974792742337,0.1577025207257664
0.7899511997243255,0.21004880027567452
0.7661966160253247,0.23380338397467523
0.8913838139154919,0.10861618608450808
0.785540757884992,0.21445924211500816
0.8219783810575907,0.17802161894240925
0.8420055619877943,0.1579944380122058
0.8140282305011112,0.18597176949888883
0.8093455944563429,0.19065440554365717
0.8041647760734527,0.19583522392654734
0.8565737019091775,0.14342629809082266
0.8372742427113653,0.16272575728863456
0.8823189756152666,0.11768102438473349
0.8470042149084209,0.15299578509157907
0.8519183618062164,0.14808163819378356
0.871394012287685,0.12860598771231507
0.773649519655219,0.2263504803447809
0.8967043573921175,0.1032956426078826
0.7566963941223932,0.24330360587760688
0.8894508994988899,0.11054910050111004
0.7920078535131212,0.20799214648687875
0.787337737231036,0.2126622627689641
0.8516787045882547,0.14832129541174532
0.770051125945792,0.229948874054208
0.8197657590283118,0.18023424097168822
0.7382781962235183,0.2617218037764818
0.8419741690685814,0.15802583093141864
0.8469772934003122,0.15302270659968786
0.8476499917748309,0.15235000822516906
0.8137184077239228,0.1862815922760773
0.8201283616637681,0.17987163833623188
0.8206035115942283,0.17939648840577185
0.7696281423436656,0.23037185765633433
0.7676390539057789,0.23236094609422123
0.8154027238955581,0.1845972761044419
0.8330472752579334,0.16695272474206657
0.7709049887957747,0.2290950112042253
0.7948609482371357,0.20513905176286432
0.8287943553896855,0.17120564461031465
0.8137700890197687,0.18622991098023137
0.8226523232500882,0.17734767674991192
0.8165750868203344,0.18342491317966564
0.8400065587676773,0.15999344123232273
0.8532824928188023,0.1467175071811977
0.8635231076797188,0.1364768923202809
0.7880475341077079,0.2119524658922922
0.8261608434467248,0.17383915655327536
0.7950806485680274,0.20491935143197262
0.8133142854920105,0.18668571450798951
0.7960075680377909,0.20399243196220904
0.7916461170444775,0.20835388295552248
0.7248308594095192,0.2751691405904808
0.7824505390386743,0.21754946096132563
0.8342664866787607,0.16573351332123942
0.8052050796424455,0.19479492035755447
0.8720251912360509,0.1279748087639491
0.8235074304287665,0.17649256957123338
0.783331556715855,0.21666844328414503
0.8145655428091149,0.1854344571908854
0.801606388316951,0.19839361168304895
0.826347577750116,0.17365242224988386
0.8572932508178296,0.14270674918217055
0.7585900224266031,0.24140997757339694
0.7983605668320909,0.20163943316790914
0.8293811761256441,0.1706188238743559
0.9170377933489019,0.08296220665109813
0.846695603933689,0.15330439606631072
0.7796269990392577,0.2203730009607424
0.7765338064643212,0.22346619353567873
0.8762953221821104,0.1237046778178896
0.9220757375772215,0.07792426242277851
0.7652654687213565,0.23473453127864344
0.827537301455385,0.17246269854461505
0.8698431525990609,0.13015684740093902
0.8147942004176548,0.18520579958234526
0.858155520576228,0.14184447942377187
0.8179143361466338,0.1820856638533664
0.8264430319480979,0.17355696805190213
0.7927747698219765,0.2072252301780235
0.821618888755974,0.178381111244026
0.820107113998682,0.17989288600131823
0.9083412083653973,0.09165879163460261
0.852017609988881,0.147982390011119
0.8670083732112773,0.13299162678872273
0.8533822900479917,0.14661770995200835
0.8139536063126507,0.18604639368734935
0.8711548194681799,0.12884518053182004
0.8902591877759141,0.10974081222408583
0.8234424306531289,0.17655756934687106
0.8142679584685346,0.18573204153146533
0.8187868604084136,0.1812131395915862
0.8724941578090111,0.12750584219098887
0.9166841074767317,0.0833158925232683
0.8844701634772411,0.1155298365227589
0.7911875381719286,0.20881246182807148
0.8356461674432399,0.16435383255676014
0.8150743257140747,0.18492567428592543
0.7994715160278715,0.2005284839721286
0.8787692002840908,0.12123079971590929
0.827905183581206,0.17209481641879407
0.8818700279406718,0.11812997205932824
0.8356817012357189,0.16431829876428108
0.8217733631156554,0.1782266368843447
0.8337062574106134,0.16629374258938656
0.8471608308388762,0.1528391691611238
0.8133255419597294,0.1866744580402707
0.8180759889224334,0.1819240110775667
0.8922313754688698,0.10776862453113027
0.8757143849104431,0.12428561508955696
0.8418456354418589,0.15815436455814103
0.9133815377723143,0.08661846222768581
0.8809081336049345,0.11909186639506543
0.7468929294801258,0.2531070705198743
0.8656384612977959,0.13436153870220416
0.8231587281042192,0.17684127189578097
0.873734902455344,0.12626509754465592
0.8054344074186827,0.19456559258131728
0.8022549140500499,0.19774508594995002
0.8212828196672393,0.17871718033276077
0.8908371005237085,0.10916289947629157
0.8216115271392788,0.17838847286072126
0.8477028411836399,0.15229715881636016
0.8223114080434547,0.1776885919565453
0.8185034495310632,0.18149655046893673
0.8170394859086879,0.1829605140913122
0.8906427321884417,0.10935726781155848
0.814167111062788,0.18583288893721195
0.8565735918620621,0.1434264081379379
0.8750941750553851,0.12490582494461494
0.7714940343726484,0.228505965627352
0.7884874512496243,0.21151254875037576
0.8050857546007134,0.19491424539928665
0.8234445553531508,0.1765554446468492
0.8493506168835788,0.1506493831164211
0.8547261359755806,0.1452738640244195
0.8212700772824326,0.1787299227175674
0.9027643178649781,0.09723568213502182
0.7918314695054383,0.20816853049456185
0.8900429325927626,0.10995706740723751
0.8372147337808158,0.16278526621918413
0.7903630879425406,0.2096369120574593
0.8054073103452963,0.19459268965470355
0.8901042593887408,0.10989574061125917
0.8615242957691553,0.13847570423084468
0.8598247527859672,0.14017524721403296
0.8336706522785019,0.166329347721498
0.7661815903859421,0.23381840961405786
0.856573723294213,0.14342627670578714
0.846732828419351,0.1532671715806491
0.8713179342130488,0.128682065786951
0.7878731906914224,0.21212680930857744
0.7921008389118939,0.20789916108810616
0.7767420518618116,0.22325794813818844
0.9622609944819903,0.037739005518009974
0.8268907473354621,0.17310925266453792
0.8354868479855801,0.16451315201441988
0.8478819804468732,0.1521180195531268
0.8040110100657514,0.19598898993424865
0.7906700518356854,0.2093299481643146
0.8565498197894109,0.14345018021058892
0.7890969238353699,0.2109030761646301
0.7092603650437412,0.29073963495625893
0.7915371821712867,0.20846281782871337
0.8045198958752913,0.19548010412470884
0.8518155334101858,0.14818446658981424
0.8969254587959585,0.10307454120404148
0.8423759170877275,0.15762408291227248
0.8612283641051676,0.13877163589483238
0.8238086220355216,0.17619137796447848
0.80994717816594,0.19005282183406
0.8175575786362103,0.18244242136378988
0.8355781874455437,0.1644218125544563
0.7791797853972966,0.22082021460270335
0.9006265551824393,0.09937344481756075
0.930072559225634,0.06992744077436597
0.8884680883913043,0.11153191160869572
0.9048948684572101,0.09510513154278988
0.7795272007072597,0.2204727992927404
0.8903156687087831,0.10968433129121684
0.8265935279879646,0.17340647201203546
0.8141705009104149,0.18582949908958532
0.8355624484073477,0.1644375515926523
0.7937131062348708,0.20628689376512918
0.7910852161904256,0.20891478380957446
0.9231957637369407,0.07680423626305932
0.8283353627269113,0.17166463727308867
0.830616854869871,0.16938314513012895
0.7542629631411868,0.24573703685881332
0.9001287565691299,0.09987124343087014
0.8349469398632294,0.16505306013677046
0.8005163657698067,0.19948363423019333
0.7848583954676157,0.2151416045323842
0.8618102739229363,0.13818972607706384
0.8189732835755199,0.18102671642448037
0.8390032027449319,0.16099679725506824
0.783765483063251,0.21623451693674905
0.8048749511274226,0.19512504887257734
0.7737767686021435,0.2262232313978564
0.8690158920017668,0.1309841079982333
0.8339513391279585,0.16604866087204154
0.8612890504869738,0.13871094951302618
0.8387616912792667,0.16123830872073336
0.738131501577443,0.26186849842255705
0.708433877121506,0.2915661228784941
0.8849003511017004,0.11509964889829961
0.7903651139455007,0.20963488605449923
0.8386170221424162,0.16138297785758382
0.9077819073158068,0.0922180926841933
0.8074841042054427,0.1925158957945574
0.7890942230359566,0.2109057769640435
0.8437873788637289,0.15621262113627113
0.8518149533982875,0.14818504660171247
0.7863626007757852,0.21363739922421476
0.8129810460182662,0.18701895398173385
0.8623685692457402,0.1376314307542596
0.8471086145156507,0.15289138548434938
0.8391815414698873,0.16081845853011256
0.7775694244808171,0.22243057551918294
0.8521818272020467,0.14781817279795328
0.8565740532491348,0.1434259467508651
0.9089347516963614,0.0910652483036385
0.8551060834663494,0.14489391653365064
0.8049249654419236,0.19507503455807634
0.8295245655424868,0.1704754344575133
0.7830359139615208,0.21696408603847914
0.9180692296694825,0.0819307703305174
0.8471616185337102,0.1528383814662898
0.8180740394455972,0.18192596055440294
0.8873958038385618,0.11260419616143826
0.8324599874810423,0.16754001251895773
0.8312942498480822,0.16870575015191802
0.7985765411909537,0.20142345880904622
0.8371061763059257,0.1628938236940744
0.7826562026875856,0.21734379731241424
0.8306256993667994,0.16937430063320072
0.8661981028471551,0.133801897152845
0.8644871080026428,0.13551289199735708
0.806432769784887,0.19356723021511318
0.8011780759410065,0.19882192405899335
0.8360931251445958,0.16390687485540426
0.8087295531840869,0.1912704468159131
0.7797281651539106,0.22027183484608945
0.8609434210759287,0.13905657892407128
0.8114860436076301,0.18851395639237012
0.8651694814199741,0.13483051858002598
0.8062220941970432,0.19377790580295676
0.8206458212952323,0.17935417870476766
0.8631086283665494,0.13689137163345058
0.7586106224652289,0.2413893775347711
0.8375393236527013,0.16246067634729866
0.819530549322828,0.18046945067717207
0.7917488260278437,0.2082511739721564
0.7738583345024976,0.22614166549750245
0.9084417977254534,0.09155820227454659
0.8381527598619984,0.16184724013800153
0.8016002540328743,0.1983997459671258
0.8220566167210439,0.177943383278956
0.8931039636728951,0.10689603632710495
0.839182143456924,0.16081785654307595
0.8752964278658526,0.12470357213414739
0.8565737870691317,0.14342621293086832
0.8377817502263789,0.16221824977362126
0.8237992507940693,0.1762007492059307
0.8473112744214194,0.15268872557858051
0.8033220229683736,0.1966779770316264
0.8565657774229525,0.1434342225770474
0.8056876148189364,0.19431238518106356
0.7647978683127563,0.23520213168724374
0.8069839012638563,0.19301609873614364
0.9175660877345551,0.08243391226544498
0.8657415318654975,0.13425846813450248
0.7616015146356249,0.2383984853643751
0.9136056410168156,0.08639435898318437
0.8807747173599773,0.11922528264002276
0.7994688968648014,0.2005311031351987
0.8302490557801929,0.169750944219807
0.8890820543994942,0.11091794560050591
0.8030301465270169,0.19696985347298324
0.8086396346253383,0.19136036537466175
0.7731272809340803,0.2268727190659197
0.7950590084110294,0.20494099158897092
0.8275346316182687,0.17246536838173138
0.7724884271570578,0.22751157284294207
0.8510477802802665,0.14895221971973333
0.8515644609248519,0.14843553907514803
0.7821857289976712,0.21781427100232875
0.8059385055986497,0.1940614944013503
0.815790020594713,0.1842099794052871
0.7730054949534627,0.22699450504653731
0.8346096295459533,0.16539037045404661
0.8870807362303811,0.11291926376961904
0.8054918450288572,0.19450815497114274
0.796470899759605,0.20352910024039486
0.861457585775295,0.13854241422470503
0.8035921452163447,0.19640785478365522
0.8417321277569417,0.15826787224305844
0.8188056814249633,0.18119431857503665
0.8474892323205075,0.1525107676794924
0.8758214866519365,0.12417851334806351
0.9335099909470908,0.06649000905290922
0.81421581590214,0.18578418409786
0.8020509012505325,0.19794909874946748
0.8375964064863216,0.16240359351367836
0.7917441374941075,0.20825586250589245
0.8478331431982865,0.15216685680171343
0.8609921450810568,0.1390078549189433
0.7439479088664821,0.25605209113351807
0.835386347790113,0.16461365220988705
0.8470064051715694,0.1529935948284307
0.7872310125058509,0.21276898749414888
0.8565744469726372,0.1434255530273628
0.7942777735858392,0.2057222264141609
0.8388125561879044,0.16118744381209552
0.7472559187133577,0.25274408128664233
0.8710165097990992,0.12898349020090089
0.8967867937018804,0.10321320629811963
0.8049101405009863,0.19508985949901375
0.8130159632504229,0.1869840367495771
0.8565736153655802,0.14342638463441978
0.8650184927693988,0.13498150723060107
0.7872826753273866,0.2127173246726134
0.8264685369837889,0.17353146301621117
0.8490398788632051,0.15096012113679505
0.8240317028690963,0.17596829713090376
0.846917107081965,0.1530828929180351
0.7920076403727894,0.20799235962721058
0.7923308538070947,0.2076691461929053
0.8370195922830234,0.1629804077169767
0.9121068752680334,0.08789312473196677
0.8025744547218727,0.19742554527812725
0.795899574367318,0.2041004256326821
0.7947578678329903,0.20524213216700954
0.856576615206477,0.1434233847935229
0.8191231586495181,0.18087684135048196
0.8100329210472628,0.18996707895273726
0.8543408988869454,0.1456591011130546
0.7340842346622077,0.2659157653377924
0.8931681236203696,0.10683187637963058
0.8232543546117896,0.17674564538821022
0.8169276460443623,0.18307235395563762
0.7676879950824828,0.23231200491751736
0.867032358498494,0.132967641501506
0.8715746401148922,0.1284253598851078
0.947628627497355,0.052371372502645
0.7846950265454584,0.21530497345454175
0.782020880660425,0.2179791193395752
0.7368000582596222,0.26319994174037775
0.8858277632983278,0.11417223670167231
0.8186939245305629,0.18130607546943706
0.787233575074887,0.2127664249251131
0.8520889454066738,0.14791105459332618
0.8565630646912947,0.14343693530870516
0.8182543352112844,0.1817456647887157
0.8967723084014247,0.10322769159857541
0.8267427909176515,0.1732572090823484
0.8612550841345917,0.13874491586540838
0.7751908828055192,0.22480911719448088
0.8111558935394162,0.18884410646058392
0.8470960257939688,0.15290397420603138
0.8226490258282569,0.1773509741717429
0.8184078114537224,0.18159218854627762
0.8753015322158002,0.1246984677841999
0.8866287972563301,0.11337120274366984
0.8736204727365957,0.12637952726340418
0.8248483136555922,0.17515168634440786
0.8920054659673897,0.10799453403261036
0.8388506690395614,0.16114933096043862
0.812870921947286,0.18712907805271398
0.8978600639429112,0.10213993605708883
0.7914001499939788,0.20859985000602121
0.7871218778963679,0.21287812210363222
0.9254691172462095,0.07453088275379072
0.8285345715308425,0.17146542846915763
0.8614150422689876,0.13858495773101254
0.8053670633267995,0.19463293667320036
0.7752292989092193,0.22477070109078076
0.8035969033483918,0.19640309665160824
0.8176382053296747,0.18236179467032543
0.7809136549024043,0.21908634509759561
0.7903396433073172,0.20966035669268274
0.7657280879522794,0.2342719120477207
0.8662500353793965,0.13374996462060343
0.8044059309164775,0.19559406908352273
0.8565850899480787,0.14341491005192136
0.8283492848124373,0.1716507151875627
0.8236280372793331,0.1763719627206669
0.8281851808724152,0.17181481912758478
0.8143781445604509,0.18562185543954926
0.8429031677422373,0.1570968322577627
0.7876694963667209,0.21233050363327938
0.8393563482005874,0.1606436517994127
0.8180280529557901,0.1819719470442099
0.8817992551410164,0.11820074485898366
0.7648055331260263,0.23519446687397388
0.8478745040993134,0.15212549590068666
0.7835261766958461,0.2164738233041539
0.8193422216392782,0.18065777836072178
0.8139864746952371,0.18601352530476306
0.8596975051830558,0.14030249481694426
0.8147905119510115,0.1852094880489885
0.8856099126121069,0.11439008738789322
0.870849590937577,0.12915040906242314
0.8096998010581427,0.19030019894185735
0.7760103042249425,0.2239896957750574
0.8188004441635213,0.1811995558364788
0.7871919932674099,0.21280800673259018
0.8387285475671258,0.16127145243287425
0.8521586527166037,0.14784134728339623
0.8051437064995358,0.19485629350046388
0.8348680275084501,0.16513197249154987
0.7826645381952992,0.21733546180470084
0.8622112196288241,0.137788780371176
0.826867772227463,0.17313222777253703
0.9104411879266694,0.08955881207333063
0.7413037288090244,0.2586962711909757
0.7730055375469199,0.22699446245308005
0.9016556863392351,0.09834431366076495
0.8399987622022353,0.16000123779776468
0.7810038021722411,0.21899619782775903
0.7787029078596271,0.22129709214037283
0.8425857374621211,0.1574142625378786
0.8565496230784669,0.1434503769215331
0.8893382859878171,0.11066171401218292
0.8565978537361445,0.14340214626385564
0.8713424213071012,0.1286575786928988
0.8236296934376042,0.17637030656239588
0.8275370977519201,0.17246290224807986
0.8741471565415385,0.12585284345846143
0.8007173195697203,0.19928268043027988
0.8375386826791806,0.1624613173208193
0.802533637576978,0.19746636242302187
0.8584620513153111,0.1415379486846889
0.7890605578466015,0.21093944215339855
0.835163203828939,0.164836796171061
0.9036382091020173,0.09636179089798268
0.8010025243483907,0.19899747565160913
0.7594338572375589,0.2405661427624411
0.83289671960733,0.16710328039267014
0.787004284551346,0.21299571544865412
0.7986215635109782,0.20137843648902184
0.7704631699028129,0.22953683009718703
0.8105196658610074,0.18948033413899254
0.8355589552437637,0.1644410447562363
0.8020086925752755,0.1979913074247244
0.8613059476289804,0.13869405237101967
0.8565680209123131,0.14343197908768704
0.8802390579626365,0.11976094203736354
0.8492002937131998,0.15079970628680017
0.9611550380240991,0.03884496197590115
0.7470134171969485,0.2529865828030517
0.7947588290318178,0.2052411709681822
0.7729295353816473,0.22707046461835267
0.8661023002035098,0.13389769979649033
0.8501351676999476,0.14986483230005243
0.9284124799377655,0.0715875200622345
0.7868932905138437,0.21310670948615637
0.8701695420057498,0.12983045799425014
0.9728368180815306,0.027163181918469288
0.8183437087541242,0.18165629124587573
0.8623073001741702,0.13769269982583
0.8252209928437229,0.1747790071562771
0.8261377899838579,0.17386221001614205
0.8261335914391182,0.17386640856088173
0.8102686450177251,0.18973135498227492
0.8462045547383443,0.15379544526165564
0.8059161201071715,0.1940838798928285
0.7993133947355423,0.20068660526445775
0.8522229636052293,0.14777703639477058
0.7567792822670024,0.24322071773299772
0.7619103642876105,0.2380896357123894
0.8891607228393746,0.11083927716062533
0.8299972404286016,0.1700027595713983
0.800832133744029,0.19916786625597102
0.8699576354028411,0.13004236459715887
0.8851298641917534,0.11487013580824647
0.8688282270224242,0.13117177297757587
0.7553149657674487,0.2446850342325514
0.8515776831540082,0.14842231684599178
0.8612041363455974,0.13879586365440266
0.8087443268721146,0.19125567312788538
0.7779056750716249,0.22209432492837522
0.8670326169889617,0.13296738301103828
0.8137475346126322,0.18625246538736784
0.8475791529854869,0.15242084701451306
0.833550722109565,0.16644927789043482
0.7716897753306489,0.2283102246693511
0.845632031798085,0.15436796820191498
0.8710108745623726,0.12898912543762744
0.8277005227967696,0.17229947720323047
0.7518621668350555,0.24813783316494456
0.8171286667913132,0.18287133320868681
0.87330263915646,0.12669736084354008
0.8218332796076157,0.17816672039238454
0.8565744734543325,0.14342552654566743
0.8004226696140008,0.1995773303859992
0.8222361092236709,0.17776389077632918
0.8470030521497037,0.15299694785029616
0.7970259455954325,0.20297405440456745
0.7871650180131315,0.2128349819868685
0.86698139140727,0.13301860859272996
0.8225913582335506,0.17740864176644938
0.7496206936314261,0.25037930636857386
0.8748443983223577,0.12515560167764228
0.8019880306164607,0.19801196938353943
0.8481880990720722,0.15181190092792785
0.9436812366651662,0.05631876333483386
0.8704563727444307,0.1295436272555693
0.7975772976431036,0.20242270235689633
0.7910440339976833,0.20895596600231656
0.8519435688275048,0.14805643117249523
0.8226499324049804,0.17735006759501967
0.8839610482580387,0.1160389517419614
0.7623107264116888,0.23768927358831105
0.8289422236917513,0.17105777630824862
0.825492758811052,0.17450724118894806
0.7882878985981234,0.2117121014018765
0.7661815401567899,0.2338184598432102
0.8712542761286161,0.12874572387138383
0.8014477801613648,0.1985522198386353
0.83885582589273,0.16114417410727003
0.833935358174031,0.16606464182596903
0.8390022217738763,0.16099777822612368
0.7609598832583112,0.23904011674168896
0.8140590621332342,0.18594093786676583
0.7696109364246934,0.2303890635753067
0.8413021572049616,0.15869784279503843
0.8223171663179409,0.177682833682059
0.8275397098114592,0.1724602901885409
0.8283382927316286,0.1716617072683714
0.8197357200428473,0.1802642799571528
0.8668512096209458,0.13314879037905425
0.7687194280582993,0.23128057194170065
0.8327795540777906,0.16722044592220936
0.7774456454047263,0.22255435459527367
0.8524123014785211,0.1475876985214789
0.8614213645908728,0.13857863540912718
0.7852646485250978,0.21473535147490222
0.7907671935747048,0.20923280642529507
0.8427563579814487,0.15724364201855132
0.8762639420067553,0.12373605799324477
0.867064923795862,0.13293507620413794
0.8653160873567823,0.13468391264321763
0.9303745979899148,0.06962540201008498
0.8227800111045961,0.17721998889540397
0.8785493922019372,0.12145060779806284
0.8262566501856976,0.1737433498143024
0.7959111914608988,0.20408880853910114
0.8659847452946328,0.13401525470536735
0.8425326960819903,0.1574673039180097
0.8043966369170806,0.19560336308291934
0.894388640747214,0.10561135925278597
0.7806209765299724,0.21937902347002763
0.8264563477121413,0.1735436522878587
0.9083445058477817,0.09165549415221826
0.8565639599569345,0.14343604004306565
0.793200554065389,0.20679944593461103
0.7608972137845348,0.23910278621546524
0.851437059988277,0.14856294001172307
0.8517957058360767,0.1482042941639235
0.8780056988913856,0.12199430110861442
0.8221134540632311,0.17788654593676892
0.8301925866052584,0.16980741339474162
0.7924817127696905,0.20751828723030957
0.8289640050909155,0.17103599490908442
0.8657346498149114,0.1342653501850886
0.7597268416202535,0.2402731583797467
0.8117269136622912,0.18827308633770884
0.8137446531396659,0.1862553468603342
0.8641583252899259,0.1358416747100741
0.8241639345940022,0.17583606540599794
0.8403759603677343,0.15962403963226565
0.8661447197100891,0.133855280289911
0.8376454132083292,0.16235458679167086
0.8236814718534603,0.17631852814653973
0.789411255482974,0.21058874451702603
0.8330441422035889,0.16695585779641112
0.8166495877149851,0.18335041228501497
0.762730739495176,0.2372692605048239
0.8895186856258296,0.11048131437417044
0.8894522515877634,0.1105477484122365
0.8544004919776693,0.14559950802233057
0.8343833744158908,0.1656166255841092
0.9426159214817704,0.05738407851822966
0.8436579704052358,0.15634202959476415
0.8657355675170648,0.13426443248293507
0.7870352779759516,0.2129647220240484
0.7609315943513905,0.23906840564860948
0.8303449238616759,0.16965507613832406
0.7988354013777638,0.20116459862223643
0.8231465624609525,0.17685343753904748
0.8035893358931906,0.19641066410680952
0.8397091391077461,0.1602908608922539
0.8520174122883885,0.14798258771161157
0.8478336553610138,0.15216634463898612
0.7728104158632947,0.2271895841367052
0.7929648661205231,0.20703513387947686
0.8516507916006771,0.14834920839932292
0.8708495947920492,0.1291504052079508
0.8517823417372568,0.1482176582627433
0.8706181250529396,0.12938187494706058
0.8989305015945674,0.10106949840543271
0.8572201064029936,0.14277989359700657
0.8422974758451349,0.15770252415486505
0.7953889594331791,0.20461104056682078
0.8309112666317588,0.16908873336824104
0.8617133927115879,0.13828660728841222
0.7931599360349085,0.20684006396509144
0.8303522289839572,0.16964777101604273
0.8666208069674141,0.13337919303258608
0.7896146045395334,0.2103853954604667
0.8550849753452425,0.14491502465475767
0.8614130299052722,0.13858697009472784
0.8033159064432107,0.19668409355678937
0.804053496912888,0.195946503087112
0.7505915497443334,0.24940845025566677
0.793663871683932,0.2063361283160681
0.8409188128107373,0.15908118718926265
0.8922579618439567,0.10774203815604333
0.7319756283519473,0.26802437164805265
0.746650516085251,0.253349483914749
0.8130658014179692,0.18693419858203084
0.7897489576162106,0.21025104238378978
0.8482839069078998,0.15171609309210013
0.79296457771366,0.20703542228633992
0.7856176825861262,0.21438231741387376
0.7675788369220787,0.23242116307792127
0.872696620544807,0.12730337945519285
0.8343823490714782,0.1656176509285217
0.8444170675948551,0.15558293240514492
0.8084957655087347,0.19150423449126538
0.8463763665552845,0.15362363344471552
0.983960230315993,0.016039769684006944
0.8275376625376272,0.1724623374623728
0.8109807515508508,0.1890192484491492
0.8890477390735839,0.11095226092641604
0.784170210066185,0.21582978993381505
0.835371387123134,0.164628612876866
0.8267436960766217,0.17325630392337826
0.8070355232086306,0.19296447679136955
0.8331698496710461,0.16683015032895385
0.8489567201737367,0.15104327982626325
0.830450742368143,0.16954925763185708
0.8919860265085559,0.10801397349144416
0.8041621658764256,0.19583783412357442
0.8742157957493927,0.1257842042506071
0.8283370535555614,0.17166294644443858
0.7112581216368943,0.2887418783631059
0.8421364490542549,0.15786355094574503
0.8637472820817342,0.13625271791826576
0.8094656206383054,0.19053437936169473
0.8434557840645515,0.1565442159354486
0.8330884210682357,0.1669115789317643
0.8757144276224762,0.1242855723775237
0.876778208489191,0.12322179151080903
0.856599903063358,0.14340009693664194
0.8319365375967102,0.16806346240329
0.8793550147998884,0.12064498520011159
0.8419401976013255,0.15805980239867434
0.7811362616477449,0.21886373835225542
0.8061132652176717,0.19388673478232835
0.770068915115546,0.22993108488445402
0.8785371469281082,0.12146285307189182
0.8653701937363572,0.13462980626364274
0.7858853419975321,0.21411465800246784
0.8712582249418057,0.1287417750581942
0.7922107147653074,0.20778928523469273
0.8418052469230212,0.15819475307697886
0.8166297944814046,0.1833702055185955
0.8786084613194639,0.12139153868053619
0.800663511507094,0.19933648849290614
0.8098616578653692,0.19013834213463077
0.7992228816120881,0.20077711838791196
0.8092497295773525,0.19075027042264736
0.7729162273364049,0.22708377266359514
0.8056429346289854,0.19435706537101471
0.8556996392086922,0.14430036079130776
0.861297280923853,0.13870271907614698
0.7264668314469942,0.2735331685530059
0.7752252984471799,0.22477470155281995
0.8130220578250535,0.18697794217494648
0.8672969775255185,0.1327030224744815
0.787272577822082,0.21272742217791796
0.9313615321729607,0.06863846782703947
0.7433646183963109,0.256635381603689
0.7862224580272965,0.21377754197270354
0.8255055974041949,0.17449440259580495
0.8614977269364509,0.13850227306354904
0.830484802159833,0.16951519784016703
0.825218524962247,0.1747814750377532
0.7947211096903251,0.20527889030967508
0.8213738683851164,0.17862613161488342
0.8576959359776388,0.14230406402236132
0.8518143854768252,0.14818561452317486
0.7803340697702538,0.21966593022974618
0.8286080342777481,0.17139196572225188
0.8351599145426539,0.16484008545734616
0.8256369463759847,0.17436305362401522
0.9063741982035892,0.09362580179641083
0.8469508507673357,0.15304914923266424
0.7716946751626184,0.22830532483738183
0.8082345066648322,0.19176549333516754
0.859752276378166,0.14024772362183402
0.818807349782949,0.18119265021705092
0.7862323998226816,0.21376760017731847
0.890014763495432,0.10998523650456812
0.8286419517976843,0.17135804820231576
0.750606993413857,0.24939300658614302
0.7927721092343584,0.20722789076564166
0.7883887481192831,0.2116112518807169
0.793009000954867,0.20699099904513296
0.826890456446366,0.17310954355363387
0.7971679130311065,0.20283208696889335
0.8735181690410844,0.12648183095891566
0.8137468791303021,0.18625312086969803
0.7950838067754548,0.2049161932245452
0.8347219009808967,0.16527809901910334
0.7709190260280818,0.22908097397191823
0.8742350675198476,0.12576493248015239
0.8095074310055196,0.1904925689944806
0.7776786977039194,0.22232130229608055
0.8226935967897441,0.177306403210256
0.8126890023414611,0.18731099765853884
0.8044333617740907,0.1955666382259093
0.7696199258269597,0.23038007417304038
0.8017195513038289,0.19828044869617115
0.9352917184567371,0.064708281543263
0.8851183390848054,0.1148816609151944
0.7764105183822473,0.22358948161775266
0.870617033679221,0.1293829663207789
0.8095115490501398,0.1904884509498602
0.7829351275538494,0.2170648724461505
0.8943924777807112,0.10560752221928876
0.7910207728989685,0.2089792271010315
0.8183186055545539,0.1816813944454462
0.8622609800280435,0.13773901997195642
0.8103859103474406,0.18961408965255955
0.7893917111665693,0.21060828883343075
0.8547567247426098,0.1452432752573903
0.847742916961539,0.152257083038461
0.9125176438674909,0.08748235613250901
0.8051249455520687,0.19487505444793132
0.9392442305940897,0.0607557694059104
0.873458420237067,0.12654157976293282
0.8185038082922783,0.18149619170772183
0.8084540979906001,0.19154590200939986
0.8232616000385103,0.17673839996148966
0.7967071964918134,0.20329280350818674
0.8697264837046168,0.13027351629538325
0.8470041693574558,0.15299583064254424
0.7445144190637409,0.25548558093625917
0.8151942214098041,0.18480577859019595
0.8376505001653959,0.1623494998346043
0.8377563958929256,0.1622436041070744
0.8170398366260391,0.18296016337396098
0.8419744478956708,0.15802555210432925
0.8480316108616929,0.15196838913830715
0.7639707560771383,0.23602924392286176
0.8503432442527245,0.14965675574727555
0.7432079192810217,0.2567920807189783
0.7823328169788784,0.2176671830211217
0.7766408893326977,0.22335911066730238
0.9546309520312699,0.04536904796873006
0.8035889301317743,0.19641106986822576
0.8178355823416238,0.18216441765837627
0.8726676655380075,0.12733233446199255
0.8696146466639505,0.1303853533360497
0.8500240638591527,0.14997593614084742
0.8297636207912139,0.17023637920878631
0.890836563984977,0.10916343601502296
0.8150792358000294,0.18492076419997067
0.8024741221397328,0.1975258778602671
0.8282263425194175,0.1717736574805825
0.7953907537656245,0.20460924623437543
0.8281801249080333,0.17181987509196683
0.8221681005233746,0.1778318994766254
0.912749526549043,0.08725047345095713
0.871514034037995,0.12848596596200504
0.7926311504765189,0.20736884952348106
0.7495043610358028,0.2504956389641973
0.9291646794041425,0.07083532059585758
0.8087479730760041,0.19125202692399573
0.8014780989597371,0.1985219010402629
0.8727590092199651,0.12724099078003487
0.7974954196966457,0.20250458030335447
0.784846261431,0.21515373856899994
0.8114908361185258,0.18850916388147423
0.7619391601151798,0.23806083988482016
0.8474493111556173,0.15255068884438272
0.8243374845810132,0.17566251541898678
0.9156506719251122,0.08434932807488793
0.8229185500774358,0.17708144992256453
0.8325134087520126,0.16748659124798734
0.8448869648685282,0.15511303513147184
0.7517487626443552,0.2482512373556449
0.8909659026637248,0.10903409733627524
0.8427589611061013,0.1572410388938987
0.8817851027046572,0.11821489729534299
0.8546749150241374,0.1453250849758625
0.856574044020599,0.14342595597940105
0.8670322330489817,0.13296776695101833
0.8817712350253739,0.11822876497462637
0.7661814443845658,0.23381855561543424
0.838912384029639,0.16108761597036103
0.8395285045961245,0.16047149540387548
0.8107684666436422,0.18923153335635776
0.8171946749536666,0.1828053250463332
0.8662042969392851,0.13379570306071464
0.8160917099723756,0.18390829002762463
0.8373470103588417,0.1626529896411581
0.8329116548379875,0.1670883451620127
0.8924631481662514,0.10753685183374866
0.823986663214016,0.17601333678598408
0.8014751649118405,0.19852483508815957
0.7387580837423455,0.2612419162576545
0.761399024296591,0.23860097570340905
0.8764426070070441,0.123557392992956
0.8829689979098289,0.11703100209017121
0.841967702196736,0.15803229780326405
0.7945031372919666,0.2054968627080334
0.8135537909849249,0.18644620901507514
0.847431849813247,0.1525681501867528
0.8203179956288346,0.17968200437116544
0.8811873619499814,0.11881263805001858
0.825015749375311,0.17498425062468898
0.8869884281785698,0.11301157182143008
0.885988296555155,0.11401170344484507
0.832647127834962,0.167352872165038
0.8957059214436048,0.10429407855639526
0.8520904483538091,0.14790955164619088
0.8270390959226016,0.17296090407739848
0.8423999011138894,0.15760009888611062
0.7967321101991504,0.2032678898008496
0.8329112345143515,0.16708876548564866
0.7737392459535547,0.22626075404644533
0.8258801144005512,0.17411988559944874
0.8205077624043885,0.1794922375956115
0.7855362618252789,0.2144637381747212
0.8419730258170544,0.15802697418294562
0.7700127125612021,0.22998728743879793
0.8971223614898558,0.10287763851014436
0.8124206686059241,0.18757933139407582
0.8149035453812051,0.1850964546187949
0.8737918070652522,0.12620819293474791
0.824162706424607,0.17583729357539307
0.7994823166868628,0.20051768331313718
0.7726198395015171,0.2273801604984828
0.7940449049053816,0.2059550950946184
0.8256073329047476,0.17439266709525236
0.7872543484148407,0.21274565158515943
0.8478775907764028,0.15212240922359732
0.8741892838575704,0.12581071614242953
0.7608796121314931,0.23912038786850684
0.8433284381320751,0.1566715618679248
0.8369952641274568,0.16300473587254316
0.7892541018745356,0.21074589812546415
0.8611062306179414,0.1388937693820587
0.8615088444621918,0.1384911555378082
0.8169650793217329,0.1830349206782672
0.8823111532101867,0.11768884678981321
0.8328119410284281,0.167188058971572
0.7960548686144917,0.20394513138550835
0.8368825095843382,0.16311749041566184
0.834497071939106,0.16550292806089387
0.7920188677909298,0.20798113220907014
0.8187135748731463,0.1812864251268537
0.8812358186517437,0.11876418134825617
0.8808725454951913,0.11912745450480866
0.8522038743604401,0.14779612563955985
0.8566659547456836,0.1433340452543164
0.7825021515382123,0.21749784846178757
0.7463233282214502,0.2536766717785499
0.8287935641704037,0.1712064358295964
0.8098012468274028,0.19019875317259718
0.8662308856237675,0.13376911437623248
0.7412683144984438,0.2587316855015564
0.8517548275160669,0.14824517248393324
0.8344358272456329,0.16556417275436708
0.7855862939010472,0.21441370609895283
0.8418903525848067,0.15810964741519326
0.8428033664512521,0.15719663354874808
0.7942019105989265,0.20579808940107347
0.8470568014371463,0.15294319856285363
0.792993267675573,0.20700673232442726
0.7496187031097663,0.2503812968902337
0.822876857585717,0.177123142414283
0.8813991801584199,0.11860081984158015
0.7862447757123928,0.2137552242876072
0.8737897727634408,0.12621022723655925
0.851706917641032,0.14829308235896788
0.8492824672991046,0.15071753270089536
0.8227746325353392,0.17722536746466075
0.8071350559364261,0.19286494406357405
0.8608350976119943,0.1391649023880056
0.8097664592730405,0.19023354072695964
0.7397421924420455,0.2602578075579545
0.7957242042152051,0.20427579578479493
0.8581161305773656,0.14188386942263453
0.8008753579346436,0.19912464206535646
0.8344996776548003,0.16550032234519974
0.7791202624872758,0.2208797375127242
0.7661643544381287,0.23383564556187145
0.8017195565127936,0.1982804434872064
0.8865519670702573,0.11344803292974276
0.8696172997369388,0.13038270026306112
0.8327890450305557,0.16721095496944435
0.8889846120858275,0.1110153879141727
0.8392688812568898,0.1607311187431102
0.8242026913342004,0.17579730866579948
0.7965972132778557,0.20340278672214415
0.8922653273837896,0.10773467261621049
0.762106983779824,0.23789301622017617
0.7995097952604494,0.20049020473955076
0.7572047812001855,0.24279521879981458
0.7837656269547442,0.21623437304525583
0.8430398223380552,0.1569601776619449
0.7580673174386411,0.2419326825613589
0.779155052836778,0.22084494716322184
0.8101584252767691,0.18984157472323096
0.7847947399202349,0.2152052600797653
0.8053655209559367,0.1946344790440634
0.8262908284456143,0.17370917155438578
0.8705818521933181,0.129418147806682
0.7743735748334152,0.22562642516658477
0.920170456324429,0.07982954367557112
0.7824910344170142,0.2175089655829857
0.8084989274603267,0.19150107253967322
0.8818400170462496,0.11815998295375041
0.8518643669006579,0.14813563309934205
0.7959671678617499,0.20403283213825005
0.8755034172079497,0.12449658279205031
0.797797188335896,0.2022028116641038
0.8423047854560738,0.15769521454392624
0.8227319162358016,0.17726808376419848
0.8478439743904516,0.15215602560954838
0.8474110430509874,0.15258895694901276
0.8426871898512502,0.15731281014874987
0.7683058708015634,0.23169412919843668
0.7769765428265164,0.22302345717348368
0.8936681798660095,0.1063318201339905
0.8420844268573363,0.15791557314266366
0.8523826956792993,0.14761730432070086
0.7641978846629432,0.23580211533705667
0.87405501232387,0.12594498767613013
0.8350907140045915,0.1649092859954086
0.8435303963266563,0.15646960367334375
0.9033555110726683,0.09664448892733173
0.7910197340624318,0.2089802659375682
0.856576628143381,0.1434233718566192
0.8717279091128555,0.12827209088714453
0.8208914817960393,0.17910851820396065
0.8073904599964477,0.1926095400035523
0.8835925582090082,0.1164074417909919
0.9044385310230021,0.09556146897699806
0.8846477254254603,0.11535227457453964
0.890167174422423,0.10983282557757708
0.8660911873364452,0.13390881266355495
0.8164008226003326,0.18359917739966736
0.7963115335188903,0.20368846648110972
0.7552582261614974,0.2447417738385026
0.8687858239135737,0.1312141760864262
0.7696222199859087,0.23037778001409143
0.8476512608682825,0.15234873913171743
0.8423041774613059,0.1576958225386943
0.9006361319234707,0.0993638680765292
0.7924237742735593,0.2075762257264408
0.931503684144667,0.06849631585533285
0.8340394172937617,0.1659605827062383
0.7933240536424454,0.20667594635755485
0.8565363035477522,0.1434636964522477
0.820315467121231,0.17968453287876893
0.7572097222854065,0.24279027771459355
0.8547138337699431,0.1452861662300569
0.8300808813020488,0.16991911869795126
0.8303563120166129,0.16964368798338728
0.7937888257625796,0.2062111742374204
0.7947591070190624,0.20524089298093762
0.8086521167850864,0.1913478832149136
0.7858501207235001,0.21414987927649992
0.8214366523833513,0.1785633476166486
0.8087231432181169,0.19127685678188303
0.8001607331812223,0.19983926681877776
0.869751819876404,0.1302481801235961
0.8477248319704929,0.15227516802950722
0.8614402026623865,0.13855979733761337
0.8223105669333136,0.17768943306668625
0.8349431032340554,0.16505689676594462
0.7706646972299066,0.22933530277009354
0.7927029041568818,0.20729709584311826
0.8570502197502912,0.14294978024970892
0.8378744237276987,0.16212557627230142
0.7880885925627346,0.21191140743726575
0.8046616153892955,0.19533838461070444
0.8259782599655581,0.17402174003444193
0.8121442879038263,0.18785571209617374
0.7696367307875015,0.23036326921249853
0.8391916890501692,0.16080831094983106
0.8487097300203567,0.15129026997964334
0.8389992810337342,0.16100071896626575
0.8743263965034953,0.1256736034965046
0.8612041741923395,0.1387958258076605
0.8229839552157722,0.17701604478422794
0.8629999275830474,0.13700007241695242
0.8423758736372966,0.15762412636270343
0.7968550401033581,0.2031449598966419
0.8756276176639536,0.12437238233604629
0.7980761702402729,0.20192382975972709
0.84415946838838,0.15584053161162012
0.8546223165181942,0.14537768348180596
0.8097663240926515,0.19023367590734844
0.8754885317935732,0.12451146820642682
0.8520163669744082,0.14798363302559167
0.8615060302211738,0.13849396977882616
0.8020208850201861,0.19797911497981383
0.9349918419976923,0.06500815800230762
0.7973424890848727,0.20265751091512726
0.9115912829275101,0.08840871707248978
0.8373251295664008,0.16267487043359927
0.8149063615878049,0.1850936384121949
0.8094624500124279,0.19053754998757214
0.8280221491573618,0.1719778508426381
0.8371053624629102,0.1628946375370898
0.8191264798919159,0.1808735201080841
0.8456977009255268,0.1543022990744733
0.8566061355575123,0.14339386444248767
0.806792253515115,0.19320774648488503
0.8991414851996443,0.10085851480035574
0.8215739148411786,0.17842608515882138
0.7933025504906016,0.20669744950939836
0.8655992353969909,0.13440076460300934
0.8147897916809399,0.18521020831906015
0.7548065089370437,0.2451934910629564
0.777114779817366,0.22288522018263418
0.8304254070045992,0.169574592995401
0.8696844955721217,0.1303155044278782
0.86620153755809,0.13379846244191
0.7819541726258482,0.21804582737415193
0.907716162499296,0.09228383750070404
0.8510074753553505,0.14899252464464952
0.8871763337204416,0.11282366627955848
0.8808200220298714,0.11917997797012857
0.8379261437036364,0.16207385629636367
0.8423784719950471,0.15762152800495297
0.8806587680444597,0.11934123195554029
0.8100221833735378,0.1899778166264622
0.9062079348517791,0.09379206514822083
0.856604290359962,0.1433957096400378
0.8103799402693476,0.1896200597306526
0.8807690116378452,0.11923098836215486
0.7591575013338181,0.24084249866618204
0.7811957800162298,0.2188042199837703
0.8625657926716725,0.13743420732832742
0.8004047180333954,0.19959528196660448
0.8444890724461124,0.1555109275538875
0.8344974001766893,0.16550259982331073
0.8544713302852407,0.1455286697147594
0.8041304156324792,0.19586958436752067
0.8756087269831352,0.12439127301686474
0.8471092076358488,0.1528907923641511
0.8472631520610269,0.15273684793897319
0.880663195831478,0.11933680416852209
0.9123011669171748,0.0876988330828251
0.8180288489670179,0.18197115103298214
0.8265480842969721,0.17345191570302781
0.8660891080261109,0.13391089197388917
0.7970258170473583,0.2029741829526418
0.7545171415433141,0.24548285845668594
0.8770458895595258,0.12295411044047425
0.8935191909645576,0.10648080903544258
0.8529806550003014,0.14701934499969874
0.8452104016662945,0.15478959833370567
0.836882376289891,0.16311762371010893
0.7798903122534058,0.2201096877465943
0.8848012265904643,0.1151987734095356
0.9061841543200174,0.09381584567998257
0.8852857009841583,0.1147142990158417
0.8753963449351319,0.12460365506486813
0.8480204112996784,0.15197958870032166
0.8903942910104229,0.10960570898957717
0.7957286032404921,0.20427139675950787
0.8469618115300089,0.153038188469991
0.7856307938629807,0.2143692061370193
0.9029738100938831,0.09702618990611687
0.8458958678595341,0.15410413214046592
0.8219664984295277,0.17803350157047218
0.8099526647919912,0.19004733520800882
0.8651394446437433,0.1348605553562568
0.7869066478677116,0.2130933521322886
0.7890663570474996,0.21093364295250042
0.8284894195276126,0.1715105804723875
0.822705506059636,0.17729449394036406
0.8074988136591882,0.19250118634081198
0.8703281272658745,0.12967187273412556
0.8119602323012877,0.1880397676987123
0.881610566388598,0.11838943361140211
0.8609444034110887,0.13905559658891134
0.836904223814509,0.16309577618549112
0.8087870778194989,0.1912129221805011
0.8615855122436533,0.13841448775634663
0.8102716467504932,0.18972835324950674
0.8653643560118395,0.1346356439881605
0.8297520457578422,0.17024795424215783
0.7704579827043266,0.2295420172956736
0.8262906816057316,0.17370931839426845
0.8262916946382205,0.17370830536177947
0.8610087565002067,0.13899124349979333
0.8059133294288341,0.19408667057116602
0.8610602592237998,0.13893974077620014
0.9119998883334878,0.08800011166651232
0.8659861892062332,0.1340138107937668
0.8404352170495917,0.1595647829504084
0.8895231857603262,0.11047681423967388
0.8219644826113013,0.17803551738869877
0.8031249266072682,0.19687507339273186
0.7486191634914541,0.2513808365085459
0.8241628123290335,0.17583718767096662
0.8273801848880706,0.17261981511192936
0.8425943060314532,0.15740569396854662
0.8281789937915286,0.17182100620847135
0.7661935924337464,0.2338064075662538
0.8219646197288064,0.1780353802711936
0.8964195328228634,0.10358046717713663
0.8608999884608461,0.13910001153915394
0.8132645425884494,0.18673545741155062
0.7765673916826962,0.22343260831730377
0.7666329012357105,0.2333670987642896
0.8748365187644555,0.1251634812355446
0.8197317386664876,0.1802682613335124
0.8213714532285994,0.17862854677140058
0.8814116191159483,0.11858838088405167
0.7486874334473281,0.25131256655267187
0.7689148687478647,0.23108513125213537
0.8578566016999428,0.14214339830005732
0.7808158778596727,0.2191841221403274
0.7817237514626207,0.21827624853737923
0.7926507188785368,0.2073492811214631
0.856580756915842,0.1434192430841578
0.8386684832510072,0.16133151674899288
0.8859322131315223,0.11406778686847766
0.8214291642410729,0.17857083575892707
0.9055491354737397,0.09445086452626024
0.7766686091649092,0.22333139083509057
0.8694220352027943,0.13057796479720563
0.8966472955573804,0.10335270444261953
0.8433961774664697,0.1566038225335303
0.8867251118675092,0.1132748881324906
0.8610561319676912,0.13894386803230882
0.8614489256578232,0.13855107434217678
0.8374059501674433,0.16259404983255674
0.8342709333790723,0.1657290666209277
0.8988450077878759,0.10115499221212403
0.865404464742538,0.1345955352574621
0.8865559515733905,0.11344404842660949
0.8529821417887722,0.14701785821122781
0.8548994535288496,0.14510054647115045
0.8304857403668091,0.16951425963319086
0.8748525005914661,0.12514749940853376
0.9017084324911325,0.0982915675088675
0.8904499035696676,0.10955009643033253
0.852245701244905,0.14775429875509494
0.8565737050481136,0.14342629495188658
0.8346103635794438,0.16538963642055604
0.8469495052465315,0.15305049475346863
0.8726096986378565,0.12739030136214352
0.8259255780194844,0.17407442198051568
0.7700853153077181,0.2299146846922821
0.7983655013535623,0.20163449864643776
0.8647684403165175,0.13523155968348263
0.7721865130752344,0.22781348692476558
0.831003347086606,0.16899665291339408
0.8433980107837988,0.1566019892162012
0.7783422661962042,0.2216577338037959
0.8517642988478801,0.14823570115211998
0.8375431600418828,0.16245683995811722
0.8113026731266132,0.1886973268733868
0.8688419564516847,0.1311580435483153
0.826307498269688,0.1736925017303119
0.7423665308357671,0.25763346916423285
0.7679905887280823,0.23200941127191776
0.7944674161929481,0.20553258380705205
0.8128429535995935,0.1871570464004064
0.9066662640493549,0.09333373595064505
0.745485938414562,0.2545140615854382
0.8468946240798547,0.15310537592014528
0.8376440259169073,0.16235597408309257
0.8277105134786058,0.17228948652139428
0.8423627319235109,0.1576372680764891
0.8143484763834494,0.1856515236165507
0.8892911583673488,0.11070884163265128
0.8470036611035616,0.15299633889643824
0.8702749041662774,0.12972509583372305
0.810020633315324,0.18997936668467597
0.8521410423727576,0.14785895762724235
0.8575142936794827,0.1424857063205174
0.8784248285583702,0.12157517144162977
0.8085021453949507,0.19149785460504928
0.8936254773369937,0.10637452266300629
0.7829843391914773,0.21701566080852278
0.7685409955085372,0.2314590044914628
0.818932726908848,0.18106727309115203
0.8259821766469722,0.1740178233530279
0.7983599634901417,0.20164003650985834
0.813866590729924,0.18613340927007604
0.8228893611798823,0.1771106388201176
0.9614552826463539,0.038544717353646146
0.8654500882604416,0.13454991173955844
0.8506626485042416,0.14933735149575855
0.8094630498829498,0.19053695011705019
0.8262912181576493,0.17370878184235078
0.8792103978570136,0.12078960214298635
0.834497643688413,0.16550235631158727
0.7670983805776431,0.232901619422357
0.8437867198043231,0.15621328019567696
0.8371772931124163,0.16282270688758366
0.7553032364841241,0.244696763515876
0.8707711277250431,0.129228872274957
0.8311366357706759,0.1688633642293241
0.8503506392956026,0.1496493607043974
0.8208830640678701,0.17911693593212988
0.8133124154974208,0.18668758450257925
0.8861209211147202,0.11387907888527979
0.8927466640730596,0.10725333592694052
0.8075537444033072,0.19244625559669284
0.7933337456638587,0.20666625433614155
0.8146341072632267,0.18536589273677326
0.7581025881869643,0.24189741181303573
0.7931051201243486,0.20689487987565122
0.8155676350987328,0.18443236490126733
0.8733393302586664,0.12666066974133366
0.8351621250261594,0.16483787497384064
0.839179052486051,0.1608209475139491
0.7701344050674219,0.22986559493257802
0.8047990657941442,0.1952009342058559
0.8212136235436294,0.17878637645637066
0.8848150837917151,0.11518491620828489
0.8416264460374173,0.15837355396258265
0.8149918141703704,0.18500818582962963
0.8153927116605805,0.18460728833941956
0.7384119518151059,0.26158804818489406
0.8005860500851997,0.1994139499148004
0.8146756555179655,0.1853243444820344
0.8405951221692286,0.15940487783077148
0.8054945295096866,0.1945054704903135
0.8054587108756682,0.19454128912433147
0.8225055961061337,0.17749440389386623
0.8948101700913995,0.10518982990860039
0.8050850819575024,0.1949149180424976
0.8103273168662868,0.18967268313371335
0.8654162152312752,0.1345837847687249
0.8404375192522976,0.15956248074770246
0.9069543779084823,0.0930456220915177
0.8383490433588089,0.16165095664119128
0.8235407481524636,0.1764592518475364
0.7666861231940688,0.2333138768059312
0.8319778428779804,0.16802215712201973
0.8303247743673521,0.16967522563264786
0.8178916826188111,0.18210831738118896
0.8227361207191735,0.1772638792808265
0.8519170132214717,0.14808298677852827
0.8376452978328178,0.16235470216718212
0.781351084711505,0.21864891528849503
0.7843987429696511,0.21560125703034905
0.8141268073045751,0.185873192695425
0.7303638687253389,0.2696361312746612
0.8142664805711044,0.18573351942889568
0.8191840248491649,0.18081597515083495
0.7517601049054494,0.24823989509455066
0.8062574875090786,0.1937425124909216
0.8184106723527039,0.1815893276472961
0.7600341489121245,0.23996585108787558
0.8855149563063568,0.11448504369364335
0.8382214764050877,0.1617785235949121
0.8283349660563072,0.17166503394369284
0.8757184891340234,0.12428151086597664
0.7969523514040388,0.2030476485959613
0.7795101902410146,0.22048980975898558
0.8140597946016831,0.1859402053983169
0.8225694790269026,0.17743052097309747
0.7995045487811882,0.20049545121881177
0.8693202987127,0.1306797012873001
0.8235053631864904,0.17649463681350983
0.8110838784995774,0.18891612150042247
0.7985032740995157,0.20149672590048442
0.8137922394429761,0.18620776055702376
0.9149743156142761,0.08502568438572385
0.8666406367822284,0.13335936321777184
0.9062374949249464,0.0937625050750536
0.7805029690334059,0.21949703096659398
0.7861852984604688,0.2138147015395311
0.866309952097458,0.13369004790254205
0.8518339092677732,0.14816609073222667
0.8219671207662892,0.1780328792337107
0.83293232816744,0.16706767183256
0.8395271971211637,0.16047280287883614
0.837644450185749,0.1623555498142511
0.8087733490176097,0.1912266509823903
0.8319730988021776,0.16802690119782251
0.8158102683167703,0.1841897316832298
0.8472655799787816,0.15273442002121843
0.8653640509212797,0.1346359490787204
0.8518676052994565,0.1481323947005436
0.8159751245434208,0.18402487545657917
0.825981707086373,0.17401829291362705
0.8626722356061245,0.13732776439387542
0.8227082123668108,0.17729178763318917
0.8518678126164804,0.14813218738351971
0.8141734228866578,0.18582657711334225
0.8352659423407681,0.16473405765923202
0.8223117328362735,0.1776882671637266
0.8022668126147239,0.19773318738527623
0.8095089858697075,0.19049101413029243
0.8802313436842686,0.11976865631573144
0.7979142558268943,0.20208574417310557
0.8480946738532023,0.15190532614679783
0.8216135308503498,0.17838646914965017
0.7390691146097049,0.2609308853902953
0.8008959643729752,0.19910403562702483
0.8168755956519933,0.18312440434800667
0.8470593866125001,0.15294061338749995
0.8689154629123137,0.13108453708768625
0.8099520026079949,0.19004799739200506
0.8184123118100521,0.18158768818994808
0.7927660004687479,0.20723399953125204
0.8614983991595316,0.1385016008404683
0.8565758736926548,0.14342412630734497
0.822650002753465,0.17734999724653513
0.7884391768966414,0.2115608231033584
0.874014117095577,0.12598588290442325
0.8560939289774963,0.14390607102250363
0.7678741200775906,0.23212587992240927
0.8347224929137917,0.16527750708620828
0.8964301141803731,0.10356988581962688
0.8330416957469579,0.16695830425304212
0.7808578982879035,0.2191421017120965
0.7985061151452579,0.20149388485474207
0.7467867434679026,0.25321325653209725
0.8755427292978137,0.12445727070218647
0.806186769686704,0.19381323031329623
0.7725309352291506,0.22746906477084938
0.7870097827841119,0.21299021721588812
0.8119607121838192,0.18803928781618087
0.8096990154779203,0.1903009845220796
0.7516019637906151,0.2483980362093849
0.8976027689013094,0.10239723109869059
0.8758265417515665,0.12417345824843361
0.8214045893337427,0.17859541066625734
0.8157810139675121,0.18421898603248793
0.8337936921033491,0.1662063078966508
0.8874048187347156,0.11259518126528441
0.8004049687820812,0.19959503121791874
0.8439772060341569,0.15602279396584295
0.8565737653000337,0.14342623469996635
0.8014477013602349,0.19855229863976512
0.7618983188031259,0.23810168119687422
0.7824841843089089,0.21751581569109119
0.861496430240008,0.13850356975999198
0.8061869974347671,0.19381300256523298
0.8162823967513124,0.18371760324868766
0.8250156906302246,0.17498430936977546
0.7879268904637673,0.21207310953623282
0.8825317598840716,0.11746824011592837
0.8302174303605157,0.1697825696394843
0.855406252649734,0.14459374735026595
0.7999907761225412,0.20000922387745884
0.838123944640597,0.16187605535940303
0.863875207781028,0.13612479221897197
0.8660907572279282,0.13390924277207186
0.8287979616916477,0.1712020383083524
0.818709799936669,0.18129020006333105
0.8090553388963689,0.19094466110363104
0.8059392436853035,0.1940607563146965
0.8479648594242265,0.15203514057577336
0.884020956869629,0.11597904313037094
0.8565576961880093,0.1434423038119908
0.7740084119427562,0.22599158805724395
0.7963800555952641,0.20361994440473585
0.8490635702231129,0.15093642977688715
0.8308578446354873,0.1691421553645126
0.8051335347392938,0.19486646526070608
0.7683467730917051,0.23165322690829487
0.7804624799851101,0.21953752001488988
0.8172404216184682,0.1827595783815319
0.7787749231263128,0.22122507687368723
0.809651251886117,0.19034874811388308
0.8341007467863688,0.16589925321363125
0.8588872425341462,0.14111275746585383
0.8185034536930832,0.18149654630691678
0.8387671712762087,0.1612328287237913
0.7975813088705794,0.20241869112942065
0.8149030738182412,0.18509692618175883
0.835368582797097,0.16463141720290292
0.9052420979163092,0.09475790208369075
0.7628657364752152,0.23713426352478495
0.8467191182963381,0.15328088170366194
0.8600118325015659,0.13998816749843426
0.8691409728444971,0.130859027155503
0.8325602835393876,0.16743971646061243
0.8558334784059798,0.14416652159402024
0.8123075383681403,0.18769246163185954
0.8706162905674598,0.1293837094325403
0.8716880686694898,0.12831193133051005
0.909234116067943,0.09076588393205681
0.8303149057115407,0.16968509428845924
0.8053720443583061,0.19462795564169397
0.8359965911080589,0.16400340889194115
0.7662006549772925,0.23379934502270758
0.81459802747996,0.18540197252003995
0.7731304765160133,0.2268695234839866
0.8476973540303729,0.15230264596962723
0.833579094835041,0.166420905164959
0.898692239136286,0.10130776086371399
0.7791914158591138,0.22080858414088625
0.8698935466767259,0.1301064533232742
0.8126872874264065,0.18731271257359347
0.8845048941599332,0.11549510584006682
0.8904493616108257,0.10955063838917423
0.8592222171656434,0.1407777828343566
0.826639526989297,0.17336047301070306
0.7717765493630195,0.2282234506369805
0.7500812805265341,0.24991871947346567
0.8120138842437885,0.18798611575621166
0.8817697003939258,0.11823029960607434
0.8526356540287126,0.14736434597128734
0.9224639459149445,0.07753605408505555
0.7657668591818152,0.2342331408181849
0.8017198754684629,0.19828012453153726
0.8419726908044891,0.1580273091955109
0.7893906109151638,0.2106093890848363
0.8157282534922332,0.1842717465077668
0.8231368305980742,0.17686316940192576
0.7765903213271317,0.2234096786728684
0.8146068531010247,0.18539314689897526
0.7930846875966402,0.20691531240335984
0.8212276106157588,0.17877238938424125
0.8615365183510891,0.138463481648911
0.9044162707856038,0.09558372921439617
0.8425316345270581,0.15746836547294188
0.826507034437928,0.1734929655620721
0.8191303185635825,0.18086968143641743
0.78089325448211,0.21910674551789014
0.8810470798669057,0.11895292013309437
0.8817668171927919,0.11823318280720817
0.7963135549701995,0.2036864450298004
0.8722828195790626,0.12771718042093738
0.8810369995501006,0.11896300044989941
0.8378513480281956,0.16214865197180445
0.7936603448126456,0.20633965518735436
0.8929151002125263,0.1070848997874736
0.8377478983525631,0.1622521016474368
0.7869208121197389,0.21307918788026106
0.8316729246499364,0.16832707535006353
0.8907224406175215,0.10927755938247857
0.8022999729648054,0.19770002703519474
0.8519417386125036,0.14805826138749653
0.7637411711458235,0.23625882885417657
0.7995062113833182,0.2004937886166817
0.8656859744244794,0.13431402557552075
0.8044108198012945,0.19558918019870564
0.7829219940513494,0.2170780059486506
0.8226490907300367,0.17735090926996327
0.8155917124853748,0.18440828751462524
0.799763347661693,0.20023665233830704
0.8704029112739612,0.1295970887260387
0.7921046766422978,0.2078953233577023
0.7935662065867625,0.20643379341323753
0.8225325573896589,0.17746744261034103
0.7405333144190662,0.2594666855809339
0.8351986572427597,0.16480134275724037
0.9030897175095646,0.09691028249043543
0.7966052447268649,0.20339475527313503
0.8698884160528555,0.13011158394714448
0.7717021647526157,0.22829783524738434
0.8329450617494056,0.16705493825059423
0.7671539106163138,0.2328460893836862
0.8959354275978284,0.10406457240217167
0.756869376553133,0.24313062344686692
0.8519684310197589,0.14803156898024103
0.854537718517703,0.1454622814822971
0.7925803221222872,0.20741967787771268
0.8126261507304477,0.1873738492695522
0.8599936529481546,0.14000634705184542
0.75073966545826,0.24926033454174001
0.8748012111295745,0.12519878887042546
0.8208839288608403,0.17911607113915967
0.8002258279336348,0.19977417206636527
0.8089871272554002,0.19101287274459977
0.8948208101639537,0.10517918983604628
0.9120086238576222,0.08799137614237791
0.9291950163461835,0.07080498365381657
0.8694221272931467,0.13057787270685328
0.8124203458344524,0.18757965416554767
0.8846665037245305,0.11533349627546953
0.8378199021783248,0.16218009782167522
0.8612801603653083,0.13871983963469164
0.8670475254621646,0.13295247453783537
0.9469725586782373,0.05302744132176291
0.855832223264205,0.14416777673579495
0.7966929971004328,0.20330700289956727
0.8660389843379583,0.13396101566204166
0.8083334755876922,0.19166652441230783
0.8671767148766011,0.1328232851233988
0.8302230324198602,0.16977696758013977
0.7332598410395502,0.26674015896044984
0.825015859043901,0.1749841409560991
0.8187137626148981,0.181286237385102
0.7791576337489196,0.22084236625108042
0.8520419750697896,0.14795802493021043
0.7415367930686618,0.25846320693133834
0.7666572632795632,0.23334273672043696
0.7884198672786996,0.21158013272130058
0.8457774770837801,0.15422252291621985
0.8218397162816458,0.17816028371835427
0.8423763478694241,0.15762365213057603
0.7760604686641414,0.22393953133585873
0.8085003178763452,0.1914996821236547
0.8396770520202691,0.16032294797973096
0.8347235986369591,0.16527640136304086
0.8398598742744801,0.16014012572552
0.8304850183817146,0.16951498161828538
0.819556126927841,0.18044387307215914
0.7594636222307617,0.24053637776923822
0.8299439406772365,0.17005605932276344
0.8374714082737286,0.16252859172627143
0.8519182150175387,0.14808178498246127
0.8435294877292909,0.15647051227070904
0.7680148337672008,0.23198516623279922
0.8723935572766506,0.12760644272334945
0.9377264883192421,0.06227351168075787
0.8395018340169554,0.1604981659830445
0.7967092728959918,0.203290727104008
0.7806656511061942,0.21933434889380576
0.8426516555171889,0.1573483444828111
0.8684639794385499,0.13153602056145003
0.7830685143312676,0.21693148566873255
0.8933391606490559,0.10666083935094414
0.9166121797614206,0.08338782023857952
0.7914514675105508,0.2085485324894492
0.7760158935309718,0.22398410646902822
0.8892078714285936,0.11079212857140668
0.861254513181888,0.13874548681811208
0.784795357359644,0.21520464264035605
0.7828026989146384,0.2171973010853617
0.8655912245297264,0.1344087754702737
0.8425316161398971,0.157468383860103
0.8536421960048312,0.14635780399516873
0.7729839120721161,0.2270160879278839
0.866198635812654,0.13380136418734598
0.74174523623679,0.2582547637632101
0.7967140876787957,0.20328591232120427
0.7969993225638499,0.20300067743615022
0.7803541807439366,0.2196458192560633
0.8396698334003648,0.16033016659963523
0.7558544509627736,0.24414554903722627
0.8712474687653996,0.12875253123460012
0.8390030900268082,0.16099690997319188
0.8878028677075738,0.11219713229242606
0.8245088410317776,0.17549115896822237
0.801477185209582,0.19852281479041808
0.7752597585538865,0.22474024144611385
0.886460493372782,0.113539506627218
0.8614414669144299,0.13855853308557015
0.7801829278705229,0.21981707212947713
0.8300820639244629,0.1699179360755372
0.8614121891264102,0.1385878108735899
0.8310928669324096,0.1689071330675904
0.7796268348114517,0.22037316518854844
0.7893911082338797,0.2106088917661203
0.8129823634282047,0.1870176365717951
0.800048946288515,0.19995105371148514
0.8523540767821253,0.1476459232178747
0.865884265723406,0.13411573427659396
0.8518681656798315,0.14813183432016855
0.8732696688665799,0.12673033113342008
0.7855406092263223,0.21445939077367784
0.8532763492817241,0.1467236507182759
0.8632734424873101,0.13672655751268992
0.84792456453194,0.15207543546806002
0.8806871930293237,0.1193128069706762
0.8225070647180788,0.17749293528192125
0.8716993453763353,0.12830065462366463
0.8223365247219595,0.17766347527804036
0.8709284635112096,0.1290715364887905
0.8030385631072151,0.196961436892785
0.8312182396377497,0.16878176036225043
0.8614684206057838,0.13853157939421618
0.8135070802008169,0.18649291979918317
0.8366539552453086,0.1633460447546914
0.8822764799420458,0.11772352005795424
0.8904498583956916,0.10955014160430848
0.7791177365875559,0.2208822634124441
0.8121918251192691,0.1878081748807308
0.847151445209428,0.15284855479057194
0.8748368565088976,0.12516314349110216
0.8833413893625094,0.11665861063749064
0.8582401406096494,0.14175985939035052
0.8570610787590514,0.14293892124094867
0.7960044910007114,0.20399550899928867
0.8182889522011358,0.18171104779886424
0.7272127701602268,0.27278722983977294
0.843655174913988,0.1563448250860119
0.7863643724103098,0.21363562758969024
0.9098108620405755,0.09018913795942453
0.7789775230359057,0.22102247696409427
0.8824273805647109,0.11757261943528917
0.875563123087371,0.1244368769126291
0.7579802697238033,0.24201973027619672
0.7726824181888615,0.22731758181113848
0.8710121595730794,0.12898784042692066
0.8707324440162115,0.1292675559837885
0.805359964928873,0.1946400350711271
0.7686146964491294,0.23138530355087064
0.8749234811319803,0.1250765188680198
0.8137873872402465,0.18621261275975354
0.8880449219909056,0.11195507800909442
0.8286699899393222,0.17133001006067825
0.8287934979904079,0.17120650200959206
0.8735543063128983,0.12644569368710165
0.8796362926107959,0.12036370738920402
0.8130934004722212,0.18690659952777877
0.8726788276417894,0.1273211723582107
0.8566192138443712,0.14338078615562885
0.8745128129686427,0.1254871870313573
0.8253776735354844,0.17462232646451567
0.7826696107302358,0.2173303892697643
0.8130953544800257,0.18690464551997438
0.8191387695370529,0.18086123046294722
0.7885045684093205,0.21149543159067966
0.8381862002914299,0.16181379970856988
0.8694444920121452,0.13055550798785476
0.8395270395813287,0.16047296041867143
0.8946792397762184,0.1053207602237817
0.8609218350685437,0.1390781649314564
0.8035833651567978,0.1964166348432021
0.8208597131991024,0.1791402868008975
0.8663476599973179,0.1336523400026821
0.7967053703865236,0.20329462961347627
0.8474800354184912,0.1525199645815088
0.8321005312507834,0.16789946874921663
0.7726083440730593,0.22739165592694058
0.8874812145284933,0.11251878547150669
0.8991729233526856,0.10082707664731445
0.8289405214753693,0.17105947852463071
0.870771318530362,0.12922868146963798
0.7828900101373653,0.21710998986263472
0.8565708441404828,0.1434291558595172
0.806452721450087,0.19354727854991308
0.797835324717292,0.20216467528270796
0.8189712462762866,0.18102875372371335
0.8854468833718554,0.11455311662814469
0.7409471524495432,0.25905284755045677
0.7777779731531855,0.2222220268468145
0.8547739845560658,0.1452260154439342
0.8286395959223385,0.1713604040776618
0.8176387466654133,0.1823612533345869
0.8704195311196963,0.12958046888030378
0.8612051171285592,0.1387948828714408
0.8321018984847562,0.1678981015152437
0.8193582060366668,0.18064179396333324
0.8209136101846977,0.1790863898153024
0.842455322868837,0.15754467713116319
0.8565725123034938,0.14342748769650618
0.7390035762514725,0.2609964237485277
0.8479958040108888,0.15200419598911116
0.8248809770742138,0.17511902292578607
0.8120730151087205,0.1879269848912795
0.8042426307133811,0.19575736928661902
0.7553440920651598,0.24465590793484016
0.7914421342292746,0.20855786577072546
0.8868054039832572,0.11319459601674273
0.808439789790176,0.19156021020982403
0.8216115044781219,0.17838849552187822
0.8347412134747381,0.165258786525262
0.7791233965445381,0.2208766034554619
0.9156761293855372,0.0843238706144628
0.8394042706319277,0.1605957293680726
0.8393325776171413,0.16066742238285872
0.8542572402093016,0.14574275979069834
0.7714291069595994,0.2285708930404007
0.7652202550378797,0.23477974496212026
0.7917521448268809,0.20824785517311914
0.9003756467215372,0.09962435327846274
0.8239926392851407,0.17600736071485923
0.8361565816397454,0.1638434183602545
0.9162094493019556,0.08379055069804445
0.8809075095392684,0.11909249046073156
0.8038550073046707,0.19614499269532937
0.7708665020724119,0.22913349792758816
0.8195326505856024,0.18046734941439746
0.814043112978519,0.18595688702148122
0.8192618581013597,0.1807381418986403
0.8565815888637762,0.1434184111362239
0.8309664382318925,0.16903356176810747
0.8510440114454255,0.1489559885545744
0.8522133660018569,0.14778663399814312
0.8627164372741919,0.13728356272580822
0.7558625616290751,0.24413743837092503
0.8733660905981269,0.12663390940187308
0.7880773846361636,0.21192261536383622
0.9177247870954786,0.08227521290452136
0.8433269813257593,0.15667301867424063
0.7582988777856771,0.2417011222143229
0.8286420403438371,0.1713579596561629
0.8433276558102404,0.15667234418975956
0.7926562151176596,0.20734378488234037
0.8181117536354812,0.18188824636451886
0.8893657546770344,0.11063424532296558
0.7737618229052441,0.22623817709475585
0.7799231162134188,0.22007688378658122
0.7929659832704168,0.20703401672958321
0.9355323571060383,0.06446764289396166
0.8475068377602003,0.1524931622397997
0.8309171014550142,0.16908289854498576
0.8261370107748126,0.17386298922518736
0.8186293841479584,0.18137061585204178
0.7813623369859013,0.21863766301409876
0.8065922370956159,0.19340776290438413
0.8612039355193967,0.13879606448060325
0.7889342770614987,0.2110657229385013
0.8121913719427035,0.18780862805729662
0.7593049537959746,0.2406950462040254
0.809770493648431,0.19022950635156918
0.7926207539074174,0.20737924609258274
0.7980568569787483,0.2019431430212517
0.7872351343721434,0.21276486562785663
0.7988121932110565,0.20118780678894352
0.8632163660672018,0.1367836339327982
0.843157444421964,0.156842555578036
0.7966591579139493,0.20334084208605083
0.8029811670719503,0.1970188329280497
0.8519685118750111,0.14803148812498895
0.795389636777668,0.20461036322233203
0.886282031010817,0.11371796898918306
0.8299449493320432,0.17005505066795676
0.8746241864738469,0.12537581352615296
0.8538688042624729,0.14613119573752692
0.8480504707466768,0.1519495292533233
0.8471607990200279,0.15283920097997217
0.9501213879889465,0.049878612011053675
0.8796693776370789,0.12033062236292137
0.8038613062636469,0.19613869373635298
0.8816018622516983,0.11839813774830163
0.8227074974212143,0.1772925025787857
0.865792076691065,0.13420792330893508
0.8739204988732672,0.1260795011267327
0.8234463504693397,0.1765536495306604
0.8339783399082099,0.16602166009179004
0.8560966632509432,0.14390333674905667
0.7804398343898684,0.21956016561013153
0.8170396729572413,0.18296032704275866
0.8659868472201122,0.13401315277988787
0.848980892832312,0.15101910716768793
0.8480123222834509,0.15198767771654925
0.8366111800686812,0.16338881993131882
0.7988368143826221,0.2011631856173778
0.7623702228100397,0.23762977718996026
0.8654533559793346,0.13454664402066543
0.8745922866219203,0.12540771337807965
0.8117888357374369,0.18821116426256318
0.8087681439619769,0.19123185603802284
0.8657696068008858,0.13423039319911437
0.7770035762609483,0.2229964237390518
0.8937257434437272,0.10627425655627269
0.7752446644093977,0.22475533559060246
0.734239869673805,0.26576013032619505
0.8144953759161049,0.18550462408389523
0.8198414112907112,0.180158588709289
0.8005427918882566,0.19945720811174347
0.8195328347809453,0.18046716521905481
0.8199878723617947,0.1800121276382053
0.8132077059098195,0.18679229409018056
0.7871907154067238,0.2128092845932762
0.8423420777323682,0.15765792226763178
0.8654947867660692,0.13450521323393091
0.8199286432259144,0.1800713567740856
0.8548370404156963,0.14516295958430378
0.8392689436227603,0.1607310563772396
0.7819628671286231,0.218037132871377
0.7933240011471294,0.20667599885287066
0.8441481372921699,0.1558518627078301
0.7840573592349069,0.21594264076509304
0.8262907874078417,0.17370921259215827
0.8027914375556453,0.19720856244435456
0.8387066297111216,0.16129337028887838
0.7906831898808488,0.20931681011915115
0.8151262144498845,0.1848737855501154
0.8045249279845268,0.1954750720154734
0.8899572261198164,0.11004277388018356
0.8004057917697361,0.19959420823026394
0.8953953701761109,0.10460462982388911
0.7911394946590186,0.2088605053409814
0.80361994140271,0.19638005859729016
0.778970965915131,0.2210290340848689
0.8349432796788571,0.16505672032114296
0.7595489824045023,0.24045101759549767
0.7830584086286305,0.21694159137136929
0.8806367688686079,0.11936323113139233
0.8672642092824787,0.13273579071752126
0.814169070182792,0.18583092981720817
0.8592726939926821,0.1407273060073179
0.8480962406185082,0.15190375938149198
0.8381027555353682,0.1618972444646318
0.8217895637437468,0.17821043625625335
0.8522272652243398,0.1477727347756602
0.8350521635105524,0.1649478364894475
0.8215306189514687,0.17846938104853127
0.8144214126379294,0.18557858736207042
0.8724799163522624,0.12752008364773754
0.8893386092891105,0.11066139071088957
0.8472120139883045,0.15278798601169555
0.7675240306701041,0.23247596932989573
0.8327858838376998,0.16721411616230017
0.8661400579687822,0.13385994203121784
0.924679201402815,0.07532079859718487
0.8336682670680575,0.1663317329319424
0.8710912927297553,0.12890870727024473
0.8182194095507689,0.18178059044923106
0.902881591663489,0.09711840833651103
0.823987114243508,0.17601288575649188
0.8759274109120692,0.12407258908793088
0.8084590148980249,0.1915409851019751
0.8004313699621224,0.19956863003787764
0.9384243758795652,0.061575624120434956
0.8694022567703602,0.13059774322963966
0.810065964342899,0.189934035657101
0.8581641723842376,0.1418358276157625
0.7643650163534423,0.23563498364655772
0.8391813770500226,0.1608186229499774
0.7677884632245117,0.23221153677548834
0.82288792460136,0.17711207539864024
0.7989531988480624,0.20104680115193774
0.82720544823162,0.17279455176838004
0.8337906780051115,0.1662093219948884
0.7967487341200832,0.2032512658799169
0.8565737071764655,0.14342629282353442
0.8216131680965386,0.17838683190346138
0.8277882649265147,0.17221173507348542
0.7756108568839193,0.22438914311608074
0.764605365049388,0.23539463495061208
0.779574953605713,0.22042504639428695
0.852225861681613,0.1477741383183871
0.8193313182773847,0.18066868172261533
0.7434497463991734,0.2565502536008267
0.8522711564105366,0.14772884358946342
0.8991656636316372,0.10083433636836274
0.8334230467902342,0.16657695320976573
0.857227744797958,0.14277225520204198
0.7661818012932708,0.23381819870672918
0.8435304056204874,0.1564695943795125
0.8004379693771955,0.19956203062280448
0.9290041868339843,0.07099581316601569
0.8435299124482253,0.1564700875517746
0.777990181454905,0.22200981854509502
0.7707201344365191,0.22927986556348096
0.8636011559786617,0.13639884402133834
0.8347329566204338,0.16526704337956621
0.8420554978276176,0.15794450217238235
0.8519385018040159,0.14806149819598416
0.7454711329627248,0.2545288670372755
0.8806344540467576,0.11936554595324249
0.8516773874099798,0.14832261259002025
0.7903309745850063,0.20966902541499358
0.8566353477353215,0.14336465226467854
0.8089860465484716,0.1910139534515284
0.8266370639257392,0.17336293607426076
0.8481934615722156,0.15180653842778433
0.8226056534098929,0.1773943465901072
0.8178339791064871,0.18216602089351283
0.8426833175566102,0.15731668244338984
0.8191271443435318,0.18087285565646827
0.8394051611144677,0.16059483888553222
0.8056419787802274,0.19435802121977264
0.8379555763976207,0.16204442360237917
0.8205089375720959,0.17949106242790427
0.8478708542654729,0.15212914573452713
0.8291936843056067,0.1708063156943933
0.8478327832372697,0.15216721676273035
0.8191493486516147,0.18085065134838532
0.880020572956037,0.11997942704396312
0.8206621705315426,0.17933782946845753
0.8170394481632268,0.18296055183677318
0.7357119847600229,0.2642880152399772
0.8064329592913675,0.19356704070863257
0.8705384878977516,0.12946151210224846
0.8271308468675301,0.17286915313247
0.8304786440966004,0.16952135590339967
0.8308765091624275,0.16912349083757244
0.8353844377668148,0.16461556223318527
0.8162115499325627,0.18378845006743724
0.7851926016457619,0.2148073983542382
0.8385062545167936,0.16149374548320644
0.8246844658466683,0.17531553415333156
0.8130929627697709,0.18690703723022906
0.8182230099920149,0.18177699000798506
0.8651070947135833,0.1348929052864167
0.7957006899979823,0.20429931000201776
0.8214314133713789,0.17856858662862107
0.767523030318366,0.23247696968163403
0.8377874766971624,0.16221252330283759
0.8130837149689121,0.18691628503108795
0.8290921070761034,0.17090789292389674
0.8878393881587842,0.11216061184121569
0.9380891275129072,0.06191087248709267
0.8546116469418845,0.14538835305811545
0.7827370669065637,0.21726293309343633
0.8153507033237979,0.18464929667620203
0.7581661185483226,0.24183388145167728
0.9088391439175398,0.09116085608246012
0.7871509541318906,0.21284904586810938
0.8323766832106555,0.1676233167893446
0.8130193306638412,0.18698066933615876
0.8087584285950741,0.19124157140492584
0.7390390515032061,0.2609609484967938
0.833032068483765,0.16696793151623493
0.792100612838722,0.20789938716127798
0.8364214234647016,0.1635785765352984
0.9442861766879822,0.05571382331201778
0.7848254209818017,0.21517457901819814
0.8372175146975771,0.16278248530242292
0.9183948290689262,0.08160517093107367
0.7972838928377756,0.20271610716222443
0.8785733702907655,0.12142662970923457
0.933518695959589,0.06648130404041097
0.8371277139983034,0.1628722860016965
0.8205074261490467,0.17949257385095319
0.8572330379177865,0.14276696208221357
0.7771954061154899,0.2228045938845103
0.7996142283057088,0.20038577169429123
0.8014473430653731,0.19855265693462693
0.8046601335102722,0.19533986648972781
0.776696503734965,0.223303496265035
0.8177063942807383,0.1822936057192618
0.8151932709927701,0.18480672900722986
0.7890392956355692,0.2109607043644308
0.8517045995352185,0.14829540046478162
0.7642228489675507,0.2357771510324493
0.8057128625406491,0.1942871374593508
0.8566727442175355,0.1433272557824645
0.8522031978974735,0.14779680210252638
0.8145352561275042,0.18546474387249567
0.8661638852442098,0.13383611475579016
0.7871235003045607,0.21287649969543943
0.8212427791494249,0.17875722085057513
0.7788702766788999,0.22112972332110006
0.7619453906412501,0.23805460935875009
0.8704469063569304,0.1295530936430695
0.810616318852315,0.18938368114768495
0.757094912887699,0.242905087112301
0.9077124409747277,0.09228755902527223
0.8611303343928262,0.13886966560717387
0.7649749856004121,0.23502501439958765
0.7899512776508812,0.2100487223491188
0.8827383675818793,0.11726163241812061
0.8945941964169526,0.10540580358304741
0.8297951884532742,0.1702048115467259
0.8353726225936421,0.16462737740635808
0.8163817895010939,0.18361821049890598
0.787864631903036,0.21213536809696404
0.819429677318294,0.18057032268170614
0.8137485169650193,0.18625148303498074
0.7567779583379577,0.2432220416620424
0.8176387647679318,0.18236123523206815
0.8135372144432854,0.18646278555671472
0.8554328431272439,0.14456715687275606
0.869812112228837,0.13018788777116289
0.799173646584437,0.20082635341556299
0.8419250091647624,0.15807499083523768
0.8952885459278582,0.10471145407214175
0.7969119073196135,0.20308809268038663
0.7538296067486291,0.24617039325137097
0.7986761772832118,0.20132382271678828
0.8920426552717171,0.10795734472828294
0.7899467401778668,0.21005325982213316
0.8741451979259907,0.12585480207400934
0.9143556023056172,0.08564439769438277
0.8315329749557918,0.16846702504420827
0.7609351528838837,0.23906484711611634
0.788268910299896,0.2117310897001042
0.7884404587002574,0.2115595412997425
0.829807553613506,0.17019244638649392
0.8017185095684873,0.1982814904315127
0.8473628469328593,0.15263715306714054
0.7988066449985225,0.20119335500147748
0.8315065176835478,0.16849348231645236
0.8353715025087287,0.1646284974912712
0.861385958231862,0.1386140417681379
0.8679118889912496,0.13208811100875043
0.8624874774776187,0.13751252252238125
0.8273358233021479,0.17266417669785203
0.7452186992259618,0.25478130077403816
0.8099290979566016,0.19007090204339847
0.8184193136003967,0.18158068639960342
0.8264429777094301,0.17355702229056985
0.9010727306570911,0.09892726934290884
0.8008061381794386,0.19919386182056148
0.8234515223846139,0.17654847761538617
0.8142156548819163,0.18578434511808362
0.8142450541724459,0.18575494582755434
0.7654496154352686,0.23455038456473148
0.8325001718247833,0.16749982817521675
0.8217889872578634,0.17821101274213658
0.8184567637323575,0.18154323626764254
0.809691402388522,0.19030859761147795
0.7741476624390726,0.22585233756092724
0.8336702273769763,0.16632977262302376
0.7816372374140125,0.2183627625859875
0.869051876067364,0.13094812393263597
0.8477456099484301,0.15225439005157
0.8517351972943475,0.1482648027056522
0.9438908412768077,0.05610915872319243
0.9052432561383419,0.09475674386165801
0.7978463191566515,0.20215368084334873
0.8391986773579069,0.16080132264209307
0.801447683528255,0.19855231647174496
0.81796994804575,0.18203005195425007
0.8824991792946124,0.11750082070538763
0.8101569679302713,0.18984303206972877
0.8219539663400973,0.17804603365990285
0.8931168229914395,0.10688317700856055
0.8914347451499515,0.10856525485004861
0.8827952966324933,0.11720470336750673
0.7436378998583301,0.2563621001416698
0.8253406853218914,0.17465931467810852
0.8045219537779169,0.195478046222083
0.7468693920352689,0.2531306079647311
0.7832880992578799,0.21671190074212002
0.7808883732699935,0.21911162673000642
0.8467279419673789,0.15327205803262126
0.7956798504507424,0.20432014954925767
0.8118538942048018,0.18814610579519828
0.7655053933095787,0.23449460669042121
0.8746056275974962,0.12539437240250387
0.8011729890599293,0.19882701094007071
0.8152074581587164,0.18479254184128382
0.8898847782451739,0.11011522175482631
0.8565737463646534,0.14342625363534675
0.7700515127082896,0.22994848729171036
0.7835668100456727,0.2164331899543273
0.8178619453817995,0.18213805461820032
0.8060181552944204,0.19398184470557953
0.7543172561591451,0.24568274384085473
0.8683811230143,0.13161887698570013
0.8618689010043918,0.13813109899560821
0.782067208309625,0.21793279169037505
0.8282017447248552,0.1717982552751448
0.8359248163765464,0.16407518362345358
0.9028032151253071,0.09719678487469292
0.821947141782317,0.17805285821768296
0.8268957837021403,0.1731042162978596
0.7709164463111238,0.2290835536888763
0.8659021630245166,0.13409783697548333
0.879477754749328,0.12052224525067201
0.9002866909008387,0.09971330909916122
0.8670002914915863,0.1329997085084138
0.8698179277726327,0.13018207222736725
0.8141487338242909,0.18585126617570902
0.8139122768585701,0.18608772314142982
0.7903577382085369,0.209642261791463
0.8333389031626511,0.16666109683734878
0.9228591337687055,0.07714086623129454
0.8099284454396247,0.19007155456037533
0.8565737675564347,0.14342623244356534
0.8751959829848566,0.1248040170151435
0.7826285575999706,0.21737144240002948
0.8433202445772515,0.1566797554227486
0.8461982356673043,0.15380176433269574
0.7813560835421938,0.21864391645780618
0.8468549499312968,0.15314505006870324
0.8304851515219139,0.16951484847808604
0.8824343766267377,0.11756562337326244
0.7926283159792205,0.20737168402077957
0.8340322384863661,0.16596776151363404
0.78559960750832,0.21440039249167978
0.8307340726874564,0.16926592731254364
0.7193840528205571,0.28061594717944294
0.7859887581112982,0.21401124188870171
0.86125523849031,0.13874476150968987
0.8862231734648514,0.11377682653514866
0.8259934037634679,0.17400659623653225
0.7860453413953966,0.21395465860460358
0.7783449861175284,0.22165501388247158
0.8041805277719488,0.19581947222805116
0.7892615835298137,0.21073841647018654
0.8274666310220196,0.17253336897798044
0.8379457622908113,0.16205423770918867
0.8895188925677953,0.11048110743220467
0.8282052618767671,0.17179473812323298
0.8262904071614245,0.1737095928385754
0.9101347206494304,0.08986527935056962
0.8176632438433395,0.18233675615666045
0.8897008655861454,0.1102991344138547
0.8712577568386772,0.12874224316132274
0.7867712531955462,0.2132287468044537
0.7768323101381575,0.2231676898618427
0.817834290246989,0.1821657097530112
0.734058471556928,0.265941528443072
0.8478332489070991,0.15216675109290087
0.7396660761934156,0.2603339238065843
0.7751105737955046,0.22488942620449545
0.8566287361873905,0.1433712638126094
0.8663631821431534,0.13363681785684647
0.760550119855638,0.23944988014436186
0.8066114375165914,0.19338856248340858
0.8519446040310362,0.14805539596896383
0.8521355139675431,0.14786448603245694
0.8261418975186265,0.17385810248137354
0.8518133750996955,0.14818662490030451
0.809991375934319,0.19000862406568114
0.8249204763696957,0.1750795236303043
0.7851983105752419,0.21480168942475816
0.8241639937461768,0.1758360062538234
0.7603242687928063,0.23967573120719377
0.8576308044546884,0.14236919554531158
0.8374323365778373,0.1625676634221628
0.8301357535761444,0.16986424642385584
0.8202419900134291,0.17975800998657093
0.9357954619559125,0.06420453804408771
0.792650567032923,0.207349432967077
0.8216877723097995,0.17831222769020053
0.900376130023963,0.0996238699760371
0.8342093025515739,0.1657906974484261
0.7847303150923649,0.21526968490763512
0.9092307685111694,0.09076923148883065
0.8708492257432279,0.12915077425677207
0.8524164802660611,0.14758351973393888
0.8133124772284004,0.18668752277159964
0.7899777590529228,0.2100222409470773
0.8043955400333223,0.19560445996667777
0.8207062459456093,0.17929375405439096
0.8367458827466887,0.16325411725331138
0.8303525338248547,0.16964746617514542
0.8712645158649972,0.1287354841350028
0.8854472173677034,0.11455278263229655
0.8182905787932603,0.18170942120673986
0.7705431620095479,0.22945683799045233
0.859054579030711,0.140945420969289
0.74205910890538,0.25794089109462026
0.871172241635296,0.1288277583647041
0.8632971581978597,0.13670284180214043
0.7627593663956903,0.23724063360430966
0.8715807828900556,0.12841921710994453
0.8489612916473529,0.1510387083526471
0.7872680427774312,0.21273195722256874
0.8213776227187052,0.17862237728129482
0.7808746331571916,0.21912536684280837
0.866157839616789,0.1338421603832108
0.8706158993397581,0.12938410066024186
0.8772946741561208,0.1227053258438792
0.8326522543512449,0.16734774564875515
0.7740577347073616,0.22594226529263836
0.8319378282010339,0.16806217179896607
0.7735818551545345,0.22641814484546555
0.802456866582211,0.19754313341778887
0.8000499020166223,0.19995009798337776
0.8033418354098896,0.1966581645901103
0.8463045414039941,0.15369545859600575
0.8104189469217328,0.18958105307826714
0.8176497710337028,0.18235022896629707
0.795706999652854,0.2042930003471463
0.7787059323384976,0.22129406766150242
0.8716279080416602,0.12837209195833993
0.8371800224458383,0.16281997755416144
0.8516505285450192,0.14834947145498073
0.8308756160770554,0.16912438392294454
0.8565772287656459,0.14342277123435418
0.8277466558765976,0.17225334412340249
0.8178747671895938,0.18212523281040627
0.865547761566522,0.13445223843347795
0.8565735116082103,0.14342648839178965
0.8474506752821699,0.15254932471783028
0.8499479468150485,0.15005205318495146
0.8107676194117097,0.18923238058829026
0.8161695074814687,0.18383049251853134
0.7618442758646474,0.23815572413535263
0.8347225397783862,0.16527746022161388
0.8383494854491995,0.1616505145508006
0.8130928045126284,0.18690719548737159
0.886438464745879,0.113561535254121
0.8932966223978146,0.10670337760218525
0.8049205173253607,0.19507948267463943
0.806593651222579,0.19340634877742088
0.8613858927681308,0.13861410723186923
0.8088863650165504,0.19111363498344955
0.8841809667935968,0.11581903320640301
0.8328416331591642,0.16715836684083596
0.7453170710720798,0.25468292892792027
0.8029750005856302,0.19702499941436985
0.9110379169237411,0.08896208307625889
0.8515902333897211,0.14840976661027894
0.8805869723615986,0.11941302763840132
0.8644968930648071,0.13550310693519288
0.8608880188660422,0.1391119811339577
0.8535722190961341,0.14642778090386585
0.8112506554728661,0.1887493445271338
0.8265927912558595,0.1734072087441405
0.9053418404512953,0.09465815954870481
0.899881713983352,0.10011828601664788
0.7649646814102526,0.23503531858974744
0.717470461025282,0.28252953897471794
0.8521379010070083,0.14786209899299166
0.8287928220957234,0.17120717790427667
0.7979752439983616,0.20202475600163844
0.832378151395946,0.16762184860405402
0.8380682309150128,0.16193176908498716
0.847161167695836,0.15283883230416395
0.7690078489051692,0.23099215109483057
0.7521135753876949,0.24788642461230517
0.8565743436822636,0.14342565631773638
0.8046601424822742,0.19533985751772587
0.8582495621098051,0.1417504378901951
0.8425310351719224,0.15746896482807754
0.8816174015629684,0.1183825984370316
0.8270366300033272,0.17296336999667294
0.8126750610204259,0.18732493897957425
0.8565882542100651,0.14341174578993487
0.7783811905652925,0.22161880943470744
0.7894384055197229,0.2105615944802772
0.7486439138549217,0.25135608614507815
0.9068546960351661,0.09314530396483389
0.7201997225116251,0.279800277488375
0.7721774592292019,0.22782254077079805
0.8110112477716193,0.1889887522283808
0.8940887436519468,0.10591125634805323
0.8216152781657997,0.17838472183420032
0.7531659249457788,0.24683407505422117
0.8604049001282544,0.13959509987174556
0.8386022563578609,0.16139774364213907
0.7274484239721913,0.27255157602780866
0.85097848542175,0.14902151457825005
0.801719245532096,0.19828075446790408
0.8379525470539526,0.16204745294604744
0.8139579770965616,0.18604202290343846
0.8480075186226752,0.15199248137732496
0.9364152232887448,0.06358477671125527
0.817773278823814,0.1822267211761861
0.8178342497326513,0.1821657502673488
0.8262910543777024,0.17370894562229752
0.8801055419269023,0.11989445807309773
0.8269031005529038,0.1730968994470963
0.7651769737663331,0.23482302623366702
0.7926760111368113,0.20732398886318854
0.830999381598945,0.169000618401055
0.8158284861918325,0.18417151380816757
0.8805006083463581,0.11949939165364193
0.8187413300084521,0.18125866999154794
0.8581522184530881,0.14184778154691208
0.8612822699537703,0.1387177300462296
0.8913694056088326,0.10863059439116754
0.8189323042942314,0.18106769570576883
0.8607942462493401,0.1392057537506599
0.8942255478195674,0.1057744521804326
0.852447530512558,0.14755246948744205
0.8897215686637427,0.11027843133625727
0.8706303542333481,0.12936964576665202
0.8947829775564426,0.10521702244355725
0.7988690218461986,0.20113097815380132
0.7871217872729613,0.2128782127270386
0.7665933771047715,0.23340662289522848
0.9013682769069996,0.09863172309300025
0.7907499608301197,0.20925003916988044
0.937035745217183,0.06296425478281696
0.8565773580545194,0.14342264194548074
0.8809076029642818,0.11909239703571818
0.8857750738806194,0.11422492611938057
0.8741444620268225,0.12585553797317744
0.7723222204558146,0.2276777795441854
0.8575267645341544,0.14247323546584556
0.9396305574862991,0.0603694425137009
0.8290901737423305,0.17090982625766954
0.7912549836836384,0.20874501631636153
0.7648925191085165,0.23510748089148348
0.8650273675375472,0.13497263246245272
0.834574876711668,0.16542512328833195
0.8352655336467515,0.16473446635324843
0.8153670428414164,0.18463295715858374
0.7910892522680129,0.20891074773198712
0.8996419185180016,0.10035808148199844
0.8610118565835172,0.13898814341648288
0.7802470453405048,0.2197529546594953
0.788410426380567,0.21158957361943317
0.802049628443772,0.1979503715562278
0.8253518442918573,0.1746481557081426
0.8936147234601992,0.10638527653980084
0.9432713936791961,0.05672860632080391
0.846195160943483,0.15380483905651707
0.8334227574643901,0.16657724253560988
0.8049210007296733,0.19507899927032665
0.816599771552099,0.18340022844790102
0.8705395729604191,0.12946042703958088
0.802517344063595,0.19748265593640502
0.7764251973367887,0.22357480266321134
0.877698823788761,0.12230117621123898
0.8162136249937224,0.18378637500627767
0.8565760616618096,0.1434239383381905
0.9001711044468161,0.0998288955531841
0.8017409065508798,0.19825909344912018
0.8438695211877941,0.15613047881220596
0.8559911802713889,0.1440088197286112
0.7897085258377471,0.21029147416225305
0.913159531345425,0.08684046865457513
0.8504033652616777,0.14959663473832235
0.7872537985528457,0.2127462014471542
0.8137564133870847,0.1862435866129153
0.8391813955933487,0.16081860440665124
0.7415121505874721,0.2584878494125278
0.85657017080214,0.14342982919785996
0.8267308613645101,0.17326913863549004
0.8904441635197512,0.10955583648024868
0.7770838227907505,0.22291617720924958
0.7692536130135373,0.23074638698646274
0.8521809989703697,0.1478190010296303
0.7652638866996775,0.23473611330032254
0.8565630197780978,0.1434369802219023
0.842832008512418,0.15716799148758195
0.7679889576255434,0.2320110423744566
0.750352253028976,0.24964774697102404
0.7807104576683499,0.21928954233165016
0.7900011081240215,0.20999889187597867
0.7415687162286084,0.2584312837713915
0.8565739131641121,0.14342608683588806
0.7965278372571846,0.20347216274281543
0.8140686431691035,0.1859313568308965
0.8356127247592765,0.1643872752407236
0.7743366623852921,0.2256633376147079
0.9021584212760011,0.09784157872399889
0.7631681538841795,0.2368318461158206
0.8670533962450427,0.13294660375495712
0.7947616110740676,0.20523838892593263
0.823847836121333,0.17615216387866706
0.8193316156198508,0.18066838438014934
0.8234492065772293,0.1765507934227708
0.8480931708673434,0.15190682913265666
0.8227375297685721,0.17726247023142788
0.819572188807156,0.18042781119284396
0.7490079430486803,0.2509920569513197
0.8019885477870324,0.19801145221296754
0.8518148993871099,0.14818510061289025
0.8661505512836392,0.13384944871636087
0.7398143310578927,0.2601856689421075
0.828373160437091,0.17162683956290914
0.8394422548996168,0.16055774510038318
0.7837658828384333,0.2162341171615668
0.7469620598351357,0.25303794016486447
0.8089862035125552,0.1910137964874446
0.8426715886328527,0.15732841136714734
0.8035890960570958,0.19641090394290417
0.9153784106509434,0.08462158934905667
0.8466956971718504,0.15330430282814964
0.8352181439601236,0.16478185603987638
0.8902592071612142,0.10974079283878589
0.8435294095918314,0.15647059040816863
0.8565738630606424,0.1434261369393576
0.8269750126229849,0.1730249873770151
0.7851645057333475,0.21483549426665247
0.8380531893561828,0.16194681064381733
0.8697475372203881,0.13025246277961197
0.8388211320043352,0.16117886799566486
0.812707722963921,0.18729227703607895
0.8347038455542343,0.16529615444576579
0.8580972720729828,0.14190272792701716
0.8225037657828259,0.17749623421717398
0.8356741179356453,0.16432588206435467
0.8139814445087222,0.18601855549127774
0.8649483814397126,0.13505161856028727
0.7247122129133744,0.2752877870866256
0.7913996197888589,0.20860038021114113
0.8342669868260718,0.16573301317392827
0.8936236213578231,0.10637637864217696
0.7791600695075764,0.22083993049242365
0.8137449888365712,0.18625501116342877
0.7687273876000829,0.2312726123999171
0.8854466702591979,0.1145533297408022
0.8565734754336237,0.1434265245663764
0.8431200987304223,0.15687990126957768
0.8755035871528656,0.12449641284713435
0.9045236536703525,0.09547634632964769
0.834266873985035,0.16573312601496504
0.8612998719538494,0.13870012804615067
0.8216192495278514,0.1783807504721487
0.804807616706466,0.19519238329353392
0.8537880355352265,0.1462119644647734
0.8209722714211831,0.17902772857881688
0.8754566062007776,0.12454339379922243
0.8322426068895715,0.16775739311042853
0.8469557005270716,0.1530442994729284
0.7923334913502443,0.20766650864975578
0.8477154125741017,0.15228458742589823
0.8355792595202829,0.16442074047971708
0.7981432350595365,0.20185676494046342
0.8616578756588354,0.13834212434116452
0.8065960595609863,0.19340394043901377
0.8245484835213861,0.17545151647861384
0.8488694661107791,0.15113053388922104
0.9140410015329995,0.08595899846700067
0.8420142763435168,0.15798572365648322
0.8971245226579854,0.10287547734201477
0.8283745366504229,0.17162546334957715
0.7802453482980037,0.21975465170199643
0.8238061832429142,0.17619381675708573
0.7689490000044813,0.23105099999551865
0.806044296739113,0.19395570326088712
0.8805222971139713,0.11947770288602878
0.8247497752385871,0.175250224761413
0.7937345865509419,0.20626541344905816
0.8690496398978498,0.13095036010215036
0.7946214080757219,0.20537859192427801
0.7862067676838724,0.21379323231612754
0.8344963801784878,0.16550361982151227
0.8329135485205312,0.1670864514794686
0.8878035566100643,0.11219644338993569
0.8708341760772412,0.1291658239227589
0.7746051365393044,0.22539486346069557
0.7354420554630124,0.26455794453698755
0.8663564261636769,0.13364357383632305
0.8089862768884574,0.19101372311154266
0.8169255296978349,0.18307447030216506
0.9316169727347154,0.06838302726528453
0.8004463250047079,0.19955367499529206
0.764474948004638,0.23552505199536222
0.7883891346723829,0.21161086532761725
0.8287354755006057,0.17126452449939436
0.7604312066681285,0.23956879333187142
0.9016807507880359,0.09831924921196428
0.8144459043370675,0.18555409566293257
0.7553114954445631,0.24468850455543686
0.799200705864387,0.200799294135613
0.8477429048013112,0.15225709519868896
0.7874050739099092,0.21259492609009084
0.7843408813471232,0.21565911865287676
0.7859773596846759,0.214022640315324
0.7877109099965544,0.21228909000344542
0.8097422325933503,0.19025776740664985
0.7837645640509846,0.21623543594901543
0.8006701037918031,0.19932989620819683
0.8301140788008364,0.16988592119916351
0.7702640707405076,0.22973592925949238
0.8248557859189032,0.17514421408109684
0.7659525267713376,0.23404747322866243
0.7967132027481522,0.20328679725184776
0.828400007518232,0.17159999248176813
0.8110552270517507,0.18894477294824918
0.9109504394994165,0.0890495605005836
0.847896861791383,0.15210313820861715
0.8565745665304045,0.14342543346959546
0.7128700695394582,0.2871299304605418
0.7855867189574735,0.21441328104252655
0.8114505292290439,0.18854947077095618
0.8231131226639068,0.17688687733609348
0.8912102104134719,0.108789789586528
0.8800985016700938,0.11990149832990621
0.8259816248076629,0.17401837519233704
0.7963207598855918,0.20367924011440824
0.7997851917187389,0.20021480828126118
0.7752428004962993,0.22475719950370063
0.9409586603327962,0.059041339667203874
0.8708041993678299,0.12919580063217012
0.8873326369911632,0.11266736300883676
0.8066054160196727,0.1933945839803272
0.7994863940926639,0.20051360590733597
0.8002163482998198,0.19978365170018025
0.838942734072422,0.16105726592757807
0.8375363256050793,0.16246367439492082
0.8184179398869078,0.18158206011309233
0.8583117266657818,0.14168827333421824
0.8079798402126966,0.19202015978730344
0.7887674486616073,0.2112325513383928
0.8307480078612495,0.16925199213875053
0.8222531861018144,0.1777468138981857
0.8379525358887557,0.1620474641112441
0.8349429879197541,0.165057012080246
0.7748156072182139,0.22518439278178623
0.8599512312205437,0.14004876877945627
0.8102698491937828,0.18973015080621722
0.8051341396354071,0.19486586036459286
0.8193690874446066,0.18063091255539349
0.7986360949961135,0.20136390500388637
0.8455496282576942,0.15445037174230597
0.8620895841277642,0.13791041587223593
0.8547856870803467,0.14521431291965345
0.8501407573836469,0.14985924261635308
0.7969108092242442,0.2030891907757558
0.7483744993464388,0.25162550065356115
0.8511306244201404,0.1488693755798597
0.8461994368338767,0.15380056316612334
0.870267717955362,0.12973228204463796
0.8106122874534359,0.18938771254656414
0.771815066621851,0.22818493337814916
0.8856095323889487,0.1143904676110514
0.8056881911119798,0.1943118088880202
0.8377684966343216,0.16223150336567857
0.8565927809552413,0.14340721904475884
0.9195011037704951,0.08049889622950485
0.85009683144131,0.14990316855869001
0.7681473187364506,0.2318526812635495
0.8303511952123394,0.16964880478766065
0.8115825433249092,0.1884174566750909
0.8660927478797257,0.13390725212027435
0.9125337526202201,0.08746624737977993
0.8050856578206794,0.1949143421793206
0.7768303304700034,0.22316966952999648
0.881875544092013,0.11812445590798701
0.9306218181334031,0.06937818186659707
0.7438170661129782,0.256182933887022
0.8163891868716044,0.1836108131283955
0.7419921773008333,0.25800782269916667
0.8615031780829282,0.13849682191707188
0.8262889033630866,0.17371109663691336
0.7953060529271185,0.20469394707288155
0.7656554983178675,0.23434450168213247
0.8030473612881778,0.1969526387118222
0.8653863980846302,0.13461360191536978
0.9134914657722617,0.08650853422773822
0.7887259969319816,0.21127400306801827
0.7883007016761548,0.21169929832384518
0.8428322054419669,0.1571677945580332
0.8956949191742385,0.10430508082576166
0.925705601191534,0.07429439880846592
0.8333716590718024,0.16662834092819778
0.801604788570671,0.198395211429329
0.8955123648148159,0.10448763518518409
0.7988270383499939,0.20117296165000614
0.8226761140628486,0.17732388593715148
0.9304176582473018,0.06958234175269834
0.7948840213054336,0.20511597869456627
0.8300828026435652,0.16991719735643482
0.7824571489749358,0.2175428510250643
0.7917020122224261,0.20829798777757394
0.7913525003221564,0.2086474996778435
0.7733011167186084,0.22669888328139157
0.8256665693096698,0.17433343069033033
0.8321551135451295,0.16784488645487047
0.8326670371377283,0.16733296286227184
0.8193225708207995,0.1806774291792004
0.8851235601842481,0.1148764398157519
0.79778923590359,0.20221076409640995
0.8349430250785443,0.16505697492145555
0.8046572052462766,0.19534279475372354
0.9054385785159585,0.09456142148404142
0.8238684445427608,0.17613155545723935
0.9037197989773406,0.09628020102265943
0.8829933042349226,0.11700669576507745
0.8049249783276752,0.19507502167232477
0.8368724016060277,0.16312759839397237
0.7685208156721008,0.23147918432789927
0.7925134561596721,0.20748654384032789
0.803413244136514,0.19658675586348615
0.7588700895639944,0.24112991043600562
0.8275385579303821,0.17246144206961797
0.9315409544581252,0.0684590455418749
0.8278962746206984,0.17210372537930177
0.9580763206235151,0.04192367937648483
0.8436882379783366,0.15631176202166316
0.9055206596773937,0.09447934032260628
0.783049058889964,0.21695094111003596
0.8186649756716542,0.18133502432834567
0.8133123496134311,0.186687650386569
0.8547745501434437,0.14522544985655647
0.8547737845192396,0.1452262154807604
0.7655199632968304,0.2344800367031697
0.7582180270647991,0.24178197293520098
0.8470035644174142,0.15299643558258583
0.8412171877317757,0.1587828122682243
0.8565746347838495,0.14342536521615043
0.8062422311197944,0.1937577688802056
0.8445155424283349,0.15548445757166515
0.827208386755845,0.17279161324415485
0.7966135810952251,0.20338641890477496
0.7728207803886072,0.2271792196113927
0.8008950809181448,0.1991049190818552
0.8206869856052362,0.17931301439476377
0.8730461751147203,0.12695382488527968
0.8316925148379473,0.1683074851620527
0.8066511395209479,0.19334886047905211
0.7770009241311696,0.2229990758688304
0.8565022267795431,0.14349777322045695
0.8110550155338079,0.18894498446619215
0.8428063962696735,0.1571936037303266
0.8048035586774935,0.1951964413225065
0.8761540159362937,0.12384598406370619
0.8565853228209611,0.14341467717903905
0.7910725599374301,0.20892744006257005
0.796717895515222,0.20328210448477796
0.7598636575741256,0.24013634242587442
0.9635905836036727,0.03640941639632737
0.8221200988053892,0.1778799011946108
0.8789975325804456,0.12100246741955442
0.8277325766208351,0.17226742337916498
0.8759318190512996,0.1240681809487005
0.808999169321155,0.19100083067884496
0.7669130979361829,0.23308690206381708
0.7480085086168956,0.2519914913831042
0.8308003308004144,0.16919966919958565
0.8232336271899093,0.17676637281009097
0.7691682257267101,0.23083177427329007
0.8470473025510884,0.15295269744891157
0.8926409826208254,0.10735901737917469
0.8054763426196679,0.19452365738033195
0.795353056394323,0.20464694360567703
0.8825898242539676,0.11741017574603245
0.8565694816805115,0.1434305183194885
0.8039248475776447,0.19607515242235535
0.832911604344229,0.16708839565577133
0.7500346826335668,0.24996531736643335
0.7976558984653929,0.20234410153460727
0.8095089334887259,0.1904910665112741
0.8059388040418292,0.19406119595817092
0.8096965282535356,0.19030347174646442
0.8699601265314116,0.13003987346858828
0.7913542883318648,0.20864571166813517
0.8609663759650368,0.1390336240349632
0.7600072630180522,0.2399927369819478
0.7441181348271936,0.2558818651728065
0.8863661040641739,0.11363389593582611
0.8177255817939564,0.18227441820604373
0.8945913927285153,0.10540860727148485
0.8329417263702853,0.1670582736297147
0.9026728759969337,0.09732712400306633
0.8429152596595599,0.15708474034043998
0.7883888133616406,0.21161118663835946
0.8611299674975673,0.13887003250243277
0.8803675563301882,0.11963244366981182
0.8280208011370397,0.17197919886296045
0.8201029021823342,0.17989709781766583
0.7746041547424408,0.22539584525755924
0.9419356561658019,0.05806434383419829
0.8149238862275536,0.18507611377244654
0.8420509508605465,0.15794904913945343
0.7963122395612925,0.20368776043870754
0.9378063678309618,0.062193632169038185
0.7844970771746907,0.21550292282530933
0.8172759286722999,0.18272407132769997
0.8738780563340496,0.12612194366595034
0.9509653740679372,0.04903462593206271
0.9180658790423735,0.08193412095762657
0.8036113152428415,0.1963886847571584
0.8277024040346396,0.17229759596536046
0.8797302357931219,0.12026976420687803
0.7037278993200969,0.296272100679903
0.924279721757532,0.07572027824246795
0.7948717655088149,0.20512823449118525
0.873204942154843,0.126795057845157
0.7976654516918394,0.20233454830816047
0.8158123915553165,0.18418760844468351
0.8612521652715842,0.13874783472841584
0.7802458637401334,0.21975413625986667
0.8613587163504217,0.13864128364957834
0.7872332075855952,0.2127667924144047
0.848065605736158,0.15193439426384212
0.7688271859218175,0.23117281407818258
0.8788822113170849,0.1211177886829151
0.8374321367475075,0.16256786325249245
0.8225103118530578,0.17748968814694221
0.8927387161909675,0.10726128380903256
0.7875658399460204,0.21243416005397964
0.810385880988687,0.1896141190113127
0.7963109103669114,0.2036890896330887
0.9339643491971096,0.06603565080289044
0.7986420143604939,0.20135798563950608
0.8565736889263151,0.1434263110736849
0.8356783189252482,0.16432168107475179
0.8203166155137795,0.17968338448622057
0.8199382390211163,0.1800617609788837
0.8430630680178246,0.15693693198217534
0.8807707033447172,0.1192292966552827
0.8808159594268838,0.11918404057311617
0.8535795439726772,0.1464204560273228
0.8234497375108059,0.17655026248919392
0.8473256939035867,0.1526743060964133
0.8076123691725967,0.1923876308274034
0.8132098326840529,0.18679016731594716
0.8432592299121623,0.1567407700878378
0.8436053046082589,0.15639469539174122
0.8701630971723199,0.1298369028276801
0.896184187538598,0.103815812461402
0.774595163444844,0.22540483655515595
0.8251817533099137,0.17481824669008636
0.8474007835165136,0.15259921648348634
0.8565738642249094,0.14342613577509064
0.7835854408470282,0.21641455915297184
0.8470625757689488,0.15293742423105125
0.8565723300669917,0.1434276699330084
0.8221621641706643,0.17783783582933563
0.8004346101299304,0.19956538987006953
0.838913548162635,0.16108645183736492
0.812268297600908,0.18773170239909218
0.8421372547538576,0.15786274524614227
0.8944752565397418,0.10552474346025814
0.8420543080081585,0.15794569199184155
0.8234465831345537,0.17655341686544643
0.8000964954088156,0.1999035045911845
0.8732243278339791,0.12677567216602098
0.8876090321313438,0.1123909678686562
0.7943641266269083,0.2056358733730917
0.8466833108950167,0.15331668910498336
0.8334231702647271,0.1665768297352728
0.7664096776947212,0.23359032230527887
0.8337956155582487,0.1662043844417514
0.8369948822331843,0.16300511776681562
0.8516841595668256,0.14831584043317445
0.8036387404176581,0.196361259582342
0.8054400242464853,0.19455997575351472
0.8518138583569033,0.14818614164309668
0.8176403860709577,0.18235961392904232
0.8190130210715584,0.18098697892844157
0.7608857554638849,0.23911424453611518
0.8094630282673622,0.190536971732638
0.8786495315495202,0.12135046845047975
0.8135113806348675,0.1864886193651325
0.8049207621998746,0.1950792378001254
0.7634738276623207,0.2365261723376793
0.8302986473892044,0.16970135261079553
0.8379525684164792,0.16204743158352072
0.8386686148680156,0.16133138513198444
0.7787342306447892,0.2212657693552107
0.863802169463873,0.13619783053612694
0.9022646080702543,0.09773539192974562
0.8080043340802163,0.19199566591978362
0.8347212746388827,0.16527872536111735
0.7583200413735811,0.24167995862641886
0.7973292329949896,0.20267076700501038
0.795579299936213,0.20442070006378693
0.8316321931034435,0.16836780689655642
0.8614126827919992,0.1385873172080009
0.7906833889038282,0.2093166110961719
0.7894318229010896,0.2105681770989104
0.8455726263651707,0.15442737363482928
0.7899518622448277,0.2100481377551723
0.8848601278454156,0.11513987215458447
0.8348332422752577,0.16516675772474235
0.866363285407203,0.13363671459279705
0.7991972968732997,0.20080270312670043
0.8879580735149576,0.11204192648504258
0.7906840301978911,0.20931596980210876
0.8616720385407427,0.13832796145925727
0.8038616369517583,0.1961383630482419
0.7639017797357825,0.2360982202642173
0.7969312076550087,0.20306879234499148
0.8809082663548804,0.11909173364511962
0.814902544141238,0.18509745585876197
0.8438149642887467,0.1561850357112534
0.8208830127042889,0.17911698729571118
0.8006180844774455,0.1993819155225545
0.7716445100579368,0.22835548994206345
0.8138857326083866,0.18611426739161338
0.876715492693183,0.12328450730681687
0.8150057539907583,0.18499424600924166
0.7977607997242792,0.20223920027572093
0.7704622595421826,0.22953774045781739
0.7878806984524528,0.21211930154754732
0.800105818307483,0.199894181692517
0.8543996085718064,0.1456003914281937
0.790709801406858,0.20929019859314194
0.7492689782716028,0.2507310217283972
0.7782249567487065,0.2217750432512936
0.832512082459721,0.16748791754027897
0.8851256618116219,0.11487433818837807
0.8100458749880342,0.18995412501196574
0.9163551082097616,0.0836448917902382
0.799807654629733,0.20019234537026706
0.8241626992389952,0.17583730076100468
0.8468488508127733,0.15315114918722664
0.8153493025636396,0.1846506974363603
0.8138666041581148,0.18613339584188518
0.770506087728267,0.229493912271733
0.806588246023775,0.19341175397622504
0.8193834007789473,0.18061659922105283
0.9267033736636897,0.07329662633631027
0.7437876697398891,0.2562123302601108
0.8707770213387775,0.1292229786612226
0.8661979137133039,0.13380208628669615
0.8518940067641673,0.14810599323583268
0.8468962800940276,0.1531037199059725
0.8647936763766834,0.1352063236233168
0.8139613174494814,0.1860386825505186
0.8103857091086583,0.18961429089134185
0.8230762431887131,0.17692375681128694
0.7458021947105662,0.25419780528943375
0.8296393983773301,0.17036060162266986
0.8272048966377177,0.17279510336228232
0.7812188822010538,0.21878111779894602
0.8286419092645679,0.17135809073543207
0.8035899185679617,0.19641008143203842
0.8640749433359138,0.1359250566640862
0.7830696901021724,0.21693030989782752
0.8020277666037008,0.19797223339629924
0.7900759512715917,0.20992404872840847
0.7473315068602985,0.2526684931397014
0.8936125946516051,0.10638740534839486
0.8476240436612549,0.15237595633874523
0.8286415968647444,0.17135840313525566
0.7761546569494775,0.22384534305052242
0.8420985607224255,0.15790143927757436
0.7590450587510937,0.2409549412489063
0.9346861445438792,0.065313855456121
0.8387732308450534,0.16122676915494652
0.8657246795771953,0.13427532042280454
0.8290160045558445,0.17098399544415555
0.8108068105241092,0.18919318947589076
0.7994728028211799,0.20052719717882006
0.7865652040827797,0.21343479591722045
0.8422174935348719,0.15778250646512812
0.8339049376890486,0.16609506231095145
0.8565760338930872,0.14342396610691274
0.8066473257627692,0.19335267423723082
0.85178834089605,0.14821165910395012
0.8259819372457271,0.17401806275427306
0.856414889922288,0.14358511007771205
0.8518410521242817,0.14815894787571826
0.8225377268288125,0.17746227317118762
0.827538708377296,0.17246129162270388
0.822697813364554,0.17730218663544597
0.8054237046558188,0.19457629534418125
0.749526210224878,0.25047378977512225
0.7574049823156853,0.24259501768431477
0.943767352292093,0.05623264770790709
0.8018915615636438,0.1981084384363562
0.7714510802693261,0.228548919730674
0.861582812394398,0.13841718760560193
0.9028916132686279,0.0971083867313722
0.8084658221922031,0.191534177807797
0.8195327022813761,0.1804672977186239
0.7645861384327177,0.2354138615672823
0.8378643954278594,0.16213560457214077
0.8920375955674347,0.10796240443256547
0.8551660288518316,0.14483397114816846
0.7538134587125369,0.24618654128746298
0.8323769615355835,0.1676230384644165
0.7994695268889624,0.2005304731110376
0.8212514311045483,0.17874856889545168
0.8897495022427967,0.11025049775720333
0.791595149320649,0.20840485067935102
0.8565786581790363,0.14342134182096372
0.8056423294442553,0.19435767055574465
0.9308683532115144,0.06913164678848555
0.8424541591215204,0.1575458408784795
0.8471088570563642,0.15289114294363582
0.8073517778765732,0.19264822212342683
0.8310148213817317,0.16898517861826848
0.8189840225300211,0.1810159774699788
0.8610921346047962,0.138907865395204
0.9401550571935208,0.059844942806479236
0.9197800242068843,0.08021997579311574
0.861280006826567,0.13871999317343298
0.8552847109801852,0.14471528901981473
0.8185039737969764,0.1814960262030237
0.7830142438597759,0.2169857561402242
0.8222531203110068,0.17774687968899314
0.7779586620289335,0.2220413379710667
0.8424542724542003,0.15754572754579965
0.816725624822752,0.18327437517724782
0.8029098924195314,0.19709010758046872
0.7837654998224353,0.21623450017756476
0.8654518121883484,0.13454818781165157
0.9024106112619593,0.09758938873804078
0.8703896619239483,0.12961033807605174
0.8056436490239192,0.19435635097608092
0.7669796761023041,0.233020323897696
0.8164483288719664,0.1835516711280336
0.7495214310643453,0.2504785689356545
0.8325156230337472,0.1674843769662527
0.8371034658500185,0.16289653414998165
0.8521574631861198,0.14784253681388007
0.766397843837545,0.23360215616245505
0.847103479988178,0.1528965200118221
0.8966488515249702,0.10335114847502973
0.7833987773373464,0.21660122266265375
0.8350553179927989,0.16494468200720125
0.8037044854233294,0.19629551457667063
0.8025347907486033,0.19746520925139663
0.8064954671171377,0.19350453288286212
0.823808426923194,0.17619157307680608
0.8403876831924884,0.15961231680751145
0.8565730671089338,0.14342693289106626
0.7617304959050691,0.23826950409493083
0.9156247700114751,0.08437522998852486
0.896414631000714,0.10358536899928618
0.7923844073509532,0.2076155926490469
0.8180996132550604,0.18190038674493963
0.8493658511155153,0.15063414888448476
0.8151291449787982,0.18487085502120176
0.8331735580317244,0.16682644196827562
0.7778806645038573,0.22211933549614282
0.8717772069949791,0.12822279300502099
0.7329915796717661,0.26700842032823374
0.8577123006012931,0.1422876993987069
0.7830681886962135,0.2169318113037864
0.8219125868008571,0.17808741319914287
0.8184409013113544,0.18155909868864567
0.8082856685393223,0.1917143314606779
0.8792425178830389,0.12075748211696115
0.7840172400949361,0.21598275990506363
0.8757148787276945,0.12428512127230543
0.8113472550322114,0.18865274496778878
0.8221385861870929,0.17786141381290715
0.8189685108740034,0.18103148912599665
0.8312581140076976,0.16874188599230242
0.8132193146825359,0.18678068531746392
0.7856182123605002,0.2143817876395
0.83316961492468,0.16683038507532022
0.8610681537021592,0.13893184629784083
0.8248897294660759,0.1751102705339242
0.8051792528166727,0.1948207471833273
0.8898774115911845,0.11012258840881547
0.7837655135060658,0.21623448649393412
0.8531215137461965,0.1468784862538034
0.8416333140757688,0.15836668592423114
0.861439121043934,0.13856087895606603
0.8081825142684348,0.19181748573156535
0.8672771804423064,0.13272281955769363
0.7600071161510602,0.23999288384893983
0.8297952602352187,0.17020473976478126
0.7922854565462796,0.20771454345372053
0.9202821008849312,0.07971789911506874
0.8190166782057683,0.18098332179423177
0.8318173029351799,0.16818269706482009
0.8144557719857823,0.1855442280142176
0.8935737509855324,0.1064262490144675
0.8574811939737155,0.1425188060262845
0.7727817258343832,0.22721827416561666
