CT-7,CT-1
0.36547705251723517,0.6345229474827648
0.28880940454809495,0.7111905954519051
0.5466796847025036,0.45332031529749645
0.5382024710645812,0.4617975289354188
5.551115123125783e-17,1.0
0.1924770604363231,0.8075229395636769
0.5714873093877956,0.42851269061220415
0.20171791623586421,0.7982820837641357
0.49811897132643396,0.5018810286735661
0.5312240724590493,0.4687759275409507
0.22878421622619197,0.7712157837738083
8.326672684688674e-17,1.0
0.4656885758829956,0.5343114241170044
0.027473867009487826,0.9725261329905122
0.365856498676661,0.6341435013233391
0.48590413754488354,0.5140958624551164
0.2960716172614862,0.703928382738514
0.43851732424693174,0.5614826757530682
0.2006001458305553,0.7993998541694447
0.4304438661243331,0.569556133875667
0.43464561012372643,0.5653543898762736
0.2795457782184462,0.7204542217815539
0.5886534472890728,0.4113465527109273
0.28758652019247083,0.7124134798075291
0.5,0.5
0.25116394755604143,0.7488360524439586
0.37376269861568934,0.6262373013843107
0.36465347597981435,0.6353465240201858
0.5014027158123874,0.49859728418761284
0.42875937169098977,0.5712406283090099
0.25029461693948635,0.7497053830605135
0.5588752552229301,0.4411247447770699
0.4540422096485472,0.5459577903514528
0.38656210624994647,0.6134378937500538
0.5493842644022937,0.4506157355977064
0.6752855696495107,0.32471443035048925
0.14393870047311497,0.856061299526885
0.40498912050051,0.59501087949949
0.4238037978237163,0.5761962021762838
0.43626013180954926,0.5637398681904507
0.4367677303571712,0.5632322696428288
0.05996259342791605,0.9400374065720839
0.2295581832607406,0.7704418167392594
0.1748617928773649,0.825138207122635
0.5582534670130065,0.44174653298699346
0.37969741111554295,0.6203025888844571
1.6653345369377348e-16,0.9999999999999999
0.2908828692870221,0.7091171307129779
0.46021992908195847,0.5397800709180415
0.37720211511048285,0.622797884889517
0.27951120004765523,0.7204887999523448
0.3231861630276137,0.6768138369723863
0.5,0.5
0.274975864556053,0.7250241354439468
0.4889589673640563,0.5110410326359438
0.5639444791607644,0.4360555208392358
0.17599300137590623,0.8240069986240938
0.31645960218695646,0.6835403978130435
0.6942959730811722,0.3057040269188277
0.0,1.0
0.17458188648040335,0.8254181135195967
0.29111549793937974,0.7088845020606204
0.03933481175186233,0.9606651882481376
0.4223438490220706,0.5776561509779293
0.45215534341496133,0.5478446565850388
0.0,1.0
0.4362698410134909,0.563730158986509
0.5306635250715662,0.4693364749284337
0.3237485146865766,0.6762514853134233
0.0,1.0
0.419169035916439,0.580830964083561
0.46017732821002433,0.5398226717899758
0.48472359207196797,0.5152764079280322
0.0,1.0
0.0,1.0
0.4226401629191647,0.5773598370808353
0.0,1.0
0.5,0.5
0.31088643569681024,0.6891135643031896
0.2624731080224701,0.7375268919775299
0.5563991186003836,0.44360088139961656
5.551115123125783e-17,1.0
0.48339653615314954,0.5166034638468504
0.621250056925395,0.37874994307460463
0.08087775918826742,0.9191222408117327
0.5895137012010824,0.41048629879891757
0.5,0.5
0.0,1.0
0.5115864006802431,0.4884135993197569
0.32831902652870065,0.6716809734712994
1.1102230246251565e-16,1.0
0.41994960758940564,0.5800503924105943
0.6170405474057485,0.38295945259425146
0.0,1.0
0.20529645651858353,0.7947035434814165
0.5266318442029878,0.47336815579701214
0.5511681194441449,0.44883188055585505
0.5684774645369841,0.4315225354630158
0.5202538452319598,0.4797461547680401
0.0,1.0
0.5890099308752602,0.4109900691247401
0.23606690618801554,0.7639330938119845
0.5748156696843885,0.42518433031561165
0.5205295962268757,0.4794704037731243
0.27111704939618686,0.728882950603813
0.0,1.0
0.45981974154446636,0.5401802584555336
0.5750876951438947,0.42491230485610526
0.18411314873248694,0.8158868512675129
0.5,0.5
0.5398461087172401,0.46015389128275985
0.3941761816817161,0.6058238183182837
0.3944467125109663,0.6055532874890337
0.4478286888178896,0.5521713111821104
0.3867100948068135,0.6132899051931865
0.0,1.0
0.09928592664392885,0.9007140733560711
0.19883870187054906,0.8011612981294508
0.254841796177558,0.7451582038224422
0.21533107638780563,0.7846689236121944
0.47912478776633555,0.5208752122336643
0.4427234732685387,0.5572765267314614
0.4735352866132166,0.5264647133867832
0.5823121757693414,0.41768782423065876
0.46226472099070703,0.537735279009293
0.1879659064199833,0.8120340935800167
0.2607306568331909,0.7392693431668091
0.3927275534647966,0.6072724465352032
0.5209777693453659,0.47902223065463423
0.6071105146571282,0.39288948534287155
0.3842779223362519,0.615722077663748
0.417783580742024,0.5822164192579758
0.5371524642668428,0.4628475357331572
0.5205551675240546,0.47944483247594544
0.527796578286697,0.472203421713303
0.4627552251337232,0.5372447748662768
0.5989502232925912,0.4010497767074089
0.2907502960577036,0.7092497039422964
0.6244401010863643,0.3755598989136357
0.09202730730670365,0.9079726926932964
0.40525781737418654,0.5947421826258136
0.41862242786123977,0.5813775721387603
0.34259361626954243,0.6574063837304578
0.4815625573505694,0.5184374426494306
0.2870446258535702,0.7129553741464298
0.34116993853946365,0.6588300614605365
0.4135789199144713,0.5864210800855286
8.326672684688674e-17,1.0
0.4130488709036868,0.5869511290963131
4.163336342344337e-17,0.9999999999999999
0.6151732354979101,0.3848267645020898
0.09011134925813437,0.9098886507418658
0.3586833439035474,0.6413166560964526
0.3687665257602931,0.6312334742397069
0.2536028308369447,0.7463971691630553
0.34313632166695685,0.6568636783330432
0.20591160958059587,0.7940883904194042
0.42032565007287753,0.5796743499271224
0.4437823192981535,0.5562176807018464
0.3494953187182547,0.6505046812817453
0.32273579978263517,0.6772642002173649
0.16787720896901553,0.8321227910309844
0.0,1.0
2.7755575615628914e-17,1.0
0.5,0.5
0.6002284033021776,0.3997715966978223
0.0,1.0
0.484418067570326,0.5155819324296739
0.0,1.0
0.36786081068186793,0.6321391893181321
0.14731660621999734,0.8526833937800026
0.5881203251358545,0.4118796748641454
0.2105960063759764,0.7894039936240236
0.28812702980771354,0.7118729701922863
0.3743432571779112,0.6256567428220887
0.5689702880927717,0.4310297119072283
0.32232140843086754,0.6776785915691323
0.6071689254052002,0.3928310745947999
0.4056588198370285,0.5943411801629714
0.41338450351804296,0.5866154964819571
0.4984498314427132,0.5015501685572871
0.5254613883047209,0.47453861169527906
0.5243014383344256,0.47569856166557445
0.12357411935011806,0.876425880649882
0.0,1.0
0.47360949751372156,0.5263905024862784
0.2807851682010223,0.719214831798978
0.32821147612514945,0.6717885238748504
0.38177060336563734,0.6182293966343627
0.3185862125309605,0.6814137874690396
0.4023930404310252,0.5976069595689748
0.11507268374317847,0.8849273162568216
0.3450131521143529,0.6549868478856468
0.5936777794379493,0.4063222205620507
0.3521927752135826,0.6478072247864174
0.2616984645626711,0.7383015354373288
0.520146155970338,0.4798538440296619
0.2122740797956904,0.7877259202043096
0.29033701050889177,0.7096629894911083
0.4733125011564376,0.5266874988435624
0.47263054240338204,0.5273694575966179
3.0531133177191805e-16,0.9999999999999997
0.3217846608603139,0.678215339139686
0.5533663210034583,0.44663367899654177
0.43789205585157787,0.5621079441484221
0.11338935732985,0.88661064267015
0.385060838114318,0.6149391618856821
0.0,1.0
0.4089886263449779,0.5910113736550221
0.5704383652873039,0.4295616347126963
0.5084221407112619,0.4915778592887381
0.37864180749051224,0.6213581925094879
0.08823440391383436,0.9117655960861656
0.531365529445307,0.4686344705546929
0.615875961114918,0.38412403888508206
0.0,1.0
0.4224221525646634,0.5775778474353367
0.365291263637698,0.6347087363623021
0.07502278743583841,0.9249772125641615
0.4291825234855364,0.5708174765144635
0.3449066446476256,0.6550933553523746
1.1102230246251565e-16,1.0
0.47149374740868194,0.5285062525913181
0.432311467774443,0.5676885322255569
0.39946172234660055,0.6005382776533995
0.5040082007921417,0.49599179920785824
0.0,1.0
0.47414089562416173,0.5258591043758384
0.4747771050418427,0.5252228949581572
0.0,1.0
0.16673867857552804,0.833261321424472
0.0,1.0
0.5480005461583041,0.4519994538416958
0.050588527621877356,0.9494114723781226
0.4143087058910684,0.5856912941089315
0.47327010165779,0.5267298983422101
0.0,1.0
0.1088956991081189,0.8911043008918812
0.02268867382188407,0.9773113261781158
5.551115123125783e-17,1.0
0.49424657468151545,0.5057534253184846
0.3387627873821134,0.6612372126178866
0.4260020000736116,0.5739979999263883
0.3235002117672096,0.6764997882327904
0.5522251041157724,0.44777489588422753
0.3830759834854982,0.6169240165145018
0.4220446822528092,0.5779553177471907
0.4934759684187699,0.50652403158123
0.5872339903912274,0.41276600960877263
0.5140737641975284,0.48592623580247163
0.4295960922948536,0.5704039077051464
0.3968369944515386,0.6031630055484614
0.17339387356496694,0.8266061264350331
0.5,0.5
5.551115123125783e-17,1.0
0.40600931917924316,0.5939906808207568
0.04635290189056846,0.9536470981094316
0.36554716248981756,0.6344528375101823
0.24219858687017004,0.75780141312983
0.6557866783382529,0.3442133216617472
0.49228254149644596,0.5077174585035541
0.4199410061364509,0.5800589938635492
0.39297022740627446,0.6070297725937254
0.16299644624942564,0.8370035537505741
0.23586045051975724,0.7641395494802428
0.527178273886946,0.472821726113054
0.588546329296274,0.41145367070372596
0.188376830912689,0.811623169087311
0.4676903424360259,0.5323096575639743
0.43560182916445156,0.5643981708355486
0.0,1.0
0.3726126967798721,0.627387303220128
0.34807942333660935,0.6519205766633908
0.41445646425226135,0.5855435357477385
0.18765452359632345,0.8123454764036765
0.5,0.5
0.391279653887436,0.608720346112564
0.0,1.0
0.43629914245333484,0.5637008575466652
0.36914195846858994,0.6308580415314103
0.4041178675149191,0.5958821324850809
0.19990794470714554,0.8000920552928542
0.4456584749645649,0.5543415250354351
0.3587195001867063,0.6412804998132938
0.538434245448426,0.46156575455157395
0.5156871406331378,0.4843128593668623
0.6021689433040968,0.39783105669590335
0.0,1.0
0.4102488612272604,0.5897511387727395
5.551115123125783e-17,1.0
0.41807049275567587,0.5819295072443242
0.3880295740559892,0.611970425944011
0.6948098468815118,0.30519015311848835
4.163336342344337e-17,1.0
0.16778194887880069,0.8322180511211993
0.5178998729270762,0.4821001270729239
0.4061593801901124,0.5938406198098876
0.4738474292392405,0.5261525707607592
0.46746219574182035,0.5325378042581798
0.3173549118498907,0.6826450881501094
0.10638046310982993,0.89361953689017
0.479341807975447,0.520658192024553
0.4359856381007929,0.5640143618992071
0.43610941283445687,0.5638905871655431
0.4809550505290333,0.5190449494709666
0.41942972146987767,0.5805702785301222
0.3814308629885957,0.6185691370114041
0.4048008427772133,0.5951991572227868
5.551115123125783e-17,1.0
0.3372267007804598,0.6627732992195402
0.42383638911154525,0.576163610888455
0.3939155979151712,0.6060844020848286
0.21272166025007336,0.7872783397499267
0.39441206255254385,0.6055879374474562
0.3894433044202325,0.6105566955797674
0.4336841723443224,0.5663158276556776
0.47469455652717923,0.5253054434728207
0.4264186711201632,0.5735813288798367
0.412736811083264,0.587263188916736
0.4209616903673171,0.5790383096326831
0.2640434049216662,0.7359565950783337
0.6183804180946533,0.3816195819053467
0.563280983540502,0.43671901645949796
0.3620555546091513,0.6379444453908486
0.22686564718989083,0.7731343528101091
0.32832240799648715,0.6716775920035128
0.19787412983983776,0.8021258701601622
0.44497520445272104,0.5550247955472789
0.3955196360038867,0.6044803639961133
0.41780444932585825,0.5821955506741417
0.5804497129811472,0.4195502870188528
0.5285938910020306,0.47140610899796953
0.32706102605916615,0.6729389739408337
0.5,0.5
1.1102230246251565e-16,1.0
0.5252568164949838,0.4747431835050162
0.31356505255404554,0.6864349474459543
0.45084915719977064,0.5491508428002293
0.3088145635876921,0.6911854364123079
0.0,1.0
0.3785637004439422,0.6214362995560578
0.35334870642248584,0.6466512935775143
0.4589448496530716,0.5410551503469284
0.3927313294453367,0.6072686705546633
0.25236675855648055,0.7476332414435193
0.44782231542961454,0.5521776845703854
0.48180954721562713,0.5181904527843728
0.4300883567745677,0.5699116432254321
0.6298409829112559,0.37015901708874427
0.377524438903746,0.6224755610962541
0.484016888710246,0.5159831112897538
0.5204834622269365,0.4795165377730635
0.4834612820810557,0.5165387179189443
0.41067363946732044,0.5893263605326795
0.3544714717459743,0.6455285282540258
0.0,1.0
0.24107917860595185,0.7589208213940483
0.0,1.0
0.4418158337311792,0.5581841662688208
0.4428072454616548,0.5571927545383453
0.42627820366759717,0.5737217963324028
0.5930991685944075,0.4069008314055926
0.3778538039837562,0.6221461960162438
0.0,1.0
1.6653345369377348e-16,0.9999999999999999
0.46196049096287845,0.5380395090371217
0.45804644871637473,0.5419535512836255
0.5946556961934539,0.405344303806546
0.35908751493291236,0.6409124850670878
0.0,1.0
0.27376544526860674,0.7262345547313932
0.48459542200099887,0.5154045779990011
0.34902996964362426,0.6509700303563758
0.56916799260545,0.43083200739455
0.4436151935617812,0.5563848064382187
0.09518228839212751,0.9048177116078724
0.398115399883587,0.6018846001164131
0.5713787676498393,0.42862123235016086
0.49920528994882757,0.5007947100511724
0.1973727759999376,0.8026272240000624
0.4601932846278194,0.5398067153721805
0.5268693341741583,0.47313066582584173
0.492490355278521,0.507509644721479
0.6829453720883338,0.31705462791166633
0.3553890509931221,0.6446109490068778
7.216449660063518e-16,0.9999999999999993
0.3460054536643405,0.6539945463356597
0.6395136295131,0.3604863704869
0.0,1.0
0.21796191119276132,0.7820380888072387
1.0408340855860843e-16,0.9999999999999999
0.5350045449254089,0.46499545507459106
0.4942455634417335,0.5057544365582665
0.3740708231463135,0.6259291768536865
0.09783505488877335,0.9021649451112267
0.18125251066056725,0.8187474893394328
0.17507061781247374,0.8249293821875263
0.2940328590811481,0.7059671409188519
0.6337859707005107,0.36621402929948926
0.5382184478737104,0.46178155212628963
0.5081431522318662,0.4918568477681335
0.31981663674996014,0.68018336325004
0.4661372019535021,0.5338627980464978
0.3085965709683225,0.6914034290316776
0.0941893430781651,0.9058106569218347
0.5932477010627291,0.40675229893727105
0.0,1.0
0.42096957311259675,0.5790304268874034
0.3712537321633107,0.6287462678366893
0.0,1.0
0.5348854087020602,0.4651145912979397
0.540123996652705,0.459876003347295
0.5256733374573015,0.47432666254269856
0.5074970619753,0.49250293802469997
0.6717331939805873,0.3282668060194125
0.4578791029772693,0.5421208970227309
0.38655512284310845,0.6134448771568914
0.3194256275989419,0.680574372401058
0.5558486760645889,0.4441513239354114
0.4052379022357766,0.5947620977642234
0.4914241194859612,0.5085758805140388
0.0,0.9999999999999999
9.71445146547012e-17,1.0
0.26315140861793423,0.7368485913820658
0.23795414995838554,0.7620458500416145
0.1512657990007997,0.8487342009992004
0.033337468100865845,0.9666625318991342
0.35659790999352287,0.6434020900064771
0.43462278548941713,0.5653772145105829
0.5632637805559331,0.43673621944406693
0.2528979819058858,0.7471020180941144
0.04589052363952433,0.9541094763604757
0.3451294700437305,0.6548705299562695
0.2703131014185617,0.7296868985814383
0.6113882263287242,0.3886117736712757
0.3118410875198179,0.6881589124801821
0.39450427579975217,0.6054957242002479
0.31013162308264053,0.6898683769173595
1.6653345369377348e-16,1.0
0.5833881770959117,0.41661182290408805
0.33701152668815754,0.6629884733118426
0.5218452261102633,0.4781547738897367
0.3567389310755847,0.6432610689244154
0.09276247687947223,0.9072375231205279
0.5569708854696495,0.44302911453035054
0.22256814048982296,0.777431859510177
0.45881770243863657,0.5411822975613635
0.5636973145074309,0.4363026854925692
0.0,1.0
0.28417827954453023,0.7158217204554695
0.4972091706966893,0.5027908293033106
0.1920331957954248,0.8079668042045753
0.5986156836953305,0.4013843163046694
0.4603890420336227,0.5396109579663774
0.3886696983567703,0.6113303016432297
0.49591184607404987,0.5040881539259501
0.4045565613939952,0.5954434386060049
0.18665093359900045,0.8133490664009996
0.49689269919752693,0.5031073008024731
0.29075142424345807,0.7092485757565421
0.3596325794990091,0.6403674205009908
0.5795666039557653,0.42043339604423474
0.29079355210160507,0.7092064478983949
0.17274593479735248,0.8272540652026475
0.2717768403374875,0.7282231596625126
0.43625496988807694,0.5637450301119229
0.3469168171486891,0.6530831828513108
0.24156627869785308,0.7584337213021469
0.3499387945983438,0.6500612054016564
0.3806476825848222,0.6193523174151778
0.08826889194862253,0.9117311080513775
0.48272098952170134,0.5172790104782986
0.05966683796765677,0.9403331620323432
5.551115123125783e-17,0.9999999999999999
0.21453272742700816,0.785467272572992
0.4374690427982857,0.5625309572017144
0.26832847464504067,0.7316715253549592
0.584819544036767,0.415180455963233
0.3944354915490651,0.6055645084509349
0.4595644015755481,0.5404355984244522
0.16894982618766918,0.8310501738123309
0.36460241534233684,0.6353975846576633
0.3271938680001427,0.6728061319998574
0.35118589569798175,0.6488141043020182
0.5360337702452633,0.4639662297547365
0.14473214271580395,0.8552678572841961
0.39401176452277764,0.6059882354772224
0.4013096438999517,0.5986903561000483
0.15572654848206133,0.8442734515179388
0.2885800207576446,0.7114199792423553
0.487001644978629,0.5129983550213711
0.48740550945201416,0.5125944905479859
0.27833306630778853,0.7216669336922115
0.32621240518361033,0.6737875948163895
0.39085210246163427,0.6091478975383657
0.4010254671577338,0.5989745328422662
0.0,1.0
0.49856534464578806,0.5014346553542118
0.15864399040309485,0.8413560095969054
0.63228736878164,0.36771263121836006
0.17430297261919286,0.8256970273808072
3.3306690738754696e-16,0.9999999999999997
0.0,1.0
0.3750570390133121,0.6249429609866879
0.281479821844754,0.7185201781552457
0.3344241791870027,0.6655758208129973
8.326672684688674e-17,0.9999999999999999
0.47242728753144797,0.5275727124685521
0.36568871017765836,0.6343112898223416
0.5234828879518475,0.47651711204815256
0.4764098012079145,0.5235901987920857
0.0,1.0
0.11327495724090651,0.8867250427590935
0.5665656110937419,0.43343438890625813
0.5886965650725771,0.41130343492742305
0.6093812745767099,0.39061872542329035
0.3897335213770614,0.6102664786229385
0.42449334569135616,0.5755066543086439
0.396477887508528,0.6035221124914718
0.2480398222626958,0.7519601777373043
0.5959713867048286,0.4040286132951716
0.5051636519790504,0.4948363480209496
0.4545605635144493,0.5454394364855509
0.4715268682452546,0.5284731317547455
0.31556464142932134,0.6844353585706787
0.3974976981764235,0.6025023018235767
0.0,1.0
0.2937592462359248,0.7062407537640751
0.45536516692654144,0.5446348330734585
0.3813484555453176,0.6186515444546825
0.4679850963768089,0.5320149036231913
0.3444806561346322,0.6555193438653678
0.2483210665647155,0.7516789334352846
0.3383092800031949,0.6616907199968051
0.39272193439362674,0.6072780656063733
0.5301336686016225,0.46986633139837747
0.6308853062339347,0.3691146937660653
0.0,1.0
0.275552576170631,0.724447423829369
0.3777181127492499,0.6222818872507502
0.4789885436856726,0.5210114563143273
0.679047830095268,0.320952169904732
0.024549018846212474,0.9754509811537876
0.36922759773866554,0.6307724022613345
0.41582551971077913,0.5841744802892209
0.45570250236298304,0.544297497637017
5.551115123125783e-17,1.0
0.1887693074674839,0.8112306925325161
0.4095153993036645,0.5904846006963356
0.0,1.0
0.5252518751456698,0.47474812485433016
0.3260485881261356,0.6739514118738645
0.49454842463541576,0.5054515753645843
0.4362784617434243,0.5637215382565758
0.5065046981297443,0.4934953018702557
0.5986029806476967,0.40139701935230343
0.2039583732506173,0.7960416267493827
0.33219291958752706,0.667807080412473
0.5402802925300033,0.4597197074699967
0.4913827362121444,0.5086172637878555
0.19808704999773022,0.8019129500022699
1.1102230246251565e-16,1.0
0.4366095765592036,0.5633904234407963
0.6409169309999987,0.3590830690000014
0.09165375698223246,0.9083462430177677
0.3859498891979455,0.6140501108020545
0.6081005192582181,0.391899480741782
0.0,1.0
0.46702818807240803,0.5329718119275919
0.3801780758204493,0.6198219241795507
0.2945058180989393,0.7054941819010607
0.42991845900651565,0.5700815409934844
0.5972385784625747,0.4027614215374251
0.574537434005276,0.425462565994724
0.5018552978328377,0.4981447021671623
0.4166358450374231,0.5833641549625772
0.3953799176410031,0.6046200823589969
0.0,1.0
0.34605125000809794,0.653948749991902
0.0,1.0
0.46922825924454425,0.5307717407554557
0.665842443790034,0.33415755620996596
0.27024909025422716,0.7297509097457728
2.220446049250313e-16,0.9999999999999998
0.0,1.0
0.5142959966747416,0.4857040033252584
0.07472724286553376,0.9252727571344661
0.3536377706704543,0.6463622293295452
7.216449660063518e-16,0.9999999999999993
0.48398010100122935,0.5160198989987705
0.3217312273523052,0.6782687726476949
0.19316982379405248,0.8068301762059475
0.12492110035200418,0.875078899647996
0.0,1.0
0.2037880906421473,0.7962119093578526
0.21452668550880116,0.7854733144911988
0.22358627836165004,0.77641372163835
0.42736720732074074,0.5726327926792593
0.524246999280592,0.475753000719408
0.564695256548485,0.43530474345151504
0.0,1.0
0.49124370313327853,0.5087562968667215
0.0,1.0
0.19553407998439193,0.8044659200156081
0.39301185830079516,0.6069881416992048
0.40622746944427485,0.5937725305557251
0.0394203445139969,0.9605796554860032
0.4361812970994414,0.5638187029005586
0.4150466690935838,0.5849533309064162
0.09812711992097975,0.9018728800790202
0.41344902013253176,0.5865509798674684
0.20876780363934044,0.7912321963606596
0.5263967969146056,0.4736032030853945
0.3102126203594744,0.6897873796405254
0.43451845965660324,0.5654815403433967
0.3967725272145209,0.6032274727854792
0.517588586018589,0.48241141398141085
0.4150688364799693,0.5849311635200306
0.17968180497682568,0.8203181950231744
0.5,0.5
0.5887143489754977,0.4112856510245024
0.3687492722430696,0.6312507277569305
0.4847275846250825,0.5152724153749177
0.550383863582092,0.4496161364179078
0.48105410124982534,0.5189458987501746
0.4333948937166439,0.5666051062833561
0.5420442211231412,0.45795577887685884
5.551115123125783e-17,1.0
0.3306004451014268,0.6693995548985732
0.47643326143838405,0.523566738561616
0.2972017537000766,0.7027982462999232
0.35984058787823336,0.6401594121217665
0.39433883986435464,0.6056611601356454
0.31707901836595304,0.682920981634047
0.022914575030875132,0.9770854249691249
0.2908668000369202,0.7091331999630798
0.4476491840800347,0.5523508159199653
0.35869444465522293,0.6413055553447767
0.23677014238030825,0.7632298576196918
0.14958981418702408,0.850410185812976
0.2806491783505335,0.7193508216494665
0.335655068938877,0.6643449310611231
0.41919866715136345,0.5808013328486363
0.3466455390378683,0.6533544609621317
1.6653345369377348e-16,0.9999999999999999
0.5504807070213853,0.44951929297861504
0.218199723221817,0.7818002767781829
0.4296674486590914,0.5703325513409085
0.32736222672999615,0.672637773270004
0.27124305775844487,0.7287569422415552
0.4099162772806063,0.5900837227193936
0.2795353013264159,0.7204646986735839
0.0,1.0
0.5097214647823747,0.4902785352176252
0.4233399468282937,0.5766600531717068
0.1255214695223299,0.87447853047767
0.37885468514826004,0.62114531485174
0.5587563609193283,0.4412436390806715
0.44036690829568276,0.5596330917043171
0.5,0.5
0.5616535583356376,0.43834644166436226
0.2524937174218967,0.7475062825781034
0.4971056811161441,0.5028943188838559
0.4425817512786745,0.5574182487213256
0.3795864108182515,0.6204135891817486
0.1315273645901267,0.8684726354098732
0.03135463916641404,0.9686453608335859
0.0,1.0
0.48622664438834595,0.513773355611654
0.625928931579682,0.3740710684203181
0.5761150640941091,0.4238849359058909
0.4310629698596828,0.5689370301403174
0.37103118170489713,0.6289688182951026
0.241868338385512,0.758131661614488
0.3278323524361176,0.6721676475638827
0.47955891404804984,0.5204410859519503
0.290834602613629,0.7091653973863709
0.3626969362881052,0.6373030637118947
0.27418659782560373,0.7258134021743962
0.0,1.0
0.5025351497979214,0.49746485020207876
0.5438554742124364,0.4561445257875636
0.4980508767770637,0.5019491232229364
0.514382500328697,0.4856174996713029
0.5360088856186086,0.46399111438139135
0.24840060872005418,0.7515993912799459
0.14550144004375298,0.8544985599562469
0.2940242894823612,0.7059757105176389
0.4269678995296968,0.5730321004703032
0.5209987879186201,0.47900121208138013
0.3238916994020936,0.6761083005979064
0.4610064262963972,0.5389935737036026
0.6904053049957192,0.30959469500428105
0.14095975507417635,0.8590402449258236
0.0,1.0
0.6232518709488534,0.3767481290511467
0.2557594889707315,0.7442405110292685
0.47567569839930346,0.5243243016006967
0.3730623684823513,0.6269376315176487
0.38306208399499336,0.6169379160050068
0.43461963589444913,0.5653803641055508
0.1348494377996606,0.8651505622003394
0.16031935978644862,0.8396806402135515
0.012450832785500736,0.9875491672144993
0.132503389441704,0.8674966105582961
0.2633307378265192,0.7366692621734808
0.27552798672522744,0.7244720132747725
0.0,1.0
0.5547727663652382,0.4452272336347615
0.2514803398382172,0.7485196601617828
0.6797528085246506,0.3202471914753495
0.14218329093177337,0.8578167090682266
0.21815160548069898,0.781848394519301
0.0,1.0
0.1885249991055555,0.8114750008944447
0.27980559023703583,0.720194409762964
0.5232231846855872,0.4767768153144128
0.16430763914302812,0.835692360856972
0.4932929652794682,0.506707034720532
0.40628918292813326,0.5937108170718668
0.5539060384488179,0.4460939615511821
0.3453331278627081,0.6546668721372919
0.27700835913328015,0.7229916408667199
0.0,1.0
0.19637855076961278,0.8036214492303873
0.14594719514086704,0.8540528048591329
0.0,1.0
0.16420603850711757,0.8357939614928825
0.0,1.0
0.34999958198470954,0.6500004180152903
0.4688268323794495,0.5311731676205504
0.38594989478588104,0.614050105214119
0.49965992205789583,0.5003400779421041
0.33255426415356526,0.6674457358464349
0.43853963398446844,0.5614603660155315
0.23302232724308616,0.7669776727569138
0.5373547493621152,0.4626452506378848
0.21474191353605418,0.7852580864639458
0.22540084450257258,0.7745991554974275
0.5498253450917211,0.45017465490827896
1.1102230246251565e-16,1.0
0.3873894896172276,0.6126105103827725
1.1102230246251565e-16,1.0
0.023209389054225555,0.9767906109457746
0.2101827705456532,0.7898172294543467
0.43450545157943193,0.5654945484205681
0.6374618594884974,0.3625381405115024
0.49976678705433475,0.5002332129456654
0.3301113908047163,0.6698886091952836
0.5569733868975925,0.44302661310240754
0.0,1.0
0.2149662034330114,0.7850337965669885
0.22293974629388585,0.7770602537061141
0.42593311005316103,0.5740668899468391
0.3586395019920805,0.6413604980079195
0.18196106062546422,0.8180389393745358
0.0,1.0
0.2297174122856547,0.7702825877143452
0.47023889017937365,0.5297611098206263
0.5182293735001907,0.48177062649980934
0.5430417673796805,0.45695823262031937
0.351352629052487,0.648647370947513
0.5,0.5
0.6178717857136385,0.38212821428636146
0.23887982597424456,0.7611201740257555
0.3896011267527368,0.6103988732472633
0.6504790092678157,0.3495209907321844
0.0460925541984569,0.9539074458015431
0.307468812607399,0.692531187392601
0.21496087453654164,0.7850391254634583
0.525115526000884,0.47488447399911615
0.4367087917622474,0.5632912082377525
0.5389577167815487,0.46104228321845137
0.0,1.0
0.5585006249838584,0.44149937501614167
0.3545242215046814,0.6454757784953187
0.3924423923412843,0.6075576076587157
0.2315915798912083,0.7684084201087918
0.32935639628479624,0.6706436037152037
0.6026843221069205,0.3973156778930796
0.3585174561469845,0.6414825438530154
0.3896802182815416,0.6103197817184585
0.4641684193736453,0.5358315806263546
0.4089116860785595,0.5910883139214405
0.2688573779592337,0.7311426220407663
0.0,1.0
0.44058451671370336,0.5594154832862965
0.39052937234051127,0.6094706276594887
0.168679636298199,0.8313203637018011
0.0,1.0
0.0,1.0
0.0,1.0
0.2503073796380028,0.7496926203619972
0.4028621539542635,0.5971378460457364
0.40096668371553473,0.5990333162844653
0.5742411905505875,0.4257588094494126
0.48977003673863934,0.5102299632613607
0.3276795994618009,0.672320400538199
0.1941172146390758,0.8058827853609242
0.573462526424516,0.4265374735754839
8.326672684688674e-17,1.0
0.4250770207479635,0.5749229792520368
0.26740878339706503,0.7325912166029348
0.36598354530198096,0.6340164546980191
0.348488942719996,0.651511057280004
1.3877787807814457e-16,0.9999999999999999
0.31975041112334524,0.6802495888766545
0.5826625397694144,0.41733746023058566
0.240279859149639,0.759720140850361
0.0,1.0
0.43395672230977317,0.5660432776902268
0.3298522620863907,0.6701477379136094
0.0,1.0
0.21774101324200648,0.7822589867579934
0.3333926335857463,0.6666073664142537
0.3394550856004317,0.6605449143995683
0.5660164964238183,0.4339835035761816
0.43752107176325306,0.5624789282367471
0.36510230497997986,0.6348976950200202
0.0,1.0
0.3269322297803818,0.6730677702196182
0.29083615496522486,0.7091638450347753
0.45958068827381054,0.5404193117261894
0.6282520580869939,0.37174794191300614
0.31681450269870387,0.6831854973012961
0.4971692018071445,0.5028307981928554
0.493917599977833,0.506082400022167
0.3837580742337039,0.6162419257662961
0.6379342563558031,0.3620657436441969
0.21581828496177136,0.7841817150382286
3.122502256758253e-17,1.0
0.4655344450272071,0.5344655549727928
0.6732551986665591,0.32674480133344114
0.4527855296897921,0.547214470310208
0.23952207898347158,0.7604779210165286
0.23453878970154948,0.7654612102984505
0.4085572568272257,0.5914427431727743
0.36357995472968585,0.6364200452703141
0.3051902906553335,0.6948097093446667
0.34412576704336056,0.6558742329566394
0.318014356758982,0.6819856432410182
0.0,1.0
0.30293908070969017,0.69706091929031
0.5325974325549756,0.46740256744502434
0.41569091198232494,0.5843090880176752
0.48739504339415896,0.5126049566058409
0.49421823604447024,0.5057817639555297
0.5050694011151795,0.49493059888482044
0.22945992639825893,0.770540073601741
0.36536572224669445,0.6346342777533054
0.41588103487756584,0.5841189651224343
0.4609184468485173,0.5390815531514825
0.5640397759456497,0.4359602240543504
0.23706537035885403,0.7629346296411461
0.5495353410940714,0.45046465890592835
0.42475716853431905,0.5752428314656809
0.2513090504027406,0.7486909495972593
0.0,1.0
5.551115123125783e-17,1.0
0.2421508037383718,0.7578491962616282
0.21810355649431132,0.7818964435056888
0.46136491093579207,0.5386350890642081
0.296959007094206,0.703040992905794
0.4591198710544627,0.5408801289455373
0.2989492544594753,0.7010507455405248
0.4425000653623925,0.5574999346376076
0.2326645105237356,0.7673354894762643
0.2631207444588339,0.7368792555411662
0.49904247059803153,0.5009575294019685
0.2182054766277712,0.7817945233722288
0.38968015345256585,0.6103198465474341
0.5293046980823021,0.47069530191769793
0.29073814001274956,0.7092618599872503
0.3247702598658651,0.675229740134135
0.30995571238110553,0.6900442876188945
0.4544859033475866,0.5455140966524133
0.0,1.0
0.3293455654845815,0.6706544345154186
0.46800144640243646,0.5319985535975634
0.13734936920442659,0.8626506307955736
0.442325336423138,0.557674663576862
0.4939819766291372,0.5060180233708629
0.40404637566084156,0.5959536243391584
0.46249103265597774,0.5375089673440223
0.0,1.0
0.0,1.0
0.3552928491185875,0.6447071508814124
0.4135893556551022,0.5864106443448976
0.3910404544376792,0.6089595455623207
0.42255496304959234,0.5774450369504076
0.3389415688855884,0.6610584311144115
0.38214211191501246,0.6178578880849876
0.18361767943613022,0.8163823205638698
0.48785236677994703,0.5121476332200531
0.0,1.0
0.3827927538247834,0.6172072461752167
0.5365227329367837,0.4634772670632164
5.551115123125783e-17,1.0
0.5795911062136284,0.42040889378637153
0.3327055816642981,0.6672944183357019
0.0,1.0
0.3490027673878396,0.6509972326121606
0.38156258070567606,0.6184374192943239
0.3812002102141305,0.6187997897858696
0.48716722167326204,0.5128327783267381
0.6068026163338023,0.3931973836661977
0.2731746871166339,0.7268253128833662
0.39898788115313705,0.6010121188468629
0.3724619114963835,0.6275380885036166
0.32193868880180954,0.6780613111981904
0.5185352079570293,0.4814647920429707
0.35796991198756656,0.6420300880124336
0.5113306631799788,0.4886693368200213
5.551115123125783e-17,1.0
0.5,0.5
0.24931666882581566,0.7506833311741843
0.1182517725951919,0.8817482274048082
0.25661959148659896,0.7433804085134013
3.3306690738754696e-16,0.9999999999999998
0.3635547371342664,0.6364452628657338
0.39367928052961254,0.6063207194703875
0.46053494762921043,0.5394650523707896
0.5587486480808097,0.4412513519191902
0.5063369227298535,0.49366307727014647
0.3388102421849205,0.6611897578150795
0.5554575648242495,0.44454243517575043
0.4610092041764991,0.538990795823501
0.5175731937518494,0.48242680624815076
0.24793284225833284,0.752067157741667
0.245825640804578,0.754174359195422
0.34947849867276026,0.6505215013272398
0.26354271244189265,0.7364572875581075
0.4588869763333819,0.5411130236666182
0.48460060447972175,0.5153993955202784
0.0,1.0
0.3874476875634334,0.6125523124365667
0.5840933357790049,0.41590666422099515
0.0,1.0
0.579177663623211,0.4208223363767889
0.39039288268246164,0.6096071173175385
0.5139025953343651,0.48609740466563506
0.5505679564589613,0.4494320435410388
0.38408351619993375,0.6159164838000663
0.47539799865176613,0.524602001348234
2.220446049250313e-16,0.9999999999999998
0.5645729812595881,0.4354270187404117
0.3124628667440295,0.6875371332559707
0.43619175539356686,0.5638082446064331
0.3739063287754729,0.6260936712245272
0.688505960323152,0.31149403967684786
0.29083961646039314,0.709160383539607
0.51395484454922,0.48604515545078
0.44591532754319113,0.5540846724568089
0.43021867225285754,0.5697813277471424
0.31992535887417306,0.6800746411258269
2.7755575615628914e-17,1.0
0.45202448817777696,0.547975511822223
2.3592239273284576e-16,0.9999999999999997
0.4513438309926991,0.548656169007301
0.5261716159746218,0.47382838402537825
0.29886975248435294,0.7011302475156472
0.4839501744960519,0.5160498255039482
0.2819981882695771,0.7180018117304229
1.1102230246251565e-16,0.9999999999999998
0.12275075128592174,0.8772492487140783
0.3447578095932284,0.6552421904067718
0.4028461116315115,0.5971538883684885
0.48831866300874466,0.5116813369912554
0.3682696041511451,0.6317303958488547
0.06140479011525694,0.9385952098847431
0.5033531546530996,0.49664684534690046
0.6119338740908773,0.3880661259091229
0.3687665220350028,0.6312334779649972
0.2251161571140803,0.7748838428859197
0.0,1.0
0.0,1.0
0.20022677707069733,0.7997732229293028
0.2183487707378536,0.7816512292621465
0.4174358014278976,0.5825641985721024
0.4847275839586443,0.5152724160413557
0.12621926137131534,0.8737807386286846
0.4459864983158259,0.5540135016841742
0.39015222842294367,0.6098477715770563
0.449232830212536,0.5507671697874641
0.3196079453744929,0.6803920546255071
0.5418500844710545,0.4581499155289452
5.204170427930421e-18,1.0
0.4454072484130678,0.5545927515869322
0.4350097136811132,0.5649902863188868
0.39709505066275597,0.602904949337244
0.5404728499285352,0.4595271500714648
0.0,1.0
0.46256734531275356,0.5374326546872465
0.0,1.0
0.39686843202770933,0.6031315679722907
0.0,1.0
0.08690335571130828,0.9130966442886916
0.35932156283544436,0.6406784371645556
0.4208420902410633,0.5791579097589368
0.1606810241220449,0.839318975877955
0.4074955798852545,0.5925044201147455
0.2532465432339019,0.7467534567660981
0.37485117544365876,0.6251488245563411
0.15124060781722568,0.8487593921827744
0.034217585028740574,0.9657824149712595
0.0,1.0
0.48473565376484007,0.5152643462351598
0.5566403937054378,0.4433596062945622
0.3866680516780361,0.6133319483219641
0.4076843616961625,0.5923156383038374
0.0,1.0
0.3195924311394346,0.6804075688605654
0.47197649048209184,0.5280235095179082
0.2736819305363923,0.7263180694636079
0.5012072823347714,0.4987927176652286
0.2916970766710154,0.7083029233289846
0.5,0.5
0.5226041282982025,0.4773958717017974
0.38634487342640667,0.6136551265735932
0.4833301942401958,0.516669805759804
0.16276175947420055,0.8372382405257995
0.26826672847806415,0.7317332715219359
1.1102230246251565e-16,0.9999999999999999
0.0461583810784111,0.9538416189215889
1.5959455978986625e-16,0.9999999999999998
0.35418993973111235,0.6458100602688874
0.4393181975143747,0.5606818024856254
0.5816617033874221,0.418338296612578
0.0,1.0
0.4341538319407242,0.5658461680592759
0.4798847867629534,0.5201152132370466
0.40754163526456844,0.5924583647354316
0.2997792256639432,0.7002207743360567
0.47766087133817803,0.522339128661822
0.15865449031627005,0.8413455096837301
0.2947670788099964,0.7052329211900036
0.0,1.0
0.4711108399775825,0.5288891600224176
0.4258592127479579,0.5741407872520419
0.31792924079828366,0.6820707592017164
0.4576431745342225,0.5423568254657776
0.424484822615945,0.575515177384055
0.0,1.0
0.32532448147428794,0.6746755185257122
0.35599010724693325,0.6440098927530666
0.0,1.0
0.627889606772671,0.37211039322732925
0.5015192260206491,0.4984807739793509
0.4743435634183701,0.5256564365816301
0.12440096404987341,0.8755990359501266
0.2558425600385884,0.7441574399614116
0.6182808894624195,0.3817191105375803
0.5826672474858622,0.41733275251413793
0.0663468956681691,0.9336531043318308
0.5059963669330416,0.4940036330669585
0.0,1.0
0.291736858008049,0.708263141991951
0.4848453837872422,0.5151546162127578
0.22657293622433022,0.7734270637756697
0.0,1.0
0.6736365004008091,0.32636349959919086
0.36072447948640673,0.6392755205135933
0.09003342723580963,0.9099665727641905
0.5387799863405628,0.46122001365943704
0.3984650259066712,0.6015349740933288
0.4778826742152979,0.522117325784702
0.38962671927751097,0.6103732807224891
0.7095687101737227,0.2904312898262774
0.3237638458681883,0.6762361541318116
0.6436201798666826,0.3563798201333174
0.0,1.0
5.551115123125783e-17,1.0
0.4199618744521012,0.5800381255478988
0.16709847023437968,0.8329015297656204
0.40972050211614003,0.5902794978838597
0.551646616258693,0.4483533837413069
0.0,1.0
0.38887240993915223,0.6111275900608477
0.4698454249104258,0.5301545750895743
0.0,1.0
0.5433289742734206,0.4566710257265795
0.46051599341928223,0.5394840065807178
0.023520647408628147,0.9764793525913716
0.47571327801615926,0.5242867219838406
0.4362299523803658,0.5637700476196342
0.6833655963949371,0.316634403605063
0.36707306967605935,0.6329269303239403
0.6039306754787247,0.3960693245212752
0.0,1.0
0.47136614829987444,0.5286338517001256
0.35890975842210043,0.6410902415778995
0.5262053901298901,0.4737946098701099
0.5138750541818431,0.4861249458181569
0.3818798764991862,0.6181201235008139
0.49656130171481677,0.5034386982851832
0.18575719718834338,0.8142428028116566
0.3617028093747949,0.6382971906252051
0.517843926551189,0.48215607344881095
0.29083568524340203,0.7091643147565979
0.5170809585657719,0.4829190414342282
0.5497237502571362,0.45027624974286384
0.0,1.0
0.4241885582485839,0.5758114417514162
0.39880355378141363,0.6011964462185865
0.4362466596893496,0.5637533403106504
0.2841459629787405,0.7158540370212595
0.20187506691237217,0.7981249330876278
0.3079010986983479,0.6920989013016522
0.29086898157952445,0.7091310184204754
1.6653345369377348e-16,0.9999999999999999
0.4580716533916332,0.5419283466083669
0.3856795281171799,0.6143204718828201
5.551115123125783e-17,0.9999999999999999
0.3831818662971606,0.6168181337028393
0.41234663797201593,0.5876533620279841
0.14918975678725044,0.8508102432127497
0.575026695624431,0.42497330437556907
0.08716164821222462,0.9128383517877754
0.4126850704705284,0.5873149295294718
0.2967793017607604,0.7032206982392397
0.25634531535795263,0.7436546846420474
0.5724687029383644,0.42753129706163556
0.2002676725275373,0.7997323274724627
0.48202514583815065,0.5179748541618494
0.3284669137338945,0.6715330862661055
0.47741365717909595,0.522586342820904
0.18831629615999937,0.8116837038400008
0.2882262773789109,0.7117737226210893
0.39923508023421705,0.600764919765783
0.456860247025625,0.5431397529743751
0.3669007499036081,0.6330992500963919
0.2382411834217232,0.7617588165782768
2.498001805406602e-16,0.9999999999999999
0.632990624287285,0.3670093757127149
5.551115123125783e-17,1.0
0.2526050130821787,0.7473949869178215
0.4442831057749118,0.5557168942250883
0.33261008864098346,0.6673899113590166
0.08771626446989048,0.9122837355301096
0.45090703728550535,0.5490929627144949
0.4366946351871418,0.5633053648128582
0.0,1.0
0.41446438312773864,0.5855356168722614
0.66596508346831,0.33403491653169
0.4849229132914775,0.5150770867085225
0.44834921490648705,0.5516507850935131
0.32717622854895806,0.672823771451042
0.4675146925296074,0.5324853074703926
0.5445891452202997,0.4554108547797002
0.496749215934347,0.5032507840656529
0.37507510092109464,0.6249248990789054
0.6629668187330334,0.33703318126696635
0.33511162999287636,0.6648883700071238
0.4147774103439145,0.5852225896560856
0.0,1.0
0.7000815033067227,0.29991849669327725
0.2940362242111197,0.7059637757888803
0.0,1.0
0.4662959252946437,0.5337040747053562
0.5073006822250423,0.49269931777495757
0.5039172937714654,0.4960827062285345
0.3032801148547257,0.6967198851452739
0.34408414170653157,0.6559158582934684
0.3760543483826313,0.6239456516173686
0.4301665199631871,0.5698334800368131
0.0,1.0
6.938893903907228e-17,1.0
0.17059724529147036,0.8294027547085295
0.3337454697213301,0.6662545302786699
0.2880037554887302,0.71199624451127
0.2663816389561553,0.7336183610438447
0.21928916525661135,0.7807108347433885
0.45355452341502334,0.5464454765849766
0.3396830773115605,0.6603169226884394
0.42737816416147095,0.572621835838529
0.34887468778656333,0.6511253122134367
0.265598585743557,0.7344014142564429
0.45367727857973206,0.5463227214202678
0.4470148505985954,0.5529851494014048
0.09713548217223793,0.902864517827762
0.4954084526269575,0.5045915473730425
0.25610438191628904,0.743895618083711
0.30426866519540635,0.6957313348045936
0.5658431860371229,0.4341568139628773
0.3306399563922969,0.6693600436077031
0.46549896119433437,0.5345010388056658
0.4865824029984187,0.5134175970015814
0.5084539205036419,0.49154607949635815
0.3459501763556271,0.6540498236443728
0.3935615306145064,0.6064384693854936
0.47765927132064784,0.522340728679352
0.3362833587489902,0.6637166412510098
0.2713419179538088,0.7286580820461913
0.5239101137554408,0.47608988624455933
0.42111898481357396,0.5788810151864258
0.4222505173232074,0.5777494826767927
0.436298124894282,0.5637018751057179
0.025850760018085603,0.9741492399819145
0.4225183742354706,0.5774816257645293
0.37665508408277165,0.6233449159172284
0.42234067312277673,0.5776593268772232
0.5083689760552067,0.49163102394479324
0.0,1.0
0.6696915618250782,0.3303084381749219
0.44249211281738,0.5575078871826201
0.2803582718416177,0.7196417281583822
0.432879962986016,0.5671200370139842
0.48511248934793655,0.5148875106520633
0.44505386484340165,0.5549461351565985
0.26015601241018343,0.7398439875898166
0.08319446684944215,0.9168055331505578
0.27338064507574467,0.7266193549242556
1.3877787807814457e-17,1.0
0.4888254962692136,0.5111745037307868
0.30300579284485285,0.6969942071551471
0.4601493136012518,0.5398506863987481
0.5540753326184481,0.44592466738155206
0.0,1.0
0.20245489499084088,0.797545105009159
0.0,1.0
0.3260768869875912,0.6739231130124088
0.40924340604455584,0.5907565939554442
0.6141688336446457,0.3858311663553542
0.0,1.0
0.5339090515767251,0.4660909484232749
0.0,1.0
1.1796119636642288e-16,0.9999999999999999
0.43626239038109205,0.5637376096189078
0.38924951129704877,0.6107504887029511
0.5084857710150438,0.4915142289849562
3.885780586188048e-16,0.9999999999999997
0.4494740530596674,0.5505259469403323
0.2565315626138592,0.7434684373861409
0.35876734532289406,0.641232654677106
0.28219483915565036,0.7178051608443499
0.43719374945707257,0.5628062505429275
0.22206344555025126,0.7779365544497486
0.4241830139465505,0.5758169860534494
0.5223767317816521,0.47762326821834794
0.4055480419920961,0.5944519580079038
0.3563630619117112,0.6436369380882888
0.46775919324561166,0.5322408067543885
0.5818750282222506,0.4181249717777493
0.40035816796937135,0.5996418320306287
0.47549299194764016,0.5245070080523598
0.25327278590245,0.74672721409755
0.37433417338088526,0.6256658266191147
0.48185874790914873,0.5181412520908512
0.0,0.9999999999999999
0.2181217596496239,0.7818782403503761
0.36226462399816595,0.6377353760018342
0.0,1.0
0.3684037486325777,0.6315962513674226
0.0,1.0
0.21635403029087724,0.7836459697091228
0.4429451595110311,0.557054840488969
0.4206787285618005,0.5793212714381996
0.48139672842548953,0.5186032715745104
0.07126113114012436,0.9287388688598758
0.5877636148854285,0.4122363851145716
0.38375335446458353,0.6162466455354165
0.509784141919706,0.49021585808029394
0.2908361551036518,0.7091638448963482
0.3691760346416988,0.6308239653583013
0.5845721151974012,0.41542788480259873
0.46906557999691606,0.5309344200030839
0.4686303610224927,0.5313696389775071
0.2913387688869315,0.7086612311130686
0.0,1.0
0.4019316295161842,0.5980683704838158
0.5206879922920851,0.479312007707915
0.09186136510004456,0.9081386348999554
0.48936172795033245,0.5106382720496675
0.35255756715626174,0.6474424328437384
0.17705984900663155,0.8229401509933684
0.0,1.0
0.5,0.5
2.220446049250313e-16,0.9999999999999998
1.1102230246251565e-16,0.9999999999999999
0.339540722864118,0.660459277135882
0.26634939634300037,0.7336506036569995
2.7755575615628914e-17,1.0
0.4530119185672245,0.5469880814327757
0.37521120899474814,0.624788791005252
0.3786376815866708,0.6213623184133291
0.5001450973376632,0.4998549026623368
0.5561551090965032,0.4438448909034966
0.5799942768305719,0.420005723169428
1.5612511283791264e-16,1.0
0.5454494738387011,0.4545505261612991
0.5359054040273885,0.46409459597261155
0.3407768514486758,0.6592231485513242
0.26186192328270264,0.7381380767172975
0.20686833097483376,0.7931316690251663
0.4822015572546181,0.5177984427453819
0.42718316669175893,0.5728168333082412
0.3596949872276221,0.640305012772378
0.26014647910674715,0.7398535208932531
0.43464284425360283,0.5653571557463973
0.4977505049912167,0.5022494950087834
0.3599044680595398,0.6400955319404602
0.40930233275183975,0.5906976672481601
0.3199080177113364,0.6800919822886636
0.3859498938545586,0.6140501061454414
1.6653345369377348e-16,0.9999999999999999
0.015405359839904058,0.9845946401600961
0.3449705365960247,0.6550294634039755
0.38273079698922213,0.6172692030107779
0.5382304653782164,0.46176953462178355
0.4744895191735401,0.5255104808264601
2.914335439641036e-16,0.9999999999999997
4.0245584642661925e-16,0.9999999999999997
0.46109140045981833,0.5389085995401817
0.48522315775184754,0.5147768422481525
0.3417333879166167,0.6582666120833834
0.6494208867056488,0.35057911329435126
0.1403336750569317,0.8596663249430682
0.0,0.9999999999999999
0.5145874015404129,0.485412598459587
2.7755575615628914e-17,1.0
0.5135313632387921,0.48646863676120783
0.5253262560867142,0.47467374391328576
0.4356530928786324,0.5643469071213676
0.0,1.0
0.13099098532206901,0.8690090146779309
0.36447475368018617,0.6355252463198137
0.43625496988807694,0.5637450301119229
0.4551474857281737,0.5448525142718263
0.21357647050755896,0.7864235294924411
0.5938721939840494,0.4061278060159506
0.5693891094293049,0.43061089057069507
0.4210317696068397,0.5789682303931603
0.39546658906617643,0.6045334109338235
0.5363402343418765,0.4636597656581236
0.11191836825605277,0.8880816317439473
0.16552775684421386,0.834472243155786
0.3847602138974624,0.6152397861025376
0.29264068227782664,0.7073593177221735
0.6412367242698144,0.35876327573018546
0.37770912796880846,0.6222908720311915
0.3896887727064289,0.6103112272935709
0.2909702197960286,0.7090297802039714
0.4339476003825154,0.5660523996174847
0.12375286638728918,0.8762471336127108
0.3991200578969445,0.6008799421030555
0.43559693811502553,0.5644030618849745
0.5516482153823161,0.44835178461768393
0.0,1.0
0.5733180396747761,0.42668196032522393
0.48452165771658173,0.5154783422834183
5.551115123125783e-17,1.0
0.3071815727570053,0.6928184272429947
0.6135687861181665,0.3864312138818335
0.0,1.0
0.5991613866886019,0.40083861331139814
0.18651993076924372,0.8134800692307566
0.25179193332125827,0.748208066678742
0.24594306091228701,0.7540569390877129
0.30747380791833545,0.6925261920816644
0.49586789967349987,0.5041321003265002
0.3971150294869793,0.6028849705130206
0.4912441696085983,0.5087558303914014
0.0,1.0
2.7755575615628914e-16,0.9999999999999998
0.37067328928237037,0.6293267107176296
0.37247165615558975,0.6275283438444104
0.05141505296865399,0.9485849470313461
0.5009322806261479,0.499067719373852
0.4433925563170188,0.5566074436829812
0.6538292962814147,0.3461707037185852
0.21809902149880764,0.7819009785011923
0.21849300341624242,0.7815069965837578
0.2314011053402269,0.7685988946597732
0.3922772747824469,0.6077227252175531
0.6044950020970139,0.3955049979029859
0.2910378698428617,0.7089621301571383
0.3242973357694059,0.6757026642305942
0.33725957738559337,0.6627404226144067
0.49489690589676044,0.5051030941032396
0.3791877842968241,0.620812215703176
0.480578091813876,0.5194219081861242
0.26884011175103706,0.7311598882489628
0.26395807751072736,0.7360419224892727
0.0,1.0
0.6381000136863989,0.36189998631360126
0.3956421912036738,0.6043578087963262
0.0,1.0
0.0,1.0
0.3048796056129287,0.6951203943870714
0.5668099128099863,0.43319008719001384
0.3807835450297043,0.6192164549702958
0.4499316877173475,0.5500683122826524
0.2978857738574545,0.7021142261425456
0.35686733363444,0.6431326663655599
0.17929658138417762,0.8207034186158223
0.33919890176069023,0.6608010982393095
5.551115123125783e-17,0.9999999999999999
0.17214462342800962,0.8278553765719904
5.551115123125783e-17,1.0
0.5110438576045789,0.488956142395421
0.3722570012833692,0.6277429987166309
0.3943463098257779,0.6056536901742221
0.5456207140493883,0.45437928595061167
0.6182776248677013,0.38172237513229873
0.00839488371505545,0.9916051162849445
0.12374320848447552,0.8762567915155245
0.0,1.0
0.34492910653352726,0.6550708934664727
0.4840815697902995,0.5159184302097005
0.3306692048465829,0.669330795153417
0.4643674076616598,0.5356325923383402
0.37397523065399135,0.6260247693460086
0.0,1.0
0.4346997014283107,0.5653002985716894
0.41416242240679724,0.5858375775932025
0.5988609367361136,0.40113906326388626
0.04956366572535144,0.9504363342746484
0.48260428723190185,0.5173957127680981
0.0,1.0
0.6730136105734732,0.326986389426527
0.4270256106634404,0.5729743893365594
0.3288194934120605,0.6711805065879394
0.4453244979606488,0.5546755020393513
0.49517237653666063,0.5048276234633393
0.4134129451484743,0.5865870548515254
0.5261152754491812,0.4738847245508186
0.29379253614345513,0.7062074638565448
0.48595392654804864,0.5140460734519514
0.38336504477078315,0.6166349552292167
0.6034617135235504,0.39653828647644973
0.43647003046366845,0.5635299695363316
0.3473974266811837,0.6526025733188163
0.37883021123707306,0.6211697887629269
0.5357983945204328,0.4642016054795674
0.34637943400757637,0.6536205659924236
0.27311377626980093,0.7268862237301991
0.5039017823511237,0.49609821764887624
0.0,1.0
0.5625069831848485,0.43749301681515157
0.5956464317512006,0.4043535682487997
0.6272520782622153,0.37274792173778465
0.34571873123288593,0.654281268767114
0.4822575396741627,0.5177424603258374
0.22161515719427485,0.7783848428057253
0.5052497468056171,0.494750253194383
0.5056815215873989,0.49431847841260085
0.3312988423721012,0.6687011576278986
0.33242501275979186,0.6675749872402081
0.5,0.5
0.45289915604554976,0.5471008439544502
0.5212379695342624,0.47876203046573756
0.27081411015089507,0.7291858898491049
0.31509176863992516,0.684908231360075
0.5541937848540348,0.4458062151459652
1.1102230246251565e-16,0.9999999999999999
0.2937528638391366,0.706247136160863
5.551115123125783e-17,1.0
0.5597851106549201,0.4402148893450801
0.2491345169066689,0.7508654830933309
0.241267917689781,0.758732082310219
0.4613873484409237,0.5386126515590761
0.40692198894026727,0.5930780110597328
0.3262921161264751,0.6737078838735249
0.6260950274791709,0.3739049725208294
0.35584882076585755,0.6441511792341424
0.44633350714514536,0.5536664928548547
0.2700626623936791,0.729937337606321
0.48472777345490964,0.5152722265450903
0.3687312795102378,0.6312687204897623
0.31143250640240755,0.6885674935975924
0.443539472611366,0.5564605273886339
0.5933706313528333,0.4066293686471667
0.38785145972596746,0.6121485402740325
0.0,1.0
0.5639039827543009,0.436096017245699
0.4072671788120891,0.5927328211879108
0.4554141764088317,0.5445858235911684
0.2902804752878614,0.7097195247121385
0.20279707390215257,0.7972029260978476
0.4377648429314945,0.5622351570685057
0.45329265540879204,0.546707344591208
0.34133800289296723,0.6586619971070329
0.0,1.0
0.3943496545171802,0.6056503454828198
0.35352915013717023,0.6464708498628298
0.35344348208520193,0.646556517914798
0.2006150692444841,0.799384930755516
0.41195424976955364,0.5880457502304465
5.551115123125783e-17,0.9999999999999999
0.5971044395529636,0.40289556044703656
0.31665738966073015,0.6833426103392698
0.5485813222789981,0.45141867772100214
0.53205865432481,0.4679413456751899
0.4871221106701221,0.5128778893298781
0.6656307141825466,0.3343692858174534
0.6046346429872862,0.3953653570127139
0.3943542433063811,0.605645756693619
0.21800260527535534,0.7819973947246447
0.0,1.0
0.38011225909600616,0.6198877409039939
0.37009875887047006,0.62990124112953
0.3972734031918779,0.6027265968081219
0.3955149197241829,0.6044850802758172
8.326672684688674e-17,0.9999999999999999
5.551115123125783e-17,1.0
0.5,0.5
0.23950634642209545,0.7604936535779044
0.3943156972032038,0.6056843027967962
0.3595130191144503,0.6404869808855498
0.31505521924515295,0.684944780754847
0.45224105877228543,0.5477589412277145
0.5299725350687157,0.4700274649312844
0.4987182760082231,0.5012817239917768
2.914335439641036e-16,0.9999999999999998
0.5903417246214778,0.4096582753785224
0.55261859895109,0.44738140104890994
0.4286948729422053,0.5713051270577947
0.5289753769739279,0.47102462302607206
5.551115123125783e-17,1.0
0.47192871576677803,0.528071284233222
0.04514040390092959,0.9548595960990705
0.3506785894768339,0.6493214105231659
0.5170693384887235,0.4829306615112766
0.2939268564777976,0.7060731435222024
0.4449682301463201,0.5550317698536799
0.5384157489698383,0.46158425103016165
0.5625333407040778,0.4374666592959222
0.4535460370607793,0.5464539629392209
5.551115123125783e-17,1.0
0.3701029317572012,0.6298970682427989
0.39635904598981153,0.6036409540101885
0.11597509090085123,0.8840249090991488
0.41855125726903847,0.5814487427309615
0.4466117010992885,0.5533882989007115
0.3387446717100586,0.6612553282899414
0.3649578809370016,0.6350421190629985
0.5722274362389893,0.4277725637610108
0.3740377774365809,0.6259622225634192
0.28482233119433403,0.7151776688056658
0.5826456133490362,0.4173543866509639
0.2694425786303502,0.7305574213696497
0.0,1.0
0.5065438774837064,0.49345612251629345
0.38005054810696587,0.6199494518930343
0.3200123888624305,0.6799876111375696
0.5759370948412993,0.42406290515870065
0.0,1.0
0.39946170692514116,0.6005382930748587
0.5587010192598365,0.4412989807401636
0.16031891502282836,0.8396810849771718
0.5119323488229557,0.4880676511770443
0.4381643028499186,0.5618356971500814
0.3318821288628447,0.6681178711371553
0.5090750639264725,0.4909249360735274
0.4450842980079065,0.554915701992094
0.5649556523029341,0.4350443476970659
0.3524316520823533,0.6475683479176466
0.5001868916954845,0.49981310830451553
0.18502531564394759,0.8149746843560524
0.4589462979050106,0.5410537020949894
0.749624476979892,0.250375523020108
0.32794320890014234,0.6720567910998578
0.0,1.0
2.220446049250313e-16,0.9999999999999998
0.0007163164852567395,0.9992836835147433
0.526403983208983,0.47359601679101704
0.37399318962536066,0.6260068103746393
0.3840397166106154,0.6159602833893846
0.05917369793425289,0.9408263020657472
0.3166028952245835,0.6833971047754165
0.3437192367278625,0.6562807632721379
0.3378045605712343,0.6621954394287658
0.39450807877430266,0.6054919212256973
0.5383684995092516,0.46163150049074847
0.5572689475099228,0.4427310524900771
0.5506333689324657,0.4493666310675343
7.216449660063518e-16,0.9999999999999993
0.5749151700993781,0.425084829900622
0.31260302927567124,0.6873969707243287
0.3052688239191413,0.6947311760808588
0.36123311878691683,0.6387668812130832
0.4562026037840742,0.5437973962159258
0.024241501298531712,0.9757584987014682
0.37200110525240915,0.6279988947475909
0.2772201953635857,0.7227798046364141
0.5694362128307097,0.4305637871692902
2.7755575615628914e-17,1.0
0.5769749370359398,0.42302506296406023
0.4362524696697395,0.5637475303302605
0.41485238630708593,0.585147613692914
0.3257858624319906,0.6742141375680094
0.500430560875684,0.499569439124316
0.15362604369140873,0.8463739563085912
0.4964222721539599,0.50357772784604
0.6332242356331287,0.3667757643668714
0.41002974952862703,0.589970250471373
0.5482848724599009,0.4517151275400992
0.39740218989347664,0.6025978101065235
0.24822764860682286,0.7517723513931771
0.0,1.0
1.1102230246251565e-16,1.0
0.3732952465841501,0.6267047534158497
0.5599958224995037,0.4400041775004964
0.44516698557104817,0.5548330144289518
0.429292314160907,0.5707076858390927
0.34260288213567713,0.657397117864323
0.37136135122577824,0.6286386487742219
0.3760598335299477,0.6239401664700523
0.2942911257897584,0.7057088742102416
0.0,1.0
0.20669837415243317,0.7933016258475667
0.6240942603359647,0.3759057396640353
0.1942070775172119,0.8057929224827881
0.32774533249310883,0.6722546675068913
0.4392347231321117,0.5607652768678881
0.35798844030033633,0.6420115596996635
0.5257931036556803,0.47420689634431973
0.6395126858667576,0.3604873141332424
0.5184337940614513,0.48156620593854854
0.0,1.0
0.29685378899441345,0.7031462110055865
0.17451991477000672,0.8254800852299934
0.4192315657954287,0.5807684342045716
0.0,1.0
0.4308692335480962,0.569130766451904
0.4056642542924898,0.5943357457075102
0.0,1.0
0.26793161089799455,0.7320683891020053
0.40831404536830107,0.5916859546316987
0.14041208815789719,0.8595879118421028
0.17186013473649783,0.8281398652635021
5.551115123125783e-17,1.0
1.1102230246251565e-16,1.0
0.3167327993294589,0.6832672006705411
0.33186073977676844,0.6681392602232316
0.0,1.0
0.23426434548066763,0.7657356545193323
0.4351905905837639,0.564809409416236
0.509936939404454,0.49006306059554594
0.3838791764291732,0.6161208235708268
0.5145852131303399,0.48541478686966005
1.3877787807814457e-16,1.0
0.4456630698545901,0.5543369301454102
0.39163818373515086,0.6083618162648492
0.44740384518379844,0.5525961548162015
0.20551977745054104,0.794480222549459
0.43631569094870293,0.5636843090512971
0.1675896986681883,0.8324103013318117
0.5892332133317584,0.41076678666824135
0.1505601724396886,0.8494398275603113
0.3385933706372412,0.6614066293627587
1.1102230246251565e-16,0.9999999999999999
0.28831638619002964,0.7116836138099705
0.20336292637956493,0.796637073620435
0.5,0.5
0.26328132439462926,0.7367186756053707
0.11599169144652881,0.8840083085534711
0.5634240094510281,0.4365759905489718
0.3476827281461504,0.6523172718538496
0.39444091701824013,0.6055590829817598
0.0,1.0
8.326672684688674e-17,1.0
0.5360435029938265,0.46395649700617325
0.0,1.0
0.3079072993660425,0.6920927006339574
0.3841369134663912,0.6158630865336089
0.4428569872154498,0.5571430127845501
0.01776719145701955,0.9822328085429805
0.40600145428013834,0.5939985457198618
0.12712500561045648,0.8728749943895435
0.17215712804993666,0.8278428719500635
0.6763768076565094,0.32362319234349074
0.28707529431988216,0.7129247056801177
0.4506424157800071,0.5493575842199927
0.49781236297299036,0.5021876370270096
0.01125267076541173,0.9887473292345882
0.0,1.0
0.4837363925073023,0.5162636074926978
0.500765150650221,0.4992348493497791
0.3134301139019603,0.6865698860980398
0.4795478816937119,0.520452118306288
0.5043094655480694,0.4956905344519306
0.28812100019586645,0.7118789998041337
5.93275428784068e-16,0.9999999999999993
0.36776735249454046,0.6322326475054596
0.6525623075122635,0.34743769248773637
0.3025497939936675,0.6974502060063326
0.0,1.0
0.6040512023472168,0.3959487976527831
0.43032581683904886,0.5696741831609511
0.5128778949274854,0.4871221050725145
0.47917755300030274,0.5208224469996973
0.0,1.0
0.0,1.0
0.38768710170561443,0.6123128982943856
0.6453539767250647,0.35464602327493533
0.5340607709500033,0.46593922904999674
0.44880043220356336,0.5511995677964365
0.4630509528901899,0.5369490471098102
0.016020267410232564,0.9839797325897675
0.2956568685251914,0.7043431314748086
5.551115123125783e-17,1.0
0.3915350464103044,0.6084649535896955
0.0,1.0
0.40593489672083993,0.5940651032791601
0.3497417091314264,0.6502582908685736
0.0,1.0
0.5982885417515758,0.4017114582484243
0.217754088741867,0.782245911258133
0.5,0.5
0.25787630555145086,0.7421236944485491
0.0,1.0
0.0,1.0
0.45699901572227253,0.5430009842777274
0.5669929041243015,0.4330070958756988
0.3690859030146316,0.6309140969853686
0.5495857085565582,0.4504142914434417
0.5183873658699951,0.48161263413000494
0.0,1.0
0.3203087503851271,0.6796912496148731
0.27471578850847217,0.7252842114915279
0.42804153769336284,0.5719584623066373
0.33233982051836564,0.6676601794816345
0.37406873516738415,0.6259312648326159
0.5818693505089634,0.41813064949103657
0.5362607794667524,0.4637392205332475
0.5178163517057027,0.4821836482942971
0.1579389875519991,0.8420610124480009
0.29086458145494204,0.709135418545058
0.36912616361995143,0.6308738363800486
0.45793746790118345,0.5420625320988164
5.551115123125783e-17,1.0
0.286136906689931,0.713863093310069
0.37534569342498014,0.62465430657502
0.44691277570065785,0.5530872242993422
0.04581391370543801,0.9541860862945619
0.31324122613001193,0.6867587738699881
0.5275450255659969,0.47245497443400314
0.13048927337546024,0.8695107266245398
0.3571307225240153,0.6428692774759849
0.06903767151964188,0.9309623284803581
0.6710549346310793,0.32894506536892065
0.3372672989834953,0.662732701016505
0.18651415936439655,0.8134858406356035
0.29924845757877133,0.7007515424212286
0.47662621482306994,0.5233737851769299
0.0,1.0
0.0,1.0
0.46795300762650865,0.5320469923734913
0.5382543900197375,0.4617456099802626
0.5084980183022286,0.4915019816977713
0.7657626329347353,0.23423736706526463
0.642359559415302,0.35764044058469796
0.5075588906481898,0.4924411093518102
0.0,1.0
0.3108712425138116,0.6891287574861884
0.36445487374155755,0.6355451262584422
0.38969063963462147,0.6103093603653784
0.47299725493658684,0.5270027450634134
0.4361415639082057,0.5638584360917943
0.2942871844780143,0.7057128155219858
0.5217768641505722,0.47822313584942794
0.5,0.5
0.41459329642808046,0.5854067035719194
0.3481602335132487,0.6518397664867512
0.3710496239364147,0.6289503760635853
0.36522558311567516,0.634774416884325
0.43634009435038584,0.5636599056496142
0.4449598043375702,0.5550401956624299
0.4660586142814568,0.5339413857185431
0.5317056270102098,0.4682943729897903
0.437951131935578,0.5620488680644219
0.449939205715431,0.550060794284569
0.3639299478381872,0.6360700521618128
5.551115123125783e-17,0.9999999999999999
0.2588116036706059,0.7411883963293942
0.0,1.0
0.5676181146554293,0.4323818853445705
0.17571177767274823,0.8242882223272519
0.5962910152213503,0.40370898477864964
0.32795854215832493,0.6720414578416752
0.044608986138731564,0.9553910138612683
0.041683551472545266,0.9583164485274547
0.4363877136391507,0.5636122863608495
0.2708132318240056,0.7291867681759946
0.5207268264024487,0.4792731735975512
0.39442496185186854,0.6055750381481315
0.0,1.0
0.42043197181040204,0.5795680281895981
0.4150441965567375,0.5849558034432627
0.12464456899570535,0.8753554310042947
0.35310673687199734,0.6468932631280027
0.14485039717169668,0.8551496028283033
0.3409888847957463,0.6590111152042538
0.5399177981275052,0.46008220187249477
0.34899222430765137,0.6510077756923485
0.2721945088646045,0.7278054911353956
0.5016857052771108,0.4983142947228893
0.42376145198558773,0.5762385480144124
0.5816742471935511,0.41832575280644907
0.06701455181244391,0.932985448187556
0.20777286629056405,0.7922271337094359
0.22766851780488767,0.7723314816736377
0.39294197918717766,0.6070580208128223
0.3988415743491427,0.6011584256508574
0.44967975344502975,0.5503202465549706
0.09875392411613979,0.9012460758838603
0.3748659181777105,0.6251340818222895
0.43384649291434624,0.566153507085654
0.390257896036505,0.6097421039634952
0.3475065460204367,0.6524934539795634
0.37906452384764006,0.62093547615236
0.39496964999591677,0.6050303500040832
0.0,1.0
0.21471738422298486,0.7852826157770151
0.7439593406578341,0.25604065934216585
0.48219577152792675,0.5178042284720733
0.34089300502994885,0.6591069949700511
0.445983951389574,0.554016048610426
5.551115123125783e-17,1.0
0.43670684478981264,0.5632931552101873
0.38709844198243576,0.6129015580175641
0.27431711111288193,0.725682888887118
0.46263500910686073,0.5373649908931392
0.41100024985134587,0.5889997501486541
0.16412878985332788,0.835871210146672
0.2409757550485267,0.7590242449514734
0.43171003033957267,0.5682899696604276
0.5647180556383028,0.43528194436169704
0.2677849884583829,0.7322150115416173
0.4661728806694876,0.5338271193305123
0.34798456311452874,0.6520154368854714
0.259355679435127,0.740644320564873
0.4129849539511399,0.5870150460488601
0.0,1.0
0.2712315623004649,0.728768437699535
0.5611046783920685,0.43889532160793143
0.0,1.0
0.5142844758098397,0.4857155241901604
0.38530722133774536,0.6146927786622546
0.3694127548888506,0.6305872451111495
0.3567813488537671,0.6432186511462328
0.0,1.0
0.47720683424231986,0.5227931657576803
0.45027576467141567,0.5497242353285843
0.37730973113617583,0.6226902688638242
0.0,1.0
0.46352487369580225,0.5364751263041979
0.5043528642517211,0.49564713574827896
0.4079725336891076,0.5920274663108924
0.3957023880767595,0.6042976119232405
0.5148254365031326,0.48517456349686733
0.23329807091265087,0.7667019290873491
0.5928718579610124,0.40712814203898773
0.47897982070429407,0.5210201792957059
0.42329553647029344,0.5767044635297065
0.4670279312437843,0.5329720687562157
0.5558458407153796,0.4441541592846204
0.03188434547497356,0.9681156545250266
0.12865311135939952,0.8713468886406005
0.412071751741765,0.5879282482582351
0.40644023393062373,0.5935597660693764
0.16427357244416269,0.8357264275558373
0.262083693568121,0.737916306431879
0.4655422461628762,0.5344577538371239
0.4816620989404871,0.518337901059513
0.4360942293884913,0.5639057706115087
0.33613720838907496,0.663862791610925
0.504355076280385,0.49564492371961516
0.2977256014924307,0.7022743985075693
0.3489332690450722,0.6510667309549278
0.4491350381597589,0.5508649618402407
0.0,1.0
0.2259717650966809,0.7740282349033191
0.006325482290047536,0.9936745177099524
0.4135699965874377,0.5864300034125625
5.551115123125783e-17,1.0
0.6647728096950619,0.33522719030493814
0.23190714698184328,0.7680928530181568
0.47211712943974293,0.5278828705602572
0.3385231244079544,0.6614768755920457
0.31789790431948245,0.6821020956805176
5.551115123125783e-17,1.0
0.5458024077109805,0.45419759228901957
0.47954453159901733,0.5204554684009826
0.49148283659327485,0.5085171634067253
0.3824561231116504,0.6175438768883496
0.5142724426349078,0.4857275573650922
0.4460939574492051,0.553906042550795
0.33944825897308634,0.6605517410269136
0.5268596474130021,0.4731403525869978
0.3910243522882586,0.6089756477117416
0.4434574878156418,0.5565425121843582
0.0,1.0
0.35447036898073564,0.6455296310192644
0.0735973126134394,0.9264026873865605
0.3775989379540105,0.6224010620459894
0.4942064788850564,0.5057935211149436
0.46926763917870046,0.5307323608212996
0.0,1.0
0.07290405002990163,0.9270959499700984
0.5041174750775099,0.49588252492249
0.50956617049592,0.4904338295040801
0.45988821556921483,0.5401117844307851
0.3025849706631309,0.6974150293368692
0.510632987571575,0.489367012428425
2.7755575615628914e-17,1.0
0.35004476264825896,0.649955237351741
0.3944399753817925,0.6055600246182075
0.2179391017316516,0.7820608982683486
0.0,1.0
0.2735838108739657,0.7264161891260343
0.0,1.0
5.551115123125783e-17,1.0
0.3173578094469592,0.6826421905530408
0.39008304930161214,0.6099169506983878
0.39442496185186854,0.6055750381481315
0.5333679116518488,0.46663208834815123
0.0,1.0
0.20413877521622964,0.7958612247837704
0.0,1.0
5.551115123125783e-17,1.0
0.46196273187088854,0.5380372681291115
0.0,1.0
0.1556914411793929,0.844308558820607
0.5830632669363981,0.4169367330636019
0.2240806995923562,0.7759193004076438
0.19334856409505827,0.8066514359049418
0.45215528358965495,0.5478447164103452
0.28017596619759316,0.7198240338024069
0.4796810850401153,0.5203189149598847
0.42997042736112995,0.5700295726388702
0.3897493034239189,0.610250696576081
0.6530997316225744,0.3469002683774255
0.6059924589711678,0.3940075410288323
0.6671618304026434,0.3328381695973567
0.33405484900148913,0.6659451509985108
0.6297916322680585,0.37020836773194155
0.1508553073864683,0.8491446926135316
0.5194016962335196,0.4805983037664804
0.11797335103354155,0.8820266489664582
0.3790690330216968,0.6209309669783033
0.4459977346259909,0.554002265374009
0.0,1.0
0.4233399466786974,0.5766600533213027
0.44837269354780634,0.5516273064521935
1.6653345369377348e-16,1.0
0.32734544562491047,0.6726545543750895
0.4420261259661439,0.5579738740338561
0.4730023120136625,0.5269976879863375
0.4763717708204334,0.5236282291795665
0.11682474525007441,0.8831752547499256
0.4552157566385248,0.544784243361475
1.1102230246251565e-16,0.9999999999999999
0.4892629640767095,0.5107370359232906
0.2227283563266859,0.7772716436733141
0.0,0.9999999999999999
0.0,1.0
0.3398794380769691,0.6601205619230309
0.16889285777037835,0.8311071422296217
0.30947666847685973,0.6905233315231403
0.2533047278753429,0.7466952721246571
0.4036552475023759,0.596344752497624
0.1863860698941541,0.8136139301058458
0.3622801609909451,0.6377198390090549
0.0,1.0
0.5403901635858965,0.45960983641410347
0.26014659822111846,0.7398534017788815
0.427177843104252,0.572822156895748
0.20630140682513132,0.7936985931748686
1.6653345369377348e-16,1.0
0.2725478442878428,0.7274521557121574
1.942890293094024e-16,0.9999999999999998
0.395312958042286,0.6046870419577139
0.4320331071442815,0.5679668928557186
0.5870874613603688,0.41291253863963134
0.4525578532358938,0.5474421467641061
0.0,1.0
0.12206186614871649,0.8779381338512836
0.48522600986327674,0.5147739901367234
0.5,0.5
0.46273589188928904,0.5372641081107108
0.45428828904781654,0.5457117109521836
0.4497856592939776,0.5502143407060223
0.23986934900687412,0.7601306509931258
0.5116459474503371,0.48835405254966296
0.35017917262080667,0.6498208273791932
0.4419363701579413,0.5580636298420586
0.6543901072700187,0.3456098927299814
0.4553063253312033,0.5446936746687968
0.2906842818536332,0.7093157181463668
0.2968366973624363,0.7031633026375638
0.37303000346762794,0.626969996532372
0.5612873920299208,0.43871260797007916
0.4830309697754907,0.516969030224509
0.4537303017848315,0.5462696982151685
0.597856037148231,0.4021439628517691
0.4622052329945671,0.5377947670054328
0.4443758700036002,0.5556241299963999
0.19259212134525613,0.8074078786547438
0.12636067584614716,0.8736393241538529
0.5673211961534952,0.43267880384650487
0.4385734534391357,0.5614265465608643
0.20393577416656564,0.7960642258334343
3.3306690738754696e-16,0.9999999999999998
0.2554584874557503,0.7445415125442497
0.11002522991752343,0.8899747700824767
0.0,1.0
0.4955188811597675,0.5044811188402325
0.39048287244332797,0.6095171275566722
0.41339224528127927,0.5866077547187208
0.4683445268090101,0.5316554731909897
0.4921910173509562,0.507808982649044
0.0,1.0
0.40526507147455715,0.594734928525443
0.2819050957154511,0.718094904284549
0.4176832263536033,0.5823167736463967
0.24678085658928806,0.7532191434107119
0.2835394955645883,0.7164605044354118
0.2685409357684493,0.7314590642315507
0.6040470737322915,0.39595292626770845
0.4110773500185665,0.5889226499814335
0.5175161135476083,0.48248388645239176
0.38103335660432686,0.6189666433956731
0.5,0.5
0.19605654464269948,0.8039434553573006
0.6005613716041621,0.39943862839583794
0.48601567644115506,0.5139843235588448
0.08967844056193226,0.9103215594380678
0.39348225415984,0.60651774584016
0.1349641901824577,0.8650358098175424
0.31739070644502837,0.6826092935549718
0.09644613282596226,0.9035538671740377
0.24854872063706068,0.7514512793629395
0.3301338585866739,0.6698661414133261
0.5510626889047291,0.4489373110952708
0.2908462903428492,0.7091537096571509
0.18320812137250836,0.8167918786274916
0.39842473727786,0.6015752627221399
0.5375146212885641,0.46248537871143564
0.4500403336044152,0.5499596663955849
0.1804596079842739,0.819540392015726
0.450670688232775,0.5493293117672251
0.13960130684027258,0.8603986931597275
8.326672684688674e-17,1.0
0.0,1.0
0.4362976106616097,0.5637023893383902
0.0,0.9999999999999999
0.3347439239769117,0.6652560760230882
0.6829784543857126,0.31702154561428747
0.4488842496986434,0.5511157503013567
0.5962680826728006,0.40373191732719943
0.502359335962683,0.49764066403731716
0.4040535678152958,0.5959464321847042
0.08986174364127504,0.9101382563587249
0.6058499198538568,0.39415008014614317
0.3940102695394307,0.6059897304605693
0.2535034220576263,0.7464965779423736
0.5,0.5
0.3140133448529588,0.6859866551470414
0.43997184849258697,0.560028151507413
0.0,1.0
0.3435443609414189,0.6564556390585811
0.0,1.0
0.5408345503636974,0.4591654496363025
0.4512152362618198,0.5487847637381803
1.6653345369377348e-16,0.9999999999999999
0.5142287656593195,0.48577123434068054
0.0,1.0
0.2575387633653596,0.7424612366346405
0.37178562581539154,0.6282143741846085
0.0,1.0
0.3378927263995933,0.6621072736004068
0.41737087617836394,0.582629123821636
0.6117065464543782,0.38829345354562184
0.604403937532805,0.39559606246719503
0.45706127483017983,0.5429387251698202
0.4252633647455901,0.5747366352544099
0.4163401518889008,0.5836598481110993
0.30907151070161654,0.6909284892983837
0.5413536301366052,0.458646369863395
0.19974393462352485,0.8002560653764752
0.24310319824243865,0.7568968017575616
0.31735846103199283,0.6826415389680073
0.37789926500701304,0.6221007349929871
0.07941152061548075,0.9205884793845192
0.28679053524000453,0.7132094647599955
0.6320362250366827,0.3679637749633174
0.0,1.0
0.3124106692248058,0.6875893307751941
0.023297082145019993,0.9767029178549801
0.4835698620886046,0.5164301379113957
0.6047181522387934,0.3952818477612066
0.25543836064487796,0.744561639355122
0.5623724747014708,0.4376275252985293
0.21768132729123307,0.7823186727087669
0.4605617395950396,0.5394382604049606
0.45297921591510804,0.5470207840848921
0.4567009971158218,0.5432990028841782
0.5457328445225856,0.45426715547741425
0.45520808020687803,0.544791919793122
0.0,1.0
0.18828931742983518,0.8117106825701648
5.551115123125783e-17,1.0
0.2657563331325172,0.7342436668674828
0.0936271033613429,0.906372896638657
0.5539445955811413,0.4460554044188589
0.0,1.0
0.32844177160620464,0.6715582283937953
0.05554429501200514,0.9444557049879949
0.3003538460837536,0.6996461539162464
0.0,1.0
0.05469549174570199,0.945304508254298
0.5339512923175399,0.46604870768246015
0.2252454428911217,0.7747545571088782
0.19488195709009526,0.8051180429099049
0.18526803979440107,0.8147319602055989
2.636779683484747e-16,0.9999999999999997
0.2969840433222437,0.7030159566777565
0.39735906489136025,0.6026409351086398
0.5400412278597747,0.4599587721402253
0.4596582537961499,0.5403417462038503
0.4794686728516226,0.5205313271483775
0.5930400017708809,0.4069599982291192
4.440892098500626e-16,0.9999999999999997
0.41438921092035885,0.5856107890796409
0.3199265308767111,0.6800734691232888
0.5192375029382621,0.480762497061738
0.6040102348612683,0.39598976513873185
0.0,1.0
0.4981883996679795,0.5018116003320205
0.4668072309214362,0.533192769078564
0.3615261655010319,0.6384738344989681
0.34272655447243394,0.657273445527566
0.5663281605496451,0.4336718394503547
0.3362150723573643,0.6637849276426356
0.5639433649416208,0.4360566350583793
0.0,1.0
0.34454206820598904,0.655457931794011
0.40572639357534507,0.5942736064246548
6.331740687315346e-17,1.0
0.42918010501968684,0.570819894980313
0.13599339692764179,0.8640066030723583
0.5886156427169316,0.4113843572830683
0.482701378732825,0.517298621267175
0.0,1.0
0.0,1.0
0.6140520628387599,0.38594793716123993
0.5584752235779954,0.44152477642200444
5.551115123125783e-17,0.9999999999999999
1.1102230246251565e-16,1.0
0.41392001442599924,0.5860799855740007
0.4256012697934716,0.5743987302065283
0.29634113311233695,0.703658866887663
0.047774346160766645,0.9522256538392333
2.0816681711721685e-16,0.9999999999999998
0.19394909777137184,0.8060509022286282
0.40305547621758603,0.5969445237824139
0.17020400970759392,0.829795990292406
0.327398477164308,0.6726015228356921
0.42990994980039543,0.5700900501996045
0.1452252412651872,0.8547747587348127
0.6071827373396939,0.3928172626603061
0.2550191524419443,0.7449808475580557
0.5052374094074623,0.4947625905925377
0.2154765086777285,0.7845234913222714
0.27254509337364197,0.7274549066263581
0.6245993808998404,0.3754006191001594
0.5818945152174556,0.41810548478254445
0.24073423029949584,0.7592657697005041
0.6116717446717188,0.3883282553282812
0.0,1.0
0.4574933771559891,0.5425066228440107
0.37975638311237203,0.6202436168876283
0.5438255010737981,0.45617449892620204
0.35872279094649095,0.641277209053509
0.22860033869767785,0.7713996613023222
0.18378539019684964,0.8162146098031503
0.35535699333503223,0.6446430066649679
0.25863880744049705,0.741361192559503
0.4141052592814217,0.585894740718578
0.4780085505398742,0.5219914494601258
0.3472079570685117,0.6527920429314883
0.017566631355430993,0.9824333686445691
0.0703469536199606,0.9296530463800394
5.551115123125783e-17,1.0
0.5998909652882559,0.40010903471174386
0.45865154835851596,0.5413484516414842
2.220446049250313e-16,0.9999999999999999
0.26522666095408404,0.7347733390459161
0.4059169152265434,0.5940830847734565
5.551115123125783e-17,1.0
0.4141893032321261,0.5858106967678738
0.429951671274261,0.5700483287257389
3.3306690738754696e-16,0.9999999999999997
0.2086103656300376,0.7913896343699625
0.0,1.0
0.2811921142390229,0.7188078857609771
0.2579115386169694,0.7420884613830305
0.5322906142149264,0.46770938578507354
0.41833767382987924,0.5816623261701208
0.32387242710798775,0.6761275728920123
0.6180737122551502,0.3819262877448497
0.6756335022205108,0.3243664977794892
0.020944615301020077,0.97905538469898
1.1102230246251565e-16,1.0
0.20125031205735475,0.7987496879426452
0.5617347195546277,0.43826528044537244
0.39441575609736906,0.605584243902631
0.37406873144209385,0.6259312685579062
0.3970977946688432,0.6029022053311568
0.0,1.0
0.4376104157041218,0.5623895842958782
0.5001350106254538,0.4998649893745462
0.37286355169978197,0.6271364483002183
0.5236320841794508,0.4763679158205491
0.5629156187340183,0.4370843812659817
0.0,1.0
0.4986545361937047,0.5013454638062953
0.5256751313867727,0.47432486861322737
0.2738932232184971,0.7261067767815031
0.42352713098113093,0.5764728690188691
0.5716595930221303,0.42834040697786957
0.545937740214419,0.45406225978558107
0.15348078486425565,0.8465192151357445
0.4990696680511127,0.5009303319488874
0.4971716470377166,0.5028283529622835
0.2611327329295109,0.7388672670704891
0.5129184282510758,0.487081571748924
0.2527458016874768,0.7472541983125234
0.2437303100692981,0.7562696899307019
0.5,0.5
0.0,1.0
0.412427494585331,0.587572505414669
0.3865722659877162,0.6134277340122838
0.4846066705616881,0.515393329438312
0.1928004301418634,0.8071995698581367
0.6547142958405027,0.3452857041594975
0.4355642546793649,0.5644357453206351
0.6263498263880753,0.37365017361192493
0.09168638195623859,0.9083136180437614
0.3879965611732098,0.6120034388267902
0.0,0.9999999999999999
0.6067957690510772,0.3932042309489228
0.48397377947039916,0.5160262205296007
0.7560787152849915,0.2439212847150086
0.23723554986213777,0.7627644501378623
0.11751062341073089,0.8824893765892692
0.14545203790484926,0.8545479620951506
0.468274609335697,0.5317253906643028
0.0,1.0
0.21911132236474293,0.7808886776352573
0.47403589519027683,0.525964104809723
0.3968977084528719,0.603102291547128
0.0,1.0
0.43533975133164327,0.5646602486683567
0.29083685440426726,0.7091631455957327
0.39896640385937554,0.6010335961406243
0.2192917670781357,0.7807082329218644
0.0,1.0
0.36670391297134886,0.6332960870286511
0.45888689124428783,0.5411131087557123
0.29079471836314696,0.7092052816368529
0.520965954020702,0.479034045979298
0.2799360323549355,0.7200639676450645
0.4024667034289027,0.5975332965710974
0.32990315841490214,0.6700968415850977
0.5391517573797732,0.4608482426202266
0.3349050108093076,0.6650949891906924
0.0,1.0
0.5672864816244004,0.4327135183755997
0.45778896257473295,0.5422110374252671
0.4000640955935671,0.599935904406433
0.10151217959359805,0.898487820406402
0.312365537461004,0.6876344625389961
0.508770430150973,0.4912295698490269
0.3639364498976447,0.6360635501023554
0.0,1.0
0.4360308751748766,0.5639691248251236
0.17454951921759468,0.8254504807824052
0.4266261011082609,0.5733738988917392
0.5005362292006612,0.4994637707993388
0.31813878461921496,0.681861215380785
0.0,1.0
0.27513774069056784,0.7248622593094324
0.39262558540610915,0.6073744145938907
0.49359751699479876,0.5064024830052013
0.5694362130603675,0.4305637869396325
0.0,1.0
0.5093124055746358,0.49068759442536414
0.2579299708047564,0.7420700291952436
0.2558703927453145,0.7441296072546857
0.5810492781960623,0.41895072180393783
0.2746010347015163,0.7253989652984837
0.5170913886126798,0.4829086113873203
0.0,1.0
0.4405642971029976,0.5594357028970024
0.4725033962337712,0.5274966037662286
0.0,1.0
0.3753364040221339,0.6246635959778661
4.371503159461554e-16,0.9999999999999996
0.43359474509848717,0.5664052549015127
0.6296223332016333,0.37037766679836687
0.5420812773083984,0.4579187226916016
0.19740885199156968,0.8025911480084305
0.4270580307575406,0.5729419692424594
0.14078238016554276,0.8592176198344572
0.19201703633771489,0.8079829636622853
0.39562061580225083,0.6043793841977493
0.0,1.0
0.455232317314043,0.5447676826859569
0.3971864624043696,0.6028135375956304
0.4652032376945021,0.5347967623054978
0.3955576047053117,0.6044423952946882
0.5242102871528967,0.47578971284710336
0.37476835647575824,0.6252316435242418
0.44786531642055905,0.5521346835794408
0.5305897614794532,0.46941023852054675
0.5349332933122913,0.46506670668770866
0.39424275565488204,0.6057572443451179
0.49593297420150484,0.504067025798495
0.47249983899539383,0.5275001610046062
0.18946504140658388,0.8105349585934162
0.38232554118677864,0.6176744588132216
0.2795316096895573,0.7204683903104426
0.5055018641456961,0.4944981358543039
0.37392999121006204,0.626070008789938
0.43069091165048595,0.5693090883495139
0.5836901126817076,0.4163098873182923
0.28331307285534996,0.71668692714465
0.635871842972112,0.36412815702788803
0.21611613773136581,0.783883862268634
0.4005753644918305,0.5994246355081695
0.10506333582596472,0.8949366641740352
0.12974499642672999,0.8702550035732699
0.0,1.0
0.4723349526626042,0.5276650473373957
0.2736924011985198,0.7263075988014802
0.3838116210529796,0.6161883789470204
0.30120234522551925,0.698797654774481
0.3648683034344554,0.6351316965655449
0.49671756692302055,0.5032824330769792
0.2906199756654475,0.7093800243345526
0.4494082019387893,0.5505917980612107
0.40568133527484135,0.5943186647251585
0.6288372229410676,0.3711627770589324
0.5496611257034144,0.45033887429658576
0.475668095157184,0.5243319048428163
0.19870950497721884,0.8012904950227812
0.14445337382703077,0.8555466261729692
0.0,1.0
0.005246961225877565,0.9947530387741225
0.17453819636582882,0.8254618036341712
0.4447428527921115,0.5552571472078885
0.2909966793573773,0.7090033206426231
0.24646719945921566,0.7535328005407843
0.3353694810496024,0.6646305189503977
0.1635251240898171,0.836474875910183
0.39433730511631676,0.6056626948836834
0.1559127415756211,0.8440872582094443
0.5981230583037763,0.40187694169622373
0.6139246244153131,0.3860753755846871
0.5058388306988155,0.4941611693011845
0.16236866756955887,0.8376313324304412
0.27991694318142346,0.7200830568185764
0.36930360505446236,0.6306963949455375
0.32616949151688424,0.6738305084831157
0.4230382833689026,0.5769617166310973
0.4329450408038194,0.5670549591961807
0.4945369084021059,0.5054630915978942
0.5204154817498027,0.4795845182501973
0.3359722088627768,0.6640277911372232
0.44907461114852776,0.5509253888514721
0.3040253811494013,0.6959746188505986
0.3956284637223368,0.6043715362776633
0.4349393747376261,0.5650606252623739
0.5088760133907438,0.49112398660925627
0.32389318907167186,0.676106810928328
0.26399387139983427,0.7360061286001657
0.0,1.0
0.5409480766481286,0.4590519233518714
0.24854423159122535,0.7514557684087747
0.5917403972527261,0.408259602747274
0.0,1.0
0.4485665222481687,0.5514334777518315
0.22579260281038446,0.7742073971896155
0.39248429485862907,0.6075157051413711
5.551115123125783e-17,1.0
0.406888255729238,0.5931117442707622
0.47183055457417117,0.528169445425829
0.5034077577292919,0.4965922422707081
0.4803566890554066,0.5196433109445934
0.37640266592534966,0.62359733407465
0.5626460221954793,0.4373539778045208
0.21829792481606167,0.7817020751839381
0.4755796863527249,0.5244203136472751
0.3811711369031865,0.6188288630968136
0.48347636076343614,0.516523639236564
0.30346199283885056,0.6965380071611493
0.490282594766578,0.5097174052334219
0.4209871162939622,0.5790128837060379
0.40881276286762014,0.5911872371323799
0.0,1.0
0.4141474987376415,0.5858525012623585
0.49156657713104007,0.5084334228689601
0.581667880414223,0.4183321195857769
0.327108282899631,0.6728917171003689
0.1717101003332335,0.8282898996667665
0.14542955959983325,0.8545704404001667
0.2908402839902235,0.7091597160097765
0.6305828580927025,0.3694171419072973
0.08634860185784382,0.9136513981421562
0.4079119355543031,0.592088064445697
0.4522951286372012,0.5477048713627988
0.5240883522961091,0.47591164770389094
0.3530130246664871,0.646986975333513
0.2169068335437551,0.7830931664562449
0.0195930010089361,0.980406998991064
0.47973528453009046,0.5202647154699095
0.0,1.0
0.38127245898839185,0.6187275410116082
0.2318820255060638,0.7681179744939362
0.4540208702578811,0.5459791297421188
0.5032489180564881,0.4967510819435119
0.2638625568439713,0.7361374431560286
0.1713903750089026,0.8286096249910972
0.4099860756811158,0.5900139243188842
0.5257534291353393,0.4742465708646607
0.6901972890762894,0.30980271092371087
0.6524325670938118,0.34756743290618797
0.5817137694640104,0.4182862305359895
0.4419198058143418,0.5580801941856581
0.21934731158332643,0.7806526884166736
0.5437343482816686,0.45626565171833156
0.5319652314079926,0.46803476859200743
0.3639080218355368,0.6360919781644633
0.35465055521644684,0.6453494447835532
0.593466786150795,0.4065332138492048
7.216449660063518e-16,0.9999999999999993
0.0,1.0
0.437711903345189,0.5622880966548112
0.030418714659239718,0.9695812853407604
0.34896403281131744,0.6510359671886826
0.08393201393746894,0.9160679860625311
0.0,1.0
2.220446049250313e-16,0.9999999999999998
0.39911481020280615,0.6008851897971939
0.4881258234707793,0.5118741765292208
0.31503184813142876,0.6849681518685713
0.3962324937513824,0.6037675062486177
0.5034077572636305,0.4965922427363694
0.4977727865503026,0.5022272134496972
0.380152465518612,0.6198475344813882
0.0,1.0
0.42688101842290394,0.573118981577096
0.0,1.0
0.11569446170455357,0.8843055382954463
0.4528997597122428,0.5471002402877573
0.4035293711390252,0.596470628860975
0.44722134616588144,0.5527786538341186
0.19714391495881997,0.8028560850411801
0.47392892476537346,0.5260710752346265
0.0,1.0
0.19245872329074482,0.8075412767092552
0.21467906249832897,0.785320937501671
1.1102230246251565e-16,1.0
0.3462058408185841,0.653794159181416
0.4539938952387189,0.546006104761281
0.28369716731188,0.71630283268812
0.36367092694418346,0.6363290730558169
0.24094840213465313,0.7590515978653469
0.19711704242721656,0.8028829575727834
0.47367850165740605,0.526321498342594
0.2522995503818311,0.7477004496181688
0.16527446907980764,0.8347255309201923
0.5384768247236724,0.4615231752763278
0.36013087904704355,0.6398691209529563
2.7755575615628914e-16,0.9999999999999998
0.5347171438089978,0.4652828561910022
0.0,1.0
0.40646324225632463,0.5935367577436755
0.18841591486020298,0.811584085139797
0.42567918129692645,0.5743208187030735
3.651592916931179e-16,0.9999999999999997
0.5725925400672732,0.4274074599327267
0.4729107514728581,0.527089248527142
0.6045813045509391,0.39541869544906083
0.09164744002023142,0.9083525599797685
0.4570460715810511,0.542953928418949
0.040958232388246175,0.9590417676117536
0.3252109794574004,0.6747890205425996
0.29900764336242375,0.7009923566375764
0.5203811129507158,0.4796188870492842
0.3365446020814933,0.6634553979185067
0.11511723598121443,0.8848827640187856
0.4362249806665704,0.5637750193334296
0.37915716303905683,0.6208428369609431
0.4989274220759173,0.5010725779240828
0.5234990230977877,0.47650097690221227
0.37891450409448824,0.6210854959055118
0.4326436862841848,0.5673563137158153
0.4462043706334207,0.5537956293665793
0.3926529684960785,0.6073470315039213
0.24575255240016786,0.7542474475998321
0.4820625394409866,0.5179374605590134
0.0,1.0
0.3996886522651203,0.6003113477348797
0.15137808973333247,0.8486219102666674
0.41607939486299117,0.583920605137009
0.514872909069701,0.4851270909302992
0.16887116074348896,0.8311288392565109
0.0,1.0
0.38358027720693544,0.6164197227930645
0.42207071728465345,0.5779292827153465
0.0,1.0
0.10803612120945705,0.891963878790543
0.6127025162866795,0.3872974837133205
0.3731904991670977,0.6268095008329023
0.0,1.0
0.49554646946227765,0.5044535305377222
0.4567806116028124,0.5432193883971876
0.0,1.0
0.1822197311792581,0.8177802688207417
0.3394707410969239,0.6605292589030761
0.4986136192850522,0.5013863807149478
0.40558309533071496,0.594416904669285
0.3195718704330926,0.6804281295669072
0.0,1.0
0.10255877270738507,0.897441227292615
0.392967079858676,0.6070329201413242
0.6239616631168228,0.37603833688317717
0.3904475521406829,0.6095524478593171
0.0,1.0
0.0,1.0
0.46743906338147106,0.5325609366185289
0.26954016130069275,0.7304598386993072
0.47640284238403496,0.523597157615965
0.4994876363532813,0.5005123636467187
0.5654146482729739,0.4345853517270261
0.4241830139465505,0.5758169860534494
0.5569585382884853,0.4430414617115148
0.5,0.5
0.603927449399738,0.39607255060026214
1.1102230246251565e-16,0.9999999999999999
0.4347942049519165,0.5652057950480834
0.45784000268530883,0.5421599973146911
0.39008578847304287,0.609914211526957
0.5435382396708403,0.4564617603291597
0.3930292126509092,0.6069707873490907
0.31649105895106544,0.6835089410489346
0.22624257484814927,0.7737574251518508
0.505711364477485,0.4942886355225151
0.3490663295205388,0.6509336704794613
0.04354484673509827,0.9564551532649017
0.32539725907363387,0.6746027409263663
0.5556416444617244,0.4443583555382757
0.6568251086620628,0.3431748913379374
0.7071894655760081,0.29281053442399185
0.07219675611490015,0.9278032438850998
0.4443194426478665,0.5556805573521334
0.24569064117529435,0.7543093588247056
0.34203337139146806,0.6579666286085318
0.3173817747479289,0.6826182252520712
0.5419132470083613,0.4580867529916387
0.5760904718132679,0.4239095281867321
0.47299246871548856,0.5270075312845114
0.44427277758956907,0.555727222410431
0.30299616026728426,0.6970038397327157
0.3100427241482091,0.6899572758517909
0.34238450136610254,0.6576154986338975
0.0,1.0
0.2329923792232376,0.7670076207767624
0.0,1.0
0.17429530521489836,0.8257046947851016
0.2644476751579443,0.7355523248420558
0.4215605428234563,0.5784394571765438
5.551115123125783e-17,1.0
0.22704488971413278,0.7729551102858672
0.0,1.0
0.46443235238146025,0.5355676476185398
0.1882542299721302,0.8117457700278697
0.0,1.0
0.47939329513738416,0.5206067048626158
0.3832594814862182,0.6167405185137819
0.5372105870810301,0.4627894129189699
0.0,1.0
0.23073126764078541,0.7692687323592146
0.24755167029798036,0.7524483297020197
0.42244138276415216,0.5775586172358478
0.2492720918713043,0.7507279081286957
1.942890293094024e-16,0.9999999999999999
0.23494872608139683,0.7650512739186032
0.3263116019117401,0.67368839808826
0.0,1.0
0.3407105542100533,0.6592894457899467
0.4244605373102603,0.5755394626897395
0.0,1.0
0.6334723758229241,0.3665276241770759
0.20591853951456351,0.7940814604854366
0.43621088184939194,0.5637891181506081
0.0,1.0
0.0,1.0
0.3144573035342979,0.685542696465702
0.2554362628206866,0.7445637371793133
0.3280584037121405,0.6719415962878594
0.60325410037239,0.3967458996276099
0.4267388074371875,0.5732611925628124
0.3876661632317049,0.6123338367682949
0.3786489285875809,0.6213510714124191
0.4036762973131249,0.5963237026868752
0.2938378860796099,0.7061621139203902
0.17408067407248598,0.8259193259275142
0.5178192300522564,0.4821807699477436
0.2776113583815198,0.7223886416184802
0.18034606650058874,0.8196539334994113
0.4038736908822424,0.5961263091177575
0.41152358182388404,0.5884764181761158
0.5078264332191604,0.49217356678083973
0.1620301615252682,0.8379698384747318
1.1102230246251565e-16,0.9999999999999999
0.38535028516052305,0.6146497148394767
0.5260565873122577,0.47394341268774237
0.556418239897613,0.44358176010238737
0.5084449715852658,0.4915550284147343
0.23417610425494137,0.7658238957450585
0.5133163403776381,0.4866836596223619
0.4262572812421805,0.5737427187578192
1.1102230246251565e-16,1.0
0.29717237896166854,0.7028276210383314
0.24393009652954528,0.7560699034704547
0.38631611796451926,0.6136838820354807
0.0,1.0
0.618073014756695,0.38192698524330515
0.3971988330046049,0.6028011669953951
0.5504978272691519,0.44950217273084797
0.3977608483684491,0.6022391516315508
0.2939085067837308,0.7060914932162691
0.5474431285710424,0.4525568714289576
0.6034386220873074,0.3965613779126928
0.3938162850249332,0.606183714975067
0.5291007812871448,0.4708992187128552
0.5564508809305216,0.44354911906947825
0.14835596952362295,0.8516440304763772
5.551115123125783e-17,1.0
0.0,1.0
0.5293236548042536,0.47067634519574647
0.2908431225803602,0.7091568774196397
0.3859319428981809,0.6140680571018191
0.0,1.0
0.5511867465190989,0.4488132534809009
0.5496655444964202,0.45033445550357964
0.0,1.0
0.6382637348821136,0.3617362651178866
0.1944828840911513,0.8055171159088488
0.5458567889004821,0.45414321109951783
0.5237024951902999,0.4762975048097002
0.5143959639560498,0.4856040360439502
0.5266835475577265,0.4733164524422735
0.43773957891918713,0.562260421080813
0.3976357849314808,0.6023642150685192
0.26051430124789476,0.7394856987521052
0.4229226263675974,0.5770773736324024
0.2677283375854181,0.7322716624145821
0.15911612424760463,0.8408838757523953
0.49610038119007366,0.5038996188099265
0.14197527715321737,0.8580247228467828
0.4398212869245278,0.5601787130754721
0.0058868871837564184,0.9941131128162436
0.3337543590443543,0.6662456409556459
0.4682736908070493,0.5317263091929507
0.3914574194522291,0.6085425805477709
0.3913203146868469,0.6086796853131532
0.35112682343472446,0.6488731765652758
0.38979144554034934,0.6102085544596506
0.3304444480659235,0.6695555519340765
0.48649858889438113,0.5135014111056189
0.19688531626402805,0.803114683735972
0.29224330544257837,0.7077566945574217
0.0,1.0
0.4291473825369171,0.5708526174630829
0.45496120477664226,0.5450387952233579
4.163336342344337e-17,0.9999999999999999
0.1836758124909163,0.8163241875090839
0.5,0.5
0.27290477817428077,0.7270952218257193
0.5724585592470982,0.42754144075290174
0.42921458959716113,0.5707854104028388
0.4220934533611742,0.5779065466388256
0.5458355031751366,0.4541644968248633
0.41418748628736296,0.5858125137126371
0.4770740971100684,0.5229259028899316
0.40365408374544876,0.5963459162545516
0.38022185071277537,0.6197781492872244
0.29081645254293603,0.7091835474570639
0.3472160246915834,0.6527839753084165
0.6028045663038274,0.39719543369617255
0.39420138823531414,0.6057986117646859
0.405024615155011,0.594975384844989
0.22908394065007215,0.7709160593499279
0.6235513660468773,0.3764486339531224
0.5515158226080771,0.44848417739192287
0.0,1.0
0.44901368212835574,0.5509863178716444
0.5345818119314034,0.46541818806859653
0.3490586326823895,0.6509413673176104
0.26833444148193913,0.7316655585180609
0.2725770778548114,0.7274229221451888
0.5113171878459524,0.48868281215404746
0.2877535218822436,0.7122464781177563
0.0,1.0
0.520285744139102,0.4797142558608981
0.4897913115962133,0.5102086884037866
0.08740581492314706,0.9125941850768531
0.5278166066378868,0.47218339336211307
0.16046725633963932,0.8395327436603607
0.27790671825982544,0.7220932817401746
0.5,0.5
0.4850043426677003,0.5149956573322995
0.38191012807496394,0.618089871925036
0.2912633914245408,0.7087366085754593
3.885780586188048e-16,0.9999999999999997
0.4344356407850035,0.5655643592149966
5.551115123125783e-17,1.0
0.21918980138063843,0.7808101986193616
0.4995283022385113,0.5004716977614886
0.3503332560194074,0.6496667439805925
0.45787636579566104,0.542123634204339
0.35219411376722504,0.647805886232775
0.5248443873256647,0.4751556126743354
0.16840751946060856,0.8315924805393915
0.326565038692629,0.673434961307371
0.4689543073031532,0.5310456926968469
0.3179060574122104,0.6820939425877895
0.0,1.0
0.5741891685908881,0.4258108314091119
0.5232475233579615,0.47675247664203846
0.5899494388452757,0.4100505611547244
0.0,1.0
0.3347413997876423,0.6652586002123577
0.438944684982102,0.5610553150178981
0.0,1.0
0.21822196463331686,0.7817780353666832
0.3138265928981821,0.6861734071018181
0.6204860338040146,0.3795139661959855
0.5498499182019797,0.45015008179802013
0.361972241636032,0.6380277583639681
0.3229738899121675,0.6770261100878326
5.551115123125783e-17,0.9999999999999999
0.2199345786341443,0.7800654213658557
0.38087459862513073,0.6191254013748694
0.4763311612966642,0.5236688387033359
0.19538011863336854,0.8046198813666315
0.345143810786789,0.6548561892132111
0.0,1.0
0.2976647781092351,0.7023352218907648
0.5390589973939734,0.4609410026060267
0.20047513396974248,0.7995248660302576
0.19882759712445208,0.8011724028755478
0.5023948264099796,0.49760517359002054
0.22998128244180696,0.7700187175581932
0.43518070940028253,0.5648192905997177
0.4616908923594467,0.5383091076405534
0.5424104537586283,0.4575895462413716
0.6155702398625513,0.3844297601374486
0.21446952871535008,0.7855304712846498
0.2820874405010424,0.7179125594989576
0.08907178246403719,0.9109282175359628
0.4513049448756523,0.5486950551243478
5.551115123125783e-17,1.0
0.560146659841116,0.4398533401588839
0.03107542013340308,0.968924579866597
0.43304821911388,0.5669517808861201
0.0,1.0
0.4974628538648453,0.5025371461351545
0.20644504369706004,0.79355495630294
0.23171774668286182,0.7682822533171382
0.4972021665919519,0.5027978334080483
0.5968628299196672,0.40313717008033256
0.4007619161938514,0.5992380838061486
0.5705131949803843,0.4294868050196156
0.24474042122857942,0.7552595787714206
0.0,1.0
0.2775974627136884,0.7224025372863114
0.5581381913460162,0.44186180865398367
0.38355454193924,0.6164454580607601
0.6621413547853534,0.3378586452146465
0.3001684317826736,0.6998315682173265
0.544166414207692,0.4558335857923081
0.2545795039340221,0.7454204960659778
0.6214836292919264,0.3785163707080737
0.5666978481622409,0.43330215183775894
0.39301185830079516,0.6069881416992048
0.0,1.0
0.49343853541350163,0.5065614645864984
0.5016953234637808,0.4983046765362192
0.1206061529234261,0.879393847076574
0.38653332370515164,0.6134666762948483
5.551115123125783e-17,1.0
0.38956296970855936,0.6104370302914407
0.0,1.0
0.27317476087865883,0.7268252391213411
0.0,1.0
0.4340436484218768,0.5659563515781233
0.45484744134474925,0.5451525586552509
0.5931381649427935,0.4068618350572064
0.45716594176685554,0.5428340582331445
0.4522650817759689,0.5477349182240314
0.11765526372307845,0.8823447362769213
0.2792436738364723,0.7207563261635277
0.34901472959198576,0.6509852704080142
0.21331423366435098,0.786685766335649
0.565869646068845,0.43413035393115484
0.34770055801883726,0.6522994419811626
0.39425789063272765,0.6057421093672725
0.432720426723811,0.567279573276189
0.39895602150012555,0.6010439784998742
0.5174593535951724,0.4825406464048275
0.2909634072724376,0.7090365927275625
0.0,1.0
0.24645106375180054,0.7535489362481995
0.0,1.0
0.6120851091119421,0.387914890888058
0.5930269733659123,0.40697302663408763
0.2939243375498675,0.7060756624501326
0.1902360057085904,0.8097639942914097
0.27762071248182735,0.7223792875181727
0.3854077134791033,0.6145922865208967
0.5672916645590833,0.43270833544091664
0.5306546786503598,0.4693453213496402
0.448657597625696,0.5513424023743038
0.6378334723628774,0.3621665276371227
0.18949047795442975,0.81050952204557
0.4638553121778347,0.5361446878221653
0.0,1.0
5.551115123125783e-17,1.0
0.45284237214057393,0.547157627859426
0.4922683995106574,0.5077316004893425
0.0,1.0
0.3695559619210801,0.63044403807892
0.5821315309346692,0.4178684690653307
0.540465474011948,0.45953452598805217
0.35742529456472805,0.6425747054352718
0.4999236845202514,0.5000763154797486
1.947227101783966e-16,0.9999999999999999
0.489463012901258,0.5105369870987422
5.551115123125783e-17,1.0
0.20563352057957449,0.7943664794204255
0.5687123695447686,0.43128763045523144
0.0,1.0
0.2851008814334703,0.7148991185665298
0.20971687821013504,0.790283121789865
1.4224732503009818e-16,0.9999999999999999
0.6153995595852618,0.3846004404147381
0.344433184171882,0.6555668158281179
0.5,0.5
0.5,0.5
0.4732745388044165,0.5267254611955835
0.39705195073783284,0.6029480492621672
0.2736963232738999,0.7263036767260999
0.4347913947617842,0.5652086052382157
8.326672684688674e-17,1.0
0.3721881378519911,0.6278118621480089
0.5066217462936011,0.49337825370639876
0.29429753891546545,0.7057024610845346
0.39442327748512496,0.6055767225148749
0.4218226992998138,0.5781773007001861
0.2316675371550455,0.7683324628449547
0.24408354425340348,0.7559164557465965
0.0,1.0
0.382096202489881,0.6179037975101189
0.49275301510767094,0.507246984892329
0.0,1.0
1.6653345369377348e-16,0.9999999999999999
0.2908357885980491,0.7091642114019507
0.25934574487092205,0.740654255129078
0.4702588017481909,0.529741198251809
0.32332791212106515,0.676672087878935
0.5209761541178594,0.47902384588214064
0.5420094952093024,0.4579905047906978
0.4789065764876317,0.5210934235123683
0.2375070018167214,0.7624929981832785
0.4273321878722733,0.5726678121277268
0.5897799533205413,0.41022004667945855
0.3985964489523429,0.601403551047657
0.3975229227624391,0.6024770772375608
0.24256251108757665,0.7574374889124234
0.4978092498820986,0.5021907501179013
0.6331841532715837,0.3668158467284162
0.2797687636056798,0.7202312363943201
0.3988496936123687,0.6011503063876313
0.6100175111639428,0.38998248883605724
0.4906020247137322,0.5093979752862677
0.0,1.0
0.23157061388161243,0.7684293861183876
0.4129875153870671,0.5870124846129331
1.3877787807814457e-17,1.0
0.4812340457983103,0.5187659542016898
0.46347417548001413,0.5365258245199859
0.5932359143650775,0.4067640856349224
0.2823965963376601,0.71760340366234
0.357820360880682,0.6421796391193181
0.39696950510849954,0.6030304948915005
0.46782599744622144,0.5321740025537787
0.17170073076006717,0.8282992692399328
0.3506897973255902,0.6493102026744099
0.4959734968305328,0.5040265031694674
5.551115123125783e-17,1.0
0.6233053527677642,0.3766946472322358
0.3243721167617279,0.6756278832382718
0.2736861314261608,0.7263138685738391
0.38937635056126274,0.6106236494387374
0.4372235891870513,0.5627764108129487
0.2146087605873704,0.7853912394126297
0.0,1.0
0.29368622772628467,0.7063137722737154
0.5,0.5
0.39441055580961165,0.6055894441903883
0.0,1.0
0.3490341633995518,0.6509658366004482
0.2754384895498806,0.7245615104501194
0.15383735670682946,0.8461626432931706
4.163336342344337e-17,0.9999999999999999
0.49280618281635136,0.5071938171836486
0.34803185377811957,0.6519681462218804
0.3979344835441001,0.6020655164558998
2.706168622523819e-16,0.9999999999999998
0.24309599798337858,0.7569040020166217
0.050723393736191,0.949276606263809
0.4547630103401214,0.5452369896598785
0.37581110559403896,0.624188894405961
0.14192423647942148,0.8580757635205786
0.2889625485729755,0.7110374514270246
0.14554389956140285,0.854456100438597
0.0,1.0
0.4313282377123978,0.5686717622876021
0.40470694923231976,0.5952930507676804
0.21376562645573993,0.7862343735442603
0.504268489288063,0.495731510711937
0.4633372445514041,0.5366627554485958
0.43517210948675084,0.5648278905132492
0.5383556728553762,0.4616443271446237
0.3292217657153501,0.67077823428465
0.553352638597771,0.446647361402229
0.33197785165860905,0.668022148341391
0.5473323314678182,0.4526676685321818
0.0,1.0
0.4358813367639612,0.5641186632360388
0.5700398176359361,0.42996018236406397
0.44648924884599456,0.5535107511540054
0.0,1.0
0.010547673385909884,0.9894523266140901
0.35986290995074904,0.6401370900492512
0.1133322408047902,0.8866677591952097
0.0,1.0
0.4517385480591457,0.5482614519408543
0.5802984233901918,0.41970157660980834
0.22653465297185105,0.7734653470281492
0.39437850778506955,0.6056214922149304
5.551115123125783e-17,0.9999999999999999
0.4852216982572704,0.5147783017427296
0.4912640549388309,0.508735945061169
0.4674685478482795,0.5325314521517206
0.41911582041755824,0.5808841795824417
0.15514880842456127,0.8448511915754386
0.0,1.0
0.33619655522797265,0.6638034447720271
0.5392181322558144,0.46078186774418567
0.43626299417806164,0.5637370058219383
0.3247966408497614,0.6752033591502385
0.37405081343096047,0.6259491865690396
0.0,1.0
0.0,1.0
0.35450980607126265,0.6454901939287373
0.5766524573878511,0.4233475426121489
0.4228243298397113,0.5771756701602884
0.5,0.5
0.32435500751129426,0.6756449924887057
0.39442503242916294,0.605574967570837
0.21201142152772365,0.7879885784722764
0.4368211199170842,0.5631788800829158
0.24568694670851787,0.7543130532914822
0.10180817086637055,0.8981918291336295
0.475423899986792,0.5245761000132079
0.47058426476819165,0.5294157352318082
0.5016900663942099,0.4983099336057901
0.6526887095205419,0.3473112904794581
0.4054077440356287,0.5945922559643714
0.5758416080464706,0.4241583919535293
0.3744428914372863,0.6255571085627137
0.25363939883706366,0.7463606011629363
0.703436682816879,0.2965633171831209
1.3877787807814457e-17,1.0
0.7305891736962701,0.26941082630373
0.29081279319832337,0.7091872068016766
0.18822993393843082,0.8117700660615691
0.47376323839600576,0.5262367616039942
0.37692875124026515,0.6230712487597349
0.4543349110933434,0.5456650889066567
0.2818647262561925,0.7181352737438075
0.0,1.0
0.3938757406895112,0.6061242593104885
0.43522495668697475,0.5647750433130252
0.5,0.5
0.56922117117929,0.43077882882070995
0.4408323391849142,0.5591676608150858
0.6711485616335877,0.32885143836641234
0.6073351993731679,0.3926648006268321
0.4118000492453575,0.5881999507546425
0.5974654596961402,0.40253454030385977
0.24856926081918604,0.7514307391808139
0.2240361444240007,0.7759638555759991
0.39448005653592955,0.6055199434640706
0.5231643884384461,0.47683561156155385
0.6224826585378994,0.37751734146210053
0.392565169610689,0.607434830389311
0.0,1.0
0.0,1.0
4.85722573273506e-17,0.9999999999999999
0.42137716265963726,0.5786228373403628
0.5806195286820678,0.4193804713179323
0.5696910122562044,0.43030898774379567
0.0,1.0
0.6389093696082931,0.3610906303917069
0.5752565247515903,0.42474347524840966
0.4334742991800741,0.5665257008199257
0.3932589423914669,0.606741057608533
0.3562547228130686,0.6437452771869315
0.4409887837848672,0.5590112162151329
0.3219391317106628,0.6780608682893373
0.22645263533298957,0.7735473646670106
0.139298600100682,0.860701399899318
1.6653345369377348e-16,0.9999999999999998
0.3318956492051408,0.6681043507948592
0.32171279367683087,0.678287206323169
0.0,1.0
0.5806530816705471,0.41934691832945287
0.5649859071554154,0.43501409284458475
0.0,1.0
0.5257851537976923,0.4742148462023079
0.36716446177694395,0.6328355382230562
0.2780837897389118,0.7219162102610881
0.34392273798584944,0.6560772620141505
0.495867918979355,0.504132081020645
0.38002216801249294,0.619977831987507
0.47044294857845503,0.529557051421545
8.326672684688674e-17,1.0
0.36778410341379497,0.632215896586205
0.34802992451843623,0.6519700754815637
0.0,1.0
0.4685617880066907,0.5314382119933093
0.1172780884518331,0.8827219115481669
0.4360326363321483,0.5639673636678517
0.0,1.0
0.4939641833688542,0.506035816631146
0.5,0.5
2.220446049250313e-16,0.9999999999999999
0.45808672866460376,0.5419132713353962
0.43139725523362005,0.56860274476638
0.362250074135373,0.6377499258646269
0.3354796333587011,0.6645203666412988
0.6091680614849815,0.3908319385150187
0.49124147663803674,0.5087585233619634
0.41551239955664787,0.5844876004433524
0.20981655667635496,0.790183443323645
1.3877787807814457e-16,1.0
0.48847252178436346,0.5115274782156367
0.29394345121897675,0.7060565487810232
0.23968269034616582,0.7603173096538339
0.09384351970278669,0.9061564802972134
0.4033393440840977,0.5966606559159023
0.0,1.0
0.5211340602425739,0.478865939757426
0.31433349634022106,0.685666503659779
0.24717241838780757,0.7528275816121925
0.5645050863709258,0.43549491362907433
0.5559088771367818,0.444091122863218
0.2408194869315487,0.7591805130684514
0.5289863794238023,0.4710136205761975
0.33239263031189836,0.6676073696881014
0.37365439142032947,0.6263456085796706
0.37319969507872247,0.6268003049212776
0.46505509448535753,0.5349449055146424
0.0,1.0
0.5223398031441171,0.477660196855883
0.3620242890883789,0.637975710911621
0.2907844132714512,0.7092155867285488
0.28616663223643474,0.7138333677635652
0.12684322966798578,0.8731567703320142
0.5145972370489756,0.4854027629510242
0.0,1.0
0.38766971596062866,0.6123302840393712
0.0,1.0
0.5084260590678703,0.49157394093212986
0.5030691366716046,0.4969308633283954
0.5287050646334758,0.47129493536652434
0.5069117699196376,0.49308823008036234
0.34603448983351176,0.6539655101664882
0.4449627525572487,0.5550372474427513
0.4874068825415508,0.5125931174584493
0.6417342499482651,0.3582657500517348
0.41860725104337115,0.5813927489566288
0.4328020912031862,0.5671979087968138
0.509699387981258,0.490300612018742
0.5424233416269708,0.4575766583730291
0.3063085898718088,0.6936914101281912
0.44567872001832143,0.5543212799816785
0.014748838264013034,0.985251161735987
0.0,1.0
5.551115123125783e-17,0.9999999999999999
0.3634506155031357,0.6365493844968644
0.33352001057265523,0.6664799894273448
0.25014112991685833,0.7498588700831417
0.4204360353131298,0.5795639646868702
0.38722662627696997,0.6127733737230301
0.3455405928542814,0.6544594071457187
1.1102230246251565e-16,0.9999999999999999
0.0,1.0
0.26745558343030484,0.7325444165696953
0.06476061733847631,0.9352393826615237
0.39171657400545346,0.6082834259945464
0.22817773762532956,0.7718222623746703
0.41729116058650345,0.5827088394134963
0.6331686233132775,0.36683137668672244
0.15494104648585602,0.8450589535141441
0.5438432513250391,0.45615674867496114
0.4478720835743028,0.552127916425697
0.31831908516019675,0.6816809148398033
0.4075515199561861,0.5924484800438139
0.31536109478363183,0.684638905216368
0.39736741491009087,0.6026325850899091
0.44594623407421313,0.5540537659257867
0.21947491591686383,0.7805250840831361
5.551115123125783e-17,1.0
0.36687158777136697,0.6331284122286331
0.0,1.0
0.5064189630998034,0.4935810369001964
0.0,1.0
0.1922971933669022,0.8077028066330978
0.35231915581971407,0.6476808441802859
0.3813632482366163,0.6186367517633838
0.5290099788733003,0.47099002112669974
0.29628363703100713,0.7037163629689929
0.1953172344006941,0.804682765599306
0.355972283355452,0.6440277166445479
0.3727594761987236,0.6272405238012764
0.22652234054586493,0.773477659454135
0.5348974309479709,0.46510256905202885
5.551115123125783e-17,1.0
0.4787346287294949,0.5212653712705051
0.24316010900971097,0.7568398909902889
0.33391156003405936,0.6660884399659407
0.0,1.0
0.46305476726804723,0.5369452327319528
0.5263492705225401,0.47365072947745984
0.34772143393847815,0.6522785660615216
0.29083451617953626,0.7091654838204637
0.5103091501037339,0.4896908498962662
0.23293532678566395,0.767064673214336
0.0,1.0
0.477911655345567,0.522088344654433
0.0,1.0
0.5615934937427199,0.4384065062572802
0.007355074966612248,0.9926449250333876
0.351195399888826,0.6488046001111744
0.3495533074253943,0.6504466925746056
0.365551927894842,0.6344480721051579
0.26261302256886976,0.7373869774311301
0.4609822593367008,0.5390177406632992
0.0,1.0
0.28767747141779326,0.7123225285822067
0.3375174177125421,0.6624825822874579
0.4400072562168793,0.5599927437831207
0.4650258542269511,0.5349741457730488
0.38293078634887934,0.6170692136511207
0.36091083660721773,0.6390891633927822
0.2180577746731737,0.7819422253268264
1.6653345369377348e-16,0.9999999999999999
0.44814073512049246,0.5518592648795075
0.337770083811453,0.662229916188547
0.3635937095684095,0.6364062904315906
0.5337849494888425,0.4662150505111576
0.49553037743022843,0.5044696225697716
0.26405476745997775,0.7359452325400222
0.4608818755343022,0.5391181244656977
0.28475639437410355,0.7152436056258965
0.4362549932924974,0.5637450067075025
0.5143878195673042,0.4856121804326959
0.49275301510767094,0.507246984892329
0.587703857356374,0.4122961426436261
0.509919140426742,0.4900808595732579
0.6980278660065835,0.3019721339934165
0.3234230167973511,0.6765769832026489
0.33599715592427565,0.6640028440757244
5.551115123125783e-17,1.0
0.5273664734911694,0.4726335265088305
0.0,1.0
0.3761790968562656,0.6238209031437344
0.5791021530348786,0.4208978469651215
0.5103454992124319,0.48965450078756817
1.1102230246251565e-16,1.0
0.44484534737749426,0.5551546526225057
0.24920515316918615,0.7507948468308139
0.5761313464604076,0.4238686535395923
0.38313567539694665,0.6168643246030534
0.33787622244919746,0.6621237775508027
0.35796545145974995,0.6420345485402501
0.5391910637481759,0.46080893625182406
0.34634148621777694,0.6536585137822231
0.3109305865170064,0.6890694134829937
0.5456239836269402,0.4543760163730597
0.3826641415423448,0.6173358584576553
0.31766543651816515,0.6823345634818349
0.44798435080754384,0.5520156491924564
0.32391740729470725,0.6760825927052928
0.23817574389047794,0.7618242561095222
0.322472564682464,0.6775274353175361
0.3817169219183014,0.6182830780816986
0.0,1.0
0.29090851339237095,0.709091486607629
0.19465446797179392,0.8053455320282061
0.6311665658752491,0.3688334341247508
0.5575260892213791,0.442473910778621
0.29697410327442464,0.7030258967255754
0.4847277622168082,0.5152722377831919
0.5844376244090778,0.41556237559092235
0.42426394964710906,0.575736050352891
0.4269793281221371,0.5730206718778628
0.4362741499804931,0.5637258500195069
0.3885033689439297,0.6114966310560702
0.1376812413110372,0.8623187586889628
0.6052637665262655,0.3947362334737345
0.6238114068593401,0.3761885931406599
0.44236244943126457,0.5576375505687357
0.14378539784534836,0.8562146021546516
0.56762208923696,0.43237791076304
5.551115123125783e-17,1.0
0.43627414152937455,0.5637258584706256
0.4855888886147949,0.5144111113852051
0.25313809629255785,0.7468619037074424
0.16424201120891857,0.8357579887910814
0.0,1.0
0.30727861246479676,0.6927213875352032
0.3684961535036566,0.6315038464963434
0.1744975130873114,0.8255024869126885
0.5763184572804751,0.42368154271952485
0.4874631785407801,0.5125368214592197
0.24041068150131123,0.7595893184986887
0.48730605679468153,0.5126939432053185
0.3221385473181695,0.6778614526818305
0.5712936295135951,0.42870637048640453
0.4963122346159452,0.5036877653840547
0.4362713423350754,0.5637286576649246
0.5310744214514117,0.4689255785485884
0.5111537207898844,0.4888462792101158
0.33944812260188556,0.6605518773981144
0.5891092109259958,0.4108907890740043
0.50922959342321,0.49077040657679005
0.3209835010159061,0.679016498984094
0.5586166009980796,0.4413833990019204
0.4348471898977985,0.5651528101022014
0.0,1.0
0.21943100809635005,0.7805689919036499
0.0,1.0
0.20508934740840273,0.7949106525915973
0.4709833351376065,0.5290166648623934
0.46141835469124437,0.5385816453087556
0.2775876475179029,0.7224123524820973
0.5585728086308664,0.4414271913691335
0.5612948221399156,0.4387051778600843
0.29771579562179096,0.7022842043782089
0.0,1.0
0.4211098643828717,0.5788901356171284
0.4884666316444476,0.5115333683555524
0.30282041530651876,0.6971795846934813
0.49012134621598635,0.5098786537840138
0.37682936791320126,0.6231706320867987
5.551115123125783e-17,1.0
0.5294484972678667,0.47055150273213336
0.5081015094357878,0.4918984905642122
0.3858653679443321,0.614134632055668
0.4872474582329655,0.5127525417670343
0.43247986009217476,0.5675201399078251
0.38872080954929156,0.6112791904507083
0.4317748369557565,0.5682251630442434
0.0,1.0
0.3828689401601803,0.6171310598398198
0.2937571191835601,0.7062428808164399
0.533562330393144,0.46643766960685595
1.5265566588595902e-16,1.0
0.37168770956383296,0.6283122904361669
0.25788543617066173,0.7421145638293383
0.5201946302424397,0.4798053697575601
0.0,1.0
0.26900052789705536,0.7309994721029445
0.5818298752648422,0.4181701247351577
0.3730623694136739,0.6269376305863261
0.012105375443846822,0.9878946245160262
1.6653345369377348e-16,0.9999999999999998
0.4804679107596622,0.519532089240338
0.5379582948649487,0.46204170513505105
0.16823141487396667,0.8317685851260332
0.753506969309525,0.24649303069047504
0.5078680503497836,0.4921319496502165
0.20944645963835562,0.7905535403616445
8.326672684688674e-17,1.0
0.5311205658152617,0.4688794341847383
0.10909381503527461,0.8909061849647254
0.08870554241656274,0.9112944575834374
0.49028890982888973,0.5097110901711104
0.4233557551137147,0.5766442448862852
0.5830423274450199,0.4169576725549802
1.1102230246251565e-16,1.0
0.32964842359748764,0.6703515764025124
0.4975073002089343,0.5024926997910657
0.44627493547563346,0.5537250645243665
0.0,1.0
0.3387853345354831,0.6612146654645171
0.45500345194980574,0.5449965480501942
0.5018361504580592,0.4981638495419408
0.0,1.0
0.5094667042827272,0.4905332957172729
0.23910115884088215,0.7608988411591178
0.0,1.0
0.4562026044542096,0.5437973955457905
1.8735013540549517e-16,0.9999999999999999
0.41156294527597465,0.5884370547240254
0.18151821762331966,0.8184817823766803
0.0,1.0
0.2973203658787596,0.7026796341212403
0.47956672521566296,0.5204332747843369
0.377947895814679,0.622052104185321
0.24076732639911072,0.7592326736008893
0.23299716399364584,0.7670028360063543
0.0,1.0
0.2047050718644936,0.7952949281355064
0.3616984260843491,0.6383015739156509
0.19459684570477243,0.8054031542952276
0.5,0.5
3.7470027081099033e-16,0.9999999999999998
0.375375509262085,0.624624490737915
0.47346129720330427,0.5265387027966957
0.29725409008845854,0.7027459099115414
0.14546713344029394,0.8545328665597061
0.526410473833604,0.4735895261663961
0.4423073336388745,0.5576926663611255
0.4494582958285682,0.5505417041714317
0.5837672352538578,0.4162327647461424
0.11953302873414351,0.8804669712658565
0.0452959428121453,0.9547040571878548
0.4055005507741348,0.5944994492258651
0.5204551000073483,0.4795448999926519
0.5234834959440938,0.47651650405590623
0.32215609372301146,0.6778439062769883
0.4986279294338432,0.5013720705661568
5.551115123125783e-17,1.0
0.3210071870711164,0.6789928129288836
0.24335734981453871,0.7566426501854613
0.49818872822808213,0.5018112717719179
0.0,1.0
0.19172359497999944,0.8082764050200006
0.39716623943507906,0.6028337605649209
0.0,1.0
0.35395805192976826,0.6460419480702317
0.49911587771464216,0.5008841222853577
0.38435979258317426,0.6156402074168258
0.29394239489689494,0.7060576051031052
0.3923335736617446,0.6076664263382554
0.45290850656550186,0.5470914934344981
0.0,1.0
0.0,1.0
0.3844394719263317,0.6155605280736683
0.6027174057567044,0.3972825942432958
0.39163897572820794,0.6083610242717923
0.3535447253047897,0.6464552746952104
0.49444472970818765,0.5055552702918122
5.551115123125783e-17,1.0
0.4148365995832217,0.5851634004167783
0.5214801713987144,0.47851982860128545
0.34953260974525713,0.6504673902547428
0.5703439300666545,0.4296560699333456
0.4803844420998671,0.5196155579001328
0.27006120538565676,0.7299387946143432
0.1531383486182766,0.8468616513817233
0.4625695848949666,0.5374304151050335
0.4697503735012652,0.5302496264987349
0.29712801998442323,0.7028719800155767
0.30494365303233517,0.695056346967665
0.5886794473998133,0.4113205526001867
0.23869617945569316,0.7613038205443068
0.5177887868614175,0.48221121313858245
0.0,1.0
0.0,1.0
0.5630266554573733,0.4369733445426267
0.45358992430226164,0.5464100756977385
0.5039070751114695,0.49609292488853046
0.4522540956336296,0.5477459043663704
0.512027933069323,0.4879720669306769
0.38283441928272166,0.6171655807172782
0.33078717516067985,0.66921282483932
0.41630739955231366,0.5836926004476862
0.5146867520022651,0.4853132479977349
0.42992551961566233,0.570074480384338
0.3955006883108705,0.6044993116891295
0.5526309277743522,0.44736907222564776
0.0,1.0
0.6127509815772393,0.3872490184227609
0.0,1.0
0.49108072233254524,0.5089192776674548
0.4562234726987272,0.5437765273012727
0.38061923686130883,0.6193807631386913
0.3298605177891927,0.6701394822108074
0.3881926386451597,0.6118073613548402
0.21003642548413398,0.789963574515866
0.18132538119216743,0.8186746188078324
0.18086336506054077,0.8191366349394592
0.3239191925965996,0.6760808074034006
0.0,1.0
0.2271323386381434,0.7728676613618567
0.5513967527067295,0.4486032472932705
0.438806243226136,0.5611937567738642
0.4215476315403738,0.5784523684596263
0.2207554288322885,0.7792445711677115
0.2085813432602871,0.7914186567397129
0.5818114419923344,0.41818855800766563
0.37756277186165127,0.622437228138349
0.11379604460416405,0.8862039553958359
0.245961396075926,0.7540386039240741
1.1102230246251565e-16,1.0
0.5176895029833373,0.4823104970166627
0.3521718653327879,0.6478281346672121
0.5729170776161377,0.4270829223838624
0.6733599831058469,0.326640016894153
0.4619462844754934,0.5380537155245066
0.4512687383181144,0.5487312616818855
5.551115123125783e-17,1.0
0.49366636038106726,0.5063336396189326
0.39445168694612887,0.6055483130538711
0.3703873051312784,0.6296126948687215
0.0,1.0
0.3577886159423599,0.6422113840576401
0.0,1.0
0.29721656703395827,0.7027834329660418
0.07768613904144513,0.9223138609585547
0.44565889142486315,0.554341108575137
0.5667971485418226,0.43320285145817744
0.0,1.0
0.24436528903444185,0.7556347109655581
0.527353677949769,0.4726463220502308
0.5265245910943305,0.4734754089056694
0.5325599161101132,0.4674400838898868
0.32832289061606734,0.6716771093839325
0.3348145269744279,0.6651854730255721
0.49293659766456444,0.5070634023354356
0.4727807263175885,0.5272192736824116
0.32944425380044695,0.6705557461995533
0.15777482418873384,0.8422251758112663
0.6226902652634467,0.3773097347365533
0.4400221162334088,0.5599778837665912
0.436246040559439,0.5637539594405611
0.3512418480154186,0.6487581519845814
0.4480671433063834,0.5519328566936165
0.23390928285147963,0.7660907171485205
0.24097928731430204,0.759020712685698
0.0,1.0
0.3101311881317717,0.6898688118682283
0.21079383729812562,0.7892061627018744
0.5,0.5
0.28077854292628235,0.7192214570737177
0.0,1.0
0.4323179624787346,0.5676820375212656
0.0,1.0
0.3730181971370659,0.626981802862934
0.40946110200782454,0.5905388979921753
0.5889066562206335,0.41109334377936635
0.5755153875833822,0.42448461241661767
0.4983658233097266,0.5016341766902734
0.29088863248259117,0.7091113675174089
0.4982388139654968,0.5017611860345031
0.1966713312683951,0.803328668731605
0.5463926710340894,0.4536073289659106
0.6196957440580739,0.3803042559419262
0.3192922697634648,0.6807077302365353
0.2602116963657921,0.739788303634208
0.5399081243649134,0.4600918756350866
0.47030667002554855,0.5296933299744515
0.2108492137863098,0.7891507862136902
0.4366650924218274,0.5633349075781727
0.5851684753626636,0.4148315246373366
0.34083079536471306,0.6591692046352869
0.30275029937731585,0.6972497006226841
0.0,1.0
0.23856541163154488,0.7614345883684552
0.06751596397366788,0.9324840360263321
0.3243095553702317,0.6756904446297686
1.6653345369377348e-16,0.9999999999999999
0.33043343797518676,0.6695665620248132
0.5098105090365275,0.4901894909634726
0.598777689231714,0.4012223107682863
0.10534000592792186,0.8946599940720783
0.3430066642313516,0.6569933357686484
0.4546757876062459,0.5453242123937542
0.6234571470825128,0.3765428529174873
0.2571056039686472,0.7428943960313528
0.3070000666552995,0.6929999333447006
0.3625603752090273,0.6374396247909727
0.5,0.5
0.5334231756160694,0.4665768243839306
0.4618194355512661,0.5381805644487339
0.5997589055952092,0.4002410944047909
0.09159489999089275,0.9084051000091072
0.2555512126854775,0.7444487873145225
5.551115123125783e-17,1.0
0.0019134784115441444,0.9980865215884559
0.24783762992381106,0.7521623700761889
0.1097103770797135,0.8902896229202866
0.496280377472473,0.5037196225275269
0.3515615855129269,0.6484384144870732
0.2168972145948855,0.7831027854051147
0.4900132001906783,0.5099867998093219
0.397365415468812,0.602634584531188
0.42210875905005885,0.5778912409499412
0.0,1.0
0.3313134839521785,0.6686865160478215
0.0,1.0
0.29624170187852805,0.703758298121472
0.7315119893394721,0.26848801066052813
0.5404606463803397,0.4595393536196604
0.3794283916408617,0.6205716083591383
0.1982980108553498,0.8017019891446503
0.5599337340088338,0.44006626599116605
0.41581386343959703,0.5841861365604029
0.345904659924433,0.654095340075567
0.1819506873180223,0.8180493126819776
0.40551377776186837,0.5944862222381314
0.5944977360252117,0.40550226397478806
0.4250388742742054,0.5749611257257945
0.532210902173657,0.46778909782634315
0.39697950831868006,0.60302049168132
0.5268499266284397,0.4731500733715604
0.5070303301031501,0.49296966989684976
0.350347129079664,0.649652870920336
0.5721407590469575,0.42785924095304245
0.5110947235164995,0.4889052764835004
0.3084624686268736,0.6915375313731265
0.34513410719647886,0.6548658928035213
0.4746619494135502,0.5253380505864499
0.5731349356851867,0.4268650643148133
0.43339677501728696,0.5666032249827132
0.4341392120802893,0.5658607879197108
0.19069329762905365,0.8093067023709466
0.49475509475987445,0.5052449052401254
0.4025054734557851,0.597494526544215
0.5877718611622089,0.4122281388377911
0.2908326796477739,0.7091673203522261
0.5610006999663132,0.43899930003368687
0.3577715753644691,0.6422284246355311
0.5367590350520484,0.4632409649479515
8.326672684688674e-17,1.0
0.4759343941982976,0.5240656058017024
0.4806267393500661,0.5193732606499338
0.488496416324961,0.511503583675039
0.33741816334070424,0.6625818366592956
0.0,1.0
0.06537546318559496,0.934624536814405
0.3952220541308647,0.6047779458691352
0.46861048657675514,0.5313895134232448
0.0778870244566952,0.9221129755433048
0.5199192465588792,0.48008075344112083
0.34877485693957727,0.6512251430604229
0.06363590514092227,0.9363640948590778
0.0,1.0
0.40310350625321445,0.5968964937467857
0.0,1.0
0.5144587294222898,0.4855412705777103
0.3463725460913625,0.6536274539086375
1.1102230246251565e-16,0.9999999999999999
0.4210131281948969,0.5789868718051032
0.47030558370934256,0.5296944162906575
0.21261688434776913,0.7873831156522308
0.03047871859243373,0.9695212814075662
0.4047091734591258,0.5952908265408741
5.551115123125783e-17,1.0
0.4233538878137257,0.5766461121862744
4.371503159461554e-16,0.9999999999999996
0.5854019044944871,0.4145980955055128
0.36156412236766733,0.6384358776323327
0.4218192847301521,0.5781807152698478
0.36128294729481414,0.638717052705186
0.0,1.0
0.522107998189854,0.47789200181014607
0.19416058055211147,0.8058394194478886
4.163336342344337e-17,1.0
0.2396978452926656,0.7603021547073344
0.38561965384075975,0.6143803461592403
0.4532031725550622,0.5467968274449378
0.2268653790980383,0.7731346209019617
0.42450236968688476,0.5754976303131152
0.5092864464487185,0.4907135535512815
0.3195273179856637,0.6804726820143364
0.5841440925526522,0.41585590744734785
0.3184359399564018,0.6815640600435982
0.0,1.0
0.6132100407878289,0.386789959212171
0.17454986696684044,0.8254501330331596
0.0,1.0
0.4599110007661251,0.5400889992338749
0.430484360646394,0.5695156393536059
0.3460920138040871,0.653907986195913
0.36537036444539617,0.6346296355546037
0.4782393812806102,0.5217606187193898
0.39442496185186854,0.6055750381481315
0.39421077127822873,0.6057892287217713
0.5717658938260498,0.42823410617395014
0.5156757035292685,0.4843242964707315
0.4911943381090704,0.5088056618909298
0.39440032091599336,0.6055996790840067
0.23294029517358933,0.7670597048264108
0.16250368875960938,0.8374963112403906
0.5404770432711627,0.459522956728837
0.5904876357550337,0.4095123642449663
0.20913316720104957,0.7908668327989504
5.551115123125783e-17,1.0
0.1744273689908566,0.8255726310091434
0.536879032113124,0.46312096788687607
1.249000902703301e-16,0.9999999999999999
0.4349873029487937,0.5650126970512063
0.43668364898201667,0.5633163510179834
0.5148294050076134,0.48517059499238663
5.551115123125783e-17,1.0
0.4578015198131232,0.5421984801868768
0.3003494870688978,0.699650512931102
0.4346298956180189,0.565370104381981
1.6653345369377348e-16,0.9999999999999999
0.3955213705716824,0.6044786294283178
0.536879032113124,0.46312096788687607
0.21445379425897088,0.7855462057410291
0.5295816037396571,0.4704183962603428
0.4428956184998443,0.5571043815001557
0.4347397906104036,0.5652602093895963
0.0,1.0
0.4535190269341826,0.5464809730658173
0.0,1.0
0.2441029684139035,0.7558970315860966
0.0,1.0
5.551115123125783e-17,1.0
0.0,1.0
0.46120859174650913,0.5387914082534909
0.0,1.0
0.3058303890983601,0.6941696109016398
0.28756766061251254,0.7124323393874876
0.38358107386367696,0.616418926136323
0.6881224942147594,0.3118775057852406
0.7794116416426912,0.220588358357309
0.19574354696579008,0.8042564530342099
0.5435510305479155,0.45644896945208435
5.551115123125783e-17,1.0
0.42925991467127295,0.5707400853287273
0.40892180459962457,0.5910781954003754
5.551115123125783e-17,1.0
0.29847806942635835,0.7015219305736416
0.12412331925478017,0.8758766807452198
0.6232226943272376,0.3767773056727624
0.0,1.0
0.4306816277518325,0.5693183722481676
0.49996346830935456,0.5000365316906454
0.374068733304739,0.625931266695261
0.5320913063861518,0.4679086936138482
0.5033203896567974,0.49667961034320246
0.34087473749864305,0.6591252625013568
0.2895426679509731,0.710457332049027
0.2811944518372312,0.7188055481627688
0.5214214039262852,0.4785785960737147
0.21813745482447064,0.7818625451755294
0.3129404201375551,0.6870595798624451
0.38938393862736714,0.6106160613726329
0.3564642756507822,0.6435357243492177
0.436228242365049,0.5637717576349509
0.6248232959799075,0.3751767040200926
0.5675229733673742,0.4324770266326256
0.4217399963366661,0.5782600036633339
0.4886883221029562,0.5113116778970439
0.451668939192131,0.5483310608078688
0.4280958726881064,0.5719041273118938
0.6176170616888854,0.38238293831111475
0.25551294623017684,0.7444870537698233
0.4419513209026813,0.558048679097319
0.4238460577019122,0.5761539422980878
0.3647555832012257,0.6352444167987743
0.2314221977001911,0.768577802299809
0.0,1.0
0.39677640943090564,0.6032235905690945
0.0,1.0
5.551115123125783e-17,1.0
0.47893442336004566,0.5210655766399542
0.4343696899494465,0.5656303100505534
0.5556423299789603,0.44435767002103954
0.47767262090817514,0.5223273790918249
0.0,1.0
0.4365126878477859,0.563487312152214
0.5,0.5
0.1971650540838064,0.8028349459161936
0.4952398218321331,0.504760178167867
0.5705201053390011,0.42947989466099895
0.0,1.0
0.0,1.0
0.389335924753263,0.6106640752467369
0.5238960871808236,0.4761039128191765
0.41478855977634393,0.5852114402236561
0.46021781054446587,0.539782189455534
0.21831528468913108,0.7816847153108689
0.04433042273810578,0.955669577261894
0.4577887277177219,0.5422112722822784
0.0,1.0
0.4350413011782831,0.5649586988217172
0.17706295093298416,0.8229370490670158
0.2906330014974489,0.709366998502551
0.0,1.0
0.3572168509437771,0.6427831490562229
0.3680033806203961,0.6319966193796037
2.7755575615628914e-17,1.0
0.12484238533993147,0.8751576146600686
0.43802756563739237,0.5619724343626077
0.37169030412718995,0.62830969587281
0.5279576486019196,0.47204235139808043
0.5993823051454406,0.4006176948545594
0.46325340431011947,0.5367465956898805
0.5,0.5
0.2982620091550293,0.7017379908449707
0.43640350922942167,0.5635964907705784
0.32969539849058693,0.6703046015094128
0.04486625086272465,0.9551337491372753
0.39617798055156384,0.6038220194484363
3.3306690738754696e-16,0.9999999999999997
0.49029619924213286,0.5097038007578671
0.38561531549513317,0.6143846845048669
5.551115123125783e-17,0.9999999999999999
0.3461002976118726,0.6538997023881278
0.2911848162840147,0.7088151837159854
0.17741650205650464,0.8225834979434954
0.1746837942052038,0.8253162057947961
0.43265454502447803,0.5673454549755219
0.3475752599274039,0.6524247400725961
0.3549745978524682,0.6450254021475318
0.4954977617327779,0.5045022382672223
0.0,1.0
0.5413102885442194,0.4586897114557805
0.5817372025491189,0.4182627974508811
0.5020577393873864,0.4979422606126137
0.18792529546797887,0.8120747045320212
0.0,1.0
0.05069807141760942,0.9493019285823906
0.4724901640171238,0.5275098359828765
0.0,1.0
0.302441908919108,0.697558091080892
0.1578748746938483,0.8421251253061517
8.326672684688674e-17,1.0
0.4522907996474384,0.5477092003525617
0.4341539789172055,0.5658460210827946
0.1692862880764121,0.8307137119235879
0.43629447810530747,0.5637055218946926
0.5703761573884931,0.42962384261150677
6.938893903907228e-18,0.9999999999999999
2.7755575615628914e-17,1.0
0.5652643269865811,0.4347356730134186
0.4902103436539045,0.5097896563460955
0.33014042839428864,0.6698595716057113
0.43971577288769953,0.5602842271123005
0.01095311039053994,0.9890468896094599
0.6142314928281544,0.3857685071718458
0.5334936751528326,0.4665063248471672
0.39433883986435464,0.6056611601356454
0.40797046031672995,0.59202953968327
0.006387814582589643,0.9936121854174105
0.16110897532042467,0.8388910246795753
0.545839155903464,0.4541608440965358
0.0,1.0
0.375438847508665,0.6245611524913351
0.4793017481888511,0.5206982518111488
0.13772798616804724,0.8622720138319528
5.551115123125783e-17,1.0
0.4729516751758533,0.5270483248241468
0.5148159045276213,0.4851840954723788
0.008401993721643264,0.9915980062783567
0.5289882718799518,0.4710117281200481
8.326672684688674e-17,1.0
0.5918219737530374,0.4081780262469627
0.5,0.5
0.5474115129518332,0.45258848704816695
0.43074734246927265,0.5692526575307274
0.23387147277690773,0.7661285272230921
0.3198609175787537,0.6801390824212463
0.24106659340945344,0.7589334065905465
0.43680105351500337,0.5631989464849967
0.0,1.0
0.36555042659505727,0.6344495734049426
0.4476309496440034,0.5523690503559965
0.5005038813306286,0.4994961186693714
0.426914438604648,0.5730855613953522
0.1894735705050225,0.8105264294949777
0.1875920109661545,0.8124079890338456
0.0,1.0
0.29880429240355566,0.7011957075964442
0.08927178851557342,0.9107282114844267
0.32882195804377656,0.6711780419562235
0.3780942130833864,0.6219057869166136
0.3356122008802666,0.6643877991197334
0.3841114250245428,0.6158885749754571
0.27514320566161826,0.7248567943383818
0.1603146782831492,0.8396853217168508
0.6096533301109309,0.39034666988906946
0.38701356499164213,0.6129864350083578
0.2148124936059311,0.7851875063940689
0.322746616085532,0.6772533839144681
0.056725975129665214,0.9432740248703348
0.0,1.0
0.23637203325372114,0.7636279667462789
0.3365112838027189,0.6634887161972811
0.4029980445030762,0.5970019554969238
0.5146356936916724,0.48536430630832766
0.0,1.0
0.5459592190035913,0.45404078099640865
0.34190459237771603,0.6580954076222838
0.3986661587343684,0.6013338412656316
0.427054740234434,0.572945259765566
0.45369035555329906,0.5463096444467012
0.46906845119982155,0.5309315488001787
0.0,1.0
0.4866130956277198,0.51338690437228
0.5495363993305372,0.4504636006694628
0.1906088123004234,0.8093911876995766
0.6057771601460074,0.3942228398539926
0.3895097374916076,0.6104902625083923
0.2908937459712663,0.7091062540287336
0.21189521871932462,0.7881047812806755
0.3336745047685933,0.6663254952314066
0.1790072210858209,0.8209927789141792
0.5817279464437344,0.4182720535562656
0.3260597417164839,0.6739402582835161
0.27074411934925113,0.729255880650749
0.4036354889394012,0.5963645110605986
0.5,0.5
0.39406208648322383,0.6059379135167762
0.027929832638378203,0.9720701673616218
0.6493041970490693,0.35069580295093083
0.29499743575565823,0.7050025642443418
0.4670136753962706,0.5329863246037295
0.3945554273008096,0.6054445726991904
0.48063475384539345,0.5193652461546066
0.44720484223197643,0.5527951577680235
0.560395528192278,0.43960447180772194
0.5030333286352132,0.49696667136478667
0.1769641959749595,0.8230358040250405
0.3804173073742286,0.6195826926257714
0.45715951463456406,0.5428404853654358
0.17316424572267758,0.8268357542773225
0.50979536081031,0.49020463918969004
0.3966040671703179,0.6033959328296822
1.1102230246251565e-16,1.0
0.0,1.0
0.5216963257333129,0.47830367426668696
0.5124729629189647,0.48752703708103523
0.5705060740820564,0.4294939259179436
0.5404768620676271,0.4595231379323728
0.31107979515611967,0.6889202048438804
0.0,1.0
0.3353438647630598,0.6646561352369402
0.4158773743878453,0.5841226256121547
0.3243368564250086,0.6756631435749915
0.4529361321532068,0.5470638678467931
0.22905302554775178,0.7709469744522481
0.0,1.0
0.0,1.0
0.08162070262680741,0.9183792973731927
0.36655223928825936,0.6334477607117407
0.5545887007490411,0.44541129925095885
0.0,1.0
0.21086601521150503,0.7891339847884951
0.45170947998704497,0.548290520012955
0.0,1.0
0.46531706410781365,0.5346829358921864
0.6046007350407927,0.3953992649592075
0.22250474104742435,0.7774952589525757
0.4218216675434485,0.5781783324565516
0.6684120025723861,0.33158799742761397
0.3982749192814672,0.6017250807185328
1.3877787807814457e-17,1.0
0.43187003115795186,0.5681299688420482
0.5347005781133848,0.4652994218866153
0.42373752105312945,0.5762624789468705
0.5242316556060928,0.4757683443939071
0.11582476035874857,0.8841752396412514
0.46201903457660976,0.5379809654233901
0.0,1.0
0.41106312951343904,0.588936870486561
0.5744226103120118,0.42557738968798814
0.0,1.0
0.21850152745860366,0.7814984725413964
0.11950041234664427,0.8804995876533558
1.1102230246251565e-16,1.0
0.48718427057796854,0.5128157294220316
0.27902942838883693,0.7209705716111632
0.09997758059768111,0.900022419402319
0.46055729618530655,0.5394427038146933
0.45445480071512945,0.5455451992848704
0.5236023338912461,0.47639766610875406
0.29090978901681325,0.7090902109831866
0.4286837260255844,0.5713162739744156
0.13924286002847058,0.8607571399715296
0.3696457098946791,0.630354290105321
0.37379836849868286,0.6262016315013171
0.6350361873928562,0.3649638126071438
0.4007286954185618,0.5992713045814382
0.005214150153568279,0.9947858498464317
0.5420854517503273,0.4579145482496726
0.3099905996602597,0.6900094003397401
0.49017719473562243,0.5098228052643775
0.43476327323334346,0.5652367267666566
0.4675225777037898,0.5324774222962103
7.216449660063518e-16,0.9999999999999993
0.459477876207216,0.5405221237927839
0.310867051889334,0.6891329481106662
0.4784438374886926,0.5215561625113073
0.40039420627928335,0.5996057937207167
0.3052141098333082,0.6947858901666919
1.942890293094024e-16,0.9999999999999999
0.5611713150733669,0.4388286849266332
0.33873581931911334,0.6612641806808867
0.5836889877117574,0.41631101228824274
0.5877738270879889,0.4122261729120113
0.4085846174413899,0.59141538255861
0.5237024951902999,0.4762975048097002
0.562661017000763,0.4373389829992368
5.551115123125783e-17,1.0
0.011309853425049855,0.9886901465749502
0.23805489603376495,0.7619451039662349
0.4994453296305849,0.500554670369415
0.37482440901677627,0.6251755909832238
0.43170698600611274,0.5682930139938873
0.4302290577216224,0.5697709422783774
0.3834205399060263,0.6165794600939736
2.7755575615628914e-17,1.0
0.35774568138774226,0.6422543186122578
0.35244548652123575,0.6475545134787645
0.3242539833767335,0.6757460166232665
0.0,1.0
1.6653345369377348e-16,0.9999999999999999
5.551115123125783e-17,1.0
5.551115123125783e-17,1.0
0.2908347358711112,0.7091652641288889
0.6466720724690553,0.3533279275309448
0.367391377576499,0.632608622423501
0.0,1.0
0.5425273653019003,0.4574726346980998
2.7755575615628914e-17,1.0
0.2823972871783006,0.7176027128216992
0.14549111863817765,0.8545088813618223
0.4484639778635917,0.5515360221364082
0.2209529872380403,0.7790470127619596
0.0,1.0
0.5485893573076907,0.45141064269230896
0.23748974047709234,0.7625102595229075
0.4971574164679505,0.5028425835320495
6.245004513516506e-17,1.0
0.4310062551629847,0.5689937448370153
0.4678520449767891,0.5321479550232109
0.12086732119149522,0.8791326788085048
0.2727934080528719,0.7272065919471282
1.6653345369377348e-16,0.9999999999999999
0.644152207262597,0.355847792737403
0.0,1.0
0.5509676921639673,0.4490323078360327
0.34900351083204006,0.6509964891679599
0.406887253259805,0.593112746740195
0.43534782903643837,0.5646521709635616
0.3751789285972622,0.6248210714027376
0.43966352792471003,0.56033647207529
0.40638532831423874,0.5936146716857612
0.46790071086202994,0.5320992891379702
0.5680236144415446,0.43197638555845547
0.5188839113664792,0.4811160886335208
0.011598995548235642,0.9884010044517644
0.5098105112647732,0.49018948873522683
0.6604116468196939,0.33958835318030606
0.0,1.0
0.45876658047064806,0.541233419529352
0.0,1.0
0.19912004695010455,0.8008799530498953
0.5136754148540511,0.48632458514594873
0.39581831544637686,0.6041816845536232
0.21966555504151933,0.7803344449584807
0.4196994010553097,0.5803005989446903
0.6033670358987009,0.39663296410129906
0.39120224325638103,0.6087977567436189
0.28651451641211684,0.7134854835878832
0.0,1.0
0.5325630405380318,0.4674369594619682
0.2470076489828417,0.7529923510171582
0.4605256222362852,0.5394743777637149
0.13460232085428972,0.8653976791457103
0.41589857927249496,0.5841014207275053
0.3715152628719808,0.6284847371280192
5.551115123125783e-17,0.9999999999999999
0.3887275672987877,0.6112724327012123
0.49140756271623415,0.5085924372837659
0.36739208224380776,0.6326079177561923
0.18059560793852153,0.8194043920614785
0.4801076575776642,0.5198923424223358
0.2534093579810782,0.7465906420189218
0.4580034124199264,0.5419965875800736
0.40347815675047455,0.5965218432495253
0.4397508242571338,0.560249175742866
0.0,1.0
0.15375631240753043,0.8462436875924695
0.3246903334188966,0.6753096665811034
0.30109409418407096,0.698905905815929
0.15705352430773267,0.8429464756922673
0.35011275817199367,0.6498872418280064
0.43051443901262854,0.5694855609873715
0.48049982223510573,0.5195001777648943
0.20175980521444214,0.7982401947855579
0.5497665219852191,0.4502334780147809
0.5808273923642037,0.4191726076357964
0.37734593538816313,0.6226540646118371
0.0,1.0
1.3877787807814457e-16,0.9999999999999998
0.2682028659717438,0.7317971340282562
0.3287370025006,0.6712629974994002
0.1612086250114849,0.8387913749885151
0.0,1.0
0.43626681564358816,0.563733184356412
0.27999586485676287,0.7200041351432372
0.5,0.5
0.3530846566175161,0.646915343382484
0.5321828164629765,0.46781718353702345
0.4890461948259278,0.5109538051740722
0.3506688857909071,0.649331114209093
0.6308147788398593,0.36918522116014074
0.1844714110079866,0.8155285889920133
0.029660400087721618,0.9703395999122784
0.5,0.5
0.12760595878087663,0.8723940412191235
0.39426587623379156,0.6057341237662085
0.5640185654659257,0.4359814345340744
0.0,1.0
0.6262407201923512,0.37375927980764884
0.3944202458426719,0.6055797541573282
0.15018585906307585,0.8498141409369242
0.0,1.0
0.0751858776643622,0.9248141223356379
0.410819999383575,0.5891800006164252
5.551115123125783e-17,1.0
1.3877787807814457e-16,1.0
0.5,0.5
0.28999948129057945,0.7100005187094205
0.5204182772262888,0.4795817227737113
2.7755575615628914e-17,1.0
0.517768597585148,0.48223140241485196
0.049873160767472266,0.9501268392325277
0.554518930693279,0.44548106930672093
0.28194003286028835,0.7180599671397117
0.17419950097121628,0.8258004990287837
0.0,1.0
0.5268488927651668,0.47315110723483345
0.22357650502652418,0.7764234949734758
0.5289955667962177,0.47100443320378244
0.27704137303913023,0.7229586269608698
0.23604157542342957,0.7639584245765705
0.42446296964299424,0.5755370303570059
0.5022252564849887,0.4977747435150113
0.5304758201163365,0.4695241798836635
0.35104241594672214,0.648957584053278
0.18383010927971655,0.8161698907202835
0.5,0.5
0.3273256252825906,0.6726743747174093
0.21635303614438622,0.7836469638556137
0.13033301175503362,0.8696669882449667
0.252489031118787,0.747510968881213
0.0,1.0
0.1376772862514493,0.8623227137485506
0.3062846909262933,0.6937153090737067
0.019981515908773055,0.980018484091227
0.11506095508713969,0.8849390449128604
0.4018130783371896,0.5981869216628104
0.19392603199572495,0.8060739680042752
0.5181649301633583,0.48183506983664165
0.4697228511676237,0.5302771488323763
0.43528195821262317,0.5647180417873767
0.0,1.0
0.34293529655208366,0.6570647034479163
0.11506453114148248,0.8849354688585175
0.4988511901776504,0.5011488098223496
0.29119277367140983,0.7088072263285903
0.5139734858501419,0.48602651414985804
0.5240471432126677,0.47595285678733235
0.42776532073839707,0.5722346792616029
0.5435806688316085,0.4564193311683915
0.46747912397768165,0.5325208760223182
0.282095003315432,0.717904996684568
0.14541979107648081,0.8545802089235193
0.11126351547845828,0.8887364845215419
0.6280643673631031,0.3719356326368969
0.514962942265251,0.4850370577347491
0.5048372810794041,0.495162718920596
0.33403976913619404,0.6659602308638057
0.3551050068835656,0.6448949931164343
0.5530400095375062,0.4469599904624939
0.39840118032134186,0.6015988196786582
5.551115123125783e-17,1.0
0.46482776399928766,0.5351722360007125
0.5929560744447737,0.4070439255552261
0.5154468789400826,0.4845531210599174
0.4226624043170263,0.5773375956829736
0.15151643660025624,0.8484835633997437
0.4796779833056931,0.5203220166943069
0.42510566414288253,0.5748943358571176
5.551115123125783e-17,1.0
5.551115123125783e-17,1.0
0.41390386913545923,0.5860961308645406
0.21716893031457224,0.7828310696854277
0.4040672898280368,0.5959327101719633
0.47926018408622106,0.520739815913779
0.33451624077304376,0.6654837592269564
0.4281800921169548,0.5718199078830454
0.38910469931327646,0.6108953006867235
0.03615135339513163,0.9638486466048685
0.09163414515088758,0.9083658548491125
0.4844760040419635,0.5155239959580363
0.0,1.0
0.5268475954093714,0.47315240459062846
0.5551487486161953,0.4448512513838047
0.34471368578179573,0.6552863142182043
0.557354928108194,0.44264507189180596
0.4117155098647708,0.5882844901352292
0.46215480589404295,0.5378451941059571
0.5019083423539996,0.49809165764600033
0.37998093301506536,0.6200190669849346
0.0,1.0
0.3834715224802495,0.6165284775197505
0.4745278363144187,0.5254721636855811
0.0,1.0
0.5061030158601917,0.49389698413980837
0.38433226696894296,0.6156677330310572
0.5867524048741671,0.41324759512583253
0.2984366850002344,0.7015633149997657
0.0,1.0
0.4356303710214386,0.5643696289785616
0.3673663457800644,0.6326336542199358
0.45808390708257835,0.5419160929174217
4.163336342344337e-17,1.0
0.09083699670279648,0.9091630032972036
2.706168622523819e-16,0.9999999999999998
0.3318475009887938,0.6681524990112061
0.24246679878566565,0.7575332012143344
0.44304558952723416,0.556954410472766
0.611409354685867,0.38859064531413323
0.08812027560484308,0.911879724395157
0.05848165583203047,0.9415183441679696
0.17846367086762221,0.8215363291323778
0.050103197086463054,0.9498968029135371
0.18825407347461098,0.811745926525389
0.4748895649969065,0.5251104350030931
0.535016028248979,0.4649839717510212
0.25618853731995883,0.7438114626800411
0.42926663053266567,0.5707333694673341
0.5740310407349956,0.42596895926500444
0.512911687858807,0.48708831214119297
0.3348145213300242,0.6651854786699759
0.5060647023246302,0.49393529767537
0.4040947410865218,0.5959052589134781
0.0,1.0
0.3397328528637227,0.6602671471362775
0.18541764009821346,0.8145823599017864
0.5223807387929345,0.47761926120706577
0.42401352430634554,0.5759864756936546
0.5871335488069105,0.4128664511930894
0.5357470790400478,0.4642529209599523
0.0,1.0
0.48880013689124147,0.5111998631087585
0.45616174110914215,0.5438382588908578
0.09112320341732952,0.9088767965826707
0.0,1.0
0.05962932595851876,0.9403706740414812
0.3448207915482479,0.6551792084517521
0.34265925792424134,0.6573407420757588
0.0,1.0
0.5557078981798871,0.44429210182011286
0.087208196041537,0.912791803958463
0.5673733985918074,0.4326266014081928
0.4557058747577477,0.5442941252422523
0.4851557251024922,0.5148442748975078
0.4075247881734154,0.5924752118265846
0.0,1.0
0.39315427869548764,0.6068457213045124
0.3994884055360994,0.6005115944639006
0.4439021350444112,0.5560978649555888
0.35771707161497296,0.6422829283850272
5.551115123125783e-17,1.0
0.38720375241800803,0.6127962475819921
0.13775554490408645,0.8622444550959135
0.0,1.0
0.2526334487783405,0.7473665512216596
0.2145275866393556,0.7854724133606443
0.024516327754008933,0.975483672245991
0.4882179838458586,0.5117820161541414
0.4194646105575302,0.5805353894424697
0.4067902771676883,0.5932097228323117
0.32466663189400113,0.6753333681059989
0.3288303561808792,0.6711696438191209
0.3552435114946496,0.6447564885053507
0.46504475084694336,0.5349552491530568
0.4996582951923924,0.5003417048076075
0.0,1.0
0.3536532560792365,0.6463467439207633
0.0,1.0
0.21813745482447064,0.7818625451755294
0.6381604599942179,0.36183954000578217
0.5588202018422413,0.44117979815775865
0.3155546163433145,0.6844453836566856
0.33661432569137817,0.6633856743086219
0.4334080985674143,0.5665919014325859
0.48326897062566615,0.5167310293743338
1.6653345369377348e-16,0.9999999999999998
0.3684275777431113,0.6315724222568885
0.37181091127176047,0.6281890887282394
0.44156262517295136,0.5584373748270486
0.5,0.5
0.3983722829119123,0.6016277170880876
0.491596149642396,0.508403850357604
0.4959546746797822,0.5040453253202178
0.41663604103073265,0.5833639589692675
0.35419250929800633,0.6458074907019936
0.5798840746353562,0.42011592536464365
0.49142800992047125,0.5085719900795287
0.365039736918231,0.634960263081769
0.34802331682294607,0.6519766831770539
0.4793757959354135,0.5206242040645865
0.3735279962420464,0.6264720037579536
1.3877787807814457e-16,0.9999999999999998
0.2908296095195783,0.7091703904804215
0.0,1.0
0.3386107767779871,0.6613892232220129
0.35867002536748127,0.6413299746325187
0.3347231188117909,0.665276881188209
0.2570779855486175,0.7429220144513824
3.434752482434078e-16,0.9999999999999997
0.1579688140427475,0.8420311859572525
0.31649041562030883,0.683509584379691
0.38389398640949807,0.6161060135905019
0.3786410686834606,0.6213589313165394
0.10992388575060305,0.8900761142493969
0.14893729525515115,0.8510627047448488
0.4601183869884241,0.5398816130115761
0.47288323830173434,0.5271167616982653
0.29085513273296243,0.7091448672670376
0.5169342244417351,0.4830657755582648
0.24419051681948073,0.7558094831805193
0.5318266293148226,0.46817337068517734
0.0,1.0
0.0,1.0
0.4722072806691407,0.5277927193308594
0.45512322256447824,0.5448767774355219
0.4376525192953889,0.5623474807046109
0.0,1.0
0.0,1.0
5.551115123125783e-17,1.0
0.3938656526362774,0.6061343473637225
0.5812495242260729,0.41875047577392727
5.551115123125783e-17,1.0
0.6203212703091041,0.379678729690896
0.2177359342306694,0.7822640657693305
0.35957784551695426,0.6404221544830457
0.3575544593371609,0.6424455406628391
0.3501713570469274,0.6498286429530724
0.5531100957349698,0.4468899042650301
0.3839765461674499,0.6160234538325501
0.32883092904573213,0.6711690709542678
0.3931182719237189,0.6068817280762812
0.4841185837704199,0.51588141622958
0.14542472191633568,0.8545752780836643
0.4851275079014334,0.5148724920985666
0.3344297929622653,0.6655702070377347
0.430159610607406,0.569840389392594
0.36362816387250213,0.6363718361274978
0.032950406823448214,0.9670495931765517
0.290858916651677,0.7091410833483229
0.0,1.0
0.0,1.0
0.21133454697928908,0.788665453020711
0.3040564111053287,0.6959435888946713
0.3941966164307082,0.6058033835692919
0.3869562624022366,0.6130437375977634
0.4528598205421845,0.5471401794578156
0.5441719350779863,0.4558280649220136
0.4545665556872624,0.5454334443127377
0.386970605739064,0.6130293942609361
0.17448590709119047,0.8255140929088096
0.5458341604734197,0.45416583952658035
0.23994076254479305,0.760059237455207
0.21816148771024219,0.7818385122897578
0.27951052209970423,0.7204894779002959
0.0,1.0
0.06583718588692149,0.9341628141130786
0.5,0.5
0.43107113134516073,0.5689288686548392
0.36391072540548963,0.6360892745945106
0.5,0.5
0.513468312862082,0.4865316871379179
0.3894228447274784,0.6105771552725217
0.3834453469161926,0.6165546530838073
0.0,1.0
0.22698972870148826,0.7730102712985116
0.4921928836487989,0.5078071163512011
0.38057887690638176,0.6194211230936183
0.06095005574695054,0.9390499442530497
0.3493900365441099,0.6506099634558902
0.391164668736449,0.6088353312635507
0.4754178588301031,0.5245821411698968
0.35222838324402583,0.6477716167559742
0.4821810128346125,0.5178189871653875
0.5476611514062354,0.45233884859376466
0.4425423174961806,0.5574576825038193
0.5,0.5
0.29271078835441083,0.7072892116455891
0.4722714560616304,0.5277285439383695
0.4042318456809096,0.5957681543190905
0.4115595397065049,0.5884404602934952
0.4884327013121896,0.5115672986878104
0.5,0.5
0.3364633489773075,0.6635366510226925
0.026421618377844864,0.9735783816221553
0.4374690427982857,0.5625309572017144
0.320812624907014,0.6791873750929861
0.38902590443143104,0.6109740955685691
0.37333680417973475,0.6266631958202654
0.5615188203682268,0.4384811796317732
0.5144429168679373,0.48555708313206275
0.28832186075015254,0.7116781392498474
0.43627998537153395,0.563720014628466
0.30599435028909744,0.6940056497109025
0.39444681428269773,0.6055531857173023
0.34263811156559726,0.6573618884344027
0.5641273838555615,0.4358726161444386
5.551115123125783e-17,1.0
0.42045072228292046,0.5795492777170794
0.5453984562307674,0.45460154376923273
0.009748742559319255,0.9902512574406808
0.46011832720172047,0.5398816727982795
0.5087752357301452,0.49122476426985484
0.3566005209124828,0.6433994790875173
0.26443234431582724,0.7355676556841726
0.5530963436787385,0.4469036563212616
0.24757259064190265,0.7524274093580974
0.0,1.0
0.0,1.0
0.37153751738897667,0.6284624826110233
0.3524225216915918,0.6475774783084083
0.5119818718024676,0.4880181281975324
0.21240493155495085,0.7875950684450492
0.6206307191251237,0.37936928087487626
0.39442755239101523,0.6055724476089848
0.4966668922075363,0.5033331077924639
0.5965843435744018,0.403415656425598
0.42156678339394904,0.578433216606051
0.0,1.0
0.5351142143255245,0.4648857856744754
0.33134963297337516,0.6686503670266248
0.37647527619589854,0.6235247238041014
0.4115662296736294,0.5884337703263706
0.4345654467854772,0.5654345532145229
0.3705982729249141,0.6294017270750858
0.48453970544541347,0.5154602945545865
0.50214287037713,0.49785712962286993
0.0,1.0
0.3292343015834082,0.6707656984165918
0.3944552311558902,0.6055447688441099
0.44115008364727626,0.5588499163527236
0.38163622784259,0.6183637721574101
0.0,1.0
1.1102230246251565e-16,1.0
0.5,0.5
5.551115123125783e-17,1.0
0.0,1.0
0.43418307369586434,0.5658169263041358
5.551115123125783e-17,1.0
0.48979283867097856,0.5102071613290216
0.3044805577727906,0.6955194422272097
0.5204551000073483,0.4795448999926519
0.29467545298287173,0.7053245470171283
0.4363124258588724,0.5636875741411277
0.31986926969024165,0.6801307303097583
0.4424211202411793,0.5575788797588208
0.5146518286636911,0.485348171336309
0.25332326931133214,0.7466767306886679
0.23949486663772318,0.7605051333622769
0.26075173635736404,0.7392482636426361
0.0538154833521308,0.9461845166478692
2.220446049250313e-16,0.9999999999999998
0.3146927847595287,0.6853072152404713
0.38266041874885565,0.6173395812511443
0.32977746427255133,0.6702225357274486
0.4285526090941524,0.5714473909058474
0.4844181604205975,0.5155818395794027
0.46195407834584024,0.5380459216541598
0.5,0.5
0.4627959073953639,0.5372040926046361
0.19487291170718915,0.8051270882928109
0.5101001392209001,0.48989986077909975
0.6247565396221173,0.3752434603778827
5.551115123125783e-17,1.0
0.4005411641106453,0.5994588358893548
0.0,1.0
0.4794985418323962,0.5205014581676037
0.2674311634216877,0.7325688365783124
0.4428817853800176,0.5571182146199825
0.3613764746114612,0.6386235253885388
0.5375050562127652,0.4624949437872347
5.551115123125783e-17,1.0
0.4813967210372512,0.5186032789627488
0.47035761790116215,0.5296423820988377
0.39435273459181264,0.6056472654081875
0.27410140805833577,0.7258985919416642
0.5546000972067541,0.44539990279324587
0.2186684093765004,0.7813315906234996
0.46900263431233835,0.5309973656876618
0.0,1.0
0.37605985204095305,0.6239401479590471
0.5,0.5
0.4374690479538865,0.5625309520461137
0.3340588998019482,0.6659411001980515
0.3520629120326519,0.6479370879673481
0.6590195282199375,0.3409804717800624
0.6522516015363266,0.3477483984636733
0.0,1.0
0.533320846010256,0.466679153989744
0.0,1.0
0.5175889165371864,0.4824110834628136
0.42916098256892404,0.570839017431076
0.3618006313384586,0.6381993686615413
0.021367209671637476,0.9786327903283625
0.0,1.0
0.5030759883146876,0.49692401168531247
0.5378899727904127,0.4621100272095871
0.5836901267878991,0.41630987321210094
0.36515637346186625,0.6348436265381335
0.2766138174282634,0.7233861825717367
0.0,1.0
0.10076728787409242,0.8992327121259076
0.4926210306354187,0.5073789693645813
0.48522316408212,0.5147768359178798
0.3884928870607009,0.6115071129392992
0.45159535274119683,0.5484046472588032
0.3453317966148939,0.6546682033851062
0.5085177477605134,0.4914822522394866
0.4346819417671109,0.5653180582328892
0.3536899608676021,0.6463100391323979
0.305428132538024,0.6945718674619762
5.551115123125783e-17,1.0
0.39388299478985195,0.606117005210148
0.4653007213016988,0.5346992786983013
0.6327863243513425,0.36721367564865776
0.5,0.5
0.40394729465663776,0.5960527053433622
0.18075978671069437,0.8192402132893057
0.3463606969114425,0.6536393030885574
0.5476246502143455,0.45237534978565447
0.5088372325338424,0.49116276746615767
0.36301362980258933,0.6369863701974107
0.39741797973656334,0.6025820202634367
0.31215116726128717,0.6878488327387129
0.2409656339495129,0.7590343660504871
0.4482038418061099,0.5517961581938902
0.3469986296751177,0.6530013703248825
0.3255615590729112,0.6744384409270889
0.38594096610002243,0.6140590338999775
0.43620354228469743,0.5637964577153025
0.1457056308832798,0.8542943691167202
0.0,1.0
0.6174695240002447,0.3825304759997555
0.37456881080466914,0.6254311891953308
0.1945354932506895,0.8054645067493106
0.5481757910186329,0.45182420898136716
0.43823198564389976,0.5617680143561002
0.0,1.0
0.21141506732633084,0.7885849326736692
0.18849146463431216,0.8115085353656878
0.4926107121680647,0.5073892878319354
0.3312399905941206,0.6687600094058794
0.43650045532819093,0.563499544671809
0.5,0.5
0.17916840433111728,0.8208315956688828
0.24250194438002917,0.757498055619971
0.1905764946989248,0.8094235053010752
0.08173719875609402,0.9182628012439059
0.4156191487063626,0.5843808512936375
0.18406030520757583,0.815939694792424
0.5,0.5
0.21814358214831384,0.7818564178516861
0.4854687281312939,0.514531271868706
0.36404544663790467,0.6359545533620952
0.25576147147574874,0.7442385285242512
0.3954997929716743,0.6045002070283256
0.5279495284636582,0.47205047153634183
0.2841691805090386,0.7158308194909615
0.4185978622951717,0.5814021377048283
0.26660196568356953,0.7333980343164304
5.551115123125783e-17,1.0
0.31201082118445017,0.6879891788155498
0.46579957279181927,0.5342004272081808
0.2763267881192977,0.7236732118807023
0.21249937885082087,0.7875006211491792
0.4473876260567849,0.552612373943215
0.4362702862227919,0.5637297137772082
0.4148571463576609,0.5851428536423391
0.26397208154912205,0.736027918450878
0.0,1.0
0.5136902868164778,0.4863097131835222
0.0,1.0
0.3084717861598068,0.6915282138401931
0.1293604126161321,0.8706395873838679
0.2372265841755127,0.7627734158244874
0.0,1.0
0.5014717962273699,0.49852820377263013
0.5658252838721985,0.43417471612780134
0.0,1.0
0.0,1.0
0.4441299116269378,0.5558700883730622
0.5414583632628496,0.4585416367371506
0.38505544798288677,0.6149445520171135
0.457469402032871,0.5425305979671291
0.2069467213248722,0.7930532786751278
0.619531643250324,0.3804683567496762
0.2271205166465172,0.7728794833534829
0.4738464038505475,0.5261535961494525
0.472003605068155,0.5279963949318449
0.41825400249284117,0.5817459975071588
0.0,1.0
0.3331513736259237,0.6668486263740764
0.560314465023881,0.43968553497611895
0.44257646987031457,0.5574235301296855
0.5848950257842892,0.4151049742157108
0.5,0.5
0.49286932439165493,0.507130675608345
0.37534546852111833,0.6246545314788816
0.14457557392146161,0.8554244260785384
8.326672684688674e-17,0.9999999999999999
0.16432928993309162,0.8356707100669081
0.3565719959373701,0.6434280040626297
0.5170591527439213,0.48294084725607866
0.24330772750378235,0.7566922724962176
0.6550092102293277,0.3449907897706723
0.5255782059052209,0.47442179409477936
0.3901219027795436,0.6098780972204565
0.39528053815031833,0.6047194618496816
0.33659383310420105,0.663406166895799
0.3991654301994288,0.6008345698005713
0.5360486519881,0.46395134801189997
0.5022806571471784,0.4977193428528215
0.3883521281703352,0.6116478718296647
0.4490541715778822,0.5509458284221178
0.5851091824861747,0.4148908175138252
0.4362380223824875,0.5637619776175123
0.5240303007618389,0.4759696992381612
0.46894040903139833,0.5310595909686019
0.2733031833708631,0.7266968166291369
0.4681464189381247,0.5318535810618752
0.0,1.0
0.4245776391327328,0.5754223608672671
0.4404209447211653,0.5595790552788347
0.4043564721592473,0.5956435278407528
0.4672926985977723,0.5327073014022278
0.4376963994755177,0.5623036005244824
0.11912814198040556,0.8808718580195943
0.368985058846913,0.6310149411530871
0.39592345431447035,0.6040765456855297
0.3579638148365334,0.6420361851634667
0.3738000409967323,0.6261999590032677
0.0,1.0
0.4456296695094199,0.5543703304905802
0.07970765650722855,0.9202923434927712
0.3272190557998747,0.6727809442001252
0.25629967112737,0.74370032887263
0.2407847442340087,0.7592152557659914
0.2908190992347482,0.7091809007652519
0.34297762684281946,0.6570223731571806
0.32005227317132984,0.6799477268286702
0.5437623706757478,0.45623762932425205
0.4185991747590647,0.5814008252409352
0.26560208991596296,0.734397910084037
0.0,1.0
0.39384217776242275,0.6061578222375772
0.42127946088651774,0.5787205391134821
0.5279545439624588,0.47204545603754117
0.45740388010331584,0.5425961198966842
0.28321413833771325,0.716785861662287
0.43015197410204437,0.5698480258979558
0.3440327033301023,0.6559672966698976
2.498001805406602e-16,0.9999999999999998
0.6744594151228253,0.3255405848771747
0.38954460059087814,0.6104553994091217
0.0,1.0
1.1102230246251565e-16,0.9999999999999998
0.403883840806042,0.596116159193958
0.0,1.0
0.43615623786886987,0.5638437621311302
0.4443706940236699,0.55562930597633
0.20014585864134588,0.7998541413586542
1.1102230246251565e-16,1.0
0.2388477836005041,0.761152216399496
0.2259320099948083,0.7740679900051918
0.09217734192686668,0.9078226580731332
0.12180113313712641,0.8781988668628735
0.5676059331846262,0.4323940668153738
0.0,1.0
0.37103278874895024,0.6289672112510498
0.48058379622336744,0.5194162037766327
0.6531789323670365,0.34682106763296355
0.5238164588225566,0.47618354117744355
0.5173797291637119,0.48262027083628806
0.23298102330280265,0.7670189766971973
0.40423519521256757,0.5957648047874325
0.43563017337760307,0.5643698266223967
0.38253747739344607,0.6174625226065539
0.3268144670873881,0.673185532912612
0.5134175872215178,0.4865824127784824
0.31840596325635534,0.6815940367436449
0.2695147147306568,0.7304852852693433
0.5237971416264237,0.47620285837357623
0.5,0.5
0.4062656945800001,0.5937343054199998
0.47335102829362785,0.5266489717063721
0.0,1.0
0.2180500083924141,0.7819499916075859
0.5585005944585105,0.4414994055414892
0.5261077292472088,0.4738922707527911
0.5142920518178603,0.48570794818213964
0.44660023514378033,0.5533997648562198
0.05083442315373493,0.9491655768462649
0.2908357182537198,0.7091642817462803
0.2273739247551968,0.7726260752448032
0.5,0.5
0.4174599392275263,0.5825400607724737
0.4886317007220308,0.5113682992779693
0.08246291728795889,0.9175370827120412
0.3455525280691895,0.6544474719308105
0.560432558989787,0.43956744101021283
0.3544394506496231,0.6455605493503768
0.3335038726888305,0.6664961273111695
0.16410734517895992,0.83589265482104
8.326672684688674e-17,1.0
0.47806754896864195,0.521932451031358
0.0,1.0
0.0,1.0
0.1674482385106209,0.832551761489379
0.0,1.0
0.45574217975299475,0.5442578202470051
0.28627346428520756,0.7137265357147926
0.4465053599825677,0.5534946400174322
0.5813391849303663,0.41866081506963393
0.44004951261688224,0.5599504873831178
0.0,0.9999999999999999
0.3374846457251251,0.6625153542748751
0.27731289609472903,0.7226871039052711
0.020535781551562923,0.9794642184484372
0.39686662345534396,0.603133376544656
0.5658840017500599,0.43411599824994024
0.3339477607404814,0.6660522392595185
0.2606189072433186,0.7393810927566815
0.5623513877387655,0.4376486122612346
5.551115123125783e-17,1.0
0.3953688322511323,0.6046311677488677
0.5674403284574018,0.4325596715425983
0.5049770175479353,0.49502298245206466
0.23042200865043153,0.7695779913495688
0.3776285778731109,0.6223714221268891
0.4199578532225861,0.5800421467774138
0.41195671795761457,0.5880432820423855
0.4353723708563439,0.5646276291436562
0.4650214580330879,0.5349785419669121
0.1309275442067186,0.8690724557932815
0.1777904319450213,0.8222095680549787
0.6452184937157018,0.354781506284298
0.5973366629484687,0.4026633370515314
0.4183616097809826,0.5816383902190174
0.5505177495521718,0.4494822504478281
0.26849180707034925,0.7315081929296509
0.4664366943984995,0.5335633056015007
0.0,1.0
0.3571429934794923,0.6428570065205079
0.3832547201139769,0.6167452798860232
3.3306690738754696e-16,0.9999999999999998
0.40309405403957466,0.5969059459604255
0.46445386971332486,0.5355461302866752
0.35365858584104193,0.6463414141589581
0.4503456525836829,0.5496543474163169
0.0,1.0
0.042103950558761295,0.9578960494412387
0.0,1.0
0.5,0.5
0.34029328126121444,0.6597067187387856
0.29072752897048504,0.7092724710295147
0.5405351274969246,0.4594648725030756
0.47255276832335413,0.5274472316766458
0.3595684739904077,0.6404315260095923
0.3238591175516711,0.6761408824483288
0.3950125484132081,0.6049874515867919
0.5522532665554042,0.44774673344459587
0.5252620453513795,0.4747379546486204
0.0,1.0
0.07427352766437252,0.9257264723356273
0.44186436123964656,0.5581356387603533
0.0,1.0
0.36203983712445725,0.6379601628755429
0.261775089896412,0.738224910103588
0.23538446517295847,0.7646155348270416
0.38533454706871506,0.614665452931285
0.46721406931047627,0.5327859306895238
0.17595950938310678,0.8240404906168932
0.0,1.0
0.6639632113556457,0.3360367886443542
0.47631792827850755,0.5236820717214925
0.5459822150897545,0.4540177849102453
0.35833067574001315,0.6416693242599868
0.526504046314101,0.4734959536858989
0.37964131217449915,0.6203586878255009
0.4028328731340395,0.5971671268659605
0.2976985052157704,0.7023014947842297
0.2804059660673332,0.7195940339326667
0.6572133985957638,0.34278660140423617
5.551115123125783e-17,1.0
0.1291348717532329,0.8708651282467672
0.17209519604731688,0.8279048039526834
0.5990355547395126,0.40096444526048725
0.40589003132833334,0.5941099686716667
0.3945356644825631,0.605464335517437
0.47638845841718813,0.5236115415828118
0.46503655034688113,0.5349634496531188
0.12389874721906252,0.8761012527809375
0.0,1.0
0.39873456525223766,0.6012654347477623
0.3391412935732443,0.6608587064267558
0.4179046407146441,0.5820953592853558
0.43084123497937116,0.5691587650206289
0.54962897485026,0.45037102514974015
0.0,1.0
0.0,1.0
0.34796227043225186,0.6520377295677482
0.3823218619141889,0.6176781380858113
0.4181254141853178,0.5818745858146822
0.364749149041936,0.635250850958064
0.2517683163359314,0.7482316836640687
0.3254458351496664,0.6745541648503336
0.35104239775366924,0.6489576022463308
0.2517890837347462,0.7482109162652539
0.32023882799742376,0.6797611720025764
0.17631070481256872,0.8236892951874314
0.38478231082330117,0.6152176891766988
0.34103129620042844,0.6589687037995716
0.5514162699598183,0.44858373004018154
0.015560318447402466,0.9844396815525974
0.46861112472340005,0.5313888752765997
0.4884616754181637,0.5115383245818362
0.0,1.0
0.46791393516514207,0.532086064834858
0.26000045426611046,0.7399995457338896
0.0,1.0
0.21813298306198167,0.7818670169380183
0.0,1.0
0.29102014475269544,0.7089798552473046
0.0,1.0
0.5180916080475857,0.4819083919524143
0.3783645760267973,0.6216354239732027
0.34491858361294553,0.6550814163870543
0.5167190602035477,0.48328093979645226
0.2886514935780216,0.7113485064219784
0.3846731558442117,0.6153268441557883
0.5082320877029611,0.4917679122970388
0.5881566579630281,0.411843342036972
0.357945083705507,0.642054916294493
1.1102230246251565e-16,1.0
0.45544813575363213,0.5445518642463678
0.26517508956525254,0.7348249104347475
0.0,1.0
0.3548039466194032,0.6451960533805968
0.08226450628327127,0.9177354937167289
0.15350015054302,0.8464998494569799
0.4267198248491868,0.573280175150813
0.7258493602278246,0.2741506397721756
0.682567312724227,0.31743268727577295
0.5492102633153256,0.4507897366846745
0.41133804861311124,0.5886619513868889
0.5637329908040449,0.43626700919595507
0.394297388989197,0.6057026110108032
0.318708077813512,0.6812919221864882
0.4049481375369843,0.5950518624630157
0.5152123554450085,0.48478764455499146
0.39528053815031833,0.6047194618496816
0.3775328884276603,0.6224671115723396
0.39809660619962633,0.6019033938003738
0.5757496621308501,0.4242503378691498
0.3729195179513986,0.6270804820486015
0.3444370135552992,0.6555629864447009
5.551115123125783e-17,1.0
0.4385400862253672,0.5614599137746327
0.5115314717520343,0.4884685282479657
0.45381397678504076,0.5461860232149592
0.577973231217992,0.4220267687820081
0.48935643094364073,0.5106435690563591
0.4865516816068378,0.5134483183931623
0.5626631003455944,0.4373368996544056
0.49816930640314777,0.5018306935968523
0.19894085659600214,0.8010591434039978
0.38782900143111926,0.6121709985688809
0.46299246160078694,0.5370075383992131
0.3142287069504355,0.6857712930495646
0.36426950400802643,0.6357304959919738
0.6698761445468816,0.3301238554531184
0.0,1.0
0.23627163901515186,0.7637283609848482
0.4209848041846109,0.5790151958153893
0.4111962203209472,0.5888037796790528
0.34335933708960004,0.6566406629104001
0.44872755821070814,0.5512724417892916
0.42547708532414835,0.5745229146758517
0.4797161314021215,0.5202838685978785
0.3956492211848083,0.6043507788151916
0.3331357850259129,0.6668642149740872
0.2574724660739265,0.7425275339260734
0.479696363251819,0.5203036367481813
0.25334063360984904,0.746659366390151
0.3944354915490651,0.6055645084509349
0.3824595384390634,0.6175404615609366
0.3244312840981249,0.675568715901875
0.44346179111311324,0.5565382088868869
0.3587329463020483,0.6412670536979518
0.5716136202425433,0.4283863797574568
0.3693637983388649,0.6306362016611351
0.18004141860089273,0.8199585813991072
0.35262629842018967,0.6473737015798103
0.38267713358714656,0.6173228664128536
0.061377526382468815,0.9386224736175312
0.6252481499844905,0.37475185001550954
0.39547340050191826,0.6045265994980815
0.43562981624007957,0.5643701837599204
0.6887913116091958,0.31120868839080434
0.5287121690678462,0.4712878309321539
0.5091048832548309,0.4908951167451691
0.4281836353500566,0.5718163646499432
0.43624960116757316,0.563750398832427
0.2255160845805617,0.7744839154194384
0.10440264868788185,0.895597351312118
0.000405253767666397,0.9995947462323336
0.0522314951725003,0.9477685048274996
0.5792716475751302,0.4207283524248699
0.383876206842872,0.6161237931571282
1.249000902703301e-16,0.9999999999999999
0.534816566044712,0.46518343395528805
0.4856786708405091,0.5143213291594909
3.885780586188048e-16,0.9999999999999998
0.0,1.0
0.0,1.0
0.4573336739545217,0.5426663260454784
0.05813553086983776,0.9418644691301622
0.0,1.0
0.0,1.0
0.3426192544784714,0.6573807455215286
0.3716667606730576,0.6283332393269424
0.5105709267421724,0.4894290732578277
0.5072204920693146,0.49277950793068537
0.30031972902564064,0.6996802709743595
0.26713702322359967,0.7328629765359707
0.03779907064224825,0.9622009293577518
0.0,1.0
0.47938298704380655,0.5206170129561936
0.3809474891771739,0.6190525108228261
0.13003758739238885,0.8699624126076112
0.0,1.0
0.5934935782839729,0.406506421716027
0.2411194334287545,0.7588805665712455
0.5174757234925862,0.48252427650741386
0.5024613064360426,0.4975386935639574
0.1597550582391258,0.8402449417608742
0.4124960871645893,0.5875039128354108
0.42969296280217234,0.5703070371978276
0.0010967248116788382,0.9989032751883211
0.508574741764441,0.49142525823555894
0.5804671903684064,0.41953280963159373
5.551115123125783e-17,1.0
0.4219033046975738,0.578096695302426
0.5000383020937442,0.4999616979062557
0.45289797458697845,0.5471020254130214
0.2581498169671297,0.7418501830328704
0.6358665350283841,0.3641334649716157
0.0,1.0
0.4768952582354728,0.5231047417645273
0.029287506337810975,0.9707124936621889
0.3279768991285845,0.6720231008714153
0.39442991320966936,0.6055700867903306
0.3860518281625985,0.6139481718374016
0.2914172777390874,0.7085827222609127
0.5318860332109171,0.468113966789083
0.5766769760880196,0.42332302391198057
0.3324147393643306,0.6675852606356695
0.4405642110915686,0.5594357889084315
0.5614551724299244,0.43854482757007557
0.3763518435880542,0.6236481564119458
0.44396991396369023,0.5560300860363098
0.2907473706396127,0.7092526293603874
0.24204966972102276,0.7579503302789772
0.3786877419981748,0.6213122580018251
0.46462750062436226,0.5353724993756378
3.608224830031759e-16,0.9999999999999997
0.5458655292285026,0.45413447077149754
1.6653345369377348e-16,0.9999999999999998
0.378000487572578,0.6219995124274221
0.4783951230841343,0.5216048769158655
5.551115123125783e-17,1.0
0.5182578413154265,0.4817421586845735
0.2794988001971244,0.7205011998028756
0.6550113731619345,0.3449886268380657
0.4390188801041294,0.5609811198958707
0.0,1.0
0.4093299682160558,0.5906700317839444
0.4809137899022029,0.5190862100977971
0.5347344066762404,0.46526559332375966
0.44193735046843,0.55806264953157
0.41153005662984377,0.5884699433701562
0.0,1.0
0.0,1.0
0.3874605044975443,0.6125394955024557
0.3982799778585671,0.6017200221414328
0.3165569785673363,0.6834430214326637
0.42816830521503524,0.5718316947849649
0.47152912929510404,0.528470870704896
0.45033368921427214,0.5496663107857279
0.406881359369247,0.5931186406307528
0.17511105512058361,0.8248889448794163
0.25546843624068494,0.7445315637593151
0.4218071947700587,0.5781928052299414
0.519956407359939,0.4800435926400611
1.1102230246251565e-16,1.0
0.0,1.0
0.3306269565204976,0.6693730434795023
0.3496665686785369,0.6503334313214629
0.4055612932317005,0.5944387067682995
0.5118779047791472,0.4881220952208529
1.1102230246251565e-16,0.9999999999999999
0.45064960834134016,0.54935039165866
0.4054379673464798,0.5945620326535203
0.3821581411660052,0.6178418588339949
0.5499825941337463,0.45001740586625394
0.41585945421871184,0.5841405457812883
0.520947041751281,0.4790529582487189
0.0,1.0
0.38946876252250295,0.6105312374774969
0.4514901463209644,0.5485098536790355
0.44111040956750247,0.5588895904324974
0.25038175086340536,0.7496182491365947
0.4189390666612111,0.5810609333387888
0.34898690671477023,0.6510130932852297
0.18947372575982,0.81052627424018
5.551115123125783e-17,1.0
0.3534552653591839,0.646544734640816
1.1102230246251565e-16,0.9999999999999999
0.24615959151206,0.7538404084879401
0.363173622265136,0.636826377734864
0.5061545686586566,0.49384543134134345
0.36671176960342944,0.6332882303965703
0.0,1.0
0.6786281116349259,0.3213718883650742
0.5348448342678694,0.46515516573213045
0.508210349907113,0.49178965009288705
0.4411714491127118,0.5588285508872882
0.5438384730654906,0.45616152693450934
0.2932540421908389,0.706745957809161
0.3662130516022444,0.6337869483977556
0.0,1.0
0.3898005374412934,0.6101994625587065
0.256561201421564,0.7434387985784359
0.5813302920133886,0.4186697079866115
0.27731308418569833,0.7226869158143018
0.14947031500825764,0.8505296849917423
0.0,1.0
0.342481421382262,0.6575185786177383
0.32172888264640537,0.6782711173535946
0.4779765666995664,0.5220234333004335
0.2698114633106541,0.730188536689346
0.5,0.5
0.44669458323107153,0.5533054167689282
0.274256407005486,0.7257435929945141
0.24383010439024,0.7561698956097601
0.09659465087122568,0.9034053491287743
1.1102230246251565e-16,1.0
0.3647721608379606,0.6352278391620396
0.37143605754128234,0.6285639424587176
0.38657271640794777,0.6134272835920523
0.09151992996099613,0.908480070039004
0.47658014021368045,0.5234198597863194
0.32723505491176164,0.6727649450882385
0.4456583368229565,0.5543416631770437
0.3715605604001307,0.6284394395998694
0.29048457217313717,0.7095154278268629
0.36748978123068826,0.6325102187693117
0.4678282053607199,0.5321717946392802
0.4286213472171949,0.5713786527828051
0.5533039277946421,0.4466960722053579
0.0,1.0
0.25123120772407276,0.7487687922759271
0.5308283584786643,0.46917164152133556
0.4453666445436178,0.554633355456382
0.5526267082494899,0.44737329175051005
0.30976058074829776,0.6902394192517023
0.39762337036643153,0.6023766296335684
0.14787147797604522,0.8521285220239548
0.22508593795558293,0.7749140620444172
0.22446345688397087,0.7755365431160292
0.19791709401624835,0.8020829059837516
0.44936276438876704,0.550637235611233
0.17951415819759486,0.8204858418024052
0.26679127501031796,0.7332087249896819
0.37379836849868286,0.6262016315013171
0.47626216178684316,0.5237378382131571
0.0,1.0
0.5214121858546646,0.47858781414533547
0.6530527026184588,0.3469472973815413
0.4206921420991421,0.5793078579008579
0.0,1.0
0.3715166436547414,0.6284833563452586
0.05945294867436463,0.9405470513256353
5.898059818321144e-17,1.0
0.5329298274000175,0.4670701725999825
0.34857290082460696,0.651427099175393
0.07949307790979766,0.9205069220902025
0.3425677412194102,0.6574322587805899
0.4052086909508076,0.5947913090491925
0.28761217196422545,0.7123878280357747
0.4071285399526969,0.5928714600473033
0.6186213262022223,0.3813786737977777
0.5633125196017899,0.4366874803982103
0.2773719261278504,0.7226280738721496
0.42121978887799094,0.5787802111220091
0.42395080731097967,0.5760491926890203
0.48977632710078634,0.5102236728992137
0.3457743572848011,0.6542256427151989
0.4144435856426149,0.5855564143573851
0.33507589498552465,0.6649241050144752
0.5615206670047684,0.4384793329952315
0.4378876154867994,0.5621123845132008
0.2907381489451832,0.7092618510548169
0.5,0.5
0.15321165698830405,0.846788343011696
0.37239914667063845,0.6276008533293616
0.41857554211055437,0.5814244578894455
0.11136410928610505,0.8886358907138949
0.20418573989842545,0.7958142601015746
0.2573899770596475,0.7426100229403525
0.32704600095549796,0.672953999044502
0.3944520419172823,0.6055479580827178
0.5266318479245526,0.47336815207544736
0.4968162849224977,0.5031837150775026
0.500423576310277,0.499576423689723
0.4713983187059193,0.5286016812940806
0.3145437169638039,0.6854562830361961
0.6595286145552811,0.340471385444719
0.5230778464505569,0.4769221535494431
0.5,0.5
0.5067545549776036,0.49324544502239626
0.32212767629936634,0.6778723237006338
0.16790613452826364,0.8320938654717365
0.2599631354816747,0.7400368645183252
0.5243169932382963,0.4756830067617037
0.13380535310686567,0.8661946468931343
0.43605025736382136,0.5639497426361787
0.4039726082567803,0.5960273917432198
0.07621231520350259,0.9237876847964974
0.38103055175925704,0.6189694482407427
0.33368445942657754,0.6663155405734223
0.17455831695429716,0.8254416830457029
0.0,1.0
0.2526439241051848,0.7473560758948151
0.37760863318766147,0.6223913668123386
0.4513837015520068,0.5486162984479932
0.26643749600746786,0.7335625039925324
1.1102230246251565e-16,1.0
0.1742029817168856,0.8257970182831145
0.34553209030273635,0.6544679096972637
0.0,1.0
0.4049306252035459,0.595069374796454
0.26900155726223623,0.7309984427377638
0.1436573607389867,0.8563426392610134
0.43621088184939194,0.5637891181506081
0.5169729453277941,0.4830270546722058
0.5649425283920045,0.4350574716079955
0.66147734644249,0.33852265355751004
0.5044081229716539,0.49559187702834606
0.43466462967372493,0.565335370326275
0.14519991003872218,0.8548000899612779
0.37306236475706106,0.626937635242939
0.4642814109239861,0.5357185890760139
0.47973899585291774,0.5202610041470824
0.47236086833783486,0.5276391316621653
0.7098307012736437,0.29016929872635616
0.44597180746946097,0.554028192530539
0.18395292269730268,0.8160470773026974
0.5643559409909097,0.43564405900909037
0.3136355039745526,0.6863644960254475
0.4833928182970554,0.5166071817029446
0.2844533439329171,0.7155466560670828
0.4042746522753661,0.5957253477246338
0.5165738713059699,0.4834261286940301
0.4191909840484049,0.5808090159515951
0.3174274493537005,0.6825725506462996
3.3306690738754696e-16,0.9999999999999998
1.3877787807814457e-16,0.9999999999999998
0.0614263456387394,0.9385736543612606
0.24196400051267053,0.7580359994873295
0.37658964470016687,0.6234103552998332
0.19746496617135262,0.8025350338286474
0.6741100391388315,0.3258899608611685
0.24023179313352275,0.7597682068664772
0.11535675379880327,0.8846432462011968
0.22104146473284159,0.7789585352671584
0.1454238932859426,0.8545761067140574
0.43526538910292756,0.5647346108970726
0.59707360527128,0.40292639472872005
0.23587055977085342,0.7641294402291466
0.34236720995658343,0.6576327900434166
0.3139421427167326,0.6860578572832675
0.2917223577933393,0.7082776422066608
0.47557923722208467,0.5244207627779155
0.48359555226670864,0.5164044477332914
0.3320937628198628,0.6679062371801373
0.32393120837253786,0.6760687916274623
0.12841531060985792,0.8715846893901421
0.3193177187468954,0.6806822812531047
0.25559466689901866,0.7444053331009811
0.3433231480172227,0.6566768519827776
0.2966386756853505,0.7033613243146496
0.5838790971111087,0.41612090288889114
0.5477850991467426,0.4522149008532575
0.0,1.0
0.4061030345767955,0.5938969654232045
0.28129393622214494,0.7187060637778552
0.193890522103732,0.8061094778962681
0.541591665376532,0.45840833462346825
0.10503099284042106,0.8949690071595789
0.12035652033036816,0.8796434796696319
0.258795773928511,0.7412042260714893
0.19061722575753987,0.8093827742424601
0.3231532255964616,0.6768467744035384
0.5681104596979047,0.4318895403020954
0.4082289127427612,0.5917710872572388
0.7775339588232991,0.22246604117670105
0.3042852257172602,0.6957147742827399
0.25506146127603413,0.7449385387239659
0.5588982297226982,0.4411017702773021
0.5,0.5
0.5205030589054223,0.47949694109457786
0.3655556269331794,0.6344443730668206
0.6281274799529376,0.3718725200470625
0.2861439568619329,0.7138560431380669
0.3907864671200514,0.6092135328799486
0.397600253946904,0.602399746053096
0.3120393295075274,0.6879606704924727
0.03418013173811481,0.9658198682618853
0.5994831069881159,0.4005168930118842
0.5502775948859893,0.44972240511401085
0.324315064633372,0.675684935366628
1.1102230246251565e-16,1.0
0.33255508276552304,0.6674449172344769
0.5440110977149735,0.45598890228502653
1.3877787807814457e-16,1.0
0.3877865689780237,0.6122134310219763
8.604228440844963e-16,0.9999999999999992
0.0,1.0
0.41709567000784253,0.5829043299921574
0.5334936751528326,0.4665063248471672
0.3744932216866686,0.6255067783133312
0.0,1.0
0.4396063810159447,0.5603936189840554
0.4353166905016673,0.5646833094983328
2.7755575615628914e-17,1.0
0.1064033966863796,0.8935966033136205
0.42620333832607404,0.5737966616739257
0.17382465618193105,0.826175343818069
0.0,1.0
0.5204551000073483,0.4795448999926519
0.2945392332198029,0.7054607667801971
0.5223410242569461,0.47765897574305377
0.3071128875457574,0.6928871124542427
5.551115123125783e-17,1.0
0.28709104809770947,0.7129089519022905
0.44011561556974776,0.5598843844302521
0.3806104786997258,0.6193895213002742
0.36429644820843726,0.6357035517915627
0.5673689430575019,0.432631056942498
0.006468810960501039,0.993531189039499
0.0,1.0
0.42145831111226284,0.5785416888877369
0.39501670407539596,0.604983295924604
0.4397953450379795,0.5602046549620205
0.0,1.0
0.46604875210606134,0.5339512478939387
0.18557751817945337,0.8144224818205464
0.23040968533203993,0.7695903146679601
0.32450033393050703,0.675499666069493
0.0,1.0
0.2845736965785091,0.7154263034214908
0.11195505757164811,0.888044942428352
1.6653345369377348e-16,0.9999999999999999
0.4445628225074858,0.5554371774925142
5.551115123125783e-17,1.0
0.591879162283257,0.40812083771674307
0.15457645308218684,0.8454235469178131
0.5209556925338642,0.4790443074661358
0.2352425680242773,0.7647574319757228
0.3829418162519812,0.6170581837480188
3.191891195797325e-16,0.9999999999999996
0.32422965704674883,0.6757703429532513
0.5851403719707658,0.41485962802923404
0.6087003672905134,0.3912996327094868
0.29096063225010793,0.709039367749892
0.23265270897797105,0.7673472910220289
0.3786497832736135,0.6213502167263867
0.21891430132287534,0.7810856986771245
0.5800280344292231,0.4199719655707766
0.445661259813387,0.554338740186613
0.31996829857228815,0.6800317014277117
0.3878193281044934,0.6121806718955068
0.39438902087157757,0.6056109791284222
0.02726176649372366,0.9727382335062764
0.3252861703910045,0.6747138296089954
0.13064737414504943,0.8693526258549505
0.374763644317243,0.625236355682757
0.04780739379841442,0.9521926062015855
5.551115123125783e-17,1.0
0.5,0.5
0.16143216190142007,0.8385678380985799
0.4202396296757358,0.5797603703242641
0.5733157327125519,0.42668426728744807
0.0,1.0
0.17503867643189616,0.8249613235681039
0.40593010634617344,0.5940698936538267
0.5131067905769933,0.4868932094230068
0.18524505141753891,0.8147549485824612
0.5437670688135234,0.4562329311864765
0.517016384901995,0.4829836150980051
0.20309624857464084,0.7969037514253591
0.47705899405397023,0.5229410059460298
0.19677278111341612,0.8032272188865839
0.3576819223974185,0.6423180776025815
0.4622534808525861,0.5377465191474139
0.39137726224369196,0.6086227377563078
0.40803222448749626,0.5919677755125038
5.551115123125783e-17,1.0
0.47583322278496276,0.5241667772150371
0.4413893367272421,0.5586106632727578
0.4212327845618488,0.5787672154381511
0.34863270167357663,0.6513672983264231
0.4652817781780136,0.5347182218219864
0.20497615624245585,0.7950238437575441
0.5591976370644898,0.4408023629355102
0.0,1.0
2.7755575615628914e-17,1.0
0.34896239508349025,0.6510376049165097
0.26500069796725645,0.7349993020327437
0.5363544687616938,0.4636455312383063
0.4876466187734843,0.5123533812265156
0.46083707208295155,0.5391629279170485
0.47919429858999296,0.520805701410007
0.3959271901275273,0.6040728098724727
0.5,0.5
0.5,0.5
0.5243080416189239,0.47569195838107625
0.0,1.0
0.38245436791887527,0.6175456320811247
0.3355169171823513,0.6644830828176487
0.5986157309454607,0.40138426905453933
0.4936327919283996,0.5063672080716005
0.568055166516734,0.4319448334832659
0.25773475135490287,0.7422652486450972
0.4458898262311786,0.5541101737688214
0.4922743360638185,0.5077256639361815
0.2618430607282787,0.7381569392717214
0.0,1.0
0.40144782630060016,0.5985521736993998
0.035598430782556534,0.9644015692174435
0.23565337661285318,0.764346623387147
0.604033496420439,0.39596650357956115
0.5195595374946416,0.48044046250535855
0.1997072403302658,0.8002927596697341
4.163336342344337e-16,0.9999999999999997
0.3375264333737482,0.6624735666262515
0.4897615278246125,0.5102384721753874
0.42717156421006325,0.5728284357899367
0.20611552940044292,0.7938844705995571
0.383395736722245,0.616604263277755
0.4835457960744571,0.5164542039255431
0.34956977023252367,0.6504302297674763
0.3218692372422156,0.6781307627577843
0.48064059018815364,0.5193594098118463
0.3489868780156614,0.6510131219843387
0.5,0.5
0.4723267220918641,0.5276732779081356
0.46586860026336213,0.5341313997366377
5.551115123125783e-17,1.0
0.41855793384429596,0.5814420661557042
0.4596648202305336,0.5403351797694662
0.23795628626970905,0.762043713730291
0.46198427411407594,0.5380157258859243
0.20137041941786282,0.7986295805821372
0.42802342908803476,0.5719765709119652
0.3844027854502201,0.6155972145497799
0.3878679818963947,0.6121320181036054
0.06318664254056788,0.9368133574594322
0.288931144160166,0.711068855839834
0.0,1.0
0.46503039955271913,0.534969600447281
0.15865562389693705,0.8413443761030631
0.0,1.0
0.0,1.0
0.3567216958760299,0.6432783041239701
3.2612801348363973e-16,0.9999999999999997
0.368633668044421,0.631366331955579
0.35861221085258776,0.6413877891474123
0.4607005745899094,0.5392994254100909
0.5046554999223722,0.4953445000776278
0.3011423113902099,0.6988576886097899
0.4693155356728267,0.5306844643271732
0.3827892193717177,0.6172107806282822
0.14975155775860322,0.850248442241397
0.43795648384484454,0.5620435161551554
0.14463660462265357,0.8553633953773465
0.0,1.0
0.3814156473982711,0.6185843526017288
0.5816476193656864,0.4183523806343135
0.036698269854735975,0.9633017301452641
0.2675072720533006,0.7324927279466995
0.4361917587451561,0.563808241254844
0.4897982107465616,0.5102017892534385
0.3929878765819309,0.6070121234180692
0.24306846493304332,0.7569315350669567
0.33347748982984254,0.6665225101701574
0.4093364833332933,0.5906635166667066
0.28692253646556615,0.7130774635344337
0.13345856456455066,0.8665414354354494
0.4297040081915045,0.5702959918084952
0.18846861962711436,0.8115313803728855
0.35687684019292604,0.643123159807074
0.5,0.5
0.5440274520285912,0.45597254797140885
0.34443498834162645,0.6555650116583736
0.35968105909708814,0.6403189409029119
0.40522696148176385,0.5947730385182363
0.5532656671697933,0.4467343328302069
3.885780586188048e-16,0.9999999999999996
0.44243411450678294,0.5575658854932168
0.4652856088314627,0.5347143911685373
0.35030253770372277,0.6496974622962771
0.5980249993303663,0.4019750006696337
0.0928154295441687,0.9071845704558315
0.2886651678672103,0.7113348321327896
0.0,1.0
0.11921607300353221,0.8807839269964678
0.3789517067019399,0.6210482932980601
0.0,1.0
0.5,0.5
0.4026964782654498,0.59730352173455
0.12609189594804823,0.8739081040519519
0.3333918433374477,0.6666081566625522
0.0,1.0
0.4989342138042225,0.5010657861957776
0.44902938348398447,0.5509706165160154
0.0,1.0
0.37016795665411595,0.6298320433458842
0.6020514054475997,0.39794859455240045
0.49462465034543657,0.5053753496545634
0.3968434525099382,0.603156547490062
0.08367522179973298,0.916324778200267
0.4450411103272974,0.5549588896727027
0.3440722148121211,0.6559277851878789
0.38022818067719544,0.6197718193228046
0.4147887621533614,0.5852112378466385
0.3873363360013459,0.612663663998654
0.38413098914936117,0.6158690108506389
0.3899140026263912,0.6100859973736089
0.48004523755315803,0.519954762446842
0.3424924714180373,0.6575075285819628
0.24248881595699526,0.7575111840430049
0.19450746511305864,0.8054925348869414
0.36947622416241965,0.6305237758375801
0.37769519444970096,0.6223048055502992
0.0,1.0
0.3956681705846996,0.6043318294153005
0.0,1.0
0.5221500146949681,0.4778499853050319
0.22384149167078984,0.7761585083292102
0.5363584813019019,0.463641518698098
5.551115123125783e-17,1.0
0.22094203764677955,0.7790579623532206
5.551115123125783e-17,0.9999999999999999
0.0,1.0
0.0,1.0
0.25642980315339964,0.7435701968466002
0.44846116948348386,0.5515388305165161
0.149914545550023,0.8500854544499772
0.4473571658934303,0.55264283410657
0.12848252193781512,0.8715174780621847
0.43668579749835995,0.5633142025016401
0.0,1.0
0.0,1.0
0.36961893006372004,0.6303810699362801
0.4711182618919162,0.5288817381080839
0.3881274280042712,0.6118725719957289
0.3780045639014992,0.6219954360985007
0.4994872126010672,0.5005127873989327
0.0,1.0
0.3889800247097352,0.6110199752902649
0.24039599477672072,0.7596040052232792
0.1089291688882683,0.8910708311117316
0.14560146145874261,0.8543985385412572
0.5681104893273765,0.43188951067262343
0.37607873209283726,0.6239212679071626
0.2976725488079287,0.7023274511920712
0.43542294845416685,0.564577051545833
0.31195689578684593,0.6880431042131542
0.43087252915944624,0.5691274708405536
0.28485487787496305,0.715145122125037
0.2807867077037665,0.7192132922962334
0.33376124329380596,0.666238756706194
0.5004641313105822,0.49953586868941785
1.3877787807814457e-17,1.0
0.43926394362666327,0.5607360563733369
0.2454524343769109,0.7545475656230891
0.0,1.0
0.26951078609128026,0.7304892139087197
0.25898764281294423,0.7410123571870557
0.24214642109212026,0.7578535789078797
0.5088774785345638,0.49112252146543617
0.43624947622169535,0.5637505237783048
5.551115123125783e-17,1.0
0.37859796561971376,0.6214020343802863
0.3976643975713669,0.6023356024286334
0.43892362411485913,0.5610763758851407
0.7704231646658579,0.22957683533414194
0.41778708790211877,0.5822129120978814
0.2935417373100213,0.7064582626899786
0.4866741230875526,0.5133258769124475
0.14572567012647764,0.8542743298735223
2.220446049250313e-16,0.9999999999999999
0.0,1.0
0.4104856761516872,0.5895143238483127
0.44586777044291154,0.5541322295570884
0.2424841954273368,0.7575158045726631
0.40860957109755575,0.5913904289024443
0.031734644770568775,0.9682653552294311
0.0,1.0
0.12310017245308853,0.8768998275469115
0.25987727434219327,0.7401227256578066
0.33401295231941225,0.6659870476805879
0.29205270584569554,0.7079472941543045
0.24700130582177213,0.7529986941782281
0.0,1.0
0.31917398471341263,0.6808260152865874
0.30028396814779795,0.6997160318522021
0.24798010418968028,0.7520198958103198
0.17305314800940014,0.8269468519905999
0.3968910468486986,0.6031089531513013
0.5204797382159108,0.4795202617840893
5.551115123125783e-17,1.0
1.1102230246251565e-16,1.0
0.6367934706976492,0.363206529302351
0.39501670407539596,0.604983295924604
0.09839490738739373,0.9016050926126061
0.45057906689189775,0.5494209331081021
0.31735132592926446,0.6826486740707355
0.2664229634609662,0.7335770365390337
0.19443800676103545,0.8055619932389646
0.0,1.0
0.35889810137450706,0.6411018986254929
0.51143642279229,0.48856357720771
0.5459235537990156,0.4540764462009845
0.4522907996474384,0.5477092003525617
0.3470638312981712,0.6529361687018288
0.3433864293718018,0.6566135706281983
0.4163267904171535,0.5836732095828465
0.44744753132164394,0.5525524686783562
0.0,1.0
0.17875351783927337,0.8212464821607266
0.007020883465802023,0.9929791165341979
0.3065799617737615,0.6934200382262382
0.4723038732382647,0.5276961267617354
0.6591286939945089,0.340871306005491
0.4397410765638176,0.5602589234361823
0.22039089102054524,0.7796091089794547
0.3822017105340507,0.6177982894659494
0.18414599158270073,0.8158540084172992
0.278714207776926,0.721285792223074
0.5,0.5
0.3467184234664068,0.6532815765335931
0.5250869064916244,0.4749130935083755
0.43275543546315365,0.5672445645368461
0.5709513537010986,0.42904864629890127
0.25866173920265895,0.741338260797341
0.5290741389774958,0.4709258610225042
0.17671812000933393,0.823281879990666
0.1234601967534122,0.8765398032465878
0.0,1.0
0.13037367707473213,0.869626322925268
0.358735084022733,0.6412649159772671
0.3296457474115907,0.6703542525884093
0.42398757801038656,0.5760124219896134
0.32022683812578245,0.6797731618742177
0.30578909169466645,0.6942109083053337
0.05276368866443929,0.9472363113355606
0.19531813318305175,0.8046818668169482
0.4450885971568607,0.5549114028431394
0.0,1.0
0.3910790747707205,0.6089209252292794
0.4450510954452004,0.5549489045548001
0.2766662671729477,0.7233337328270526
0.5326035240046684,0.4673964759953317
0.28858563128361897,0.711414368716381
0.4557109597814699,0.5442890402185301
0.44008203319514894,0.5599179668048512
0.3909686644219542,0.6090313355780458
0.3927897460961536,0.6072102539038466
0.48183782762218424,0.5181621723778158
0.0,1.0
0.5635618759472779,0.4364381240527222
0.5111433399163176,0.48885666008368245
0.0,1.0
0.29067517179792507,0.7093248282020749
0.37470267239275407,0.6252973276072461
0.0,1.0
0.4858598728061958,0.5141401271938041
0.0,1.0
0.40601886089884187,0.593981139101158
0.3944165202751815,0.6055834797248186
0.4316046950514303,0.5683953049485698
0.0,1.0
0.0,1.0
0.3131454548670037,0.6868545451329963
0.5790094832412707,0.42099051675872934
0.49487511004677814,0.5051248899532219
0.350400823557394,0.649599176442606
0.396781228567527,0.6032187714324729
0.4204864851152471,0.5795135148847529
0.3781521488912754,0.6218478511087246
0.59729989855583,0.40270010144416996
0.5323235104106752,0.4676764895893248
0.3888554169334006,0.6111445830665994
0.43532220973366736,0.5646777902663326
0.3786727306203331,0.621327269379667
0.15520217489096289,0.8447978251090372
0.3194393543881773,0.6805606456118227
0.42282493798516985,0.5771750620148303
0.5171485396339164,0.48285146036608356
0.4456913615903882,0.5543086384096119
0.24516792463103496,0.7548320753689652
0.15531092912979166,0.8446890708702085
0.16711184324949102,0.8328881567505091
3.469446951953614e-17,1.0
0.4670350124863616,0.5329649875136385
0.5307740186583195,0.4692259813416804
0.0,1.0
0.33561580199441066,0.6643841980055891
0.5316729092849517,0.46832709071504836
0.37195582875233296,0.628044171247667
0.4351992020321576,0.5648007979678423
0.37952433446287764,0.6204756655371224
0.24284585995986127,0.7571541400401387
0.5073198271160669,0.4926801728839332
0.4181086262688041,0.5818913737311959
0.5493620345277883,0.45063796547221185
0.40145591114764195,0.598544088852358
0.0,1.0
0.3379599895357112,0.662040010464289
0.2187047597765339,0.7812952402234662
0.20954392809896205,0.790456071901038
0.44870874192823734,0.5512912580717626
0.29113470237696926,0.7088652976230307
0.0,1.0
0.0,1.0
1.1102230246251565e-16,1.0
0.3473466751362115,0.6526533248637885
0.0,1.0
0.4750147316078952,0.5249852683921047
0.5805027268638869,0.419497273136113
0.40578401872321,0.5942159812767901
0.5623022589316893,0.4376977410683107
0.21959586507668602,0.7804041349233141
0.48000730666548747,0.5199926933345126
0.0,1.0
0.19413186279138195,0.805868137208618
0.0776267879906137,0.9223732120093863
0.36743094364873463,0.6325690563512654
0.3072272673635449,0.6927727326364552
0.6284764088753894,0.3715235911246106
0.3498134256393281,0.6501865743606718
0.0,1.0
0.6589506326450172,0.3410493673549829
0.0,1.0
0.5371018996758632,0.46289810032413675
0.3452675015157852,0.6547324984842146
0.0,1.0
0.5230390088519681,0.4769609911480319
0.45048862535537076,0.5495113746446293
0.2625910164336271,0.7374089835663733
0.5585800708310689,0.4414199291689312
0.2400954527300144,0.7599045472699855
7.632783294297951e-17,1.0
0.42476437230549874,0.5752356276945012
0.42098509585246124,0.5790149041475386
0.331197286026928,0.6688027139730719
0.4311486027268185,0.5688513972731816
0.42224622461405503,0.5777537753859447
0.33068600066623677,0.6693139993337631
0.38821922254691443,0.6117807774530856
0.5137738513592833,0.48622614864071667
0.35026992829658316,0.6497300717034168
0.2607074193739706,0.7392925806260296
0.5893609134534646,0.4106390865465356
0.5578986513893474,0.44210134861065276
0.6112636162671444,0.3887363837328555
0.3954586356567396,0.6045413643432606
0.4308743414561791,0.5691256585438211
0.0,1.0
0.5099698817923833,0.4900301182076165
0.4693385986293285,0.5306614013706714
0.2269843006045971,0.773015699395403
0.4131704797253205,0.5868295202746794
0.5234859875301922,0.4765140124698079
0.6823120460756483,0.31768795392435195
0.38339752069184696,0.6166024793081532
0.6297460491145374,0.37025395088546265
0.3655838841818772,0.6344161158181228
0.060070131734418886,0.939929868265581
0.3911032708228746,0.6088967291771255
0.5009462196689431,0.4990537803310568
0.20044440300272742,0.7995555969972726
0.4074948828271988,0.5925051171728012
0.5148620754059055,0.48513792459409466
0.3159513591726599,0.6840486408273402
0.4499706467241729,0.5500293532758272
0.0,1.0
0.2941689458793931,0.7058310541206069
0.27788311911819674,0.7221168808818029
0.5246579552734748,0.4753420447265252
2.7755575615628914e-17,1.0
0.14541437716890335,0.8545856228310966
0.4670818274572938,0.5329181725427062
0.38056821125436874,0.6194317887456312
0.4366710558861118,0.563328944113888
0.0,1.0
0.4363139858519962,0.5636860141480037
0.2313288355597123,0.7686711644402876
2.220446049250313e-16,0.9999999999999998
2.220446049250313e-16,0.9999999999999999
0.19929514539884985,0.8007048546011503
0.49227982767286366,0.5077201723271364
0.4033366219743919,0.5966633780256081
0.6789404449704134,0.3210595550295865
0.24951224504899952,0.7504877549510004
0.3133967288783846,0.6866032711216155
0.3178983244325572,0.6821016755674428
0.34690636211101655,0.6530936378889836
0.4404172600460725,0.5595827399539275
0.5435995656687601,0.4564004343312399
0.655729085520346,0.34427091447965386
0.36717375500471483,0.6328262449952854
0.3954936314631446,0.6045063685368557
0.40404403982213466,0.5959559601778653
0.35372187625743495,0.6462781237425651
0.5820031898203553,0.4179968101796447
0.0,1.0
0.5844751550321933,0.41552484496780673
5.551115123125783e-17,1.0
0.3652391884590111,0.6347608115409887
1.1796119636642288e-16,0.9999999999999998
0.47270725364183713,0.5272927463581627
0.48496201083005314,0.5150379891699468
0.45050805200435456,0.5494919479956454
0.6245458358298688,0.37545416417013133
0.29958846700419184,0.7004115329958083
0.21824425352088245,0.7817557464791176
0.058666562087676705,0.9413334379123233
0.44336121586655863,0.5566387841334413
0.0,1.0
0.4317073520380782,0.5682926479619219
0.43273953158482525,0.5672604684151747
1.1102230246251565e-16,1.0
0.4593208837810993,0.5406791162189005
0.4818843711991106,0.5181156288008896
0.01484632086230473,0.9851536791376954
0.3500099954329395,0.6499900045670607
0.39838542401493776,0.6016145759850623
0.5509043055359012,0.4490956944640988
0.4796286691050738,0.5203713308949266
0.2185793716294221,0.7814206283705779
0.5459489181790748,0.45405108182092524
0.4255299694071578,0.5744700305928421
0.0,1.0
0.44634798951324095,0.553652010486759
0.5181112342305146,0.48188876576948547
0.40488467555862395,0.5951153244413759
0.4137737165533595,0.5862262834466405
0.2253392289522578,0.7746607710477423
0.5498472774794969,0.4501527225205032
0.18503544087830232,0.8149645591216976
0.48259954919685083,0.5174004508031491
0.5,0.5
6.938893903907228e-17,1.0
0.4141564009290818,0.5858435990709183
0.29524751561270424,0.7047524843872957
0.0,1.0
0.0,1.0
0.35678858337277175,0.6432114166272282
0.2750950143997749,0.7249049856002251
0.32307263450349843,0.6769273654965019
0.38678029814938253,0.6132197018506175
0.11838893843844585,0.8816110615615542
0.4446012134833562,0.5553987865166439
8.326672684688674e-17,1.0
0.0,1.0
0.12460714166479259,0.8753928583352075
0.0,1.0
0.4529020355878574,0.5470979644121423
0.14932717333137258,0.8506728266686274
0.4511547638529998,0.5488452361470002
0.17771344689692029,0.8222865531030799
0.43636193211351315,0.5636380678864871
0.49053204940224593,0.509467950597754
0.5673423604167996,0.43265763958320036
0.10693479381299387,0.893065206187006
0.5009480600871468,0.49905193991285335
0.3481881109850094,0.6518118890149908
0.3738254606936932,0.6261745393063068
0.4019316304475069,0.5980683695524931
0.3711714979941468,0.6288285020058533
0.4249664893604508,0.5750335106395492
0.2821073633702319,0.7178926366297681
0.22703751179296758,0.7729624882070325
0.0,1.0
0.5296193029792957,0.4703806970207044
0.6388206940541138,0.36117930594588615
0.10746227520558349,0.8925377247944165
0.5000437094643712,0.4999562905356288
0.5404763304820337,0.45952366951796647
0.13909510333459876,0.8609048966654012
0.5143761265692551,0.48562387343074476
0.37217453723601635,0.6278254627639837
1.942890293094024e-16,0.9999999999999999
0.44880586166918307,0.5511941383308169
0.3074892106194023,0.6925107893805975
0.43204071180784875,0.567959288192151
0.6651337005467206,0.3348662994532794
0.5363352958155673,0.46366470418443273
0.39442755239101523,0.6055724476089848
0.5170380266537518,0.48296197334624835
0.3463654012791863,0.6536345987208138
0.43670032350829663,0.5632996764917034
0.0,1.0
0.3284998310818324,0.6715001689181677
0.614241541314316,0.38575845868568437
0.30708147558394483,0.6929185244160554
0.39136742092725196,0.608632579072748
0.4983441259808761,0.501655874019124
0.0,1.0
0.492010531295826,0.5079894687041739
0.4478858864489234,0.5521141135510766
0.441893605805741,0.558106394194259
0.542372567140075,0.4576274328599254
0.2667501807324709,0.7332498192675291
0.4130879697981058,0.5869120302018943
0.29887755522112874,0.7011224447788712
0.30906867147239275,0.6909313285276073
0.5934850744348266,0.4065149255651735
0.15680221470621492,0.8431977852937851
0.5934516544190555,0.40654834558094455
0.4009807877259283,0.5990192122740715
0.6369929115166562,0.36300708848334384
5.551115123125783e-17,1.0
0.33297934174442834,0.6670206582555718
0.4318753390998858,0.568124660900114
0.4432017281795859,0.5567982718204141
0.0,1.0
0.2627274188403489,0.7372725811596511
0.626534514796034,0.3734654852039662
0.3475129531762115,0.6524870468237881
0.20276002331791773,0.7972399766820822
0.4604876387294986,0.5395123612705015
0.5235757673403229,0.4764242326596773
0.26611749591146816,0.7338825040885317
0.2524950389766826,0.7475049610233175
7.216449660063518e-16,0.9999999999999993
0.5190670122751547,0.4809329877248451
0.2825212947124022,0.7174787052875977
0.504875160438729,0.49512483956127096
0.4818383132830093,0.5181616867169908
0.5265078278996186,0.4734921721003815
0.31716393749500305,0.682836062504997
0.0,1.0
0.20144692496167638,0.7985530750383237
0.15538933568885063,0.8446106643111494
0.31408957544697297,0.6859104245530272
0.4837800322794785,0.5162199677205217
0.0,1.0
0.39446538900027556,0.6055346109997245
0.3007810548318011,0.6992189451681988
0.2904722535907618,0.7095277464092383
0.4281674107516281,0.5718325892483719
0.4671291891510582,0.5328708108489418
0.2148455482797901,0.7851544517202099
0.08728893566393224,0.9127110643360677
0.43770791016261223,0.5622920898373879
0.5611337279300055,0.4388662720699945
0.5220895724401058,0.47791042755989416
0.27179387302959734,0.7282061269704028
0.0,1.0
0.30154387861792853,0.6984561213820715
0.3375571803404158,0.6624428196595843
0.07273832358341788,0.9272616764165821
0.09169347235801313,0.9083065276419867
0.3669014380787271,0.6330985619212728
0.3417478696054998,0.6582521303945
0.36371386029404695,0.6362861397059532
0.5080989637482036,0.4919010362517965
0.5782546077419211,0.42174539225807905
0.19039285595404473,0.8096071440459554
0.10042425774191113,0.8995757422580888
0.19394875792035865,0.8060512420796414
0.1042423440004748,0.8957576559995253
0.4830827186761195,0.5169172813238804
0.5225909116092965,0.4774090883907034
0.44242624539066067,0.5575737546093392
0.6132387501936801,0.38676124980632004
0.0,1.0
0.5558548053176403,0.44414519468235975
1.1102230246251565e-16,1.0
0.30999783374770457,0.6900021662522954
0.3155513071424667,0.6844486928575333
0.5533996675802111,0.44660033241978864
0.0,1.0
0.4261624396353875,0.573837560364613
0.3194995828019633,0.6805004171980367
0.41400804929435253,0.5859919507056475
0.5873643544307685,0.4126356455692316
0.22134136372643745,0.7786586362735626
0.5257287186249133,0.4742712813750865
1.249000902703301e-16,0.9999999999999999
0.13371090746972653,0.8662890925302735
0.5,0.5
0.49692060650605324,0.5030793934939468
0.14692057258233374,0.8530794274176663
2.983724378680108e-16,0.9999999999999998
0.6453520197591375,0.35464798024086247
0.29073910239404527,0.7092608976059547
0.26910093318820844,0.7308990668117916
0.09318723462150251,0.9068127653784974
0.3173311539909045,0.6826688460090955
0.36218566746489433,0.6378143325351054
0.4284941477708779,0.5715058522291221
0.3618263301261395,0.6381736698738603
0.032689846453293835,0.9673101535467061
0.0,1.0
0.4066934360719707,0.5933065639280293
0.39574867427904487,0.6042513257209553
0.2936919160965212,0.7063080839034788
0.22961604124455298,0.7703839587554471
5.551115123125783e-17,1.0
0.4014279743211207,0.5985720256788795
0.5,0.5
0.4232500185801301,0.5767499814198699
0.29663962230966884,0.7033603776903311
0.589331937618992,0.41066806238100795
0.27455030644932193,0.725449693550678
0.10859575567256927,0.8914042443274307
0.48067375038716237,0.5193262496128376
0.04468074755140512,0.955319252448595
0.47543356449326957,0.5245664355067304
0.40083425589883265,0.5991657441011673
0.49440963791407505,0.5055903620859248
0.2463293499941714,0.7536706500058284
0.43902190230566535,0.5609780976943348
0.0,1.0
0.5788876305788387,0.42111236942116104
0.4082427042136944,0.5917572957863055
0.40592597911629574,0.5940740208837042
0.4797423590372872,0.5202576409627125
0.5582603555587198,0.4417396444412801
0.2936227196196637,0.7063772803803366
0.39346770261582165,0.6065322973841784
0.415695802983887,0.5843041970161132
0.4542527210752614,0.5457472789247386
0.23741017227966976,0.7625898277203301
0.0,1.0
0.4363138847561397,0.5636861152438605
0.5532396341096831,0.44676036589031665
0.44565737426472063,0.5543426257352794
0.4909889037043256,0.5090110962956745
0.05139905911927733,0.9486009408807228
0.0,1.0
0.4093755527053647,0.5906244472946354
1.1102230246251565e-16,1.0
0.5257336732002138,0.47426632679978614
0.041928874928571405,0.9580711250714286
0.06221643830061763,0.9377835616993824
0.29107923058680263,0.7089207694131974
0.26436272953035833,0.7356372704696418
0.4696292548939669,0.530370745106033
0.07621737634627977,0.9237826236537203
0.23971054672270609,0.760289453277294
0.5569706750586807,0.44302932494131925
0.3206668045826881,0.679333195417312
0.3944370388714674,0.6055629611285325
0.3242817010647321,0.6757182989352679
0.03845592525397717,0.9615440747460227
0.49268484605426005,0.5073151539457402
0.4339530093000709,0.5660469906999289
0.3874758773810507,0.6125241226189494
0.5908169020848348,0.4091830979151651
0.5816750718168628,0.41832492818313705
0.5096898535112802,0.49031014648871984
0.4778152886058821,0.5221847113941178
0.2750940968482768,0.7249059031517231
0.5068129788453498,0.49318702115465024
0.34898615691437207,0.6510138430856279
0.35109889711701064,0.6489011028829894
0.41227548338565995,0.58772451661434
0.29374335786816613,0.7062566421318338
0.3795884457793304,0.6204115542206696
0.0,1.0
0.11136538227590548,0.8886346177240945
0.39849141925526277,0.601508580744737
0.4954099382781665,0.5045900617218335
0.2325934892470237,0.7674065107529763
0.43150870577745104,0.5684912942225491
0.4356334168280226,0.5643665831719774
0.47527811565111966,0.5247218843488802
0.49415887145187554,0.5058411285481245
3.885780586188048e-16,0.9999999999999997
0.3945095982841187,0.6054904017158813
0.0,1.0
0.5204971450474717,0.47950285495252837
0.461016715782572,0.538983284217428
0.37308999047425867,0.6269100095257414
0.12866959426350122,0.8713304057364987
0.3084159034937418,0.691584096506258
0.21185889218821588,0.7881411078117843
0.3257912733558122,0.6742087266441879
0.4633084723914657,0.5366915276085343
0.380918050184846,0.6190819498151541
0.514082079726826,0.48591792027317404
0.42348258276532963,0.5765174172346703
0.4135739162305568,0.5864260837694432
0.4217696247006902,0.5782303752993099
5.551115123125783e-17,1.0
0.5257403822705451,0.47425961772945496
0.28156360668577174,0.7184363933142283
0.4364049220490808,0.5635950779509193
0.5326035109674558,0.4673964890325442
0.2908438049662404,0.7091561950337597
0.4795515398763922,0.5204484601236076
0.5034762543189696,0.4965237456810303
0.3011397265021438,0.6988602734978562
0.17620689520059687,0.823793104799403
0.21201720172338476,0.7879827982766152
0.1438954340584705,0.8561045659415295
0.2073624612512945,0.7926375387487056
0.46188061627193905,0.538119383728061
0.4037095706299011,0.5962904293700989
0.051383171072746,0.948616828927254
0.3765133017313977,0.6234866982686024
0.43671628426934145,0.5632837157306586
0.14937781782193232,0.8506221821780677
0.4726021933762534,0.5273978066237466
0.5317037789749715,0.46829622102502855
0.4170188885540608,0.5829811114459393
0.5060444448515636,0.49395555514843636
0.48200082755343365,0.5179991724465662
0.4958586068463881,0.5041413931536118
0.11856086881165538,0.8814391311883446
0.5,0.5
0.3558068188135213,0.6441931811864788
0.0,1.0
0.48651081676845537,0.5134891832315446
0.5921996165234384,0.40780038347656167
0.36813651946584397,0.6318634805341561
0.22464091908634085,0.7753590809136591
0.4692945686870044,0.5307054313129955
0.009567874851515197,0.9904321251484848
0.5542028788346927,0.4457971211653073
0.4279622818861571,0.5720377181138431
0.5136151181616337,0.4863848818383662
0.0,1.0
0.3219332282615565,0.6780667717384435
0.0,1.0
0.0,1.0
0.0,1.0
0.025778485406663883,0.9742215145933362
0.0015023190179068943,0.9984976809820931
0.42096811367514647,0.5790318863248536
0.45612398564702655,0.5438760143529736
0.6059218790047483,0.3940781209952518
0.45541416803870927,0.5445858319612911
0.5853384031276988,0.41466159687230136
0.3743851979319996,0.6256148020680006
0.5878754226220101,0.41212457737798996
0.0,1.0
0.406110683894171,0.5938893161058292
0.0,1.0
0.44070910985720907,0.559290890142791
0.5140151611441557,0.4859848388558443
0.5029212125246446,0.4970787874753554
0.3892740319619924,0.6107259680380076
0.4289851551334238,0.5710148448665762
0.47378223625908356,0.5262177637409166
0.39870510521560965,0.6012948947843904
0.3677597896661547,0.6322402103338454
0.305355371437772,0.6946446285622279
0.501216659322381,0.49878334067761887
0.594298087024308,0.405701912975692
0.5141445894241151,0.4858554105758851
5.551115123125783e-17,1.0
0.42355858383451694,0.576441416165483
1.3877787807814457e-16,0.9999999999999999
0.5550125774024477,0.4449874225975521
0.4352557992071515,0.5647442007928485
0.43484993934072763,0.5651500606592724
0.43630759455503343,0.5636924054449667
0.4449615368474876,0.5550384631525122
0.43213872280815274,0.5678612771918472
0.33777543531665477,0.6622245646833453
0.4936605150072829,0.5063394849927171
0.3843741546142936,0.6156258453857064
0.4500239735166432,0.5499760264833568
0.45988905414777453,0.5401109458522254
0.34635217263804186,0.653647827361958
0.0,1.0
0.46427902839131857,0.5357209716086815
0.4276629931905127,0.5723370068094873
0.37009687484064385,0.6299031251593563
0.0,1.0
0.5077894469847493,0.4922105530152506
0.0,1.0
0.42918241000947843,0.5708175899905215
0.48713405755753353,0.5128659424424664
0.5658840017500599,0.43411599824994024
0.35596847222673905,0.644031527773261
0.16971649876046419,0.8302835012395359
0.2120354863762895,0.7879645136237103
0.1358755408113635,0.8641244591886366
0.2909217910908284,0.7090782089091716
0.43452655815589897,0.5654734418441011
0.16505938423538632,0.8349406157646136
0.10181377585142759,0.8981862241485724
0.5853241948111019,0.41467580518889813
0.4894295626469321,0.5105704373530681
0.45989786328733123,0.5401021367126688
7.216449660063518e-16,0.9999999999999993
0.36923215351998817,0.6307678464800118
0.547955070071528,0.452044929928472
0.3566336205169391,0.6433663794830609
0.6060406232877832,0.39395937671221676
1.3877787807814457e-17,0.9999999999999999
0.26679800726947034,0.7332019927305298
0.2016183489398971,0.7983816510601027
0.5172995130086144,0.48270048699138574
0.5027045119160438,0.4972954880839562
0.5146130881508311,0.48538691184916904
0.4968917753558499,0.5031082246441502
0.538135900048326,0.4618640999516739
0.36858778632900685,0.6314122136709932
0.4400126587481323,0.5599873412518677
0.31944019979885124,0.6805598002011486
0.5440180591119471,0.4559819408880529
0.47018848561670584,0.5298115143832941
0.45786172005736797,0.542138279942632
0.28445210672481613,0.715547893275184
0.2694812906594945,0.7305187093405054
0.10355466894773376,0.8964453310522662
0.31932863567328446,0.6806713643267156
0.48041302916998246,0.5195869708300177
0.1652987362837822,0.8347012637162179
0.3507191211315485,0.6492808788684515
0.2938123957849172,0.7061876042150828
0.2833712782420317,0.7166287217579682
0.5603077563468308,0.43969224365316906
0.4705767487399461,0.529423251260054
0.4267768591849985,0.5732231408150015
0.10190772053481237,0.8980922794651877
0.5209409914539923,0.4790590085460078
0.45801459120708465,0.5419854087929152
0.2769553663139417,0.7230446336860582
0.3943631896916201,0.6056368103083798
0.5040766883609876,0.49592331163901243
0.4821675351210881,0.5178324648789117
0.36524962542973644,0.6347503745702635
0.2181268936757854,0.7818731063242146
0.5880498969002569,0.41195010309974317
0.45877664940414276,0.5412233505958572
0.0,1.0
0.3343193562209565,0.6656806437790437
0.6453760854098309,0.3546239145901689
0.0,1.0
1.0755285551056204e-16,1.0
0.3947002828182746,0.6052997171817255
0.30113767473339037,0.6988623252666095
1.1102230246251565e-16,1.0
2.7755575615628914e-17,1.0
0.12030603957001036,0.8796939604299897
0.35574250200551083,0.6442574979944892
0.5,0.5
0.3994519337587907,0.6005480662412094
0.0,1.0
0.0,1.0
0.21075711208359832,0.7892428879164016
0.576962690393515,0.4230373096064851
0.35068932720323265,0.6493106727967675
0.12553385597105615,0.8744661440289438
0.027346997039380934,0.9726530029606191
0.27074097380343237,0.7292590261965677
0.36547705065459024,0.6345229493454098
0.5117188243665637,0.48828117563343637
0.45558553162294,0.5444144683770599
0.513490398827028,0.48650960117297215
0.39548643770646275,0.6045135622935373
0.0,1.0
0.22014020726266315,0.7798597927373369
0.5,0.5
0.0,1.0
0.5008128439356395,0.4991871560643606
0.325372877446542,0.674627122553458
0.4902796222893226,0.5097203777106776
0.0,1.0
0.6019520900661728,0.39804790993382716
0.4841109587635162,0.515889041236484
0.3488372051477732,0.6511627948522268
0.34608538741264516,0.6539146125873546
0.5208347488760651,0.47916525112393493
0.3907144893602835,0.6092855106397164
5.551115123125783e-17,1.0
0.3435639568587043,0.6564360431412957
0.48642213275071744,0.5135778672492827
0.5441678859021263,0.45583211409787366
0.44794372538191635,0.5520562746180837
0.3033423815907505,0.6966576184092496
0.3777078468089138,0.622292153191086
0.0,1.0
0.0,1.0
0.35751485194615684,0.6424851480538432
0.332222895591366,0.667777104408634
0.21874920576564855,0.7812507942343515
0.2492729234733458,0.7507270765266542
0.19062162960434823,0.8093783703956519
0.1745119662630419,0.8254880337369581
0.5186574828336776,0.4813425171663222
0.4856213640031632,0.5143786359968368
0.0,1.0
0.0,1.0
0.0,1.0
0.21957097890257965,0.7804290210974204
0.5666511862955746,0.43334881370442535
0.06761229446861182,0.9323877055313882
0.42707059020225996,0.57292940979774
0.0,1.0
0.3620201380481635,0.6379798619518364
0.33916985939667854,0.6608301406033216
0.45732125085817005,0.5426787491418297
0.3536829325607997,0.6463170674392005
0.3757550142403246,0.6242449857596755
0.34689414398629265,0.6531058560137074
0.53991384259096,0.46008615740904013
0.5000811107456684,0.4999188892543316
0.44996674538168013,0.5500332546183199
0.4135347790843215,0.5864652209156784
0.11644196194138622,0.8835580380586138
0.6247535437975021,0.37524645620249786
0.542365263602102,0.45763473639789803
0.2818818559978526,0.7181181440021472
0.13157612529428053,0.8684238747057196
0.5759260549853527,0.42407394501464746
0.4304247403850526,0.5695752596149474
0.46574740845977874,0.5342525915402212
0.38823299482464785,0.6117670051753521
0.36084832417003915,0.6391516758299609
0.38965911336183673,0.6103408866381632
0.44259796645730254,0.5574020335426975
0.6080652508829105,0.3919347491170894
0.26745864391017055,0.7325413560898295
0.43664821197088716,0.5633517880291129
0.26851163072378176,0.7314883692762185
0.43375503730911663,0.5662449626908834
0.0,1.0
0.5685523361994537,0.4314476638005464
0.36506063879409106,0.634939361205909
0.18011705761135763,0.8198829423886423
0.5419047138769755,0.4580952861230246
0.5391635864331842,0.460836413566816
0.5864150542434466,0.4135849457565534
0.0,1.0
0.6669768295154543,0.3330231704845456
0.5334941671291031,0.46650583287089703
0.5909710350349985,0.4090289649650016
0.4866319532315446,0.5133680467684556
0.561727547645875,0.43827245235412504
0.43386795848834886,0.5661320415116513
0.43891958893187555,0.5610804110681245
0.1881281573658942,0.8118718426341057
5.551115123125783e-17,1.0
5.551115123125783e-17,1.0
0.38719887917870116,0.6128011208212988
0.4494532289406523,0.5505467710593478
0.2050115509260245,0.7949884490739755
0.28649113706499896,0.7135088629350013
0.21817854690969926,0.7818214530903007
0.6173620301911634,0.3826379698088366
0.5254130279004448,0.47458697209955536
0.2937746804202834,0.7062253195797165
0.31643522812323355,0.6835647718767662
0.37896458045634157,0.6210354195436585
0.0,1.0
0.55567855204559,0.44432144795441003
0.43240292009925096,0.567597079900749
0.038972500280669876,0.9610274997193301
5.551115123125783e-17,1.0
0.07906308055325006,0.9209369194467498
0.5,0.5
1.1102230246251565e-16,1.0
0.416760303367012,0.5832396966329881
0.308984029970312,0.6910159700296882
0.5175519983846361,0.482448001615364
0.3974952316045502,0.6025047683954495
0.17457945581705148,0.8254205441829484
0.44173281124358654,0.5582671887564133
0.5653504958475319,0.43464950415246806
0.3740887533367095,0.6259112466632906
0.3989757730803271,0.6010242269196728
0.33711063749549686,0.6628893625045031
0.43122872039212357,0.5687712796078764
0.3794048027060339,0.6205951972939661
0.5192650926013488,0.4807349073986511
0.0,1.0
0.0,1.0
0.2707733098740171,0.729226690125983
0.40193162579089403,0.598068374209106
0.21869095383672646,0.7813090461632737
0.4361292418969623,0.5638707581030378
0.5350055674037533,0.4649944325962466
0.42771729216284016,0.5722827078371598
0.37239553303934647,0.6276044669606535
0.5133492149820711,0.4866507850179289
0.4615453220513536,0.5384546779486465
0.563201561401545,0.436798438598455
0.38958324347842016,0.6104167565215799
0.5326988268776546,0.4673011731223454
0.28837854004825275,0.7116214599517472
0.2793445517179013,0.7206554482820987
0.3050202894001225,0.6949797105998775
3.469446951953614e-16,0.9999999999999996
0.34745440008842676,0.6525455999115731
0.4232002921772831,0.576799707822717
0.31125627926709104,0.6887437207329092
0.5946639151340013,0.40533608486599865
0.42608164861651354,0.5739183513834865
0.3684805698230828,0.6315194301769171
0.3059105794244406,0.6940894205755594
0.5515794750441089,0.44842052495589096
0.0,1.0
0.5,0.5
0.3636735966427339,0.6363264033572661
0.38129012619236763,0.6187098738076324
0.33133826466557664,0.6686617353344233
0.4150615033456446,0.5849384966543553
2.7755575615628914e-17,1.0
0.0,1.0
0.4530600693418544,0.5469399306581455
0.43638771610136123,0.5636122838986389
0.47921823479200326,0.520781765207997
0.23822339445728502,0.761776605542715
0.5564626885793523,0.4435373114206477
0.6321122975888213,0.3678877024111787
0.4392221240312358,0.5607778759687642
0.4826834697808683,0.5173165302191317
0.5499363655531392,0.45006363444686076
0.10089541109957934,0.8991045889004207
0.3256716482919754,0.6743283517080245
0.04824808644014329,0.9517519135598568
0.43504051027034524,0.5649594897296549
0.379554323891586,0.6204456761084141
0.5317121078264943,0.4682878921735057
0.428456160632873,0.571543839367127
0.3277494027499767,0.6722505972500233
0.3530551604926588,0.6469448395073412
0.35762136336416006,0.6423786366358399
0.24648114172943847,0.7535188582705613
5.551115123125783e-17,1.0
0.3757387024048006,0.6242612975951992
0.40796711618744425,0.5920328838125558
0.3552573164484204,0.6447426835515794
0.1737725933848642,0.8262274066151358
0.478348097064564,0.5216519029354361
0.24645300409072227,0.7535469959092779
0.39146782372688643,0.6085321762731136
0.4578845642359166,0.5421154357640833
0.0,1.0
0.42355052676098376,0.5764494732390162
0.5188020827381041,0.4811979172618959
0.30838050564700464,0.6916194943529953
0.5833113198248554,0.41668868017514465
0.3336491804319999,0.6663508195680002
0.4587940233210757,0.5412059766789243
0.47972063711468127,0.5202793628853186
0.31530630089649675,0.6846936991035033
0.0,1.0
0.615484766576089,0.38451523342391103
0.45505014110991443,0.5449498588900856
0.41935869324721936,0.5806413067527807
5.551115123125783e-17,1.0
0.4520020373691671,0.5479979626308328
7.632783294297951e-17,0.9999999999999999
8.326672684688674e-17,0.9999999999999999
0.539178377692818,0.46082162230718193
0.43768614727171407,0.5623138527282857
0.5253538817070227,0.4746461182929775
0.0,1.0
0.3595105071248342,0.6404894928751659
0.1907717183986593,0.8092282816013409
0.5103249808180583,0.48967501918194156
0.4764363895016609,0.5235636104983391
5.551115123125783e-17,1.0
0.4363196325226337,0.5636803674773664
0.25384303746451786,0.7461569625354821
0.2545478423400745,0.7454521576599255
0.47569285621385177,0.5243071437861478
0.37009687352948106,0.6299031264705188
0.07215191407245816,0.9278480859275419
1.1102230246251565e-16,0.9999999999999999
9.367506770274758e-17,1.0
0.4358981197992385,0.5641018802007616
1.3877787807814457e-16,1.0
0.4459970743358646,0.5540029256641353
0.25426817970046867,0.7457318202995313
0.5974908831984159,0.40250911680158413
0.4729270740349222,0.5270729259650777
0.3443666109035968,0.655633389096403
0.0,1.0
0.22892936898570052,0.7710706310142995
0.20831548453611534,0.7916845154638846
0.4572401725415662,0.5427598274584338
0.0,1.0
0.0,1.0
0.2761797648542555,0.7238202351457446
0.4892137593741473,0.5107862406258526
0.32568519357167613,0.6743148064283241
0.43619175539356686,0.5638082446064331
0.29998992712364475,0.7000100728763553
0.3695025257766247,0.6304974742233753
0.1847823849084833,0.8152176150915167
0.6280217611799266,0.3719782388200731
0.1124357453455421,0.8875642546544579
0.28444403548594066,0.7155559645140592
0.4671119198856641,0.5328880801143357
0.6859608734171122,0.3140391265828878
0.3992986238425582,0.6007013761574417
0.18766543454478116,0.8123345654552189
0.4605024607558969,0.5394975392441032
0.5651357774841074,0.4348642225158925
0.3887446866824362,0.6112553133175638
0.0,1.0
0.3454012692934809,0.6545987307065189
0.0,1.0
0.48711208590927024,0.5128879140907299
0.0,1.0
0.17256554152970946,0.8274344584702904
0.0,1.0
1.1102230246251565e-16,0.9999999999999999
0.3359245636455404,0.6640754363544598
0.4663268749689896,0.5336731250310105
0.5,0.5
0.436066857553314,0.5639331424466862
0.0,1.0
0.28580847631352696,0.714191523686473
0.3853316741761636,0.6146683258238365
0.36361501579478867,0.6363849842052114
0.514579028169827,0.485420971830173
0.4177592718446356,0.5822407281553644
0.4846763532696004,0.5153236467303997
0.2767022775291124,0.7232977224708876
0.2774282031038776,0.7225717968961224
0.14546151931479237,0.8545384806852075
2.0816681711721685e-17,1.0
0.4687718440801044,0.5312281559198956
0.3996623483409075,0.6003376516590925
0.6610545329748581,0.33894546702514206
2.7755575615628914e-16,0.9999999999999998
0.0,1.0
0.42365775768483177,0.5763422423151683
0.6802030456415592,0.31979695435844074
0.3898342299798008,0.6101657700201991
0.30106583382223545,0.6989341661777645
0.6308537568494175,0.36914624315058253
0.5176344412747836,0.48236555872521625
0.0,1.0
0.11322841992570364,0.8867715800742964
0.3533371234017804,0.6466628765982195
0.598488645354919,0.401511354645081
5.551115123125783e-17,1.0
2.7755575615628914e-17,1.0
0.5786860694118353,0.4213139305881646
0.5760870176354461,0.42391298236455377
0.3930695755407214,0.6069304244592786
0.6469639638875557,0.3530360361124443
0.15418271675752135,0.8458172832424786
0.24404400537467558,0.7559559946253246
0.22836162166977936,0.7716383783302205
0.4588345389516362,0.5411654610483639
0.3112752039008591,0.688724796099141
0.38002120679627044,0.6199787932037296
0.23263477957297227,0.7673652204270276
0.38674584622198505,0.613254153778015
0.296947843589056,0.7030521564109441
0.4772794134583457,0.5227205865416544
0.0,1.0
4.5102810375396984e-17,0.9999999999999999
0.5476162328043231,0.4523837671956768
0.6518742434878873,0.3481257565121128
0.3143954541630944,0.6856045458369056
0.5423398519870786,0.45766014801292126
0.3302186320627444,0.6697813679372555
0.4378825417047779,0.5621174582952223
0.5384809866184198,0.4615190133815802
0.16336391469539344,0.8366360853046068
0.3456998091741897,0.6543001908258103
0.3317738413651878,0.6682261586348123
0.3943756614931333,0.6056243385068667
0.4124871803592286,0.5875128196407713
0.45706901709052616,0.5429309829094738
0.0,1.0
0.0,1.0
0.21472055621597597,0.7852794437840239
0.41898140351307733,0.5810185964869228
0.39693169961418057,0.6030683003858194
5.551115123125783e-17,1.0
0.2302847084170316,0.7697152915829684
1.6653345369377348e-16,0.9999999999999999
0.46971702743519606,0.530282972564804
0.23074708746006486,0.7692529125399351
0.3664970667843521,0.6335029332156479
0.14628518948294694,0.853714810517053
0.4975860140052967,0.5024139859947032
0.1955181170037144,0.8044818829962856
0.24858316256221863,0.7514168374377813
0.40778983898789667,0.5922101610121032
5.551115123125783e-17,1.0
0.5005759702949726,0.4994240297050275
0.12017441826217753,0.8798255817378224
0.0,1.0
0.4407997632153262,0.5592002367846737
0.0,1.0
0.4152996212208105,0.5847003787791893
0.19870509935475622,0.8012949006452439
5.551115123125783e-17,1.0
0.360775627195835,0.639224372804165
0.44324928263499497,0.5567507173650051
0.2908506282078076,0.7091493717921924
0.4760968616874194,0.5239031383125806
0.11936617019917137,0.8806338298008286
0.19341682855232978,0.8065831714476702
0.0,1.0
0.32392926440799774,0.6760707355920024
0.29977242124850784,0.7002275787514923
1.6653345369377348e-16,0.9999999999999998
0.33307462243723557,0.6669253775627645
0.4415706905086255,0.5584293094913744
0.39873348719272866,0.6012665128072713
0.20215604894652772,0.7978439510534723
0.13099815382036872,0.8690018461796313
0.0,1.0
0.0,1.0
0.3995651806187548,0.6004348193812453
0.0,1.0
0.4930619716469854,0.5069380283530147
0.4757667126057332,0.524233287394267
1.457167719820518e-16,1.0
0.15464766315266631,0.8453523368473337
0.4110607758511345,0.5889392241488655
0.4139189140894371,0.5860810859105628
0.29880697668445844,0.7011930233155416
0.553023457005669,0.446976542994331
0.30768535039890643,0.6923146496010936
0.0,1.0
0.3777216445535507,0.6222783554464495
0.13271484630584565,0.8672851536941544
0.48486486160744235,0.5151351383925575
0.48975715158017513,0.5102428484198249
0.25237149102229184,0.747628508977708
0.38308243417751714,0.6169175658224831
0.6567688627794918,0.3432311372205085
0.28528441838122676,0.7147155816187731
0.17934716006361823,0.8206528399363817
0.4736381064267866,0.5263618935732134
0.11132356264448334,0.8886764373555167
0.5438224987616957,0.4561775012383045
0.410525601404448,0.5894743985955518
0.16964921282490786,0.8303507871750921
0.5142032704594625,0.48579672954053726
0.371006483540848,0.6289935164591519
0.6119520111037662,0.3880479888962339
0.6341169955841838,0.3658830044158162
0.34789490400439715,0.6521050959956026
3.3306690738754696e-16,0.9999999999999998
0.31505164120396234,0.6849483587960374
0.4363877155561181,0.563612284443882
0.39223176551983746,0.6077682344801626
0.365330192704019,0.634669807295981
0.4520585702917984,0.5479414297082017
0.6122001340527093,0.3877998659472905
0.6055245522776247,0.3944754477223752
0.5030635854106186,0.49693641458938137
0.5028837235151346,0.4971162764848655
0.026087012480242255,0.9739129875197577
0.5964890423966871,0.40351095760331274
0.271822337901572,0.728177662098428
0.572540927514097,0.42745907248590315
0.17210530873972316,0.8278946912602769
0.28148814794612226,0.7185118520538776
0.5423199486220136,0.4576800513779863
8.326672684688674e-17,0.9999999999999999
0.5356633075188318,0.46433669248116816
0.39443266757282514,0.6055673324271748
0.588207083326068,0.41179291667393203
0.4625633414830833,0.5374366585169166
0.5730209535802226,0.4269790464197775
0.4803789049388602,0.51962109506114
0.3265601571849012,0.673439842815099
0.36356563093087674,0.6364343690691232
0.3859498947858811,0.6140501052141188
0.244816429265882,0.755183570734118
0.4055730830415004,0.5944269169584996
0.5398169535440978,0.4601830464559023
0.4565287444526019,0.5434712555473981
0.21871851189964653,0.7812814881003532
0.3490011989145283,0.6509988010854718
0.0,1.0
0.5372188247720239,0.46278117522797607
0.16124621397712433,0.8387537860228755
0.3140754359876353,0.6859245640123647
0.47541190836367037,0.5245880916363299
0.3388626525921137,0.6611373474078863
0.27624871698630454,0.7237512830136955
0.4623168586624121,0.5376831413375879
0.37836457416415226,0.6216354258358477
0.45577441521636447,0.5442255847836355
0.38219478540122503,0.6178052145987749
0.0037613566483345236,0.9962386433516652
0.4719951681870787,0.5280048318129215
0.5525183272960734,0.44748167270392664
0.41933208126123717,0.5806679187387631
0.43406175548430614,0.5659382445156941
2.7755575615628914e-17,1.0
1.1102230246251565e-16,1.0
0.45789037339304245,0.5421096266069576
0.256518474144493,0.743481525855507
1.1102230246251565e-16,1.0
0.1839711534621619,0.816028846537838
0.5282225094541165,0.4717774905458835
0.5,0.5
0.3886732419255591,0.6113267580744409
0.15023965480980817,0.849760345190192
0.5931252161228098,0.40687478387719056
0.2911099206129194,0.7088900793870806
0.4094033250256264,0.5905966749743736
0.3115898598150884,0.6884101401849115
0.30089176381162475,0.6991082361883754
0.6040707028255268,0.39592929717447317
0.20884378359276654,0.7911562164072334
0.4363993973551725,0.5636006026448276
0.2402002185815363,0.7597997814184636
0.31821822075268896,0.681781779247311
0.4120300267841997,0.5879699732158004
0.3186883975102494,0.6813116024897505
0.5,0.5
0.4891472069617567,0.5108527930382434
0.40645772483834897,0.593542275161651
0.4446323550552993,0.5553676449447007
0.5777331178498211,0.4222668821501787
0.12523217471560225,0.8747678252843976
7.216449660063518e-16,0.9999999999999993
0.305638061696748,0.6943619383032519
0.5516031263652551,0.44839687363474495
0.2910312831980542,0.7089687168019457
0.2908598725994124,0.7091401274005876
0.4839630224314211,0.516036977568579
0.4051851562195222,0.5948148437804777
0.3549425460397148,0.6450574539602854
0.4081638450948781,0.5918361549051219
0.22617890630067203,0.7738210936993278
0.21896638665152918,0.781033613348471
0.25526522907516186,0.7447347709248382
0.0,1.0
0.5831224884836184,0.41687751151638147
0.5984286371536472,0.40157136284635264
0.5350929484290524,0.4649070515709477
0.4286932239503818,0.5713067760496182
0.24979560763588152,0.7502043923641186
0.41267907980026813,0.5873209201997319
0.4635072629749965,0.5364927370250034
0.0,1.0
0.21776634560321806,0.7822336543967819
0.33722856415399094,0.6627714358460091
0.36884072561047915,0.6311592743895211
0.37914111010237106,0.6208588898976292
0.6745972445732749,0.3254027554267253
0.5321882034303131,0.4678117965696868
0.56146561004214,0.4385343899578599
0.4649283943594452,0.5350716056405549
0.11316704612495518,0.886832953875045
0.39252731745949576,0.6074726825405041
0.47614785967374473,0.5238521403262553
0.656023293126954,0.34397670687304593
0.17089956885805116,0.8291004311419488
0.0,1.0
0.30607032164468645,0.6939296783553135
7.632783294297951e-17,0.9999999999999999
0.4070854215099725,0.5929145784900274
0.38277943349923976,0.6172205665007603
0.31403610236192203,0.6859638976380782
0.4988396365953254,0.5011603634046748
1.942890293094024e-16,0.9999999999999998
1.6653345369377348e-16,0.9999999999999999
0.4433542360900219,0.5566457639099781
0.0,1.0
0.3542694772297346,0.6457305227702653
0.3930785538143079,0.6069214461856922
0.23706995839940165,0.7629300416005984
0.22221114251304627,0.7777888574869539
0.2160849835903823,0.7839150164096176
5.551115123125783e-17,1.0
0.32177445547529077,0.6782255445247092
0.6410528226438293,0.35894717735617065
0.3041363635349275,0.6958636364650727
0.5458736239496274,0.45412637605037254
0.39883106826538367,0.6011689317346163
0.5423627963981043,0.45763720360189575
0.2784503589406887,0.7215496410593114
4.440892098500626e-16,0.9999999999999997
0.5532250549849206,0.44677494501507947
0.5169763299250978,0.4830236700749023
0.3929268344582042,0.6070731655417958
0.34254700680834566,0.6574529931916542
0.11462072008805592,0.8853792799119441
0.3371393624033536,0.6628606375966464
1.1102230246251565e-16,1.0
0.3659827949179395,0.6340172050820604
0.4777165880576811,0.5222834119423189
0.49675917294440497,0.5032408270555951
0.3211370271819913,0.6788629728180088
0.5911133099483152,0.4088866900516847
0.5323601057785807,0.4676398942214193
0.190534151043506,0.809465848956494
0.2907381489451832,0.7092618510548169
0.26696201682746834,0.7330379831725317
0.0,1.0
0.4318985520853024,0.5681014479146976
0.45880213222642924,0.5411978677735708
0.39535760544160525,0.6046423945583946
0.4364606191470833,0.5635393808529168
0.27373261232037965,0.7262673876796203
0.0,1.0
0.38159060659037985,0.6184093934096202
0.3833351885514966,0.6166648114485034
0.6677726027264452,0.33222739727355477
0.3521961449430418,0.6478038550569581
0.4489325436202161,0.5510674563797838
0.42406176457750366,0.5759382354224964
0.330663929573823,0.6693360704261772
0.39556713878765093,0.6044328612123492
0.17450541463571012,0.8254945853642899
0.5172775337239593,0.4827224662760409
0.4763943710886192,0.5236056289113808
0.5114262180034771,0.4885737819965229
0.36074970158396047,0.6392502984160395
0.5413395837337643,0.4586604162662357
0.34904089303019836,0.6509591069698016
0.3984040364484918,0.601595963551508
0.2995223458856344,0.7004776541143656
0.1277524217170004,0.8722475782829996
0.402400417206879,0.5975995827931209
0.20966636456178475,0.7903336354382153
0.4462719336152076,0.5537280663847923
0.313123402666001,0.6868765973339991
0.4545081254955695,0.5454918745044304
0.30392643952392706,0.696073560476073
0.5039042871551203,0.4960957128448798
0.5972999335555514,0.40270006644444856
0.4169971945261706,0.5830028054738293
0.17890009975652066,0.8210999002434793
0.6082275339448938,0.39177246605510624
0.0,1.0
0.21813081404066803,0.781869185959332
0.014430444348354799,0.9855695556516452
0.24777211188992684,0.7522278881100731
0.5251107968361916,0.4748892031638084
0.0,1.0
0.4000123741478823,0.5999876258521175
0.13068864803816022,0.86931135196184
0.5063870582349422,0.4936129417650578
0.598018348330348,0.40198165166965205
3.3306690738754696e-16,0.9999999999999998
0.3721877783907085,0.6278122216092915
0.5457678406078704,0.4542321593921297
0.4152402263354493,0.5847597736645506
0.5226615677716889,0.47733843222831107
0.40521198157010163,0.5947880184298984
0.4514900567485784,0.5485099432514216
0.49028494051468685,0.5097150594853129
0.40855145418884137,0.5914485458111586
1.249000902703301e-16,0.9999999999999999
0.5066421549514275,0.4933578450485725
0.564429086672246,0.435570913327754
0.6253337324559004,0.37466626754409976
0.5172917053511745,0.4827082946488255
0.46191501526677836,0.5380849847332216
0.023626316470021055,0.9763736835299791
0.43537668911976135,0.5646233108802386
0.4362570359728523,0.5637429640271477
0.0,1.0
0.0,1.0
0.5592357789389909,0.4407642210610092
0.41077482256822945,0.5892251774317707
0.550074096153507,0.449925903846493
0.0,1.0
5.551115123125783e-17,0.9999999999999999
0.1694700039341749,0.8305299960658251
0.42705464662164344,0.5729453533783566
0.18729932324064463,0.8127006767593554
5.551115123125783e-17,1.0
0.2740848227890178,0.7259151772109822
0.4746504241429493,0.5253495758570508
0.4694438421720447,0.5305561578279552
0.561160555518499,0.4388394444815011
0.2822431528738835,0.7177568471261163
0.19443131623214616,0.8055686837678538
1.6653345369377348e-16,1.0
0.48007419083857267,0.5199258091614273
0.4049434196949781,0.5950565803050221
0.404984675034195,0.5950153249658051
0.25628027879878995,0.7437197212012101
0.0,1.0
0.3455536777509479,0.6544463222490521
0.3163296099138517,0.6836703900861484
0.41278960671801784,0.5872103932819821
0.0,1.0
0.0,1.0
0.3733012254872371,0.6266987745127629
0.0,1.0
0.19927996069754692,0.8007200393024531
0.36857659807926146,0.6314234019207385
0.4436412895361619,0.5563587104638381
0.316222337473217,0.6837776625267832
0.3028750616783197,0.6971249383216803
4.683753385137379e-17,1.0
0.0,1.0
0.4787401016122353,0.5212598983877648
0.6111626588290685,0.3888373411709316
0.18307863188926307,0.8169213681107369
0.5264193308232992,0.47358066917670083
0.3489931431416242,0.6510068568583757
0.45054777391299233,0.5494522260870076
0.0,1.0
0.42578694633489794,0.574213053665102
0.3893964950470122,0.6106035049529879
0.31248265309923734,0.6875173469007627
0.0,1.0
0.6469561841041646,0.3530438158958354
0.28419523762268495,0.7158047623773149
0.4816945329070781,0.5183054670929219
0.4993585030186826,0.5006414969813175
0.31730626519464783,0.6826937348053521
0.4133792953834714,0.5866207046165286
0.5032489180564881,0.4967510819435119
0.49346380695297776,0.5065361930470224
0.42008861042923223,0.5799113895707678
0.5205108786447409,0.47948912135525906
0.47703426002332827,0.5229657399766716
0.4790237310535721,0.5209762689464281
0.14542473873436382,0.8545752612656362
0.46046460361942354,0.5395353963805765
0.39152552907723026,0.6084744709227695
0.368102233419623,0.631897766580377
0.40424091375228655,0.5957590862477136
0.007488000334131447,0.9925119996658686
0.5,0.5
0.11215724835677096,0.887842751643229
0.4479642645131598,0.5520357354868403
0.22904600240201164,0.7709539975979884
0.35825215468529964,0.6417478453147004
0.22376502395029207,0.776234976049708
0.5082263293718962,0.4917736706281038
0.4616500139669287,0.5383499860330714
0.3040480734649457,0.6959519265350542
0.4362644746392059,0.5637355253607941
0.28078499477992247,0.7192150052200775
0.37423017395855496,0.625769826041445
0.0,1.0
0.6298279205801068,0.37017207941989333
0.40852095130373073,0.5914790486962692
0.39830420075100115,0.6016957992489989
0.462592241335298,0.5374077586647019
0.3258651804829716,0.6741348195170287
0.38293078541755676,0.6170692145824432
0.5823853626614455,0.41761463733855453
0.5301166315933924,0.46988336840660766
0.4869397643436438,0.5130602356563562
0.36200712613046077,0.6379928738695392
0.21812645194977934,0.7818735480502208
0.0,1.0
0.635006173787886,0.3649938262121139
0.09713540576870132,0.9028645942312986
0.43009793957975484,0.5699020604202453
0.3692198146549575,0.6307801853450424
0.0,1.0
0.6209643962462233,0.37903560375377665
0.36938201480001764,0.6306179851999826
0.2939144121507195,0.7060855878492805
0.43625213735286883,0.5637478626471312
0.26131245518965424,0.7386875448103457
0.4416000365597581,0.5583999634402419
0.39799314073704284,0.6020068592629573
1.6653345369377348e-16,1.0
0.35343656064566503,0.6465634393543349
0.4463005542853843,0.5536994457146159
0.3368416580773366,0.6631583419226635
0.2024369621738508,0.7975630378261493
0.4168711039615188,0.5831288960384813
0.3106429322252159,0.689357067774784
0.5929064305206703,0.40709356947932984
0.5684982406716166,0.43150175932838336
0.22533672277776026,0.7746632772222397
0.5375728240993621,0.4624271759006378
0.07680989873553205,0.923190101264468
0.3341709979603997,0.6658290020396003
0.34697161563351175,0.6530283843664882
0.5760852707339831,0.42391472926601687
0.4813864318495102,0.5186135681504901
0.5719481677514399,0.4280518322485602
0.4794933313648316,0.5205066686351685
0.5595141437922104,0.4404858562077896
0.1832833498049719,0.8167166501950281
0.5708018510935192,0.42919814890648084
0.3720466841193834,0.6279533158806164
2.914335439641036e-16,0.9999999999999998
0.0669713460585827,0.9330286539414174
0.7005645341468505,0.2994354658531497
0.0,1.0
0.2782543936439835,0.7217456063560166
0.5272292222600455,0.47277077773995446
0.11132982456071348,0.8886701754392865
0.22736547345379293,0.7726345265462069
0.3169929207057806,0.6830070792942193
0.20979613854669382,0.7902038614533061
1.942890293094024e-16,0.9999999999999998
0.3636635605845529,0.636336439415447
0.0,1.0
0.49842637684690194,0.5015736231530982
0.13721922438897688,0.8627807756110231
1.1102230246251565e-16,1.0
0.27376219222276327,0.7262378077772365
0.08726622577718286,0.9127337742228173
0.20852454381743465,0.7914754561825653
0.5306853046765841,0.4693146953234159
0.5236682178957442,0.47633178210425575
0.3273305697328399,0.6726694302671601
5.551115123125783e-17,1.0
0.4689385440122028,0.5310614559877973
0.3603881355989156,0.6396118644010845
0.15491277301405618,0.8450872269859439
0.2941560992435019,0.705843900756498
0.5458458484298843,0.4541541515701156
0.3716974269005771,0.628302573099423
0.5302155201967809,0.4697844798032191
0.356813888063582,0.6431861119364181
0.492679670916343,0.5073203290836571
0.4543976590676181,0.5456023409323819
0.3707224478687007,0.6292775521312992
0.30533949912694863,0.6946605008730515
0.2969661906520155,0.7030338093479844
0.28847358860483174,0.7115264113951683
0.5649198495447764,0.43508015045522347
0.30611461469932205,0.693885385300678
0.2712335418337953,0.7287664581662049
0.4362171023114972,0.5637828976885028
0.31424867773080495,0.6857513222691947
0.2777748662615177,0.7222251337384823
0.5090121527920769,0.49098784720792304
0.0,1.0
0.0,1.0
0.29927266118852597,0.7007273388114741
0.22407991278637077,0.7759200872136294
0.22508536042418412,0.7749146395758159
0.3312037158803355,0.6687962841196644
0.5414486719480692,0.4585513280519307
0.0,1.0
0.0,1.0
0.16344958024713038,0.8365504197528697
0.4461079088059362,0.5538920911940638
0.426889612971942,0.5731103870280578
0.33505663942659025,0.6649433605734096
0.49864155195969173,0.5013584480403083
0.5616534600802283,0.4383465399197715
0.16049157826984073,0.8395084217301593
0.36525816560198077,0.6347418343980192
0.4531881002518074,0.5468118997481924
0.0,1.0
0.3870038307197816,0.6129961692802184
0.4881293745521315,0.5118706254478687
0.4164634714659962,0.5835365285340038
0.3292562017334579,0.6707437982665423
8.326672684688674e-17,1.0
0.39554696441335796,0.6044530355866421
0.6150848415335067,0.38491515846649327
0.3740801526353059,0.6259198473646941
1.1102230246251565e-16,1.0
0.09220884001281855,0.9077911599871815
0.4909904592934618,0.5090095407065381
0.15320238661676194,0.846797613383238
0.32212879334825506,0.677871206651745
0.43087278768095527,0.5691272123190447
0.39465757884041197,0.605342421159588
0.46701657001938807,0.5329834299806118
0.41289174848990773,0.5871082515100924
0.45471154158858845,0.5452884584114115
0.4726182312984871,0.5273817687015127
0.4871306302455253,0.5128693697544746
0.18276801095214262,0.8172319890478574
0.21188234721435462,0.7881176527856454
0.4364000430724972,0.5635999569275029
0.5349856772778013,0.4650143227221986
0.43386513072050653,0.5661348692794935
0.597420429047767,0.40257957095223296
0.28014333097272204,0.719856669027278
0.032896844576616735,0.9671031554233833
0.0,1.0
0.32853666370943735,0.6714633362905624
0.06462727129765608,0.9353727287023439
0.4915752885775735,0.5084247114224264
0.404943859225687,0.5950561407743129
0.42111724577841203,0.578882754221588
0.29057889140597337,0.7094211085940266
0.5149401425756513,0.48505985742434876
0.5495246902189619,0.45047530978103834
0.3365982803587611,0.6634017196412393
0.34533312807289085,0.6546668719271092
9.71445146547012e-17,0.9999999999999999
0.4691279560500992,0.5308720439499008
1.6653345369377348e-16,0.9999999999999998
0.5118073800156611,0.488192619984339
0.5301310936968998,0.4698689063031001
0.39550930694807895,0.6044906930519212
0.7150686566938926,0.28493134330610737
0.1460306862196269,0.8539693137803731
0.3825254182852019,0.617474581714798
5.551115123125783e-17,1.0
0.0,1.0
0.5,0.5
0.25589779480577385,0.7441022051942261
5.551115123125783e-17,1.0
0.0,1.0
0.3435347445188501,0.65646525548115
0.3099790668536847,0.6900209331463153
0.27598507172835157,0.7240149282716486
0.2938708863663818,0.7061291136336181
0.2504823309194039,0.7495176690805962
0.43628394655786884,0.5637160534421313
0.5175705984764577,0.48242940152354236
0.36334489344612236,0.6366551065538777
0.2260185183466022,0.7739814816533979
0.5,0.5
0.5987470210737582,0.4012529789262418
0.2940781972676804,0.7059218027323195
0.5107112911866665,0.4892887088133337
0.10699117706926035,0.8930088229307397
0.2691793693642006,0.7308206306357995
0.23055064589777166,0.7694493541022283
0.3620042110341936,0.6379957889658063
0.41224088315384266,0.5877591168461572
0.5585006479884733,0.44149935201152674
0.013369542692364284,0.9866304573076358
0.30388519897226485,0.6961148010277353
0.35554181427220954,0.6444581857277905
0.2908439213752537,0.7091560786247463
0.0,1.0
0.0,1.0
0.6163099474435726,0.3836900525564277
0.4039026036900927,0.5960973963099072
0.23294852226275858,0.7670514777372414
0.35347422896146447,0.6465257710385358
2.498001805406602e-16,0.9999999999999999
0.0,1.0
0.46174159381670205,0.5382584061832978
0.4737309646262981,0.5262690353737018
0.3788803179544669,0.621119682045533
0.4389227507194528,0.5610772492805473
0.3194872328671426,0.6805127671328575
0.0,1.0
0.6223599279263061,0.3776400720736939
0.5679153950892194,0.43208460491078055
0.5258876148725442,0.4741123851274558
0.0,1.0
0.24006001447832262,0.7599399855216774
0.0,1.0
0.46295376694213836,0.5370462330578616
0.4362713595052522,0.5637286404947479
0.2670692923805536,0.7329307076194465
0.2864680675048959,0.7135319324951042
0.30858195790296455,0.6914180420970354
0.3807819924137327,0.6192180075862672
0.33585791054560493,0.6641420894543951
0.4022019933909178,0.5977980066090822
0.34900629496513874,0.6509937050348613
0.0,1.0
0.4735932720424252,0.5264067279575748
0.0,1.0
0.16982506282372917,0.8301749371762708
0.3672593408967808,0.6327406591032192
0.5148882039693389,0.485111796030661
0.2881627283626687,0.7118372716373311
0.39873345519717135,0.6012665448028284
5.551115123125783e-17,1.0
0.43627114067835593,0.5637288593216441
0.24319765556498416,0.7568023444350156
0.4935545128527501,0.5064454871472499
0.09163354691286489,0.9083664530871352
0.4296092103997796,0.5703907896002205
0.48810478838360405,0.5118952116163958
0.5572647544455901,0.44273524555440974
0.35971639987108256,0.6402836001289175
0.5,0.5
0.520128302664592,0.47987169733540797
0.4392358565637763,0.5607641434362237
0.46080885275492406,0.539191147245076
0.2102289247698457,0.7897710752301542
0.43835029642897333,0.5616497035710266
0.5558737864233524,0.44412621357664755
0.5348762191278612,0.46512378087213885
0.335179679926888,0.6648203200731123
0.0,1.0
0.39389125411664405,0.606108745883356
0.0,1.0
0.06340882466281991,0.9365911753371802
0.5309433362285911,0.4690566637714088
0.0,1.0
0.5974699839291362,0.4025300160708638
0.5087921859265376,0.49120781407346237
0.6046717807701456,0.39532821922985456
5.551115123125783e-17,1.0
0.401980535189017,0.5980194648109829
0.25664209247759906,0.7433579075224008
0.5852153613363117,0.41478463866368814
0.27815213741444333,0.7218478625855566
0.5641152950295172,0.43588470497048293
0.5761354351442429,0.423864564855757
0.42214790893204196,0.5778520910679582
0.4072319023676606,0.5927680976323394
0.3064872905146937,0.6935127094853063
0.22519016974219797,0.7748098302578023
0.12356775969718797,0.8764322403028121
0.6142691478211134,0.38573085217888664
0.5349373352747457,0.46506266472525426
0.0,1.0
0.12505597113861527,0.8749440288613849
0.1492383926440941,0.850761607355906
0.4913957775524305,0.5086042224475694
0.1523645458317202,0.8476354541682797
0.4022821879000779,0.597717812099922
0.3099348553414125,0.6900651446585875
0.0,1.0
0.2688607405083886,0.7311392594916113
0.40410075135229184,0.5958992486477079
0.3988238785181531,0.6011761214818467
0.2181263882563635,0.7818736117436367
0.6206410851611862,0.3793589148388138
0.20208323167082193,0.7979167683291782
0.34098714336297564,0.6590128566370244
0.4868514176504365,0.5131485823495633
0.626579931526338,0.37342006847366194
0.24065691417122553,0.7593430858287744
0.5476682064347744,0.45233179356522557
0.46391670591553397,0.5360832940844661
0.34838497929740797,0.6516150207025919
0.3460393488094764,0.6539606511905236
0.2503220004951525,0.7496779995048476
0.43610498189776564,0.5638950181022342
0.5222949737709555,0.47770502622904454
0.2593768360269436,0.7406231639730565
0.5689610411236316,0.4310389588763684
0.0,1.0
0.30106202045452596,0.698937979545474
0.2969469662671326,0.7030530337328675
0.42728661217919184,0.5727133878208082
0.48878518067590443,0.5112148193240955
0.29096272671406187,0.7090372732859379
0.30434695456605537,0.6956530454339446
0.5054393724174631,0.494560627582537
0.2485757613345607,0.7514242386654394
0.4378230055572455,0.5621769944427546
0.0,1.0
0.38268690685188517,0.6173130931481148
0.38881575316307554,0.6111842468369247
0.19023499807262848,0.8097650019273714
0.36777845236220025,0.6322215476377998
0.4318895481183768,0.5681104518816232
0.6510567737722945,0.34894322622770557
0.33082245446632125,0.6691775455336786
0.4795540954629838,0.5204459045370161
0.29067086762578487,0.709329132374215
0.4003162425306983,0.5996837574693018
0.5827734756994704,0.41722652430052964
0.37097284218579524,0.6290271578142047
0.11603909007882107,0.883960909921179
0.12921276101060913,0.8707872389893909
0.3089110984921732,0.691088901507827
0.12466847416553656,0.8753315258344634
0.30180403990455534,0.6981959600954449
0.47032817528316184,0.529671824716838
0.12817715544681416,0.8718228445531858
0.471520539897088,0.528479460102912
0.4980372423382427,0.5019627576617574
1.3877787807814457e-16,0.9999999999999999
0.4292774528077244,0.5707225471922756
0.4306785307699296,0.5693214692300703
0.0,1.0
0.38027180616368694,0.6197281938363131
4.3021142204224816e-16,0.9999999999999997
2.7755575615628914e-17,1.0
0.547102069330173,0.4528979306698272
0.439818472881782,0.5601815271182181
0.3664142808746461,0.6335857191253538
1.1102230246251565e-16,1.0
0.4827954457707106,0.5172045542292893
0.47933166491262313,0.5206683350873771
0.394235039256404,0.605764960743596
0.49305426914499695,0.506945730855003
0.1946750431103954,0.8053249568896045
0.27174388551189205,0.728256114488108
0.0,1.0
0.09485020844546486,0.9051497915545352
0.09080141706136323,0.9091985829386368
0.5505386224535852,0.44946137754641474
0.20080369010414384,0.7991963098958561
0.49905429332345824,0.5009457066765418
0.5006067801580442,0.4993932198419558
0.5317104664118906,0.4682895335881094
0.37054466432833333,0.6294553356716667
0.0,1.0
0.5678563849643137,0.43214361503568627
0.3842301472336932,0.6157698527663068
0.3802565076184478,0.6197434923815522
0.4847062853029333,0.515293714697067
0.5399082297851134,0.4600917702148866
0.40464494743761736,0.5953550525623825
5.551115123125783e-17,1.0
0.6390511722922032,0.3609488277077969
0.16430911582233795,0.835690884177662
0.46868899264721775,0.5313110073527822
0.42999474477382277,0.5700052552261773
0.38301052301525335,0.6169894769847467
0.3968240585599724,0.6031759414400274
0.46150659395900756,0.5384934060409924
0.2859348505192062,0.7140651494807939
0.5511359233640851,0.44886407663591504
0.16415002772997178,0.8358499722700282
0.0,1.0
0.45360069957706417,0.5463993004229358
0.3189450926939156,0.6810549073060845
0.33339151895883323,0.6666084810411667
0.1826887860621847,0.8173112139378154
0.41324043472445166,0.5867595652755484
0.38916974352441835,0.6108302564755815
0.5562999570056444,0.44370004299435567
0.30034459191725216,0.699655408082748
0.5105154862542369,0.4894845137457631
0.43631400103121204,0.5636859989687879
0.23430098246917716,0.7656990175308229
0.4741904062258997,0.5258095937741004
5.551115123125783e-17,1.0
0.0,1.0
0.5,0.5
0.4361917587857069,0.5638082412142932
0.28702447555632504,0.7129755244436751
0.0,1.0
0.0,1.0
0.26206547345828557,0.7379345265417145
0.0,1.0
0.322340253503193,0.6776597464968068
0.41611529737908604,0.5838847026209141
0.343376276694023,0.656623723305977
0.45511952236548936,0.5448804776345106
0.39442496185186854,0.6055750381481315
0.5177653435311208,0.48223465646887925
0.2910665578156283,0.7089334421843717
0.6206865240497013,0.3793134759502989
1.1102230246251565e-16,0.9999999999999999
0.395430969683332,0.604569030316668
0.40791226613186127,0.5920877338681388
0.29771938496529726,0.7022806150347028
0.0,1.0
0.6330821430813193,0.3669178569186808
0.48447605277438954,0.5155239472256105
0.2987955117658209,0.701204488234179
0.2806168726386919,0.719383127361308
0.39839241605365855,0.6016075839463414
0.0,1.0
8.326672684688674e-17,0.9999999999999999
0.22687271046698393,0.773127289533016
0.4632211780925471,0.536778821907453
0.6692131542268657,0.33078684577313433
0.07650776427251381,0.9234922357274863
0.49330348428408755,0.5066965157159123
0.5,0.5
0.0,1.0
0.5572611421050663,0.4427388578949336
0.4420279901349253,0.5579720098650748
0.4206578098413395,0.5793421901586606
1.1102230246251565e-16,0.9999999999999999
0.1605924209852999,0.8394075790147001
0.17255433766867925,0.8274456623313208
3.885780586188048e-16,0.9999999999999998
0.24259298907358454,0.7574070109264154
0.4562874738475757,0.5437125261524245
0.3220250168440974,0.6779749831559027
0.4977745658986278,0.5022254341013723
0.6230511729774698,0.37694882702253013
0.4434318186030897,0.5565681813969103
0.2750752163192671,0.7249247836807329
0.47260985563601515,0.5273901443639849
0.3199580079995426,0.6800419920004573
0.4569833608371452,0.5430166391628548
0.4165571857046433,0.5834428142953568
0.5937363641998374,0.40626363580016267
0.4623628853566035,0.5376371146433961
0.31265877153454935,0.6873412284654506
0.4055710740328659,0.594428925967134
2.7755575615628914e-16,0.9999999999999998
0.3396171297886139,0.6603828702113861
0.37054804777073774,0.6294519522292623
0.2833729842163057,0.7166270157836941
0.13785801706955025,0.8621419829304499
0.44741968516831265,0.5525803148316875
0.594084374506902,0.4059156254930981
0.6742545701343964,0.3257454298656036
0.3754604270523394,0.6245395729476608
0.375219118240346,0.624780881759654
0.28409445823308366,0.7159055417669163
0.6252208319036859,0.3747791680963139
0.5458617443251238,0.4541382556748761
0.26333557666867385,0.7366644233313261
0.6543966061219109,0.3456033938780892
0.45988007256757035,0.5401199274324296
0.2043447433868209,0.7956552566131794
0.4398997291749778,0.5601002708250221
0.1249320791897406,0.8750679208102593
0.37507510278373973,0.6249248972162602
0.1838759362394869,0.816124063760513
0.5078000907660668,0.49219990923393336
0.08043488946029662,0.9195651105397034
0.5335466582155046,0.46645334178449527
2.7755575615628914e-17,1.0
0.3796413121744989,0.6203586878255011
1.5959455978986625e-16,0.9999999999999998
0.420328941584019,0.579671058415981
0.4927503748523075,0.5072496251476926
0.48406811156782253,0.5159318884321773
0.16418953032220004,0.8358104696777999
0.33555664164472254,0.6644433583552775
0.5661901934989537,0.43380980650104645
0.0,1.0
0.1291011165293447,0.8708988834706554
0.0,1.0
0.5337202867985487,0.4662797132014513
0.0,1.0
0.39442496185186854,0.6055750381481315
0.2909707957542443,0.7090292042457557
0.4325254379127795,0.5674745620872204
0.08298324854083991,0.9170167514591601
0.36074272495787235,0.6392572750421276
0.17658029401440212,0.8234197059855979
0.4549863105309265,0.5450136894690734
0.22119962228985227,0.7788003777101478
0.46286647853981505,0.537133521460185
0.43202546378309087,0.5679745362169092
0.3939128264294767,0.6060871735705233
0.5349358778611473,0.4650641221388528
0.1990148165833487,0.8009851834166511
0.39458366871655404,0.605416331283446
0.42414036773224245,0.5758596322677576
0.379548863306762,0.620451136693238
0.3795442818474927,0.6204557181525072
0.6489471416759085,0.35105285832409144
0.3861641172244937,0.6138358827755064
0.4363948283854201,0.5636051716145799
0.436248861808562,0.5637511381914381
5.551115123125783e-17,1.0
0.39690288892874726,0.6030971110712527
0.5209387402468691,0.4790612597531308
0.1891768782865392,0.8108231217134607
0.044980318371291184,0.9550196816287089
0.4125861182758128,0.5874138817241873
0.24071615091751752,0.7592838490824825
0.37178562954068195,0.628214370459318
0.4619855629002734,0.538014437099727
0.36644749150055694,0.6335525084994431
0.277139376258683,0.722860623741317
0.5350027035441136,0.46499729645588633
0.4966443392765075,0.5033556607234924
0.17452538295961023,0.8254746170403897
0.3991934295573396,0.6008065704426605
0.397937379391091,0.602062620608909
0.4364000451659242,0.5635999548340755
0.43014220243441154,0.5698577975655885
0.3785560241791569,0.6214439758208432
0.6459230919403739,0.35407690805962627
0.21368127835416809,0.7863187216458319
0.4765056017974111,0.523494398202589
0.4276519042594858,0.5723480957405142
0.3943285287528466,0.6056714712471534
0.12553483156213285,0.8744651684378673
0.6117221494034687,0.38827785059653136
0.13635966212646042,0.8636403378735397
0.0,1.0
0.0,1.0
0.21816153774200478,0.7818384622579951
0.4692434387035825,0.5307565612964176
0.4137110771700635,0.5862889228299365
0.5234226663372532,0.4765773336627467
0.1292532165512532,0.8707467834487469
3.3306690738754696e-16,0.9999999999999998
0.6143246962973301,0.38567530370266995
0.4240655989307236,0.5759344010692764
0.17388973241078357,0.8261102675892165
0.2073239297892357,0.7926760702107645
0.10394024330360649,0.8960597566963935
0.1736276509678937,0.8263723490321062
0.4310760047986814,0.5689239952013186
0.4547346418540757,0.5452653581459244
0.0,1.0
0.01632385045617464,0.9836761495438254
0.0,1.0
0.0,1.0
0.29056193431254634,0.709438065687454
0.3395176764361975,0.6604823235638027
0.5399566946353509,0.4600433053646491
0.4985662561521822,0.5014337438478178
0.5,0.5
0.43305509818480126,0.5669449018151989
0.290726041319588,0.709273958680412
0.2911216497844926,0.7088783502155074
0.5574476474034326,0.44255235259656756
0.4025298636713554,0.5974701363286445
0.3750077772422512,0.6249922227577489
0.29383328495658,0.7061667150434199
0.44702788457256787,0.5529721154274321
0.5475931416094536,0.45240685839054634
0.3217065785506339,0.6782934214493663
0.5148333294145425,0.4851666705854575
5.551115123125783e-17,0.9999999999999999
0.3151392816396635,0.6848607183603366
0.0,1.0
0.5103056672339178,0.4896943327660823
0.5078228793324,0.49217712066760005
0.3572451426529091,0.6427548573470906
5.551115123125783e-17,0.9999999999999999
0.20631428128821153,0.7936857187117885
0.21887610252749304,0.7811238974725069
0.39125210512429487,0.6087478948757051
1.0408340855860843e-16,0.9999999999999999
0.1896164871990065,0.8103835128009935
0.2805672988982234,0.7194327011017766
0.0,1.0
0.29651086731878923,0.7034891326812108
5.551115123125783e-17,1.0
0.4160575140955905,0.5839424859044093
0.46090581647644846,0.5390941835235515
0.3828415936168877,0.6171584063831125
0.544029226571106,0.45597077342889397
0.43626418018231294,0.563735819817687
0.4986192768454413,0.5013807231545587
0.588157623323128,0.4118423766768721
0.24110996915940291,0.7588900308405969
0.574124292192321,0.42587570780767897
0.47526622350588216,0.5247337764941179
0.5767781292258964,0.4232218707741038
0.5475556463884247,0.4524443536115753
0.2700490583010156,0.7299509416989843
0.2948698975347161,0.705130102465284
0.3455059215593308,0.6544940784406692
0.24021871230134853,0.7597812876986515
0.3490506858385213,0.6509493141614787
0.6796613455336276,0.3203386544663722
0.5547601388023057,0.4452398611976944
0.5246361239782565,0.47536387602174346
0.0,1.0
0.33184534452763803,0.6681546554723621
0.4931387894820746,0.5068612105179253
0.7082357237819984,0.29176427621800155
0.38431611271201527,0.6156838872879846
0.47237576097304135,0.5276242390269588
0.3188096679080449,0.6811903320919552
0.573049767530985,0.42695023246901515
0.2683063481513795,0.7316936518486207
0.43769588454698516,0.562304115453015
0.5050694011151795,0.49493059888482044
0.37324213485003405,0.6267578651499659
0.5215837730512081,0.47841622694879193
0.46044202709428167,0.5395579729057184
0.44096975101918395,0.5590302489808161
0.37429967544600234,0.6257003245539975
0.48361498018219967,0.5163850198178003
0.4913576197111978,0.5086423802888024
0.39552651627082214,0.6044734837291779
0.35674482792531503,0.6432551720746849
0.45606422996114565,0.5439357700388544
0.36503294074877135,0.6349670592512285
0.3399956444940119,0.6600043555059882
0.0,1.0
0.4107715974786827,0.5892284025213174
0.45886276929852815,0.5411372307014718
0.10905095899239815,0.890949041007602
0.47860457908921633,0.5213954209107836
0.5637880271152511,0.4362119728847489
0.43178416391972924,0.5682158360802707
0.42449936183867104,0.5755006381613289
0.4318674722578345,0.5681325277421654
0.08208168284976475,0.9179183171502352
2.7755575615628914e-17,0.9999999999999999
0.32391157007708016,0.6760884299229197
0.528042937255376,0.4719570627446239
0.2463569288792673,0.7536430711207329
0.4180676993159467,0.5819323006840534
0.15397151684111463,0.8460284831588855
0.3846395608228974,0.6153604391771026
0.11687694859138899,0.8831230514086111
0.31868801999336555,0.681311980006634
0.2731343505164611,0.7268656494835388
0.28116753351209384,0.7188324664879061
0.43625507314106476,0.5637449268589352
0.10904462375865914,0.8909553762413408
0.12821961869896603,0.8717803813010339
0.34103571926856435,0.6589642807314356
0.41134787805538,0.5886521219446201
0.5107353086624854,0.4892646913375146
0.30874388489595805,0.691256115104042
0.4892764608118268,0.510723539188173
0.4343132690747048,0.5656867309252952
0.5900301477545101,0.4099698522454901
0.38039251641888244,0.6196074835811175
0.15862832870040233,0.8413716712995977
0.29081771177290733,0.7091822882270926
0.439935217644755,0.5600647823552449
0.3350425705872502,0.66495742941275
0.22582184343852016,0.7741781565614798
0.34611830261199056,0.6538816973880094
0.31228110259649916,0.6877188974035009
0.3539926590151811,0.6460073409848188
0.32497318372758405,0.675026816272416
0.48779142650328,0.51220857349672
0.538344349247855,0.4616556507521448
0.5603177791542326,0.43968222084576714
0.5551228267595699,0.44487717324042997
0.0,1.0
0.4313024456038418,0.5686975543961582
0.0,1.0
0.41269939335912426,0.5873006066408756
0.3084772826837716,0.6915227173162283
0.5665571620463778,0.4334428379536222
0.35538188088738926,0.6446181191126108
0.22407361101289738,0.7759263889871026
0.4860685237989867,0.5139314762010132
0.0,1.0
5.551115123125783e-17,1.0
0.46686396016475584,0.5331360398352444
0.5495363957195073,0.4504636042804927
0.3748532286055582,0.6251467713944419
0.4593769938001664,0.5406230061998337
0.5098627749830484,0.49013722501695156
0.3318693260644083,0.6681306739355918
0.3956635754276717,0.6043364245723282
0.5178624869638698,0.4821375130361302
0.5661093992757892,0.43389060072421104
0.54139222826878,0.45860777173122014
0.5,0.5
0.32877327279088453,0.6712267272091156
0.4142283035077501,0.5857716964922497
0.36560980055888354,0.6343901994411163
0.3470550482954293,0.6529449517045707
0.0,1.0
0.25789379183307604,0.742106208166924
0.287377735958812,0.712622264041188
0.40704081111691204,0.5929591888830877
0.3957400008774476,0.6042599991225526
0.3750751037150622,0.6249248962849379
0.2512261572475104,0.7487738427524895
0.5200769898958713,0.47992301010412874
0.158143115022778,0.8418568849772221
0.5,0.5
0.5483443947685867,0.4516556052314135
0.3417806912586844,0.6582193087413157
0.26743156647136723,0.7325684335286328
0.3912718208706987,0.6087281791293015
5.551115123125783e-17,1.0
0.2831286878407032,0.7168713121592968
0.5820031898203553,0.4179968101796447
0.32489793249802296,0.6751020675019771
0.29084589411183215,0.7091541058881679
0.6511092607412562,0.34889073925874386
0.0,1.0
0.42660950605565573,0.5733904939443443
0.49269484481643816,0.5073051551835618
0.5876136587244988,0.4123863412755014
0.46441002537321757,0.5355899746267824
5.551115123125783e-17,1.0
0.3821096645771363,0.6178903354228639
0.2934255437589029,0.7065744562410972
0.2618685170468961,0.7381314829531037
0.18318802151766658,0.8168119784823334
0.5880886347114298,0.4119113652885703
5.551115123125783e-17,1.0
0.0,1.0
0.4574961758377704,0.5425038241622295
0.5234178278870628,0.4765821721129371
0.3944220600934034,0.6055779399065965
1.1102230246251565e-16,1.0
0.25178184835687806,0.748218151643122
3.3306690738754696e-16,0.9999999999999997
0.19979314594225073,0.8002068540577493
0.04128079995800339,0.9587192000419967
0.0,1.0
0.2203196664983466,0.7796803335016533
0.4363897817129501,0.5636102182870499
0.4695169370990669,0.5304830629009331
0.32193031418454215,0.6780696858154579
0.39443325878240354,0.6055667412175966
0.0,1.0
0.0,0.9999999999999999
0.37007556764792515,0.6299244323520747
0.5000811107456684,0.4999188892543316
0.3426036869596632,0.6573963130403367
0.400964393445836,0.599035606554164
0.188630376799889,0.8113696232001111
0.3796413121744989,0.6203586878255011
0.41644563520517885,0.5835543647948211
0.5587628398067709,0.4412371601932292
0.48168507102456193,0.5183149289754382
0.0,1.0
0.3318839345365123,0.6681160654634876
0.45381714493918884,0.5461828550608111
0.12464320617557313,0.8753567938244269
0.3763156912494129,0.6236843087505872
0.0,1.0
0.4283918389689389,0.571608161031061
0.3613904854284701,0.6386095145715303
0.5398217903911465,0.46017820960885353
5.551115123125783e-17,1.0
0.4563954030988339,0.543604596901166
0.33715529082581847,0.6628447091741817
0.1725271957524666,0.8274728042475334
1.3877787807814457e-17,1.0
0.1946318727739006,0.8053681272260996
5.551115123125783e-17,0.9999999999999999
0.4366275485230986,0.5633724514769013
0.2972853213678466,0.7027146786321534
1.1102230246251565e-16,1.0
0.250521180178399,0.7494788198216011
0.3840331600390597,0.6159668399609404
0.3894698970763928,0.6105301029236072
0.13171493170151466,0.8682850682984854
0.2932983845962962,0.7067016154037038
0.12353654595233891,0.8764634540476611
0.39860716113639477,0.6013928388636052
0.3862425269111003,0.6137574730889
0.3791130252427123,0.6208869747572878
0.40600665029527133,0.5939933497047285
0.506552422857518,0.49344757714248216
0.46984341409929237,0.5301565859007077
0.49771998480911117,0.5022800151908889
0.5060562472092854,0.49394375279071445
0.48310929138127057,0.5168907086187294
0.3609108403325082,0.6390891596674918
0.5283162143448422,0.47168378565515795
0.37297312775044955,0.6270268722495502
0.07327412355664421,0.9267258764433557
0.0,1.0
0.0,1.0
0.3811331079367803,0.6188668920632198
0.23176980421270313,0.7682301957872969
0.5575427378767578,0.4424572621232424
0.24056263668162917,0.7594373633183708
0.5373519634596023,0.46264803654039766
0.0,1.0
0.39301185830079516,0.6069881416992048
0.5507311892216219,0.4492688107783781
0.30995244968082813,0.6900475503191716
0.11967590326685004,0.8803240967331502
0.4826531991384968,0.5173468008615034
0.20024935796029975,0.7997506420397003
0.21826632006292315,0.7817336799370768
0.5363115886582366,0.4636884113417632
0.25332372756077287,0.7466762724392272
0.4727478163239984,0.5272521836760015
0.3397021884857565,0.6602978115142436
0.413736131549799,0.586263868450201
0.3263422382045434,0.6736577617954568
1.3877787807814457e-17,1.0
0.0,1.0
0.3130615562483658,0.686938443751634
0.604682115339423,0.395317884660577
0.0,1.0
0.541781478172912,0.45821852182708794
0.5024950810953602,0.4975049189046398
0.13713026815872612,0.8628697318412739
0.47087872601275654,0.5291212739872434
0.46174300674620383,0.5382569932537962
0.3389043629742996,0.6610956370257005
0.6296636790366863,0.37033632096331376
0.29354674732835595,0.706453252671644
0.5045086032860405,0.4954913967139595
0.4031578146154037,0.5968421853845963
0.5152754267660097,0.48472457323399043
0.35052044154747664,0.6494795584525235
0.41422336271043314,0.5857766372895669
0.1832893236045179,0.816710676395482
0.0,1.0
0.24557075151765703,0.754429248482343
0.34961806186610717,0.650381938133893
0.3826651815512664,0.6173348184487335
0.5767299411514434,0.4232700588485566
0.5415847333943756,0.4584152666056243
0.4868710464698016,0.5131289535301986
0.2489300651691384,0.7510699348308616
0.36832122100824577,0.6316787789917544
0.3668323655140308,0.6331676344859691
0.450792845550493,0.5492071544495072
0.43384681479402276,0.5661531852059772
0.39152678403913177,0.6084732159608682
0.17124132175442955,0.8287586782455704
0.0945575986122878,0.9054424013877121
5.551115123125783e-17,1.0
0.4349810472413628,0.5650189527586372
0.09707725995001053,0.9029227400499894
0.4287618121583685,0.5712381878416313
0.36761724651656813,0.632382753483432
0.4985653446457904,0.5014346553542097
0.35320824473250073,0.6467917552674994
0.38135746977440627,0.6186425302255939
0.49346647314737774,0.5065335268526223
0.2431212832197117,0.7568787167802883
0.24451169065144882,0.7554883093485512
0.5146518481804163,0.4853481518195837
0.19464940620021723,0.805350593799783
0.13062323895529696,0.8693767610447033
0.39442076184208347,0.6055792381579166
0.493283250164286,0.5067167498357142
0.5693946453121002,0.43060535468789957
0.44857637356254115,0.551423626437459
0.4139369937248177,0.5860630062751825
0.4652843609413363,0.5347156390586637
0.326078238822687,0.6739217611773128
0.6402167495355378,0.35978325046446213
0.27315313146908765,0.7268468685309123
0.5084003521893178,0.4915996478106821
0.5440140916944731,0.4559859083055267
0.0,1.0
0.47571057725306853,0.5242894227469315
0.6061043069227346,0.39389569307726563
0.4466205761492984,0.5533794238507016
0.3539560254307589,0.6460439745692411
0.5362550985078226,0.4637449014921774
0.3466711317804926,0.6533288682195074
0.37223128036517744,0.6277687196348226
0.21870325934686713,0.781296740653133
0.42196142682591253,0.5780385731740872
0.40253787337312213,0.5974621266268777
0.40195912105141834,0.5980408789485816
0.373900748187988,0.626099251812012
0.31433521051292856,0.6856647894870714
0.32696829576759223,0.6730317042324078
0.5145874015404129,0.485412598459587
0.49757609533177305,0.502423904668227
0.01910170677213623,0.9808982932278639
0.4478676396374142,0.5521323603625861
0.2909555583822195,0.7090444416177805
0.0,1.0
0.43265846542237546,0.5673415345776247
0.48104987337574584,0.5189501266242543
0.5494940252082138,0.45050597479178633
0.0,1.0
0.48623742043531115,0.513762579564689
0.5172955694078405,0.4827044305921594
0.5565305728776732,0.4434694271223269
0.4907615569730233,0.5092384430269767
0.3991687400373825,0.6008312599626175
0.30838439986109756,0.6916156001389024
0.2220051775175076,0.7779948224824924
0.3424456584615967,0.6575543415384033
1.249000902703301e-16,1.0
0.4223905552503062,0.577609444749694
0.2571453941662941,0.742854605833706
0.1714788620749098,0.8285211379250903
0.2909326327459364,0.7090673672540635
0.540449748753392,0.459550251246608
0.11175594423493534,0.8882440557650645
0.13088682184610817,0.8691131781538918
1.1102230246251565e-16,1.0
0.1931001876245655,0.8068998123754346
0.21144460551906064,0.7885553944809393
0.25123188861935536,0.7487681113806447
0.40599391445338184,0.5940060855466184
0.12188096956350684,0.8781190304364932
0.2257315371889466,0.7742684628110534
0.21876958907247462,0.7812304109275254
0.5588838875025757,0.4411161124974243
0.2464616074399113,0.7535383925600887
0.32425682108876946,0.6757431789112305
0.13824944816010146,0.8617505518398987
0.3180874792170241,0.6819125207829759
0.4367639248019733,0.5632360751980267
0.20830748297070104,0.7916925170292991
0.4240466458125325,0.5759533541874674
0.034493502010731994,0.965506497989268
0.48704583572226146,0.5129541642777387
0.39141448878772084,0.6085855112122792
0.3521715140636901,0.6478284859363098
0.3776329379868949,0.6223670620131051
0.430232188326585,0.5697678116734151
0.4144764713176061,0.5855235286823939
0.29822918124500175,0.7017708187549979
0.5876567918383868,0.4123432081616134
0.3546141060290168,0.6453858939709833
0.0,1.0
0.3911788183674808,0.6088211816325191
0.5390574460216367,0.4609425539783632
0.5,0.5
0.15947236996321554,0.8405276300367844
0.4456738238237063,0.5543261761762937
0.4359278254849436,0.5640721745150564
0.39443573929629455,0.6055642607037054
0.28474241037503084,0.7152575896249692
0.2908340714191285,0.7091659285808717
0.33450414377044535,0.6654958562295545
0.5195613885844266,0.48043861141557365
0.38830905550209266,0.6116909444979072
0.34506727225732536,0.6549327277426747
0.0,1.0
0.5231502998186237,0.4768497001813763
0.4254354990591838,0.5745645009408163
0.0,1.0
0.08863457468572161,0.9113654253142784
0.28847386113678797,0.7115261388632121
0.7011540418709206,0.29884595812907944
0.5432533099366874,0.45674669006331264
0.532864986512972,0.46713501348702813
0.12390746691549791,0.8760925330845022
0.4058645530480343,0.5941354469519659
0.3521844988774068,0.647815501122593
0.4454636598348367,0.5545363401651633
0.4747861226878815,0.5252138773121185
0.4111301803879342,0.5888698196120659
0.2875763820464484,0.7124236179535517
0.4711111154232125,0.5288888845767875
0.3389215335019424,0.6610784664980578
0.38850045413505513,0.6114995458649448
0.0,1.0
0.3609343971547505,0.6390656028452496
0.36795398995074874,0.6320460100492513
0.5028238265068746,0.49717617349312543
0.5,0.5
0.14818882481409398,0.851811175185906
0.1338432967314039,0.866156703268596
0.6137237821556897,0.3862762178443103
0.5967578134705167,0.40324218652948324
0.19449054040820904,0.8055094595917909
0.0,1.0
0.30504231230908985,0.6949576876909102
0.3917091123104113,0.6082908876895886
0.5715204532692151,0.42847954673078503
8.326672684688674e-17,1.0
0.39703739218662093,0.6029626078133791
0.0,1.0
0.4199540742145388,0.5800459257854614
0.5423761425299942,0.4576238574700058
5.898059818321144e-17,0.9999999999999999
0.312166243073846,0.687833756926154
0.37057595963515955,0.6294240403648405
7.632783294297951e-17,0.9999999999999999
1.0408340855860843e-16,1.0
0.4308743414561791,0.5691256585438211
0.5,0.5
1.3877787807814457e-16,1.0
0.10057040733493706,0.8994295926650628
0.5583274926492849,0.44167250735071506
0.4024578136910545,0.5975421863089455
0.21571825365768738,0.7842817463423127
0.13266245830140885,0.8673375416985912
0.46825594325938175,0.5317440567406181
0.0,1.0
0.0,1.0
0.39413400039892676,0.6058659996010732
0.0,1.0
0.6426954105647761,0.35730458943522386
0.452900727301308,0.547099272698692
0.45669336193712123,0.5433066380628788
0.43021592432696165,0.5697840756730383
0.5087758423472845,0.4912241576527155
0.48379230647513216,0.516207693524868
0.21812753346815314,0.7818724665318468
0.5238081691940192,0.47619183080598104
0.17450152229723764,0.8254984777027623
0.6740253325691418,0.3259746674308583
0.4754630675130677,0.5245369324869325
0.23005726891582062,0.7699427310841794
0.5146375724173199,0.4853624275826802
0.39442165873679563,0.6055783412632044
0.3944207186454493,0.6055792813545509
0.2118936765589726,0.7881063234410274
0.3631939478218556,0.6368060521781445
0.0719372141997139,0.9280627858002861
0.6701509280554442,0.3298490719445558
0.44216009334398204,0.557839906656018
0.3867928488192545,0.6132071511807454
0.44027252040637843,0.5597274795936216
0.5290964866871835,0.47090351331281627
0.230503794214983,0.7694962057850171
0.04704092014224383,0.9529590798577561
0.020970617135417428,0.9790293828645825
0.5687124193870052,0.4312875806129946
0.1251681118391254,0.8748318881608748
0.14752505118434275,0.8524749488156573
0.5876719425284619,0.412328057471538
2.636779683484747e-16,0.9999999999999998
0.5494349268757365,0.4505650731242635
0.555362221386976,0.4446377786130238
0.16934949134494,0.8306505086550601
0.20928090352163667,0.7907190964783632
0.3007241987724792,0.6992758012275211
0.4472818173435077,0.5527181826564923
0.43883998607435853,0.5611600139256416
0.5395970918213212,0.4604029081786788
0.14703404474836954,0.8529659552516305
0.41528423042345286,0.5847157695765473
0.09894055913993455,0.9010594408600654
0.5,0.5
0.27075336346420487,0.7292466365357952
0.06642301180731583,0.9335769881926841
0.32201989112938745,0.6779801088706123
0.06097217137966676,0.9390278286203332
2.983724378680108e-16,0.9999999999999998
0.0,1.0
0.3942350312588779,0.6057649687411222
0.11211017936841963,0.8878898206315804
0.42125193825435203,0.5787480617456477
0.4058221611315803,0.5941778388684197
0.29085135988434446,0.7091486401156556
0.5562772649006984,0.4437227350993014
0.6264898223798196,0.37351017762018035
0.34912811750646733,0.6508718824935326
0.37115227535603207,0.6288477246439679
0.35444900899699877,0.6455509910030013
0.4119989651594042,0.5880010348405958
0.3286861659789421,0.6713138340210578
0.0,1.0
0.5436572612040225,0.4563427387959776
1.1102230246251565e-16,1.0
5.551115123125783e-17,1.0
0.4168240207546258,0.5831759792453742
0.1801761398813154,0.8198238601186845
0.43836335641672064,0.5616366435832795
0.2911099206129194,0.7088900793870806
0.0,1.0
0.32573617823151507,0.674263821768485
0.3493823302484688,0.6506176697515311
0.5658299457590962,0.4341700542409038
0.48213904717759465,0.5178609528224053
0.47163706250504284,0.528362937494957
0.3346642723010931,0.6653357276989069
1.1102230246251565e-16,1.0
0.11725774314240321,0.8827422568575968
0.6306365013074496,0.36936349869255036
0.6065555142222648,0.3934444857777353
0.2761289174181054,0.7238710825818946
0.0,1.0
0.0,1.0
0.3197304316215337,0.6802695683784664
0.38001029502065753,0.6199897049793425
0.38512098682592877,0.6148790131740712
0.0,1.0
0.21370089809767148,0.7862991019023283
0.44541629779761227,0.554583702202388
0.49305564051374645,0.5069443594862535
0.31966232090002156,0.6803376790999787
0.5556537083000294,0.4443462916999707
0.17451953447151347,0.8254804655284866
0.5242259440112447,0.4757740559887554
0.5,0.5
0.30492870491742713,0.695071295082573
0.556681827151357,0.4433181728486429
0.18159665414369544,0.8184033458563047
0.23890207846845615,0.7610979215315439
0.5641279769979453,0.435872023002055
0.520947041751281,0.4790529582487189
0.31324011236655247,0.6867598876334476
0.5,0.5
0.0,1.0
0.39455358432452,0.6054464156754801
0.37870852538003014,0.6212914746199698
0.37627422885106726,0.6237257711489327
0.2908687708773809,0.7091312291226192
0.42374233871088884,0.576257661289111
0.3783582947992642,0.6216417052007357
0.37815386597604156,0.6218461340239586
0.5,0.5
0.4637963505238349,0.5362036494761651
0.4631005285434611,0.5368994714565389
0.5626596632530043,0.43734033674699574
0.1366469146119064,0.8633530853880937
0.18017125330363934,0.8198287466963606
0.5574567041524425,0.44254329584755764
0.456417858669655,0.5435821413303449
0.09509028278681544,0.9049097172131846
1.1102230246251565e-16,0.9999999999999999
0.4830489922016303,0.5169510077983696
0.43783367368093495,0.562166326319065
0.22586960541196405,0.7741303945880359
5.620504062164855e-16,0.9999999999999994
0.40166126005351555,0.5983387399464845
0.338186475576959,0.661813524423041
0.4816197606127787,0.5183802393872213
0.0,1.0
0.0,1.0
0.37606561857585147,0.6239343814241485
0.6316985092493085,0.3683014907506917
0.38804616899752686,0.6119538310024732
0.41953745717782204,0.5804625428221779
0.4287587031135647,0.5712412968864352
0.5215837730512081,0.47841622694879193
0.5975639504511687,0.40243604954883144
0.5025621322749052,0.4974378677250949
0.5,0.5
0.45065265959454187,0.5493473404054582
0.4745257563981651,0.525474243601835
0.0,1.0
0.14414794485248145,0.8558520551475185
0.11218226839123407,0.8878177316087659
0.0,1.0
0.4192813838309795,0.5807186161690207
0.3194661060754932,0.6805338939245069
0.36075733845063185,0.6392426615493683
0.08666206219961517,0.9133379378003847
0.38505176538054475,0.6149482346194551
0.024647682471661568,0.9753523175283385
0.533613472333239,0.46638652766676103
0.395692327328418,0.604307672671582
0.0505754341463813,0.9494245658536187
0.5590072101105387,0.44099278988946106
0.46337840682867043,0.5366215931713295
0.3825703397791931,0.6174296602208067
0.4962466329146636,0.5037533670853365
0.43086650192270465,0.5691334980772955
0.38058850764117724,0.6194114923588229
0.42406547280589485,0.5759345271941052
0.6419322761909911,0.358067723809009
0.0,1.0
0.46708974732477754,0.5329102526752225
0.3910568356513978,0.6089431643486022
0.3098930324028822,0.6901069675971179
0.2514225252511679,0.7485774747488321
0.5203539693518718,0.4796460306481283
0.4561295743688334,0.5438704256311666
0.37836457416415226,0.6216354258358477
0.16732703949839425,0.8326729605016057
0.5438165926664692,0.4561834073335309
0.2326641467474762,0.767335853252524
0.0,1.0
0.47287892560162004,0.5271210743983801
0.36504123871599903,0.6349587612840012
0.28794917966991695,0.7120508203300829
0.6747317878960767,0.32526821210392326
0.5416093612902246,0.45839063870977537
0.3266824075434167,0.6733175924565833
0.6761057901927376,0.32389420980726236
0.356224462389946,0.643775537610054
0.5664549471907276,0.4335450528092723
0.3767136407475523,0.6232863592524476
0.4222107653560339,0.5777892346439663
0.46703180425069957,0.5329681957493004
0.37368565953209937,0.6263143404679006
0.6178857928610969,0.38211420713890315
5.551115123125783e-17,1.0
0.3943712601993911,0.6056287398006088
0.5241869367848776,0.47581306321512234
0.5398616098864416,0.46013839011355834
0.30501989042905103,0.694980109570949
0.4459902283647385,0.5540097716352615
1.6653345369377348e-16,0.9999999999999999
5.551115123125783e-17,1.0
0.11425200385595717,0.885747996144043
0.4038996105538222,0.5961003894461779
0.6105696521261006,0.38943034787389946
0.5348957275664389,0.4651042724335611
0.39587722256154073,0.6041227774384592
0.46522885498021394,0.534771145019786
0.0,1.0
0.4705196528895503,0.5294803471104496
0.20142060695861808,0.7985793930413819
0.5310670085858106,0.46893299141418954
0.45777358388729705,0.542226416112703
0.2994832594283218,0.7005167405716781
0.5001817468553782,0.49981825314462186
0.1249663158515547,0.8750336841484454
0.3833525311533991,0.6166474688466009
0.5116962348531618,0.4883037651468382
0.29094640417686074,0.7090535958231393
0.5279048080913937,0.47209519190860627
0.4782928244067829,0.5217071755932171
0.34833052473494824,0.6516694752650518
0.0,1.0
0.641956997575667,0.3580430024243329
0.2906482841058159,0.7093517158941841
0.4218081160793341,0.578191883920666
0.5676079687579056,0.43239203124209435
0.006212006520713268,0.9937879934792867
0.4544933884679058,0.5455066115320942
0.0,1.0
0.4699613357494949,0.530038664250505
0.6559886422040038,0.34401135779599623
0.31919697595078433,0.6808030240492157
0.48859249598334015,0.51140750401666
0.3409705933538443,0.6590294066461557
0.42254514848415714,0.5774548515158427
0.215933222673756,0.784066777326244
0.39158590912178737,0.6084140908782125
0.24167404494589653,0.7583259550541034
3.191891195797325e-16,0.9999999999999998
5.551115123125783e-17,1.0
0.29087962791928157,0.7091203720807184
0.31213759870290086,0.6878624012970992
0.293878836942389,0.7061211630576111
0.3944354915490651,0.6055645084509349
0.1211181198992047,0.8788818801007954
0.4553886297278893,0.5446113702721107
0.523619137540516,0.4763808624594841
0.30606076499931567,0.6939392350006846
0.0,1.0
3.7470027081099033e-16,0.9999999999999997
0.022275006485977415,0.9777249935140226
0.43285260275542387,0.5671473972445761
0.5415499447504631,0.4584500552495369
0.6294220194281227,0.3705779805718774
0.5253538817070227,0.4746461182929775
0.3365856197277695,0.6634143802722304
0.21832012031591577,0.7816798796840844
0.05469327413012246,0.9453067258698775
2.220446049250313e-16,0.9999999999999999
0.3852138929069042,0.6147861070930958
5.551115123125783e-17,1.0
0.30708925851737406,0.6929107414826259
0.3566005209124828,0.6433994790875173
0.11983027688149123,0.880169723118509
0.2661882193952145,0.7338117806047856
0.30802968184642526,0.691970318153575
0.09163756691088899,0.9083624330891111
0.4473177085109262,0.5526822914890738
0.5604334910534137,0.43956650894658605
0.510336905651968,0.48966309434803207
0.5404284271097137,0.4595715728902863
0.35463707044152476,0.6453629295584753
0.6032658391949258,0.39673416080507407
0.3798049477851568,0.6201950522148433
0.45473486693286547,0.5452651330671345
0.5802269144102028,0.4197730855897974
0.48125687295266234,0.5187431270473376
0.3714301066834399,0.6285698933165604
0.3905161041766406,0.6094838958233594
0.39842277658145403,0.6015772234185458
0.22969281432361396,0.770307185676386
0.4853965139174498,0.5146034860825504
0.33164093289599506,0.6683590671040051
0.2073453685041193,0.7926546314958808
0.015038635401210318,0.9849613645987896
0.6340800457627864,0.36591995423721363
0.0,1.0
0.5586698847445796,0.44133011525542054
0.40657428876531454,0.5934257112346855
0.0,1.0
0.3874063486143724,0.6125936513856279
1.1102230246251565e-16,0.9999999999999999
0.290973380101985,0.709026619898015
0.3658787056684255,0.6341212943315744
0.35780835915870496,0.6421916408412951
0.6269055605977685,0.37309443940223147
0.5694713862985408,0.4305286137014593
0.40756817495786984,0.5924318250421301
6.938893903907228e-17,1.0
0.1454902121948407,0.8545097878051594
0.0,1.0
0.1886439977586508,0.8113560022413492
0.0,1.0
0.34947194966023387,0.650528050339766
0.3954232504620251,0.6045767495379749
0.3693121711628498,0.6306878288371504
0.2935011598021151,0.7064988401978848
0.05253724880035018,0.9474627511996497
0.3587546282869982,0.641245371713002
0.43626168809552507,0.563738311904475
0.5,0.5
0.3040587959154794,0.6959412040845206
0.24325883067871398,0.756741169321286
0.44595144853132634,0.5540485514686736
0.43960702095466375,0.5603929790453362
0.5640634223296198,0.43593657767038013
0.3143889531264905,0.6856110468735095
0.2777636416604406,0.7222363583395595
0.2811937671338743,0.7188062328661259
0.23532747911650265,0.7646725208834974
0.17254334657259582,0.8274566534274042
0.5828992381015422,0.4171007618984578
0.4692246712472696,0.5307753287527305
0.48318123350048575,0.5168187664995145
0.16978165106268125,0.8302183489373187
0.04640631834983632,0.9535936816501636
0.33557348993045244,0.6644265100695477
0.5056067786008066,0.4943932213991933
0.0,1.0
0.2907720771970346,0.7092279228029652
4.440892098500626e-16,0.9999999999999997
0.4980178316283658,0.5019821683716341
0.3230192154432732,0.6769807845567268
0.45784115720300095,0.5421588427969992
0.17101645799632165,0.8289835420036784
0.49857886800949697,0.5014211319905029
0.1973470715185076,0.8026529284814925
0.06527546697782056,0.9347245330221794
0.42131780886988346,0.5786821911301164
0.0,1.0
0.38834650757500294,0.6116534924249971
0.39898074301864683,0.6010192569813532
0.5735423056432944,0.42645769435670566
0.09664293613861846,0.9033570638613815
0.2657415111427591,0.7342584888572408
0.4272089436272072,0.5727910563727927
0.37687705866879573,0.6231229413312043
0.6228666263388349,0.3771333736611649
0.5713979727890239,0.428602027210976
0.353693107051515,0.6463068929484852
0.0,1.0
0.5939635254033849,0.40603647459661496
0.5054666130756313,0.4945333869243686
3.885780586188048e-16,0.9999999999999997
0.0,1.0
0.2966842750126708,0.7033157249873292
0.5863511439113932,0.41364885608860663
0.4658746210487305,0.5341253789512695
0.40783421350826865,0.5921657864917313
2.7755575615628914e-17,1.0
5.551115123125783e-17,0.9999999999999999
2.220446049250313e-16,0.9999999999999998
0.505558556559167,0.4944414434408331
0.16801387194363332,0.8319861280563667
0.10802679237165713,0.8919732076283429
0.4770143548781563,0.5229856451218439
0.4508246507793493,0.5491753492206508
0.43635731392322713,0.563642686076773
0.5058410692960025,0.4941589307039975
0.339151857013243,0.660848142986757
0.583709811631865,0.41629018836813503
0.0700924002120732,0.9299075997879268
0.7293252793251319,0.2706747206748681
0.5360323927794727,0.46396760722052716
0.559684951637021,0.44031504836297886
0.42074338910855946,0.5792566108914405
0.0,1.0
0.5120714889775276,0.48792851102247237
0.5238304713766475,0.47616952862335227
0.0,1.0
0.38659950612548016,0.6134004938745198
0.0,1.0
0.0,1.0
0.45152824537119374,0.5484717546288063
0.45410449462270064,0.5458955053772995
0.6332467566289206,0.36675324337107934
0.0,1.0
0.2598136819769617,0.7401863180230382
0.4850100477082727,0.5149899522917273
0.6029928397330276,0.39700716026697225
0.02730302145241839,0.9726969785475815
0.6615624738845194,0.3384375261154801
0.3478313725411488,0.6521686274588512
0.1417004315136545,0.8582995684863456
0.22451255566895448,0.7754874443310456
0.43149367281039597,0.5685063271896041
0.64660771825678,0.3533922817432199
0.22692320424128595,0.7730767957587142
2.220446049250313e-16,0.9999999999999999
0.36392994318157446,0.6360700568184257
0.4007286954185618,0.5992713045814382
0.43875962403569035,0.5612403759643096
0.4947652925604298,0.5052347074395703
0.31107052842040533,0.6889294715795948
0.6237284764613656,0.3762715235386343
0.2295012288892748,0.7704987711107252
0.5883553158643753,0.4116446841356247
0.49541542715679665,0.5045845728432035
0.4420679029942964,0.5579320970057036
0.43624442455335,0.56375557544665
0.0,1.0
0.3544298186823009,0.6455701813176992
0.34701296169150714,0.6529870383084929
0.2371989534274446,0.7628010465725553
0.5064155982434749,0.493584401756525
0.53148599910516,0.4685140008948399
0.38069916425816547,0.6193008357418346
0.4293839661583805,0.5706160338416196
0.42335719320025766,0.5766428067997422
0.08927673601391474,0.9107232639860853
0.39111187451516377,0.6088881254848363
0.4202671834858322,0.5797328165141676
0.17428042515969594,0.825719574840304
0.14124747629359036,0.8587525237064096
0.24286226192753155,0.7571377380724683
0.30299779663542586,0.697002203364574
0.445570149466667,0.554429850533333
0.02669524038079733,0.9733047596192026
0.48268945853637196,0.5173105414636281
0.2837174954708564,0.7162825045291434
0.0,1.0
0.0,1.0
0.3519998812483042,0.6480001187516958
0.36950252577662474,0.6304974742233753
0.4549689043023964,0.5450310956976036
0.24217882005144417,0.7578211799485558
0.5832312611478866,0.4167687388521133
0.1732319084331552,0.8267680915668448
0.035019526471681495,0.9649804735283185
0.6774316909302442,0.322568309069756
0.5719499226209892,0.42805007737901074
0.0,1.0
0.44761796812549015,0.5523820318745097
0.40555719651554667,0.5944428034844536
0.5166062539676186,0.4833937460323814
0.3442599227082906,0.6557400772917094
0.12183167532038705,0.8781683246796129
0.24201489300010673,0.7579851069998933
0.28421235754685664,0.7157876424531434
0.5207371488189468,0.4792628511810532
5.551115123125783e-17,1.0
0.34810034960683633,0.6518996503931637
0.2773445453599402,0.7226554546400601
0.15038394787233667,0.8496160521276632
0.4251357392432396,0.5748642607567604
0.4363238414198069,0.563676158580193
0.5802844146138048,0.41971558538619513
0.5152720686972777,0.4847279313027223
0.3945486206112151,0.605451379388785
0.0,1.0
0.0,1.0
0.12329304063430915,0.8767069593656907
0.5036882866225837,0.49631171337741636
0.5826195397845334,0.41738046021546654
2.7755575615628914e-17,1.0
0.25181048188119,0.7481895181188101
0.3720559971407057,0.6279440028592943
0.12726510371360975,0.8727348962863903
0.5751028418225067,0.4248971581774933
0.4913507538403601,0.50864924615964
0.4110640510916711,0.5889359489083289
0.5009827421055644,0.4990172578944355
0.5157223596561229,0.4842776403438771
0.374559146685523,0.6254408533144772
0.4796292577944358,0.5203707422055641
0.41542504729202,0.58457495270798
0.31632524346191226,0.6836747565380877
0.31089267969187623,0.6891073203081238
0.3144977167248727,0.6855022832751273
0.30511007778677307,0.6948899222132269
0.0414147963860532,0.9585852036139467
0.5173013325139115,0.48269866748608864
0.3111037981721606,0.6888962018278394
0.5872722585421241,0.4127277414578759
0.5385652343600315,0.4614347656399685
0.30849198431914615,0.6915080156808538
0.0,1.0
0.0,1.0
2.7755575615628914e-17,1.0
0.2205703988327686,0.7794296011672314
0.6182367970783722,0.3817632029216278
8.326672684688674e-17,0.9999999999999999
0.39546180419371074,0.6045381958062891
0.3220630158005995,0.6779369841994006
0.4142492939186706,0.5857507060813294
0.3780942112207413,0.6219057887792587
0.0,1.0
0.21458972741036406,0.785410272589636
0.29741267963459894,0.7025873203654011
0.19855973854680511,0.8014402614531949
0.0,1.0
0.43969991995930074,0.5603000800406993
0.43625421031233086,0.5637457896876693
0.5863511472273069,0.41364885277269314
0.43186940776862565,0.5681305922313744
0.2774661429253035,0.7225338570746965
0.4949704832319157,0.5050295167680843
0.0,1.0
0.4062591147078426,0.5937408852921573
0.437796776423727,0.562203223576273
0.3972179192446788,0.6027820807553211
0.0,1.0
0.4539743836213238,0.5460256163786762
0.5799880076911456,0.4200119923088544
0.31967056718146963,0.6803294328185303
0.3749725352860352,0.625027464713965
0.14814016933552357,0.8518598306644766
5.551115123125783e-17,1.0
0.3895255494790343,0.6104744505209656
0.34091080564001025,0.6590891943599898
0.22596463807387468,0.7740353619261254
0.09130106435153906,0.9086989356484612
0.3587756188843053,0.6412243811156946
0.5311328615464946,0.4688671384535053
0.0,1.0
0.5700885836331429,0.42991141636685726
0.4161968739034403,0.5838031260965597
0.0,1.0
0.5203277692181655,0.47967223078183446
0.4071545566878163,0.5928454433121836
0.48285750224691093,0.517142497753089
0.5795771506057554,0.4204228493942445
0.324356704943896,0.675643295056104
1.8041124150158794e-16,0.9999999999999998
0.22050137743822548,0.7794986225617746
0.5379240648939817,0.4620759351060183
0.30303512708076075,0.6969648729192391
0.3994063774630909,0.600593622536909
0.18225699882285323,0.8177430011771468
0.6271279339927254,0.37287206600727446
0.4614389268380851,0.5385610731619149
0.1101620081815721,0.8898379918184279
0.25813129241429167,0.7418687075857083
0.37406476910595454,0.6259352308940452
0.4843633280785805,0.5156366719214195
0.3323923441337768,0.6676076558662233
0.4874340530974849,0.5125659469025152
0.07677755765854577,0.9232224423414541
0.395878152055709,0.604121847944291
0.14650380908911897,0.8534961903067152
0.42169078751105243,0.5783092124889477
0.5,0.5
0.44702771367921457,0.5529722863207854
0.3914586974981998,0.6085413025018002
0.49735194426853424,0.5026480557314659
0.0,1.0
0.554867912203129,0.44513208779687063
0.13786259821075167,0.8621374017892484
0.47445380573199186,0.5255461942680083
0.3887358311354262,0.6112641688645737
0.07686308264343321,0.9231369173565669
0.4602434913019633,0.5397565086980366
0.0,1.0
0.57580524873652,0.4241947512634802
0.0,1.0
0.3372349972008332,0.6627650027991668
0.4474000122047779,0.5525999877952222
0.36911266905524237,0.6308873309447575
0.48255862571123026,0.5174413742887698
0.49615033999125696,0.503849660008743
0.17068146456491576,0.8293185354350843
1.1102230246251565e-16,1.0
3.0531133177191805e-16,0.9999999999999997
0.29029007146298985,0.7097099285370101
0.3767833021481371,0.6232166978518628
0.4588833152309746,0.5411166847690255
0.6054499792638577,0.39455002073614226
0.12321577367246707,0.8767842263275328
0.3490099362436358,0.6509900637563641
5.273559366969494e-16,0.9999999999999996
0.4809360323256057,0.5190639676743943
0.415674611467578,0.5843253885324219
0.49321212299895306,0.5067878770010472
0.34361988686357414,0.6563801131364259
0.4178569686094551,0.5821430313905449
0.14614878382043134,0.8538512161795687
5.551115123125783e-17,1.0
0.5108636487021513,0.4891363512978487
0.420551135458564,0.5794488645414358
0.26491117657709157,0.7350888234229085
0.004566031589166948,0.9954339684108331
0.39753095541255384,0.6024690445874463
0.39449397319236584,0.6055060268076341
0.17637724863176676,0.8236227513682333
0.2493702952150762,0.750629704784924
0.10124465763306609,0.898755342366934
0.46024871079359303,0.539751289206407
0.2493947967787619,0.7506052032212382
0.0,1.0
0.4307962373941622,0.5692037626058376
0.17865849981983845,0.8213415001801615
0.43545347315377103,0.5645465268462292
0.6488774165085613,0.35112258349143877
0.46971298769430303,0.5302870123056971
0.47588190572607036,0.5241180942739297
0.4024623136762267,0.5975376863237734
0.4367719759977143,0.5632280240022858
0.0,1.0
0.3128461636588003,0.6871538363411996
0.5175428499972907,0.4824571500027093
0.04303037003713792,0.9569696299628621
0.5074225039853925,0.49257749601460765
0.3739166931329405,0.6260833068670594
0.0,1.0
0.48353394593851645,0.5164660540614836
0.2386064859611334,0.7613935140388666
0.3542983266829416,0.6457016733170584
0.5622148643254183,0.4377851356745816
0.5986369318035061,0.40136306819649387
0.44205615474527704,0.5579438452547227
0.4138871027188046,0.5861128972811953
0.5120093984577587,0.4879906015422411
0.32559223995836734,0.6744077600416326
0.6130024553399879,0.3869975446600123
0.3568786890559702,0.6431213109440297
0.4254862174829936,0.5745137825170066
0.5260873822079383,0.4739126177920617
0.36186274526078255,0.6381372547392175
0.037403343591647965,0.962596656408352
0.0,1.0
0.5838622197419424,0.4161377802580576
0.6107345707507257,0.38926542924927426
0.3995601132283747,0.6004398867716252
0.37832586578233135,0.6216741342176686
0.5126805948391384,0.48731940516086164
0.12907498159177974,0.8709250184082202
0.447680796833869,0.552319203166131
0.46926313821325727,0.5307368617867428
0.3944200780796687,0.6055799219203314
0.397161295733925,0.602838704266075
0.6336553510147749,0.36634464898522523
0.5678835636119148,0.43211643638808506
5.551115123125783e-17,1.0
0.6391091899097109,0.36089081009028906
0.3798400497537772,0.6201599502462228
0.39617095980904626,0.6038290401909537
0.0,1.0
2.7755575615628914e-17,1.0
0.37862746389674756,0.6213725361032525
0.5077022194707006,0.4922977805292994
0.4725736420899268,0.5274263579100732
0.026746955696205024,0.9732530443037952
0.15700644624749094,0.8429935530255297
0.0,1.0
0.5469284069355187,0.4530715930644814
0.3844971184750496,0.6155028815249504
0.0,1.0
0.29052599840033105,0.7094740015996689
0.45370333858778766,0.5462966614122123
0.18617626219783237,0.8138237378021675
0.5089372844566284,0.49106271554337155
0.0,1.0
8.326672684688674e-17,1.0
0.46988942465804306,0.5301105753419568
0.5604753287481535,0.43952467125184647
0.5398405431085854,0.4601594568914147
0.40306986954879553,0.5969301304512045
0.09434711636892233,0.9056528836310778
0.4799044337700545,0.5200955662299456
0.44072824643816483,0.5592717535618352
0.43640960553383285,0.5635903944661672
0.4619563713921826,0.5380436286078174
0.48019552782421365,0.5198044721757863
0.49346212863249467,0.5065378713675053
0.46592792762214735,0.5340720723778526
0.4972852999380594,0.5027147000619406
0.13414677816983053,0.8658532218301696
0.5409748289614407,0.45902517103855905
0.5563462051450099,0.4436537948549899
0.290292806658127,0.7097071933418732
0.49769468224026747,0.5023053177597326
0.19489533999247746,0.8051046600075227
0.41625035172082625,0.5837496482791737
0.0,1.0
8.326672684688674e-16,0.9999999999999991
0.36580769953217335,0.6341923004678267
0.6480190245896841,0.35198097541031614
0.27804525053616697,0.721954749463833
0.7073235119277376,0.2926764880722622
0.4783493918929464,0.521650608107054
0.39374877136613684,0.6062512286338632
0.46034776572464575,0.5396522342753542
0.3454067758150576,0.6545932241849425
0.5879865159601869,0.41201348403981336
0.0,1.0
0.2868519924904437,0.7131480075095564
0.43645447809462606,0.5635455219053741
1.1102230246251565e-16,1.0
0.38308751737598457,0.6169124826240155
0.31927823109397163,0.6807217689060285
0.5436436951069223,0.4563563048930776
0.27364349385467035,0.7263565061453297
0.47710921721503974,0.5228907827849603
0.5061117452112308,0.49388825478876924
0.3479584298383756,0.6520415701616245
0.0,1.0
0.21070381265449528,0.7892961873455047
0.14892668373004925,0.8510733162699506
0.5201791509652901,0.47982084903470984
0.3398353189572093,0.6601646810427909
0.5266371289562269,0.473362871043773
0.4273376563070818,0.5726623436929181
0.4244705437911156,0.5755294562088844
0.5626517818657675,0.4373482181342327
0.4468321362700098,0.5531678637299904
0.4205455731476968,0.5794544268523033
0.33377432447887784,0.6662256755211221
0.36729632459352385,0.6327036754064763
0.4336224864678601,0.5663775135321399
2.7755575615628914e-16,0.9999999999999998
0.20488572304453828,0.7951142769554614
0.6730856683074662,0.32691433169253387
0.7619960563880657,0.23800394361193444
0.3761278736495836,0.6238721263504166
0.5,0.5
0.1492350853644572,0.8507649146355427
0.40726827918467945,0.5927317208153208
0.32156754254219266,0.6784324574578072
0.17626584699078002,0.8237341530092199
0.0,1.0
0.4520625357984755,0.5479374642015244
0.5573744572230735,0.4426255427769265
0.34635513504435267,0.6536448649556473
0.45184062632537186,0.548159373674628
0.5588266502226865,0.44117334977731365
0.34849516759291993,0.65150483240708
0.0,1.0
0.43866458429160826,0.5613354157083916
0.5076120264836053,0.49238797351639474
0.5002087842673063,0.4997912157326937
0.1099545285163358,0.8900454714836642
0.0,1.0
0.40503890652922586,0.5949610934707741
0.09094320471893937,0.9090567952810606
0.3451187138829335,0.6548812861170665
0.3584713405379012,0.6415286594620989
0.5091990460712728,0.49080095392872725
0.33133004775939023,0.6686699522406099
0.0,1.0
0.2982123586440396,0.7017876413559607
0.49691172754078994,0.50308827245921
0.1690039802728796,0.8309960197271203
0.33369814047313995,0.6663018595268602
0.5392957596303787,0.4607042403696212
0.20973425255356523,0.7902657474464347
5.551115123125783e-17,1.0
0.15302533809742336,0.8469746619025768
0.0,1.0
0.2343666838570567,0.7656333161429434
0.4368347355753042,0.5631652644246958
0.29992036146319245,0.7000796385368075
5.551115123125783e-17,1.0
0.3618360768036363,0.6381639231963637
0.6076409888483076,0.39235901115169225
0.24914172816506014,0.7508582718349399
0.2444806256929588,0.755519374307041
0.28040551225249094,0.719594487747509
0.13385913299214888,0.8661408670078511
0.45947977525741146,0.5405202247425885
0.3453739662103521,0.654626033789648
0.5092758458205279,0.4907241541794721
8.326672684688674e-17,1.0
0.5502342156246177,0.4497657843753821
0.47138780281866255,0.5286121971813373
0.6037330321567181,0.396266967843282
0.45303317460010323,0.5469668253998968
0.6009771129096858,0.39902288709031414
0.3647604462204016,0.6352395537795984
0.22102614978730786,0.7789738502126919
0.39960885154021764,0.6003911484597824
0.4811958890096127,0.5188041109903873
0.41597625202668453,0.5840237479733155
0.4755786130075011,0.524421386992499
0.3712216316670087,0.6287783683329913
0.42026830787042896,0.5797316921295711
0.4440490091777432,0.5559509908222569
0.014355491107723287,0.9856445088922767
0.6456091373863885,0.35439086261361147
2.220446049250313e-16,0.9999999999999999
0.3637895090935956,0.6362104909064044
0.4602409265935422,0.5397590734064578
0.3898903614527392,0.6101096385472609
0.49027610936999483,0.5097238906300051
0.3869591566493059,0.613040843350694
1.942890293094024e-16,0.9999999999999999
0.4552401190413694,0.5447598809586305
0.2631531148719087,0.7368468851280916
0.33617835556642744,0.6638216444335727
0.285003501224658,0.7149964987753419
0.5150682062031061,0.4849317937968939
5.551115123125783e-17,1.0
0.5712380612530972,0.4287619387469027
0.0,1.0
0.5,0.5
0.451240384368541,0.5487596156314591
0.03668481092328772,0.9633151890767123
5.551115123125783e-17,1.0
0.6099239515673426,0.3900760484326575
0.308901577023617,0.691098422976383
0.3271926334970428,0.6728073665029571
0.20066891503868894,0.799331084961311
0.1615407314146707,0.8384592685853292
0.2855769465747742,0.7144230534252257
0.500051069445908,0.49994893055409195
0.4588914726127163,0.5411085273872837
0.21622087754718303,0.783779122452817
0.23155827223808284,0.7684417277619172
0.0,1.0
0.4668257327250219,0.533174267274978
0.5761325947923647,0.42386740520763533
0.35332552529871464,0.6466744747012854
0.009744261366309652,0.9902557386336903
0.5530801299943292,0.44691987000567074
0.5039192970208984,0.4960807029791015
0.43165467210808695,0.568345327891913
0.62327979649386,0.37672020350613994
1.1102230246251565e-16,1.0
0.0,1.0
0.5015799613669515,0.4984200386330485
0.0,1.0
0.36676069714385684,0.6332393028561433
0.5056275222610901,0.4943724777389099
0.0,1.0
0.2712133167803674,0.7287866832196326
0.2522881508967024,0.7477118491032977
0.33130124879388034,0.6686987512061198
0.3417522821229254,0.6582477178770747
0.0,1.0
0.0,1.0
0.5569795595715067,0.4430204404284933
0.5391981870768091,0.46080181292319095
0.0,1.0
0.22695713679648485,0.7730428632035152
1.6653345369377348e-16,0.9999999999999998
0.4248276638676464,0.5751723361323535
0.4361917587451561,0.563808241254844
0.5212266836638563,0.4787733163361438
0.20291343126063255,0.7970865687393675
0.3479983599870607,0.6520016400129393
0.4278713808033074,0.5721286191966927
0.5847604582203426,0.41523954177965733
0.5647156109067125,0.43528438909328754
0.13360207060168164,0.8663979293983182
0.49548415060985407,0.504515849390146
0.10294123269635065,0.8970587673036493
0.19814914647651943,0.8018508535234806
0.30737885335010934,0.6926211466498908
0.24411331955236842,0.7558866804476315
0.0,0.9999999999999999
0.4728922072129279,0.5271077927870721
0.1643303374710856,0.8356696625289145
0.2759448085665486,0.7240551914334513
0.24949885488737905,0.7505011451126209
0.5479406647206976,0.45205933527930253
0.29073554997819107,0.709264450021809
0.18807894915693435,0.8119210508430658
0.16546173181111865,0.8345382681888813
0.39431298543482884,0.6056870145651713
0.0,1.0
0.0,1.0
0.5325372661371922,0.4674627338628078
0.35860507095211946,0.6413949290478806
0.26744082793559637,0.7325591720644036
0.0,1.0
0.521614970843431,0.47838502915656894
0.447725374222294,0.5522746257777059
0.2401728064234153,0.7598271935765848
0.4170464767896586,0.5829535232103412
0.5,0.5
0.39158264540714266,0.6084173545928574
0.4511418098107678,0.5488581901892322
0.3010154738051184,0.6989845261948817
0.0,1.0
0.4451024739852121,0.5548975260147879
0.4048751657602621,0.5951248342397377
0.4195919479875838,0.5804080520124161
0.07206530200346574,0.9279346979965343
0.4665056964649489,0.5334943035350509
0.3956446951803967,0.6043553048196035
0.5495363993305372,0.4504636006694628
0.4444320970741994,0.5555679029258004
0.49777853296660335,0.5022214670333964
0.0,1.0
0.4501019680651168,0.5498980319348831
0.5666933616939271,0.4333066383060729
0.0,1.0
0.4361917587857069,0.5638082412142932
1.942890293094024e-16,0.9999999999999999
0.49363267827744645,0.5063673217225535
0.46414852228368114,0.5358514777163191
0.44159515844190195,0.5584048415580979
0.3850490619682327,0.6149509380317674
0.41406068736238666,0.5859393126376135
0.10001075130737155,0.8999892486926285
0.456280858330091,0.543719141669909
0.03648613219968132,0.9635138678003187
0.5044993583086971,0.4955006416913029
0.25181964226144565,0.7481803577385544
0.42235994838172114,0.5776400516182788
0.4498087942345117,0.5501912057654883
0.329816663853169,0.670183336146831
0.49966251026134384,0.5003374897386562
0.3970188074193094,0.6029811925806905
0.4284172455960587,0.5715827544039414
0.39698146778186,0.6030185322181401
0.39206320699304337,0.6079367930069566
0.5085736560062679,0.49142634399373203
0.4876314095054222,0.512368590494578
0.1702219105246442,0.8297780894753557
0.5090273081343536,0.49097269186564646
1.1102230246251565e-16,0.9999999999999999
0.6038797416240145,0.39612025837598547
0.4061226800910324,0.5938773199089676
0.4244886449239621,0.575511355076038
0.5868395199374832,0.4131604800625168
0.22209986038295446,0.7779001396170455
0.3699607399206886,0.6300392600793115
0.3745993394424468,0.6254006605575533
0.0996822679119535,0.9003177320880464
0.5136453801944074,0.4863546198055926
0.3455394300945854,0.6544605699054145
0.6645197304522406,0.33548026954775945
0.1212851617626839,0.8787148382373162
0.428483971886523,0.5715160281134771
0.4395350739800019,0.5604649260199983
0.5320039946679636,0.4679960053320364
0.4866495603993095,0.5133504396006906
0.5413746404860265,0.4586253595139735
0.36705464984925285,0.6329453501507472
0.4873969218789556,0.5126030781210443
1.3877787807814457e-16,0.9999999999999999
0.21826408682686455,0.7817359131731354
0.4360675982176871,0.563932401782313
0.635034763662349,0.3649652363376508
0.0,1.0
0.0,1.0
0.2791791383528025,0.7208208616471976
0.40591145722388033,0.5940885427761197
0.2811852171731287,0.7188147828268714
0.0,1.0
0.41354687117855127,0.5864531288214486
0.40492164439011274,0.5950783556098872
0.3682257868349553,0.6317742131650447
0.4363877136391507,0.5636122863608495
0.0,1.0
0.4215728016886509,0.5784271983113489
0.0,1.0
0.43625787628982515,0.5637421237101748
1.1102230246251565e-16,0.9999999999999999
0.33429973520477163,0.6657002647952283
0.6034375416079292,0.39656245839207094
0.0,1.0
0.5962721007221206,0.40372789927787955
0.6270192877697001,0.3729807122303001
0.3184712344616569,0.681528765538343
0.24956908626826046,0.7504309137317395
1.3877787807814457e-17,1.0
0.6206348401856796,0.3793651598143205
0.0,1.0
0.38747104494756046,0.6125289550524394
0.457806514066803,0.5421934859331972
0.5240335256088792,0.47596647439112083
0.6253550383357227,0.3746449616642774
0.0,1.0
0.4483092370730264,0.5516907629269737
0.43043336088683354,0.5695666391131666
0.4473975738077362,0.5526024261922636
0.37390008518310447,0.6260999148168956
6.678685382510707e-17,0.9999999999999999
0.0,1.0
0.44560563793257524,0.554394362067425
0.46863386170748167,0.5313661382925182
0.49635813597544043,0.5036418640245596
0.3811884177848697,0.6188115822151303
0.4957843216142911,0.504215678385709
0.49797907633814287,0.5020209236618571
0.24926245354943757,0.7507375464505625
0.4278966579825668,0.5721033420174332
0.3995435692816488,0.6004564307183512
0.4550627556361698,0.5449372443638301
5.551115123125783e-17,1.0
0.6217379800224809,0.37826201997751896
0.002165448547631702,0.9978345514523683
0.2451166019075477,0.7548833980924522
0.4866323464788376,0.5133676535211623
0.0,1.0
0.5473382360503445,0.45266176394965546
0.16632092513741176,0.8336790748625882
0.5262295537833672,0.47377044621663267
0.4402978265290278,0.5597021734709722
0.35777453413241184,0.6422254658675881
0.08707146388083263,0.9129285361191675
0.42788531502642885,0.5721146849735713
0.0,1.0
0.4335656361909849,0.5664343638090154
5.551115123125783e-17,1.0
0.5607827378249571,0.4392172621750427
0.5277010531034445,0.4722989468965556
0.5399443281483047,0.4600556718516953
0.3981704532545668,0.6018295467454331
0.39157299084885855,0.6084270091511413
0.39441369978784835,0.6055863002121517
0.04622813232685745,0.9537718676731425
0.2889282653144143,0.7110717346855857
0.5,0.5
0.38101514354779276,0.6189848564522075
0.41722631365271934,0.5827736863472808
0.4757007257083431,0.5242992742916567
0.4135043442770321,0.5864956557229678
0.5782738074462942,0.4217261925537058
0.25247600104267526,0.7475239989573248
0.3127879538755797,0.6872120461244204
0.35002183641376766,0.6499781635862322
0.7401144565899894,0.25988554341001074
0.37139056562081146,0.6286094343791885
0.42082889841759874,0.5791711015824014
0.12424770520470771,0.8757522947952923
0.3156905675796612,0.6843094324203386
0.4193334875866281,0.5806665124133717
0.07449260584853858,0.9255073941514614
0.14926980432061282,0.8507301956793871
0.0895158648657237,0.9104841351342763
0.257604427178561,0.742395572821439
0.3614515746012331,0.638548425398767
0.35172053226698563,0.6482794677330144
0.5296949763845744,0.47030502361542564
0.427250636382256,0.5727493636177438
0.33105145491930615,0.6689485450806941
0.3974858832329245,0.6025141167670754
0.26597507027939876,0.7340249297206012
0.1745125229638504,0.8254874770361497
0.384921996041919,0.6150780039580807
0.33041765742687607,0.6695823425731239
0.20507476195304172,0.7949252380469582
0.04004004137196657,0.9599599586280336
0.1270968280856499,0.87290317191435
0.22905552750526822,0.7709444724947319
0.429688248997675,0.5703117510023249
0.43786530072068186,0.562134699279318
0.0,1.0
0.348978978747699,0.6510210212523013
0.4402577004493174,0.5597422995506826
0.45081910196323166,0.5491808980367683
0.43630147380450074,0.5636985261954992
0.4078888089683279,0.592111191031672
0.0,1.0
0.08522874545366746,0.9147712545463327
0.4494652790218476,0.5505347209781525
0.0,1.0
0.10433558552929613,0.895664414470704
0.42131045953428253,0.5786895404657174
0.5236202126618363,0.47637978733816355
0.6350496765588106,0.3649503234411895
0.34387509783754355,0.6561249021624564
0.2709180374194757,0.7290819625805245
0.47213191109067243,0.5278680889093275
0.40195305588648755,0.5980469441135123
0.0,1.0
0.5120396467738129,0.48796035322618714
0.3882877687613386,0.6117122312386614
0.23266130145524808,0.7673386985447518
0.4830838719212948,0.5169161280787054
0.4308845573140383,0.5691154426859619
0.5635508950581672,0.4364491049418331
1.1102230246251565e-16,1.0
0.20078326735582688,0.7992167326441731
0.16965807741935338,0.830341922580647
0.7544041165687188,0.24559588343128116
0.24506861265389365,0.7549313873461065
0.3943285287528466,0.6056714712471534
0.3725216323509811,0.6274783676490189
5.551115123125783e-17,1.0
0.19883898479235884,0.8011610152076412
0.0,1.0
0.4523021523663762,0.5476978476336237
0.3942294745593542,0.6057705254406459
0.5235915486732489,0.4764084513267512
0.12952030819039226,0.8704796918096077
0.29083955294619845,0.7091604470538015
0.31439918313345794,0.6856008168665422
0.4789929722796337,0.5210070277203663
0.5268363771729507,0.4731636228270492
0.3677458560031056,0.6322541439968943
0.21814354566907646,0.7818564543309237
0.24731033793038884,0.7526896620696113
0.36151303536572005,0.6384869646342799
0.36721942014992237,0.6327805798500776
0.538125455880458,0.461874544119542
0.07855016730375794,0.921449832696242
0.06114839418470824,0.9388516058152917
0.5879097307128783,0.41209026928712167
0.2153986903314655,0.7846013096685347
9.71445146547012e-17,1.0
5.551115123125783e-17,0.9999999999999999
0.5394074142336714,0.4605925857663285
0.3950823098421097,0.6049176901578903
0.24115793626541088,0.7588420637345891
0.4716202330982858,0.5283797669017141
0.29446632016764934,0.7055336798323507
0.3899020302655387,0.6100979697344614
1.6653345369377348e-16,0.9999999999999999
0.029622602803148452,0.9703773971968515
0.31975576741150585,0.6802442325884941
0.3766584786801619,0.623341521319838
0.5164188769379762,0.48358112306202383
0.30602993360881847,0.6939700663911816
0.16913446453367617,0.8308655354663239
5.551115123125783e-17,1.0
0.21365895264623488,0.7863410473537652
0.15529875286697728,0.8447012471330227
0.16993528734767135,0.8300647126523287
0.5398829227157879,0.46011707728421186
0.1782057936907827,0.8217942063092173
0.23685869564812528,0.7631413043518748
0.20909389925678346,0.7909061007432167
0.12525383968749015,0.8747461603125098
0.519859318072431,0.480140681927569
3.191891195797325e-16,0.9999999999999997
0.4538008401141041,0.546199159885896
0.5046098145322886,0.49539018546771163
0.5585430536528417,0.4414569463471582
0.42198953294997904,0.5780104670500209
0.41025294549763214,0.5897470545023679
0.21876574997617315,0.7812342500238267
0.0,1.0
0.22218960052073222,0.7778103994792677
0.5,0.5
0.5279938867948499,0.47200611320515007
0.4868480811848967,0.5131519188151034
0.48228394494880705,0.5177160550511929
0.28775159817931195,0.7122484018206884
0.49986493379878244,0.5001350662012176
0.5806513234898741,0.41934867651012575
0.5110322429309924,0.4889677570690075
5.551115123125783e-17,0.9999999999999999
0.47994048776487813,0.5200595122351217
0.3834031223711532,0.6165968776288469
0.44451482486346067,0.5554851751365394
8.326672684688674e-17,0.9999999999999999
0.5572692307541286,0.4427307692458713
0.45433876933652884,0.5456612306634712
0.5682104681960949,0.43178953180390517
0.043581095612127925,0.9564189043878722
0.32676809589602707,0.6732319041039728
0.26426297573904334,0.7357370242609567
0.0,1.0
0.0,1.0
0.478598617456006,0.5214013825439942
0.305029993137372,0.6949700068626279
0.5967925037085886,0.40320749629141145
0.0,1.0
0.3075828243494025,0.6924171756505973
0.5701716427945445,0.42982835720545554
0.0,1.0
0.3647573670482045,0.6352426329517954
0.290804734240953,0.709195265759047
0.0,1.0
6.938893903907228e-17,1.0
0.5573696955178444,0.4426303044821557
0.45108529018367166,0.5489147098163284
0.25029753470358074,0.7497024652964193
0.35974163198220305,0.640258368017797
0.6815386357043944,0.3184613642956056
0.3976716447249473,0.6023283552750528
0.45173805900096176,0.5482619409990385
0.22536050694688234,0.7746394930531176
0.465039972801965,0.5349600271980348
0.5887397432327461,0.41126025676725375
0.6245122003117937,0.37548779968820617
0.22309486697450986,0.7769051330254901
0.4378355944222142,0.562164405577786
0.40202747200623157,0.5979725279937684
0.5349373351326466,0.4650626648673534
0.29825376900350303,0.701746230996497
1.6653345369377348e-16,0.9999999999999999
0.531762629971905,0.46823737002809473
0.43649509963816174,0.5635049003618382
0.5706747413901461,0.42932525860985404
0.0,1.0
0.218297479054953,0.7817025209450471
0.3182008095298796,0.6817991904701204
0.22452592593966672,0.7754740740603333
0.3174340365495722,0.682565963450428
0.4086132982414895,0.5913867017585105
0.12082883358728123,0.8791711664127189
0.5845423868122188,0.415457613187781
0.5767370430264724,0.42326295697352756
0.23114428004874502,0.7688557199512552
0.31692238756637936,0.6830776124336206
0.3821681668229719,0.6178318331770281
0.4378210382903597,0.5621789617096402
0.5001410418190062,0.4998589581809938
0.09084089763986228,0.9091591023601377
0.5628380680026972,0.43716193199730297
0.4581173709319936,0.5418826290680064
0.2754763459420792,0.7245236540579209
0.35852883428798765,0.6414711657120126
0.12823210469909405,0.871767895300906
0.5976886516909399,0.40231134830906023
8.673617379884035e-19,0.9999999999999999
5.551115123125783e-17,1.0
0.23265857818980984,0.7673414218101903
0.5456858102504629,0.4543141897495371
0.10512586245949572,0.8948741375405045
0.31793914682628094,0.6820608531737188
0.4884107604525181,0.5115892395474819
2.7755575615628914e-17,1.0
0.0,1.0
0.0,1.0
0.40584665852360524,0.5941533414763949
0.5,0.5
0.2850018551499681,0.7149981448500318
0.4818776258643111,0.5181223741356888
0.4837535382170597,0.5162464617829405
0.022626549853794524,0.9773734501462054
0.40411339646359207,0.5958866035364078
0.3179738008877588,0.6820261991122414
0.3271064042697225,0.6728935957302775
0.44571910379635454,0.5542808962036454
0.409039335264118,0.590960664735882
0.35086021090034514,0.6491397890996548
0.18594651023554654,0.8140534897644535
0.21806857736213042,0.7819314226378695
0.14539159763414558,0.8546084023658543
0.5123286055441658,0.48767139445583435
0.3312567578482821,0.6687432421517179
0.4862094794764468,0.5137905205235531
0.0,1.0
0.2877728646983805,0.7122271353016194
0.20780116832419207,0.792198831675808
0.2969339199640888,0.7030660800359111
0.4136856302470631,0.586314369752937
0.0,1.0
0.46533918430287113,0.534660815697129
0.3889154672851826,0.6110845327148173
0.4364655242671841,0.563534475732816
0.3944964982415754,0.6055035017584246
0.34741062815508666,0.6525893718449134
0.3806853766512944,0.6193146233487057
0.4737038833209895,0.5262961166790106
0.5767416524489164,0.42325834755108366
0.5081469160830865,0.49185308391691357
0.5199564056102038,0.48004359438979616
0.3082638615231057,0.6917361384768945
0.4998953964931212,0.5001046035068788
0.2102450805916266,0.7897549194083734
0.31286827668643324,0.6871317233135665
0.22360296698450735,0.7763970330154927
0.0,1.0
0.48816401228588974,0.5118359877141102
0.13416930130730487,0.8658306986926952
0.43632098261735486,0.5636790173826451
0.44654771202708954,0.5534522879729105
0.4965462254293219,0.5034537745706781
0.31339947615010516,0.6866005238498949
0.5008350944607457,0.49916490553925436
0.4364850946564391,0.563514905343561
0.348058331617548,0.6519416683824522
0.45667080254241676,0.5433291974575832
0.43103687884788344,0.5689631211521164
0.39929514165834407,0.6007048583416561
0.3283026556320122,0.6716973443679878
0.3603817097916237,0.6396182902083762
0.36606761605351085,0.6339323839464891
0.1465779103720528,0.8534220896279472
0.13724688711871705,0.8627531128812829
0.37503431407935617,0.6249656859206437
0.28999948129057945,0.7100005187094205
0.4456205037759123,0.5543794962240877
0.14852029594617655,0.8514797040538234
0.27803821349652186,0.7219617865034781
0.1801640000605541,0.8198359999394459
0.5383763207179693,0.46162367928203063
0.5880036148850919,0.41199638511490827
0.4038623377749903,0.5961376622250096
0.23706262341246226,0.7629373765875377
0.4156179886809712,0.5843820113190287
0.36062390227698776,0.6393760977230123
0.42169086995547367,0.5783091300445263
0.3947480220149598,0.60525197798504
0.3210999858144221,0.6789000141855778
0.26724029165915225,0.7327597083408477
0.5418011941483265,0.4581988058516735
0.14881035179985072,0.8511896482001492
0.2493325303013231,0.7506674696986768
0.2399262078251689,0.7600737921748308
0.0720655884610054,0.9279344115389946
0.5181897478022044,0.4818102521977957
0.19462848430874877,0.8053715156912516
0.46617322982301607,0.533826770176984
0.45867251701089795,0.541327482989102
0.6306819719959876,0.36931802800401226
0.485688410173821,0.5143115898261793
0.10237211460842535,0.8976278853915746
0.47632061782308727,0.523679382176913
0.5665672905995586,0.4334327094004416
0.4522285843964142,0.5477714156035859
0.4767069587742738,0.5232930412257263
0.4251537091884501,0.5748462908115497
0.3935524473482491,0.6064475526517508
0.43788079607287106,0.5621192039271289
0.4165775613012952,0.5834224386987048
0.23064523135437473,0.7693547686456252
0.4647940720933737,0.5352059279066262
8.326672684688674e-17,0.9999999999999998
0.1458953873598189,0.854104612640181
0.5200508932856154,0.4799491067143847
0.2766231172935116,0.7233768827064886
5.551115123125783e-17,1.0
0.004262925483333878,0.9957370745166662
0.12375343110387618,0.8762465688961237
0.588458681645063,0.411541318354937
0.5,0.5
5.551115123125783e-17,1.0
0.38169939582593637,0.6183006041740635
0.5022408903595172,0.49775910964048276
1.6653345369377348e-16,0.9999999999999998
0.16832419719826686,0.8316758028017331
0.49870822227403216,0.5012917777259679
5.551115123125783e-17,1.0
0.4578153831830041,0.5421846168169958
0.0,1.0
0.41085271947181556,0.5891472805281842
0.46983119175990523,0.5301688082400948
0.2718955579534691,0.728104442046531
0.3869562614709139,0.6130437385290861
0.0,1.0
0.44891927587585434,0.5510807241241457
0.0,1.0
0.4036739943549037,0.5963260056450963
0.5021302723698318,0.4978697276301682
0.36066905014687234,0.6393309498531279
0.5368561996413027,0.46314380035869723
0.48464128575289717,0.5153587142471029
0.29008864297675363,0.7099113570232464
0.33138795668806836,0.6686120433119316
0.0,1.0
0.46425013307970603,0.535749866920294
0.5649129404046545,0.4350870595953455
0.0277929421006532,0.9722070578993469
0.5289863794238023,0.4710136205761975
0.23117509645539788,0.7688249035446021
0.4214525308407369,0.5785474691592631
0.09102736390593504,0.908972636094065
0.0,1.0
0.3442285446957844,0.6557714553042157
0.26461650593940683,0.7353834940605932
0.32255476909613895,0.677445230903861
0.5006702866405248,0.4993297133594751
0.5796256343375913,0.42037436566240854
0.3698184975527888,0.6301815024472112
0.41933450152354884,0.5806654984764511
0.26683918131934636,0.7331608186806535
0.5501798265656278,0.4498201734343721
0.006684634284630488,0.9933153657153696
0.44046164224756584,0.5595383577524341
0.0,1.0
0.5761980268836272,0.42380197311637297
0.56309011806456,0.43690988193544
0.5034313487331032,0.496568651266897
0.48231306614686326,0.5176869338531365
0.46174799530485033,0.5382520046951499
0.0,1.0
0.37769337725647467,0.6223066227435254
0.6537916313038001,0.3462083686962
0.4013386180080701,0.59866138199193
0.0,1.0
0.0,1.0
0.6016918352708784,0.39830816472912156
0.3545502744552855,0.6454497255447146
0.041732416398009016,0.958267583601991
0.15550456054214423,0.844495439457856
0.2185246112715522,0.7814753887284478
0.33894322185495046,0.6610567781450496
0.5,0.5
0.16614785054671954,0.8338521494532805
0.3924990262811696,0.6075009737188305
0.2936145703988175,0.7063854296011826
0.5783109631381471,0.42168903686185294
0.39442629352082964,0.6055737064791703
5.551115123125783e-17,1.0
0.4356516587229572,0.5643483412770428
0.4683926540573107,0.5316073459426892
0.29365047801614746,0.7063495219838525
0.42787116097179906,0.5721288390282009
0.35986986292002426,0.6401301370799758
0.4777639734952355,0.5222360265047644
0.5068065757405463,0.4931934242594536
0.2094203648533579,0.7905796351466421
0.370753205208425,0.6292467947915751
0.22355616804612824,0.7764438319538718
0.4204497346652258,0.5795502653347744
0.43869244260480017,0.5613075573952
0.3548065615962475,0.6451934384037525
0.5936771364931183,0.4063228635068819
0.29085106060888133,0.7091489393911186
0.017986072511759023,0.982013927488241
0.5294531174420518,0.47054688255794813
0.2186424065020242,0.7813575934979757
0.4522685858302097,0.5477314141697903
0.0,1.0
0.45724183523716255,0.5427581647628373
0.3942350312588779,0.6057649687411222
0.19820756945483872,0.8017924305451612
0.0,1.0
0.43970295013834587,0.5602970498616541
0.29393309077283647,0.7060669092271634
0.15240634407659373,0.8475936559234063
0.4363157084513383,0.5636842915486616
0.44396011661373225,0.5560398833862678
0.10432510269238303,0.895674897307617
0.46689035100283566,0.5331096489971643
0.31735625384318367,0.6826437461568164
0.0,1.0
0.5776633920297909,0.42233660797020917
0.40733242119655105,0.5926675788034491
0.0,1.0
0.0,1.0
0.10558077745883057,0.8944192225411695
0.27791473434410724,0.7220852656558927
0.3034612107015639,0.6965387892984362
0.21652742591835805,0.7834725740816418
0.482860196238931,0.517139803761069
0.40913115062498817,0.5908688493750119
0.4362479487803602,0.5637520512196397
0.3730752006681008,0.6269247993318992
0.48811463689116674,0.5118853631088331
0.28152285362863055,0.7184771463713694
0.0,1.0
0.20679737382835786,0.7932026261716422
0.5543096057776352,0.4456903942223647
0.3717072181384809,0.6282927818615189
2.7755575615628914e-17,1.0
0.5793121816557208,0.4206878183442792
0.21947331051642505,0.780526689483575
0.41264122807186593,0.5873587719281341
0.5198942413732407,0.48010575862675936
0.35875063635538607,0.6412493636446138
0.3895043566730086,0.6104956433269915
0.3383286732355114,0.6616713267644886
0.17806121401946962,0.8219387859805304
0.4784943962446061,0.5215056037553938
0.4696202257559343,0.5303797742440657
0.4042647876457201,0.5957352123542798
0.2016537550391119,0.798346244960888
0.12463963021587637,0.8753603697841237
0.5055389998795609,0.4944610001204392
0.09468166213302283,0.9053183378669771
0.3870108800152217,0.6129891199847782
0.3928610193132548,0.6071389806867452
5.551115123125783e-17,1.0
0.6592493684369868,0.3407506315630133
1.1102230246251565e-16,1.0
0.49343426762038056,0.5065657323796194
0.46825595001803993,0.5317440499819599
0.17882293816690126,0.8211770618330988
0.45530957579550524,0.5446904242044946
0.5265016489563021,0.4734983510436981
0.41339616374458976,0.5866038362554103
5.551115123125783e-17,1.0
0.3904285826647552,0.6095714173352448
0.3286614550929975,0.6713385449070024
0.5693289768415998,0.4306710231584003
0.3221214744500174,0.6778785255499828
0.44853479487794345,0.5514652051220565
0.39401055725581813,0.6059894427441818
8.326672684688674e-17,1.0
0.0,1.0
0.3096016785265419,0.6903983214734585
0.31700166640219024,0.6829983335978097
0.28848786410761385,0.7115121358923862
0.4511396328806667,0.5488603671193334
0.5074940034679408,0.49250599653205923
0.4159052693352994,0.5840947306647006
0.572329300736218,0.427670699263782
0.5455351062582164,0.45446489374178367
0.3979595501310301,0.6020404498689699
0.4992364711478562,0.5007635288521437
0.3546790453866098,0.6453209546133903
0.35745205809702396,0.642547941902976
0.30406253176516407,0.6959374682348362
0.23605832747707142,0.7639416725229285
1.240327285323417e-16,0.9999999999999999
0.0,1.0
0.2997733796896062,0.7002266203103936
0.4985976169051836,0.5014023830948164
0.5123496310593427,0.4876503689406572
0.5077682059844765,0.4922317940155237
0.3731128302881548,0.6268871697118452
0.3128578087323836,0.6871421912676164
0.5887568701415364,0.41124312985846345
0.5313458281829372,0.46865417181706265
0.5674442099047012,0.4325557900952988
0.417175739968924,0.5828242600310761
0.5816795164124597,0.41832048358754037
0.45030262598309573,0.5496973740169042
0.0,1.0
0.21771400379312264,0.7822859962068776
0.0,1.0
0.283196188489813,0.7168038115101869
0.0958924568555818,0.9041075431444181
0.5662183857788253,0.43378161422117467
0.5303909246619095,0.46960907533809026
0.5255482474979475,0.47445175250205274
0.4745364932428974,0.5254635067571025
0.48106977683099694,0.518930223169003
0.35949323774516434,0.6405067622548356
0.1465041190570352,0.8534958809429648
0.4027629086261615,0.5972370913738386
0.2978091223823305,0.7021908776176693
0.5992484560310254,0.4007515439689746
0.0,1.0
0.4343424745645631,0.5656575254354369
0.5,0.5
0.39233302991816354,0.6076669700818365
0.26114273528476106,0.738857264715239
0.28815276831342906,0.711847231686571
0.2625749611892783,0.7374250388107217
0.1358608257358875,0.8641391742641126
0.41297689294258294,0.5870231070574171
0.43171627203580826,0.5682837279641917
0.3953316691507977,0.6046683308492022
1.942890293094024e-16,0.9999999999999999
0.6173903551197617,0.3826096448802383
0.3885103018383935,0.6114896981616065
0.09163737634734569,0.9083626236526542
0.26003864490937345,0.7399613550906267
0.21788112925772973,0.7821188707422703
0.4838539135272409,0.5161460864727592
0.0,1.0
0.20603285852329775,0.7939671414767023
0.0,1.0
0.3288898055398433,0.6711101944601567
0.3685982167894672,0.6314017832105328
0.6060150322098914,0.3939849677901088
0.09857246044953985,0.90142753955046
0.0,1.0
5.551115123125783e-17,1.0
0.3431859254947859,0.6568140745052141
0.5449862619500376,0.4550137380499624
0.3515275967918927,0.6484724032081072
0.2443225259619912,0.7556774740380088
0.3003373397907605,0.6996626602092396
0.0,1.0
0.38931164026979737,0.6106883597302026
0.30331900833975495,0.6966809916602451
0.2115311911263483,0.7884688088736517
0.5,0.5
0.6044655850157143,0.39553441498428565
0.4377575462058142,0.5622424537941857
0.3572825789178456,0.6427174210821543
0.29762126885046036,0.7023787311495395
0.3489848658572296,0.6510151341427705
2.8796409701215e-16,0.9999999999999998
0.3891937529217127,0.6108062470782873
0.6025383342529059,0.397461665747094
0.007132192156141967,0.9928678078438581
0.0,1.0
0.2546212446141537,0.7453787553858463
0.0,1.0
0.0,1.0
0.14914679950480575,0.8508532004951943
0.3912043834482693,0.6087956165517309
0.6027823140881803,0.3972176859118196
0.24701725411810677,0.7529827458818932
0.0,1.0
1.6653345369377348e-16,1.0
0.4631448082621709,0.5368551917378291
0.3215912063005627,0.6784087936994373
0.2695829682781825,0.7304170317218177
0.5671982938826869,0.4328017061173131
0.40906589146676303,0.5909341085332368
0.5724261472249746,0.42757385277502535
0.38180975863797134,0.6181902413620286
0.1880910086927864,0.8119089913072136
0.6588416588103145,0.3411583411896857
0.41109361289217955,0.5889063871078204
0.3944924982066563,0.6055075017933437
0.39360513116238793,0.6063948688376121
0.3377138615058007,0.6622861384941993
0.4717630106210083,0.5282369893789919
0.3664834154769778,0.6335165845230222
0.4141736711816396,0.5858263288183604
0.19398007943122195,0.8060199205687781
5.551115123125783e-17,1.0
0.42818740252700616,0.5718125974729938
0.507348797526588,0.492651202473412
0.4823961449828974,0.5176038550171026
0.6688939258172197,0.3311060741827801
0.13573287193330846,0.8642671280666916
2.7755575615628914e-17,1.0
0.65661623819637,0.34338376180363006
0.34632596720133396,0.6536740327986661
0.5572641116440296,0.44273588835597066
0.31767492617769716,0.6823250738223028
0.07253442084277044,0.9274655791572295
0.35648813588478434,0.6435118641152157
0.0,1.0
0.0,1.0
0.35573598358427583,0.6442640164157242
0.4148832127252848,0.5851167872747152
0.2901059721696353,0.7098940278303647
0.16504791461238189,0.8349520853876181
0.3553774937155225,0.6446225062844774
0.25636782162179406,0.7436321783782059
0.37480473704636086,0.6251952629536391
0.17910495109183652,0.8208950489081636
0.5933579814102762,0.4066420185897238
0.3921001964549862,0.6078998035450138
0.4915480337535908,0.5084519662464092
2.636779683484747e-16,0.9999999999999998
0.6125209619845601,0.38747903801543987
0.39675885171134745,0.6032411482886524
0.14311948126123186,0.8568805187387682
0.3838609214243702,0.6161390785756299
0.4909317641790605,0.5090682358209394
0.42764276937445067,0.5723572306255494
0.420544472425029,0.5794555275749709
0.14104255386094752,0.8589574461390524
0.3912996425558101,0.6087003574441902
0.5536675298372301,0.4463324701627699
0.5378298236443729,0.462170176355627
0.3030448731891513,0.6969551268108487
0.39333994314074533,0.6066600568592546
0.35751554360765525,0.6424844563923446
0.45797735061992095,0.542022649380079
0.5633686207952626,0.4366313792047373
0.0,1.0
0.5749239950939552,0.42507600490604475
0.2589552888666483,0.7410447111333518
0.13765311822286488,0.8623468817771351
0.41531981083794006,0.5846801891620597
0.4400019354203873,0.5599980645796125
0.3936306579577977,0.6063693420422023
5.551115123125783e-17,1.0
0.12767746987900777,0.8723225301209923
0.3297894215498951,0.6702105784501048
0.4598198506597224,0.5401801493402777
0.034789022105673646,0.9652109778943263
0.0,1.0
0.05316573338372443,0.9468342666162757
0.43644145828528713,0.5635585417147129
0.0,1.0
0.0,1.0
0.0,1.0
0.11118638619003066,0.8888136138099693
0.4366800563967758,0.5633199436032241
0.27415846577425207,0.7258415342257478
0.5,0.5
0.2583367188695083,0.7416632811304917
0.31612079268047183,0.6838792073195279
0.48584246130724085,0.5141575386927592
0.35528360471506165,0.6447163952849385
0.2499254387952141,0.7500745612047859
0.49054232005918896,0.509457679940811
0.3353361400578443,0.6646638599421557
0.3833086530029667,0.6166913469970333
0.31011945831623855,0.6898805416837615
0.07050170347772762,0.9294982965222723
0.6357002655305773,0.3642997344694224
0.5211341074037635,0.47886589259623646
0.34964034107919917,0.6503596589208009
0.08109207346118925,0.9189079265388108
0.0,1.0
0.4270465961675252,0.5729534038324748
0.10759018033514853,0.8924098196648516
0.5633357650487762,0.4366642349512239
0.5587838171244308,0.4412161828755693
0.19622173093511358,0.8037782690648865
0.5108022294840601,0.48919777051593993
0.56346264573675,0.4365373542632502
0.26835645537627006,0.7316435446237297
0.0,1.0
0.13522472439373404,0.8647752756062658
0.45478105934857443,0.5452189406514257
0.08398044695617478,0.9160195530438252
0.24356318627629922,0.7564368137237008
0.4061471693584082,0.5938528306415918
0.568229166130601,0.43177083386939913
0.5126732935926086,0.4873267064073914
0.41545687677178256,0.5845431232282174
0.30579592715180215,0.6942040728481977
0.007228041534280952,0.992771958465719
0.3259120570306265,0.6740879429693734
1.1102230246251565e-16,1.0
0.531365529445307,0.4686344705546929
0.0,1.0
0.22095047646653795,0.779049523533462
0.4316936253993152,0.5683063746006848
0.34586432633355335,0.6541356736664466
0.6231846349573223,0.3768153650426779
0.5242383191997884,0.47576168080021186
0.49924087488231267,0.5007591251176873
0.4423194902301941,0.5576805097698059
0.2911099206129194,0.7088900793870806
0.21797416832429328,0.7820258316757068
0.41619809631633,0.58380190368367
0.6060889576955922,0.3939110423044078
0.46329519807996367,0.5367048019200364
0.4255297663396861,0.5744702336603138
0.2821738648859239,0.7178261351140761
0.4365659832804378,0.5634340167195622
0.5,0.5
0.2968773900924645,0.7031226099075355
0.543668380148454,0.456331619851546
0.4275694419477138,0.5724305580522859
0.32674106783658136,0.6732589321634188
0.2434890123079014,0.7565109876920986
0.5843481205579916,0.41565187944200843
0.3748953693539445,0.6251046306460556
0.09286710347541381,0.9071328965245863
0.26219797430522834,0.7378020256947717
0.5252837981516919,0.47471620184830804
0.5733951503072935,0.42660484969270657
0.5511261760918893,0.4488738239081106
0.3010869453773941,0.6989130546226059
0.4327763155794318,0.5672236844205684
0.5585006249838584,0.44149937501614167
0.4446358504950919,0.5553641495049082
0.0,1.0
0.5,0.5
0.035059707973958666,0.9649402920260414
0.4131051409482704,0.5868948590517298
0.4746384346670476,0.5253615653329522
0.22884035990324364,0.7711596400967564
0.4660378106431962,0.5339621893568036
0.4380463464938522,0.5619536535061478
0.44678071522544843,0.5532192847745517
0.48130794470666044,0.5186920552933395
0.0,1.0
0.4483409591585425,0.5516590408414574
0.3773029685476146,0.6226970314523855
0.4747041533232898,0.5252958466767103
0.14519854667394283,0.8548014533260572
0.344795521113172,0.6552044788868282
0.32272179443358606,0.6772782055664139
0.5886130458242796,0.41138695417572047
0.0,1.0
0.49545875152924496,0.504541248470755
0.2586613338676906,0.7413386661323094
0.5726639901577333,0.42733600984226683
0.2063014078591246,0.7936985921408753
0.40785358580392517,0.5921464141960749
0.34256923451760485,0.657430765482395
5.551115123125783e-17,1.0
0.2908708021586449,0.7091291978413551
0.2937547666977382,0.7062452333022616
0.0,1.0
0.4326002651571841,0.5673997348428159
0.5585006249838584,0.44149937501614167
0.30291551200780453,0.6970844879921955
0.19551922499467408,0.8044807750053258
0.21813346280955184,0.7818665371904482
0.33317834631957793,0.6668216536804221
0.35867266906121686,0.641327330938783
0.36842298011802754,0.6315770198819726
8.326672684688674e-17,0.9999999999999998
0.20906223197689278,0.7909377680231073
0.5,0.5
0.3811542839272247,0.6188457160727753
0.5817897463615621,0.41821025363843795
0.03961720821137812,0.9603827917886218
0.604049561496809,0.3959504385031912
0.0,1.0
0.24110695040992094,0.7588930495900791
0.33848244983084713,0.6615175501691529
0.516332200559211,0.483667799440789
0.2002965698261003,0.7997034301738998
8.326672684688674e-17,1.0
0.5115864006802431,0.4884135993197569
0.39896346233915125,0.6010365376608486
0.5217051370742151,0.47829486292578494
0.5212145822451171,0.47878541775488276
0.3423940714842889,0.6576059285157111
0.0,1.0
0.0,1.0
0.3191528233783152,0.680847176621685
0.33547681449304756,0.6645231855069523
0.597669140442342,0.40233085955765807
0.0,1.0
0.4894749150527108,0.5105250849472892
0.46100886169579963,0.5389911383042004
0.01943604423925621,0.980563955760744
0.132782245326261,0.8672177546737388
0.3943975627991649,0.6056024372008352
0.0,1.0
0.34902673500798254,0.6509732649920175
0.4396331141680318,0.560366885831968
0.4588481196552768,0.5411518803447231
0.3944274953522384,0.6055725046477616
0.36290238641007216,0.6370976135899279
0.4397813380049251,0.5602186619950748
0.5440866836330746,0.4559133163669255
0.0,1.0
0.17533174792389292,0.824668252076107
0.44672561800678007,0.5532743819932198
0.3698966343934708,0.6301033656065292
0.0,1.0
0.3561205527144153,0.6438794472855849
0.3890905902765042,0.6109094097234957
0.3541376385691906,0.6458623614308094
0.437755816609907,0.5622441833900933
0.4924006883191345,0.5075993116808656
0.12356331134529293,0.8764366886547071
0.485685134494789,0.5143148655052109
0.5571239666546773,0.4428760333453227
0.4787974119014175,0.5212025880985824
5.967448757360216e-16,0.9999999999999994
0.3132457376266174,0.6867542623733828
0.08176626239668294,0.9182337376033171
0.4795862694601951,0.520413730539805
0.0,1.0
0.39722467171884857,0.6027753282811514
0.14781278921426824,0.8521872107857318
0.23030645823215035,0.7696935417678497
0.577289670799906,0.4227103292000939
0.5503625940259602,0.4496374059740398
0.5942102306912878,0.4057897693087122
0.0,1.0
0.22714731313387745,0.7728526868661226
0.23605652824308318,0.7639434717569168
0.1454897772462834,0.8545102227537166
0.5358985465214533,0.46410145347854687
0.3956244356874134,0.6043755643125867
0.36949615664548563,0.6305038433545143
0.48094409420545803,0.519055905794542
0.46941361136738424,0.5305863886326158
0.26499079181260055,0.7350092081873993
0.3694673020373337,0.6305326979626661
0.350209027839053,0.649790972160947
0.36595935874417884,0.6340406412558212
0.11594583956579024,0.8840541604342098
0.6020509627950176,0.3979490372049823
0.4188849439974126,0.5811150560025874
0.36162463660298727,0.6383753633970126
1.6653345369377348e-16,0.9999999999999999
0.38749699853360653,0.6125030014663935
0.3142744943371369,0.685725505662863
0.5810611884216939,0.4189388115783062
0.41022625421399356,0.5897737457860063
0.4893099613686682,0.5106900386313314
0.4362392367183169,0.563760763281683
0.5885492601236948,0.41145073987630537
0.40552159247972397,0.594478407520276
0.41505493761910583,0.5849450623808942
0.6958359782929546,0.3041640217070456
0.42049684067769183,0.5795031593223081
0.46726058948400145,0.5327394105159986
0.2908276080735599,0.7091723919264402
0.2834479327462125,0.7165520672537875
0.41038406552205314,0.5896159344779468
0.0,1.0
0.6420846419584079,0.3579153580415922
0.4274906936931476,0.5725093063068525
0.4522486947131714,0.5477513052868284
0.3740241187721768,0.6259758812278231
0.45021077389155273,0.5497892261084474
0.44464224098354693,0.5553577590164531
0.0,1.0
0.07485438694444001,0.9251456130555601
0.3131172260037714,0.6868827739962287
0.4652147765603905,0.5347852234396094
0.31959945769669856,0.6804005423033013
0.40752637155726457,0.5924736284427357
0.3202154634388843,0.6797845365611157
0.3975045242165606,0.6024954757834393
0.5424104537586276,0.45758954624137227
0.5239664349105203,0.47603356508947975
0.0,1.0
0.537522836731367,0.46247716326863303
0.0,1.0
0.45993266508634406,0.540067334913656
0.0,1.0
0.43640988752766774,0.5635901124723323
0.17897623951357855,0.8210237604864215
0.547015645777362,0.4529843542226381
0.46186550525906794,0.5381344947409321
0.4222808460716903,0.5777191539283096
0.3252011726105441,0.674798827389456
0.2854164178825395,0.7145835821174605
4.163336342344337e-16,0.9999999999999996
0.3149273637938406,0.6850726362061593
0.0,1.0
0.5449862619500376,0.4550137380499624
0.2911155142132117,0.7088844857867883
0.4734105111184584,0.5265894888815416
0.6144347698407719,0.38556523015922806
0.3466003948744669,0.6533996051255331
0.4976087390957279,0.5023912609042722
0.5240786127178164,0.4759213872821836
0.5694826222129059,0.4305173777870942
0.35862773098051537,0.6413722690194846
0.0,1.0
0.4588319107382537,0.5411680892617464
0.40466454342773245,0.5953354565722674
0.0,1.0
0.5254632284394988,0.4745367715605012
0.08340802724349079,0.9165919727565092
0.16124396304154145,0.8387560369584585
0.4052960949747227,0.5947039050252774
0.43531201463817976,0.5646879853618203
0.3949487330642772,0.6050512669357228
0.13016231105413906,0.869837688945861
0.30840085892053554,0.6915991410794644
0.029463794484531704,0.9705362055154682
0.18177883539803863,0.8182211646019614
0.12825031368716844,0.8717496863128317
0.1730997820705584,0.8269002179294417
0.432775930968781,0.567224069031219
0.5068266537698367,0.4931733462301633
0.5585998444757218,0.44140015552427847
0.0,1.0
0.4276888484957482,0.5723111515042518
0.6390970513294792,0.3609029486705208
0.39179284032434236,0.6082071596756576
0.5362830173777912,0.4637169826222088
0.46501817133731066,0.5349818286626893
0.37836457695812,0.62163542304188
0.2863292173620107,0.7136707826379891
0.14541841792696475,0.8545815820730353
0.25739591644175336,0.7426040835582469
0.09281092741765913,0.9071890725823408
0.0394904647204548,0.9605095352795452
0.2908533937815395,0.7091466062184605
0.5540742912027337,0.44592570879726634
0.3763518435880542,0.6236481564119458
0.32725191857709046,0.6727480814229098
0.0,1.0
0.4147218328629806,0.5852781671370195
0.3227281467492927,0.6772718532507072
0.5415763862334577,0.458423613766542
0.39184656794961864,0.6081534320503815
0.2574878744564775,0.7425121255435229
0.4965121954908968,0.5034878045091031
0.27962270772099357,0.7203772922790064
0.26410167620061387,0.7358983237993861
0.566814666633407,0.43318533336659326
0.35772454902458034,0.6422754509754195
0.21874456355336988,0.7812554364466301
0.48090781014607226,0.519092189853928
7.632783294297951e-17,1.0
0.4958200815591042,0.5041799184408957
0.0,1.0
0.4012191985029347,0.5987808014970654
0.6100940502259319,0.38990594977406834
0.06711915577903957,0.9328808442209602
0.5050967432511072,0.49490325674889285
0.44312523790786346,0.5568747620921365
0.17888995892224996,0.82111004107775
0.32719639720590615,0.6728036027940939
0.474796027971124,0.525203972028876
0.5363795771975793,0.46362042280242083
0.5,0.5
0.37151364691222133,0.6284863530877787
5.551115123125783e-17,1.0
0.6493831211552272,0.35061687884477294
0.36923215724527836,0.6307678427547216
0.43624933251075226,0.5637506674892476
0.29083642866209064,0.7091635713379094
0.5707914426327797,0.4292085573672202
0.4292711792999508,0.5707288207000489
0.39442755239101523,0.6055724476089848
0.14081359996062923,0.8591864000393707
0.0,1.0
0.605027141813613,0.3949728581863871
0.4865399053604407,0.5134600946395593
0.1392334826695938,0.8607665173304062
0.44725052296381124,0.5527494770361886
0.43621144846163584,0.5637885515383643
0.3337895717590728,0.6662104282409271
0.614339596975501,0.38566040302449894
0.5054661984305457,0.49453380156945437
0.6981576201675461,0.3018423798324538
0.0,1.0
0.0,1.0
0.5253669723870856,0.47463302761291437
0.36292357556521887,0.6370764244347811
0.39301185830079516,0.6069881416992048
0.3942546217301301,0.6057453782698698
0.5990632708549977,0.4009367291450023
0.4861919787006767,0.5138080212993235
0.5884700388818468,0.4115299611181532
0.12927016180101836,0.8707298381989818
0.6243317627810377,0.3756682372189623
0.42220649969184404,0.577793500308156
0.2652505746994449,0.7347494253005553
0.36802598963511857,0.6319740103648814
0.13830800279923128,0.8616919972007688
0.4195987410318919,0.580401258968108
0.16667183987543538,0.8333281601245646
0.08037158907065763,0.9196284109293426
0.5262865627323184,0.47371343726768156
0.38550228498759403,0.6144977150124059
0.42103859719021897,0.5789614028097814
0.45451737204867865,0.5454826279513214
0.35367458966013393,0.646325410339866
0.4782826310609552,0.5217173689390447
0.4610628949703218,0.5389371050296783
0.7281768799044201,0.2718231200955796
5.551115123125783e-17,1.0
0.4636886745532651,0.536311325446735
0.4299174807749797,0.5700825192250203
0.4506718405604454,0.5493281594395545
0.5489879545300134,0.45101204546998663
0.42628724030068077,0.5737127596993192
0.3764777531096293,0.6235222468903708
1.1102230246251565e-16,0.9999999999999999
0.38769921861304807,0.6123007813869519
0.3826604159548878,0.6173395840451121
0.35833083340683997,0.6416691665931601
0.49228848355366495,0.5077115164463349
0.5775544365744665,0.42244556342553347
0.4847265216908048,0.515273478309195
0.2907152972056632,0.7092847027943368
0.26653578281197104,0.7334642171880289
0.4362422718112463,0.5637577281887538
0.260828929104618,0.7391710708953819
0.34331843462227374,0.6566815653777264
0.45293816354358957,0.5470618364564104
0.47511217995595767,0.5248878200440426
0.4968895838315917,0.5031104161684083
0.43287510155138614,0.5671248984486138
0.4413291652173351,0.5586708347826648
0.3613864680704403,0.6386135319295596
0.338842431929529,0.6611575680704709
0.42109841630077793,0.5789015836992221
0.6331793750040945,0.3668206249959053
0.1530210411054611,0.8469789588945389
0.366347676912926,0.6336523230870741
0.4643873586044754,0.5356126413955246
0.3939248800974231,0.6060751199025768
0.7103649200601466,0.2896350799398533
0.0,1.0
0.4361917587857069,0.5638082412142932
0.18096940114672333,0.8190305988532767
0.3575867867829778,0.6424132132170223
0.39468825497686283,0.6053117450231372
0.29362963146458304,0.706370368535417
0.5170693236485613,0.4829306763514387
0.5456609716373291,0.4543390283626709
0.6327096491888313,0.3672903508111688
0.4346819417671109,0.5653180582328892
0.17466250804039032,0.8253374918127205
0.0,1.0
0.5037382815246286,0.4962617184753714
0.5115324363821775,0.48846756361782256
0.3944264441792838,0.6055735558207161
0.2757282176809845,0.7242717823190156
0.43993787151148545,0.5600621284885143
0.25334184746982696,0.7466581525301729
0.5246815812831496,0.47531841871685054
0.47637692402032744,0.5236230759796726
0.37599546834230285,0.6240045316576973
0.46607209238807235,0.5339279076119275
0.3776349842662002,0.6223650157337999
0.38776203990534824,0.6122379600946517
0.32458794685363485,0.6754120531463651
0.44582564412589376,0.5541743558741062
0.23245621028237787,0.767543789717622
0.372359034822777,0.627640965177223
0.3539068112433926,0.6460931887566074
0.3773054103476813,0.6226945896523186
0.4325732998549938,0.5674267001450062
0.34892957167734684,0.6510704283226532
0.3465853443539139,0.6534146556460863
0.0,1.0
0.5023938808590174,0.4976061191409827
0.21818227463725012,0.78181772536275
0.5349995433760574,0.46500045662394274
0.42892326135861764,0.5710767386413823
0.4817124717483567,0.5182875282516433
0.5074371599769617,0.4925628400230384
0.0,1.0
0.695667411315682,0.3043325886843182
0.14333189047444428,0.8566681095255557
0.3497283767554885,0.6502716232445114
0.33185895465644,0.66814104534356
0.21803706376024842,0.7819629362397514
0.5153846780769527,0.4846153219230473
0.1497865644001726,0.8502134355998274
0.09023348748117564,0.9097665125188242
0.5,0.5
0.16687775999573273,0.8331222400042674
0.5085386578812924,0.49146134211870746
0.39450240958564076,0.6054975904143594
0.40405824541097574,0.5959417545890242
0.4427934320615982,0.5572065679384016
0.5013896600304361,0.49861033996956394
0.2329731354545499,0.7670268645454501
0.406686837966574,0.5933131620334261
0.0,1.0
0.4232814005988641,0.576718599401136
0.42156033811584653,0.5784396618841535
0.5028186563619825,0.49718134363801747
0.2181665879594571,0.7818334120405429
0.4712676037539803,0.5287323962460198
0.4019316285848617,0.5980683714151382
0.3892763852151284,0.6107236147848716
0.6346629801448435,0.36533701985515643
0.0,1.0
0.44446123030331525,0.5555387696966847
0.24949509327774433,0.7505049067222557
0.3938205110767656,0.6061794889232345
0.5437343482816686,0.45626565171833156
0.11845329485025106,0.8815467051497489
0.22738333877516087,0.7726166612248392
0.0,1.0
0.43274304457479634,0.5672569554252037
0.420338983195481,0.579661016804519
0.2561924070226355,0.7438075929773645
0.0,1.0
0.39569792344076266,0.6043020765592372
0.44048278919299766,0.5595172108070023
0.0,1.0
0.39989408162235063,0.6001059183776493
0.44975748533222354,0.5502425146677764
0.15904532536071095,0.8409546746392891
0.4817336651796278,0.5182663348203724
0.09471680145064629,0.9052831985493538
0.1421998624165237,0.8578001375834763
0.45877656402234357,0.5412234359776567
0.29402831764944337,0.7059716823505566
0.5917428936629279,0.40825710633707224
0.4303601841344488,0.5696398158655511
0.39533248839646307,0.6046675116035367
0.5620623589927163,0.43793764100728394
0.509327691514045,0.490672308485955
0.3269196096807718,0.6730803903192282
0.0,1.0
0.0,1.0
0.23595477228563014,0.7640452277143698
0.3458626083063735,0.6541373916936264
0.3453742193639076,0.6546257806360924
0.30996290763471496,0.6900370923652849
0.5691436520308559,0.4308563479691439
0.26698158081538015,0.7330184191846199
0.40654349773728204,0.5934565022627181
0.16258078755033284,0.8374192124496673
5.551115123125783e-17,1.0
3.885780586188048e-16,0.9999999999999997
0.42599576051482263,0.5740042394851773
0.06934310044079178,0.9306568995592083
0.588115514760598,0.41188448523940197
0.387174407766346,0.612825592233654
0.07945283118401897,0.920547168815981
0.4769058274305773,0.5230941725694227
3.0531133177191805e-16,0.9999999999999997
0.5,0.5
0.49913582741590207,0.5008641725840979
0.33631211688406354,0.6636878831159365
0.5119575525803208,0.48804244741967934
0.21615307880873855,0.7838469211912614
0.0,1.0
0.3424491396161042,0.6575508603838958
0.5215837730512081,0.47841622694879193
0.6033995478064443,0.39660045219355594
0.4828775926654177,0.5171224073345823
0.4747501275955289,0.5252498724044711
0.38192441686987866,0.6180755831301213
0.4230660735822746,0.5769339264177253
0.10881878134095288,0.8911812186590472
0.132071312650006,0.8679286873499941
0.4258099937885251,0.574190006211475
0.04884879721237832,0.9511512027876217
0.3920633730973321,0.6079366269026679
0.0,1.0
0.07816472192945213,0.9218352780705479
0.37816817201597036,0.6218318279840298
0.30611107350103356,0.6938889264989664
0.452746713691481,0.5472532863085191
0.0,1.0
0.0,1.0
0.21894141165191672,0.7810585883480835
0.39301185830079516,0.6069881416992048
0.37507843696491505,0.6249215630350848
0.0016298705282455125,0.9983701294717544
0.43626315174857944,0.5637368482514206
0.7164336627849576,0.28356633721504243
0.5304983773208605,0.46950162267913953
0.6153913117245048,0.3846086882754952
0.27697565078769204,0.7230243492123081
0.35220347105047467,0.6477965289495253
0.008310461124076893,0.991689538875923
0.4969685571651213,0.5030314428348787
0.5,0.5
0.2516522454097868,0.7483477545902133
