CT-7,CT-1
0.3091212499655423,0.6908787500344576
0.104485367695336,0.8955146323046641
0.19825685458337208,0.8017431454166278
0.12037699898806296,0.8796230010119371
0.1983300674036518,0.8016699325963482
0.1585250967031948,0.8414749032968052
0.5,0.5
0.14223369176718995,0.8577663082328101
1.6653345369377348e-16,1.0
0.06983908538408454,0.9301609146159154
0.3228255741234722,0.6771744258765278
0.1425907744827848,0.8574092255172153
0.5093288599824475,0.49067114001755235
0.23191837613244382,0.7680816238675562
0.24443005373550256,0.7555699462644975
0.07160164646959866,0.9283983535304013
0.5121074802834452,0.48789251971655473
0.0,1.0
0.1494456771321371,0.850554322867863
0.5092612184555292,0.4907387815444708
0.41230377151182895,0.5876962284881709
0.17906430907767615,0.8209356909223238
4.163336342344337e-17,1.0
0.04413878577412474,0.9558612142258752
0.003128807515721014,0.996871192484279
0.0,1.0
0.11810764294604743,0.8818923570539526
0.12930800574168638,0.8706919942583137
0.14771750929744018,0.8522824907025598
0.14944115836617863,0.8505588416338213
0.0,1.0
0.1335429963111953,0.8664570036888048
0.003734790911161585,0.9962652090888384
5.551115123125783e-17,1.0
0.07426432131960477,0.9257356786803953
0.20692202677539412,0.7930779732246059
4.163336342344337e-17,1.0
0.48873847772093487,0.5112615222790651
0.43736228068385374,0.5626377193161463
0.020666291657110213,0.9793337083428898
0.03513949586808405,0.9648605041319159
5.551115123125783e-17,0.9999999999999999
0.11116920346186351,0.8888307965381365
0.09934200715016876,0.9006579928498313
0.1620880103868131,0.837911989613187
0.33858350813136256,0.6614164918686375
0.15805995403104203,0.8419400459689581
0.08426033659671607,0.9157396634032839
5.551115123125783e-17,1.0
0.04961299295784924,0.9503870070421506
0.0799829457091925,0.9200170542908075
0.3030551431096524,0.6969448568903476
0.3216956045730642,0.6783043954269359
0.5142288158450276,0.4857711841549725
0.010490334881362726,0.9895096651186372
0.24151633140781328,0.7584836685921867
0.15462607785001778,0.8453739221499823
0.05041949388725869,0.9495805061127414
0.20376140682935437,0.7962385931706457
0.35165563296020635,0.6483443670397937
0.04362674568682764,0.9563732543131723
0.08375384422405145,0.9162461557759486
0.19556137918651909,0.8044386208134809
1.1102230246251565e-16,0.9999999999999999
0.19364392639855788,0.8063560736014422
0.06736669083669605,0.932633309163304
0.05658189038922453,0.9434181096107754
0.0,1.0
0.44384894598875874,0.5561510540112413
0.22409905096559796,0.7759009490344021
0.09664793989024405,0.9033520601097558
0.03256644121505984,0.9674335587849402
0.1532843483866232,0.8467156516133767
0.11879416554453245,0.8812058344554675
0.12279260840030187,0.8772073915996982
0.028488316206039584,0.9715116837939605
0.1087947353275648,0.8912052646724353
0.2772299108179053,0.7227700891820948
0.039033851685510525,0.9609661483144895
5.551115123125783e-17,1.0
0.24094272852370321,0.7590572714762969
0.10516286196093391,0.8948371380390661
0.3408844477536391,0.6591155522463609
0.2157312210464809,0.7842687789535191
0.5127292702730518,0.4872707297269483
0.0,1.0
0.008221614352379478,0.9917783856476207
0.0,1.0
0.0,1.0
0.0,1.0
2.220446049250313e-16,0.9999999999999998
0.2412237785115369,0.7587762214884631
0.4622987248003483,0.5377012751996517
0.461740101309348,0.538259898690652
0.22473900266700708,0.7752609973329929
0.4374720366259148,0.5625279633740852
0.24402762043808318,0.7559723795619168
0.023035513699608358,0.9769644863003915
0.16478915225258456,0.8352108477474154
1.1102230246251565e-16,0.9999999999999999
0.06878830205093349,0.9312116979490666
0.12263018849778405,0.8773698115022162
1.6653345369377348e-16,1.0
0.036539802731043736,0.9634601972689564
0.43081583190737893,0.5691841680926212
0.0,1.0
0.0,1.0
3.0531133177191805e-16,0.9999999999999998
0.38645587994765984,0.61354412005234
0.28838510387195215,0.7116148961280478
0.019444517726641446,0.9805554822733585
0.0,1.0
0.3973954552784562,0.6026045447215438
0.21255298111044466,0.7874470188895554
0.13439545222246665,0.8656045477775334
1.1102230246251565e-16,1.0
0.4273287163366579,0.572671283663342
0.33495489558006236,0.6650451044199377
0.005438471280261086,0.9945615287197391
0.13846493862618625,0.8615350613738136
0.12718791305137858,0.8728120869486213
0.28526027959597183,0.7147397204040282
0.4272710867226124,0.5727289132773876
0.37800792641237874,0.6219920735876212
0.0,1.0
0.14735237125835468,0.8526476287416453
0.039794199407051443,0.9602058005929486
0.10968483390313856,0.8903151660968613
0.1759526162407928,0.8240473837592072
0.1409377837873133,0.8590622162126867
0.15737673458541182,0.842623265414588
0.09019570684909704,0.909804293150903
0.19517853875414462,0.8048214612458553
0.18519132035642613,0.814808679643574
0.11849543408710632,0.8815045659128938
2.220446049250313e-16,0.9999999999999998
1.1102230246251565e-16,1.0
0.18020413587902612,0.8197958641209739
0.15283546886359167,0.8471645311364085
0.2036784040830846,0.7963215959169154
0.20084593345792495,0.7991540665420751
0.45375911406617514,0.5462408859338249
0.011330298012776728,0.9886697019872233
0.05012363067743336,0.9498763693225668
0.16497363550425945,0.8350263644957405
0.1257101608673789,0.8742898391326211
0.13809620846051382,0.8619037915394862
0.3104858780504446,0.6895141219495555
0.339526724555113,0.660473275444887
0.3710969674542898,0.6289030325457102
1.734723475976807e-17,1.0
0.2190260259750101,0.7809739740249899
0.13191355367756077,0.8680864463224393
2.7755575615628914e-16,0.9999999999999998
0.3181143345170526,0.6818856654829475
0.0,1.0
0.4046160819988638,0.5953839180011362
0.31676962510655654,0.6832303748934434
0.20701819992457518,0.792981800075425
0.020929810557886952,0.979070189442113
0.410289548752937,0.5897104512470631
0.20352163455783956,0.7964783654421606
1.4641066137244252e-15,0.9999999999999984
0.11426199058324499,0.885738009416755
0.0,1.0
0.39587211019326674,0.6041278898067333
0.1914578651019039,0.8085421348980961
1.1102230246251565e-16,0.9999999999999999
2.7755575615628914e-17,1.0
0.5913875418783077,0.40861245812169217
5.551115123125783e-17,1.0
0.4625054359129588,0.5374945640870411
0.0,1.0
0.2624798936086134,0.7375201063913867
5.551115123125783e-16,0.9999999999999994
0.1629424601814776,0.8370575398185225
0.3508698423429864,0.6491301576570137
0.3049952598617424,0.6950047401382575
0.24447822824222867,0.7555217717577712
0.5091545210005861,0.49084547899941383
0.03479751990785852,0.9652024800921414
0.08337542007035106,0.9166245799296489
0.10753963654270393,0.8924603634572961
0.11885069204120377,0.8811493079587962
0.10241151273762399,0.897588487262376
0.2419882873413287,0.7580117126586713
0.14252662881102132,0.8574733711889787
0.0,1.0
0.0030289199131008863,0.9969710800868992
0.2201278218604385,0.7798721781395614
0.0,1.0
5.551115123125783e-17,1.0
0.3054404007270932,0.6945595992729068
0.04461865190278507,0.9553813480972149
0.11337580884104533,0.8866241911589547
0.12865829963387065,0.8713417003661292
0.0,1.0
0.3643096222521409,0.6356903777478592
0.22849822121074717,0.7715017787892529
0.06980577111686259,0.9301942288831374
0.441675148925997,0.558324851074003
0.35222569902227985,0.6477743009777202
0.03580258730506124,0.9641974126949387
0.025586236697247702,0.9744137633027523
0.13659282955361832,0.8634071704463817
0.1561860086127058,0.8438139913872942
0.14087203760047606,0.8591279623995239
0.2677798300441893,0.7322201699558107
0.308526680647848,0.691473319352152
0.15433755540878433,0.8456624445912158
0.3766435220943689,0.6233564779056311
0.005085958291666528,0.9949140417083334
0.0,1.0
0.0,1.0
0.21183864544738537,0.7881613545526147
0.12016607359906852,0.8798339264009317
0.2852943991672586,0.7147056008327416
0.38082524183445887,0.619174758165541
0.05742079956347616,0.9425792004365239
0.13847138057265185,0.861528619427348
0.17360303503035876,0.8263969649696412
0.09766375723559123,0.9023362427644088
0.3002111041020492,0.6997888958979509
0.21692559710237883,0.7830744028976211
0.561065864655436,0.4389341353445642
0.37699407554297626,0.6230059244570237
0.3500020857426002,0.6499979142573998
0.0912770290853284,0.9087229709146716
0.0,1.0
0.07308592295585138,0.9269140770441487
0.08180671053932582,0.9181932894606741
0.4029137678984316,0.5970862321015685
1.3877787807814457e-16,1.0
0.3332515072428902,0.6667484927571098
0.5257846453295527,0.4742153546704473
0.24761120955579524,0.7523887904442048
0.11166252238286216,0.8883374776171379
0.0,1.0
8.326672684688674e-17,0.9999999999999999
0.17446329941535785,0.8255367005846422
0.08424442431138172,0.9157555756886183
0.20935440891602475,0.7906455910839753
0.0276780899000735,0.9723219100999266
0.0,1.0
0.569158595608102,0.43084140439189783
0.07975507971842233,0.9202449202815778
0.18640073564779588,0.8135992643522042
0.08309927304740806,0.9169007269525921
0.20471728031734934,0.7952827196826506
0.12063525121290057,0.8793647487870995
0.34600288160657405,0.6539971183934259
0.23290256630694212,0.7670974336930579
0.2717182864930416,0.7282817135069583
0.04711869658721649,0.9528813034127835
0.07725134242579433,0.9227486575742059
0.1823458554897927,0.8176541445102073
0.0054644023860327415,0.9945355976139673
0.0,1.0
0.3546019076790975,0.6453980923209024
0.09798551896411348,0.9020144810358867
0.012430039161352918,0.9875699608386471
0.0,1.0
0.23500322437610877,0.7649967756238912
0.29133887109241535,0.7086611289075847
0.0,1.0
0.12232685178407028,0.8776731482159298
0.10742636652986753,0.8925736334701326
0.08552694861571326,0.9144730513842868
0.007580278024094744,0.9924197219759052
0.15488527474830738,0.8451147252516927
0.024153368014342227,0.9758466319856578
0.13329941043952453,0.8667005895604754
2.7755575615628914e-17,1.0
0.3905458463384953,0.6094541536615048
0.09507503895183464,0.9049249610481654
0.36550373670260516,0.6344962632973948
0.44421401063475696,0.555785989365243
0.17751922231166728,0.8224807776883326
2.983724378680108e-16,0.9999999999999997
1.1102230246251565e-16,0.9999999999999999
0.24027741604771322,0.7597225839522868
0.08530988766187131,0.9146901123381288
0.0935377563178428,0.9064622436821572
0.1411932642911049,0.8588067357088952
0.019807903093619374,0.9801920969063806
0.13097624063126748,0.8690237593687326
0.3302611756362042,0.6697388243637958
0.14600915074735954,0.8539908492526407
0.1658516642314106,0.8341483357685893
0.0372751599549851,0.9627248400450149
0.007127011386061572,0.9928729886139386
0.0,1.0
0.11166993363324121,0.8883300663667587
0.08067782811182662,0.9193221718881733
0.1629873786423657,0.8370126213576344
0.11230955577186275,0.8876904442281373
0.13332852385122987,0.86667147614877
0.20332143754874604,0.7966785624512541
0.5574476150888252,0.4425523849111749
0.0,1.0
0.583046605734105,0.4169533942658951
0.20279122026447238,0.7972087797355277
0.17065667128631612,0.8293433287136838
0.09783844476548403,0.902161555234516
5.551115123125783e-17,1.0
0.13664419284680746,0.8633558071531924
0.4342785637783489,0.565721436221651
0.037233248631123116,0.9627667513688769
0.14985257470977584,0.8501474252902241
0.45756375734612964,0.5424362426538702
2.8449465006019636e-16,0.9999999999999998
0.0,1.0
0.14261871923359346,0.8573812807664065
0.0648919613251071,0.9351080386748929
0.06115904143701483,0.9388409585629852
0.0,1.0
0.14761225131591663,0.8523877486840835
0.10254622433381483,0.8974537756661851
0.2249791574678895,0.7750208425321107
0.23794340242827572,0.7620565975717243
2.7755575615628914e-17,1.0
0.10488852075974628,0.8951114792402537
0.12375334947046758,0.8762466505295324
0.0,1.0
0.02471087637049429,0.9752891236295058
0.015864999810426345,0.9841350001895737
0.20814512083113673,0.7918548791688634
0.10687484504414324,0.8931251549558566
0.45009192355285826,0.5499080764471417
0.10027419215881489,0.8997258078411852
0.15213486800819662,0.8478651319918034
0.2872547237704163,0.7127452762295837
0.24413774199836,0.7558622580016401
0.09019810090762492,0.9098018990923752
0.16087680639533233,0.8391231936046676
0.2805215120315552,0.7194784879684448
0.13606092044832743,0.8639390794372882
0.0,1.0
0.05570008296585633,0.9442999170341435
0.06537473988278979,0.9346252601172101
1.6653345369377348e-16,1.0
0.06682117557988573,0.9331788244201142
0.1299188285081364,0.8700811714918637
0.00767547894445783,0.9923245210555423
0.09309577267657299,0.906904227323427
0.18939405363586553,0.8106059463641345
0.05406304720548641,0.9459369527945136
0.11145845490890925,0.8885415450910908
0.15982276322235056,0.8401772367776495
0.1798754129166635,0.8201245870833365
0.10732823552407285,0.8926717644759272
0.037924618237539044,0.962075381762461
0.13127185068470326,0.8687281493152968
0.1531752980778833,0.8468247019221167
0.0,1.0
0.0,1.0
0.2010456084841999,0.7989543915158
0.34086558440385273,0.6591344155961473
0.03634976347308721,0.9636502365269128
0.0,1.0
0.31771798302961307,0.682282016970387
0.028477195539861173,0.9715228044601388
0.09591249627964123,0.9040875037203588
0.0,1.0
0.403913278225881,0.596086721774119
0.16757591386260162,0.8324240861373984
0.618055814521079,0.38194418547892095
0.04501976457840605,0.9549802354215939
5.551115123125783e-17,1.0
0.23491574399230922,0.7650842560076907
0.40778864927316794,0.5922113507268322
0.0,1.0
4.0245584642661925e-16,0.9999999999999996
0.0,1.0
0.0439755175934135,0.9560244824065866
5.551115123125783e-17,1.0
0.18465966396039651,0.8153403360396035
0.03939719343299877,0.9606028062950751
0.1446336446208535,0.8553663553791465
0.171573776986459,0.8284262230135409
0.15221183684470815,0.8477881631552918
0.04923897670693832,0.9507610232930618
1.0928757898653885e-16,1.0
0.33830332216007547,0.6616966778399246
0.2930279949470811,0.706972005052919
0.27417457817027335,0.7258254218297265
1.6653345369377348e-16,0.9999999999999999
0.10166974486507836,0.8983302551349216
0.15993071277750487,0.8400692872224951
0.0,1.0
0.13450214297416882,0.8654978570258312
0.46286568834018826,0.5371343116598117
0.1955938449743489,0.804406155025651
0.29828211018860434,0.7017178898113955
0.2425002386951143,0.7574997613048856
0.10626885785315317,0.893731142146847
0.08959454555540551,0.9104054544445944
0.07034604506435797,0.929653954935642
0.24308869594203417,0.7569113040579658
0.0,1.0
0.12674495878082156,0.8732550412191785
0.17548106140324946,0.8245189385967505
0.0003021483026985522,0.9996978516973015
0.2607104783826461,0.739289521617354
0.1634372829923679,0.8365627170076321
0.13424278550532026,0.8657572144946798
0.0,1.0
0.3573661283764082,0.6426338716235919
6.938893903907228e-18,1.0
0.07938453107632523,0.9206154689236747
0.1403467177871627,0.8596532822128374
0.23608372660994387,0.7639162733900561
0.04051478414039327,0.9594852158596067
2.498001805406602e-16,0.9999999999999999
0.5014194315299392,0.49858056847006077
0.0,1.0
0.28414783545287214,0.715852164547128
0.058953045795505844,0.9410469542044941
0.15683995276261387,0.8431600472373864
0.23496261773236268,0.7650373822676375
0.32456181014045493,0.675438189859545
0.2346501227538519,0.7653498772461482
0.0,1.0
0.22236002707530036,0.7776399729246996
0.09924930395385485,0.9007506960461451
0.11234816955781411,0.8876518304421859
0.14769757096276526,0.8523024290372347
0.1879678727901327,0.8120321272098673
0.17521181573507785,0.8247881842649223
0.4295799945817411,0.570420005418259
0.018448665418462712,0.9815513345815373
0.21705082712811943,0.7829491728718806
0.19530767880295116,0.8046923211970488
0.3958547445811788,0.6041452554188212
5.551115123125783e-17,0.9999999999999999
0.154314227122926,0.8456857728770739
0.6622283934167044,0.33777160658329575
0.043378617707216266,0.9566213822927838
0.3700308812793497,0.6299691187206502
0.13040972583322372,0.8695902741667761
0.3465374236813851,0.653462576318615
0.17147578848780595,0.8285242115121941
0.17519478981192607,0.8248052101880738
0.11323082869385732,0.8867691713061425
0.14535968545368905,0.854640314546311
0.3208287504589313,0.6791712495410688
0.2938548934757242,0.7061451065242759
0.021192456433447044,0.978807543566553
0.025571778476698483,0.9744282215233017
0.25471505220109714,0.745284947798903
0.0,1.0
0.0,1.0
0.09170530151954469,0.9082946984804554
0.0,1.0
3.3306690738754696e-16,0.9999999999999997
0.11081529515264149,0.8891847048473585
0.058155657448166885,0.941844342551833
0.0,1.0
0.21165092971051735,0.7883490702894826
0.4320674503029987,0.5679325496970012
0.21428655734549398,0.785713442654506
0.2939344083302432,0.7060655916697568
0.28967448620514835,0.7103255137948516
0.2138341290031663,0.7861658709968338
0.05117972224449433,0.9488202777555056
0.30304423056038843,0.6969557694396116
0.04999309914387466,0.9500069008561254
0.07654642049146253,0.9234535795085376
0.1589070971106087,0.8410929028893915
0.0,1.0
0.16258527750649104,0.837414722493509
0.05839984186518965,0.9416001581348103
0.21277535349218266,0.7872246465078173
0.3590452179090816,0.6409547820909184
0.205316460100407,0.7946835398995931
0.1837728596335125,0.8162271403664877
0.0764183637720289,0.9235816362279711
0.16691112087026272,0.8330888791297372
0.3041342795729262,0.695865720427074
0.0,1.0
2.0122792321330962e-16,0.9999999999999998
0.2466884962254006,0.7533115037745994
0.6896204258193441,0.3103795741806559
0.12496340852114844,0.8750365914788516
0.18527928630499665,0.8147207136950033
0.15790684672509325,0.8420931532749069
0.1185278839282839,0.8814721160717164
0.054674150821164995,0.9453258491788351
0.14565448271020257,0.8543455172897975
0.016485368876683126,0.9835146311233169
0.06446055040823252,0.9355394495917675
0.1044503763948636,0.8955496236051363
0.3190878783790721,0.6809121216209278
0.0,1.0
0.07236460631716188,0.9276353936828382
0.06789351718435802,0.932106482815642
0.13418563653339932,0.8658143634666006
0.2527351929823436,0.7472648070176561
0.0,1.0
0.0,1.0
0.06404266088834103,0.9359573391116591
0.13066388992550346,0.8693361100744965
5.551115123125783e-17,1.0
0.36906536659662004,0.6309346334033799
8.673617379884035e-18,0.9999999999999999
0.281902777666038,0.7180972223339619
0.05644694073152657,0.9435530592684737
0.18422296661027215,0.8157770333897278
0.298654777263487,0.7013452227365129
0.2851770362464245,0.7148229637535757
0.0,1.0
0.07248417737352011,0.9275158226264799
0.08892585465460635,0.9110741453453937
0.08361231677065654,0.9163876832293434
0.11722608280067139,0.8827739171993286
0.29408894689779047,0.7059110531022095
0.08951857552675695,0.910481424473243
0.09626182501677667,0.9037381749832233
0.12631216239308568,0.8736878376069143
0.14049452018102304,0.8595054798189771
0.09595270429555249,0.9040472957044475
0.09826929369386107,0.9017307063061389
0.04751415943153388,0.952485840568466
0.00886733552742791,0.991132664472572
0.23693465783830403,0.763065342161696
0.14061759283648187,0.8593824071635182
0.14530230095621946,0.8546976990437805
0.12693034748244544,0.8730696525175544
0.006725286018117055,0.993274713981883
0.3268674727979068,0.6731325272020933
0.0,1.0
0.15818503665544656,0.8418149633445535
0.22155632379282564,0.7784436762071745
0.2995414568958701,0.70045854310413
0.1348281823799462,0.865171817620054
0.10076874344392588,0.8992312565560739
0.024600383650159936,0.9753996163498401
0.18525359066722413,0.8147464093327758
0.18971116264076202,0.8102888373592381
0.0,1.0
5.551115123125783e-17,1.0
0.1950777961073707,0.8049222038926294
0.13430810097548607,0.8656918990245139
0.0,1.0
0.20349342182048638,0.7965065781795136
0.17212002440448637,0.8278799755955136
3.7470027081099033e-16,0.9999999999999998
0.0,1.0
0.2349695461684677,0.7650304538315323
0.16012262964145457,0.8398773703585456
0.0,1.0
0.1294787912305387,0.8705212087694613
0.12733023769119975,0.8726697623088002
0.3010064424714461,0.6989935575285539
0.20079092485440053,0.7992090751455995
0.43825900411403557,0.5617409958859645
0.23912218013120554,0.7608778198687944
0.1848674646183792,0.8151325353816207
1.1102230246251565e-16,1.0
0.1152226938740764,0.8847773061259238
0.014128629248937262,0.9858713707510629
0.27390412700113254,0.7260958729988674
0.22441859787579144,0.7755814021242086
0.056123586195320506,0.9438764138046796
0.1879992127884514,0.8120007872115487
0.0,1.0
0.0,1.0
0.38199623098532615,0.6180037690146738
7.632783294297951e-17,1.0
0.0,1.0
0.09523057408625965,0.9047694259137404
0.06692492437779479,0.933075075622205
0.03454405547523986,0.9654559445247601
0.10147892110921758,0.8985210788907825
0.10148602645806337,0.8985139735419367
0.2761203884176826,0.7238796115823173
0.13859864103500263,0.8614013589649974
1.3877787807814457e-16,0.9999999999999998
0.16096445045203506,0.839035549547965
0.2957867245674656,0.7042132754325345
0.39530059780972465,0.6046994021902754
0.21682778428695987,0.7831722157130401
0.2402999376875244,0.7597000623124756
0.17908702254067058,0.8209129774593293
0.26474273111692403,0.7352572688830759
0.011784988258489872,0.9882150117415102
0.1263650885956923,0.8736349114043078
0.490330723830215,0.509669276169785
0.31646770125985085,0.6835322987401494
1.1102230246251565e-16,1.0
0.03142491734238329,0.9685750826576167
0.21369885734633204,0.786301142653668
5.551115123125783e-17,1.0
0.15571470777480276,0.8442852922251973
5.551115123125783e-17,0.9999999999999999
2.7755575615628914e-17,1.0
0.3441325671176959,0.6558674328823041
0.12457519024255952,0.8754248097574405
0.3471481028000816,0.6528518971999184
0.0740936480203837,0.9259063519796162
0.3495699173696949,0.650430082630305
0.03984310895525818,0.9601568910447419
0.2827875309432917,0.7172124690567082
0.09488860974857052,0.9051113902514295
0.28804157165147826,0.7119584283485217
0.15928349992599117,0.8407165000740089
0.07746345261135286,0.9225365473886472
0.0,1.0
0.2526679695807913,0.7473320304192088
0.35572263214887284,0.6442773678511272
0.0,1.0
0.40113862921214477,0.5988613707878552
0.16376767442987097,0.8362323255701292
0.2888214961453243,0.7111785038546757
0.188116479635494,0.8118835203645061
0.11178561578258285,0.8882143842174172
0.16443199997239982,0.8355680000276001
0.09842174993339206,0.9015782500666079
0.0,1.0
0.09486873283678914,0.9051312671632109
0.17296942226215128,0.8270305777378487
0.31336124964275464,0.6866387503572453
0.04991566967740067,0.9500843303225993
9.71445146547012e-17,0.9999999999999999
0.20372140136045483,0.7962785986395453
0.27333065199470385,0.7266693480052961
0.0,1.0
0.274975986206537,0.7250240137934632
1.5612511283791264e-17,1.0
0.0,1.0
0.22966700032123447,0.7703329996787655
0.29356155049251675,0.7064384495074832
0.03610093906448391,0.9638990609355162
5.551115123125783e-17,1.0
0.06541613484976186,0.9345838651502383
0.4770615345057498,0.5229384654942503
0.41066083389145225,0.5893391661085478
0.14903987944898547,0.8509601205510146
0.11561725568856246,0.8843827443114375
0.15358678365600373,0.8464132163439964
0.04197238702254335,0.9580276129774569
0.03464346963928197,0.9653565303607181
0.3168708130050387,0.6831291869949612
0.1801441513741499,0.8198558486258501
0.19515286601266388,0.8048471339873361
0.46146384984198324,0.5385361501580167
0.2645383284961375,0.7354616715038624
0.036483475914548175,0.963516524085452
0.30755634442055274,0.6924436555794472
0.14483259289207442,0.8551674071079256
0.130099251200817,0.8699007487991831
0.101270961626787,0.898729038373213
0.0,1.0
5.551115123125783e-17,1.0
0.11570884740387569,0.8842911525961243
0.2817335683975129,0.7182664316024873
0.0,1.0
0.19921460262726887,0.8007853973727311
0.09830590035666088,0.9016940996433391
0.13255746162393667,0.8674425383760633
0.05504205420437441,0.9449579457956256
0.0,1.0
0.4433395530494221,0.5566604469505778
0.4812437473596482,0.5187562526403517
0.2328351496074604,0.7671648503925398
0.19644196266266625,0.8035580373373337
0.3040911425997136,0.6959088574002864
1.1102230246251565e-16,0.9999999999999999
0.12825130199759988,0.8717486980024003
5.551115123125783e-17,1.0
0.3156993556767702,0.6843006443232298
0.09391896946827129,0.9060810305317287
0.1534545806624389,0.8465454193375611
3.0531133177191805e-16,0.9999999999999998
0.1357927835373504,0.8642072164626495
0.31402191547071046,0.6859780845292897
0.0,1.0
0.1460695203824649,0.8539304796175352
0.29809581524860146,0.7019041847513987
5.551115123125783e-17,1.0
0.12946554857522563,0.8705344514247744
0.1949600496575662,0.8050399503424338
0.0,1.0
0.26190466190658357,0.7380953380934164
5.551115123125783e-17,1.0
8.326672684688674e-17,0.9999999999999999
5.551115123125783e-17,1.0
0.1344565450568526,0.8655434549431474
0.0,1.0
0.26581805093521693,0.7341819490647832
0.14070538089390405,0.8592946191060961
0.09231709515389817,0.9076829048461018
0.4570946187042,0.5429053812958
1.6653345369377348e-16,0.9999999999999999
0.08266765651706556,0.9173323434829345
0.23821997171616846,0.7617800282838315
0.1873111638902593,0.8126888361097406
8.326672684688674e-17,1.0
0.2088712084070491,0.7911287915929507
0.21582563559445236,0.7841743644055478
0.0,1.0
8.326672684688674e-17,0.9999999999999999
0.05688078539460817,0.9431192146053917
0.12469321348029516,0.8753067865197048
0.260694303744375,0.7393056962556249
0.0867308697088825,0.9132691302911178
0.41994726039655345,0.5800527396034466
0.07868054484643977,0.9213194551535602
0.10616390109348597,0.8938360989065139
0.1681084504039627,0.8318915495960374
0.18934345945512174,0.8106565405448782
0.5179625087836354,0.48203749121636463
0.11911567026170379,0.8808843297382963
0.12324608730550558,0.8767539126944943
5.551115123125783e-17,1.0
0.059313495202169345,0.9406865047978308
0.15606690555009578,0.8439330944499042
0.0,1.0
0.05200393474500578,0.9479960652549942
0.0,1.0
2.498001805406602e-16,0.9999999999999998
0.13598610390408594,0.8640138960959141
0.28148980112331246,0.7185101988766875
0.1419664573024106,0.8580335426975895
1.1102230246251565e-16,1.0
2.220446049250313e-16,0.9999999999999999
0.1746608831502574,0.8253391168497427
0.38785657091463666,0.6121434290853635
0.3390787163504244,0.6609212836495758
0.1316786010582963,0.8683213989417038
0.09177411610479361,0.9082258838952065
1.6653345369377348e-16,0.9999999999999999
0.4668334192738504,0.5331665807261496
0.0,1.0
0.02540245828514414,0.9745975417148559
0.0,1.0
0.0,1.0
1.6653345369377348e-16,1.0
0.19973867612961835,0.8002613238703817
0.2951552551751353,0.7048447448248648
0.0,1.0
0.10677145900353915,0.8932285409964609
1.3877787807814457e-17,1.0
0.23568289381160762,0.7643171061883923
0.0,1.0
0.15721879997868737,0.8427812000213127
8.326672684688674e-17,0.9999999999999999
0.06418254239560586,0.9358174576043942
0.13703479525345422,0.8629652047465459
5.551115123125783e-17,1.0
0.1613627091919182,0.8386372908080818
0.13931748160103136,0.8606825183989687
0.059806458333120587,0.9401935416668794
0.10388504354063513,0.8961149564593649
0.28073932417064407,0.719260675829356
0.020754383819043664,0.9792456161809563
0.16415186784090174,0.8358481321590984
0.0,1.0
0.20998071486271228,0.7900192851372878
0.25931671644407783,0.7406832835559222
0.5534236508102367,0.44657634918976347
0.0,1.0
0.4593673443811538,0.5406326556188462
0.14069145374512523,0.8593085462548747
0.1295024734703951,0.870497526529605
1.1102230246251565e-16,0.9999999999999998
0.23126361775733956,0.7687363822426603
0.0,1.0
0.05885811068802823,0.9411418893119717
0.209928494671133,0.790071505328867
0.19402289690475027,0.8059771030952497
0.40744002915871425,0.5925599708412859
0.14702795921634793,0.8529720407836522
0.11790479327156826,0.8820952067284318
0.041100626867015884,0.958899373132984
0.28020491889933097,0.7197950811006693
0.14248276831288267,0.8575172316871172
0.25523652907109234,0.7447634709289077
0.2548711775440352,0.7451288224559647
0.0,1.0
1.1102230246251565e-16,1.0
0.19694587897344473,0.8030541210265553
0.13917784984112944,0.8608221501588706
0.06714937806629818,0.9328506219337017
0.0,1.0
0.38128385290689965,0.6187161470931005
0.170727259308017,0.829272740691983
0.029789255993425735,0.9702107440065744
0.18717724337996974,0.8128227566200302
0.026316780886682253,0.9736832191133177
0.3685132570773252,0.6314867429226748
0.11013314510467721,0.8898668548953227
0.3044629310540893,0.6955370689459106
0.09954391181233853,0.9004560881876615
0.35627922949433943,0.6437207705056605
0.0,1.0
0.11644005404857881,0.8835599459514213
0.2569252446198809,0.7430747553801191
0.0,1.0
5.551115123125783e-17,1.0
0.10655529429243193,0.8934447057075681
0.11930768485201498,0.8806923151479851
0.026127847021140918,0.9738721529788592
0.11817640150047212,0.881823598499528
0.2638827928754319,0.736117207124568
0.17106816610431455,0.8289318338956855
0.24500732695759883,0.7549926730424011
0.3855142993852496,0.6144857006147504
0.10564942258071212,0.8943505774192878
0.0,1.0
0.11265979195790166,0.8873402080420982
0.2212247668619997,0.7787752331380003
0.0,1.0
0.22912312646562868,0.7708768735343714
0.3748981211602629,0.6251018788397371
0.0,1.0
0.23437105363558688,0.765628946364413
0.0,1.0
3.608224830031759e-16,0.9999999999999997
0.14514517780708383,0.8548548221929162
0.0,1.0
0.24755898459733836,0.7524410154026617
0.17317876593170717,0.8268212340682929
0.16996938397670272,0.8300306160232973
0.0605784277275133,0.9394215722724867
0.27675799649239013,0.7232420035076098
0.12091188505284096,0.8790881149471592
0.15630673224035474,0.8436932677596454
0.19901969027128194,0.800980309728718
0.11226198838476406,0.887738011615236
0.0,1.0
0.0,1.0
0.1562318063989992,0.8437681936010009
0.2814769252557295,0.7185230747442706
0.0,1.0
0.06399381889143492,0.9360061811085651
0.38800273116351053,0.6119972688364896
0.10211515454617762,0.8978848454538225
0.1976707423371194,0.8023292576628805
0.5047985077151443,0.49520149228485577
0.12468826910795987,0.8753117308920401
0.5827366909401752,0.4172633090598248
0.21795144343251613,0.782048556567484
0.021935314294300418,0.9780646857056996
0.1510274221891284,0.8489725778108713
0.18796509693022845,0.8120349030697716
0.22186238277320006,0.7781376172268
0.13046666792505354,0.8695333320749464
0.026659841440239702,0.9733401585597604
0.09947330472271317,0.9005266952772868
0.14950522004386102,0.850494779956139
0.16253661888035417,0.8374633811196459
1.1102230246251565e-16,0.9999999999999998
0.0679120453921322,0.9320879546078679
0.1262053662377542,0.8737946337622459
0.0,1.0
0.0,1.0
0.3272694654330042,0.6727305345669958
2.498001805406602e-16,0.9999999999999998
0.10543824502210256,0.8945617549778975
0.3023813240480898,0.6976186759519102
4.163336342344337e-17,1.0
0.0,1.0
0.26832487256922655,0.7316751274307735
0.3000725815542757,0.6999274184457246
0.03447973429424953,0.9655202657057504
0.29930953977182856,0.7006904602281714
0.0697135430968452,0.9302864569031548
0.11914303929095138,0.8808569607090486
0.0,1.0
0.23167467507273712,0.7683253249272628
0.08863270729435438,0.9113672927056456
0.007777670239996397,0.9922223297600035
0.14461537675873226,0.8553846232412677
0.0,1.0
0.12144234601324357,0.8785576539867564
0.13002695737356848,0.8699730426264316
0.12611332552047855,0.8738866744795215
0.05910476639585841,0.9408952336041416
0.2282280519083839,0.7717719480916162
0.0,1.0
0.12260349318946834,0.8773965068105317
0.06229580734087862,0.9377041926591213
2.7755575615628914e-17,1.0
0.08518499665929177,0.9148150033407082
0.0,1.0
0.1171597827209175,0.8828402172790826
0.3383495815408475,0.6616504184591524
0.5091405072445478,0.490859492755452
0.025522028175000055,0.974477971825
0.3871654132972239,0.612834586702776
0.008659878775978833,0.991340121224021
0.19243600150214799,0.807563998497852
0.2104589056359178,0.7895410943640822
0.45996757736141275,0.5400324226385873
0.16478252878737973,0.8352174712126201
0.08613345971925859,0.9138665402807414
0.12322944811413851,0.8767705518858615
5.551115123125783e-17,1.0
5.551115123125783e-17,1.0
0.32535298315569156,0.6746470168443086
0.29788477749594233,0.7021152225040574
2.7755575615628914e-17,1.0
0.0,1.0
1.6653345369377348e-16,0.9999999999999999
0.26174536708260443,0.7382546329173956
8.049116928532385e-16,0.9999999999999992
0.06116858850779172,0.9388314114922083
0.40743921993373405,0.592560780066266
0.12897989010556216,0.8710201098944379
0.06287626323738534,0.9371237367626145
0.22526072490244195,0.7747392750975581
0.06616070625095435,0.9338392937490458
0.13197230917203392,0.8680276908279662
0.0,1.0
0.13859737198646352,0.8614026280135366
0.14839053959662762,0.8516094604033724
0.2008547816841559,0.7991452183158441
0.15086025110054666,0.8491397488994534
5.551115123125783e-17,1.0
0.2408283815406182,0.7591716184593817
0.0,1.0
0.11637470562760922,0.883625294372391
0.18524069405785312,0.8147593059421466
0.11573435539138238,0.8842656446086175
0.33038876257178845,0.6696112374282115
0.0,1.0
0.18346183696344562,0.8165381630365545
0.33575358159924934,0.6642464184007505
0.2599772994287802,0.74002270057122
0.36523010282963136,0.6347698971703687
0.21312275201068542,0.7868772479893145
0.19843119425605288,0.8015688057439472
0.08509226477656161,0.9149077352234384
0.047602426377450185,0.95239757362255
0.0,1.0
0.13892410314616654,0.8610758968538337
5.551115123125783e-17,1.0
5.551115123125783e-17,1.0
0.2732935117507301,0.7267064882492699
0.1458295395906896,0.8541704604093104
0.12596122666543616,0.8740387733345639
0.15074271834556469,0.8492572816544354
0.0,1.0
1.734723475976807e-18,1.0
0.147325214748543,0.8526747852514571
0.20465914352396464,0.7953408564760354
0.0,1.0
0.16408117645302,0.83591882354698
0.011506909049302847,0.9884930909506973
0.0,1.0
0.0,1.0
0.25836209104506996,0.74163790895493
0.14933931851365462,0.8506606814863454
0.1989031702390109,0.8010968297609892
0.09192097748475539,0.9080790225152445
0.12657450778045684,0.8734254922195432
0.26724234199857916,0.7327576580014209
0.09143977416148295,0.9085602258385171
0.08206764720301808,0.9179323527969818
0.17024118182303244,0.8297588181769675
1.1102230246251565e-16,0.9999999999999999
0.0,1.0
0.06693494467251311,0.9330650553274868
0.2469821132670877,0.7530178867329124
1.6653345369377348e-16,0.9999999999999999
0.0,1.0
0.05437335544186672,0.9456266445581333
1.6653345369377348e-16,0.9999999999999999
0.24402986633195692,0.7559701336680431
0.0,1.0
0.10745773846103338,0.8925422615389667
0.18542566915008138,0.8145743308499186
0.23919719639187484,0.7608028036081252
0.25725106874764136,0.7427489312523586
0.11981700520871397,0.880182994791286
0.40746576427889575,0.5925342357211042
0.32152219415676725,0.6784778058432326
0.0,1.0
0.22283734476157227,0.7771626552384278
0.05816741619119123,0.9418325838088086
0.19089440587161519,0.8091055941283849
0.3806019533335072,0.6193980466664929
0.3681639778756374,0.6318360221243626
0.12120041279767385,0.8787995872023262
0.25460494206226847,0.7453950579377316
0.1844612349773399,0.8155387650226602
0.044165891932261434,0.9558341080677385
0.11630697899683864,0.8836930210031614
1.1102230246251565e-16,1.0
0.23376464254825458,0.7662353574517454
0.15907669706961972,0.8409233029303802
0.5152269876225501,0.48477301237745
0.0,1.0
1.1102230246251565e-16,1.0
0.05038649096186238,0.9496135090381376
0.3244335836251279,0.675566416374872
1.6653345369377348e-16,0.9999999999999999
0.029202747668121358,0.9707972523318786
0.10996444138065058,0.8900355586193495
0.4981247291095133,0.5018752708904869
0.16487179188272208,0.8351282081172782
1.1102230246251565e-16,1.0
0.0044486018235698225,0.9955513981764302
0.419659522057973,0.580340477942027
0.006188778988992627,0.9938112210110075
0.06507518035345644,0.9349248196465435
0.25778079981011104,0.742219200189889
0.0876685251303194,0.9123314748696806
5.551115123125783e-17,1.0
0.03723779057430869,0.9627622094256914
0.3443119700651384,0.6556880299348615
0.0,1.0
0.40526324907507655,0.5947367509249236
0.08050274155875219,0.9194972584412479
0.33299935046758533,0.6670006495324148
0.23508552331967722,0.7649144766803228
0.15736940117900636,0.8426305988209937
0.18806929772296574,0.8119307022770343
2.7755575615628914e-17,1.0
0.257359749183459,0.7426402508165411
0.19359476520985494,0.806405234790145
0.09440475604975092,0.9055952439502492
0.15075813835937354,0.8492418616406265
0.0,1.0
1.3877787807814457e-16,1.0
0.0,1.0
1.942890293094024e-16,0.9999999999999998
0.2702140362170706,0.7297859637829294
0.030065409616787116,0.969934590383213
0.0,1.0
0.09539045813242276,0.9046095418675771
0.082305117379424,0.917694882620576
0.07079685559139466,0.9292031444086054
0.15596514023626173,0.8440348597637382
0.062876563394274,0.937123436605726
0.338360847764456,0.6616391522355439
0.08295030783932872,0.9170496921606713
0.2415955535319772,0.7584044464680227
1.1102230246251565e-16,0.9999999999999999
0.4074459088302844,0.5925540911697157
0.09928428595357168,0.9007157140464284
0.24417890086958705,0.7558210991304128
0.08257223676177235,0.9174277632382277
6.938893903907228e-18,1.0
0.0,1.0
0.10353105070101173,0.8964689492989882
0.1096573825033305,0.8903426174966694
0.014770712749466848,0.9852292872505333
0.09927709414086613,0.9007229058591338
1.6653345369377348e-16,0.9999999999999998
0.178603308014637,0.821396691985363
0.19701963519915175,0.8029803648008482
1.1102230246251565e-16,1.0
0.3111292634111549,0.6888707365888452
0.1138811509554384,0.8861188490445615
0.0,1.0
0.5339313095486551,0.46606869045134486
0.0,1.0
0.1400746842082421,0.8599253157917579
0.4626580063816819,0.5373419936183179
0.10615055084856295,0.8938494491514372
0.049293735776764165,0.9507062642232358
0.1691736626694834,0.8308263373305166
0.4700491909682798,0.5299508090317202
0.034044092541233355,0.9659559074587668
0.10437389081720674,0.8956261091827933
0.3311824434695101,0.6688175565304899
0.08067983822037789,0.9193201617796223
0.1114613942811498,0.8885386057188502
2.1076890233118206e-16,0.9999999999999998
0.14602218056321672,0.8539778194367833
0.0,1.0
0.14764046172273942,0.8523595382772606
0.30454198005681055,0.6954580199431895
0.248726346672411,0.7512736533275889
0.34048667236112756,0.6595133276388725
0.24460309641149588,0.7553969035885041
0.4003014543775649,0.5996985456224351
0.01232640253578097,0.9876735974642191
0.02044263418279887,0.9795573658172011
0.07848512197192553,0.9215148780280745
0.0,1.0
0.0,1.0
0.46001313004234096,0.5399868699576591
0.29261127016058935,0.7073887298394107
0.0,1.0
0.11525048097042793,0.8847495190295721
0.13764840710557816,0.8623515928944218
0.10232692283400278,0.8976730764036024
0.21527355792921082,0.7847264420707891
0.23650023554561952,0.7634997644543805
0.1589825523135748,0.8410174476864253
0.1821690769302961,0.817830923069704
1.1102230246251565e-16,1.0
0.0,0.9999999999999999
0.22529825717287166,0.7747017428271286
0.0,1.0
0.19223978882174794,0.8077602111782521
0.15740337381695174,0.8425966261830484
0.14729324197954485,0.8527067580204551
0.08700036479657565,0.9129996352034242
0.3096679072758817,0.6903320927241183
0.018678124128368053,0.9813218757348644
0.0,1.0
0.5694704280176661,0.430529571982334
0.038242386096977506,0.9617576139030225
0.12898946438584846,0.8710105356141513
0.10105082986165158,0.8989491701383484
0.3395217710502968,0.6604782289497032
0.08431116910886355,0.9156888308911364
0.2877215997081962,0.7122784002918038
0.0381192376075141,0.9618807623924858
0.3291677383399133,0.6708322616600868
0.27328417766023816,0.7267158223397618
0.06474172651336907,0.9352582734866309
0.0749244794220687,0.9250755205779313
0.16893953204318354,0.8310604679568165
0.12036615705257957,0.8796338429474204
0.03649094956038327,0.9635090504396168
0.10110537161548866,0.8988946283845113
0.07107587564546677,0.9289241243545332
0.0,1.0
0.14891844960863743,0.8510815503913627
0.03677169951253882,0.9632283004874612
0.18381668648846647,0.8161833135115336
0.0992431189713279,0.9007568810286721
0.010264970411532046,0.9897350295884679
0.4924740863666928,0.507525913633307
0.20416831956283027,0.7958316804371697
0.2349537649011113,0.7650462350988887
0.32201310758226137,0.6779868924177386
1.6653345369377348e-16,0.9999999999999998
0.08491229366613788,0.9150877063338622
0.14608668585181486,0.8539133141481852
0.08007114307930412,0.9199288569206957
0.0,1.0
0.2166603378244936,0.7833396621755063
0.025805526352549183,0.9741944736474508
0.1109463906734078,0.8890536093265923
5.551115123125783e-17,1.0
0.10458267797249952,0.8954173220275005
0.27362996273361745,0.7263700372663826
0.35389282702065217,0.6461071729793478
0.15100960629956867,0.8489903937004312
0.020334928400169715,0.9796650715998304
0.0,1.0
0.09554283363886244,0.9044571663611375
5.551115123125783e-17,1.0
0.34813066267060966,0.6518693373293903
0.11199353050559686,0.8880064694944031
0.0,1.0
0.20696792435993303,0.793032075640067
3.0531133177191805e-16,0.9999999999999998
0.2777138642036609,0.722286135796339
0.48759881143668854,0.5124011885633115
0.044856402117952554,0.9551435978820476
0.20935602522601546,0.7906439747739845
0.2546441860315597,0.7453558139684403
0.0,1.0
0.17100299189716592,0.8289970081028343
0.0,1.0
0.0,1.0
0.28313729750290495,0.7168627024970952
0.15371863270243144,0.8462813672975684
3.3306690738754696e-16,0.9999999999999997
0.11314900795220935,0.8868509920477907
0.05073822287423067,0.9492617771257694
0.16948963544478962,0.8305103645552105
0.0,1.0
0.2119212128805858,0.7880787871194143
0.09056878474843091,0.9094312152515691
0.05226105116233381,0.9477389488376661
0.30457181267734806,0.695428187322652
0.19623721658901733,0.8037627834109827
0.13940154953636816,0.8605984504636319
0.15326530040784442,0.8467346995921555
5.551115123125783e-17,1.0
0.16706892386918676,0.8329310761308133
0.11746367201846918,0.8825363279815309
0.11628204808413059,0.8837179519158694
0.09567492015477078,0.9043250798452294
0.10674885758283924,0.8932511424171609
0.5064122920227251,0.4935877079772748
0.2160234784496319,0.7839765215503681
0.3082810209981416,0.6917189790018584
0.2085303122608844,0.7914696877391156
0.3573310992689979,0.642668900731002
5.551115123125783e-17,1.0
0.22609612330836878,0.7739038766916312
0.10852494506475303,0.8914750549352468
0.2461537650338805,0.7538462349661196
0.6019093086703716,0.3980906913296285
0.47688861395076054,0.5231113860492395
0.17659392353461192,0.823406076465388
0.08700699370006286,0.9129930062999372
0.0815559460998438,0.9184440539001563
0.12613000427650486,0.8738699957234951
0.20791683771834615,0.7920831622816539
0.09469894379638645,0.9053010562036135
8.326672684688674e-17,0.9999999999999999
0.2506514807436637,0.7493485192563364
5.551115123125783e-17,1.0
0.0,1.0
0.008066213086945453,0.9919337869130546
0.009869892234667776,0.9901301077653323
0.19491979280777483,0.8050802071922253
0.40079563169199295,0.599204368308007
0.18808463510277554,0.8119153648972245
0.15623456096650076,0.8437654390334994
0.17479021855526494,0.8252097814447352
0.1769967416418597,0.8230032583581404
0.08158502595633281,0.9184149740436671
0.14624243215968938,0.8537575678403106
5.551115123125783e-17,1.0
0.25808187176004743,0.7419181282399527
0.017774849281226766,0.9822251507187731
0.28672052274850796,0.7132794772514922
1.249000902703301e-16,0.9999999999999999
0.0,1.0
0.0,1.0
5.551115123125783e-17,1.0
0.15261789315842222,0.8473821068415779
0.36144007575289144,0.6385599242471084
0.1710491483425173,0.8289508516574828
0.10677680203936511,0.893223197960635
0.0,1.0
0.18193071530477326,0.8180692846952267
2.7755575615628914e-17,1.0
0.13375654282852428,0.8662434571714758
0.013964678855991218,0.9860353211440088
0.0,1.0
0.07616025314653084,0.9238397468534693
0.02753148751317627,0.9724685124868236
0.18918178906001537,0.8108182109399846
0.26775611410284356,0.7322438858971565
0.0,1.0
5.551115123125783e-17,1.0
0.4966273336829043,0.5033726663170957
0.01054511574965973,0.9894548842503402
0.058578180591540095,0.9414218194084598
0.032626507155549184,0.967373492844451
0.19563548236107717,0.8043645176389227
0.1359981371888778,0.8640018628111221
0.07965480801322092,0.9203451919867791
0.034067248802578005,0.965932751197422
0.22423308634828232,0.7757669136517176
0.24610845862368452,0.7538915413763155
0.007916700176174397,0.9920832998238256
0.08067714274488912,0.9193228572551109
0.2595180851055388,0.7404819148944612
0.1434272080337492,0.8565727919662507
0.290942798461731,0.7090572015382691
0.0,1.0
0.10446302887251814,0.8955369711274819
0.0,1.0
0.030777513577242656,0.9692224864227573
0.2372149555489099,0.76278504445109
0.197851829535588,0.8021481704644118
0.5682883020197791,0.43171169798022085
0.18311611687823368,0.8168838831217664
0.2571011369266898,0.7428988630733102
0.0687877233958547,0.9312122766041453
0.13693931543667054,0.8630606845633295
0.25175433858318813,0.7482456614168117
0.1974491141770055,0.8025508858229947
0.12660019116732635,0.8733998088326737
0.1090816011903261,0.8909183988096739
0.2787927050161542,0.721207294983846
0.11940295538795224,0.8805970446120478
0.25056315372070814,0.749436846279292
0.24795098352970465,0.7520490164702954
0.09078900260679867,0.9092109973932013
0.20265459773647035,0.7973454022635298
0.1966876358925661,0.803312364107434
0.22945759948168162,0.7705424005183185
0.1153438883203313,0.8846561116796687
0.46974732045545436,0.5302526795445458
0.21340173798700596,0.7865982620129941
0.1990828811488039,0.800917118851196
2.7755575615628914e-17,0.9999999999999999
0.0,1.0
0.0,1.0
5.551115123125783e-17,1.0
0.07549639709394634,0.9245036029060537
0.25242083332591764,0.7475791666740824
0.14503995401966654,0.8549600459803334
0.26073399024192545,0.7392660097580745
0.08463421481102021,0.9153657851889797
0.33851107023859456,0.6614889297614054
0.0,1.0
0.10498028571599041,0.8950197142840095
0.25518953710959424,0.7448104628904059
0.33801110091485753,0.6619888990851425
0.05982897112123684,0.9401710288787631
0.04382509687611358,0.9561749031238863
0.08969145189102279,0.9103085481089771
0.20869877999578168,0.7913012200042184
0.07608889835264847,0.9239111016473516
5.551115123125783e-17,1.0
0.04930849946468371,0.9506915005353164
0.11971273545980593,0.880287264540194
0.155352364631842,0.8446476353681581
0.30897702498977464,0.6910229750102256
0.008088582817851991,0.991911417182148
0.14079791270220307,0.859202087297797
0.0,1.0
0.2942116799959019,0.7057883200040981
0.007034621180014672,0.9929653788199855
0.07799226866713618,0.9220077313328638
0.45982285048971105,0.540177149510289
0.12043467967397851,0.8795653203260215
0.29353746693360877,0.7064625330663913
0.0032433411758435913,0.9967566588241565
0.14288691829838007,0.8571130817016199
0.0737053211538119,0.9262946788461881
0.04380563307221755,0.9561943669277825
0.223994557273424,0.776005442726576
0.052518768059648314,0.9474812319403517
0.0,1.0
0.140979331400982,0.8590206685990179
0.10062869709995623,0.899371302900044
0.27976444833361935,0.7202355516663808
0.25079485606953794,0.749205143930462
0.018492785648995685,0.9815072143510043
0.2529156418625849,0.7470843581374149
0.03740616001322265,0.9625938399867773
0.39855250051844365,0.6014474994815565
0.030605583617938158,0.969394416382062
5.551115123125783e-17,0.9999999999999999
0.0,1.0
0.38267737413479885,0.6173226258652011
0.19117623392696528,0.8088237660730346
0.0034447802477494626,0.9965552197522505
0.2632443726679673,0.7367556273320327
0.11324871805548913,0.8867512819445108
0.10227434764508109,0.8977256523549189
0.11872971598619501,0.881270284013805
0.30054635866650536,0.6994536413334946
0.2881609667359763,0.7118390332640236
0.15392996786579996,0.8460700321342002
0.4521037950092723,0.5478962049907278
0.26249233727484433,0.7375076627251557
0.0,1.0
5.551115123125783e-17,1.0
0.024736946030677484,0.9752630539693226
0.25789283103879423,0.7421071689612058
0.12261124182163725,0.8773887581783629
0.1277251364545519,0.8722748635454483
0.19962874480096768,0.8003712551990324
0.1499977727159581,0.8500022272840417
0.0,1.0
0.24252553643315544,0.7574744635668446
0.2963182857999711,0.703681714200029
0.2946014223989575,0.7053985776010426
0.10068339421967433,0.8993166057803257
0.2460871394961466,0.7539128605038535
0.15657135370594974,0.8434286462940502
0.04426540515202067,0.9557345948479794
0.07601753609195369,0.9239824639080464
0.11125822783577839,0.8887417721642218
0.0,1.0
0.2901621928926003,0.7098378071073997
0.01982501540158479,0.9801749845984151
1.3877787807814457e-16,1.0
0.05235518336255602,0.947644816637444
0.05495699947706516,0.9450430005229348
0.10278031560561768,0.8972196843943824
0.011418708121963762,0.9885812918780362
0.2625460649739517,0.7374539350260481
0.4348626076456665,0.5651373923543336
0.1668022971024448,0.8331977028975551
0.055266391727058085,0.9447336082729418
0.008442703915864862,0.9915572960841351
0.10942207500928085,0.8905779249907191
0.10179831870416874,0.8982016812958313
0.29819168314975775,0.7018083168502424
5.551115123125783e-17,1.0
0.2209118964584452,0.7790881035415549
0.24426440052104634,0.7557355994789535
0.20705628655174851,0.7929437134482515
5.551115123125783e-17,0.9999999999999999
0.09665837774205076,0.9033416222579493
0.19025531186583708,0.809744688134163
0.02917400329669434,0.9708259967033057
0.029787792352719927,0.97021220764728
0.24174163906142257,0.7582583609385775
0.0,1.0
0.0,1.0
0.17481063949468584,0.8251893605053141
0.166945342214672,0.8330546577853281
0.3601039794249388,0.6398960205750611
1.3877787807814457e-16,0.9999999999999999
0.0632547903570754,0.9367452096429245
0.11300470210900117,0.8869952978909986
0.0,1.0
0.26150371952459467,0.7384962804754055
0.00568221268821587,0.9943177873117841
0.3489441122274539,0.6510558877725461
0.2617185330066452,0.7382814669933547
0.13035953996632182,0.8696404600336781
0.2031206239451657,0.7968793760548344
0.0,1.0
0.0371258306992443,0.9628741693007558
6.938893903907228e-17,1.0
0.04356569929682282,0.9564343007031771
0.2290956847523924,0.7709043152476075
0.20790265460505267,0.7920973453949474
0.09638527911687132,0.9036147208831288
0.4802742279175882,0.5197257720824118
0.09081087189298677,0.9091891281070132
0.08667025661997518,0.9133297433800248
9.71445146547012e-17,1.0
0.6637665685114801,0.33623343148852014
0.041827151590003074,0.9581728484099971
0.025343501886299268,0.9746564981137007
0.025989741414964764,0.9740102585850354
0.19018609457923744,0.8098139054207627
0.12261535910759444,0.8773846408924056
0.0,1.0
0.2607388383779477,0.7392611616220524
0.09110004471566502,0.9088999552843349
0.26836168024485174,0.7316383197551483
0.09886794020636984,0.9011320597936303
0.09382716327110435,0.9061728367288957
0.06485413462473416,0.9351458653752659
0.23578139053634375,0.7642186094636563
0.2131542783963865,0.7868457216036137
0.0,1.0
0.24252680739832114,0.7574731926016788
0.4072068225122389,0.5927931774877611
0.30214400519162254,0.6978559948083773
0.17623628355099108,0.8237637164490089
0.15276773068456934,0.8472322693154307
0.0,1.0
0.0,1.0
0.1049433727748405,0.8950566272251598
0.0,1.0
0.30833998183313693,0.6916600181668631
0.06552924034106071,0.9344707596589392
0.045319410753367914,0.954680589246632
3.8163916471489756e-16,0.9999999999999997
0.0,1.0
0.13467455251813032,0.8653254474818698
0.0905659406535089,0.9094340593464911
0.15578482994127169,0.8442151700587283
0.23890772431740723,0.7610922756825927
0.2807553458663308,0.7192446541336693
0.2546958102260317,0.7453041897739683
0.19556433967492626,0.8044356603250737
0.10687906975153888,0.8931209302484613
0.3196444837759404,0.6803555162240597
1.1102230246251565e-16,0.9999999999999999
0.40837744780399077,0.5916225521960092
1.6653345369377348e-16,1.0
0.45502603561735433,0.5449739643826461
0.0018337109849357568,0.9981662890150642
0.01494020450351427,0.9850597954964858
0.22419714010339817,0.7758028598966018
0.34736532373177686,0.6526346762682232
2.7755575615628914e-17,1.0
0.3017500220565002,0.6982499779434996
0.13473452831678323,0.8652654716832169
0.41936185592835795,0.580638144071642
0.4349984676779024,0.5650015323220977
0.0,1.0
0.08829136074751429,0.9117086392524857
0.24404614615426057,0.7559538538457395
0.009815804103056254,0.9901841958969437
0.0,1.0
1.249000902703301e-16,0.9999999999999998
0.40710783379748405,0.592892166202516
0.4866411065346657,0.5133588934653343
0.026946342304272435,0.9730536576957276
0.4326577954208938,0.5673422045791064
0.0,1.0
0.5228486221545534,0.4771513778454466
0.39136415341993896,0.608635846580061
0.393803195142395,0.606196804857605
0.08581688713669118,0.9141831128633088
0.002105461905863884,0.997894538094136
2.7755575615628914e-17,1.0
0.23314777622147412,0.7668522237785259
0.21022117183457253,0.7897788281654274
0.2451123103758693,0.7548876896241306
0.0,1.0
0.42041190153510777,0.5795880984648922
0.23085317232299551,0.7691468276770045
0.11700190259471836,0.8829980974052816
0.055190620792045945,0.9448093792079542
0.0,1.0
0.11493851889888503,0.8850614811011149
0.5132793126760851,0.486720687323915
0.5440177375067351,0.455982262493265
0.1283675707451865,0.8716324292548133
5.551115123125783e-17,1.0
0.06357547517628265,0.9364245248237175
0.4109993430017999,0.5890006569982003
0.08401392309840813,0.915986076901592
0.43863993836062937,0.5613600616393707
0.019464146111826425,0.9805358538881735
1.491862189340054e-16,0.9999999999999999
0.2026578551897834,0.7973421448102165
0.0,1.0
0.10843467043134676,0.8915653295686533
0.06357237001825443,0.9364276299817454
0.0,1.0
0.0,1.0
0.0,0.9999999999999999
0.31011077705502643,0.6898892229449737
0.5581446259073066,0.44185537409269343
0.3545419775471165,0.6454580224528832
0.16243651700310743,0.8375634829968925
0.014134366681397661,0.9858656333186023
0.0,1.0
0.28986082827322585,0.7101391717267742
0.1513469044018442,0.8486530955981558
0.18661937225873818,0.8133806277412619
0.15274648216142925,0.847253517838571
0.30307718426071983,0.6969228157392803
0.025145274464719914,0.9748547255352802
0.0,1.0
0.2520627602400145,0.7479372397599856
0.0,1.0
0.36819854613816544,0.6318014538618346
0.08446097603981481,0.9155390239601852
0.11710042291588238,0.8828995770841176
0.0,1.0
0.0,1.0
0.10599447339499593,0.894005526605004
0.020259165943887786,0.9797408340561121
0.20928366200896767,0.7907163379910321
0.1616996497055306,0.8383003502944694
0.1492055109807173,0.8507944890192829
0.2227447864468154,0.7772552135531846
5.551115123125783e-17,1.0
0.28477990619788457,0.7152200938021154
1.3877787807814457e-16,0.9999999999999999
0.16293874138441075,0.8370612586155892
0.16532601201515376,0.8346739879848462
0.006752065757716508,0.9932479342422834
0.22224552620362054,0.7777544737963795
0.3321390555124145,0.6678609444875854
0.0,1.0
0.3807133594394223,0.6192866405605777
0.11151906986743891,0.8884809301325609
0.06604070186345337,0.9339592981365467
0.02046994038587855,0.9795300596141213
0.0919213476583893,0.9080786523416107
0.20758650499945794,0.7924134950005421
0.08238904306507984,0.9176109569349201
0.1855432807520594,0.8144567192479405
0.12040511487695647,0.8795948851230436
0.3316587238457174,0.6683412761542825
0.060061624841115456,0.9399383751588846
0.1833494541805515,0.8166505458194485
0.25465402654004005,0.74534597345996
0.16490428138154983,0.8350957186184503
0.10162480688067128,0.8983751931193287
0.038917795102517826,0.9610822048974822
0.1076761693859686,0.8923238306140314
0.29851864524909905,0.7014813547509007
0.4296363982158839,0.5703636017841163
0.21050217587401632,0.7894978241259837
0.11505024091849775,0.8849497590815022
0.0,1.0
0.2515393433206679,0.7484606566793321
0.2940924608569079,0.7059075391430921
0.16929627549438275,0.8307037245056174
0.07461832093758038,0.9253816790624196
0.0,1.0
0.02555493821118508,0.9744450617888148
0.16813321157943067,0.8318667884205695
0.24395812151237226,0.7560418784876278
0.28973992705785606,0.7102600729421439
0.24860762719908447,0.7513923728009156
0.22962855927002232,0.7703714407299778
0.08027551158290493,0.919724488417095
0.3812238389784461,0.6187761610215536
0.0,1.0
0.22114522248846596,0.7788547775115341
0.14814034871306914,0.8518596512869309
0.16855668312776678,0.8314433168722333
0.3871527078638654,0.6128472921361345
0.017916845615803142,0.9820831543841969
0.2579390924288379,0.742060907571162
0.16921512719355716,0.830784872806443
5.551115123125783e-17,1.0
0.07959035239301528,0.9204096476069847
0.0,1.0
2.7755575615628914e-17,1.0
0.06881102501030643,0.9311889749896936
3.469446951953614e-16,0.9999999999999997
0.11206343916458507,0.887936560835415
8.326672684688674e-17,1.0
0.4565841877836385,0.5434158122163615
0.33630751761884853,0.6636924823811514
0.2083483255128169,0.7916516744871832
0.278990648591168,0.721009351408832
0.2678049919683625,0.7321950080316376
0.07876653358216902,0.921233466417831
0.011989966540814578,0.9880100334591855
0.307895702094948,0.692104297905052
0.0,1.0
0.019994866602522615,0.9800051333974774
0.169542703171997,0.8304572968280031
0.0602995966715594,0.9397004033284407
0.143718144220732,0.856281855779268
0.4160695858652757,0.5839304141347244
0.05101331112895881,0.9489866888710412
0.23440480754244356,0.7655951924575566
0.08924378698453207,0.9107562130154679
0.10068405418480564,0.8993159458151944
0.0,1.0
0.09568690597352153,0.9043130940264783
0.23504114016541713,0.7649588598345828
0.18840187572851133,0.8115981242714887
0.21522947893520064,0.7847705210647993
0.32537476949767113,0.6746252305023289
1.1102230246251565e-16,0.9999999999999998
0.0,1.0
0.06564789519041624,0.9343521048095838
0.14567771013597094,0.854322289864029
0.08000565235771584,0.9199943476422842
0.09399141223322693,0.906008587766773
0.0,1.0
0.13774880166867326,0.8622511983313268
1.0408340855860843e-16,1.0
0.07724800843992562,0.9227519915600745
0.07978098064351297,0.9202190193564871
0.0,1.0
0.15338509460795843,0.8466149053920417
0.2097086106901799,0.7902913893098202
0.1386819165847193,0.8613180834152807
0.0,1.0
0.24135274477019472,0.7586472552298051
0.04675495320219079,0.9532450467978092
0.32151123980803503,0.6784887601919651
0.0,1.0
0.23133346013909228,0.7686665398609077
0.05987414736640908,0.9401258526335909
0.0,1.0
0.0,1.0
0.004000735518091333,0.9959992644819085
0.19006967798336272,0.8099303220166374
5.551115123125783e-17,1.0
0.018281208584514354,0.9817187914154857
0.043379875245457486,0.9566201247545426
0.2257905179754672,0.7742094820245327
0.19900922893699996,0.8009907710630002
0.26004693457664463,0.7399530654233553
9.71445146547012e-17,0.9999999999999999
0.09405523933879473,0.9059447606612052
0.016150705386532762,0.9838492946134674
0.024214755369479365,0.9757852446305206
0.14987702615430898,0.850122973845691
0.12074440088559013,0.8792555991144098
0.23972126093005597,0.760278739069944
0.21498770165543923,0.7850122983445608
0.3848024855067865,0.6151975144932135
0.1552656872597863,0.8447343127402135
0.29303054562763226,0.7069694543723679
4.440892098500626e-16,0.9999999999999996
0.09028911686036269,0.9097108831396373
0.1927324834276302,0.8072675165723698
0.11157077456275957,0.8884292254372405
0.16126094639383395,0.838739053606166
0.0,1.0
1.1102230246251565e-16,0.9999999999999998
0.2046427534184487,0.7953572465815515
1.1102230246251565e-16,0.9999999999999999
0.10843413902321496,0.8915658609767851
0.0878626504433002,0.9121373495566998
0.23901506702481012,0.7609849329751898
0.15550733736759512,0.8444926626324049
2.220446049250313e-16,0.9999999999999999
0.10202448569310613,0.8979755143068936
0.16173251134910244,0.8382674886508976
0.3139610974527064,0.6860389025472937
6.591949208711867e-17,1.0
0.36127007284776963,0.6387299271522305
0.0,1.0
0.07324117881816582,0.9267588211818342
0.0,1.0
0.0,1.0
0.0,1.0
0.10894435914096365,0.8910556408590363
0.395752063265912,0.6042479367340879
0.09137324339516473,0.9086267566048354
4.718447854656915e-16,0.9999999999999996
0.0766152706574437,0.9233847293425563
0.015699307657280094,0.9843006923427198
0.08805303688631695,0.911946963113683
0.07544332405121093,0.9245566759487891
1.3183898417423734e-16,0.9999999999999999
0.03271409588345368,0.9672859041165464
0.04660447623879694,0.953395523761203
0.10779346210182193,0.8922065378981782
0.31583643160526714,0.6841635683947328
0.3101682891516254,0.6898317108483746
0.0,1.0
0.1447142697135821,0.8552857302864181
0.10577032576919274,0.8942296742308073
0.24547825861272893,0.754521741387271
5.551115123125783e-17,1.0
0.34604870413409367,0.6539512958659064
0.17555809344091394,0.8244419065590861
0.004263897125360879,0.9957361028746392
0.32444403956867285,0.6755559604313272
0.2073468861639093,0.7926531138360906
0.10609776592768172,0.8939022340723183
0.2361001241274263,0.7638998758725738
0.29935171258034643,0.7006482874196535
0.13865480924991944,0.8613451907500805
0.11446284244286671,0.8855371575571334
0.0014648714969575202,0.9985351285030425
0.3917161225195008,0.6082838774804993
0.039781654666083445,0.9602183453339166
0.17551207117415163,0.8244879288258484
0.2545264811356005,0.7454735188643996
0.0,1.0
0.3012620946668503,0.6987379053331496
0.06730042069476998,0.93269957930523
0.15732659334023116,0.8426734066597689
0.1683624313174515,0.8316375686825485
0.0,1.0
0.026755771390829394,0.9732442286091705
1.1102230246251565e-16,1.0
0.3545987419197746,0.6454012580802253
0.0,1.0
0.17171748355934244,0.8282825164406576
5.551115123125783e-17,1.0
0.09646384405064604,0.9035361559493539
0.0769072439994306,0.9230927560005695
0.1867308400279487,0.8132691599720513
0.5097838851392684,0.49021611486073147
0.4838852687616997,0.5161147312383002
0.137570412412619,0.8624295875873811
0.13239737433311743,0.8676026256668828
0.15136078337464282,0.8486392166253572
0.20990515160563492,0.7900948483943651
0.08817060092398024,0.9118293990760198
0.13885903443616662,0.8611409655638332
0.05895026967479829,0.9410497303252016
0.13515462004254575,0.8648453799574543
0.15465942345883646,0.8453405765411636
0.17350174865710097,0.8264982513428991
0.3251584914547751,0.6748415085452248
0.23674370083619123,0.7632562991638087
0.0,1.0
0.0,1.0
0.0014419667422770344,0.998558033257723
0.23359209711391477,0.7664079028860853
0.2071715826160599,0.7928284173839402
0.0,1.0
0.11390544899676706,0.8860945510032331
0.1574916263089497,0.8425083736910504
0.07068402883369257,0.9293159711663073
0.10106446578754116,0.8989355342124589
2.7755575615628914e-16,0.9999999999999998
0.30631040314643126,0.6936895968535687
0.0,1.0
2.220446049250313e-16,0.9999999999999999
0.0,1.0
0.15287403555791004,0.8471259644420899
0.0792606154369301,0.9207393845630703
0.2173843051342057,0.7826156948657943
0.3714996484122891,0.6285003515877108
0.37637749967478673,0.623622500325213
0.13691075028551866,0.8630892497144814
0.039294392270348054,0.9607056077296517
0.17085036158745776,0.8291496384125423
0.10585962581930775,0.8941403741806924
0.09457424016917262,0.9054257598308273
0.06944177720553775,0.9305582227944622
0.246098010199635,0.7539019898003649
0.1428939610227495,0.8571060389772506
0.0,1.0
2.220446049250313e-16,0.9999999999999998
0.5342001905760773,0.4657998094239227
0.2085569302529131,0.7914430697470868
0.0773110212247538,0.9226889787752461
0.033611772072431004,0.9663882279275691
0.07880664488921656,0.9211933551107836
0.2281158090635879,0.7718841909364123
2.7755575615628914e-17,1.0
0.07536273241260642,0.9246372675873936
0.1146096512542843,0.8853903487457158
0.11440295829256013,0.8855970417074398
0.02711517971617005,0.9728848202838298
0.49126383184045463,0.5087361681595454
0.09899863701671474,0.9010013629832853
0.10565860132480637,0.8943413986751937
0.16564927063335058,0.8343507293666496
0.06830717986953193,0.9316928201304682
1.8041124150158794e-16,0.9999999999999998
0.06948205472273532,0.9305179452772646
0.035543419051380774,0.9644565809486193
0.0,1.0
0.0741536367148762,0.9258463632851237
0.10374686860888929,0.8962531313911106
0.08999195166104934,0.9100080483389508
0.22605266406223787,0.7739473359377621
0.3649734946699963,0.6350265053300037
0.3098470455156314,0.6901529544843686
0.0,1.0
0.10235791632300452,0.8976420836769956
5.551115123125783e-17,0.9999999999999999
0.20548957618430846,0.7945104238156917
0.09192316125919023,0.9080768387408098
0.004867673956855225,0.9951323260431447
0.008202582517549422,0.9917974174824506
0.5095380637545697,0.4904619362454304
0.16086609773805177,0.8391339022619482
0.15195097777372454,0.8480490222262753
0.19199108745596577,0.8080089125440342
0.4628550414108582,0.5371449585891419
0.0,1.0
0.0,1.0
0.1840386656322143,0.8159613343677857
0.3268814472369642,0.6731185527630359
0.0,1.0
0.04531145298543232,0.9546885470145677
0.0,1.0
0.10612605946787933,0.8938739405321208
0.21965019246827833,0.7803498075317217
0.13095095262611905,0.8690490473738809
0.14020260299162868,0.8597973970083714
0.3915477256189761,0.6084522743810238
0.2518833375931034,0.7481166624068967
0.07283425258708516,0.9271657474129149
0.03366784076880083,0.9663321592311992
0.5165850162233888,0.4834149837766112
0.0,1.0
0.062033290678245374,0.9379667093217546
0.21562343727319208,0.784376562726808
0.20935432828413528,0.7906456717158648
0.006250294716098816,0.9937497052839013
0.10148620534849695,0.898513794651503
0.0377277309821359,0.9622722690178642
0.06070911400644843,0.9392908859935515
0.1679026169157072,0.8320973830842929
0.1740236787709365,0.8259763212290636
0.3293717235151712,0.6706282764848289
0.2906299231866574,0.7093700768133425
0.4837991860281552,0.5162008139718448
0.3046003057936845,0.6953996942063158
0.0,1.0
0.0,1.0
0.14660850485642557,0.8533914951435745
0.11163590817930744,0.8883640918206925
0.012768641403818812,0.9872313585961813
2.7755575615628914e-17,1.0
0.21325159544211222,0.7867484045578877
0.16721893046350741,0.8327810695364927
0.0,1.0
0.0,1.0
0.0,1.0
5.551115123125783e-17,1.0
0.09583767214204807,0.904162327857952
0.15689576717282663,0.8431042328271733
0.12075149203764853,0.8792485079623515
0.032275189959741594,0.9677248100402585
0.0,1.0
0.04869703924631228,0.9513029607536877
5.551115123125783e-17,1.0
0.12897454015091536,0.8710254598490846
0.403433671221137,0.596566328778863
0.10072970021574004,0.8992702997842598
0.1638577656530068,0.8361422343469932
0.40043750457730637,0.5995624954226937
0.0939272623275337,0.9060727376724664
0.009890185470880181,0.9901098145291198
0.0788495887003587,0.9211504112996413
0.15397299067114786,0.846027009328852
0.2583482173369547,0.7416517826630453
1.249000902703301e-16,1.0
0.19556547012972747,0.8044345298702724
0.39440958608684606,0.6055904139131538
0.37177888887980814,0.6282211111201919
0.13051396138935592,0.8694860386106441
0.322438636168475,0.6775613638315252
0.25770587220409763,0.7422941277959024
0.39576276654003006,0.60423723345997
0.42017840852929966,0.5798215914707004
0.27056100357441637,0.7294389964255835
0.3854986718723521,0.6145013281276479
0.024147832973672855,0.975852167026327
0.0,1.0
0.2638515770852169,0.7361484229147831
0.03697904686052673,0.9630209531394733
0.0,1.0
0.07914606181116492,0.9208539381888351
0.0,1.0
0.0888868912561939,0.9111131087438061
0.0,1.0
0.1374393367053518,0.8625606632946483
0.007457537260946816,0.9925424627390532
5.551115123125783e-17,0.9999999999999999
0.1981271345523515,0.8018728654476485
1.249000902703301e-16,1.0
0.18183835682558017,0.81816164317442
0.2454675273584896,0.7545324726415104
0.17912494522216282,0.8208750547778371
0.06364329478962427,0.9363567052103755
0.14365725626704798,0.856342743732952
5.551115123125783e-17,1.0
0.42847073391086843,0.5715292660891315
0.0,0.9999999999999999
0.3921391092514692,0.6078608907485308
0.0,1.0
2.7755575615628914e-17,1.0
0.05414594898845742,0.9458540510115425
0.0419979039316622,0.9580020960683379
0.4674588567597157,0.5325411432402842
0.0,1.0
0.0,1.0
0.0008691559520251507,0.9991308440479749
0.0,1.0
0.08363823932579885,0.9163617606742012
0.05850593180131044,0.9414940681986895
0.045838911406687624,0.9541610885933124
0.21447119749594315,0.785528802504057
8.326672684688674e-17,1.0
0.11468306935128392,0.8853169306487161
0.07752119775936947,0.9224788022406305
0.06123878136293657,0.9387612186370632
0.16554411038110628,0.8344558896188936
0.25946526702883776,0.7405347329711621
0.0,1.0
0.2733323339460181,0.726667666053982
0.18221203199178046,0.8177879680082195
0.15378753868885942,0.8462124613111406
0.3965865475132945,0.6034134524867055
0.2711528583535537,0.7288471416464463
0.26408590313478325,0.7359140968652168
0.2247399467334496,0.7752600532665503
0.2295679804673009,0.7704320195326991
0.028568908292936304,0.9714310917070635
0.2798883570299678,0.7201116429700323
0.18692970495791184,0.8130702950420883
2.7755575615628914e-17,0.9999999999999999
0.15121282760339577,0.8487871723966044
0.31024920154796337,0.6897507984520367
1.6653345369377348e-16,1.0
0.29300112519168386,0.7069988748083162
0.007228166233078317,0.9927718337669217
0.3863071931991128,0.6136928068008874
0.5362273452706687,0.46377265472933127
0.037123112120878335,0.9628768878791217
0.21686146295371425,0.7831385370462858
0.1120336523132486,0.8879663476867515
0.25558839190475374,0.7444116080952462
0.0,1.0
0.25289872274556624,0.7471012772544338
0.3600797293601864,0.6399202706398136
0.0,1.0
0.278094678137697,0.7219053218623032
0.18739913312698125,0.8126008668730188
0.18639788046257652,0.8136021195374235
0.15126693050303305,0.8487330694969669
0.1046851231992416,0.8953148768007585
0.173454750730086,0.826545249269914
0.5381616294119814,0.4618383705880184
0.16187810498453384,0.8381218950154662
0.23725702297981557,0.7627429770201843
0.0,1.0
0.5358460244062593,0.46415397559374044
1.2836953722228372e-16,1.0
0.05690829010575051,0.9430917098942495
3.2612801348363973e-16,0.9999999999999997
0.3654662556169951,0.6345337443830049
0.118083547647717,0.8819164523522829
0.1647931571032269,0.8352068428967732
0.3339982615107568,0.666001738489243
0.0725683924422032,0.9274316075577967
0.11070962894214031,0.8892903710578596
0.10045078240883179,0.8995492175911682
0.16919460530815766,0.8308053946918424
0.11635234161702619,0.8836476583829739
0.2703735065665451,0.7296264934334549
0.0,1.0
0.041956905295661845,0.9580430947043381
0.20501284834687492,0.7949871516531252
0.041732525491520796,0.9582674745084793
0.06677347366732726,0.9332265263326727
0.4234745546051881,0.5765254453948121
0.26338699039011776,0.7366130096098822
0.18583995843477275,0.8141600415652273
0.1436509851396174,0.8563490148603826
0.016089806034851162,0.9839101939651488
0.06738523587020079,0.9326147641297993
3.885780586188048e-16,0.9999999999999997
0.09687000059249147,0.9031299994075086
0.08368724355664656,0.9163127564433535
0.22554092552773147,0.7744590744722686
0.07502722439537945,0.9249727756046207
1.1102230246251565e-16,0.9999999999999998
0.32555501125422137,0.6744449887457786
0.4556473907257605,0.5443526092742397
0.13301876131596296,0.8669812386840371
0.44872019458752627,0.5512798054124738
0.22957019916184299,0.7704298008381568
0.0011570090403398457,0.9988429909596601
0.1879933724454608,0.8120066275545393
0.21528141524930358,0.7847185847506963
0.3024802489594278,0.6975197510405723
0.3453279247133408,0.6546720752866594
0.14478979408225462,0.8552102059177454
0.11716385843106261,0.8828361415689374
0.29515635998261,0.70484364001739
0.1691721751837745,0.8308278248162255
0.27710558019263765,0.7228944198073624
0.07322190848697761,0.9267780915130224
0.0,1.0
0.10435840511468034,0.8956415948853198
0.1780731352943807,0.8219268647056192
0.28352316211831313,0.7164768378816868
0.19530240178060604,0.8046975982193941
0.10893803119052144,0.8910619688094785
0.14272145244245155,0.8572785475575485
1.942890293094024e-16,0.9999999999999999
0.05434143826620444,0.9456585617337955
0.28464692909674183,0.7153530709032583
0.22254401998784573,0.7774559800121543
0.16392375581909557,0.8360762441809044
0.0,1.0
0.5063564637883428,0.4936435362116574
0.1334561628603154,0.8665438371396844
1.1102230246251565e-16,1.0
0.12993684727482466,0.8700631527251753
0.06282622023549884,0.9371737797645012
0.0,1.0
0.06516775210611453,0.9348322478938855
0.2710139514148103,0.7289860485851898
0.0,1.0
0.011335268878203944,0.9886647311217962
0.05814672973059869,0.9418532702694014
0.2929793111763424,0.7070206888236577
0.09365292172730028,0.9063470782726998
0.25387128315300234,0.7461287168469978
0.29436821918070444,0.7056317808192957
0.12992874015218722,0.8700712598478128
0.21263492950757062,0.7873650704924294
3.469446951953614e-17,1.0
0.24485386039655302,0.7551461396034469
0.05891258663616358,0.9410874133638365
0.3531129933117693,0.6468870066882308
0.13773169353758594,0.8622683064624139
0.6343346099148546,0.36566539008514565
0.17020371442028565,0.8297962855797144
0.056827543675323305,0.9431724563246767
0.10465089121282399,0.895349108787176
0.205333644460502,0.7946663555394978
0.37222907627741847,0.6277709237225815
1.1102230246251565e-16,1.0
1.3877787807814457e-16,1.0
0.0739796469443819,0.926020353055618
0.0,1.0
5.551115123125783e-17,1.0
0.16022489244090418,0.8397751075590958
0.07345769248416212,0.926542307515838
8.326672684688674e-17,1.0
0.0,1.0
3.0531133177191805e-16,0.9999999999999998
0.24503850546075337,0.7549614945392465
0.181030900596422,0.8189690994035781
0.1339326383014909,0.8660673616985092
0.2298737700365406,0.7701262299634595
0.3455412964798038,0.6544587035201962
0.09068036827708786,0.9093196317229121
8.326672684688674e-17,1.0
0.0420168601122044,0.9579831398877956
0.09523502251575076,0.9047649774842493
0.258372525989376,0.7416274740106241
0.0,1.0
0.05055766986818177,0.9494423301318183
0.0945405813363225,0.9054594186636776
0.10017368699311124,0.899826313006889
0.0,1.0
0.0,1.0
0.07046689777683814,0.9295331022231621
0.11330635188209602,0.886693648117904
0.031985299176895,0.9680147008231051
0.0564750332737332,0.9435249667262668
0.23858003221210536,0.7614199677878946
0.20791623749889332,0.7920837625011068
0.37713605996627214,0.6228639400337279
0.21876057578437635,0.7812394242156235
8.673617379884035e-17,1.0
0.13031077651217066,0.8696892234878293
0.1573465144412818,0.8426534855587184
0.16444368777614668,0.8355563122238532
0.2970518321664387,0.7029481678335614
0.436626033925462,0.563373966074538
0.3489918839139559,0.6510081160860438
0.3324931275387047,0.6675068724612954
0.06428618564042289,0.9357138143595771
0.22418994492159242,0.7758100550784076
0.0,1.0
0.13126404559490548,0.8687359544050944
0.25211594074350513,0.7478840592564947
8.326672684688674e-17,1.0
0.0,1.0
0.06200181887448887,0.9379981811255111
0.1534910585680048,0.8465089414319952
0.0,1.0
0.12168488368189632,0.8783151163181037
0.07205348271123041,0.9279465172887695
0.1778101622874842,0.822189837712516
0.35601518976486923,0.6439848102351307
0.18473252905653822,0.8152674709434619
0.1511741162918648,0.8488258837081352
0.06628283022327022,0.9337171697767298
1.5959455978986625e-16,0.9999999999999998
0.0,1.0
0.0,1.0
0.24592711288185887,0.754072887118141
0.08676375312997942,0.9132362468700206
0.0,1.0
0.20014980178087843,0.7998501982191215
0.14404568004007906,0.8559543199599208
0.014832299459353939,0.9851677005406461
0.17422989863087132,0.8257701013691287
0.16037598853091434,0.8396240114690857
0.43017041361056296,0.5698295863894371
5.551115123125783e-17,1.0
0.15456843210116505,0.8454315678988349
0.2091220521037981,0.7908779478962019
5.551115123125783e-17,1.0
0.20724856086213514,0.792751439137865
0.18826120427102627,0.8117387957289738
0.17099756471674113,0.8290024352832588
0.20686009105417105,0.793139908945829
0.33953454251689935,0.6604654574831006
0.11284720337843097,0.887152796621569
0.0,1.0
0.13563077240594387,0.8643692275940561
0.14129491255589482,0.8587050874441051
0.14192522936589774,0.8580747706341023
0.289486116508309,0.710513883491691
0.05494014701364716,0.9450598529863529
0.22628792871657982,0.7737120712834201
0.1881713878937873,0.8118286121062128
0.09360203932066448,0.9063979606793356
0.33155942742111,0.66844057257889
0.07502191025539923,0.9249780897446007
0.04764660835733599,0.952353391642664
0.14334743877003325,0.8566525612299669
2.220446049250313e-16,0.9999999999999998
2.220446049250313e-16,0.9999999999999998
0.02238151028115165,0.9776184897188483
6.869504964868156e-16,0.9999999999999993
0.31168243109044935,0.6883175689095505
2.7755575615628914e-16,0.9999999999999998
0.0,1.0
0.17405064501933196,0.825949354980668
0.09729379641208653,0.9027062035879134
0.24514714699781615,0.754852853002184
5.898059818321144e-17,1.0
0.05987245147187335,0.9401275485281266
0.1114412039046087,0.8885587960953913
0.020363135550233998,0.9796368644497659
0.055861647269555184,0.9441383527304449
0.10359235955164989,0.8964076404483501
0.4034950658292685,0.5965049341707317
0.3756964693386613,0.6243035306613387
0.12040836250638491,0.8795916374936152
0.12868903702268977,0.8713109629773104
0.2387501907517743,0.7612498092482258
0.001355326807675967,0.9986446731923242
5.551115123125783e-17,1.0
0.14797920401750853,0.8520207959824915
0.4553119628103323,0.5446880371896676
0.3660821126532878,0.6339178873467121
0.07756862218320444,0.9224313778167954
0.2889718675419345,0.7110281324580655
0.23450675395763546,0.7654932460423646
0.14606608874579954,0.8539339112542006
0.12927519100664792,0.8707248089933524
0.3403156328534356,0.6596843671465642
0.0076268255557630565,0.9923731744442369
0.10491522632852703,0.895084773671473
0.2738419173341177,0.7261580826658822
0.05414719146733204,0.945852808532668
0.13652667858089393,0.863473321419106
0.1201712872316997,0.8798287127683003
0.16301371848460505,0.8369862815153949
0.0,1.0
0.31219101078799066,0.6878089892120092
0.1999325561511478,0.8000674438488523
0.0,1.0
0.14465639433099278,0.8553436056690074
0.0,1.0
0.25272746882404895,0.7472725311759512
0.5226446971148551,0.47735530288514494
0.08615546780197901,0.913844532198021
1.1102230246251565e-16,0.9999999999999999
0.04117466044974226,0.9588253395502578
0.13789577188735577,0.8621042281126442
0.1927090245555941,0.8072909754444059
0.0,1.0
0.4932381424573542,0.5067618575426459
0.01731923729576283,0.9826807627042371
0.04768457153600375,0.9523154284639963
0.023584889141839628,0.9764151108581604
0.0880868532304639,0.911913146769536
0.5078722193125751,0.49212778068742496
0.12680685546525308,0.8731931445347468
5.551115123125783e-17,1.0
0.0,1.0
0.1776633098554232,0.8223366901445768
0.21654256600865665,0.7834574339913434
0.0,1.0
0.0,1.0
0.026154399405278597,0.9738456005947214
0.17122392299198255,0.8287760770080175
8.326672684688674e-17,0.9999999999999999
0.36240846576263386,0.6375915342373663
0.0051014532178459545,0.9948985467821542
0.0,1.0
0.0967562674123862,0.9032437325876138
0.0725693308804733,0.9274306691195267
0.07239207371561523,0.9276079262843848
0.0,1.0
0.12219585146229997,0.8778041485377
0.09812100569484912,0.901878994305151
0.3146413942261222,0.6853586057738779
0.2761238159670025,0.7238761840329976
5.551115123125783e-17,1.0
0.17997974049581011,0.8200202595041899
0.23313740821383877,0.7668625917861612
0.20411322780810795,0.795886772191892
0.08029361297105303,0.9197063870289469
1.1102230246251565e-16,1.0
0.3181934342839927,0.6818065657160071
0.4626896514387786,0.5373103485612214
0.0,1.0
0.419814355641178,0.5801856443588219
0.09787157277537394,0.902128427224626
0.11179835720790458,0.8882016427920955
0.0,1.0
0.0,1.0
0.20371869982152174,0.7962813001784783
0.28474816357503313,0.7152518364249669
0.0944288706251416,0.9055711293748585
0.16042857215995027,0.8395714278400498
0.2073785764036823,0.7926214235963177
0.0553497824983269,0.9446502175016732
0.16528381461645955,0.8347161853835403
0.22257071125245867,0.7774292887475414
0.11314844123887845,0.8868515587611216
0.05467701735382284,0.9453229826461772
0.07306415695610975,0.9269358430438902
0.2586279237509636,0.7413720762490366
0.29333083477538796,0.706669165224612
0.2717546491155532,0.728245350884447
0.0,1.0
0.26820988302837173,0.7317901169716283
0.016369640724817183,0.9836303592751827
0.32463316112289664,0.6753668388771035
0.0,1.0
0.539621235564462,0.460378764435538
0.11737777033644352,0.8826222296635565
0.19235594298761574,0.8076440570123842
0.07235510825378287,0.927644891746217
0.23375121320409853,0.7662487867959015
0.22707807253887302,0.7729219274611271
0.031099607017396114,0.9689003929826039
0.1382164037131036,0.8617835962868964
2.220446049250313e-16,0.9999999999999998
0.0,1.0
0.3502192175760207,0.6497807824239793
0.1374835325424539,0.8625164674575462
0.401540754993834,0.5984592450061659
0.09723346202164021,0.9027665379783597
0.27814681188714757,0.7218531881128525
0.2614935004163799,0.7385064995836202
0.03157575892919998,0.9684242410708002
0.15594101595793897,0.844058984042061
0.06300099475154267,0.9369990052484574
0.0390472383174169,0.9609527616825831
0.07697811230876712,0.9230218876912328
0.018506656721129267,0.9814933432788707
0.03905822401257907,0.960941775987421
0.06030686012697613,0.9396931398730239
0.17182720857340977,0.8281727914265902
0.0,1.0
0.1165414485200223,0.8834585514799776
0.1628056677027411,0.837194332297259
0.0,1.0
0.11442739524133207,0.8855726047586678
0.28253834390281024,0.7174616560971898
0.4359953475946334,0.5640046524053667
0.2233413262397204,0.7766586737602796
0.1945819650095386,0.8054180349904614
0.2646789542984693,0.7353210457015309
0.1106874652738919,0.8893125347261082
5.551115123125783e-17,0.9999999999999999
0.11425667244433804,0.8857433275556619
0.12581190895994762,0.8741880910400525
0.18403192259761855,0.8159680774023815
0.1337861960458172,0.8662138039541829
0.010146040542697198,0.9898539594573028
0.22801910413961962,0.7719808958603804
0.09765585041391943,0.9023441495860806
0.3311137332450396,0.6688862667549607
0.2107851997200294,0.7892148002799706
0.37748193933520097,0.6225180606647989
0.14442380622145928,0.8555761937785408
0.07712049814003664,0.9228795018599634
5.0306980803327406e-17,1.0
0.11792427806945463,0.8820757219305454
0.08627467784959178,0.9137253221504082
0.07859771193922307,0.9214022880607771
0.0,1.0
1.1102230246251565e-16,0.9999999999999999
0.3095877846513907,0.6904122153486095
0.11588608261691553,0.8841139173830844
0.067575837144983,0.932424162855017
0.16137137166526275,0.8386286283347373
0.1492484696793266,0.8507515303206734
0.048712707823046944,0.9512872921769531
0.0,1.0
0.28447466339041944,0.7155253366095806
0.12070324090522012,0.8792967590947799
0.0,1.0
0.20021337766773428,0.7997866223322657
0.0,1.0
0.0,1.0
0.22353751929601287,0.7764624807039873
0.22687254749706212,0.7731274525029377
0.12014198930076442,0.8798580106992356
0.1976435917871715,0.8023564082128285
1.1102230246251565e-16,1.0
0.0,1.0
0.1512600643511473,0.8487399356488526
0.09248752136370532,0.9075124786362947
0.19544302283568463,0.8045569771643154
0.19857440265173795,0.801425597348262
0.0815726254889798,0.9184273745110204
0.0,1.0
0.1645579820447617,0.8354420179552383
0.14698719629705992,0.8530128037029402
0.1455530253152039,0.8544469746847961
0.01803823310937754,0.9819617668906225
1.1102230246251565e-16,1.0
0.03612910419506138,0.9638708958049388
0.07750789031708251,0.9224921096829174
0.2756603266315254,0.7243396733684746
0.25249708598539333,0.7475029140146067
0.042687566541804375,0.9573124334581956
0.07169605694868668,0.9283039430513134
0.31626315140634037,0.6837368485936595
0.0,1.0
0.32227923302165234,0.6777207669783477
0.45174599976179014,0.5482540002382097
0.24817414673656416,0.7518258532634357
5.551115123125783e-17,1.0
1.1102230246251565e-16,0.9999999999999999
0.15878215453860536,0.8412178454613947
0.04819674786455103,0.9518032521354491
0.1739138117726134,0.8260861882273868
0.41085911298716843,0.5891408870128316
0.37036175727844345,0.6296382427215569
0.12638408932644823,0.8736159106735517
1.1102230246251565e-16,0.9999999999999999
0.0,1.0
0.12871762609942855,0.8712823739005713
0.0,1.0
0.38981793612570076,0.6101820638742992
0.1601036022419259,0.839896397758074
0.0908006626033946,0.9091993373966055
0.24716546856424182,0.7528345314357582
0.1855436684575355,0.8144563315424644
0.16465829454430017,0.8353417054557
0.13905278838755847,0.8609472116124416
0.2752311093882816,0.7247688906117183
0.17293390504751838,0.8270660949524817
0.0467839909245809,0.9532160090754191
0.0851675849468748,0.9148324150531253
0.2654923662867139,0.7345076337132861
0.3694305410093537,0.6305694589906466
1.1102230246251565e-16,1.0
0.0,1.0
0.0,1.0
0.08514470013709398,0.914855299862906
0.1703865853050686,0.8296134146949314
0.0,1.0
0.0,1.0
2.7755575615628914e-17,1.0
0.17885905264348018,0.8211409473565198
0.07888011299611099,0.9211198870038891
0.29798951489889586,0.7020104851011041
0.04452348607694202,0.9554765139230579
0.0,1.0
0.023933049343855144,0.9760669506561449
0.0,1.0
0.34588861901973844,0.6541113809802617
0.16517977014864801,0.834820229851352
0.0008742737522465801,0.9991257262477534
0.26726413229576523,0.7327358677042346
0.05455141139566431,0.9454485886043357
0.09010915452719427,0.9098908454728056
0.1466542739409463,0.8533457260590538
0.0,1.0
0.0,1.0
1.249000902703301e-16,1.0
0.3048348228766161,0.695165177123384
0.29423997161931975,0.7057600283806801
0.29100179330143056,0.7089982066985696
2.7755575615628914e-17,0.9999999999999999
0.060308478914580715,0.9396915210854192
0.1759950171205224,0.8240049828794777
0.1375474833281824,0.8624525166718178
0.019142184733313403,0.9808578152666867
0.15664325704507603,0.843356742954924
0.13787858311549842,0.8621214168845016
4.861562541425002e-16,0.9999999999999994
0.11313916781631879,0.8868608321836811
0.0,1.0
0.19611777189596097,0.803882228104039
0.1660983396125238,0.8339016603874762
0.2538668831223398,0.7461331168776602
0.032434447599317295,0.9675655524006829
0.2856139246047804,0.7143860753952197
0.3386198331683248,0.6613801668316752
0.2355188723990355,0.7644811276009645
0.00977363244079692,0.9902263675592031
0.21073267708414603,0.789267322915854
0.09254234099252304,0.9074576590074769
0.3578064356272832,0.6421935643727169
4.85722573273506e-17,1.0
0.08592840230757993,0.9140715976924201
0.0,1.0
0.0,1.0
0.2704578119761561,0.7295421880238439
0.36938266550700144,0.6306173344929987
0.23824144976798914,0.7617585502320108
0.2851419241391894,0.7148580758608107
0.25712706768009413,0.7428729323199059
1.4224732503009818e-16,1.0
0.2324092375007809,0.767590762499219
0.3355465510266325,0.6644534489733674
0.18609630402472255,0.8139036959752773
0.05802151782530052,0.9419784821746995
0.564441939448351,0.4355580605516489
5.551115123125783e-17,1.0
0.0990989827227565,0.9009010172772434
0.3071958931471236,0.6928041068528765
0.0,1.0
3.2612801348363973e-16,0.9999999999999997
0.1408313951778399,0.8591686048221602
5.551115123125783e-17,1.0
0.543422832180626,0.45657716781937413
0.06671327103724684,0.9332867289627531
0.5554931383921238,0.44450686160787634
6.938893903907228e-17,1.0
0.06120502802521781,0.9387949719747821
0.0,1.0
0.0,1.0
0.1776958819063803,0.8223041180936198
0.12485913030789751,0.8751408696921025
0.4375802430064291,0.5624197569935709
0.2701795248303943,0.7298204751696058
0.0,1.0
0.37481552835922083,0.6251844716407793
0.0,1.0
0.06032025933756438,0.9396797406624355
0.17873851745602776,0.8212614825439722
0.2959889075243905,0.7040110924756094
0.15397650798613607,0.846023492013864
0.07434138873409983,0.9256586112659003
0.3544669543660518,0.6455330456339482
0.16368474970811583,0.8363152502918841
0.0,1.0
0.22160663506277642,0.7783933649372234
2.7755575615628914e-17,1.0
0.24090454023883934,0.7590954597611607
0.29016927651134977,0.7098307234886503
0.009294913184862967,0.9907050868151369
0.03627339176331476,0.9637266082366852
0.04612434381696101,0.953875656183039
0.21682863412092412,0.783171365879076
0.2933679031274973,0.7066320968725031
0.019644314662518977,0.9803556853374811
5.551115123125783e-17,1.0
0.16597070044654982,0.8340292995534502
0.23877723280177438,0.7612227671982257
0.0051047653647613754,0.9948952346352385
0.08777676782416197,0.9122232321758381
0.12145037816426615,0.8785496218357339
0.0,1.0
0.05630003407694013,0.9436999659230599
0.33867387325390524,0.6613261267460947
2.220446049250313e-16,0.9999999999999998
0.2406129271685245,0.7593870728314756
0.22018079421973752,0.7798192057802624
0.22783883987041795,0.772161160129582
0.16159249348110982,0.8384075065188902
0.12008177758342159,0.8799182224165784
0.15054242917641653,0.8494575708235835
0.134309207595948,0.865690792404052
0.0,1.0
0.4987958229435283,0.5012041770564716
0.09696309255379398,0.903036907446206
0.0,1.0
0.12771611009689973,0.8722838899031002
0.2525553992287642,0.7474446007712358
0.3846369616782191,0.615363038321781
0.04940503683434311,0.950594963165657
0.17518496971435335,0.8248150302856467
0.2529679348155476,0.7470320651844524
0.3977323587213202,0.6022676412786798
0.08215047840466111,0.9178495215953388
0.18703895340653848,0.8129610465934615
0.0207423069341457,0.9792576930658543
0.033705091076062225,0.9662949089239377
0.060124704556278004,0.9398752954437222
0.2729055600233654,0.7270944399766346
0.0,1.0
0.10923366703460043,0.8907663329653996
0.2780351085950472,0.7219648914049527
0.0,1.0
0.23950617598674442,0.7604938240132555
0.25076854360562545,0.7492314563943746
0.38705602391688093,0.6129439760831191
0.2446442265154725,0.7553557734845274
0.3518255519696786,0.6481744480303214
0.5089639278561762,0.49103607214382383
0.13790758874641543,0.8620924112535846
0.11817004133438078,0.8818299586656192
8.326672684688674e-17,1.0
0.08335364706678015,0.9166463529332197
0.13907269787202867,0.8609273021279714
0.04714706409135408,0.952852935908646
0.3868581578967278,0.6131418421032724
0.06802971767541532,0.9319702823245846
1.3877787807814457e-16,1.0
0.21494607576764263,0.7850539242323575
0.0030730215782234418,0.9969269784217766
0.10162690500584717,0.8983730949941527
0.17647986525717818,0.8235201347428218
0.1526159329973576,0.8473840670026425
0.23965785761893904,0.7603421423810609
0.09807032693031884,0.901929673069681
2.636779683484747e-16,0.9999999999999998
0.1575174528850507,0.8424825471149492
0.3373964914210204,0.6626035085789796
0.06087862797711507,0.9391213720228848
0.1563708514022664,0.8436291485977336
0.21665128760510027,0.7833487123948998
1.457167719820518e-16,0.9999999999999998
0.0,1.0
0.0,1.0
0.03693100161296228,0.9630689983870377
0.2802378051954141,0.7197621948045861
1.3877787807814457e-16,0.9999999999999999
0.23794069498929346,0.7620593050107065
0.4405820400358691,0.5594179599641309
0.12207977591433171,0.8779202240856684
0.33538176258379127,0.6646182374162088
5.551115123125783e-17,1.0
0.24637655399721592,0.7536234460027841
2.7755575615628914e-17,1.0
0.3176638988404798,0.6823361011595204
0.0076116553360322135,0.9923883446639677
1.5959455978986625e-16,0.9999999999999999
0.13963841879088792,0.860361581209112
0.22565882810094295,0.774341171899057
0.09823066759106629,0.9017693324089338
0.37046374153644995,0.62953625846355
0.18758683288588368,0.8124131671141163
0.04348874236253771,0.9565112576374624
0.21408033769554222,0.7859196623044579
0.21811244461941187,0.7818875553805882
0.09658432407148242,0.9034156759285177
0.08001246177485576,0.9199875382251442
0.03772561164041342,0.9622743882297241
0.0,1.0
0.23002337991715277,0.7699766200828473
0.14171725343617236,0.8582827465638277
0.0,1.0
0.12157453930243857,0.8784254606975614
0.1535213522071125,0.8464786477928875
0.0,1.0
0.1524399795578511,0.847560020442149
0.1475038267577932,0.8524961732422067
0.07634433334777141,0.9236556666522285
0.1705955436348679,0.829404456365132
1.3877787807814457e-16,1.0
0.24252220138489058,0.7574777986151094
0.08908862102265859,0.9109113789773413
0.4802984193916326,0.5197015806083675
1.1796119636642288e-16,0.9999999999999999
0.09565618796014624,0.9043438120398538
0.24222397023773976,0.7577760297622601
0.2930288031785366,0.7069711968214633
0.11217807370619037,0.8878219262938095
0.0,1.0
0.05198002772185134,0.9480199722781487
1.3877787807814457e-17,1.0
0.15020602340048314,0.8497939765995168
0.060779553177437155,0.9392204468225628
0.029407042604720497,0.9705929573952796
0.10981866280269227,0.8901813371973077
0.18126040078478228,0.8187395992152179
0.0007797073817183217,0.9992202926182816
0.2417763216790865,0.7582236783209134
0.1954453209352272,0.8045546790647727
0.11118306079022923,0.8888169392097708
0.0,1.0
0.0,1.0
0.11565060149541885,0.8843493985045813
0.1891211740693097,0.8108788259306902
0.0,1.0
0.11057871677575806,0.8894212832242419
0.1732690245325329,0.8267309754674671
0.14414247917233147,0.8558575208276685
0.0,1.0
0.5067038093209886,0.4932961906790115
0.20352407838251316,0.7964759216174867
0.28512432476545524,0.7148756752345448
0.1105010321274099,0.8894989678725901
0.22756746830722357,0.7724325316927764
0.007743042859108142,0.9922569571408919
1.5612511283791264e-17,1.0
0.3258125044180305,0.6741874955819693
0.3396844619233212,0.6603155380766788
0.2084855791502771,0.7915144208497229
0.15720064621863308,0.8427993537813669
9.71445146547012e-17,1.0
0.3282544366139089,0.671745563386091
0.053283740105012065,0.946716259894988
0.29384960530293674,0.7061503946970632
0.2546750432191909,0.7453249567808092
0.4596003926344778,0.5403996073655222
0.11467102419729969,0.8853289758027004
0.126361609560759,0.873638390439241
0.13385906896638056,0.8661409310336196
1.1102230246251565e-16,1.0
0.42059914546244576,0.5794008545375542
5.551115123125783e-17,1.0
0.3396669897458804,0.6603330102541196
0.08262635500355546,0.9173736449964446
0.14445834332156207,0.8555416566784381
0.028161114229047473,0.9718388857709526
0.03444880378751218,0.965551196212488
0.061007901518690726,0.9389920984813094
0.5168201440374642,0.4831798559625358
0.0,1.0
0.0,1.0
0.18013666440988263,0.8198633355901173
0.32085113892911843,0.6791488610708817
0.15899263669084687,0.841007363309153
0.2181969609081559,0.7818030390918441
0.024730997831370907,0.9752690021686291
0.2994687213078751,0.7005312786921252
0.08422743317228303,0.9157725668277169
0.4051760397851467,0.5948239602148533
0.2541907637385507,0.7458092362614492
0.0439279206475662,0.9560720793524338
0.10937587411949795,0.8906241258805021
0.0878232698083455,0.9121767301916546
0.19671568734376244,0.8032843126562376
1.6653345369377348e-16,0.9999999999999998
0.5287007719937336,0.4712992280062665
0.32547489618517267,0.6745251038148272
2.7755575615628914e-17,1.0
0.20167756505810178,0.7983224349418983
1.1102230246251565e-16,1.0
0.10169940001942254,0.8983005999805775
0.3363839209186289,0.6636160790813712
0.21038706742841998,0.7896129325715799
0.0741667648712122,0.9258332351287878
0.10318765314554852,0.8968123468544515
0.0,1.0
5.48172618408671e-16,0.9999999999999994
2.914335439641036e-16,0.9999999999999997
0.16868388603390924,0.8313161139660908
0.251434899215359,0.748565100784641
0.26330212042941276,0.7366978795705873
0.08846713268014868,0.9115328673198515
0.35673415289811894,0.6432658471018811
0.3770213126721033,0.6229786873278967
3.191891195797325e-16,0.9999999999999997
0.4601774482118186,0.5398225517881814
0.0,1.0
0.0,1.0
0.17701892553399393,0.822981074466006
0.3886703490307494,0.6113296509692508
2.7755575615628914e-16,0.9999999999999997
0.12103279461851472,0.8789672053814853
0.14637323822167606,0.853626761778324
0.06455915988247168,0.9354408401175283
5.551115123125783e-17,1.0
0.5586396098716286,0.44136039012837136
0.17435975960563863,0.8256402403943613
0.370066497536368,0.6299335024636319
0.0,1.0
0.33037744558730003,0.6696225544126999
0.0,1.0
0.2175800524483293,0.7824199475516708
0.15852029393569345,0.8414797060643067
5.551115123125783e-17,1.0
0.29302167976348736,0.7069783202365127
0.09434467415632912,0.9056553258436707
0.17620100371915476,0.8237989962808453
0.14548482166861204,0.8545151783313879
0.09832496415185492,0.901675035848145
0.19126403331633407,0.808735966683666
0.06979744312643169,0.9302025568735682
0.10553597431784434,0.8944640256821556
0.14514771839342908,0.854852281606571
0.10604812427357327,0.8939518757264266
0.0,1.0
1.3877787807814457e-17,1.0
0.05747081681410745,0.9425291831858926
0.13094994250466735,0.8690500574953327
0.25313985633841785,0.7468601436615822
0.0,1.0
0.0990155899197943,0.9009844100802058
0.14355839382298846,0.8564416061770117
0.11656936880642409,0.8834306311935761
0.0,1.0
0.362099230646053,0.6379007693539469
0.06125648740758986,0.9387435125924101
1.1102230246251565e-16,1.0
1.1102230246251565e-16,1.0
0.0,1.0
0.20776496009484885,0.7922350399051512
0.24014025980910253,0.7598597401908976
0.3047568051787239,0.6952431948212762
0.23653486622551892,0.7634651337744811
0.2800247359645729,0.7199752640354271
0.11437521105244292,0.8856247889475571
0.07249015888103708,0.9275098411189628
0.2464007635631655,0.7535992364368345
0.28970885588227524,0.7102911441177249
0.2543115650668043,0.7456884349331958
0.02223561401011247,0.9777643859898876
0.16563326631722952,0.8343667336827705
0.05324720872197058,0.9467527912780295
0.1162241234503636,0.8837758765496364
8.326672684688674e-17,0.9999999999999999
0.09164246359480574,0.9083575364051943
0.3510404416981034,0.6489595583018967
0.22162297774498985,0.7783770222550103
0.17297686792104372,0.8270231320789563
0.001154898319833138,0.9988451016801669
0.12582372756688154,0.8741762724331185
1.734723475976807e-16,0.9999999999999998
0.0,1.0
0.18813415526488175,0.8118658447351184
0.30787803293398114,0.692121967066019
0.4056370944069665,0.5943629055930335
0.0,1.0
0.25473873832353117,0.7452612616764688
0.17955747884991444,0.8204425211500856
0.4011881513486677,0.5988118486513323
0.0866279042878376,0.9133720957121625
0.1914669417283531,0.8085330582716469
5.551115123125783e-17,1.0
0.3542858633292201,0.6457141366707801
0.1151505741879085,0.8848494258120916
0.0,1.0
0.0,1.0
0.3971821407223066,0.6028178592776934
0.07386536665185778,0.9261346333481421
0.30340852704649396,0.696591472953506
0.11144553659762949,0.8885544634023705
0.0780564346500664,0.9219435653499336
0.13147966765853886,0.8685203323414611
0.048528739389084495,0.9514712606109155
0.03233220364830391,0.9676677963516962
0.31250684454867217,0.6874931554513278
0.31553680517939364,0.6844631948206064
0.24442666583626282,0.7555733341637373
0.0007178219667125912,0.9992821780317185
0.06925109625665382,0.9307489037433461
0.0,1.0
0.39596136060813736,0.6040386393918629
4.163336342344337e-17,1.0
0.09309350313739438,0.9069064968626057
1.6653345369377348e-16,0.9999999999999999
0.0928445485621211,0.907155451437879
0.0459410563520973,0.9540589436479027
0.3825079014686014,0.6174920985313985
0.43044335740615164,0.5695566425938484
0.33046366112842274,0.6695363388715772
0.05957533212503056,0.9404246678749696
1.1102230246251565e-16,1.0
2.7755575615628914e-17,1.0
1.942890293094024e-16,0.9999999999999998
0.29307770878909867,0.7069222912109012
0.0683788600836646,0.9316211399163354
0.1627903083343639,0.8372096916656362
0.14847356279247018,0.8515264372075297
0.014495843325711305,0.9855041566742886
0.0,1.0
3.3306690738754696e-16,0.9999999999999997
0.022644836564906626,0.9773551634350933
0.21107385677661217,0.7889261432233878
0.0,1.0
0.0,1.0
0.2084388136350718,0.7915611863649281
0.07835564062521745,0.9216443593747826
0.0,1.0
5.551115123125783e-17,1.0
0.24717359515900988,0.7528264048409903
0.0,1.0
8.326672684688674e-17,0.9999999999999999
0.2920714014277291,0.7079285985722711
0.13777324014500544,0.8622267598549946
0.0,1.0
1.3877787807814457e-16,0.9999999999999998
0.12562911366221646,0.8743708863377837
1.1102230246251565e-16,1.0
0.27786270304640187,0.7221372969535982
0.32945018498339057,0.6705498150166095
0.23183102152478768,0.7681689784752124
0.12993750554683955,0.8700624944531605
0.2129822670425469,0.787017732957453
1.1102230246251565e-16,1.0
1.3877787807814457e-17,1.0
0.4137863470082388,0.5862136529917613
0.3519290115014317,0.6480709884985684
0.0,1.0
0.18429913095613723,0.815700869043863
0.10165009945250694,0.8983499005474931
0.1729746090353389,0.8270253909646611
0.3761727689358792,0.623827231064121
0.0862775278388965,0.9137224721611036
0.17483796180207595,0.825162038197924
0.1273114295271396,0.8726885704728605
0.10385223678574228,0.8961477632142577
0.14140289295893843,0.8585971070410615
0.3416344651496592,0.6583655348503408
0.06359983615878323,0.9364001638412167
0.0,1.0
0.16681569493840565,0.8331843050615942
0.01790161139374996,0.98209838860625
0.0,1.0
0.0961621753135881,0.9038378246864118
0.0,1.0
0.33002666847789996,0.6699733315221
3.0531133177191805e-16,0.9999999999999997
2.220446049250313e-16,0.9999999999999999
0.2849838584215041,0.7150161415784958
0.23234476548730387,0.767655234512696
0.4038840517205275,0.5961159482794723
0.0,1.0
0.021461734970755098,0.9785382650292449
0.46952768871082223,0.5304723112891778
0.11311175575353156,0.8868882442464685
0.0826310439318203,0.9173689560681798
0.04578986638105979,0.9542101336189401
0.11066816899281534,0.8893318310071846
0.12159677064227843,0.8784032293577216
0.3054321535240302,0.6945678464759697
0.017506753047046936,0.982493246952953
0.11634110784562775,0.8836588921543723
0.46938026279095535,0.5306197372090448
0.35315421957073984,0.6468457804292603
0.3642105916003457,0.6357894083996544
0.10676652206216626,0.8932334779378338
0.2286091075669817,0.7713908924330183
0.1636518713821207,0.8363481286178793
0.30830006749921524,0.6916999325007848
0.17568391926315072,0.8243160807368493
5.551115123125783e-17,1.0
0.25323767309154493,0.7467623269084551
0.10065532779357755,0.8993446722064226
0.0,1.0
0.3889303034410953,0.6110696965589048
0.03322362169146766,0.9667763783085324
0.03649318058259612,0.9635068194174039
0.27897736910339455,0.7210226308966055
0.14126688734721488,0.8587331126527852
0.30301616464477477,0.6969838353552252
0.23812887705615626,0.7618711229438437
0.22728548536837614,0.7727145146316237
0.06333773122852863,0.9366622687714713
0.0,1.0
0.22573081873439327,0.7742691812656067
0.13449114746763016,0.8655088525323699
0.12456760795545206,0.875432392044548
0.1601013459248546,0.8398986540751455
0.1772380493100906,0.8227619506899094
0.0803165408787498,0.9196834591212503
0.0829973657851036,0.9170026342148964
0.0,1.0
0.15307667647639783,0.8469233235236022
0.0,1.0
0.19736359770160522,0.8026364022983947
0.1461814251877596,0.8538185748122405
0.04111636326846975,0.9588836367315301
0.3199023041683453,0.6800976958316546
0.04613954703812044,0.9538604529618796
0.051590042858599895,0.9484099571414
0.15835139234556384,0.8416486076544363
0.25573748692419973,0.7442625130758004
0.03313643237440007,0.9668635676255999
0.16392616891335549,0.8360738310866442
0.1774685313225576,0.8225314686774423
0.08321854808537782,0.9167814519146221
0.0,1.0
0.013003600234881535,0.9869963997651184
0.11405128032458595,0.8859487196754141
0.29752098030376634,0.7024790196962337
0.31663903546440797,0.6833609645355919
0.11213211464788507,0.887867885352115
0.1059664634668185,0.8940335365331815
0.06865525156727328,0.9313447484327267
0.03005999780584951,0.9699400021941504
0.3174635057625377,0.6825364942374622
0.14007748270695444,0.8599225172930456
1.1102230246251565e-16,1.0
0.013505721810571462,0.9864942781894285
0.3847982406655841,0.6152017593344157
0.08596045790006483,0.9140395420999351
0.5087158249023169,0.4912841750976831
0.07076661020276927,0.9292333897972306
2.7755575615628914e-17,1.0
0.33185890433853044,0.6681410956614697
0.14970237366723083,0.8502976263327692
0.036388636346178144,0.9636113636538219
0.21499102537521683,0.7850089746247831
0.15203134751485664,0.8479686524851433
0.04597727633357068,0.9540227236664294
0.16967268040950043,0.8303273195904997
0.07000251693790047,0.9299974830620996
0.20736747379998843,0.7926325262000116
0.04829789228705071,0.9517021077129494
0.0,1.0
1.3877787807814457e-17,1.0
0.01198318352713302,0.9880168164728669
0.40526314263726126,0.5947368573627387
0.4679717782778549,0.5320282217221451
0.19972161444278835,0.8002783855572118
0.013172399824402568,0.9868276001755973
0.14232558656391903,0.857674413436081
0.04992883738617849,0.9500711626138215
0.26748716070036127,0.7325128392996386
0.28457550681159866,0.7154244931884014
0.12945684545188674,0.8705431545481134
0.2482268173530896,0.7517731826469104
0.16264301304927387,0.837356986950726
0.16521704928252057,0.8347829507174795
1.6653345369377348e-16,0.9999999999999998
0.16216393467185622,0.8378360653281438
0.14782331325986284,0.8521766867401374
0.10999458870437201,0.8900054112956279
0.07519408148002042,0.9248059185199796
0.3776425533962242,0.6223574466037757
0.014790629685851136,0.9852093703141489
0.06752724830197009,0.9324727516980298
0.15316834187937378,0.8468316581206262
5.551115123125783e-17,1.0
0.13683611203712945,0.8631638879628706
3.608224830031759e-16,0.9999999999999996
0.15435397125374112,0.8456460287462588
0.0,1.0
5.551115123125783e-17,1.0
0.0,1.0
0.1118453768656768,0.888154623134323
1.942890293094024e-16,0.9999999999999998
0.17474846222660384,0.8252515377733962
0.2050780203437719,0.7949219796562282
0.017837690370382592,0.9821623096296174
0.0,1.0
0.39248090444791106,0.607519095552089
0.16142972396355096,0.838570276036449
0.1976644914368391,0.8023355085631609
0.07579723932387157,0.9242027606761285
0.0,1.0
0.09110667189898322,0.9088933281010169
0.2417574550119769,0.758242544988023
0.0,1.0
0.10623723685090897,0.8937627631490911
6.38378239159465e-16,0.9999999999999993
0.02165927060121003,0.9783407293987899
0.24284762805669713,0.757152371943303
0.42253876906179466,0.5774612309382053
0.23297223206664067,0.7670277679333594
0.27199957637665034,0.7280004236233497
0.14011269981193525,0.8598873001880647
0.14362710917976076,0.8563728908202392
0.0413155554415981,0.958684444558402
0.03661644382059211,0.9633835561794077
0.12052486106223728,0.8794751389377626
0.0,1.0
0.30631215426226704,0.6936878457377329
0.07882419207304525,0.9211758079269547
0.10037394170097444,0.8996260582990255
0.42262295050842863,0.5773770494915715
0.1857024675456491,0.8142975324543508
0.0,1.0
0.19752884432820458,0.8024711556717953
0.008212097240117879,0.9917879026999978
0.2867646519662666,0.7132353480337335
0.15257103132602748,0.8474289686739727
0.18651188247609476,0.8134881175239053
0.13525439568824496,0.8647456043117552
0.15160259649675206,0.8483974035032481
0.021518446703879753,0.9784815532961203
0.0019213095196014408,0.9980786904803987
0.0,1.0
0.13816043775715345,0.8618395622428465
0.40606669770276776,0.5939333022972323
0.0,1.0
0.13865684673865403,0.861343153261346
0.0,1.0
0.09645562461660863,0.9035443753833913
0.08201776225761452,0.9179822377423855
0.32820629342438107,0.6717937065756191
0.2602321981210256,0.7397678018789745
0.4015791930572532,0.5984208069427468
0.10869899227073869,0.8913010077292612
0.29441157782161065,0.7055884221783894
0.20833423334364112,0.7916657666563589
0.0,1.0
0.12788934046228348,0.8721106595377165
0.32824643588946456,0.6717535641105353
0.11306241532908042,0.8869375846709198
4.163336342344337e-16,0.9999999999999994
0.04272726113057598,0.9572727388694241
0.03374102871242922,0.9662589712875707
0.11294370181990579,0.8870562981800942
0.10566655190335004,0.89433344809665
0.010454211384058498,0.9895457886159416
0.30170892110595626,0.6982910788940436
0.34994218401778754,0.6500578159822126
0.17356419869938966,0.8264358013006105
0.012403664153287797,0.9875963358467121
0.4558118853787753,0.5441881146212246
3.1051550219984847e-16,0.9999999999999998
0.2908571910049749,0.7091428089950251
0.11519923221652541,0.8848007677834744
0.17869068970339777,0.8213093102966024
0.0962040768934493,0.9037959231065508
0.03366020064868344,0.9663397993513166
0.0,1.0
0.0,1.0
0.2165865856354462,0.7834134143645538
0.1736116120538028,0.826388387946197
0.34038351957160284,0.659616480428397
0.06139183553700929,0.9386081644629907
0.0,1.0
0.04800541401688173,0.9519945859831183
0.03199132741050023,0.9680086725894997
0.4697391221630416,0.5302608778369585
0.0,1.0
0.08522569391276724,0.9147743060872328
0.34038502793213854,0.6596149720678616
0.15222233676396243,0.8477776632360375
0.22174246346432153,0.7782575365356786
5.551115123125783e-17,1.0
0.0,1.0
0.33897942199310327,0.6610205780068968
0.09829647786304226,0.9017035221369577
0.19556346581539036,0.8044365341846096
0.29917620024830366,0.7008237997516965
0.0,1.0
2.7755575615628914e-16,0.9999999999999997
0.2609051201745434,0.7390948798254566
0.17651324251277073,0.8234867574872291
0.0,1.0
1.1102230246251565e-16,0.9999999999999999
0.13968368386202254,0.8603163161379773
0.13940529645291613,0.8605947035470839
0.13601680981037093,0.8639831901896291
0.08151752978188077,0.9184824702181192
0.15030220558089352,0.8496977944191066
0.2219415436715983,0.7780584563284018
0.593323934814152,0.40667606518584826
0.05976301367506528,0.9402369863249347
0.29145639570274273,0.7085436042972573
0.18765631442029618,0.8123436855797039
0.0,1.0
5.551115123125783e-17,1.0
0.4040310128017015,0.5959689871982986
0.19926827105831685,0.8007317289416832
0.17707603579140582,0.8229239642085941
0.2929179279460754,0.7070820720539246
0.3872505864847608,0.6127494135152394
0.0,1.0
0.20763318048182292,0.7923668195181772
0.0,1.0
0.021020093660949122,0.978979906339051
0.03792506536229747,0.9620749346377027
0.0,1.0
0.18154828509520854,0.8184517149047915
0.07188743730800144,0.9281125626919986
0.3327507053124584,0.6672492946875417
0.3301264305072714,0.6698735694927286
0.28967746499048286,0.7103225350095173
0.18151488804375815,0.818485111956242
0.4400934378131653,0.5599065621868348
0.10200411771738578,0.8979958822826142
0.0,1.0
0.1695921107320659,0.8304078892679342
0.28126815601026534,0.7187318439897347
0.0698417958433277,0.9301582041566723
0.09742489111740665,0.9025751088825933
0.04915952005356891,0.9508404799464311
5.551115123125783e-17,1.0
0.4323164239911062,0.5676835760088937
5.551115123125783e-17,1.0
0.02417534138724267,0.9758246586127575
0.08349762370951434,0.9165023762904854
0.10308703830231909,0.8969129616976809
0.0,1.0
0.2285015770760085,0.7714984229239915
0.2691900870138677,0.7308099129861323
0.03772667440231721,0.9622733255976827
0.4501494520414956,0.5498505479585045
0.23024363777193393,0.7697563622280661
0.20847595183602455,0.7915240481639756
0.0,1.0
0.09507233936116936,0.9049276606388307
0.14884657874239265,0.8511534212576072
0.15221742617132758,0.8477825738286724
0.07977045157730656,0.9202295484226934
0.1302579995496543,0.8697420004503458
1.3877787807814457e-16,0.9999999999999999
0.09280187667776993,0.90719812332223
0.0,1.0
4.5102810375396984e-17,1.0
0.11602194110562827,0.8839780588943718
0.0,1.0
0.18203216693928206,0.817967833060718
0.2926972735009884,0.7073027264990116
0.15721783996999017,0.8427821600300098
0.04962546120165753,0.9503745387983424
5.551115123125783e-17,1.0
0.2380359433402763,0.7619640566597237
0.23411732778379943,0.7658826722162007
8.326672684688674e-17,0.9999999999999999
0.5267231367064762,0.4732768632935239
0.0,1.0
0.23600916119674512,0.7639908388032549
0.0,1.0
0.10131199052507849,0.8986880094749216
0.1753682569316227,0.8246317430683773
0.23819604692879837,0.7618039530712017
2.862293735361732e-17,1.0
0.0910471283505017,0.9089528716494983
0.172966668860389,0.827033331139611
0.6482066196534915,0.35179338034650853
0.1033055601164018,0.8966944398835982
0.21663487008058976,0.7833651299194103
0.43538931642586115,0.5646106835741386
0.21206188336648626,0.7879381166335138
0.0,1.0
0.3860541993960547,0.6139458006039453
0.2904805994137235,0.7095194005862765
0.09696821777322007,0.90303178222678
0.0,1.0
0.031140612688595082,0.9688593873114049
0.03772922243443643,0.9622707775655636
1.6653345369377348e-16,0.9999999999999998
0.09609175368552855,0.9039082463144715
0.02894339728577828,0.9710566027142216
0.11212113960351906,0.887878860396481
0.09192961376656118,0.9080703862334389
0.20800301307870925,0.7919969869212906
0.14178495198438237,0.8582150480156177
0.3885787411037171,0.611421258896283
0.14291632005203156,0.8570836799479685
0.13311439663083263,0.8668856033691675
0.10907295439992093,0.8909270456000792
0.44790155032824475,0.5520984496717551
0.10689692135347653,0.8931030786465235
0.05569565065818632,0.9443043493418137
0.0,1.0
0.13241458599065464,0.8675854140093453
0.0,1.0
0.07258683302318127,0.9274131669768185
0.44258488875592333,0.5574151112440767
0.21791399271886658,0.7820860072811333
5.551115123125783e-17,1.0
1.6653345369377348e-16,1.0
0.2037270714646124,0.7962729285353876
0.2846027934907627,0.7153972065092374
0.23028177750044634,0.7697182224995537
0.3897538171636146,0.6102461828363853
0.07282424401411076,0.9271757559858892
0.0868100187970006,0.9131899812029993
0.3546127258899154,0.6453872741100846
0.15592289989703545,0.8440771001029644
0.2007359143405524,0.7992640856594476
1.6653345369377348e-16,0.9999999999999999
0.0,1.0
0.21989990387566935,0.7801000961243307
0.01752922250639754,0.9824707774936025
0.0851461474052825,0.9148538525947175
0.050540190320469296,0.9494598096795307
0.21848286653669372,0.7815171334633063
0.05930666085251724,0.9406933391474829
0.2909853464773992,0.7090146535226007
0.36246978696823523,0.6375302130317648
0.18265025860263007,0.8173497413973699
0.4553098100492421,0.5446901899507578
0.34898853804277885,0.651011461957221
0.12127963316359769,0.8787203668364023
0.15054158768022402,0.849458412319776
0.13748018120015543,0.8625198187998446
9.71445146547012e-17,1.0
0.19634229329904365,0.8036577067009564
0.30108215871946237,0.6989178412805377
0.0,1.0
0.0,1.0
0.1565992551704704,0.8434007448295295
0.3939194864954809,0.6060805135045191
0.22211732413344315,0.7778826758665569
0.23202855360876512,0.7679714463912348
0.11981689293274406,0.880183107067256
0.25842738395178094,0.741572616048219
0.057565016923395676,0.9424349830766043
0.04569524357635745,0.9543047564236425
6.938893903907228e-17,1.0
5.551115123125783e-17,1.0
0.24544159341936386,0.7545584065806361
0.10171160418296518,0.8982883958170348
0.5298393966808861,0.47016060331911386
0.136819129306931,0.8631808706930691
0.12001733646381231,0.8799826635361877
0.201716272940432,0.798283727059568
1.5959455978986625e-16,0.9999999999999999
0.13901165266897328,0.8609883473310267
0.0,1.0
1.5959455978986625e-16,0.9999999999999999
0.0,1.0
0.2508640743894352,0.749135925610565
0.481708124879907,0.5182918751200931
0.022237873424951496,0.9777621265750485
0.0,1.0
0.3055965909651812,0.6944034090348188
0.05614862208008788,0.9438513779199121
0.0,1.0
0.0,1.0
3.608224830031759e-16,0.9999999999999997
5.551115123125783e-17,1.0
0.11559883669571967,0.8844011633042802
0.2128588535577633,0.7871411464422365
0.2697686608677952,0.7302313391322048
0.1664009334112056,0.8335990665887945
0.0,1.0
0.1602950322775991,0.839704967722401
0.15455519043757163,0.8454448095624284
0.0,1.0
5.551115123125783e-17,1.0
0.3313124391565722,0.668687560843428
0.22958538175242502,0.7704146182475748
0.3778457743664976,0.6221542256335023
0.3268734037407496,0.6731265962592505
0.006715944040163878,0.9932840559598362
0.3841344660374379,0.6158655339625622
0.11000015454010484,0.8899998454598952
0.010651201433800328,0.9893487985661997
0.15687691387096175,0.8431230861290382
0.37008936259029906,0.6299106374097011
0.1450126105310678,0.8549873894689322
5.551115123125783e-17,1.0
0.0,1.0
0.0,1.0
0.16967311856936243,0.8303268814306375
0.1481769564880795,0.8518230435119205
0.0,1.0
0.24646127301569795,0.7535387269843021
0.2289331469266489,0.7710668530733511
0.039410728418854,0.9605892715811459
0.10193492656631202,0.8980650734336879
0.2083446725176192,0.7916553274823808
0.5104045792943777,0.4895954207056222
0.10240012695717832,0.8975998730428217
5.551115123125783e-17,1.0
0.054365013213507826,0.9456349867864922
0.4313525106447868,0.5686474893552131
0.26162486006044955,0.7383751399395504
0.1943059275009808,0.8056940724990191
0.2086218049787099,0.79137819502129
0.17826788629361806,0.8217321137063821
1.1102230246251565e-16,1.0
6.938893903907228e-18,1.0
0.08129758092913018,0.9187024190708699
0.3940198316890601,0.60598016831094
0.016836384722977663,0.9831636152770223
0.0,1.0
0.37998678255826246,0.6200132174417375
0.1758646957708069,0.8241353042291931
0.25012329908180136,0.7498767009181987
0.0830521577680205,0.9169478422319794
0.36775845516177247,0.6322415448382276
0.04042005339836285,0.959579946601637
0.21561679657487268,0.7843832034251274
0.21378074576076414,0.7862192542392361
0.08000906125600789,0.9199909387439922
0.26907015015521313,0.730929849844787
0.0,1.0
0.0,1.0
0.09166459855548753,0.9083354014445124
2.7755575615628914e-17,1.0
4.163336342344337e-17,1.0
0.32588933671637704,0.674110663283623
5.551115123125783e-17,0.9999999999999999
0.29741974957167067,0.7025802504283292
0.23289220149862336,0.7671077985013767
0.21811053131249472,0.7818894686875054
1.1102230246251565e-16,1.0
0.03772357259718758,0.9622764274028125
0.42176035782897714,0.5782396421710231
0.25744842654590905,0.742551573454091
0.1892603082809955,0.8107396917190044
0.1110934915201185,0.8889065084798815
5.551115123125783e-17,0.9999999999999999
0.15784144241635792,0.8421585575836421
0.16075134802830307,0.8392486519716968
0.04282389925762044,0.9571761007423796
1.2576745200831851e-17,1.0
0.09815182591353162,0.9018481740864686
0.006885565319222328,0.9931144346807776
1.1102230246251565e-16,0.9999999999999999
1.1102230246251565e-16,0.9999999999999999
0.15650713031642488,0.8434928696835752
0.08358516750730112,0.9164148324926988
0.0,1.0
0.3198882628540195,0.6801117371459807
2.0816681711721685e-17,1.0
0.0,1.0
0.1937017220116155,0.8062982779883845
0.23184415678052503,0.768155843219475
0.0860945307155329,0.9139054692844669
2.220446049250313e-16,0.9999999999999998
0.08976656466798585,0.9102334353320142
0.04130179445533144,0.9586982055446686
0.16946831605565135,0.8305316839443486
0.19036643993453728,0.8096335600654627
2.7755575615628914e-17,0.9999999999999999
0.1415383488304923,0.8584616511695077
0.25800291926660096,0.7419970807333991
1.6653345369377348e-16,0.9999999999999999
0.15080642111703135,0.8491935788829688
0.22883752961636444,0.7711624703836355
0.019588667493418754,0.9804113325065813
0.4903554350004508,0.5096445649995492
0.3071257467778269,0.6928742532221731
0.0,1.0
0.07661531442310136,0.9233846855768987
0.07027572160134851,0.9297242783986517
0.23351548166311092,0.7664845183368889
0.10845840600295607,0.8915415939970439
0.041799320945596984,0.958200679054403
0.23441111512873652,0.7655888848712636
0.02046610217911475,0.9795338978208852
0.1957358306734097,0.8042641693265903
0.34204815567923463,0.6579518443207654
0.08273682737102223,0.9172631726289779
0.07852184524041816,0.9214781547595818
0.08329547551804563,0.9167045244819545
0.07535728396457848,0.9246427160354216
0.05012851400670338,0.9498714859932966
0.472681985030459,0.527318014969541
0.2981066723972195,0.7018933276027803
0.09599739561924506,0.904002604380755
0.20992173891826857,0.7900782610817314
0.5181332150088821,0.481866784991118
0.09730531057595088,0.9026946894240493
0.1280223022041981,0.8719776977958019
0.40739618750659135,0.5926038124934085
0.3986072517201412,0.6013927482798587
0.37156780409163265,0.6284321959083674
0.17220992866380944,0.8277900713361905
5.551115123125783e-16,0.9999999999999996
8.326672684688674e-17,1.0
0.13376318017981945,0.8662368198201805
0.14584406896491203,0.8541559310350881
0.15605998682373629,0.8439400131762637
0.20540936886225586,0.7945906311377441
0.29371956489117357,0.7062804351088264
0.1436767840022126,0.8563232159977875
0.016182087414165453,0.9838179125858346
0.0,1.0
0.0,1.0
0.2893494150560266,0.7106505849439735
0.0395364052510144,0.9604635947489856
0.15249158906423763,0.8475084109357623
0.10898064741961955,0.8910193525803805
9.367506770274758e-17,1.0
0.010624973330173853,0.9893750266698261
0.0,1.0
0.3993702949265633,0.6006297050734365
0.2967635546844874,0.7032364453155127
0.2264931928162571,0.773506807183743
0.24189458197409133,0.7581054180259088
0.23083392758812038,0.7691660724118796
0.025332513760656445,0.9746674862393436
0.44921644677294137,0.5507835532270586
0.11093046384549154,0.8890695361545085
0.19724075044166767,0.8027592495583322
0.4174777679145336,0.5825222320854664
0.0,1.0
0.0,1.0
0.0,1.0
1.1102230246251565e-16,1.0
0.3048231097744214,0.6951768902255784
0.2078839541652238,0.7921160458347762
0.1723590395070758,0.8276409604929242
5.551115123125783e-17,1.0
0.06098586227521793,0.939014137724782
0.29345560737433113,0.7065443926256689
0.38412134435692513,0.615878655643075
0.35239436411686154,0.6476056358831386
0.10821303702845349,0.8917869629715466
2.7755575615628914e-17,0.9999999999999999
0.0,1.0
0.12260714884161897,0.8773928511583811
4.336808689942018e-19,0.9999999999999999
0.022828161512521268,0.9771718384874788
0.5120907219976436,0.4879092780023565
0.0,1.0
0.12562800454460307,0.8743719954553969
0.08151581639170934,0.9184841836082905
0.4499132267292719,0.550086773270728
0.06958222169170475,0.9304177783082953
0.3126685261847156,0.6873314738152845
0.0848282758691564,0.9151717241308436
0.1033090165218267,0.8966909834781733
0.17078229322186195,0.8292177067781381
0.1350668526203126,0.8649331473796874
0.057620576973897886,0.9423794230261022
0.18910189205409345,0.8108981079459066
0.1844703544659598,0.8155296455340402
0.06880817345804789,0.9311918265419522
0.15896906987385284,0.8410309301261473
5.551115123125783e-17,1.0
0.19868479414555285,0.8013152058544472
6.245004513516506e-17,1.0
0.05268995101187957,0.9473100489881203
0.46448209954057107,0.5355179004594289
0.021583572175791325,0.9784164278242087
0.4193778541602202,0.5806221458397799
0.06801610237883607,0.931983897621164
0.21789916086147632,0.7821008391385237
1.1102230246251565e-16,0.9999999999999999
0.12487602278561816,0.8751239772143818
0.3810874686847361,0.6189125313152638
0.0,1.0
0.06317714548276125,0.9368228545172387
0.2230338983072071,0.7769661016927929
0.09823223404021177,0.9017677659597881
0.19145224210278292,0.808547757897217
0.4032712813775244,0.5967287186224756
0.16196415393502786,0.8380358460649722
0.48936595371009395,0.510634046289906
0.07377034003752657,0.9262296599624735
0.2996218245391571,0.7003781754608429
0.010284223509564575,0.9897157764904354
0.05808915610041426,0.9419108438995857
0.0,1.0
0.11056350455183599,0.8894364954481639
0.030230524469765756,0.9697694755302343
0.40658569805581607,0.593414301944184
0.1395194664482627,0.8604805335517374
0.12797317087355897,0.872026829126441
8.326672684688674e-16,0.9999999999999991
0.07841028424494849,0.9215897157550514
5.551115123125783e-17,1.0
0.2316513415041305,0.7683486584958694
0.19067034940586697,0.8093296505941331
0.047225496583334595,0.9527745034166656
0.12803068897853576,0.8719693110214642
0.2373055364469852,0.7626944635530148
0.18305156705117998,0.81694843294882
0.08158627144091751,0.9184137285590825
0.07188785806403561,0.9281121419359644
0.21936759538046666,0.7806324046195332
0.050345019132360835,0.9496549808676391
0.09666765138926987,0.9033323486107301
0.14036284819255726,0.8596371518074428
5.551115123125783e-17,1.0
0.09646562723780813,0.903534372762192
0.5125043187015694,0.4874956812984305
0.12797037423953875,0.8720296257604614
0.08002862870478607,0.919971371295214
0.4341780900821674,0.5658219099178327
0.07825365890150669,0.9217463410984933
0.21175492207210347,0.7882450779278967
1.6653345369377348e-16,0.9999999999999999
0.2572719500257805,0.7427280499742195
0.012787260910172984,0.987212739089827
0.04948010673097555,0.9505198932690245
0.0,0.9999999999999999
0.3276446032045455,0.6723553967954546
0.11582341015207415,0.884176589847926
0.0,1.0
0.0,1.0
0.29308318317609927,0.7069168168239007
2.7755575615628914e-17,1.0
0.0,1.0
0.25541468823166946,0.7445853117683305
0.224204941346482,0.7757950586535179
0.2774702347761956,0.7225297652238044
0.06328656604398061,0.9367134339560194
0.08845869358442746,0.9115413064155724
0.16326978671579837,0.8367302132842016
0.058121875541253656,0.9418781244587464
0.05278054381017068,0.9472194561898293
0.14881726021633732,0.8511827397836627
0.05042887502521942,0.9495711249747805
0.20307064428830268,0.7969293557116973
0.15656834480117235,0.8434316551988276
0.0,1.0
0.0656793435396839,0.9343206564603164
0.3622093552828938,0.6377906447171062
0.18939187794868786,0.810608122051312
0.13379798103269758,0.8662020189673024
0.472393654238724,0.527606345761276
0.0,1.0
0.1800447210824746,0.8199552789175254
0.262462133730133,0.7375378662698671
0.05546425080038743,0.9445357491996126
0.09879660247924239,0.9012033975207575
0.42466053486155986,0.5753394651384401
0.01905200635432678,0.9809479936456733
0.1812898479274407,0.8187101520725593
0.34689313648585646,0.6531068635141435
0.18095443065259015,0.8190455693474098
0.0,1.0
0.21749364046510514,0.7825063595348949
5.551115123125783e-17,1.0
0.03207092298851566,0.9679290770114845
1.942890293094024e-16,0.9999999999999998
0.38618859312533604,0.613811406874664
0.01147573927937736,0.9885242607206227
0.2729097680573298,0.7270902319426701
0.11668853667613009,0.8833114633238699
0.1775538057449462,0.8224461942550539
0.1212799732686969,0.878720026731303
0.07851694161222109,0.921483058387779
0.1976804584464336,0.8023195415535663
0.2449122712081789,0.7550877287918212
0.2625704007996233,0.7374295992003768
0.4386230650382306,0.5613769349617693
0.19241806488437818,0.8075819351156219
0.5453519944874413,0.45464800551255874
0.027437035643131547,0.9725629643568684
0.1368077317459134,0.8631922682540866
0.10993245910742641,0.8900675408925737
0.029720193757220823,0.9702798062427793
0.4273482786914499,0.5726517213085501
0.0,1.0
0.24249833195905338,0.7575016680409468
6.938893903907228e-17,1.0
0.19099116555933388,0.8090088344406662
0.08847921349009343,0.9115207865099066
0.2516199473946703,0.7483800526053297
0.17714096006489033,0.8228590399351098
0.03546877152736834,0.9645312284726317
0.10745193259417242,0.8925480674058278
0.025334903516753722,0.9746650964832463
5.551115123125783e-17,1.0
0.0,1.0
0.09719059493246875,0.9028094050675312
0.19647513456912147,0.8035248654308786
0.3315120207647105,0.6684879792352895
0.0,1.0
0.30034493655384203,0.6996550634461579
0.16456919958555755,0.8354308004144424
0.16358545661174803,0.836414543388252
0.09470923723000617,0.9052907627699938
0.282605328828109,0.7173946711718909
0.14944360051707692,0.8505563994829232
0.340872709151376,0.6591272908486241
0.1555698971497072,0.8444301028502929
0.23122570258940606,0.7687742974105939
0.2417874617544059,0.7582125382455942
0.1945232965205388,0.8054767034794612
0.13006294576052618,0.8699370542394738
0.0044887822912547445,0.9955112177087452
0.0,1.0
0.0014581694755333551,0.9985418305244667
0.15390550908097972,0.8460944909190203
0.22278641008203423,0.7772135899179657
0.27795564961635405,0.722044350383646
0.14518901129294035,0.8548109887070595
0.28400700452592365,0.7159929954740764
0.16980016751181412,0.8301998324881859
0.05125923936735469,0.9487407606326453
0.0,1.0
0.01518583992771536,0.9848141600722847
0.17551765218683052,0.8244823478131694
0.1335523665160629,0.8664476334839372
0.0,1.0
0.16477322880234543,0.8352267711976545
0.0,1.0
0.0,1.0
5.551115123125783e-17,1.0
1.3877787807814457e-17,1.0
0.021301604476170567,0.9786983955238293
0.19828369440843296,0.801716305591567
0.11519992586632836,0.8848000741336716
0.11746450109393246,0.8825354989060675
0.0876957695773573,0.9123042304226427
9.71445146547012e-17,1.0
0.02831645258750298,0.9716835474124971
0.11870448406169369,0.8812955159383061
0.3371269730278264,0.6628730269721738
0.07767954327724998,0.92232045672275
0.11119914923136509,0.8888008507686349
0.2039846683571099,0.7960153316428902
0.0,1.0
0.051828423147940186,0.9481715768520599
0.14685637781716046,0.8531436221828396
0.42620047926413523,0.5737995207358648
0.19431789167113506,0.805682108328865
0.0,1.0
0.08467044099358227,0.9153295590064177
0.16365204935802546,0.8363479506419745
0.19867792322314265,0.8013220767768575
0.1613854044071762,0.8386145955928239
0.0,1.0
0.5389086574942975,0.4610913425057026
0.1382585044517907,0.8617414955482093
2.7755575615628914e-17,1.0
0.22131716703359872,0.7786828329664013
0.03663393845210768,0.9633660615478924
0.1662559940247304,0.8337440059752695
0.15606411160867326,0.8439358883913268
0.26881080301898147,0.7311891969810186
0.0,1.0
0.6280247924937857,0.37197520750621427
0.4094028322743568,0.590597167725643
0.16535012864434837,0.8346498713556517
0.0923329977590983,0.9076670022409016
0.09928485778165527,0.9007151422183447
0.1996720334005209,0.8003279665994792
0.12776625981508116,0.872233740184919
0.20090370598928334,0.7990962940107167
6.106226635438361e-16,0.9999999999999994
0.3627378734353547,0.6372621265646452
0.0,1.0
0.6256222038611572,0.3743777961388426
0.17646662750423933,0.8235333724957605
0.01142987013621708,0.9885701298637829
0.20822768625491592,0.7917723137450842
0.12739269690271482,0.8726073030972852
0.4538027083710494,0.5461972916289506
0.37061859241358963,0.6293814075864103
0.6428537887710173,0.35714621122898293
0.1069456195886341,0.8930543804113658
0.3090306735325468,0.6909693264674532
0.4399070693383448,0.5600929306616552
0.08269959136077519,0.9173004086392249
4.163336342344337e-16,0.9999999999999997
5.551115123125783e-16,0.9999999999999996
0.46433451959966193,0.5356654804003383
2.7755575615628914e-17,1.0
0.3025673040353043,0.6974326959646956
0.12717048030633754,0.8728295196936625
0.2934463939835375,0.7065536060164624
0.28183356717385644,0.7181664328261438
0.043265126367826194,0.9567348736321737
0.07946716352644598,0.920532836473554
0.05687575934497098,0.9431242406550291
0.23419240905710104,0.765807590942899
0.31261372451032704,0.6873862754896729
0.18976942882623135,0.8102305711737685
0.2333208036592927,0.7666791963407074
0.14461712350557565,0.8553828764944243
0.07513510317144569,0.9248648968285544
0.18670077113684228,0.8132992288631576
2.498001805406602e-16,0.9999999999999997
0.16791250262064436,0.8320874973793556
0.13916746983034534,0.8608325301696546
0.20514434457752048,0.7948556554224795
0.0,1.0
0.077698350455062,0.9223016495449381
0.22829428794347947,0.7717057120565205
0.0,1.0
0.2268021162129094,0.7731978837870906
0.08704394258604756,0.9129560574139525
0.03547182712769635,0.9645281728723037
0.20571758763064035,0.7942824123693597
0.09862225511608563,0.9013777448839144
0.06855521266685642,0.9314447873331435
0.18060299383599532,0.8193970061640048
1.4901161027314203e-08,0.999999985098839
0.05408896040329139,0.9459110395967085
0.12767314505611416,0.8723268549438858
0.09819092551822314,0.9018090744817769
6.938893903907228e-17,1.0
0.2682749133686621,0.7317250866313378
0.05503324522919317,0.9449667547708068
0.18436651069402377,0.8156334893059761
0.1359607287278024,0.8640392712721977
0.0,1.0
5.551115123125783e-17,0.9999999999999999
1.8041124150158794e-16,0.9999999999999999
0.1305624087903685,0.8694375912096314
0.07940957120418053,0.9205904287958193
0.2508789140407184,0.7491210859592815
0.10803860549020865,0.8919613945097914
0.35266229725747744,0.6473377027425226
0.43082178918033215,0.5691782108196677
0.28441433606332717,0.7155856639366729
8.326672684688674e-17,1.0
0.30841240929378344,0.6915875907062164
1.3877787807814457e-17,1.0
0.362397612074584,0.6376023879254165
2.7755575615628914e-17,1.0
0.20535513917883505,0.794644860821165
0.019736859947443286,0.9802631400525567
0.02165783917156107,0.978342160828439
0.0,1.0
0.08933129074786957,0.9106687092521305
0.36788467007677783,0.6321153299232222
0.2369804375580579,0.7630195624419421
2.0816681711721685e-16,0.9999999999999999
0.221945622188641,0.778054377811359
0.13301531065099367,0.8669846893490064
0.02889901084055283,0.9711009891594472
0.0,1.0
0.1514796758767532,0.8485203241232468
0.11196398808088344,0.8880360119191165
5.551115123125783e-17,0.9999999999999999
0.0,1.0
0.05727480656327623,0.9427251934367238
0.12236519291483189,0.8776348070851681
0.17587041448125001,0.82412958551875
0.055107956437226234,0.9448920435627737
0.2589471501833631,0.741052849816637
0.2956189587113992,0.7043810412886008
0.23375947872519226,0.7662405212748078
4.579669976578771e-16,0.9999999999999997
0.0,1.0
0.19060292888891125,0.8093970711110887
0.08788859302233215,0.9121114069776679
0.16066719517251674,0.8393328048274833
0.0,1.0
0.23487005365047683,0.7651299463495232
5.551115123125783e-17,1.0
0.14734079811994916,0.8526592018800511
0.0,1.0
0.049983334294162,0.950016665705838
0.15221718444070642,0.8477828155592936
0.21922517268529315,0.7807748273147068
0.155116777699513,0.8448832223004871
0.0,1.0
0.270351423682303,0.729648576317697
0.0029516028627379434,0.997048397137262
0.22673158278287878,0.7732684172171213
0.2477283496073181,0.7522716503926818
0.2806674185238461,0.7193325814761539
0.17688956684764603,0.8231104331523539
0.0,1.0
0.08300248439846761,0.9169975156015324
0.1021663699984885,0.8978336300015116
0.2134838050302357,0.7865161949697642
0.025906454665103055,0.974093545334897
0.07972374204784448,0.9202762579521556
0.16158189993694116,0.8384181000630587
0.14830899547668402,0.8516910045233159
0.1702333359464616,0.8297666640535384
0.391131827979734,0.6088681720202662
0.13684132320233747,0.8631586767976626
0.003842955970241118,0.9961570440297589
0.0,1.0
0.02322862582858879,0.9767713741714115
0.32173122258771597,0.678268777412284
0.155130971312531,0.844869028687469
0.10028836944815454,0.8997116305518454
0.12993997452082076,0.8700600254791792
0.03856686614254232,0.9614331337767511
0.06935311257134681,0.9306468874286532
0.0,1.0
0.10246710525993787,0.8975328947400621
0.027203230529789596,0.9727967694702104
0.006161154625609254,0.9938388453743907
0.3055788721799646,0.6944211278200354
0.0,1.0
0.10337759965366847,0.8966224003463314
0.3978426822459782,0.6021573177540219
2.498001805406602e-16,0.9999999999999998
0.10446808220103027,0.8955319177989697
0.1561937458817717,0.8438062541182283
0.02281792880101955,0.9771820711989804
0.2735505418147574,0.7264494581852426
6.938893903907228e-17,0.9999999999999999
0.0,1.0
0.17264817709835859,0.8273518229016413
0.16935899077238195,0.830641009227618
0.057123180450934605,0.9428768195490654
0.05262705763249874,0.9473729423675012
0.09675647534158302,0.9032435246584171
0.31314543068129835,0.6868545693187018
0.29957042246057575,0.7004295775394243
0.11579459330754559,0.8842054066924544
0.1949435347033601,0.8050564652966401
0.16732419656742872,0.8326758034325714
0.14314899346025453,0.8568510065397457
0.040796508897077935,0.9592034911029219
0.15067325740501086,0.8493267425949892
0.10412889541584931,0.8958711045841509
0.22631769375505834,0.7736823062449417
0.06871714346135589,0.9312828565386441
0.0,1.0
5.828670879282072e-16,0.9999999999999994
1.3877787807814457e-17,1.0
0.17579506705699205,0.8242049329430081
0.0,1.0
0.1072683718360489,0.8927316281639511
1.1102230246251565e-16,0.9999999999999999
0.018460744686048133,0.9815392553139519
0.06678267368069823,0.9332173263193018
0.0,1.0
0.08279306846774645,0.9172069315322536
0.11792756651699061,0.8820724334830092
0.0,1.0
0.4026381799217294,0.5973618200782707
0.04179020635893991,0.9582097936410602
0.15352902125306447,0.8464709787469354
0.18380583498502578,0.8161941650149743
3.3306690738754696e-16,0.9999999999999997
0.043763234588848815,0.9562367654111512
0.06003321850778071,0.9399667814922192
0.0,1.0
0.12687047591279288,0.8731295240872071
2.7755575615628914e-17,1.0
8.326672684688674e-17,1.0
0.18142486165168895,0.818575138348311
0.0,1.0
0.07539602363031898,0.9246039763696811
0.4988471096840183,0.5011528903159818
0.0,1.0
0.06978731790110246,0.9302126820988975
2.7755575615628914e-17,1.0
0.2241610914871657,0.7758389085128344
0.23308240201049726,0.7669175979895028
0.15722349132364605,0.8427765086763538
5.551115123125783e-17,1.0
0.1484272592246441,0.8515727407753559
0.0,1.0
0.29370814064675377,0.7062918593532463
0.42183831696422774,0.5781616830357723
0.2939927712348927,0.7060072287651074
0.13791061781723055,0.8620893821827694
0.27217714027354944,0.7278228597264507
0.23748043160053725,0.7625195683994627
0.13913015078474097,0.8608698492152591
0.4231665341353523,0.5768334658646477
0.09184179152048912,0.9081582084795109
0.3116891276377437,0.6883108723622562
0.02633406414788071,0.9736659358521192
0.2080370927759257,0.7919629072240743
0.4139905644264885,0.5860094355735116
0.0,1.0
0.0,1.0
0.1345737460060228,0.8654262539939771
5.551115123125783e-17,1.0
0.2127943515748786,0.7872056484251214
0.24533467756848634,0.7546653224315135
8.326672684688674e-17,1.0
0.2159306699266626,0.7840693300733375
0.1217685559419801,0.8782314440580199
0.1480813600004434,0.8519186399995566
0.23515874343183624,0.7648412565681638
0.43735087568080155,0.5626491243191984
0.2885113847289054,0.7114886152710944
0.13122772948227132,0.8687722705177287
0.09703905764982904,0.902960942350171
5.551115123125783e-17,1.0
0.2799114405875876,0.7200885594124125
0.13304644518012118,0.8669535548198788
5.551115123125783e-17,1.0
0.03257580985170214,0.9674241901482978
0.07549480041659397,0.924505199583406
0.13026109640678246,0.8697389035932175
0.2737929188369607,0.7262070811630394
1.942890293094024e-16,0.9999999999999998
0.38942233272800986,0.6105776672719903
0.14145100443602784,0.8585489955639721
0.1298334372383099,0.8701665627616901
0.16942525860815547,0.8305747413918446
0.10687497227940486,0.8931250277205951
0.031068526071770658,0.9689314739282293
0.4700930860144212,0.529906913985579
0.1686495068336319,0.8313504931663681
0.06717034093961155,0.9328296590603885
0.18616582877713064,0.8138341712228694
0.11247821505599209,0.8875217849440079
0.0,1.0
0.40835810302554115,0.5916418969744589
0.06443057459901536,0.9355694254009848
0.06433530370947643,0.9356646962905236
0.15756059082877497,0.8424394091712252
0.26921833374098186,0.7307816662590182
0.02415284141898144,0.9758471585810186
0.22983625665274993,0.7701637433472501
0.167237190871457,0.8327628091285432
0.11072431197833889,0.8892756880216611
0.0,1.0
0.0,1.0
0.0,0.9999999999999999
0.0,1.0
0.2930277360168168,0.7069722639831832
0.139296617402491,0.8607033825975089
0.15733512306261754,0.8426648769373823
0.0,1.0
0.04990180457334717,0.9500981954266529
0.0,1.0
0.24494059651033792,0.7550594034896619
0.30999727511763453,0.6900027248823655
0.08647182373142163,0.9135281762685785
0.0,1.0
0.14382235975077168,0.8561776402492283
0.38838888661454024,0.6116111133854598
0.049257903545069884,0.9507420964549301
0.08958801269558761,0.9104119873044124
0.17762691887367985,0.8223730811263201
0.18323151762443896,0.816768482375561
0.43001611709315446,0.5699838829068454
0.26582662534826007,0.7341733746517398
5.551115123125783e-17,1.0
0.0,1.0
0.06347867871461955,0.9365213212853805
0.09150094781060632,0.9084990521893938
0.060206150953866104,0.939793849046134
0.14627803351052418,0.8537219664894757
0.12066980076361183,0.8793301992363882
0.07081863740242864,0.9291813625975714
0.2711833161986333,0.7288166838013668
0.12122889262473524,0.8787711073752649
0.20571743528150166,0.7942825647184983
0.44953380230683865,0.5504661976931613
0.04333162173803561,0.9566683782619645
0.0,1.0
0.1633617268339784,0.8366382731660217
0.09471342051249101,0.9052865794875091
0.3031075847347918,0.6968924152652082
0.17207250015473982,0.8279274998452602
2.7755575615628914e-17,1.0
0.0,1.0
5.551115123125783e-17,1.0
0.15100460048848569,0.8489953995115145
0.0,1.0
0.13357442588316676,0.8664255741168331
0.023903536181861224,0.9760964638181386
0.16743576191802573,0.8325642380819741
0.027946401255334742,0.9720535987446652
0.0,1.0
5.551115123125783e-17,1.0
2.0816681711721685e-16,0.9999999999999998
0.14684109335439213,0.8531589066456079
0.20266366567064734,0.7973363343293526
0.04881391622286104,0.9511860837771389
0.539940118098797,0.460059881901203
0.24646770207912733,0.7535322979208727
0.17522825896308694,0.8247717410369131
0.0,1.0
0.5814222363034726,0.41857776369652744
0.062058428945926836,0.9379415710540732
0.0,1.0
0.08716692410544394,0.912833075894556
0.2539554883235268,0.7460445116764731
0.07549641632594115,0.9245035836740587
0.037902174310212366,0.9620978256897876
2.7755575615628914e-17,1.0
0.412660383433182,0.5873396165668179
0.008999708972063866,0.9910002910279363
0.069911177182989,0.9300888228170112
0.1378898647284125,0.8621101352715876
0.23410832412989305,0.7658916758701069
0.33573076568324417,0.6642692343167558
0.2108936500598747,0.7891063499401253
0.17931540995455061,0.8206845900454494
0.03077833466333898,0.9692216653366611
0.11098050741750111,0.8890194925824988
0.06755581799349941,0.9324441820065006
0.0,1.0
0.21679831149659984,0.7832016885034001
0.11997699443378103,0.8800230055662189
0.1980550332841321,0.8019449667158678
0.0017745229442147413,0.9982254770557853
0.09865090591649886,0.9013490940835013
0.07744154536620498,0.922558454633795
0.21676765150552887,0.7832323484944712
0.0,1.0
0.3930559669799905,0.6069440330200095
0.08040776825697583,0.9195922317430241
5.551115123125783e-17,1.0
0.13928357923662021,0.8607164207633798
0.1647639733631995,0.8352360266368005
0.19879185483720402,0.801208145162796
0.0,1.0
0.11369140642633219,0.8863085935736679
0.4527123448136391,0.5472876551863609
0.13148378432373084,0.8685162156762691
0.28423170069247444,0.7157682993075255
0.0004493360170449667,0.999550663982955
0.249741182967753,0.7502588170322471
0.3537468093213369,0.6462531906786632
0.07700978802480289,0.9229902119751972
0.1896755712522951,0.810324428747705
0.03644453975376855,0.9635554602462314
0.25459468664922186,0.7454053133507782
0.3052976842367885,0.6947023157632114
0.04107240981906628,0.9589275901809338
0.32567528580491023,0.6743247141950895
0.0024771606721025463,0.9975228393278975
1.1102230246251565e-16,0.9999999999999999
0.19099733488283552,0.8090026651171645
0.4392472909846004,0.5607527090153995
0.4171783202861362,0.5828216797138638
0.0,1.0
0.17802254382493196,0.821977456175068
0.08738282306010388,0.912617176939896
0.17643602621807847,0.8235639737819216
0.2128429208722545,0.7871570791277454
0.11700880576457537,0.8829911942354247
0.07462488275848404,0.925375117241516
0.131259035426772,0.868740964573228
0.10074387448517699,0.899256125514823
0.24121074107480975,0.7587892589251901
0.19529572553551147,0.8047042744644886
0.2817231426015496,0.7182768573984504
0.04307930309976129,0.9569206969002387
0.0,1.0
0.025682660837846243,0.9743173391621538
0.0,1.0
0.0,1.0
0.0,1.0
0.22262544112979882,0.7773745588702011
0.1745176583276747,0.8254823416723253
0.12648503939368674,0.8735149606063132
0.09607849637226902,0.9039215036277312
0.2751955167288673,0.7248044832711327
0.15345167141985247,0.8465483285801476
0.25212298462546273,0.7478770153745373
0.09657382930360894,0.9034261706963911
0.09380823634646393,0.9061917636535362
0.14713509058851792,0.8528649094114822
0.15547624372639315,0.8445237562736071
0.20150292101757908,0.798497078982421
0.45880066400345754,0.5411993359965425
0.254870252024961,0.745129747975039
0.36970940857068546,0.6302905914293144
0.13178070467107345,0.8682192953289265
0.16428867932369445,0.8357113206763056
0.021469681017379384,0.9785303189826207
0.49191494130542884,0.5080850586945712
0.21987586233905543,0.7801241376609444
0.24035949501362727,0.7596405049863727
0.13725953334880453,0.8627404666511955
4.440892098500626e-16,0.9999999999999997
0.1523548670903351,0.8476451329096649
0.11393024583479668,0.8860697541652034
0.0,1.0
0.0,1.0
0.1597536407818811,0.8402463592181191
0.40009460964113136,0.5999053903588687
0.3614878487256383,0.6385121512743617
0.025959276084561257,0.9740407239154388
0.029217383896291995,0.9707826161037081
0.04063429138769372,0.9593657086123063
0.03570172152664219,0.964298278473358
2.7755575615628914e-17,1.0
0.3357974399772581,0.6642025600227418
0.29302542053510655,0.7069745794648934
0.08601208358815854,0.9139879164118415
0.0,1.0
0.1032815531958051,0.8967184468041949
0.08171894156626464,0.9182810584337354
0.2715930218593691,0.7284069781406308
0.323838661076892,0.676161338923108
0.006496622849110976,0.993503377150889
0.3617689230991797,0.6382310769008203
0.11099595729484078,0.8890040427051592
3.0531133177191805e-16,0.9999999999999997
0.05819888168505822,0.9418011183149418
0.3021418091864874,0.6978581908135125
0.025743593951274252,0.9742564060487257
0.17691558780798874,0.8230844121920112
0.43333436857049457,0.5666656314295054
0.17445342476517975,0.8255465752348203
0.2222891229400231,0.777710877059977
0.05390417193687841,0.9460958280631215
0.0,0.9999999999999999
0.15679680270299656,0.8432031972970034
0.13972119826335586,0.8602788017366443
0.4186635580270888,0.5813364419729112
0.15590101867865738,0.8440989813213428
0.15281522412220827,0.8471847758777917
0.20462255159633333,0.7953774484036666
0.31010203111455786,0.6898979688854422
0.19870932442171085,0.8012906755782893
1.6653345369377348e-16,0.9999999999999999
1.1102230246251565e-16,1.0
0.20983547119749674,0.7901645288025032
0.27900958199311254,0.7209904180068876
0.33062301696848284,0.6693769830315172
0.2130190206337549,0.7869809793662452
0.33904978689209236,0.6609502131079077
0.04527020168574141,0.9547297983142586
0.17925038250715566,0.8207496174928443
0.06957518535270983,0.9304248146472902
0.0,1.0
0.07934012276237984,0.9206598772376204
0.1271714160382605,0.8728285839617395
1.1102230246251565e-16,0.9999999999999999
0.052311936260685137,0.9476880637393149
1.6653345369377348e-16,0.9999999999999999
0.3779329161571728,0.6220670838428272
0.24053761079688232,0.7594623892031177
0.11800907165839339,0.8819909283416068
0.02281141467516984,0.9771885853248301
0.06883534864363586,0.9311646513563641
0.05798754505927008,0.9420124549407299
0.0,1.0
0.3023447670999623,0.6976552329000378
0.22584500838399726,0.7741549916160027
0.1822147985321952,0.8177852014678048
1.942890293094024e-16,0.9999999999999998
2.7755575615628914e-17,1.0
0.0,1.0
0.08275776646987075,0.9172422335301292
0.10671751291970577,0.8932824870802942
0.027189865860447145,0.9728101341395529
0.39159759324804283,0.6084024067519572
0.0,1.0
0.09820508198226706,0.9017949180177328
0.23059150091091718,0.7694084990890827
0.08653758588832533,0.9134624141116747
0.14962916367388693,0.850370836326113
0.22894823453977534,0.7710517654602247
0.20389136781525705,0.796108632184743
0.11211014670544431,0.8878898532945557
2.7755575615628914e-17,1.0
0.028880146414656686,0.9711198535853434
0.22003416424128966,0.7799658357587103
0.1565859852223052,0.843414014777695
0.12828292053548895,0.8717170794645109
0.16670206256823725,0.8332979374317628
0.33098552340167914,0.6690144765983208
0.24671967740104345,0.7532803225989566
0.028329873607724668,0.9716701263922753
0.0750103269970023,0.9249896730029977
0.011574773330419948,0.98842522666958
0.17330448456355793,0.826695515436442
0.33100529723864264,0.6689947027613572
0.022486126540191574,0.9775138734598084
0.13009373757097126,0.8699062624290289
0.1775660894905556,0.8224339105094444
0.1897564867344546,0.8102435132655452
3.0531133177191805e-16,0.9999999999999998
0.10724883388586946,0.8927511661141305
0.13585049446746497,0.8641495055325349
0.32149570909462066,0.6785042909053794
0.10685252796607227,0.8931474720339276
0.12848382952183754,0.8715161704781623
0.3766884866807124,0.6233115133192876
0.05380912113483316,0.946190878865167
0.15411498550465658,0.8458850144953434
0.035135263259797544,0.9648647367402023
0.0,1.0
0.2772516164497555,0.7227483835502445
0.03323734213571136,0.9667626578642887
0.08816693435371256,0.9118330656462876
0.2640821203843023,0.7359178796156977
0.19019496921948234,0.8098050307805177
0.1711060895624023,0.8288939104375977
0.14019874194018847,0.8598012580598117
0.0,1.0
0.08574169445658363,0.9142583055434165
0.20826838039203965,0.7917316196079603
0.1202326586284062,0.8797673413715938
6.938893903907228e-18,0.9999999999999999
0.1859282983898746,0.8140717016101254
0.14571873640406077,0.854281263595939
0.025402633745324407,0.9745973662546755
0.25037852596484894,0.7496214740351511
0.008845140402425941,0.9911548595975742
0.5929645798901301,0.4070354201098699
0.08412317336882516,0.9158768266311749
0.06630902851699164,0.9336909714830084
0.10370950429392446,0.8962904957060756
0.13029195360309204,0.869708046396908
0.11466126051715358,0.8853387394828466
0.18614586261269225,0.8138541373873077
0.0380951772308313,0.9619048227691688
0.03059841929394451,0.9694015807060555
0.2550070577846249,0.7449929422153752
0.2549550381099296,0.7450449618900703
5.551115123125783e-17,1.0
0.23758714663405897,0.7624128533659411
0.22596828741381395,0.7740317125861861
0.061588049567454166,0.9384119504325459
0.06975794171261057,0.9302420582873895
0.13393790160398478,0.8660620983960153
0.0,1.0
1.3877787807814457e-17,1.0
0.24656452985210175,0.7534354701478982
0.16235184113068646,0.8376481588693138
0.19162396264697112,0.8083760373530289
0.15278536788853891,0.8472146321114611
0.15139619015612366,0.8486038098438764
0.16386239534159175,0.8361376046584081
0.38663201565039923,0.6133679843496007
0.2908276168761533,0.7091723831238468
5.551115123125783e-17,1.0
6.591949208711867e-17,1.0
0.018287510851177007,0.981712489148823
0.5178907530515044,0.4821092469484958
3.0531133177191805e-16,0.9999999999999998
0.11441143379735474,0.8855885662026453
0.24335239259977315,0.7566476074002269
0.14490230338013682,0.8550976966198632
0.09657818117804579,0.9034218188219543
0.06443698548782455,0.9355630145121754
0.033317416858029386,0.9666825831419706
0.18052976963193884,0.8194702303680611
1.942890293094024e-16,0.9999999999999998
0.0,1.0
0.16987751986042007,0.8301224801395799
0.0,1.0
0.0,1.0
8.326672684688674e-17,1.0
0.09921080663980567,0.9007891933601944
0.1130482621747061,0.8869517378252939
0.14658144023774783,0.8534185597622522
0.3219042860870409,0.6780957139129591
0.2534348229516796,0.7465651770483205
1.1102230246251565e-16,1.0
0.37339294785032956,0.6266070521496704
0.15725957563546616,0.8427404243645337
0.004487393478568517,0.9955126065214316
0.14428156093861735,0.8557184390613828
0.4974955823095618,0.5025044176904382
0.14818587492899502,0.851814125071005
8.326672684688674e-17,0.9999999999999999
0.0,1.0
0.3850955896180825,0.6149044103819177
0.4956116531455271,0.504388346854473
0.0,1.0
0.3528310318442373,0.6471689681557626
0.16038911101064457,0.8396108889893554
0.10431280741893986,0.8956871925810601
1.0061396160665481e-16,0.9999999999999999
0.1009360124211066,0.8990639875788935
0.13649261988249453,0.8635073801175054
0.11911201949358248,0.8808879805064176
0.005937143265691041,0.994062856734309
0.1379404917947817,0.8620595082052185
0.237947881808234,0.762052118191766
0.17949898017005905,0.820501019829941
5.551115123125783e-17,1.0
0.1784703452014838,0.8215296547985163
0.042787966692235675,0.9572120333077643
0.07762421810928687,0.9223757818907131
0.23406085460393683,0.7659391453960632
0.1853311536135224,0.8146688463864776
0.12434083516583887,0.8756591648341612
0.0,1.0
0.3770162328814442,0.6229837671185557
0.016258227031225366,0.9837417729687747
0.0,1.0
0.15202080223701267,0.8479791977629871
0.29786025763615104,0.702139742363849
0.26138722445459395,0.7386127755454059
0.22175374457905087,0.7782462554209492
0.13488916242045468,0.8651108375795454
0.0,1.0
0.35956398649918664,0.6404360135008133
0.46464558460501576,0.5353544153949842
0.1014295675086321,0.8985704324913678
0.3113507509833974,0.6886492490166026
0.22532632940011746,0.7746736705998827
0.02064286422763114,0.979357135772369
0.0352741782178638,0.9647258217821361
0.18426831850401806,0.8157316814959821
0.08914899640566534,0.9108510035943346
0.04778447751573115,0.9522155224842689
0.15450712522435994,0.84549287477564
0.07963454161340243,0.9203654583865974
0.17065734290980267,0.8293426570901974
0.22755352069046725,0.7724464793095327
0.19690898568439036,0.8030910143156097
0.200232648307646,0.7997673516923538
2.7755575615628914e-17,1.0
0.4389804279606734,0.5610195720393265
0.1812758064697671,0.818724193530233
0.2425195069295036,0.7574804930704963
0.284650673731767,0.715349326268233
0.47620111888124145,0.5237988811187586
0.26934044124549017,0.7306595587545097
0.0,1.0
0.3577931255863648,0.6422068744136351
0.022512883890020752,0.9774871161099792
0.0,1.0
0.1601097022577151,0.8398902977422849
0.21231762686687616,0.7876823731331238
0.17611953388890145,0.8238804661110986
0.1254783032172863,0.8745216967827137
0.014642115228694429,0.9853578847713056
0.24073248145080686,0.7592675185491932
0.5693879580209661,0.4306120419790339
0.3010849949992246,0.6989150050007754
2.7755575615628914e-17,1.0
0.29681447006405753,0.7031855299359426
0.17080536152630027,0.8291946384736997
0.5214432786505254,0.47855672134947463
0.18385739658788805,0.816142603412112
0.07574095746368979,0.9242590425363102
0.27823340636981453,0.7217665936301856
0.38463698816809505,0.6153630118319048
0.4194398208044888,0.5805601791955111
0.2885229877516292,0.7114770122483707
0.0,1.0
0.016811936410112787,0.9831880635898872
0.04314018859554607,0.9568598114044539
5.551115123125783e-17,1.0
0.21880608578211877,0.7811939142178812
0.0,1.0
0.30536698597713263,0.6946330140228674
0.0,1.0
0.08982627901327832,0.9101737209867217
0.3983145000263177,0.6016854999736821
0.07092991972346202,0.9290700802765379
5.273559366969494e-16,0.9999999999999994
0.16061237935582467,0.8393876206441753
0.1260123361149588,0.8739876638850411
0.07858894346987143,0.9214110565301286
0.08045676391673824,0.9195432360832618
0.4794951310080014,0.5205048689919988
0.44212186016296884,0.5578781398370313
0.08903218577674232,0.9109678142232577
0.5458348798927816,0.4541651201072184
0.3310030519596024,0.6689969480403974
0.2015447246307385,0.7984552753692615
0.0,1.0
0.033183649339017636,0.9668163506609824
0.0,1.0
0.05304841646204265,0.9469515835379574
0.0,1.0
0.2387735823746837,0.7612264176253164
0.16194612458875968,0.8380538754112402
0.5579204943407527,0.4420795056592473
0.14189553306474817,0.8581044669352519
0.13831595227329013,0.8616840477267098
0.18814149480351094,0.8118585051964892
0.47809680216748895,0.5219031978325112
1.6653345369377348e-16,1.0
0.30234753385618585,0.6976524661438143
0.24358033979822752,0.7564196602017725
0.07305179400974443,0.9269482059902556
0.11174334821243585,0.8882566517875642
0.21684554714177567,0.7831544528582244
0.1219524907669997,0.8780475092330003
0.0,1.0
0.057325564096513223,0.9426744359034869
0.07739351761897816,0.9226064823810218
0.010512680678198634,0.9894873193218013
0.20095279567520338,0.7990472043247966
0.08668298949402678,0.9133170105059731
0.30983372964846173,0.6901662703515382
5.551115123125783e-17,1.0
5.551115123125783e-17,1.0
0.22595013843154357,0.7740498615684566
0.1848793277381337,0.8151206722618664
0.3144906070370151,0.6855093929629849
0.08865622898137834,0.9113437710186216
0.0,1.0
6.938893903907228e-17,1.0
0.40563651980675547,0.5943634801932445
0.21269061274833573,0.7873093872516643
2.3592239273284576e-16,0.9999999999999999
0.18482203261292415,0.8151779673870759
0.06975770108084345,0.9302422989191566
0.12265244922311144,0.8773475507768888
0.02033961498470248,0.9796603850152975
0.11128849199154843,0.8887115080084517
0.2018478497222105,0.7981521502777895
0.5832457957030659,0.41675420429693427
0.3672875739672336,0.6327124260327663
5.551115123125783e-17,1.0
0.11233684658058035,0.8876631534194197
0.3187851054610283,0.6812148945389717
0.10265379661753285,0.8973462033824672
0.18503751563338355,0.8149624843666164
0.1338140980176492,0.8661859019823509
0.07084747233523253,0.9291525276647675
0.1668911260293127,0.8331088739706872
0.06452365494563136,0.9354763450543687
0.17715640416571718,0.8228435958342828
0.4551511686351798,0.5448488313648203
5.551115123125783e-17,1.0
0.002330303187045324,0.9976696968129547
0.32897080521787275,0.6710291947821271
0.2804455362522413,0.7195544637477588
0.0,1.0
5.412337245047638e-16,0.9999999999999994
0.13148646487236007,0.86851353512764
2.7755575615628914e-17,1.0
0.0,1.0
0.36330004807258126,0.6366999519274189
0.08633748551748734,0.9136625144825128
5.551115123125783e-17,1.0
0.1571934024840447,0.8428065975159553
0.48634658010363824,0.5136534198963616
0.17298758266070194,0.8270124173392982
0.11365213222413409,0.8863478677758658
0.27625655576814684,0.723743444231853
0.09554779900015482,0.9044522009998452
0.3324438521944808,0.6675561478055193
5.551115123125783e-17,1.0
0.0671362009560233,0.9328637990439766
2.7755575615628914e-16,0.9999999999999998
0.07167729446647905,0.9283227055335209
0.14450937438031367,0.8554906256196866
0.06698317317861524,0.9330168268213849
0.23955984590985432,0.7604401540901458
0.060307631278276874,0.9396923687217232
0.15311420668806244,0.8468857933119376
5.551115123125783e-17,1.0
0.14938136879678754,0.8506186312032126
0.2625488028303927,0.7374511971696074
0.22011031972895578,0.7798896802710442
0.37632914541243034,0.6236708545875697
0.05195771123593512,0.9480422887640648
0.030581493531611936,0.969418506468388
0.10086397536703869,0.8991360246329613
0.11127558389887264,0.8887244161011273
0.2544943393924352,0.7455056606075648
0.36876407978537595,0.631235920214624
0.00625962851335274,0.9937403714866473
0.0,1.0
0.30134753470806663,0.6986524652919335
0.3275575178957781,0.6724424821042219
0.3286429473665226,0.6713570526334774
0.022517231835245472,0.9774827681647545
2.7755575615628914e-17,1.0
0.0,1.0
0.16673661268281834,0.8332633873171819
0.29304836570688225,0.7069516342931178
0.2644972109336834,0.7355027890663166
0.17764346608922602,0.8223565339107739
0.09788405698264376,0.9021159430173561
0.0,1.0
1.1796119636642288e-16,1.0
4.145989107584569e-16,0.9999999999999996
0.07510534545897564,0.9248946545410244
0.2545230113459258,0.7454769886540741
0.0,1.0
0.09614963431804492,0.9038503656819551
0.0,1.0
0.35205979479338917,0.6479402052066109
0.2722090163618801,0.7277909836381198
0.26251752701703174,0.7374824729829682
0.4675684397437588,0.5324315602562414
0.019136605897885874,0.9808633941021141
0.08314545434751178,0.9168545456524881
0.11744378109113164,0.8825562189088685
0.07347783961281326,0.9265221603871868
0.2570283560554724,0.7429716439445275
0.17037108310577406,0.829628916894226
0.1473652795407477,0.8526347204592523
0.2584032242390165,0.7415967757609834
0.07159952340130708,0.9284004765986928
0.0,1.0
0.11240297085334292,0.8875970291466571
0.020693453447198126,0.9793065465528019
0.19012637421494094,0.8098736257850592
0.16437239934093778,0.8356276006590624
0.21221077808987882,0.7877892219101211
0.20288505172540586,0.7971149482745941
0.17707659094571299,0.822923409054287
0.1421664063617463,0.8578335936382537
0.1574603753712806,0.8425396246287193
0.15169582632988288,0.8483041736701171
0.015792456092967987,0.984207543907032
0.20603007824547995,0.7939699217545201
0.13430915030048926,0.8656908496995107
0.1147549968868827,0.8852450031131173
0.18948336200327734,0.8105166379967226
0.26946526117717795,0.7305347388228219
0.2024970094420339,0.7975029905579663
0.2680202924124804,0.7319797075875195
0.2231877810707951,0.776812218929205
0.025944024730148153,0.9740559752698519
0.44893167737250717,0.5510683226274927
0.10755910699314794,0.892440893006852
0.0,1.0
0.34492142173685864,0.6550785782631414
0.21159191446323092,0.7884080855367691
0.22329586710668006,0.7767041328933197
9.020562075079397e-17,0.9999999999999999
0.1630856320787451,0.836914367921255
0.07378501693201993,0.92621498306798
2.220446049250313e-16,0.9999999999999998
0.15443139281503437,0.8455686071849656
0.0,1.0
1.0755285551056204e-16,1.0
0.13364202097103065,0.8663579790289695
0.30605782617762206,0.693942173822378
0.0,1.0
0.18122728304127017,0.8187727169587299
0.06797995708443885,0.9320200429155612
0.039277602635706066,0.960722397364294
0.13507505481633394,0.864924945183666
5.551115123125783e-17,1.0
2.3592239273284576e-16,0.9999999999999999
0.21072609026154557,0.7892739097384543
1.6653345369377348e-16,0.9999999999999998
0.33247505513261616,0.6675249448673838
0.0,1.0
0.07627646176324637,0.9237235382367537
0.07180845663991099,0.9281915433600889
0.0553835464902415,0.9446164535097585
0.4099918922622574,0.5900081077377426
0.11725600077132645,0.8827439992286735
2.7755575615628914e-17,1.0
0.05317239344883595,0.946827606551164
0.16379031054443163,0.8362096894555685
0.10356275956701003,0.8964372404329899
0.24646879376595365,0.7535312062340462
0.3114774312823131,0.688522568717687
0.30595293788021766,0.6940470621197823
0.20179077279300678,0.7982092272069933
0.021040510212526297,0.9789594897874738
0.20573262554406593,0.7942673744559341
0.0,1.0
0.11738628412563529,0.8826137158743647
0.5418790191066665,0.4581209808933335
0.06074503036962334,0.9392549696303767
0.14105886903351864,0.8589411309664815
0.147811125191683,0.8521888748083168
3.8163916471489756e-17,1.0
0.23878579671171962,0.7612142032882803
0.0,1.0
0.22387611202440474,0.7761238879755952
0.15443850104497434,0.8455614989550256
0.13013434570196508,0.869865654298035
0.13012315031601682,0.8698768496839833
8.326672684688674e-17,0.9999999999999999
1.1102230246251565e-16,0.9999999999999999
0.10051406415336145,0.8994859358466386
0.3813941225352651,0.6186058774647348
0.24053861200834076,0.7594613879916593
5.551115123125783e-17,1.0
0.06159829566895608,0.938401704331044
0.2758343785029616,0.7241656214970386
0.14496053659090685,0.8550394634090933
0.14164276667997835,0.8583572333200217
0.09724316548286858,0.9027568345171314
0.008479942492625861,0.9915200575073742
0.10211364373899127,0.8978863562610089
0.0,1.0
5.551115123125783e-17,0.9999999999999999
5.551115123125783e-17,1.0
0.1512688844729129,0.8487311155270871
1.942890293094024e-16,0.9999999999999999
0.11851033723533869,0.8814896627646613
0.26502874432286316,0.7349712556771367
0.12452751395236329,0.8754724860476367
0.10688577036958864,0.8931142296304114
0.2433839928645177,0.7566160071354824
0.16920641194204258,0.8307935880579573
0.12832534677079982,0.8716746532292002
0.19405153098523087,0.8059484690147694
0.3098070500005682,0.6901929499994318
0.0732669142962594,0.9267330857037408
0.2769746936207713,0.7230253063792287
0.0,1.0
0.06138175178430483,0.938618247996971
0.2629596769933272,0.7370403230066728
0.1632781914247177,0.8367218085752822
0.205365691738207,0.7946343082617929
0.20816684067965183,0.7918331593203485
0.0,1.0
0.09961235996020933,0.9003876400397907
0.17718136144832763,0.8228186385516724
0.07751431931761181,0.9224856806823882
0.015926521390349828,0.9840734786096501
0.5,0.5
0.19811116708444035,0.8018888329155597
0.004646508625037384,0.9953534913749628
0.22556474673665508,0.7744352532633448
0.0,1.0
0.0869909565461428,0.9130090434538572
0.0,1.0
0.03591183162660808,0.964088168373392
0.09529041025552897,0.904709589744471
0.28058966766741733,0.7194103323325827
0.2251653362607345,0.7748346637392656
0.2568907266938381,0.7431092733061619
3.885780586188048e-16,0.9999999999999998
0.051199850445126614,0.9488001495548734
0.14488878295312735,0.8551112170468725
0.3543538400150069,0.6456461599849932
0.0,1.0
0.23532842269812568,0.7646715773018743
0.0,0.9999999999999999
0.0,1.0
5.551115123125783e-17,1.0
0.280936345680523,0.7190636543194769
0.11351108223415039,0.8864889177658496
0.02919194922374398,0.9708080507762561
0.21019000999388354,0.7898099900061165
0.04280504260348884,0.9571949573965112
2.220446049250313e-16,0.9999999999999998
0.12804070643885132,0.8719592935611487
0.06475578870016378,0.9352442112998363
0.32725403512441,0.6727459648755901
0.27173306111144757,0.7282669388885524
0.04472088843007442,0.9552791115699256
0.29479294702294334,0.7052070529770567
0.06447691498439186,0.9355230850156082
1.6653345369377348e-16,0.9999999999999999
0.14099111099772765,0.8590088890022722
0.06170862442080255,0.9382913755791974
0.13625867978493025,0.8637413202150698
0.17187442781008747,0.8281255721899125
0.26060644831160096,0.739393551688399
0.1873151221956937,0.8126848778043063
0.0,1.0
0.22613452380025023,0.7738654761997499
0.19986093713583028,0.8001390628641697
0.11167543335743259,0.8883245666425672
3.608224830031759e-16,0.9999999999999996
2.7755575615628914e-17,1.0
0.07691261242001528,0.9230873875799848
0.2080303779450357,0.7919696220549642
0.12829508942453946,0.8717049105754605
0.09122065482722291,0.908779345172777
0.12977900878885054,0.8702209912111495
0.0,1.0
0.0018043827758862391,0.9981956172241139
0.10854155409428684,0.8914584459057133
0.051106663354306615,0.9488933366456933
0.3363650420444209,0.6636349579555791
0.23735313321923182,0.7626468667807681
0.0,1.0
0.3803504691846625,0.6196495308153376
0.398777381476156,0.6012226185238442
0.043763037104475884,0.9562369628955242
0.14172903235007997,0.8582709676499202
0.13580948311647192,0.864190516883528
0.43150375912353467,0.5684962408764653
0.0,1.0
4.85722573273506e-17,1.0
0.05906861773251876,0.9409313822674812
0.07857197263771346,0.9214280273622866
0.06406416491458568,0.9359358350854143
0.08283007555952722,0.9171699244404727
0.16171444537837276,0.8382855546216272
0.08970891586694575,0.9102910841330542
0.07666945262018128,0.9233305473798187
0.15506780761399114,0.8449321923860089
0.112094062294075,0.8879059377059251
0.0,1.0
0.05722080627699989,0.9427791937230001
0.082203220448964,0.9177967795510362
0.23115172607766468,0.7688482739223353
0.2549435098366018,0.7450564901633983
0.14659888365350268,0.8534011163464973
0.0,1.0
0.0,1.0
0.05022030096045511,0.9497796990395451
0.1578423264547046,0.8421576735452954
0.2806603065154901,0.7193396934845098
2.7755575615628914e-17,1.0
0.12901861397029984,0.8709813860297002
0.141927030145161,0.8580729698548389
0.14623392575132704,0.8537660742486732
0.24045117814636705,0.7595488218536329
1.5265566588595902e-16,0.9999999999999998
0.047154511785260186,0.9528454882147397
0.07207174248048873,0.9279282575195114
0.09290294427281225,0.9070970557271878
0.2172765924733807,0.7827234075266193
0.4911825265146993,0.5088174734853007
1.1796119636642288e-16,1.0
0.4508925409667607,0.5491074590332394
0.10949047359932067,0.8905095264006793
0.30649770678715266,0.6935022932128475
0.0,1.0
5.551115123125783e-17,1.0
0.15575292740742108,0.844247072592579
0.03706609217881502,0.9629339078211849
0.0,1.0
0.10471775358561512,0.8952822464143849
0.06295724841950523,0.9370427515804949
0.1606526256288854,0.8393473743711146
0.03929314610770321,0.9607068538922969
0.08992615382175193,0.9100738461782482
0.3673692707144656,0.6326307292855343
0.050322353438678184,0.9496776465613219
0.22107668784788034,0.7789233121521196
0.05340541999030626,0.9465945800096938
0.01851044145105701,0.9814895585489429
0.39767774709219983,0.6023222529078002
0.20189432392954426,0.7981056760704557
0.0,1.0
0.0,1.0
8.326672684688674e-17,0.9999999999999999
0.11907231984232966,0.8809276801576703
0.025763658896016558,0.9742363411039833
2.0491421059976034e-17,1.0
0.10262850196362434,0.8973714980363756
0.24857918629049264,0.7514208137095075
0.032689752700629925,0.9673102472993701
0.13594049409092127,0.8640595059090788
0.22164350601421787,0.7783564939857821
0.0,1.0
0.24868939562997577,0.7513106043700243
0.13801751711951976,0.8619824828804802
0.3806010606322608,0.6193989393677392
0.1552874077284954,0.8447125922715045
0.15266117623909145,0.8473388237609085
0.04555747039470574,0.9544425296052943
5.551115123125783e-17,1.0
0.1493667113317779,0.8506332886682222
0.024512295091188813,0.9754877049088112
0.169752416926163,0.8302475830738371
0.14679397507508932,0.8532060249249108
0.0,1.0
0.0,1.0
1.1102230246251565e-16,1.0
0.06933520582073721,0.930664794179263
0.13675568877931604,0.863244311220684
0.2698828114488985,0.7301171885511016
0.3100883340947043,0.6899116659052958
1.1102230246251565e-16,0.9999999999999998
0.29138443536057673,0.7086155646394234
2.7755575615628914e-16,0.9999999999999998
0.044597996013121526,0.9554020039868786
1.1102230246251565e-16,1.0
0.21447062378573056,0.7855293762142695
0.0,1.0
0.05199881113057794,0.9480011888694221
0.0,1.0
0.002858368365840497,0.9971416316341595
0.02348419916727827,0.9765158008327218
0.09633922839094672,0.9036607716090533
0.12513436759334576,0.8748656324066543
0.24210550553397903,0.757894494466021
0.2958224417704051,0.7041775582295949
0.1482501474682416,0.8517498525317582
0.21499688996963737,0.7850031100303626
0.04612536712682008,0.95387463287318
0.31670061917931325,0.6832993808206869
0.1475934586797642,0.852406541320236
0.0,1.0
0.13007833054134835,0.8699216694586517
0.2046515989976578,0.7953484010023422
0.24813539278360164,0.7518646072163984
4.996003610813204e-16,0.9999999999999994
0.05337284810335181,0.9466271518966481
0.06182645369711416,0.938173546302886
0.10240128727488976,0.8975987127251102
0.3063900289985427,0.6936099710014574
5.551115123125783e-17,0.9999999999999999
0.20097930939273412,0.7990206906072659
0.15307757878732206,0.8469224212126778
0.19255543237488856,0.8074445676251113
0.25750407315824686,0.7424959268417531
5.551115123125783e-17,1.0
0.023216005197724456,0.9767839948022755
0.08461793807887269,0.9153820619211273
0.026341644391481938,0.9736583556085182
0.44877164842591,0.5512283515740899
0.0,1.0
0.20345165874003712,0.796548341259963
0.2518424634531537,0.7481575365468462
0.5820237058611909,0.41797629413880905
0.04573990983788531,0.9542600901621147
0.3272879236628149,0.6727120763371851
0.1881678650728586,0.8118321349271413
0.22590077982439025,0.7740992201756097
0.09815200747309318,0.901847992526907
0.0734640813736857,0.9265359186263145
0.18904826662714597,0.810951733372854
0.0,1.0
0.06408534219610956,0.9359146578038904
0.10182966735001822,0.898170332649982
5.551115123125783e-17,1.0
0.28672335202118826,0.7132766479788117
0.077773508370084,0.922226491629916
0.011780036643109662,0.9882199633568903
0.08865877489411415,0.9113412251058859
0.15924969549232829,0.8407503045076717
0.0,1.0
0.1572913239621098,0.8427086760378902
0.2600087627594902,0.7399912372405099
0.15451493598551572,0.8454850640144844
0.14658500985826933,0.8534149901417307
0.3517207403488087,0.6482792596511913
0.16194537985103108,0.838054620148969
0.18802109223308033,0.8119789077669196
1.1102230246251565e-16,0.9999999999999998
2.7755575615628914e-16,0.9999999999999997
0.16160171096849743,0.8383982890315028
0.07798857325342905,0.9220114267465709
0.21641939052956355,0.7835806094704363
0.30070598380695557,0.6992940161930444
0.07741240863388113,0.9225875913661189
0.16680464464230438,0.8331953553576955
0.03710942464439958,0.9628905753556004
0.12438269022268775,0.8756173097773123
0.16737720721655158,0.8326227927834484
0.07815172464316016,0.9218482753568399
1.3877787807814457e-16,0.9999999999999999
0.0,1.0
0.07066616425224521,0.9293338357477547
0.26745793784745786,0.7325420621525421
0.22882591301172925,0.7711740869882707
0.48797536231819083,0.5120246376818093
0.16935750118314594,0.8306424988168539
0.12262737146656282,0.8773726285334372
0.12839518652811419,0.8716048134718859
0.12911720148661737,0.8708827985133827
0.09696534393389697,0.903034656066103
0.11391097820295577,0.8860890217970442
0.154558454801777,0.845441545198223
0.3700117513370191,0.629988248662981
0.0,1.0
0.0,1.0
5.551115123125783e-17,1.0
1.6653345369377348e-16,0.9999999999999999
0.07166800223047427,0.9283319977695257
0.059739119763056174,0.940260880236944
0.09070820057851535,0.9092917994214846
5.551115123125783e-17,1.0
0.005242389968976918,0.994757610031023
0.22713773104354315,0.7728622689564568
0.09243576647805853,0.9075642335219416
0.22051029545346632,0.7794897045465337
0.0,1.0
0.27278815236733256,0.7272118476326677
5.551115123125783e-17,1.0
0.0,1.0
0.5153619977077146,0.4846380022922854
0.32704554162420385,0.6729544583757963
0.17548355767181525,0.8245164423281849
0.03603929445750432,0.9639607055424957
0.0,1.0
0.4379037634496029,0.5620962365503971
0.24620157270215734,0.7537984272978426
0.32588996532910325,0.6741100346708968
0.49497963093224934,0.5050203690677507
0.144030367513695,0.8559696324863046
0.5377246751701039,0.4622753248298962
0.07351152617763976,0.9264884738223603
2.220446049250313e-16,0.9999999999999999
0.11163722293538544,0.8883627770646144
0.05533062073562728,0.9446693792643729
0.0,1.0
0.00043914376906185366,0.9995608562309382
5.898059818321144e-16,0.9999999999999994
0.237717216709715,0.7622827832902852
0.13919374859937259,0.8608062514006274
0.20332815031016926,0.7966718496898307
0.32186326923687414,0.6781367307631259
0.03396156907440025,0.9660384309255998
2.7755575615628914e-17,1.0
0.0,1.0
0.08269141451988203,0.917308585480118
0.2754030653523778,0.7245969346476223
0.03171972961018367,0.9682802703898165
0.38124890685034857,0.6187510931496515
0.09041257015573823,0.9095874298442618
0.2532703235821592,0.7467296764178408
1.2836953722228372e-16,0.9999999999999999
0.0,1.0
0.0,1.0
0.13066665752829718,0.8693333424717028
0.04638168068469122,0.9536183193153088
0.07929272389816813,0.9207072761018319
0.002114764450898403,0.9978852355491017
0.1495054821315714,0.8504945178684286
0.0320077709724402,0.9679922290275597
5.898059818321144e-17,1.0
0.33902225596211116,0.6609777440378889
0.15145751263011553,0.8485424873698845
0.0,1.0
0.16609800356271345,0.8339019964372866
2.7755575615628914e-17,1.0
0.10102632799565645,0.8989736720043436
1.1102230246251565e-16,0.9999999999999999
0.0,1.0
0.11320621612300835,0.8867937838769916
0.2760273650352921,0.7239726349647079
0.28167298550469444,0.7183270144953056
0.2523442335689174,0.7476557664310828
0.12080635625687414,0.8791936437431259
0.29286377911510764,0.7071362208848925
0.04075398734223628,0.9592460126577637
8.326672684688674e-17,1.0
0.20990179567210993,0.7900982043278902
0.16329763975646266,0.8367023602435374
0.02685905843614544,0.9731409415638547
0.1385506052850603,0.8614493947149395
0.0,1.0
0.30029566910215794,0.699704330897842
0.0,1.0
2.220446049250313e-16,0.9999999999999998
0.5404370956599037,0.4595629043400963
0.0667748168090207,0.9332251831909792
0.25653608256170296,0.743463917438297
0.17482246318342165,0.8251775368165783
0.23154904303975904,0.768450956960241
0.11816167284342695,0.8818383271565731
0.03840601235849826,0.9615939876415018
0.21128784515875337,0.7887121548412469
0.2565925270649186,0.7434074729350815
0.08537848096662815,0.9146215190333717
0.3119395316228199,0.6880604683771802
0.012774899896156051,0.987225100103844
0.0,1.0
0.08645719242287914,0.9135428075771208
0.0754782726616605,0.9245217273383396
0.2296795181254952,0.7703204818745046
0.0,1.0
5.551115123125783e-17,1.0
0.035186673449158115,0.964813326550842
0.09725162791011234,0.9027483720898877
0.09028355583403906,0.9097164441659609
0.26562408151495687,0.7343759184850432
0.07512058921256136,0.9248794107874387
0.0,1.0
0.11298545651968937,0.8870145434803107
0.2704680524566575,0.7295319475433426
0.14003870979007305,0.859961290209927
0.43189457705083006,0.5681054229491699
0.6193270704745076,0.38067292952549237
0.2728569402861943,0.7271430597138057
0.15586404137995324,0.8441359586200468
0.2612087663415511,0.7387912336584488
0.33512153104042325,0.6648784689595769
1.6653345369377348e-16,1.0
0.1708157868002255,0.8291842131997745
0.05371019443715676,0.9462898055628434
0.14061656925901292,0.8593834307409871
0.286077286645045,0.7139227133549552
0.06441418141028461,0.9355858185897155
0.20549079726423494,0.7945092027357651
0.0,1.0
0.06302113627039165,0.9369788637296084
1.942890293094024e-16,0.9999999999999999
5.551115123125783e-17,1.0
0.2131606197371086,0.7868393802628914
0.24108509793131666,0.7589149020686834
0.23031809358094335,0.7696819064190565
0.03008936497516748,0.9699106350248325
0.4766345126977458,0.5233654873022543
0.214791709865094,0.785208290134906
0.13895770602451368,0.8610422939754865
0.1615992871629485,0.8384007128370514
0.49092985435104397,0.509070145648956
0.10245864919678321,0.8975413508032167
6.106226635438361e-16,0.9999999999999993
0.2269936164813302,0.7730063835186698
0.0,1.0
0.0810168016201775,0.9189831983798226
5.551115123125783e-17,0.9999999999999999
0.1673022975409122,0.8326977024590878
0.22000863178591182,0.7799913682140882
0.13080386365169627,0.8691961363483038
0.19524909848492192,0.804750901515078
0.23855501286855546,0.7614449871314447
0.0,1.0
0.19921740408613792,0.8007825959138621
0.13136517797139305,0.868634822028607
0.20284558115419643,0.7971544188458036
0.10689841410299773,0.8931015858970023
0.5011265324428678,0.49887346755713224
0.02381270003106086,0.976187299968939
0.05730509371313028,0.9426949062868698
0.42269666830722274,0.5773033316927773
0.20326491262540472,0.7967350873745953
1.1102230246251565e-16,0.9999999999999999
0.38907558527016867,0.6109244147298314
0.1129319156772751,0.8870680843227249
3.885780586188048e-16,0.9999999999999996
0.23113225565505793,0.768867744344942
0.339082854417294,0.6609171455827059
0.3614411545619709,0.6385588454380291
0.15048333478481715,0.8495166652151829
0.40420678677527927,0.5957932132247208
0.3480017425815803,0.6519982574184197
0.07528065505153823,0.9247193449484616
0.25531126739362014,0.74468873260638
0.20293057723410185,0.7970694227658981
0.02932425169071581,0.9706757483092842
0.16915475176846612,0.830845248231534
0.03810504683528947,0.9618949531647104
0.5145052479713529,0.485494752028647
1.1102230246251565e-16,0.9999999999999999
0.0,1.0
0.02967138727976385,0.9703286127202362
0.057450795180401366,0.9425492048195988
0.1015169812252728,0.8984830187747271
0.1947689555780282,0.8052310444219719
0.23228431709211933,0.7677156829078807
0.013357924936047037,0.9866420750639529
0.25738333463091656,0.7426166653690834
0.008484722713931258,0.9915152772860686
0.019042545820015067,0.9809574541799849
0.06572167816813505,0.9342783218318649
0.0,1.0
5.551115123125783e-17,1.0
0.11121591142206898,0.888784088577931
0.13588324309437602,0.864116756905624
0.10652615299733097,0.893473847002669
0.28317896574456536,0.7168210342554345
0.19399379497484845,0.8060062050251515
0.0430443131524498,0.9569556868475503
2.7755575615628914e-17,1.0
0.21303046096900388,0.7869695390309961
0.30251387839618854,0.6974861216038115
0.263361140086584,0.736638859913416
1.1102230246251565e-16,1.0
0.0837760192652798,0.9162239807347203
0.031550997660475005,0.9684490023395249
0.22447366330523555,0.7755263366947645
0.17589258733831384,0.8241074126616861
0.13796200836626885,0.8620379916337312
0.2973054267827765,0.7026945732172235
0.13252027049867843,0.8674797295013218
0.226557812240768,0.7734421877592319
0.2213098347028998,0.7786901652971001
0.082532971124761,0.9174670288752389
0.1077896117761873,0.8922103882238127
0.0,1.0
0.17944574592705365,0.8205542540729464
0.170761830678406,0.829238169321594
0.08857037876989861,0.9114296212301014
0.0,1.0
0.09753272354625561,0.9024672764537445
0.34645827346841057,0.6535417265315894
1.249000902703301e-16,1.0
0.13371236850463664,0.8662876314953635
0.29106819213251695,0.7089318078674831
0.0,1.0
1.6653345369377348e-16,0.9999999999999999
0.20514712100926868,0.7948528789907313
0.1021192700701639,0.8978807299298363
0.1906460856906872,0.8093539143093128
2.7755575615628914e-17,1.0
0.21537089730270445,0.7846291026972956
0.13707451428668896,0.862925485713311
8.326672684688674e-17,1.0
0.1612606306197931,0.8387393693802069
0.2612509455967221,0.738749054403278
0.13488930332465016,0.8651106966753498
0.0812525341014463,0.9187474658985537
0.0,1.0
0.12453537845194906,0.8754646215480509
0.19280649691645457,0.8071935030835455
0.0,1.0
1.3877787807814457e-17,1.0
0.05842444782587098,0.941575552174129
0.0211853400388957,0.9788146599611044
0.017626531623752245,0.982373468376248
0.20629450257780174,0.7937054974221983
0.04472582667063158,0.9552741733293685
0.20424685090166123,0.7957531490983388
0.0,1.0
0.15038878689235818,0.8496112131076418
0.050997537596276246,0.9490024624037238
0.0,1.0
0.20933826633808503,0.790661733661915
0.19494400491076438,0.8050559950892358
0.28774736826908665,0.7122526317309132
0.10946761330010303,0.890532386699897
0.3810044481102708,0.6189955518897291
0.3429003520882692,0.6570996479117308
0.3429680955299419,0.6570319044700581
0.03373723536900598,0.966262764630994
0.30739727547352624,0.6926027245264738
1.3877787807814457e-17,1.0
0.02151998912807177,0.9784800108719282
0.15827873036206627,0.8417212696379337
0.07901906340808713,0.9209809365919127
0.04559770436216885,0.9544022956378312
0.12331328399575732,0.8766867160042429
0.3743356376507029,0.6256643623492972
0.20583203660550775,0.7941679633944924
0.0,1.0
0.004189050091495352,0.9958109499085047
0.15321648626465456,0.8467835137353455
0.26902160783834556,0.7309783921616544
0.30737761735367347,0.6926223826463266
1.1102230246251565e-16,1.0
0.00465915425802701,0.9953408457419731
0.17052454119094307,0.8294754588090569
0.0,1.0
0.0,1.0
0.029305458755608825,0.9706945412443911
0.0,1.0
0.12020186726001139,0.8797981327399886
0.1397494011907822,0.8602505988092178
0.0,1.0
0.11333089796487349,0.8866691020351265
0.012352016646160544,0.9876479833538394
0.0,1.0
0.0,1.0
0.14953636814503388,0.850463631854966
0.21069973909240636,0.7893002609075935
0.18025143955502018,0.81974856044498
0.09470250972987979,0.90529749027012
0.05535452156353254,0.9446454784364674
0.19080196293579527,0.8091980370642048
0.13842174968789753,0.8615782503121024
0.21497315102166037,0.7850268489783396
0.109081439865756,0.8909185601342441
0.22496253045251388,0.7750374695474861
5.273559366969494e-16,0.9999999999999996
0.0,1.0
0.13627840781530054,0.8637215921846995
0.31517595550458355,0.6848240444954165
0.1193687635923157,0.8806312364076844
0.10478826569457732,0.8952117343054227
0.05625656682166409,0.943743433178336
0.0798655029475037,0.9201344970524964
0.07746541990304633,0.9225345800969538
0.3031012033706627,0.6968987966293373
0.09449286250626807,0.9055071374937319
0.20986837972449565,0.7901316202755043
0.0,1.0
0.040518958270736004,0.9594810417292641
0.23689780697377164,0.7631021930262282
0.03828943421818457,0.9617105657818155
0.11646318588715125,0.8835368141128487
0.06599031612794073,0.9340096838720593
0.0,1.0
0.15410671472201723,0.8458932852779827
0.08524830665936768,0.9147516933406322
5.551115123125783e-17,1.0
0.050119503167797064,0.949880496832203
0.4228407333204259,0.5771592666795741
0.443048454602498,0.5569515453975019
0.0,1.0
0.06266948313513952,0.9373305168648606
4.85722573273506e-17,1.0
0.06678479089722873,0.9332152091027712
0.37973507030831555,0.6202649296916845
0.09865953568333212,0.9013404643166678
8.326672684688674e-17,0.9999999999999999
0.0,1.0
0.17066201615353194,0.829337983846468
0.43649242111770425,0.5635075788822956
1.1796119636642288e-16,0.9999999999999998
0.13965772220571224,0.8603422777942878
0.08091975580006894,0.9190802441999311
0.31380235979020465,0.6861976402097953
6.800116025829084e-16,0.9999999999999993
0.250697588666678,0.749302411333322
0.044580400407215934,0.9554195995927841
0.06920748581891917,0.9307925141810809
0.3988081497487969,0.6011918502512031
0.19397759057016017,0.8060224094298397
0.08847612450295386,0.9115238754970462
5.828670879282072e-16,0.9999999999999996
0.14281998265375836,0.8571800173462416
0.10870004821102949,0.8912999517889705
0.48989757265073486,0.5101024273492649
0.23867202810924457,0.7613279718907554
0.0385293564503944,0.9614706435496058
0.21711077995378528,0.7828892200462148
0.0802409826863044,0.9197590173136956
0.07983255491428756,0.9201674450857125
1.6653345369377348e-16,1.0
0.2675267908711508,0.7324732091288492
0.33732374424380157,0.6626762557561985
2.7755575615628914e-17,1.0
0.19715268364964428,0.8028473163503559
0.08158593650986515,0.9184140634901349
0.1822091205818699,0.81779087941813
3.885780586188048e-16,0.9999999999999996
0.23994446147688986,0.7600555385231103
0.08152907392227915,0.9184709260777209
0.0884870446524111,0.911512955347589
0.3681598206805855,0.6318401793194146
0.32823088535670364,0.6717691146432965
0.16910468471122717,0.8308953152887729
0.12623199721957476,0.8737680027804252
0.16308757950706945,0.8369124204929306
0.054859854918831844,0.9451401450811681
0.1980343856813362,0.8019656143186639
2.7755575615628914e-17,1.0
0.6771237070507707,0.32287629294922937
1.3877787807814457e-16,0.9999999999999998
0.17335461163017454,0.8266453883698254
0.03247353189630904,0.9675264681036909
0.29300530606592307,0.7069946939340771
2.2551405187698492e-17,0.9999999999999999
5.551115123125783e-17,1.0
0.13596204419842567,0.8640379558015744
0.00493920595813883,0.9950607940418612
0.0008377746975121088,0.9991622253024879
0.10633135201154349,0.8936686479884565
0.44782639332022023,0.5521736066797799
0.1065465853032491,0.8934534146967509
0.23225766244046625,0.7677423375595339
0.35778237328625406,0.6422176267137458
0.2894004181166956,0.7105995818833044
2.220446049250313e-16,0.9999999999999998
0.17059378080417528,0.829406219195825
4.163336342344337e-17,1.0
0.1039909916058716,0.8960090083941283
0.08147825735523584,0.9185217426447643
0.07407674460654062,0.9259232553934593
1.1102230246251565e-16,0.9999999999999999
0.2804908385704745,0.7195091614295255
0.2676914207483144,0.7323085792516856
0.21774452858331542,0.7822554714166844
0.05759046139408193,0.9424095386059181
0.0,1.0
0.0,1.0
0.03161705761840105,0.968382942381599
0.0,1.0
0.12644706196567704,0.873552938034323
0.14314953894812857,0.8568504610518715
9.159339953157541e-16,0.999999999999999
0.03902416283748678,0.9609758371625132
0.25981702933199674,0.7401829706680033
5.551115123125783e-17,0.9999999999999999
0.001505980244938685,0.9984940197550614
0.08700360362792266,0.9129963963720773
0.2745506805317493,0.7254493194682505
0.206624791179859,0.7933752088201411
0.10244329923343769,0.8975567007665621
0.22574427609117922,0.7742557239088208
2.7755575615628914e-17,1.0
0.07360765177610935,0.9263923482238907
0.07998692882388157,0.9200130711761185
0.04850733212860878,0.9514926678713912
0.11648415380760672,0.8835158461923932
0.2547393951214585,0.7452606048785417
0.14475440791911331,0.8552455920808867
0.033740918778666903,0.9662590812213331
0.1357272455609366,0.8642727544390634
0.047158354953717105,0.9528416450462829
0.18592172422335926,0.8140782757766407
0.30320910615119223,0.6967908938488079
0.19716814129434063,0.8028318587056594
0.06626514706670554,0.9337348529332946
0.41512938854156267,0.5848706114584372
0.20000475209043161,0.7999952479095684
0.06955208764573755,0.9304479123542626
0.4796420539061851,0.5203579460938149
0.09102178574675698,0.9089782142532431
0.17322652486600623,0.8267734751339938
0.021180021216330645,0.9788199787836692
0.06648790696704025,0.9335120930329598
0.0,1.0
0.14726779388839206,0.8527322061116079
0.23313270960317403,0.766867290396826
0.3192116423363409,0.6807883576636592
0.25077879233868444,0.7492212076613155
0.3014888200595421,0.6985111799404579
0.0,1.0
0.10292429795261206,0.8970757020473881
0.3193411409647102,0.6806588590352898
0.2934878932973117,0.7065121067026884
0.05650530997817456,0.9434946900218254
0.24982260481549387,0.7501773951845061
0.09058656008391114,0.9094134397318477
1.942890293094024e-16,1.0
0.01317369053575995,0.9868263094642402
0.6040705424060085,0.3959294575939914
0.16223782040981613,0.8377621795901838
0.24270077044862096,0.7572992295513791
0.30940454010468893,0.6905954598953111
0.07135314095433606,0.9286468590456641
0.07984497875173162,0.9201550212482683
0.4784352419809801,0.5215647580190198
0.036561676340417,0.9634383236595832
0.14386538818527084,0.8561346118147293
0.2115685743674397,0.7884314256325604
0.2778459286985399,0.7221540713014603
0.0,1.0
0.4658545865922084,0.5341454134077915
0.07982833381912675,0.9201716661808732
0.35234488882239046,0.6476551111776093
0.20989862996284253,0.7901013700371575
0.1565583492804754,0.8434416507195245
0.02875541819632626,0.9712445818036738
0.015692828561621002,0.9843071714383791
0.1379247685357706,0.8620752314642294
0.03514265276736191,0.964857347232638
0.2038172264981208,0.7961827735018794
0.19229226061697294,0.807707739383027
0.14318747950411578,0.8568125204958842
0.23034436416868398,0.769655635831316
0.033509272148745495,0.9664907278512547
0.25139201907915854,0.7486079809208415
0.020643523518313257,0.9793564764816869
5.551115123125783e-17,0.9999999999999999
0.2695646344969635,0.7304353655030364
0.0,1.0
0.08125732105895901,0.9187426789410412
0.0,1.0
0.13256755720600275,0.8674324427939974
0.4097629478098969,0.5902370521901033
0.2037262057322225,0.7962737942677776
0.31804521529757085,0.6819547847024294
0.10627386697887281,0.8937261330211272
0.11389654822677286,0.8861034517732271
0.09044127549424316,0.9095587245057568
0.17448597286329717,0.8255140271367029
0.18633119251743577,0.8136688074825642
0.15947190380015513,0.8405280961998449
0.0,1.0
0.26741699633825883,0.7325830036617412
0.0,1.0
0.008308291314148253,0.9916917086858517
0.0,1.0
2.498001805406602e-16,0.9999999999999998
0.0,1.0
0.3182179185309009,0.681782081469099
0.2814911385822161,0.7185088614177839
0.11226828437105005,0.8877317156289499
0.20647661087170746,0.7935233891282926
0.09085225086658236,0.9091477491334177
2.7755575615628914e-17,1.0
0.0,1.0
0.07247289818768445,0.9275271018123156
0.24472762726132485,0.7552723727386752
0.0,1.0
0.11273782881938413,0.887262171180616
0.487015803382989,0.512984196617011
0.19653974672353666,0.8034602532764634
0.20347615623212492,0.7965238437678751
0.24038553339843619,0.7596144666015638
0.0,1.0
0.14007556923937095,0.8599244307606291
0.0,1.0
0.17695479418970403,0.8230452058102959
0.03918676776514387,0.9608132322348562
0.16782859687978016,0.8321714031202199
0.13166173616654717,0.8683382638334529
0.12897633154071042,0.8710236684592895
0.0,1.0
0.028939824675401262,0.9710601753245987
0.19962853998462435,0.8003714600153757
0.0,1.0
3.885780586188048e-16,0.9999999999999998
0.23834179680844564,0.7616582031915543
0.49238121294191917,0.507618787058081
0.0,1.0
0.08061189017610626,0.9193881098238937
0.0,1.0
0.205914637007077,0.794085362992923
0.24252488182805298,0.757475118171947
0.19655116731036928,0.8034488326896306
3.885780586188048e-16,0.9999999999999996
0.09021296166661334,0.9097870383333867
0.08851906801318066,0.9114809319868192
0.2347294468614152,0.7652705531385848
0.09461219355721819,0.9053878064427818
2.7755575615628914e-17,1.0
0.05888315832378264,0.9411168416762175
0.2098585307304962,0.7901414692695039
0.061527285933900944,0.9384727140660991
0.23357581322693685,0.7664241867730632
0.20647893029647255,0.7935210697035273
0.15782511286028192,0.8421748871397181
0.17766044199663938,0.8223395580033607
0.1665893609757687,0.8334106390242313
2.220446049250313e-16,0.9999999999999999
0.1835437875005853,0.8164562124994146
0.0,1.0
0.06964522820109263,0.9303547717989075
0.1506997997002513,0.8493002002997487
0.3158306156599018,0.6841693843400983
0.06523357510400309,0.9347664248959969
0.19845435576413367,0.8015456442358665
0.1668040363049653,0.8331959636950347
0.0,1.0
0.1359920627250018,0.8640079372749981
0.0,1.0
0.0827759388825377,0.9172240611174625
0.12810533988914619,0.8718946601108538
0.0,1.0
0.13913331442595758,0.8608666855740424
0.22894446097818694,0.771055539021813
0.010610568407245745,0.9893894315927542
0.13123566872835618,0.8687643312716439
0.19806342296116258,0.8019365770388374
0.1948863552304705,0.8051136447695294
0.15432224697742963,0.8456777530225704
0.0,1.0
0.0755815358740504,0.9244184641259496
0.2212207518408174,0.7787792481591828
0.07887697367565472,0.9211230263243452
3.469446951953614e-18,1.0
6.938893903907228e-17,0.9999999999999999
1.5959455978986625e-16,0.9999999999999998
0.184116988904628,0.8158830110953721
0.14120388882262602,0.8587961111773739
0.1445777597880152,0.8554222402119849
0.0,1.0
0.051847269057780115,0.9481527309422197
0.0,1.0
2.220446049250313e-16,0.9999999999999998
0.08130631537935672,0.9186936846206435
0.14140796773813508,0.8585920322618649
0.20372326274425098,0.7962767372557491
0.21446712561706738,0.7855328743829327
0.004907385568157368,0.9950926144318426
0.14752942476740838,0.8524705752325917
0.0,1.0
0.0,1.0
0.01604543949780146,0.9839545605021985
0.05469393079411325,0.9453060692058867
1.2836953722228372e-16,0.9999999999999999
0.3572580747608616,0.6427419252391385
0.043826014266366925,0.956173985733633
1.1102230246251565e-16,0.9999999999999999
0.019903357245423216,0.9800966427545769
2.636779683484747e-16,0.9999999999999997
0.37135811719970807,0.6286418828002919
0.18802404419465735,0.8119759558053429
0.0,1.0
0.0,1.0
0.3974350559285799,0.6025649440714201
0.12604868123386487,0.8739513187661352
0.38095064299384546,0.6190493570061546
0.1365852039299501,0.8634147960700499
0.1361301672236914,0.8638698327763085
0.11893519948523541,0.8810648005147647
0.05291786687789938,0.9470821331221008
2.0122792321330962e-16,0.9999999999999998
0.3643281108995355,0.6356718891004645
0.20815546547909153,0.7918445345209085
0.20988062216502265,0.7901193778349773
0.6555444702742492,0.3444555297257506
0.1513183154284296,0.8486816845715704
0.49286368142168724,0.5071363185783127
1.3877787807814457e-17,1.0
0.0,1.0
0.003952948408902123,0.9960470515910979
0.39351908360831145,0.6064809163916886
1.1102230246251565e-16,0.9999999999999999
0.27318332219889196,0.726816677801108
5.551115123125783e-17,0.9999999999999999
0.2544447013766043,0.7455552986233956
0.01849575114846483,0.9815042488515352
0.0,1.0
0.19743652214117124,0.8025634778588285
0.41580908124330135,0.5841909187566987
0.09700878887219423,0.9029912111278058
0.03373537963284494,0.9662646203671551
0.21260165578923187,0.7873983442107682
0.2694893075722328,0.7305106924277673
0.17860032468528866,0.8213996753147114
0.3877269443875256,0.6122730556124745
0.14900347376014508,0.8509965262398549
0.2755817216423423,0.7244182783576577
0.28802370290036816,0.7119762970996318
0.43878586224550753,0.5612141377544926
0.3438339725809789,0.6561660274190212
5.898059818321144e-17,0.9999999999999999
0.0,1.0
0.10588187582683277,0.8941181241731673
0.10097674772298988,0.8990232522770102
8.326672684688674e-17,1.0
0.1714131466901603,0.8285868533098396
0.12813884349806445,0.8718611565019355
0.09655018166379377,0.9034498183362063
0.054126484996373465,0.9458735150036265
0.14864016107941122,0.8513598389205889
0.01909798281891915,0.9809020171810808
0.07303596289898243,0.9269640371010176
0.40966520766835074,0.5903347923316492
0.3442005138882957,0.6557994861117045
0.14882473826597079,0.8511752617340292
0.03814632676169916,0.9618536732383008
0.09864036671222282,0.9013596332877772
0.30075778517999957,0.6992422148200003
0.0,1.0
0.31844094170264414,0.6815590582973557
0.2714171669828515,0.7285828330171484
0.0696602864081707,0.9303397135918292
9.414068256537284e-05,0.9999058593174347
0.0932291025619333,0.9067708974380666
0.20137126544725958,0.7986287345527405
0.08000614641311483,0.9199938535868852
0.0,1.0
0.2824719447556775,0.7175280552443224
0.3272293185172508,0.6727706814827493
0.04749248578277442,0.9525075142172257
0.026473686541449507,0.9735263134585507
0.24870610682739686,0.7512938931726032
0.5216746376862983,0.4783253623137015
0.36369355763409617,0.636306442365904
0.08731561490473672,0.9126843850952633
0.0,1.0
0.45589985893168733,0.5441001410683127
0.29903082456059477,0.7009691754394054
0.10161223950486321,0.8983877604951368
0.1267284915479583,0.8732715084520417
0.07298087460334975,0.9270191253966502
0.13600707695914602,0.863992923040854
0.22635069469778452,0.7736493053022153
0.20326982699089804,0.796730173009102
0.15824177026377453,0.8417582297362256
0.10441863051892138,0.8955813694810787
0.403650202448271,0.5963497975517289
0.40681638187732794,0.5931836181226721
0.14218264819353513,0.8578173518064649
0.30114895679711656,0.6988510432028835
0.08723460840404186,0.9127653915959582
0.2555955913783416,0.7444044086216586
0.25425404202472734,0.7457459579752727
0.0,1.0
5.551115123125783e-17,1.0
0.25768588887896837,0.7423141111210316
0.16346126612833586,0.8365387338716641
0.28857887826368667,0.7114211217363133
0.1621803093332881,0.837819690666712
0.22579073210063208,0.774209267899368
0.16365146177932755,0.8363485382206725
0.06263882034346004,0.93736117965654
0.0,1.0
2.211772431870429e-17,0.9999999999999999
0.15596165251353297,0.8440383474864671
0.0022920559071909295,0.9977079440928092
5.551115123125783e-17,1.0
0.10686962000585659,0.8931303799941434
0.018450677532961614,0.9815493224670385
0.11624115076482418,0.8837588492351759
0.20746269830125044,0.7925373016987496
0.2650054513273296,0.7349945486726703
0.19268563385413054,0.8073143661458696
5.551115123125783e-17,1.0
0.056560028922946176,0.9434399710770538
0.20372080865930045,0.7962791913406996
0.10982807689299354,0.8901719231070065
5.93275428784068e-16,0.9999999999999994
0.2114492642098384,0.7885507357901615
0.30962351192530285,0.6903764880746973
0.11068834369812305,0.8893116563018769
0.061178615664527695,0.9388213843354722
5.551115123125783e-17,1.0
0.1427189962335844,0.8572810037664156
0.2296995400693399,0.77030045993066
0.16109218267132383,0.8389078173286761
5.551115123125783e-17,1.0
0.0,1.0
0.23206459287271142,0.7679354071272886
0.47429608528050937,0.5257039147194906
0.0,1.0
0.1778971987046459,0.8221028012953542
0.0498609136832367,0.9501390863167632
0.02657577741880668,0.9734242225811933
0.1654677319936254,0.8345322680063747
0.33822782414556335,0.6617721758544367
0.19601289913133407,0.803987100868666
0.06270970903060569,0.9372902909693944
0.11924515710168264,0.8807548428983174
0.28945155801149636,0.7105484419885035
0.44843229899275144,0.5515677010072486
0.3578598787998008,0.6421401212001993
0.02556569745445067,0.9744343025455492
0.135991316670715,0.8640086833292849
0.06689530634997486,0.9331046936500251
0.032625675810026955,0.967374324189973
0.23312680372426323,0.7668731962757369
0.0033373854633428506,0.9966626145366572
0.06843145518783832,0.9315685448121617
0.243734298784903,0.756265701215097
0.10688238168626654,0.8931176183137335
0.14893390947037716,0.8510660905296229
0.14268262690182976,0.8573173730981704
1.1102230246251565e-16,1.0
0.07942786935864163,0.9205721306413585
0.12201590639811424,0.8779840936018858
0.18110094720869813,0.8188990527913019
0.0,1.0
0.18196085276226204,0.8180391472377379
0.3636925208666094,0.6363074791333907
0.013411269273390614,0.9865887307266095
0.37324103190865576,0.6267589680913443
0.19300779903849308,0.806992200961507
0.06721682200071709,0.9327831779992831
0.248872255961744,0.751127744038256
0.14361958827594565,0.8563804117240542
0.13082125888675558,0.8691787411132444
0.0,1.0
0.012358646265934739,0.9876413537340653
0.2894992596311965,0.7105007403688035
0.07900599328375217,0.9209940067162479
0.0777345349927137,0.9222654650072865
0.19433169277474766,0.8056683072252524
0.00043365562256154487,0.9995663443774385
0.3128165382608607,0.6871834617391394
0.08820486747940344,0.9117951325205965
0.0573414743137416,0.9426585256862585
0.12261353386960067,0.8773864661303993
0.18354482452759932,0.8164551754724005
0.2769616683945061,0.7230383316054939
0.12297886683357898,0.8770211331664212
0.19967715044183781,0.8003228495581621
0.5570863129345663,0.44291368706543366
0.0,1.0
0.17755073888057674,0.8224492611194231
5.551115123125783e-17,0.9999999999999999
0.1533369934814512,0.8466630065185489
0.0,1.0
0.19518713887422443,0.8048128611257758
0.287220299551042,0.712779700448958
0.12220023162609134,0.8777997683739085
0.36546989746191355,0.6345301025380864
0.21098709275233657,0.7890129072476635
0.13338669893440472,0.8666133010655954
0.5044438466065344,0.4955561533934656
0.212477818885101,0.787522181114899
0.42544615539346714,0.5745538446065328
0.02532587264743814,0.9746741273525619
0.16155348561827174,0.8384465143817283
6.245004513516506e-17,1.0
0.17493115948561405,0.8250688405143859
0.158663023347652,0.8413369766523481
0.02261722391445063,0.9773827760855494
0.0,1.0
0.1812934636269924,0.8187065363730076
0.4364093666393186,0.5635906333606813
0.1773463563753881,0.8226536436246119
0.10395813121638871,0.8960418687836114
0.0,1.0
4.371503159461554e-16,0.9999999999999997
0.052936565286904116,0.9470634347130961
0.11932966251475827,0.8806703374852417
0.1041289468865383,0.8958710531134617
4.163336342344337e-17,1.0
0.16939816550971917,0.8306018344902809
0.04991778383722512,0.9500822161627749
0.05266831151526874,0.9473316884847313
1.6653345369377348e-16,0.9999999999999998
0.07461905103577579,0.9253809489642242
0.03364722742734231,0.9663527725726576
0.06513745284244395,0.934862547157556
0.3782580446221885,0.6217419553778116
0.0,1.0
0.5095867989584804,0.49041320104151975
0.10488451506410089,0.8951154849358992
0.44938193658439773,0.5506180634156024
0.22799531054327332,0.7720046894567265
0.12926261614929135,0.8707373838507086
0.22262908862550723,0.7773709113744929
0.1469446729745422,0.8530553270254578
0.05915581656978468,0.9408441834302154
0.0,1.0
5.551115123125783e-17,1.0
0.2640561031958234,0.7359438968041768
0.4306068222977122,0.5693931777022877
0.07698111022530814,0.9230188897746918
2.220446049250313e-16,0.9999999999999998
0.0,1.0
0.12039456446801655,0.8796054355319833
0.15618761855598237,0.8438123814440177
0.3070901143804711,0.6929098856195288
1.1102230246251565e-16,1.0
1.1102230246251565e-16,1.0
0.05555997823156911,0.9444400217684309
0.157333490139849,0.842666509860151
0.010154615932981292,0.9898453840670187
0.42357294837757403,0.5764270516224257
0.041920237552297616,0.9580797624477023
0.0,1.0
0.1952031219069424,0.8047968780930576
0.10624072419236437,0.8937592758076357
0.030703897301440106,0.9692961026985599
0.041848088911614456,0.9581519110883855
0.149473145585141,0.8505268544148591
0.27722346551785493,0.7227765344821452
0.2003027867252712,0.7996972132747289
0.10650648368236466,0.8934935163176352
0.28501427928756656,0.7149857207124334
0.16948596171882074,0.8305140382811793
0.08139052005177039,0.9186094799482296
0.0,1.0
0.17758488657673205,0.822415113423268
0.04015259548590484,0.9598474045140952
0.0,1.0
0.008957902077232236,0.9910420979227679
0.3154784463263201,0.6845215536736801
0.012900462908654651,0.9870995370913453
0.08370203143555745,0.9162979685644425
0.0,1.0
0.35180845856666565,0.6481915414333344
0.17228474984421813,0.827715250155782
0.5,0.5
0.22751935332916884,0.7724806466708313
0.3434425852885967,0.6565574147114033
0.2901301238707763,0.7098698761292238
0.04099302797394787,0.9590069720260522
0.07996464934694535,0.9200353506530548
0.15348111493924582,0.8465188850607542
0.47778530782070616,0.5222146921792937
0.012729875662986658,0.9872701243370133
0.0,1.0
0.3786239529890851,0.621376047010915
0.04018171514780183,0.9598182848521981
0.07913511272375007,0.92086488727625
0.31824518017498804,0.6817548198250122
0.08937430277628071,0.9106256972237191
0.15273085876869935,0.8472691412313006
0.31963267258775596,0.6803673274122439
0.14472340846481324,0.8552765915351866
8.326672684688674e-17,0.9999999999999998
5.551115123125783e-17,1.0
0.1785602717305356,0.8214397282694644
0.22334967597437433,0.7766503240256257
0.5774019445137987,0.42259805548620116
0.07626924256219178,0.9237307574378083
0.05607343678723455,0.9439265632127654
5.551115123125783e-17,1.0
0.3566201560504392,0.6433798439495609
0.00419030627099344,0.9958096937290065
0.0683113400444574,0.9316886599555426
0.1850085289842819,0.8149914710157182
0.24252472616775775,0.7574752738322421
0.08755412146654562,0.9124458785334543
8.326672684688674e-17,1.0
0.018430653629116243,0.9815693463708838
0.12897052198431672,0.8710294780156832
0.15446595866996424,0.8455340413300357
0.0,1.0
0.016337239612522272,0.9836627603874777
0.0019862597990068956,0.9980137402009931
0.0,1.0
0.0,1.0
0.0,1.0
0.13854950097754387,0.8614504990224563
0.19500183559521095,0.804998164404789
1.1102230246251565e-16,0.9999999999999999
5.551115123125783e-17,1.0
0.14336606917220274,0.8566339308277973
0.0,1.0
0.2711013569679796,0.7288986430320202
0.132976469363892,0.8670235306361079
0.3998143682384845,0.6001856317615155
0.19926224157715913,0.8007377584228409
0.20012486147847042,0.7998751385215295
0.449810559911978,0.5501894400880218
0.30431643091468247,0.6956835690853175
0.32802421353647865,0.6719757864635213
0.13333460408062628,0.8666653959193737
0.007722184034050844,0.9922778159659491
0.4522910922417874,0.5477089077582126
0.12794015793591834,0.8720598420640818
3.469446951953614e-18,1.0
0.09881415221145742,0.9011858477885426
0.10008533670054304,0.899914663299457
0.015673282660291214,0.9843267173397087
0.21886839583578221,0.7811316041642179
0.1725348906959784,0.8274651093040216
0.0,1.0
0.316741699812364,0.683258300187636
0.3835469712354677,0.6164530287645323
5.551115123125783e-17,1.0
0.24550374040661843,0.7544962595933813
0.1605929700936652,0.8394070299063349
0.0,1.0
0.20990806340369011,0.7900919365963099
0.18959723294241768,0.8104027670575823
0.05887483844716199,0.941125161552838
0.1355539007543161,0.8644460992456839
0.12899080736906088,0.8710091926309392
0.21069442178891476,0.7893055782110852
0.0,1.0
0.1625997772960304,0.8374002227039697
0.04785845074726419,0.9521415492527358
0.027869061946609024,0.9721309380533909
0.008023357597229708,0.9919766424027702
0.3015650532460568,0.6984349467539432
2.7755575615628914e-17,1.0
0.0,1.0
0.22916272529455786,0.7708372747054423
2.7755575615628914e-17,1.0
0.2940656442059788,0.7059343557940212
0.1555307227542452,0.8444692772457548
0.008556022892774379,0.9914439771072256
0.12667660937130815,0.873323390628692
0.3571885531889835,0.6428114468110163
0.0,1.0
0.3393877664198787,0.6606122335801213
0.10195857591119659,0.8980414240888034
0.0,1.0
0.6413006469240428,0.35869935307595724
0.21388737439241745,0.7861126256075825
0.09638797248024035,0.9036120275197598
0.4492368076274902,0.5507631923725097
0.0305561436226816,0.9694438563773183
0.16427585887053753,0.8357241411294625
0.34260445941967244,0.6573955405803276
0.13985092918982858,0.8601490708101717
0.007472199559942091,0.9925278004400578
0.1594869885412815,0.8405130114587185
0.001812543724337793,0.9981874562756621
0.07729525782952623,0.9227047421704737
1.1102230246251565e-16,1.0
0.45010344284767373,0.5498965571523261
0.050187026896744626,0.9498129731032555
0.012540888568552372,0.9874591114314476
0.4347421096579144,0.5652578903420856
0.1335774853845742,0.8664225146154257
0.08308289944482346,0.9169171005551765
0.12240476541138177,0.8775952345886181
1.734723475976807e-17,1.0
2.3592239273284576e-16,0.9999999999999998
0.032276022376092825,0.9677239776239072
0.5016180531684917,0.4983819468315082
0.19071820444512305,0.8092817955548769
0.02190597820484039,0.9780940217951597
5.551115123125783e-17,1.0
0.0,1.0
0.24048425732073417,0.7595157426792659
0.20413511343611,0.79586488656389
0.0,1.0
0.30663444968449516,0.693365550315505
0.0966966762729217,0.9033033237270782
0.5066161456810173,0.49338385431898263
0.02888977223381465,0.9711102277661854
0.12266710433139019,0.87733289566861
0.5684763850668002,0.4315236149331999
0.0,1.0
0.2219405925821298,0.7780594074178702
3.0531133177191805e-16,0.9999999999999997
0.0,1.0
0.17798482771226729,0.8220151722877328
0.10183615586034322,0.8981638441396567
0.11849174444638819,0.8815082555536119
0.16891380843466766,0.8310861915653323
0.10747130607443114,0.8925286939255689
0.16649286814186998,0.8335071318581301
0.0,1.0
0.14663178126972073,0.8533682187302793
3.3306690738754696e-16,0.9999999999999998
0.1765088802343459,0.823491119765654
1.1102230246251565e-16,0.9999999999999999
0.25628469098458945,0.7437153090154106
0.0631652626047277,0.9368347373952721
0.4448581430319925,0.5551418569680076
0.07161012394120948,0.9283898760587905
0.44894935848202266,0.5510506415179774
0.15475850751813236,0.8452414924818674
0.3520352045296522,0.6479647954703477
0.244695243546949,0.7553047564530511
0.546684230348618,0.453315769651382
0.24727843825005721,0.7527215617499428
0.34754067787481296,0.6524593221251871
0.0,1.0
0.46320186630071164,0.5367981336992883
0.1389040208718331,0.8610959791281669
0.03479203365482311,0.965207966345177
0.23273296628629422,0.7672670337137059
2.220446049250313e-16,0.9999999999999998
0.6556772890122637,0.3443227109877364
0.37125991377979517,0.6287400862202048
0.09023521637751991,0.9097647836224801
0.19052256104493204,0.8094774389550681
0.1906136051088651,0.809386394891135
0.11626144911588901,0.8837385508841111
0.299251982297433,0.700748017702567
0.35953995737258243,0.6404600426274175
2.7755575615628914e-17,0.9999999999999999
0.0,1.0
0.00994810604135822,0.9900518939586417
0.25429187310906626,0.7457081268909337
0.00788648907240803,0.9921135109275918
0.4603217364501555,0.5396782635498445
0.010431060844168021,0.989568939155832
0.39335619645757575,0.6066438035424242
0.0,1.0
0.052922109180025136,0.9470778908199747
0.10655016010194387,0.8934498398980562
0.055717238856066685,0.9442827611439334
0.02684445587069507,0.973155544129305
0.5339697142661467,0.46603028573385347
0.15740587668658415,0.8425941233134159
0.0,1.0
0.10325627637980248,0.8967437236201975
0.14071521594506242,0.8592847840549377
1.1102230246251565e-16,0.9999999999999999
0.0,1.0
0.567636077684518,0.43236392231548204
0.0,1.0
0.2730789014595339,0.726921098540466
0.24240718924734347,0.7575928107526565
0.021923824044626655,0.9780761759553733
0.07807393591268937,0.9219260640873107
0.0,1.0
0.31590284145970954,0.6840971585402905
1.97758476261356e-16,0.9999999999999998
0.0645772342659953,0.9354227657340046
0.4738297251893381,0.5261702748106617
0.13125727431666084,0.8687427256833391
0.21468287405858452,0.7853171259414155
0.24420438417392915,0.7557956158260708
0.0,1.0
0.1428972584562798,0.8571027415437203
0.1794863388115312,0.820513661188469
0.4190272898428908,0.5809727101571094
0.05383048461390148,0.9461695153860985
0.3422799728031492,0.657720027196851
0.0,1.0
0.005088829464526421,0.9949111705354736
0.07339387059483783,0.9266061294051622
0.09481272235180663,0.9051872776481933
0.19389266121775997,0.80610733878224
0.07647360807569983,0.9235263919243003
1.1102230246251565e-16,0.9999999999999999
0.12443103614492416,0.8755689638550759
0.07171047213557726,0.9282895278644229
0.20213731236306248,0.7978626876369376
0.16224069071120933,0.8377593092887907
0.24176877541362182,0.758231224586378
0.05878658622189209,0.941213413778108
0.0,1.0
0.19688977190154955,0.8031102280984505
0.1795555142432322,0.8204444857567679
0.12958175472048025,0.8704182452795198
0.3070814452363611,0.6929185547636388
0.24395634893513854,0.7560436510648615
0.17274525105679533,0.8272547489432046
0.20092156642409248,0.7990784335759075
0.1489917588414978,0.8510082411585023
2.7755575615628914e-16,0.9999999999999998
0.017516272313629053,0.9824837276863709
0.18150387895127992,0.8184961210487202
0.0789819563142325,0.9210180436857677
0.33171482483753034,0.6682851751624697
0.1546604956859343,0.8453395043140658
0.4922493548067545,0.5077506451932455
0.14285768749937683,0.8571423125006231
0.293932882767043,0.7060671172329572
0.4169659919672415,0.5830340080327585
0.21156454052651058,0.7884354594734894
0.05344294071200625,0.9465570592879938
0.000490043250924317,0.9995099567490757
0.03672354214949427,0.9632764578505059
0.0,1.0
0.012344124213971106,0.9876558757860289
0.06174913522187805,0.938250864778122
0.041986047038893665,0.9580139529611065
0.08771574495003409,0.912284255049966
0.0,1.0
0.032942825806742015,0.9670571741932579
0.24921931201439204,0.750780687985608
0.035956475826705345,0.9640435241732946
0.30305856270747794,0.6969414372925219
5.551115123125783e-17,1.0
0.0,1.0
0.5,0.5
0.008352565338820344,0.9916474346611798
0.07754635230965962,0.9224536476903404
0.023736214371756683,0.9762637856282433
0.20074241201244508,0.799257587987555
0.23798282332812348,0.7620171766718766
5.551115123125783e-17,1.0
0.04167759106650333,0.9583224089334967
0.06320134671571276,0.9367986532842872
0.2862109513550422,0.7137890486449577
0.0724368542424365,0.9275631457575634
0.10384946046590883,0.8961505395340911
0.2883708142635742,0.7116291857364259
0.2988286569931234,0.7011713430068766
0.0,1.0
0.018164251087240398,0.9818357489127596
0.13050195344243254,0.8694980465575675
1.249000902703301e-16,0.9999999999999999
0.012634006780700738,0.9873659932192993
0.29316001875840275,0.7068399812415972
0.11266221633692951,0.8873377836630705
0.15446590303868762,0.8455340969613123
0.06458780017495994,0.9354121998250402
0.25464737714547275,0.7453526228545273
0.23475977499388861,0.7652402250061114
0.19752939032068506,0.802470609679315
0.10670715387533168,0.8932928461246683
0.0,1.0
0.3348065575986274,0.6651934424013725
0.4816396097413941,0.5183603902586059
0.4177256689848291,0.5822743310151709
0.17512684951861912,0.8248731504813809
0.08843202037143925,0.9115679796285607
2.498001805406602e-16,0.9999999999999998
0.0,1.0
0.0,1.0
0.12732486555151679,0.8726751344484832
0.2881761209177832,0.7118238790822168
0.10040294960069038,0.8995970503993096
0.10293743234440098,0.8970625676555989
0.11869141033877482,0.8813085896612252
0.10350481996266951,0.8964951800373305
0.15740562090383484,0.8425943790961652
0.11688099888406824,0.8831190011159318
0.22526830868407355,0.7747316913159265
0.3207487368439985,0.6792512631560016
0.23040365437839685,0.7695963456216032
0.536715832851599,0.46328416714840104
0.17884654561955685,0.8211534543804431
0.0432229990041306,0.9567770009958694
0.08065921405530602,0.919340785944694
0.019033686382277447,0.9809663136177226
0.06411081601678295,0.935889183983217
0.0,1.0
0.1729706540186686,0.8270293459813314
0.13825190469387583,0.8617480953061243
0.20051764564351707,0.7994823543564828
0.39123804684381763,0.6087619531561823
0.24845599828071846,0.7515440017192816
0.19932928429145094,0.8006707157085491
0.040933809842250785,0.9590661901577493
0.06271332535402623,0.9372866746459737
0.1843335835173318,0.8156664164826682
0.07889187147388978,0.9211081285261103
0.16289738434810144,0.8371026156518984
0.0522290380051014,0.9477709619948986
0.13100436147690625,0.8689956385230937
0.18796568900767527,0.8120343109923247
0.0670154497280619,0.932984550271938
0.26934682027375006,0.73065317972625
0.14997384748153353,0.8500261525184665
0.18542944331306288,0.8145705566869371
0.2713897473266839,0.7286102526733161
0.1370853916839373,0.8629146083160626
0.0,1.0
0.21446323224648153,0.7855367677535185
0.03333551355502179,0.9666644864449784
0.21401368055534914,0.7859863194446508
0.041536696456515254,0.9584633035434849
0.013590070151528908,0.9864099298484711
0.15619032809817862,0.8438096719018214
0.2817137951708533,0.7182862048291468
1.1102230246251565e-16,0.9999999999999999
0.08954836285946942,0.9104516371405307
0.0025751653835736567,0.9974248346164264
0.09350751605317899,0.906492483946821
0.26394814506285863,0.7360518549371414
0.05418153215819821,0.9458184678418018
0.4703323254423469,0.5296676745576531
0.05537251257213303,0.944627487427867
0.16365284054511883,0.836347159454881
0.21400952507902138,0.7859904749209788
0.052846550519995886,0.9471534494800041
0.20406681260046386,0.7959331873995361
0.2929282815761661,0.7070717184238339
0.25849356664199863,0.7415064333580011
5.551115123125783e-17,1.0
0.0,1.0
0.17710668020369713,0.822893319796303
0.16513422396620564,0.8348657760337943
0.0,1.0
0.4225991197597345,0.5774008802402656
0.004367226828694782,0.995632773171305
0.08511482165736453,0.9148851783426355
0.3209049086637363,0.6790950913362637
0.3921139988161699,0.6078860011838301
0.26087142811595804,0.7391285718840419
0.19736855597051034,0.8026314440294897
0.20418989553292244,0.7958101044670776
0.20237803685386135,0.7976219631461388
0.021285930517636803,0.9787140694823633
0.030579257046628637,0.9694207429533714
8.326672684688674e-17,0.9999999999999999
0.027273028828719886,0.97272697117128
0.0,1.0
0.09872332407380288,0.9012766759261972
0.03368616354537719,0.9663138364546229
0.46435552324726437,0.5356444767527357
0.08058989221910573,0.9194101077808943
0.44567275856098765,0.5543272414390125
0.1268159994490329,0.8731840005509671
0.062166326328453,0.937833673671547
0.0015671652096859805,0.9984328347903142
0.13070214563204635,0.8692978543679537
0.09887535937370545,0.9011246406262947
1.1102230246251565e-16,1.0
0.5068651188768188,0.4931348811231812
0.09936358899122837,0.9006364110087717
0.05395239796233032,0.9460476017591655
0.07903691669702784,0.920963083302972
0.1784406466345422,0.8215593533654578
0.3935772741961064,0.6064227258038938
0.13532220869876516,0.8646777913012348
0.18111236000624542,0.8188876399937546
0.0,1.0
0.09276787401656533,0.9072321259834348
0.3438484158865796,0.6561515841134204
0.0,1.0
0.0,1.0
0.07754563476808773,0.9224543652319122
0.24846924410632487,0.7515307558936751
0.3778578354995219,0.6221421645004779
0.21314186988227654,0.7868581301177234
0.34480712694350835,0.6551928730564918
0.5024942198119711,0.497505780188029
0.20372002206747647,0.7962799779325235
0.0,1.0
5.551115123125783e-17,0.9999999999999999
0.23982809096719448,0.7601719090328054
0.07966017481469496,0.9203398251853051
0.012157211724725156,0.9878427882752748
0.0,1.0
1.6653345369377348e-16,1.0
0.1940308758951588,0.8059691241048412
0.14998801986939211,0.850011980130608
0.10427341284256189,0.895726587157438
0.24029157343498952,0.7597084265650105
0.34024855566065215,0.659751444339348
0.0,1.0
0.26917325933247155,0.7308267406675286
0.22751653099542007,0.7724834690045799
0.1995849394840474,0.8004150605159526
0.2479338122256763,0.7520661877743237
1.2836953722228372e-16,0.9999999999999999
0.12082352679014928,0.8791764732098506
0.09044234323982785,0.9095576567601722
0.22079982330388753,0.7792001766961125
0.08140656224553804,0.9185934377544619
0.24371238400021955,0.7562876159997804
0.08314299258460939,0.9168570074153907
0.04946592186855182,0.9505340781314483
0.6191842029482415,0.38081579705175844
0.5119474359449326,0.48805256405506736
0.09815892943128378,0.9018410705687162
0.15714744109002585,0.8428525589099741
0.36704622738615245,0.6329537726138474
0.5205780566803906,0.47942194331960936
0.19776289475448763,0.8022371052455125
0.3131458796560765,0.6868541203439236
0.11196474229831849,0.8880352577016816
0.18798096895310185,0.8120190310468982
1.734723475976807e-16,0.9999999999999998
0.058330910104610556,0.9416690898953894
0.0898879306995928,0.9101120693004072
0.022482756448386248,0.9775172435516138
0.2773184206995318,0.7226815793004682
0.17067590854898715,0.8293240914510128
0.013348725091930923,0.9866512749080691
0.07286407645140161,0.9271359235485985
0.20040274311725448,0.7995972568827454
0.0,1.0
0.0,1.0
4.163336342344337e-16,0.9999999999999996
0.13674185694168062,0.8632581430583194
0.0,1.0
0.36466210812961813,0.6353378918703821
4.163336342344337e-17,1.0
0.018427102071490602,0.9815728979285093
0.06276951439627938,0.9372304856037206
0.4344087666603265,0.5655912333396735
5.551115123125783e-17,0.9999999999999999
0.19429244226369952,0.8057075577363005
0.02658359234640215,0.9734164076535978
0.1296094106221351,0.8703905893778651
0.16606561108033036,0.8339343889196698
0.4736565491756133,0.5263434508243867
0.22362252405405594,0.7763774759459441
0.43662095152887,0.56337904847113
0.005541714034792286,0.9944582859652077
0.17830637035747227,0.8216936296425278
0.0,1.0
0.0813376858788409,0.9186623141211591
0.0,1.0
0.0,1.0
0.14586328113355376,0.8541367188664463
0.1881434982994349,0.811856501700565
0.11001002405909298,0.889989975940907
0.35712373635193717,0.6428762636480627
0.3273487120364568,0.6726512879635433
0.28164132002345893,0.718358679976541
0.20944480748876082,0.7905551925112392
0.1707656634774586,0.8292343365225415
0.33452289521811396,0.6654771047818862
0.030675310549105408,0.9693246894508948
0.04345152892725369,0.9565484710727463
0.23695001834111,0.76304998165889
0.33585154923300203,0.6641484507669979
0.18126481312360293,0.8187351868763971
0.19711523819705168,0.8028847618029484
0.2712538671920407,0.7287461328079593
1.0061396160665481e-16,0.9999999999999999
0.23132011257908872,0.7686798874209114
2.220446049250313e-16,0.9999999999999998
2.7755575615628914e-17,1.0
0.23747498617643512,0.7625250138235649
5.551115123125783e-17,1.0
0.10253626146408751,0.8974637385359124
0.36101209493465064,0.6389879050653493
0.1016444482946336,0.8983555517053665
0.07387609739975781,0.9261239026002421
0.03196178076551552,0.9680382192344846
0.0,1.0
0.40526689937960364,0.5947331006203964
0.00825483298758354,0.9917451670124166
0.15679374334651608,0.8432062566534839
0.0,1.0
0.0,1.0
0.14558761417426544,0.8544123858257346
0.04806349804238395,0.951936501957616
0.17755643980775357,0.8224435601922464
0.11156936688333592,0.8884306331166641
0.4104193530975295,0.5895806469024705
0.06588987563425308,0.9341101243657469
0.4704346978771377,0.5295653021228622
0.14465480907337033,0.8553451909266299
0.18122843203285144,0.8187715679671486
0.3894180217929286,0.6105819782070714
0.0,1.0
0.07698135095080219,0.9230186490491976
0.07088190462222449,0.9291180953777757
0.050703696959848714,0.9492963030401512
0.0,1.0
0.009287911669647727,0.9907120883303523
1.1102230246251565e-16,1.0
0.10426368667221245,0.8957363133277877
0.12591759240066058,0.8740824075993398
0.0,1.0
0.0,1.0
0.48462788226787307,0.5153721177321271
0.01731019787805118,0.9826898021219489
0.11759396169418956,0.8824060383058105
0.12330719035660488,0.876692809643395
0.12240647271221158,0.8775935272877885
0.11914411558957556,0.8808558844104246
0.10254671248663168,0.8974532875133684
5.551115123125783e-17,1.0
0.024624227763657792,0.9753757722363422
0.17150622683487124,0.8284937731651287
0.13299140564461703,0.8670085943553829
0.0,1.0
1.3877787807814457e-17,1.0
0.0591307958035999,0.9408692041964
1.249000902703301e-16,1.0
0.21877900222793364,0.7812209977720664
0.24052907461450537,0.7594709253854945
0.4354882686740702,0.5645117313259298
0.21194918468226412,0.7880508153177358
0.19241595908031564,0.8075840409196842
0.17185015904772313,0.828149840952277
0.19068753534264,0.8093124646573601
5.551115123125783e-17,1.0
0.0063172997633927155,0.9936827002366073
0.10680178220880586,0.8931982177911942
0.12073566921339308,0.879264330786607
0.293000397982089,0.706999602017911
0.1827700096428916,0.8172299903571084
0.0142495470951052,0.9857504529048949
5.551115123125783e-17,1.0
0.1182286284453833,0.8817713715546167
0.16004956873210419,0.8399504312678958
0.20644447456043868,0.7935555254395613
1.942890293094024e-16,0.9999999999999999
0.12122342863244824,0.8787765713675516
0.1684162156073458,0.8315837843926541
0.059772299152225095,0.940227700847775
0.19306832962460266,0.8069316703753975
0.18111909322400785,0.8188809067759921
0.11078276384918112,0.8892172361508188
0.3381004662598237,0.6618995337401761
0.29659503536419757,0.7034049646358026
0.2857928475380473,0.7142071524619528
0.5414177299479505,0.45858227005204955
0.07566816862430145,0.9243318313756985
0.11846340164369458,0.8815365983563055
0.1271577396867351,0.8728422603132651
0.07472113170239986,0.9252788682975999
0.171747607161279,0.8282523928387212
0.14784675670966504,0.8521532432903351
0.1351238710282907,0.8648761289717094
0.0,1.0
0.304444825544531,0.6955551744554689
0.1059168021180438,0.8940831978819564
0.35103250073712733,0.6489674992628728
0.12220259226065693,0.8777974077393431
2.220446049250313e-16,0.9999999999999999
0.0,1.0
0.06502075009059846,0.9349792499094016
0.0968802739882708,0.9031197260117293
0.21067597800134566,0.7893240219986543
0.1600315335253614,0.8399684664746385
0.21415438684574223,0.7858456131542577
1.1102230246251565e-16,1.0
0.1131335803685582,0.8868664196314419
0.20904776751211748,0.7909522324878825
0.37346525286382803,0.626534747136172
0.0,1.0
0.044054511605641195,0.9559454883943588
0.041034818163121184,0.9589651818368788
0.20784959228308256,0.7921504077169175
0.20413337118586863,0.7958666288141315
5.551115123125783e-17,1.0
0.25290173375634556,0.7470982662436545
3.3306690738754696e-16,0.9999999999999996
0.15601334182827842,0.8439866581717216
0.21428249214812234,0.7857175078518777
0.43052897507454196,0.5694710249254579
0.2497333954887631,0.750266604511237
0.07288328007913926,0.9271167199208608
8.326672684688674e-17,1.0
0.1358074159015829,0.864192584098417
0.4533256580773518,0.5466743419226483
0.46413984987529083,0.5358601501247091
0.09857756776600349,0.9014224322339965
0.21717252475609847,0.7828274752439015
0.22963833300230443,0.7703616669976956
0.2014537888796544,0.7985462111203457
0.10412186959452842,0.8958781304054717
0.0382659840064393,0.9617340159935607
0.21450053657280543,0.7854994634271946
0.14583135319022586,0.8541686468097742
1.3877787807814457e-16,0.9999999999999999
0.09426606178576158,0.9057339382142383
0.19958808033534073,0.8004119196646592
0.041529150623092266,0.9584708493769076
0.5180234507432459,0.4819765492567543
0.214556471921236,0.7854435280787639
0.2656939390660894,0.7343060609339106
4.163336342344337e-17,1.0
0.2279709324820605,0.7720290675179395
0.09488623154981447,0.9051137684501855
2.7755575615628914e-16,0.9999999999999998
0.3971482683589007,0.6028517316410992
0.08200432495107737,0.9179956750489225
0.25585297745044433,0.7441470225495557
0.12397521389279394,0.876024786107206
0.050718745132628716,0.9492812548673712
0.1727128192840151,0.827287180715985
0.055637844799547795,0.9443621552004522
0.14636994934919265,0.8536300506508073
0.030914116798370323,0.9690858832016299
0.1590539873986817,0.8409460126013183
0.16029951122402125,0.8397004887759788
0.03705138777522729,0.9629486122247727
0.3638884199821973,0.6361115800178028
0.06258218722847655,0.9374178127715235
5.551115123125783e-17,1.0
0.15728410829605524,0.8427158917039449
0.08455677811272305,0.915443221887277
0.43099825909449857,0.5690017409055014
0.20159564055344906,0.7984043594465509
0.3773928695708172,0.6226071304291828
0.150610344199212,0.849389655800788
0.09609808578727233,0.9039019142127277
0.20997666479933488,0.7900233352006651
0.020145946794476694,0.9798540532055233
0.27102155273128137,0.7289784472687187
0.15634133241789774,0.8436586675821024
0.033775832995682986,0.9662241670043171
0.1410770340849926,0.8589229659150074
0.11260784972922258,0.8873921502707774
0.22722414966438761,0.7727758503356124
3.608224830031759e-16,0.9999999999999997
0.39648187579890093,0.603518124201099
0.21837264485903235,0.7816273551409675
5.551115123125783e-17,1.0
0.0,1.0
0.24198753927661265,0.7580124607233873
0.44875583073977077,0.5512441692602291
0.06300044636160133,0.9369995536383986
5.551115123125783e-17,1.0
0.23983348185025866,0.7601665181497413
0.324548208688246,0.675451791311754
5.551115123125783e-17,0.9999999999999999
0.1264432130435422,0.8735567869564579
0.042772708896020986,0.9572272911039791
0.046891720321538106,0.953108279678462
0.05117328983470799,0.948826710165292
0.22001342224385986,0.7799865777561401
0.10249859772671718,0.8975014022732828
0.22869425708573352,0.7713057429142663
0.05961071909705545,0.9403892809029446
0.03313829198351103,0.9668617080164889
0.0,1.0
0.06409023383625549,0.9359097661637445
0.12492243392092539,0.8750775660790746
0.38629334595026893,0.6137066540497312
0.1861197666977082,0.8138802333022919
3.3306690738754696e-16,0.9999999999999997
0.343478281180905,0.6565217188190949
0.22962216679465922,0.7703778332053408
0.35154181646587757,0.6484581835341224
0.44754424460020464,0.5524557553997953
0.2646274551427315,0.7353725448572687
0.10727028446933384,0.892729715530666
0.12477337813735918,0.8752266218626408
1.6653345369377348e-16,0.9999999999999998
0.0172084889503415,0.9827915110496585
0.22078776481412415,0.7792122351858759
0.0,1.0
0.23735710154044498,0.7626428984595551
0.06473454124188142,0.9352654587581185
0.15346093386578613,0.8465390661342139
0.09093281322656682,0.9090671867734331
0.11870569706646386,0.8812943029335362
0.2779633647930979,0.7220366352069021
0.12344937712005981,0.8765506228799401
7.632783294297951e-17,0.9999999999999999
0.18075489158068725,0.8192451084193129
1.1102230246251565e-16,1.0
0.25099613519833497,0.7490038648016651
0.11119112710629506,0.8888088728937048
0.2910018860296085,0.7089981139703915
0.1062264408290551,0.8937735591709447
0.09805015031854102,0.9019498496814591
0.11094014819461535,0.8890598518053847
0.0,1.0
0.11826652679651228,0.8817334732034878
0.04596071930907858,0.9540392806909215
0.01951027220763709,0.980489727792363
0.01825807531863867,0.9817419246813615
0.0,1.0
0.21224454718271615,0.7877554528172838
0.09885840599848697,0.9011415940015131
0.05941067948434282,0.9405893205156572
0.1860657330091228,0.8139342669908773
0.0940997141181716,0.9059002858818285
0.16011098253586675,0.8398890174641332
0.0,1.0
0.38191869871470857,0.6180813012852916
0.0,1.0
2.1510571102112408e-16,0.9999999999999998
0.20288676132748582,0.7971132386725142
0.12025218536516401,0.879747814634836
0.18585671221539762,0.8141432877846023
0.1262793616359948,0.8737206383640053
0.42819236843243047,0.5718076315675695
0.40668492940013246,0.5933150705998675
3.608224830031759e-16,0.9999999999999998
0.09955897315178217,0.9004410268482179
0.0,1.0
0.1253695916079211,0.8746304083920791
0.0,1.0
0.2615771940574915,0.7384228059425086
0.40403008021142583,0.5959699197885743
0.15999124734788198,0.8400087526521182
0.0027123401341947084,0.9972876598658054
0.267599079546224,0.7324009204537758
5.551115123125783e-17,1.0
1.3877787807814457e-16,1.0
0.1197784481192965,0.8802215518807035
0.1282009982019782,0.8717990017980217
0.16693118064728188,0.8330688193527181
0.0,1.0
0.0,1.0
0.01803736915523655,0.9819626308447635
0.07055467473577086,0.9294453252642293
0.10121181062617639,0.8987881893738237
0.11615079079594146,0.8838492092040585
0.10250126548286422,0.8974987345171358
0.16039359107931742,0.8396064089206826
0.0850777342606568,0.914922265739343
0.02446918985581294,0.9755308101441871
0.049635042929291454,0.9503649570707087
0.0759402883939636,0.9240597116060364
0.28964144012199394,0.7103585598780061
0.18793443454130845,0.8120655654586916
0.0,1.0
0.18522777060694168,0.8147722293930584
0.33954100112795016,0.6604589988720498
0.23116879574366897,0.7688312042563311
0.13214620019198292,0.8678537998080171
0.10992752540300174,0.8900724745969982
0.3988052400397632,0.6011947599602369
0.20870599436578693,0.7912940056342129
0.040423386953316584,0.9595766130466834
0.21739161514944894,0.7826083848505511
0.0,1.0
1.8908485888147197e-16,0.9999999999999999
0.049757517453919355,0.9502424825460805
0.2277883007338152,0.7722116992661848
0.08587685938975467,0.9141231406102452
0.12382345339809757,0.8761765466019025
0.5760409105103519,0.423959089489648
0.48389545456149174,0.5161045454385084
0.08491972856673434,0.9150802714332656
0.0,1.0
0.1141761876943514,0.8858238123056487
0.12155396125987358,0.8784460387401264
0.048693870956714395,0.9513061290432858
0.07267540172800474,0.9273245982719953
0.3925655866928702,0.6074344133071299
0.09435592701061274,0.9056440729893873
0.09861197160408486,0.9013880283959151
0.0,1.0
0.09002047623373066,0.9099795237662693
0.144787398879336,0.8552126011206639
0.1321251976393928,0.8678748023606072
0.40542184219735944,0.5945781578026405
2.7755575615628914e-17,0.9999999999999999
0.25466031801233596,0.7453396819876641
2.42861286636753e-17,1.0
0.0,1.0
1.942890293094024e-16,0.9999999999999998
0.0,1.0
0.0,1.0
0.06600688342050134,0.9339931165794987
0.08982750297908697,0.9101724970209129
1.1102230246251565e-16,0.9999999999999999
0.058678574483931656,0.9413214255160683
0.0,1.0
0.32400216007457233,0.6759978399254277
0.2832700401297719,0.716729959870228
0.1389161645431789,0.861083835456821
0.07048646929826421,0.9295135307017359
0.23228013988227914,0.767719860117721
0.13158267884457486,0.8684173211554254
0.02948161221752557,0.9705183877824745
0.4111345861344707,0.5888654138655293
0.3628097478704129,0.637190252129587
0.052505928782039406,0.9474940712179606
0.08790880811385064,0.9120911918861495
0.0037756744381105775,0.9962243255618893
0.24610481881035626,0.7538951811896438
0.11836803052360523,0.8816319694763948
0.3621415361959814,0.6378584638040186
0.22983704381306802,0.770162956186932
2.7755575615628914e-17,1.0
0.01579220642294186,0.9842077935770581
0.6968261181927888,0.3031738818072114
0.11114404116954632,0.8888559588304537
0.044812336179734284,0.9551876638202659
0.12012732436879438,0.8798726756312056
0.18403052479663234,0.8159694752033676
0.0793014880876044,0.9206985119123957
5.551115123125783e-17,1.0
0.0,1.0
0.3152458352941771,0.6847541647058228
0.24928197971893484,0.7507180202810652
0.4192634826120675,0.5807365173879325
0.03931990791028178,0.9606800920897182
0.039252009667998584,0.9607479903320015
2.7755575615628914e-17,1.0
0.06166131226016531,0.9383386877398348
0.4625597756875825,0.5374402243124174
0.0,1.0
0.10213393172024529,0.8978660682797548
0.04405585142964744,0.9559441485703526
0.19386468200186918,0.8061353179981308
0.0,1.0
0.4666741649600196,0.5333258350399803
0.326217615313364,0.6737823846866361
0.1947936162007206,0.8052063837992793
0.08961938579355139,0.9103806142064487
0.0,1.0
0.12793750785148364,0.8720624921485164
0.13918556731792242,0.8608144326820776
0.1696461622468796,0.8303538377531204
0.0,1.0
0.0688835277253131,0.9311164722746869
0.18216623655576414,0.8178337634442359
0.04741249998801464,0.9525875000119853
0.11195254522707755,0.8880474547729224
0.05615490794690871,0.9438450920530913
1.8041124150158794e-16,0.9999999999999999
1.1102230246251565e-16,0.9999999999999999
1.1102230246251565e-16,1.0
0.14491023579614018,0.8550897642038598
0.3183967420450484,0.6816032579549516
0.0,1.0
0.10614070831963288,0.8938592916803672
0.059158620791543846,0.9408413792084562
0.21604154936515643,0.7839584506348436
0.10774341701570807,0.8922565829842918
0.1702277901253462,0.8297722098746538
0.17730654818127373,0.8226934518187263
0.38131672687654816,0.6186832731234517
0.536038553472818,0.4639614465271819
0.2761204782142142,0.7238795217857856
0.20882534282138893,0.7911746571786112
0.2800786937565208,0.7199213062434793
0.15344901192640922,0.846550988073591
0.024845998225461262,0.9751540017745387
0.24493327943892468,0.7550667205610753
0.019966249796104805,0.9800337502038952
0.07883668728738195,0.9211633127126181
0.0,1.0
0.32949347965560344,0.6705065203443966
0.282511128239267,0.7174888717607332
0.0,1.0
0.0,1.0
0.07239195971180767,0.9276080402881923
0.45876601909632586,0.541233980903674
0.1449240655622095,0.8550759344377907
0.23694120824156728,0.7630587917584327
0.1782698920458941,0.8217301079541061
0.007693985742196851,0.9923060142578032
0.0,1.0
0.11359342414461741,0.8864065758553824
0.2855168709736044,0.7144831290263957
0.0,1.0
0.36541954763572704,0.634580452364273
0.14126108570457285,0.8587389142954271
0.24755167029798036,0.7524483297020197
0.0703842286660215,0.9296157713339784
0.303328473362464,0.6966715266375362
0.22389410253433015,0.7761058974656699
0.11807816457282584,0.8819218354271741
0.0,1.0
0.05976061882714781,0.9402393811728522
0.11808019917970693,0.881919800820293
0.0,1.0
0.021076634428769805,0.9789233655712303
0.2596581832086388,0.7403418167913612
0.09743185874011022,0.9025681412598898
0.05728880689237554,0.9427111931076245
0.4244034457352316,0.5755965542647684
0.17453918311506403,0.825460816884936
0.0839419068955104,0.9160580931044895
0.24814154407843986,0.7518584559215602
0.05786897831886473,0.9421310216811355
0.0835808949444457,0.9164191050555542
0.21187434781246295,0.7881256521875372
0.02517336630057105,0.974826633699429
0.19805949617341523,0.8019405038265848
0.07843017162682657,0.9215698283731735
0.0,1.0
0.06126248074273162,0.9387375192572683
0.05611296969272298,0.9438870303072772
0.04530854631967016,0.9546914536803298
0.0,1.0
0.07458498012076246,0.9254150198792376
0.0,1.0
0.04586564815589736,0.9541343518441028
0.28106145544819816,0.718938544551802
0.28023760371686446,0.7197623962831355
0.03938816605716994,0.96061183394283
0.17766090003573273,0.8223390999642672
0.0,1.0
0.09660137654515627,0.9033986234548438
0.14827163574091917,0.8517283642590807
0.28202667329094244,0.7179733267090574
0.02736897065681399,0.972631029343186
0.13815748163385738,0.8618425183661427
0.14919474986828277,0.8508052501317172
0.2034179721093754,0.7965820278906247
0.11553525075208693,0.8844647492479131
0.1543930588888008,0.8456069411111993
0.4207759344305778,0.5792240655694221
0.1912468950597819,0.8087531049402182
0.0465442762310525,0.9534557237689475
0.0,1.0
0.10924129960304012,0.8907587003969599
5.551115123125783e-17,1.0
0.38063492631757034,0.6193650736824295
0.0,1.0
0.0,1.0
0.19918235893884653,0.8008176410611534
0.4358626588063104,0.5641373411936895
0.15433511904922195,0.8456648809507782
0.10462440789483604,0.8953755921051638
0.10709762865975103,0.892902371340249
0.16830133727127897,0.8316986627287213
0.13380846949516476,0.8661915305048352
0.016415077233334026,0.983584922766666
0.1235913393140965,0.8764086606859034
0.06727425974486538,0.9327257402551348
0.029729549630933973,0.970270450369066
0.18474764351820686,0.8152523564817931
0.0,1.0
0.117319040074152,0.8826809599258479
0.012061626468176484,0.9879383735318235
0.0,1.0
0.17502827279811953,0.8249717272018804
0.19084879605500948,0.8091512039449906
0.24920605031501758,0.7507939496849825
0.17650777725897,0.82349222274103
0.30214257197561206,0.6978574280243878
0.3636787124170548,0.636321287582945
0.41160459029467156,0.5883954097053284
0.14962541092724782,0.8503745890727521
0.021329115644966885,0.9786708843550331
0.20837039378549477,0.7916296062145053
0.06390624435545547,0.9360937556445446
0.017656022567411788,0.9823439774325882
1.734723475976807e-17,1.0
0.0,1.0
2.7755575615628914e-16,0.9999999999999997
0.2484375967905086,0.7515624032094914
0.16299484345865511,0.8370051565413448
0.0,1.0
0.19104071596228842,0.8089592840377116
0.22223597915673554,0.7777640208432645
0.07662021022008941,0.9233797897799106
0.11374493796894669,0.8862550620310534
0.026089605017892172,0.973910394982108
0.03570380407772563,0.9642961959222744
0.0,1.0
0.3407100116773531,0.6592899883226468
0.04803749853780149,0.9519625014621986
0.0,1.0
0.11726488584327846,0.8827351141567216
0.4030217169818818,0.5969782830181183
0.3005456129453642,0.699454387054636
0.19612877134789,0.8038712286521101
0.1297912739382048,0.8702087260617953
5.551115123125783e-17,1.0
0.1984888792257192,0.8015111207742808
0.022707481386643434,0.9772925186133565
0.472021317091781,0.5279786829082189
0.19091011542355268,0.8090898845764474
0.3068116549577878,0.6931883450422122
9.71445146547012e-17,1.0
0.0047560252062598075,0.9952439747937403
0.0,1.0
0.3554073075591018,0.6445926924408981
0.1822057219385603,0.8177942780614399
0.0,1.0
0.1016880102103036,0.8983119897896964
0.38035731150613544,0.6196426884938647
0.0,1.0
0.6026632035208711,0.3973367964791289
0.05308177449998971,0.946918225348879
0.2524668760708578,0.7475331239291422
0.3873567715456043,0.6126432284543957
0.04837670953074007,0.95162329046926
0.12106171108779545,0.8789382889122046
0.07516014700536686,0.9248398529946332
0.4583174991294872,0.5416825008705128
0.39796253518371594,0.6020374648162841
0.38796865488172894,0.6120313451182711
0.30474314163566185,0.695256858364338
0.0609684006862852,0.9390315993137148
0.49075696220703185,0.509243037792968
0.09400169576521837,0.9059983042347816
0.1429624774417003,0.8570375225582997
0.05838166937035144,0.9416183306296486
0.4407876293407789,0.5592123706592212
0.11384614913477063,0.8861538508652294
0.13358609573768307,0.8664139042623169
0.15346771894492536,0.8465322810550745
0.28911257504604265,0.7108874249539574
0.17110159134138586,0.8288984086586141
0.12382501473949244,0.8761749852605075
0.20234404311582682,0.7976559568841732
0.0,1.0
0.01801861170079729,0.9819813882992026
0.0,1.0
0.10843637684502731,0.8915636231549727
0.0,1.0
0.1444218552385246,0.8555781447614754
0.0,1.0
0.281785670739117,0.718214329260883
0.03505261063688995,0.96494738936311
0.06994724905781734,0.9300527509421824
0.15700045085531,0.84299954914469
0.0,1.0
0.19836418337363212,0.8016358166263676
0.037212711192119205,0.9627872888078808
0.24216284892727144,0.7578371510727286
0.0029682214276040043,0.997031778572396
0.10291867113203798,0.8970813288679621
0.018088238173806045,0.981911761826194
0.21032897022421104,0.7896710297757891
0.18487536484729356,0.8151246351527066
0.034880011860338504,0.9651199881396615
0.01780270584284507,0.9821972941571548
0.18251797237204856,0.8174820276279514
4.163336342344337e-17,1.0
0.3812155153842018,0.6187844846157983
8.326672684688674e-17,0.9999999999999999
0.025789169403974813,0.9742108305960252
0.17297334975954862,0.8270266502404513
0.23354222330336344,0.7664577766966367
0.07068336298599613,0.9293166370140037
0.17924000792239778,0.8207599920776022
0.0,1.0
0.45187453553080553,0.5481254644691945
0.25855547717965127,0.7414445228203487
0.09960539254100495,0.900394607458995
0.12521442572193434,0.8747855742780656
0.13249792668890345,0.8675020733110965
0.24101676603772926,0.7589832339622709
0.1725222831908581,0.827477716809142
0.19573576035084794,0.8042642396491522
0.33952866932258524,0.6604713306774148
0.19546579634263178,0.804534203657368
0.0,1.0
0.08958393952066002,0.9104160604793399
0.037582660754250645,0.9624173392457493
0.10723162639749319,0.8927683736025068
0.0,1.0
1.0755285551056204e-16,0.9999999999999999
0.0,1.0
0.05444081573692673,0.9455591842630733
0.28494536681758986,0.7150546331824101
0.11266757989263072,0.8873324201073695
2.7755575615628914e-17,1.0
0.012600782143434327,0.9873992178565657
2.7755575615628914e-17,1.0
0.29404512924746956,0.7059548707525305
0.13390927996289137,0.8660907200371087
0.3039647082352384,0.6960352917647616
0.3800857359305095,0.6199142640694906
0.2537533207881883,0.7462466792118115
0.0,1.0
0.38748342477223835,0.6125165752277618
0.0,1.0
0.0,1.0
0.21785816250831222,0.7821418374916879
0.12263577868116667,0.8773642213188334
0.2003037167943175,0.7996962832056826
9.71445146547012e-17,1.0
0.0,1.0
0.18328922750731252,0.8167107724926874
0.009204630638894772,0.9907953693611052
0.0,1.0
4.163336342344337e-17,1.0
0.07721366058472133,0.9227863394152787
5.551115123125783e-17,1.0
0.057403238696106834,0.9425967613038931
2.7755575615628914e-17,1.0
0.13707132774441017,0.86292867225559
0.0,1.0
0.1370675577697091,0.8629324422302911
0.3659146959302526,0.6340853040697473
0.16676444224332743,0.8332355577566727
0.0898144776495742,0.9101855223504257
0.27903595642196294,0.7209640435780371
0.11475610126407819,0.8852438987359218
0.44464474156260286,0.5553552584373972
0.14029222216004103,0.8597077778399588
0.025461724062196867,0.9745382759378031
0.35390696244766157,0.6460930375523384
0.08679286846348015,0.9132071315365198
0.0,1.0
0.09032776675903968,0.9096722332409602
0.0,1.0
0.21904244645659407,0.780957553543406
0.04902335661229556,0.9509766433877045
0.01692001974990163,0.9830799802500985
0.021885758030154873,0.9781142419698452
0.25293994487351584,0.7470600551264842
0.2875215070032268,0.7124784929967732
0.3238877110099427,0.6761122889900573
0.07408330775815282,0.9259166922418474
0.15460189633711063,0.8453981036628894
0.0,1.0
0.19526563065228278,0.8047343693477171
0.16761588200949842,0.8323841179905016
0.0257744971820565,0.9742255028179434
1.3877787807814457e-17,1.0
0.19529802178805789,0.8047019782119421
3.469446951953614e-17,1.0
0.11420620075039922,0.8857937992496007
1.1102230246251565e-16,1.0
0.12205277460342702,0.877947225396573
0.2554197536419247,0.7445802463580753
0.13009507084733762,0.8699049291526624
0.23493019695783643,0.7650698030421635
0.3335158831178226,0.6664841168821775
5.551115123125783e-17,1.0
0.10802902674869785,0.8919709732513021
0.20257516025776395,0.797424839742236
0.15217103725162395,0.847828962748376
0.11865871037454234,0.8813412896254578
0.033506645985339534,0.9664933540146605
0.2164158767812262,0.7835841232187737
0.1211861679853661,0.8788138320146338
0.05816610556367661,0.9418338944363234
0.011218918049071904,0.9887810819509281
0.03792181302670478,0.9620781869732952
0.25093176309860027,0.7490682369013998
0.04444588254678353,0.9555541174532165
0.40283088247875176,0.5971691175212483
0.19702252701082115,0.8029774729891788
0.22166917339725203,0.7783308266027481
0.0,1.0
0.31023007315986173,0.6897699268401384
0.10187417622310575,0.8981258237768942
0.3936738376202065,0.6063261623797935
0.1863977538475669,0.813602246152433
0.0,1.0
0.31850870750959703,0.681491292490403
0.3856774013108518,0.6143225986891481
0.052048595351331106,0.9479514046486688
5.551115123125783e-17,1.0
0.1116159583302594,0.8883840416697407
0.20124265284755577,0.7987573471524443
0.024515676577382926,0.9754843234226172
0.04396963329910376,0.9560303667008964
0.034115814627653146,0.965884185372347
0.17127455927049717,0.8287254407295029
0.148650485759973,0.851349514240027
0.0,1.0
0.2445307974991222,0.7554692025008778
0.20091844922606117,0.7990815507739388
0.0,1.0
0.12442444368760258,0.8755755563123974
0.1446535672419936,0.8553464327580064
0.17807766368788325,0.8219223363121168
0.12091049796654846,0.8790895020334517
0.41716777961805607,0.5828322203819439
0.24812525041709085,0.7518747495829091
0.2510885223843109,0.7489114776156892
0.0,1.0
0.07770683705641206,0.922293162943588
0.07364641749420375,0.9263535825057962
0.0,1.0
0.11583522958977034,0.8841647704102297
0.0,1.0
0.14791470875823437,0.8520852912417656
0.19701449015772118,0.8029855098422788
0.12531618825828555,0.8746838117417146
0.034685157456920926,0.9653148425430791
0.07732530891571557,0.9226746910842843
0.1773561882622375,0.8226438117377624
0.06210569848167024,0.9378943015183298
0.39383257505448727,0.6061674249455128
0.4911919620442951,0.5088080379557048
0.11562036808926943,0.8843796319107304
0.012741192062761208,0.987258807937239
0.18461864896846794,0.815381351031532
0.132699739431869,0.867300260568131
0.1600441656188089,0.839955834381191
0.012510456281368909,0.9874895437186311
0.1874946081537996,0.8125053918462003
0.4539176694575907,0.5460823305424093
0.0,1.0
0.0,1.0
0.03193826591018909,0.968061734089811
0.08991569374135933,0.9100843062586408
0.12830833775132672,0.8716916622486732
0.192715384531402,0.8072846154685981
0.20748324532826865,0.7925167546717312
0.24432461507749845,0.7556753849225017
5.551115123125783e-17,1.0
0.0,1.0
0.0,1.0
0.40191959719115555,0.5980804028088443
0.12147976924822003,0.8785202307517798
0.0,1.0
0.3139957108630279,0.6860042891369722
0.07314784487485372,0.9268521549679788
0.033228149265279235,0.9667718507347207
0.4163982340335697,0.5836017659664302
0.3065324399252311,0.693467560074769
0.21594620342515394,0.7840537965748461
0.16070324134256994,0.83929675865743
0.08212227330165635,0.9178777266983437
0.22799964367760286,0.7720003563223972
0.20559403542901764,0.7944059645709823
0.042119115185024966,0.9578808848149751
0.16753050642397835,0.8324694935760217
0.1629092708841201,0.83709072911588
0.0,1.0
0.21130329845553383,0.7886967015444662
0.15541564527242535,0.8445843547275745
0.17860773858340867,0.8213922614165913
0.03476708778696878,0.9652329122130312
0.07049573601639592,0.9295042639836042
0.0,1.0
0.08060296407149742,0.9193970359285025
0.09487257314745848,0.9051274268525416
0.0,1.0
0.04682719844709175,0.9531728015529083
0.13278999052671117,0.867210009473289
0.10517534472357548,0.8948246552764245
0.062005654719865994,0.9379943452801339
0.08304663613428624,0.9169533638657139
0.0,1.0
0.020117258536481476,0.9798827414635185
0.20082947975485851,0.7991705202451416
0.0294253127714045,0.9705746872285955
0.3299619944575202,0.6700380055424796
0.06667048062736516,0.933329519372635
0.28628142448431093,0.713718575515689
0.0892034166737819,0.9107965833262182
0.08687394087109401,0.913126059128906
0.3247498825151133,0.6752501174848867
0.15594849215605328,0.8440515078439467
0.14158683102433975,0.8584131689756602
0.23022875075595062,0.7697712492440494
0.07961074825194697,0.920389251748053
0.31515334787669186,0.6848466521233081
0.24761009669198938,0.7523899033080107
0.22782797738547747,0.7721720226145226
0.1950309008295595,0.8049690991704405
0.009215323945596075,0.990784676054404
0.0334905703345537,0.9665094296654463
0.24252500888358408,0.757474991116416
0.0801308057189567,0.9198691942810433
8.326672684688674e-17,1.0
0.34767974508847155,0.6523202549115285
0.1908805255270273,0.8091194744729727
0.115828570684487,0.8841714293155131
0.0,1.0
0.29099272659431286,0.7090072734056871
0.019268324927638636,0.9807316750723615
3.7470027081099033e-16,0.9999999999999997
0.05793510424390043,0.9420648957560994
0.0002024070507593004,0.9997975929492406
0.7769735118487662,0.2230264881512339
0.02461494370300978,0.9753850562969902
0.5253839582126744,0.47461604178732575
0.0,1.0
0.14412675527962765,0.8558732447203724
0.1285974302370744,0.8714025697629255
0.08911322366776352,0.9108867763322364
0.1402071412481932,0.8597928587518068
0.0,1.0
0.0,1.0
0.10723648675857549,0.8927635132414246
0.23540729526408738,0.7645927047359127
0.2485969421187203,0.7514030578812798
1.2836953722228372e-16,0.9999999999999999
0.35945000816111233,0.6405499918388877
0.2242102697627732,0.7757897302372269
2.498001805406602e-16,0.9999999999999998
0.1983442598739009,0.8016557401260992
0.0,1.0
0.004969005920088193,0.9950309940799118
0.0,1.0
0.09632284872675184,0.9036771512732482
0.0,1.0
0.061231496840852224,0.9387685031591478
0.07665532995197695,0.923344670048023
0.06379343570346752,0.9362065642965326
0.3306469667242713,0.6693530332757287
0.17963206800484546,0.8203679319951546
0.025203020270180274,0.9747969797298197
0.33837720877899363,0.6616227912210063
0.2538388956624181,0.746161104337582
0.12315035275809538,0.8768496472419045
0.2014446717901862,0.7985553282098139
0.0,1.0
0.04962228366446769,0.9503777163355324
0.043023574970568544,0.9569764250294315
0.5161233266975831,0.4838766733024169
2.7755575615628914e-17,1.0
0.0,1.0
0.0,1.0
0.3919433408276873,0.6080566591723127
0.600538774585943,0.39946122541405704
0.5111484555225557,0.48885154447744433
0.13413489441440873,0.8658651055855914
0.1473861509988388,0.8526138490011612
0.13341656037081903,0.866583439629181
0.0,1.0
0.11847524255102564,0.8815247574489743
0.00916584796486372,0.9908341520351364
0.0,1.0
0.12227823947290761,0.8777217605270923
0.0,1.0
0.08734403687042,0.91265596312958
0.029107210504529163,0.9708927894954709
0.3578573657777786,0.6421426342222215
0.10753205602674915,0.892467943973251
0.04177061336330889,0.9582293866366912
0.2442712042054409,0.7557287957945591
0.48340616565199684,0.5165938343480033
0.26864754237810284,0.731352457621897
0.0,1.0
0.18794268236264078,0.8120573176373592
0.12414226926739555,0.8758577307326044
0.14813800004420455,0.8518619999557955
1.6653345369377348e-16,0.9999999999999999
5.551115123125783e-17,1.0
0.1760948033851856,0.8239051966148145
0.04771694427502895,0.9522830557249711
0.3389797474026058,0.6610202525973943
0.3079087001378765,0.6920912998621237
0.0,1.0
0.3871639884129529,0.6128360115870474
0.19114030057490722,0.8088596994250928
0.277932862748268,0.722067137251732
0.2797488372992968,0.7202511627007033
0.27566667892293373,0.7243333210770662
0.16073858161070534,0.8392614183892946
0.2844608988764411,0.7155391011235588
0.1143470590697167,0.8856529409302833
0.01412852283630892,0.9858714771636911
0.11856292873642944,0.8814370712635705
0.1752287414409918,0.8247712585590082
5.551115123125783e-17,1.0
0.1983635281751219,0.8016364718248781
0.13244353016979118,0.867556469830209
0.2930349886370176,0.7069650113629822
0.06357649535667273,0.9364235046433276
1.6653345369377348e-16,1.0
0.0,1.0
0.5513644856885198,0.44863551431148013
0.25183445964692525,0.748165540353075
0.035340523741912024,0.964659476258088
0.4557443500081567,0.5442556499918431
0.4176194331915265,0.5823805668084735
0.17705494081629095,0.8229450591837092
0.0,1.0
2.7755575615628914e-17,1.0
0.21941751579176882,0.7805824842082312
0.09324218484188723,0.9067578151581125
0.11075026202303344,0.8892497379769664
0.15055475523984058,0.8494452447601594
0.17419574461140733,0.8258042553885928
0.05122019990142711,0.9487798000985729
0.0,1.0
0.11566251260261373,0.8843374873973862
0.24861528360286508,0.751384716397135
0.10486260704130532,0.8951373929586947
0.14084215662034755,0.8591578433796524
0.06481840954127392,0.9351815904587261
2.7755575615628914e-16,0.9999999999999997
0.28315614984729215,0.7168438501527079
0.12276134622178289,0.8772386537782172
0.04158694227363804,0.9584130577263619
0.11554873971236729,0.8844512602876327
0.09850536823667515,0.9014946317633248
5.551115123125783e-17,1.0
0.10651049813466966,0.8934895018653303
0.19270142859455294,0.807298571405447
0.26885595194586187,0.731144048054138
0.2222073932471959,0.7777926067528041
0.09460694945204796,0.905393050547952
0.4102509186868449,0.5897490813131552
0.10758426097569952,0.8924157390243005
0.0892571932520557,0.9107428067479443
0.3166400981706593,0.6833599018293407
0.009968639230909617,0.9900313607690905
0.12933223877149436,0.8706677612285058
0.0,1.0
0.2722577930011299,0.72774220699887
0.45012850764352463,0.5498714923564754
0.36489148061274873,0.6351085193872512
0.2801462169025919,0.7198537830974082
0.27179976495806857,0.7282002350419313
1.3877787807814457e-17,1.0
0.19520886510350052,0.8047911348964996
2.3592239273284576e-16,0.9999999999999998
0.07002776152446633,0.9299722384755337
0.011120649780604803,0.9888793502193953
0.14459358429960928,0.8554064157003907
0.15131626569619727,0.8486837343038026
0.46805240164605855,0.5319475983539413
0.09890968303303052,0.9010903169669696
5.551115123125783e-17,1.0
0.0,1.0
0.039277484193764124,0.9607225158062359
0.025619668739151336,0.9743803312608487
0.015117854863165126,0.9848821451368348
0.19060090819787917,0.8093990918021208
0.13719587911457154,0.8628041208854283
2.7755575615628914e-17,1.0
0.12011341193910233,0.8798865880608976
0.26491240221284806,0.7350875977871519
0.20847856165874357,0.7915214383412564
0.10856299337651612,0.891437006623484
0.31979992520064104,0.6802000747993588
2.7755575615628914e-17,1.0
0.3753438483722257,0.6246561516277743
0.41723632328698107,0.5827636767130189
0.004219745932533005,0.9957802540674671
0.172722345181708,0.8272776548182921
0.11468401680364125,0.8853159831963586
0.0,1.0
0.13061871418188925,0.8693812858181107
0.0,1.0
0.20212799764109723,0.7978720023589028
0.08021313506316374,0.9197868649368364
0.13616651930847348,0.8638334806915265
0.0,1.0
0.17807849972314221,0.8219215002768577
0.014138124204759758,0.9858618757952401
0.5877383157545675,0.41226168424543264
0.5,0.5
0.10215939006732298,0.8978406099326771
5.551115123125783e-17,1.0
0.006960698063582524,0.9930393019364175
0.29579802721709814,0.704201972782902
0.40679824352264404,0.593201756477356
0.22148751127943636,0.7785124887205638
0.18877970131938782,0.8112202986806122
0.044288910938026504,0.9557110890619736
0.3345405125264454,0.6654594874735547
0.0,1.0
2.7755575615628914e-17,1.0
0.0,1.0
0.30780239737363385,0.6921976026263661
0.40753424912691116,0.5924657508730888
0.16264309682315434,0.8373569031768457
0.04716320225526785,0.9528367977447323
0.0,1.0
0.026226382545032914,0.9737736174549672
0.016795813027020167,0.9832041869729797
0.0,1.0
2.7755575615628914e-17,1.0
0.139117245501686,0.860882754498314
0.20002020067021825,0.7999797993297818
0.13476608169761903,0.8652339183023809
0.17037055876038326,0.8296294412396168
9.71445146547012e-17,1.0
0.06879893306043795,0.931201066939562
0.0,1.0
0.08896126808339018,0.9110387319166098
0.0538855196176462,0.9461144803823539
0.0,1.0
0.3186257330784158,0.6813742669215842
0.20362341075732607,0.7963765892426741
0.04968400934817798,0.9503159906518219
0.12205846613103631,0.8779415338689637
0.35225021275855006,0.6477497872414498
0.02602995300235438,0.9739700469976456
0.1362667201871015,0.8637332798128984
0.22373094787756026,0.7762690521224399
0.023329141832981373,0.9766708581670186
0.0,1.0
0.27333037778431035,0.7266696222156895
0.2977823574834078,0.7022176425165922
0.1830321057435235,0.8169678942564765
0.5136682324938684,0.4863317675061317
0.09150330591878507,0.9084966940812148
0.03760678935348323,0.9623932106465167
0.17961765356765746,0.8203823464323425
0.03509891117402225,0.9649010888259778
0.1390550176126533,0.8609449823873468
0.0,1.0
0.20155012836981517,0.7984498716301848
0.24522557061142486,0.7547744293885751
0.12737537681372488,0.872624623186275
0.17920577601841078,0.8207942239815892
0.17106359344001862,0.8289364065599814
0.22798146696766924,0.7720185330323307
0.014794447391813126,0.9852055526081869
0.027492671660269696,0.9725073283397303
0.1002097297809374,0.8997902702190627
0.16654212215943376,0.8334578778405662
0.15344500827621615,0.8465549917237839
0.024511825309663914,0.975488174690336
0.0053153497626847,0.9946846502373153
0.10748133134810997,0.89251866865189
0.16351410619026535,0.8364858938097348
0.0,1.0
3.608224830031759e-16,0.9999999999999998
0.1854161253481997,0.8145838746518004
0.2522157795882023,0.7477842204117978
0.08201758385454806,0.9179824161454518
0.0,1.0
0.1166472835467131,0.883352716453287
0.06657683055493989,0.9334231694450602
0.17751064116327345,0.8224893588367265
0.15594289851652413,0.8440571014834758
0.2974074194624959,0.7025925805375038
3.0531133177191805e-16,0.9999999999999997
0.20745437325258229,0.7925456267474177
0.4384008989777245,0.5615991010222756
0.011226369236209378,0.9887736307637907
0.0,1.0
0.32420465406592347,0.6757953459340766
0.08040342797636954,0.9195965720236304
0.04696730733185275,0.9530326926681473
0.07820053330239587,0.9217994666976042
0.365353814947049,0.6346461850529511
0.05159809294231515,0.948401907057685
5.551115123125783e-17,1.0
0.011394361071980502,0.9886056389280196
0.0,1.0
0.00947725717030318,0.9905227428296969
0.18943441482054485,0.8105655851794551
0.0,1.0
0.084556668580446,0.915443331419554
0.23848438810346112,0.7615156118965389
0.21197621443877745,0.7880237855612227
5.551115123125783e-16,0.9999999999999996
0.0,1.0
0.0,1.0
0.1979333566413803,0.8020666433586198
0.3043942449420458,0.6956057550579543
0.142043338036369,0.857956661963631
5.551115123125783e-17,0.9999999999999999
0.08962479996744983,0.9103752000325501
0.0,1.0
0.11119986653763464,0.8888001334623654
0.0,1.0
0.13173708118333016,0.86826291881667
0.44215061316703114,0.557849386832969
0.26074084819053595,0.7392591518094641
0.34965058261970366,0.6503494173802964
3.0531133177191805e-16,0.9999999999999998
0.18147421229502164,0.8185257877049784
0.2467314795700758,0.7532685204299241
0.22965380697163593,0.7703461930283639
0.07178172537644179,0.9282182746235583
0.18951329441389395,0.810486705586106
0.2733697417960992,0.7266302582039008
0.24117681905609603,0.758823180943904
0.2326494324544692,0.7673505675455308
0.14127410370782492,0.8587258962921752
0.4072126074523739,0.592787392547626
0.0,1.0
0.017319457767427538,0.9826805422325724
0.10660484137371207,0.8933951586262879
0.34370098746235767,0.6562990125376422
0.08116946734218346,0.9188305326578166
0.20520244400924523,0.7947975559907547
0.12179862427333055,0.8782013757266696
0.02187310935392507,0.9781268906460749
0.055949718549095105,0.944050281450905
0.0725220580534792,0.9274779419465208
0.01738642032196667,0.9826135796780334
5.551115123125783e-17,1.0
0.33826654618474106,0.6617334538152588
0.1511104932909143,0.8488895067090856
0.1419048438766148,0.8580951561233852
0.08190846226804635,0.9180915377319536
0.11581857984087411,0.8841814201591259
0.0,1.0
0.18771482568205994,0.81228517431794
0.1900842395433292,0.8099157604566708
5.551115123125783e-17,1.0
0.20062736851522314,0.7993726314847769
0.0653746080795215,0.9346253919204784
1.249000902703301e-16,0.9999999999999999
0.22409215870770968,0.7759078412922903
0.12424638967168103,0.8757536103283189
0.15720946979176306,0.8427905302082368
0.14533085459268996,0.85466914540731
0.03588615575794747,0.9641138442420526
5.412337245047638e-16,0.9999999999999994
0.27333169867932344,0.7266683013206765
0.1644761920036013,0.8355238079963987
0.30639847086767846,0.6936015291323215
0.33759072080574565,0.6624092791942543
0.5089811763228275,0.4910188236771725
0.33035652863029064,0.6696434713697094
0.07754437873443672,0.9224556212655634
0.023893112312239114,0.9761068876877611
0.012283503722027866,0.9877164962779722
0.0209805538808452,0.9790194461191548
0.21826560107116166,0.7817343989288383
0.2240938969493385,0.7759061030506615
0.1259538437076349,0.8740461562923653
0.0,1.0
5.551115123125783e-17,1.0
5.551115123125783e-17,1.0
0.0565110458915117,0.9434889541084882
0.3168164217976371,0.6831835782023632
0.2642203770546251,0.735779622945375
0.11404797924410816,0.8859520207558919
0.20984549681987175,0.7901545031801283
0.10478985923475523,0.8952101407652447
0.36063981331951106,0.639360186680489
0.10859476952868247,0.8914052304713176
0.11355550057229952,0.8864444994277008
0.18613384850924336,0.8138661514907566
1.1102230246251565e-16,1.0
0.16611331110542737,0.8338866888945726
0.21374061419858748,0.7862593858014125
0.33675950999358173,0.6632404900064184
0.27180036512580574,0.7281996348741943
0.11977138656921972,0.8802286134307803
0.0672550444974821,0.932744955502518
0.18816507446083156,0.8118349255391685
0.051777342441788596,0.9482226575582113
0.09249662494097036,0.9075033750590297
0.07033757180323719,0.929662428196763
0.18345082345029035,0.8165491765497097
0.04300424179692913,0.9569957582030709
0.12467099241956492,0.875329007580435
0.07863016067953758,0.9213698393204623
0.258394098390521,0.741605901609479
0.0,1.0
0.11594732811281755,0.8840526718871824
0.26938372524009746,0.7306162747599028
0.07289218804150537,0.9271078119584948
0.17765111717477358,0.8223488828252266
0.3746244898065926,0.6253755101934074
0.0,1.0
0.07026609386173058,0.9297339061382695
0.16874426404777162,0.8312557359522286
0.05011770765611241,0.9498822923438875
0.0,1.0
0.0,1.0
0.16035811180414578,0.8396418881958545
0.03232278496104738,0.9676772150389527
0.0444308098238206,0.9555691901761795
0.16788275731580843,0.8321172426841915
0.07129007211778168,0.9287099278822183
0.1448595196823627,0.8551404803176372
0.3906251778245093,0.6093748221754908
0.0,1.0
0.3319261277460788,0.6680738722539212
0.12439686971650461,0.8756031302834955
0.0,1.0
0.0,1.0
0.007834730675726547,0.9921652693242734
0.213089520312031,0.7869104796879691
0.0,1.0
0.16049588977452287,0.8395041102254771
0.029643871479081017,0.970356128520919
0.2697862278760676,0.7302137721239325
0.15283580942610575,0.8471641905738942
0.16308345684921993,0.8369165431507802
0.023699395894492364,0.9763006041055076
0.13352161184498587,0.8664783881550141
0.04990983271577321,0.9500901672842268
0.1475214666951836,0.8524785333048164
0.0,1.0
0.09109795302439808,0.9089020469756018
0.14178264489143386,0.8582173551085662
0.05510954480859208,0.9448904551914079
0.5208348505215676,0.47916514947843253
0.271648190421712,0.728351809578288
0.19800537197712548,0.8019946280228746
0.11750832968005669,0.8824916703199434
0.1092138705071938,0.8907861294928062
0.33372557083136317,0.666274429168637
0.15988644946854869,0.8401135505314514
0.017581965226751945,0.982418034773248
0.24983947595265013,0.7501605240473499
0.13598319674145434,0.8640168032585458
0.06636027301100957,0.9336397269889904
0.509296052507617,0.490703947492383
0.22887980874943142,0.7711201912505684
0.18606534430024765,0.8139346556997522
0.21364303767049575,0.7863569623295042
0.31607575878705213,0.683924241212948
0.4215394221963543,0.5784605778036458
0.10693057726349299,0.893069422736507
0.46770938258330497,0.5322906174166951
0.0,1.0
0.2567459504576566,0.7432540495423435
0.22409315910110067,0.7759068408988994
0.13326265543030286,0.8667373445696972
0.1792841896463845,0.8207158103536155
0.3547464439108466,0.6452535560891534
2.220446049250313e-16,0.9999999999999998
5.551115123125783e-17,1.0
0.06347744326027124,0.9365225567397287
0.20986181515480984,0.7901381848451902
0.5743102503759459,0.4256897496240541
0.20243391938819463,0.7975660806118053
0.031004095045952054,0.9689959049540479
0.20340291427323928,0.7965970857267607
0.323480453844788,0.6765195461552121
3.3306690738754696e-16,0.9999999999999998
0.09345588830352741,0.9065441116964726
0.2683993054114265,0.7316006945885735
0.34282296583174837,0.6571770341682516
5.551115123125783e-17,1.0
0.040457451064864584,0.9595425489351355
0.0,1.0
0.23593750686349563,0.7640624931365044
0.1188460860387054,0.8811539139612946
0.26921321132181825,0.7307867886781816
0.20227310121367156,0.7977268987863285
0.2845962190844243,0.7154037809155757
0.19763619143059916,0.8023638085694009
0.16020272978401,0.8397972702159899
0.016136656222844114,0.9838633437771559
0.11507063045162434,0.8849293695483758
0.18751135841238456,0.8124886415876154
0.25437622842561763,0.7456237715743824
0.25767529771287334,0.7423247022871267
0.6183569792082153,0.3816430207917846
1.3877787807814457e-16,0.9999999999999999
0.17825951413849409,0.8217404858615057
0.06963610792860235,0.9303638920713976
0.0,1.0
0.17097803673128162,0.8290219632687184
0.027793518048177965,0.972206481951822
0.14555545140100162,0.8544445485989984
0.0,1.0
0.35408706114257954,0.6459129388574203
0.09242847378911082,0.907571526210889
0.18364006583933076,0.8163599341606693
0.24917857318888037,0.7508214268111196
6.245004513516506e-17,1.0
0.18112729205292005,0.8188727079470799
0.0,1.0
0.15444889419900712,0.8455511058009929
0.2513576380969065,0.7486423619030936
0.14570815627243425,0.8542918437275657
0.3553005368606638,0.6446994631393361
0.2160730823742623,0.7839269176257377
0.0,1.0
0.0981384033125001,0.9018615966875001
0.2926576072179021,0.707342392782098
0.09109130826495672,0.9089086917350431
0.006387172734836543,0.9936128272651635
0.026416429630467936,0.9735835703695321
0.09107441522740088,0.908925584772599
1.6653345369377348e-16,0.9999999999999999
0.3445582601487068,0.6554417398512932
0.2086179047064923,0.7913820952935077
1.1102230246251565e-16,1.0
0.003024942446920917,0.996975057553079
0.09006484105212496,0.909935158947875
0.44788410576129545,0.5521158942387044
0.25504824189568814,0.7449517581043118
0.0,1.0
0.17920789623206584,0.820792103767934
0.2904390111806899,0.7095609888193102
0.16321872794283745,0.8367812720571626
0.08157513465624208,0.918424865343758
0.2004108642152796,0.7995891357847205
0.28325673892811115,0.716743261071889
0.2767466218076327,0.7232533781923671
0.2306456023686278,0.7693543976313723
0.1386529026631854,0.8613470973368146
0.06007989610331625,0.939920103896684
6.38378239159465e-16,0.9999999999999993
0.16105249221822693,0.838947507781773
0.20353996170776376,0.7964600382922362
0.5782825847197318,0.4217174152802682
0.15987748315900244,0.8401225168409976
0.14154501806246877,0.8584549819375312
0.1933407463436134,0.8066592536563866
8.326672684688674e-17,0.9999999999999999
0.36164026801325205,0.638359731986748
0.2099692117955392,0.7900307882044607
0.0848334899784303,0.9151665100215697
0.05111679287041143,0.9488832071295885
0.5280200108035047,0.4719799891964953
0.01317594713893978,0.9868240528610602
0.11707686014084517,0.8829231398591548
0.13686152690705722,0.8631384730929429
0.32202911327866507,0.6779708867213348
0.29581504447777685,0.7041849555222229
0.0,1.0
0.043165503303831385,0.9568344966961686
0.10912330805507,0.8908766919449301
0.08989006476954876,0.9101099352304513
0.111415262232401,0.8885847377675989
0.0,1.0
0.27625099545249027,0.7237490045475098
0.16238637477650414,0.837613625223496
0.2449950455691144,0.7550049544308857
0.23256752651584972,0.7674324734841502
0.09232946445546254,0.9076705355445375
0.48377807615914475,0.5162219238408552
0.08051171407894041,0.9194882859210597
0.0,1.0
0.4022561531861068,0.5977438468138931
0.19284675851317704,0.8071532414868231
2.220446049250313e-16,0.9999999999999998
0.45993902624479527,0.5400609737552046
0.11689792584148259,0.8831020741585175
0.35543377448755603,0.644566225512444
5.551115123125783e-17,1.0
0.28957869954215376,0.7104213004578461
6.938893903907228e-18,0.9999999999999999
0.0,1.0
0.2343834587019316,0.7656165412980683
0.0,1.0
0.15044049604769502,0.849559503952305
1.1102230246251565e-16,0.9999999999999999
0.0018481022301472456,0.9981518977698527
0.0,1.0
5.551115123125783e-17,1.0
0.025227872245980207,0.9747721277540198
0.05769547448202227,0.9423045255179778
0.13919974667645924,0.8608002533235408
0.009292055552658409,0.9907079444473416
0.1909192534648653,0.8090807465351347
0.35829596973946837,0.6417040302605317
0.01594611648566119,0.984053883514339
0.05145821196933061,0.9485417880306695
0.10878426645080065,0.8912157335491994
0.038477178897002334,0.9615228211029976
0.04018890341446374,0.9598110965855362
0.19539067198487237,0.8046093280151276
0.16000089449978977,0.8399991055002102
0.14728679224356897,0.8527132077564311
0.29112851721615424,0.7088714827838457
0.08299168771492155,0.9170083122850786
0.2600589784283599,0.73994102157164
0.09943712996460458,0.9005628700353954
0.0,1.0
0.2619830557772456,0.7380169442227544
0.4093895254913852,0.5906104745086147
0.12741109053555189,0.8725889094644481
0.06770411669978268,0.9322958833002174
0.24691668615984455,0.7530833138401555
5.952269926945419e-16,0.9999999999999994
0.43895257487456185,0.5610474251254381
1.6653345369377348e-16,1.0
5.551115123125783e-17,1.0
0.10418119096623918,0.8958188090337608
0.0,1.0
1.6653345369377348e-16,1.0
0.0,1.0
0.08440134714933815,0.9155986528506617
0.057895202156036406,0.9421047978439635
0.3445183820756607,0.6554816179243392
0.0,1.0
0.14755548916638866,0.8524445108336115
1.1102230246251565e-16,1.0
0.1724569212053443,0.8275430787946557
0.04624024938229217,0.9537597506177078
0.14540015656161473,0.8545998434383852
0.17297424516410753,0.8270257548358924
2.498001805406602e-16,0.9999999999999998
0.14199769955441785,0.858002300445582
0.13525568702957713,0.8647443129704229
0.09102495850090551,0.9089750414990945
4.85722573273506e-16,0.9999999999999997
0.0,1.0
0.006464546894775148,0.9935354531052248
0.29340896494995833,0.7065910350500417
0.04324307679214303,0.9567569232078571
0.32935473451497144,0.6706452654850288
0.12638240875036155,0.8736175912496384
0.2635317691965456,0.7364682308034544
0.19386165566799665,0.8061383443320034
0.0,1.0
0.03360899787817097,0.9663910021218292
0.12038106547555794,0.879618934524442
0.2582794172499095,0.7417205827500905
0.03361273088972016,0.9663872691102798
0.03447745959980361,0.9655225404001965
0.43726474753867994,0.5627352524613202
0.5090235224812552,0.49097647751874485
0.010958868337222743,0.9890411316627773
0.2443451731363159,0.755654826863684
0.1590559624046801,0.84094403759532
0.4341025055007746,0.5658974944992254
5.551115123125783e-17,1.0
1.8041124150158794e-16,0.9999999999999999
0.14448543842354186,0.8555145615764581
0.16590518959807446,0.8340948104019255
0.09658024331916489,0.9034197566808352
0.14682928092633704,0.8531707190736629
5.551115123125783e-17,1.0
0.0,1.0
0.06766837887623661,0.9323316211237634
0.3512760235707648,0.6487239764292353
0.09753100365637947,0.9024689963436205
0.2425253066868293,0.7574746933131706
0.056887606445083394,0.9431123935549165
0.03976735702230767,0.9602326429776924
0.08055745389764941,0.9194425461023507
0.10126151416527289,0.8987384858347272
0.14831339460108514,0.8516866053989148
0.11287099808211744,0.8871290019178827
0.16865709252615918,0.8313429074738408
0.08305708833911245,0.9169429116608875
0.17736408040286966,0.8226359195971303
0.30627903551088703,0.693720964489113
0.0764818272420969,0.9235181727579032
0.10249403253430343,0.8975059674656967
0.5028369206257264,0.49716307937427356
0.0,1.0
0.08914432217037793,0.9108556772071631
0.19471539230589405,0.805284607694106
0.23228222847071434,0.7677177715292857
0.12493905949691195,0.875060940503088
0.13151456040454643,0.8684854395954535
0.20853977189762174,0.7914602281023784
0.0,1.0
0.19244489655175867,0.8075551034482412
1.942890293094024e-16,0.9999999999999998
1.0755285551056204e-16,1.0
0.2830151291599097,0.7169848708400905
0.2024629449779925,0.7975370550220077
5.551115123125783e-17,1.0
0.21045187558708803,0.7895481244129119
0.027676078279522152,0.9723239217204779
0.1712652416140455,0.8287347583859546
0.20176280135577357,0.7982371986442264
0.06523357581809353,0.9347664241819066
0.08731735689751506,0.9126826431024849
2.7755575615628914e-17,1.0
8.326672684688674e-17,1.0
0.008091455644220645,0.9919085443557795
0.07744455263000333,0.9225554473699966
0.11678224521305838,0.8832177547869415
5.551115123125783e-17,1.0
0.2732407937129774,0.7267592062870227
0.07794166196386446,0.9220583380361356
0.09397559134771064,0.9060244086522894
0.008068422851320102,0.9919315771486799
0.38049604723849517,0.6195039527615047
0.10122327543880104,0.898776724561199
0.25353643234148515,0.7464635676585148
0.1066808377224534,0.8933191622775466
1.942890293094024e-16,0.9999999999999998
0.0,1.0
0.04954409665117454,0.9504559033488253
5.551115123125783e-17,0.9999999999999999
0.1654418361747423,0.8345581638252577
0.19665744526801862,0.8033425547319814
0.19081458595313436,0.8091854140468657
5.551115123125783e-17,1.0
0.6156813479161112,0.38431865208388877
0.13556415042401665,0.8644358495759833
0.11078788669455947,0.8892121133054405
0.0,1.0
0.5998635769172904,0.40013642308270964
0.38383195540080334,0.6161680445991967
5.551115123125783e-17,1.0
0.16331715926233406,0.836682840737666
0.0,1.0
0.14683566705412357,0.8531643329458766
0.09801286768282656,0.9019871323171735
0.2492164686573483,0.7507835313426517
0.13626299728561134,0.8637370027143887
0.1744259237002831,0.825574076299717
0.424180869261159,0.575819130738841
0.3286952760179002,0.6713047239820997
0.04684341995177601,0.953156580048224
0.21747717672492559,0.7825228232750747
0.5140365869208894,0.4859634130791106
0.03302888532686658,0.9669711146731333
0.14374551828950716,0.8562544817104929
0.17817729264468635,0.8218227073553138
0.17401867924556275,0.8259813207544373
0.0,1.0
0.0,1.0
0.4422059580828702,0.5577940419171298
0.0,1.0
0.1443599235366461,0.8556400764633539
0.0,1.0
0.17413002522896845,0.8258699747710315
0.026456993431956816,0.9735430065680433
0.09554552527691448,0.9044544747230856
0.13566524502479663,0.8643347549752034
0.24647309595755595,0.7535269040424439
0.4056158530778249,0.5943841469221752
0.16494698690965712,0.835053013090343
0.15226494846265723,0.8477350515373429
0.12367185454695491,0.8763281454530452
0.17691816717112951,0.8230818328288705
0.07633786079184937,0.9236621392081507
0.0,1.0
0.1810198985261539,0.8189801014738461
0.22174639611558047,0.7782536038844197
2.3418766925686896e-16,0.9999999999999998
0.0705761210430238,0.9294238789569762
0.40585029090005,0.59414970909995
0.20341233934825714,0.796587660651743
0.08737373645430575,0.9126262635456942
0.13219449960886867,0.8678055003911314
0.07463125476154839,0.9253687452384517
0.1896549670487444,0.8103450329512559
0.21744562588250105,0.7825543741174988
0.12336855745810396,0.8766314425418961
0.13766185456017024,0.8623381454398297
0.05635595295401835,0.9436440470459815
0.41269270683477416,0.5873072931652258
0.0815571654084068,0.9184428345915933
0.2338441555451031,0.7661558444548969
0.16388126360719688,0.8361187363928032
0.2581207177026487,0.7418792822973512
6.938893903907228e-17,1.0
0.3280960557564443,0.6719039442435556
0.1950307197222984,0.8049692802777014
0.07536443311537906,0.9246355668846209
0.18670442740391743,0.8132955725960826
0.0929006342045225,0.9070993657954776
0.0,1.0
0.15190484502803178,0.8480951549719684
0.03929061953092657,0.9607093804690734
5.551115123125783e-17,1.0
0.0635931559245927,0.9364068440754073
0.0,1.0
0.02553565050171957,0.9744643494982805
8.326672684688674e-17,1.0
0.10723508675255557,0.8927649132474443
0.09516633469757982,0.9048336653024203
0.3274482013280977,0.6725517986719022
0.3402994616229807,0.6597005383770194
0.0,1.0
0.017072781920982848,0.9829272180790173
0.17296576214666456,0.8270342378533354
0.1190081643882167,0.8809918356117833
0.09625681128309728,0.9037431887169028
0.0,1.0
0.4365527272871131,0.563447272712887
0.39341504313051695,0.606584956869483
0.20119732609425509,0.798802673905745
0.3614232472115706,0.6385767527884294
5.551115123125783e-17,1.0
0.14673507182270581,0.8532649281772942
0.0,1.0
0.2333683231438923,0.7666316768561076
0.2126927055069938,0.7873072944930062
0.25000339528851045,0.7499966047114897
0.0,1.0
0.37623052032246534,0.6237694796775347
0.08304731924149684,0.9169526807585031
0.3244659744025751,0.6755340255974249
0.21863983556005276,0.7813601644399473
0.0447341523590794,0.9552658476409207
0.38857823581794826,0.6114217641820515
0.11577578881021588,0.8842242111897842
0.08406185903149134,0.9159381409685088
0.20965275160054822,0.7903472483994519
0.11412426413737872,0.8858757358626212
0.14747175025095335,0.8525282497490467
0.11157256844470138,0.8884274315552986
0.1591786387838878,0.8408213612161125
0.21843230627214089,0.7815676937278592
0.0,1.0
0.06263711746192704,0.9373628825380731
0.23361570878729898,0.766384291212701
0.16057916683328985,0.8394208331667101
0.325411397195739,0.674588602804261
0.1506496778454478,0.8493503221545521
0.5724296605987146,0.42757033940128547
0.0,1.0
0.0,1.0
0.32387914637251053,0.6761208536274895
0.2829144966104089,0.7170855033895912
0.05500159901064241,0.9449984009893576
0.08211753365697214,0.917882466343028
0.0,1.0
0.09378573054795666,0.9062142694520432
0.0,1.0
2.7755575615628914e-16,0.9999999999999998
0.16938856520370577,0.8306114347962941
0.11350395164688257,0.8864960483531176
0.49924727874393604,0.5007527212560638
0.11359510891935098,0.886404891080649
0.1196984170739555,0.8803015829260445
0.022145288681258604,0.9778547113187414
0.0,0.9999999999999999
0.08871838439039402,0.9112816156096059
0.03547354844622909,0.9645264515537708
0.39239221305424843,0.6076077869457512
0.14328124934718664,0.8567187506528134
0.0,1.0
0.0,1.0
0.34986627571583995,0.65013372428416
0.3594497497070991,0.6405502502929009
0.3208583726938191,0.679141627306181
0.12021344512718135,0.8797865548728186
0.02439328620848048,0.9756067137915196
0.17297714841627185,0.8270228515837281
0.10684225855522149,0.8931577414447784
0.014568098560478209,0.9854319014395218
0.33418560058715024,0.6658143994128495
0.0,1.0
0.2154551177062959,0.7845448822937041
0.31876515036520947,0.6812348496347908
0.14248182998652084,0.8575181700134792
0.08127551517966031,0.9187244848203396
0.3028433327287711,0.6971566672712289
0.16376540996960307,0.8362345900303971
0.04183455032861312,0.958165449671387
0.039086569229024315,0.9609134307709759
0.07836489350174108,0.9216351064982589
8.326672684688674e-17,0.9999999999999999
0.2000517188863264,0.7999482811136734
0.35894094725286135,0.6410590527471387
0.2498126085549252,0.7501873914450747
0.03453155170935151,0.9654684482906485
0.22081705672867977,0.7791829432713203
0.08508196673854541,0.9149180332614546
0.13672590188148162,0.8632740981185184
0.46601839545830664,0.5339816045416933
0.1942883224827178,0.8057116775172822
0.08009443753038932,0.9199055624696106
0.05726396836509269,0.9427360316349074
0.46409173996795633,0.5359082600320436
0.1751721040038983,0.8248278959961016
5.551115123125783e-17,1.0
0.10162577094892414,0.8983742290510759
0.0,1.0
0.4477350174313774,0.5522649825686226
0.145017688197071,0.8549823118029289
5.551115123125783e-17,1.0
0.0075345797312294524,0.9924654202687706
0.18632197580111007,0.8136780241988899
0.21657950997985725,0.7834204900201428
0.38094165890729925,0.6190583410927006
0.11616482434087805,0.883835175659122
0.2673826361753506,0.7326173638246495
0.03648881200656119,0.9635111879934388
0.10127686874702654,0.8987231312529734
9.540979117872439e-17,1.0
0.04114131475274195,0.958858685247258
0.2448145431695138,0.7551854568304861
0.10623063053097294,0.8937693694690271
0.5020618931810386,0.4979381068189614
0.029923846503158727,0.9700761534968413
0.025974727608660302,0.9740252723913396
6.938893903907228e-18,0.9999999999999999
0.1707673070417817,0.8292326929582183
0.11286528994631327,0.8871347100536868
3.0531133177191805e-16,0.9999999999999998
0.009663634360096159,0.9903363656399037
0.3337501325331884,0.6662498674668115
0.06388682582675892,0.9361131741732411
0.09507398864167943,0.9049260113583207
0.004575301815454669,0.9954246981845454
0.03147598910225857,0.9685240108977413
0.11139233341357782,0.8886076665864222
0.30821788697830027,0.6917821130216997
2.1510571102112408e-16,0.9999999999999998
0.0890785860433232,0.9109214139566767
0.0031705852514284155,0.9968294147485717
0.1471806775663946,0.8528193224336053
0.0,1.0
0.0,1.0
0.07896621448743872,0.9210337855125614
0.03678882860209945,0.9632111713979007
0.0,1.0
0.13375249385457857,0.8662475061454213
0.0,1.0
1.6653345369377348e-16,0.9999999999999999
0.059296300072221066,0.9407036999277791
0.1418877428479996,0.8581122571520005
2.7755575615628914e-17,1.0
0.12109693907414619,0.8789030609258537
0.0776389416327666,0.9223610583672335
1.1102230246251565e-16,1.0
0.08961369922635921,0.9103863007736408
0.21216841680908477,0.7878315831909152
1.6653345369377348e-16,0.9999999999999998
0.0,1.0
0.29489173160886617,0.7051082683911338
0.3949840694162121,0.605015930583788
0.034369023021231175,0.9656309769787688
0.0,1.0
5.551115123125783e-17,1.0
0.4475990808658082,0.5524009191341919
0.05348646073648369,0.9465135392635163
0.0,1.0
0.3036144172474245,0.6963855827525756
5.551115123125783e-17,1.0
0.30173425693988576,0.6982657430601144
2.7755575615628914e-16,0.9999999999999998
0.2104991030382998,0.7895008969617002
0.0,1.0
0.2102508391102223,0.7897491608897774
0.08228573526260376,0.9177142647373963
0.06796349149772914,0.9320365085022709
0.2323338359152914,0.7676661640847087
0.19312484847593195,0.8068751515240681
0.08529215648435184,0.9147078435156482
0.2264385314477173,0.7735614685522828
0.10003543364354689,0.8999645663564532
0.40047113582342553,0.5995288641765745
0.15387463646359759,0.8461253635364024
0.19011592071088412,0.8098840792891159
1.1102230246251565e-16,0.9999999999999999
0.5016052368570927,0.4983947631429073
0.27663176592614735,0.7233682340738526
0.10687511256044262,0.8931248874395573
0.05743600870176271,0.9425639912982374
0.07334791666661682,0.9266520833333832
0.0,1.0
4.163336342344337e-17,1.0
0.4697577088888719,0.530242291111128
0.47101811662177717,0.5289818833782229
0.07451528697542405,0.925484713024576
9.71445146547012e-17,0.9999999999999999
0.19415130599115307,0.805848694008847
0.2444036985376636,0.7555963014623364
0.16743074208364964,0.8325692579163504
0.08219685942055392,0.9178031405794461
0.0,1.0
0.06334071164136974,0.9366592883586302
0.07201893460539371,0.9279810653946063
0.03551737947910573,0.9644826205208943
0.0,1.0
0.15870293363293864,0.8412970663670615
0.5007352242682533,0.49926477573174666
0.2560975791343745,0.7439024208656257
0.09537337210451685,0.9046266278954831
1.1102230246251565e-16,1.0
0.43377619128545614,0.566223808714544
0.09461472019808448,0.9053852798019155
0.0008404298093092861,0.9991595701906908
0.05127069136387864,0.9487293086361214
0.20368561703535587,0.7963143829646442
0.08411791218063973,0.9158820878193602
0.4076751751363012,0.592324824863699
0.08190783750105764,0.9180921624989424
0.26568891572608283,0.7343110842739172
0.2163721033113608,0.7836278966886391
0.1652147651950779,0.8347852348049222
0.06048359883419241,0.9395164011658079
0.014691018670104396,0.9853089813298955
0.22342470717337642,0.7765752928266235
2.220446049250313e-16,0.9999999999999999
0.1892088723780558,0.8107911276219443
0.026180082718187708,0.9738199172818124
0.14346999675781122,0.8565300032421889
0.21086663771693356,0.7891333622830665
0.1618628364153177,0.8381371635846824
0.026135102014609383,0.9738648979853906
0.09109500430343351,0.9089049956965664
1.942890293094024e-16,0.9999999999999998
0.36868534591277985,0.6313146540872201
0.16196320540912135,0.8380367945908787
0.2169226140067232,0.7830773859932767
0.1556872414460322,0.8443127585539679
0.3112923989057664,0.6887076010942336
0.05413118010144914,0.9458688198985509
0.03391638492052747,0.9660836150794726
0.3768117002751485,0.6231882997248515
0.4211738410725684,0.5788261589274316
0.1043304777417168,0.8956695222582832
0.23674036838167348,0.7632596316183266
0.12834121216825523,0.8716587878317449
8.534839501805891e-16,0.9999999999999991
0.029781506182361767,0.9702184938176383
0.0,1.0
0.02323557074368312,0.9767644292563168
0.1513336467414465,0.8486663532585537
0.19081382414103504,0.809186175858965
0.06293739806144595,0.9370626019385541
5.551115123125783e-17,1.0
0.2403327137175214,0.7596672862824786
1.1102230246251565e-16,0.9999999999999999
0.1234679432657671,0.876532056734233
0.13101112548827748,0.8689888745117226
0.2139763248667325,0.7860236751332675
0.06278661224917681,0.9372133877508231
0.2515972344161589,0.748402765583841
0.19776305827385543,0.8022369417261446
0.18985217782618297,0.8101478221738169
0.2419412808281546,0.7580587191718453
0.0,1.0
0.209502507616944,0.7904974923830559
0.23269235152248832,0.7673076484775117
2.7755575615628914e-17,1.0
0.08397159990269112,0.916028400097309
0.0,1.0
0.0,1.0
0.11024848812505768,0.8897515118749423
0.29045798958870517,0.7095420104112949
0.12185421605905573,0.8781457839409442
0.07817759583726452,0.9218224041627355
0.05973838071398774,0.9402616192860122
0.024647553868617025,0.9753524461313829
0.4009132465857127,0.5990867534142873
0.3774768678258039,0.6225231321741961
0.23963418009734488,0.7603658199026551
0.5504473265732974,0.44955267342670274
0.1768127127673738,0.8231872872326261
0.221136930873899,0.7788630691261011
0.0,1.0
0.061547122197220104,0.93845287780278
0.0,1.0
0.14595519407097038,0.8540448059290296
0.3298295283383237,0.6701704716616763
0.16126208907482542,0.8387379109251745
0.33018204454163513,0.6698179554583649
0.1722487860430685,0.8277512139569315
0.19193395014136852,0.8080660498586314
0.03773471914717485,0.962265280852825
0.3330212040789045,0.6669787959210953
0.30626750524231217,0.693732494757688
5.551115123125783e-17,1.0
0.008110346811662656,0.9918896531344789
0.05851253211137772,0.9414874678886224
0.0,1.0
0.22737370217774913,0.7726262978222509
0.10859517378355488,0.891404826216445
0.1045798034634972,0.8954201965365028
0.1851509421927627,0.814849057807237
0.0,1.0
0.2132414502155902,0.7867585497844097
8.326672684688674e-17,1.0
0.4994560190981719,0.5005439809018282
0.21798105948087035,0.7820189405191296
1.249000902703301e-16,0.9999999999999999
0.1264892949850606,0.8735107050149395
0.09615389104545931,0.9038461089545408
0.058602214828683774,0.9413977851713158
0.4636038063736178,0.5363961936263824
2.7755575615628914e-17,1.0
0.07397222300479522,0.9260277769952048
0.0026211868715942514,0.9973788131284057
0.4478102556278844,0.5521897443721157
0.0007221769112228405,0.9992778230887772
0.0215377676571419,0.9784622323428581
0.06655044402692055,0.9334495559730794
0.0,1.0
0.2577106004329542,0.7422893995670458
0.3464855875089398,0.6535144124910602
0.0,1.0
0.0,1.0
0.09586829489912013,0.9041317051008798
0.4683458969221819,0.531654103077818
0.1519057811028912,0.8480942188971087
0.03142545362135454,0.9685745463786456
0.023735568484631948,0.976264431515368
0.3322580444868806,0.6677419555131194
0.2663880271886623,0.7336119728113376
0.24249768935819252,0.7575023106418076
0.1221781183924006,0.8778218816075996
0.06477586798605167,0.9352241320139483
0.17085770306843126,0.8291422969315687
0.2384632236036953,0.7615367763963048
1.6653345369377348e-16,0.9999999999999998
0.0,1.0
0.1258747371178162,0.8741252628821838
0.1322870420783827,0.8677129579216173
0.1682699457662262,0.8317300542337738
0.19269647290821482,0.8073035270917852
0.09427459630907394,0.9057254036909259
0.13350482517208348,0.8664951748279165
0.14085044117780388,0.8591495588221961
0.1425306893085344,0.8574693106914657
0.1350100333734462,0.8649899666265538
0.0,1.0
0.14255794565341057,0.8574420543465893
0.2933593132609,0.7066406867391002
0.0,1.0
0.09497546341928598,0.9050245365807139
0.13563996256141295,0.864360037438587
0.2014544032390996,0.7985455967609004
0.2120143781096434,0.7879856218903563
0.07106933912811735,0.9289306608718826
0.208018275781671,0.791981724218329
0.02172515952338078,0.9782748404766193
0.014512218307822277,0.9854877816921778
0.17892872276527588,0.8210712772347241
0.03187319877508387,0.968126801224916
0.22205016024898133,0.7779498397510186
5.551115123125783e-17,1.0
5.412337245047638e-16,0.9999999999999994
0.009761749570847434,0.9902382504291525
0.0,1.0
0.0,1.0
0.13734936637807194,0.8626506336219282
0.19018775759479284,0.809812242405207
0.09635247291612747,0.9036475270838726
0.22603680412507396,0.7739631958749261
0.10869402048326714,0.8913059795167328
0.16589253244761124,0.8341074675523888
0.2653771179813268,0.7346228820186731
0.09091680113056233,0.9090831988694378
0.0,1.0
0.3905013795811194,0.6094986204188805
0.06212811774739836,0.9378718822526018
2.7755575615628914e-17,1.0
2.5673907444456745e-16,0.9999999999999998
0.24718953256482307,0.752810467435177
5.551115123125783e-17,1.0
0.0,1.0
0.25045387206632286,0.749546127933677
0.0,1.0
0.05673807967159172,0.9432619203284083
0.31130947189107455,0.6886905281089254
0.06572045271449868,0.9342795472855013
0.134710996566592,0.8652890034334081
0.0,1.0
0.0,1.0
0.11329938427946046,0.8867006157205396
0.5202695231170325,0.4797304768829676
0.18743724450332555,0.8125627554966743
0.1483332042786516,0.8516667957213484
1.1102230246251565e-16,0.9999999999999999
0.1620744087308176,0.8379255912691824
0.10451583764624571,0.8954841623537544
0.4474483252013,0.5525516747987
6.938893903907228e-17,0.9999999999999999
0.05806276800549855,0.9419372319945014
0.24928855131858668,0.7507114486814134
2.7755575615628914e-17,1.0
0.3394124316881532,0.660587568311847
4.85722573273506e-17,1.0
0.4310194055814654,0.5689805944185347
0.2170397929914914,0.7829602070085087
0.09531368165102148,0.9046863183489786
0.37051646809362926,0.6294835319063709
0.07234943018190838,0.9276505698180918
0.028493168584954605,0.9715068314150453
0.1060496511306214,0.8939503488693785
0.0,1.0
0.009852468286749646,0.9901475317132504
0.24696704967206798,0.7530329503279319
0.032327688257952236,0.9676723117420478
0.07684882486153394,0.923151175138466
0.0,1.0
0.025098214876739498,0.9749017851232606
0.026628279782100667,0.9733717202178993
5.551115123125783e-17,1.0
0.3200205867935034,0.6799794132064966
0.02169758084256868,0.9783024191574313
2.7755575615628914e-17,1.0
0.4046890454560685,0.5953109545439316
0.06563708045879416,0.9343629195412059
0.022618869833792368,0.9773811301662078
0.18012520983595046,0.8198747901640495
0.0,1.0
2.983724378680108e-16,0.9999999999999998
0.09419523115327444,0.9058047688467256
0.03436666284143113,0.9656333371585688
0.2583305643312921,0.7416694356687079
0.03520511854329287,0.9647948814567072
0.0,1.0
0.0,1.0
0.0,1.0
0.03322381653948203,0.9667761834605179
0.22626439254837102,0.7737356074516291
0.07385816590098727,0.9261418340990127
0.3554520384534871,0.6445479615465128
0.4249282136915799,0.57507178630842
0.11541556626238987,0.88458443373761
1.249000902703301e-16,0.9999999999999999
0.10417062098159093,0.8958293790184092
0.15605534753132316,0.8439446524686768
0.19373750231191122,0.8062624976880888
0.0,1.0
0.0,1.0
0.02233287140068781,0.9776671285993123
0.0,1.0
0.06782273148274769,0.9321772685172525
0.07610724624827239,0.9238927537517276
0.2673378899067655,0.7326621100932346
0.18669669484369397,0.8133033051563061
0.0,1.0
0.3326046535328286,0.6673953464671716
0.21344121081037368,0.7865587891896264
0.11100802003682556,0.8889919799631745
0.47900598763461777,0.5209940123653822
0.34454532304916324,0.6554546769508369
0.0,1.0
0.2439266372318483,0.7560733627681516
0.22370403753596446,0.7762959624640355
8.326672684688674e-17,1.0
0.3423231405369998,0.6576768594630003
0.19568147502189542,0.8043185249781046
0.0,1.0
0.24122904838292902,0.7587709516170711
0.20032508563100226,0.7996749143689978
0.0,1.0
0.10999918546781,0.8900008145321899
0.0,1.0
0.2892667994111745,0.7107332005888255
0.2154709203312815,0.7845290796687187
2.220446049250313e-16,0.9999999999999999
5.551115123125783e-17,1.0
0.14382892107540318,0.8561710789245968
0.2584494640558817,0.7415505359441183
0.32177000154847096,0.6782299984515291
0.4692443350896224,0.5307556649103775
0.11196177342991158,0.8880382265700885
0.17296226609698928,0.8270377339030107
0.38301834249516337,0.616981657504837
0.17474912691272657,0.8252508730872734
0.17476090370052305,0.8252390962994769
0.14084814031417012,0.85915185968583
0.2531166427508521,0.7468833572491479
0.4782478054855129,0.5217521945144872
0.2281281904905857,0.7718718095094144
0.1468172493053148,0.8531827506946853
0.12532727373263042,0.8746727262673697
0.09131671405389485,0.9086832859461051
0.07059979984486726,0.9294002001551329
0.14157270228867241,0.8584272977113276
0.3578088639925684,0.6421911360074316
0.17810538588056596,0.8218946141194343
0.2929860856051113,0.7070139143948888
0.07106493189817024,0.9289350681018297
0.15035858643901354,0.8496414135609865
0.1436673453945233,0.8563326546054768
0.17225497511783228,0.8277450248821677
0.09454875418058827,0.9054512458194118
0.6837607022045455,0.31623929779545457
0.0671074498473228,0.9328925501526774
0.05265215223259047,0.9473478477674097
0.2083104335772798,0.7916895664227203
0.18728430628399403,0.8127156937160059
4.163336342344337e-17,0.9999999999999999
0.23577954927837058,0.7642204507216294
0.04682975473179484,0.9531702452682053
0.0,1.0
0.13090757842298112,0.8690924215770189
0.23863540510630596,0.7613645948936941
1.8648277366750676e-17,1.0
0.22007804773114154,0.7799219522688584
0.2807122956789872,0.7192877043210127
5.551115123125783e-17,1.0
0.0,1.0
0.46951514352261875,0.5304848564773814
0.21988818125071405,0.780111818749286
0.15475673228220466,0.8452432677177955
0.1544315226320384,0.8455684773679616
0.25401652177941514,0.745983478220585
0.26913896336601867,0.7308610366339813
0.0,1.0
0.1859487352157733,0.8140512647842268
0.11071103210394584,0.8892889678960543
0.0,1.0
0.20619270047912652,0.7938072995208734
0.09244238514116228,0.9075576148588377
0.1356891977008384,0.8643108022991616
0.18299495146329817,0.8170050485367019
0.40256986609563783,0.5974301339043622
0.10954895538983984,0.8904510446101601
0.14937059426580832,0.8506294057341917
0.42175184465625803,0.5782481553437419
0.0,1.0
0.0830712569524389,0.916928743047561
0.33717462358113487,0.6628253764188653
0.011973092138322464,0.9880269078616775
0.08231085313060556,0.9176891468693944
0.13696620837470624,0.8630337916252937
0.5340420266685139,0.46595797333148614
0.1318872380502965,0.8681127619497034
0.0,1.0
0.14190676984694936,0.8580932301530506
0.350288996178,0.6497110038220002
0.10676316318232722,0.8932368368176729
0.0,1.0
0.1308835631678491,0.869116436832151
5.551115123125783e-17,1.0
0.0,1.0
0.17465169122398871,0.8253483087760114
0.2338197694070745,0.7661802305929254
0.02147409828625223,0.9785259017137478
0.04769504543281626,0.9523049545671838
0.0809154220028302,0.9190845779971698
0.341832169680105,0.6581678303198949
0.17901909408010164,0.820980905919898
0.25530785881022666,0.7446921411897734
0.30682556301003755,0.6931744369899625
0.008613804789323816,0.9913861952106762
1.1102230246251565e-16,0.9999999999999999
0.0009071174371467567,0.9990928825628532
0.1426859432262203,0.8573140567737797
0.20282885727251707,0.7971711427274829
8.604228440844963e-16,0.9999999999999991
0.21439442855240404,0.785605571447596
0.114414916277853,0.8855850837221472
6.938893903907228e-17,1.0
5.551115123125783e-17,1.0
0.13218446986495958,0.8678155301350405
0.0,1.0
0.08928996557525042,0.9107100344247495
0.16942448848579236,0.8305755115142076
0.14017427129917068,0.8598257287008293
0.09358338257578641,0.9064166174242136
0.16829154677980604,0.8317084532201939
0.17606748571945036,0.8239325142805496
0.09322128014866676,0.9067787198513332
0.28944710509900706,0.7105528949009932
0.08418436751739487,0.9158156324826052
0.12024704005032467,0.8797529599496754
1.214306433183765e-16,1.0
5.551115123125783e-17,1.0
0.003475938550763041,0.9965240614492371
0.3467586327268766,0.6532413672731234
0.0,1.0
0.0,1.0
0.17517347125149396,0.8248265287485061
0.19199848090033456,0.8080015190996654
0.32245049241731344,0.6775495075826865
0.21889432250598723,0.7811056774940129
0.2529294089798968,0.7470705910201032
0.13156638014327326,0.8684336198567267
0.03364344092760766,0.9663565590723922
0.0,1.0
0.23233991097731724,0.7676600890226828
0.017884554661330595,0.9821154453386695
0.08182130014794031,0.9181786998520598
0.06508932096779732,0.9349106790322027
0.4568705510144848,0.5431294489855152
0.26625728751978384,0.7337427124802163
0.0,1.0
0.10564737219160059,0.8943526278083994
0.01496173971566595,0.985038260284334
0.16491583780593724,0.8350841621940628
0.11670403615222356,0.8832959638477765
0.017584182489469954,0.9824158175105302
0.20993009215440342,0.7900699078455965
0.0,1.0
0.19150206755723345,0.8084979324427665
0.13700066174931746,0.8629993382506825
0.0,1.0
0.19138397290538592,0.8086160270946142
0.30342966373121366,0.6965703362687864
0.13136335370831984,0.8686366462916801
0.04907258712945391,0.950927412870546
0.25737702708780047,0.7426229729121996
0.07939310870431092,0.9206068912956893
0.06792594940590807,0.932074050594092
0.0918164146376625,0.9081835853623376
0.2196793027360673,0.7803206972639329
0.04177354635296697,0.958226453647033
0.10149528283068043,0.8985047171693196
0.7798298347382359,0.22017016526176422
0.255008215595138,0.744991784404862
0.27457393433279886,0.725426065667201
1.6653345369377348e-16,0.9999999999999998
0.05100247399534191,0.948997526004658
0.1103393731168272,0.8896606268831727
0.1285856852186962,0.8714143147813038
0.07449043063670575,0.9255095693632942
0.15056647421038058,0.8494335257896194
0.0,1.0
0.09751113215132538,0.9024888678486748
0.15273125855452716,0.8472687414454727
0.07331788533855013,0.9266821146614499
0.23228251724590945,0.7677174827540906
0.5111681401458533,0.4888318598541466
0.09667870022467118,0.9033212997753286
0.23781576330001308,0.7621842366999868
0.0843206928663179,0.9156793071336821
0.18981052414758898,0.810189475852411
0.04745277801212528,0.9525472219878748
0.18756008178575212,0.8124399182142478
5.551115123125783e-17,1.0
0.17086084753820624,0.8291391524617938
0.08996045182800877,0.9100395481719913
0.17508343437391868,0.8249165656260814
0.3181504225795149,0.6818495774204851
0.28487560987737914,0.7151243901226209
0.13434652534360045,0.8656534746563997
0.15036483789868482,0.8496351621013152
0.012987704898807932,0.9870122951011921
0.222697691979547,0.777302308020453
5.551115123125783e-17,1.0
0.0872121404611867,0.9127878595388131
0.21391728731234166,0.7860827126876584
0.3346430684125131,0.6653569315874868
0.18667034775639196,0.8133296522436081
0.03251481350630856,0.9674851864936915
0.3024636411541985,0.6975363588458016
0.1429543145754538,0.857045685424546
0.433564473741021,0.566435526258979
0.1808010547766128,0.8191989452233872
0.0,1.0
0.4804435031981213,0.5195564968018788
0.0,1.0
0.10847418262646269,0.8915258173735374
0.37507231489707843,0.6249276851029215
0.4225691369324005,0.5774308630675995
0.09410704195963594,0.9058929580403642
2.7755575615628914e-17,1.0
0.10225233867728935,0.8977476613227106
0.22320990313704853,0.7767900968629515
0.19287063580611818,0.8071293641938819
0.37754859064058643,0.6224514093594136
0.04509355795367527,0.9549064420463247
0.0359325756292362,0.9640674243707638
0.08362733576971984,0.91637266423028
0.22954599613106996,0.77045400386893
0.15047781978465857,0.8495221802153413
0.0,1.0
0.5202358057420238,0.47976419425797623
0.11171857910621215,0.8882814208937879
0.5353473427078767,0.46465265729212335
0.09972725980453855,0.9002727401954616
0.1511993618078837,0.8488006381921162
0.0,1.0
0.09303019064385175,0.9069698093561482
0.08002488136365984,0.9199751186363402
2.0816681711721685e-16,0.9999999999999998
0.1404383932796269,0.859561606720373
0.022513847601716604,0.9774861523982834
2.7755575615628914e-17,1.0
0.2889439737651238,0.7110560262348763
0.33802406980076266,0.6619759301992373
1.1102230246251565e-16,0.9999999999999998
0.23754834155833388,0.7624516584416663
0.0372906586935945,0.9627093413064055
0.08785164801457356,0.9121483519854263
0.22872788804990135,0.7712721119500987
0.30108333362320894,0.6989166663767911
0.16599139360641912,0.8340086063935808
0.20751017594871485,0.7924898240512852
0.4493708714559252,0.5506291285440748
0.11630172718999295,0.8836982728100071
0.27069488322764307,0.729305116772357
0.0,1.0
0.013977287150602556,0.9860227128493974
0.16561927065836737,0.8343807293416325
0.23782026671071504,0.7621797332892849
0.10969403034418783,0.8903059696558122
0.06154775907122778,0.9384522409287723
0.10170837480201372,0.8982916251979863
1.1102230246251565e-16,0.9999999999999999
0.1078255287511308,0.8921744712488692
0.050565262472640836,0.9494347375273593
2.7755575615628914e-17,1.0
0.0,1.0
0.15548651970947722,0.8445134802905228
0.09855451109573093,0.901445488904269
0.060733687798214274,0.9392663122017858
0.11292925319278643,0.8870707468072135
0.13576724585902172,0.8642327541409783
0.09412208667413918,0.905877913325861
0.5105931575596333,0.4894068424403667
0.5301632019867613,0.4698367980132386
0.14068874305063434,0.8593112569493658
0.1079593030484751,0.892040696951525
7.806255641895632e-17,1.0
0.06538857926661691,0.934611420733383
0.0,1.0
0.018589786371212412,0.9814102136287877
5.551115123125783e-17,1.0
3.469446951953614e-18,1.0
0.3479022927256176,0.6520977072743824
0.28461097400245544,0.7153890259975446
0.4581174252342478,0.541882574765752
0.10280512906012827,0.8971948709398718
0.11805654812146511,0.881943451878535
5.551115123125783e-17,1.0
0.05729470156821367,0.9427052984317864
5.551115123125783e-17,1.0
0.08048574726461726,0.9195142527353828
0.2616466327065713,0.7383533672934288
0.25470470694097086,0.7452952930590292
0.1541611678703647,0.8458388321296352
0.14378352672268477,0.8562164732773152
0.0,1.0
0.40178396740542494,0.5982160325945751
0.05932496051763809,0.9406750394823619
0.056491779331213486,0.9435082206687865
0.0,1.0
0.10649203865224356,0.8935079613477566
0.08531319118736776,0.9146868088126323
0.0,1.0
5.551115123125783e-17,1.0
0.0,1.0
0.28678601567625683,0.713213984323743
0.31826966291764947,0.6817303370823505
5.551115123125783e-17,1.0
0.5609716667995953,0.43902833320040485
0.16943331830858818,0.8305666816914119
0.0,1.0
0.20176384159021135,0.7982361584097888
0.10978974953822487,0.8902102504617752
0.3257365089732601,0.6742634910267397
0.10841964173821744,0.8915803582617825
0.09814976548310043,0.9018502345168997
1.3877787807814457e-16,0.9999999999999999
0.12572164483514336,0.8742783551648566
0.0,1.0
0.34349289713485,0.65650710286515
0.09586045360332111,0.9041395463966789
0.19660713188119117,0.8033928681188087
0.03813892787950088,0.9618610721204991
0.2907583713626005,0.7092416286373996
0.0,1.0
0.13479615554644875,0.8652038444535514
0.0072324866822630115,0.992767513317737
1.1102230246251565e-16,1.0
0.0,1.0
0.25467230876720287,0.7453276912327972
0.17296478256065237,0.8270352174393476
0.3658517048210898,0.6341482951789104
0.10374899444965298,0.8962510055503471
5.551115123125783e-17,0.9999999999999999
0.12167449319789529,0.8783255068021047
0.08507626141278737,0.9149237385872124
0.0,1.0
5.551115123125783e-17,1.0
0.10690531920352662,0.8930946807964735
0.20500050981687684,0.7949994901831232
1.3877787807814457e-16,1.0
0.6373024839543645,0.3626975160456355
0.1811579297477505,0.8188420702522495
0.12393029508505514,0.876069704914945
0.3409374440045233,0.6590625559954766
0.08655390173524093,0.913446098264759
0.21521487620447635,0.7847851237955237
0.02301650920297559,0.9769834907970245
0.0,1.0
0.1763676469445055,0.8236323530554945
0.004799568444142653,0.9952004315558572
0.005008228392620316,0.9949917716073796
0.20992282415900532,0.7900771758409947
8.326672684688674e-17,0.9999999999999999
0.3068980999937437,0.6931019000062563
0.2672948390717482,0.7327051609282517
8.326672684688674e-17,1.0
0.0,1.0
0.17815891131349448,0.8218410886865056
0.3686885648593348,0.6313114351406652
8.326672684688674e-17,1.0
0.06320471960643895,0.9367952803935611
0.031132912684075746,0.9688670873159241
0.0,1.0
0.04272176759934923,0.9572782324006507
0.3312029787603699,0.66879702123963
0.046907538086239015,0.953092461913761
0.13526446941504133,0.8647355305849588
1.1102230246251565e-16,0.9999999999999998
0.20990254529462343,0.7900974547053767
0.4436748670480493,0.5563251329519505
0.15914741097477567,0.8408525890252243
3.122502256758253e-17,1.0
0.07512401377660578,0.9248759862233943
0.5862856480061293,0.4137143519938706
0.18512739244265772,0.8148726075573424
0.29936206608264054,0.7006379339173594
0.0,1.0
0.20402540333344554,0.7959745966665545
1.491862189340054e-16,1.0
0.3280010847374798,0.6719989152625203
0.3106801527043917,0.6893198472956084
5.551115123125783e-17,1.0
0.42832579347755484,0.5716742065224453
0.002888900655491821,0.9971110993445081
0.042801237417643336,0.9571987625823567
0.30876567824543877,0.6912343217545612
0.0,1.0
0.23403531174774575,0.7659646882522545
0.013869700495374513,0.9861302995046255
0.406941883139399,0.593058116860601
0.0,1.0
0.286195433358736,0.7138045666412641
0.09798571106417228,0.9020142889358278
0.2016554621880368,0.7983445378119632
0.149896662180034,0.8501033378199659
0.17810355511004122,0.8218964448899587
0.0,1.0
0.0,1.0
2.7755575615628914e-17,1.0
0.0,1.0
0.04869723605188558,0.9513027639481145
0.11991811338943395,0.8800818866105661
0.06892919383493733,0.9310708061650627
0.3517381487666035,0.6482618512333965
0.2615275587854743,0.7384724412145257
0.22529754666043328,0.7747024533395667
0.02940165400219316,0.9705983459978067
0.10169329631905788,0.898306703680942
0.0,1.0
5.551115123125783e-17,0.9999999999999999
0.07345552425732196,0.9265444757426781
0.034549788471368005,0.965450211528632
0.14871978081370973,0.8512802191862903
0.0,1.0
0.20005750598477418,0.7999424940152259
1.942890293094024e-16,0.9999999999999998
1.1102230246251565e-16,1.0
0.0,1.0
0.16830661823106044,0.8316933817689396
0.0,1.0
0.1818195056507624,0.8181804943492376
0.0,1.0
0.5,0.5
0.06664252689175676,0.9333574731082434
0.10164711542521994,0.89835288457478
0.15444046415258572,0.8455595358474144
0.14196246786101926,0.8580375321389808
0.16204474021101717,0.8379552597889829
0.0,1.0
0.11934670021219512,0.8806532997878049
0.040996755135737424,0.9590032448642627
0.0910302351472713,0.9089697648527286
0.054961164114291805,0.9450388358857085
0.3213293772744149,0.6786706227255851
0.12024487965454765,0.8797551203454523
0.143834435013452,0.856165564986548
6.938893903907228e-18,1.0
0.12258125705176888,0.8774187429482311
0.11380489867705017,0.8861951013229498
0.13553807487766595,0.8644619251223339
0.061914287722557325,0.9380857122774429
0.12558178739677156,0.8744182126032284
0.1045095354581668,0.8954904645418332
0.4544511940487556,0.5455488059512444
0.0,1.0
0.19651072453509588,0.8034892754649041
0.0,1.0
0.08234891917960287,0.9176510808203973
0.2573646927900755,0.7426353072099244
0.0,1.0
0.10925917893549082,0.8907408210645092
0.13618961778269106,0.863810382217309
0.1770950181888464,0.8229049818111536
0.004514190323394417,0.9954858096766055
0.1257009024029441,0.8742990975970557
0.10462956473350751,0.8953704352664926
0.06525488979767434,0.9347451102023255
0.29057346791828953,0.7094265320817104
8.326672684688674e-17,1.0
0.0,1.0
0.004695515033122165,0.9953044849668778
0.3769816317315463,0.6230183682684536
0.0,1.0
0.06797674999239443,0.9320232500076057
0.2033464861997219,0.7966535138002782
0.17688934450980812,0.8231106554901918
0.0,1.0
0.24258009462684615,0.757419905373154
1.6653345369377348e-16,0.9999999999999999
0.08224897161587173,0.9177510283841284
0.06894646583763817,0.9310535341623619
0.1628447663149752,0.8371552336850248
0.0,1.0
0.15127101170524349,0.8487289882947565
1.1102230246251565e-16,0.9999999999999998
0.4191468572396864,0.5808531427603136
0.026576350017018857,0.9734236499829811
1.734723475976807e-18,1.0
0.0,1.0
0.0,1.0
0.19745535421379237,0.8025446457862078
5.551115123125783e-17,1.0
1.1102230246251565e-16,0.9999999999999999
0.18739416609552226,0.8126058339044778
0.0,1.0
1.6653345369377348e-16,1.0
0.020177851840227246,0.9798221481597728
0.10761186379095845,0.8923881362090414
0.18095568058313574,0.8190443194168641
0.2139118568015404,0.7860881431984594
5.551115123125783e-17,1.0
0.060283563965994796,0.9397164360340052
0.13183463230666467,0.8681653676933353
0.2043952419544555,0.7956047580455446
0.07939334300504552,0.9206066569949546
0.24444633830219428,0.7555536616978057
0.13358684884812302,0.8664131511518769
0.266241440458237,0.7337585595417631
0.0,1.0
3.3306690738754696e-16,0.9999999999999998
0.17709903451589712,0.8229009654841029
5.551115123125783e-17,1.0
0.2547200762536568,0.7452799237463432
0.11741175054061974,0.8825882494593804
0.013118532215264295,0.9868814677847358
5.551115123125783e-17,0.9999999999999999
0.1478427766793259,0.8521572233206742
0.017533135982565125,0.9824668640174348
0.14248523544060657,0.8575147645593936
0.0,1.0
0.07567351294685384,0.9243264870531462
0.02165918730418394,0.9783408126958162
0.019281131048160267,0.9807188689518397
0.26426483253976063,0.7357351674602393
0.036601397909943025,0.963398602090057
0.18980705350400828,0.8101929464959917
0.09547998638369294,0.9045200136163072
0.11030905020134206,0.889690949798658
0.0568047682604645,0.9431952317395356
0.17534554500015823,0.8246544549998417
0.18624527086253367,0.8137547291374664
0.22442757806229147,0.7755724219377087
0.41845308785591073,0.5815469121440893
0.16921001975578287,0.8307899802442171
0.06325001297895566,0.9367499870210444
0.19454918374088684,0.8054508162591131
0.051157098349489595,0.9488429016505103
0.17938391645400908,0.8206160835459909
0.20417350481134341,0.7958264951886564
0.08256001027447665,0.9174399897255233
0.18165792068305242,0.8183420793169475
0.004766321148474519,0.9952336788515256
0.26469829126726824,0.7353017087327317
0.06928223883149176,0.9307177611685082
0.022060531112368904,0.9779394688876311
5.551115123125783e-17,1.0
0.09009230957707647,0.9099076904229235
0.354038173718947,0.6459618262810529
1.3877787807814457e-16,0.9999999999999999
0.047790478745405957,0.9522095212545941
0.015679744836731704,0.9843202551632684
0.0,1.0
1.8041124150158794e-16,0.9999999999999998
0.2721524400057024,0.7278475599942976
0.0050834919299988495,0.9949165080700011
0.0,1.0
0.0681182962865125,0.9318817037134874
0.2038409253692591,0.7961590746307409
0.15299456927113464,0.8470054307288654
0.1870558439044971,0.8129441560955027
0.15725265427985,0.8427473457201501
0.2619452604317693,0.7380547395682306
0.3594803484461241,0.6405196515538759
0.4989328960131818,0.5010671039868181
0.10599184087675309,0.8940081591232468
0.4228365529648892,0.5771634470351109
0.035044232303276204,0.9649557676967239
0.24172142394659674,0.7582785760534033
0.10339881885801176,0.8966011811419883
0.0,1.0
0.10103207764970615,0.8989679223502938
0.27902221534486,0.72097778465514
0.13247032617798624,0.8675296738220136
5.551115123125783e-17,1.0
0.13301233705610563,0.8669876629438945
0.1904043170777834,0.8095956829222166
0.5334069011984391,0.46659309880156086
0.016189853021071583,0.9838101469789282
0.08492274345216322,0.9150772565478367
0.030310768017455594,0.9696892319825445
0.10417653382264176,0.8958234661773582
0.17730134000311965,0.8226986599968803
0.14206292486525424,0.8579370751347457
0.15473972099189506,0.8452602790081051
0.22337599104598746,0.7766240089540125
0.07337149523502112,0.9266285047649789
0.026308230039048724,0.9736917699609513
2.7755575615628914e-17,1.0
0.005763534945574733,0.9942364650544254
0.14043893394261434,0.8595610660573856
0.10012940630471427,0.8998705936952857
0.37339465084049717,0.6266053491595028
0.09563305342293674,0.9043669465770633
0.10924831358524334,0.8907516864147565
0.012454803170468777,0.9875451968295311
0.3519218544985761,0.6480781455014237
0.08072499967618835,0.9192750003238117
0.03929406918981973,0.9607059308101804
0.08686479439260386,0.9131352056073961
0.0,1.0
0.4231705106794834,0.5768294893205166
0.2653062548485189,0.7346937451514812
0.12381112360592554,0.8761888763940746
0.34523026405655577,0.6547697359434442
0.11201143371046123,0.8879885662895389
0.07295282430330474,0.9270471756966951
0.27505364061078236,0.7249463593892177
0.0,1.0
0.034266852454060484,0.9657331475459396
0.0,1.0
0.32965141389185565,0.6703485861081442
0.2827379270032088,0.7172620729967912
0.0,1.0
0.0,1.0
4.85722573273506e-16,0.9999999999999996
0.12466623459536852,0.8753337654046317
0.06729878979541597,0.9327012102045841
0.21746755759331374,0.7825324424066863
0.23309551992465458,0.7669044800753457
0.14107192000693963,0.8589280799930603
0.1377875110886744,0.8622124889113254
6.938893903907228e-17,1.0
0.13025829076041637,0.8697417092395837
0.11187816104901843,0.8881218389509816
0.13208172523089437,0.8679182747691058
5.551115123125783e-17,1.0
0.09874293862981803,0.901257061370182
0.08012736998547666,0.9198726300145234
0.23232337569744638,0.7676766243025536
0.09543752767878394,0.904562472321216
0.05794385002764827,0.9420561499723517
0.0,1.0
0.15300590098086903,0.8469940990191309
0.3051921730606778,0.6948078269393223
0.24613939825615352,0.7538606017438464
0.10259500599804869,0.8974049940019513
0.20507184250270213,0.794928157497298
0.11178842501468353,0.8882115749853163
0.4453287974883474,0.5546712025116526
0.09324353765375065,0.9067564623462494
0.0895182100971788,0.9104817899028212
0.1149767476236672,0.8850232523763328
0.33910005118164765,0.6608999488183523
0.0,1.0
0.5970803430039674,0.4029196569960326
0.0,1.0
5.551115123125783e-17,0.9999999999999999
1.6653345369377348e-16,0.9999999999999999
5.551115123125783e-17,0.9999999999999999
0.15396639009700452,0.8460336099029956
5.117434254131581e-17,1.0
0.0,1.0
0.14318078192279968,0.8568192180772004
0.06645164087864289,0.933548359121357
0.4815360965087988,0.5184639034912011
0.2848673054144135,0.7151326945855866
0.03904829734129821,0.9609517026587018
0.0,1.0
0.14819895977620443,0.8518010402237957
0.035645873343467256,0.9643541266565329
0.18001110641838575,0.8199888935816143
0.1715647428962912,0.8284352571037087
1.3877787807814457e-17,0.9999999999999999
0.23023411522478252,0.7697658847752176
1.8041124150158794e-16,0.9999999999999999
0.11963278429038009,0.88036721570962
0.42206031781994513,0.5779396821800548
0.08843270349898061,0.9115672965010194
0.20117817188915715,0.7988218281108429
0.2769656760748778,0.723034323925122
0.007598454807936471,0.9924015451920635
0.0,1.0
0.36870841406023025,0.63129158593977
0.022471999791870437,0.9775280002081297
0.4303719763358975,0.5696280236641026
0.0,1.0
0.08498422537389237,0.9150157746261076
0.48339764941895197,0.516602350581048
0.0538314022965421,0.946168597703458
0.053864357614027324,0.9461356423859727
0.13882606448240467,0.8611739355175952
0.00196558485888072,0.9980344151411192
0.6417913282944476,0.3582086717055523
0.0,1.0
0.12756902194168668,0.8724309780583134
0.026326993546736364,0.9736730064532637
0.15248868162473883,0.8475113183752612
0.14866993978914356,0.8513300602108566
0.03207689243523172,0.9679231075647683
1.6653345369377348e-16,0.9999999999999998
0.10725101159874491,0.8927489884012552
0.23132963563594447,0.7686703643640553
0.2633456696349718,0.736654330365028
0.09014963704325167,0.9098503629567483
0.1927911198279156,0.8072088801720845
0.023161795609166716,0.9768382043908334
0.18755839082600473,0.8124416091739953
0.10310030941396456,0.8968996905860355
0.13264742053065018,0.8673525794693497
0.02076819505055306,0.979231804949447
0.12846936738585935,0.8715306326141407
5.551115123125783e-17,1.0
2.3592239273284576e-16,0.9999999999999998
0.08698550548968435,0.9130144945103157
0.0,1.0
0.0,1.0
0.0,1.0
0.0,1.0
0.09770928230859557,0.9022907176914046
0.0,0.9999999999999999
0.12157497070848104,0.8784250292915189
0.044179660857472484,0.9558203391425274
0.10331336971621188,0.8966866302837883
0.07151616763215486,0.9284838323678452
0.09753426020966965,0.9024657397903303
0.2533068642397035,0.7466931357602965
0.46369360221369343,0.5363063977863065
0.17524651945368908,0.8247534805463109
0.33680499845826845,0.6631950015417313
0.3626047894341579,0.6373952105658423
0.06667030836675811,0.9333296916332418
0.5479506382232952,0.45204936177670485
0.16000173845597895,0.839998261544021
0.14789085143252048,0.8521091485674797
0.2394153405574782,0.7605846594425216
0.026469473834380527,0.9735305261656194
0.26610301328132924,0.7338969867186709
0.13934920731237893,0.8606507926876212
0.0,1.0
0.11336194857014557,0.8866380514298545
0.01989934332582136,0.9801006566741787
0.012772172363068192,0.9872278276369321
0.15220782595748542,0.8477921740425146
0.19867242680519787,0.8013275731948022
5.551115123125783e-17,1.0
0.2613837278607313,0.7386162721392687
0.1176775796325927,0.8823224203674074
0.0,1.0
0.12519202666280851,0.8748079733371914
0.24841952684130902,0.7515804731586909
0.06664511537160205,0.933354884628398
0.18001600731117942,0.8199839926888206
0.21227110268048818,0.7877288973195119
0.3064425513126065,0.6935574486873936
4.163336342344337e-17,1.0
0.1182665001707578,0.8817334998292422
0.014785612769141705,0.9852143872308584
0.16690787788961406,0.833092122110386
0.22879631194318842,0.7712036880568115
0.1805227741433042,0.8194772258566958
0.24672777316522698,0.7532722268347732
0.15551011554091124,0.8444898844590888
0.0,1.0
0.33463314366688224,0.6653668563331178
0.3536513644538967,0.6463486355461032
0.18528492271601332,0.8147150772839867
0.4964964430122076,0.5035035569877925
0.039867305087156545,0.9601326949128434
0.08779786189441927,0.9122021381055808
0.0,1.0
0.007353196470771037,0.992646803529229
0.26190244290660303,0.7380975570933971
0.1795539953828903,0.8204460046171097
0.0,1.0
0.13307952863759404,0.866920471362406
0.0,1.0
0.1311448066204313,0.8688551933795688
0.304398255632909,0.695601744367091
0.07429644073672526,0.9257035592632747
0.0898903618155257,0.9101096381844742
3.122502256758253e-17,1.0
0.0,1.0
0.004969546629184707,0.9950304533708152
0.17181419688373414,0.8281858031162659
0.03895913545212771,0.9610408645478723
5.551115123125783e-17,1.0
0.42530514727274593,0.5746948527272541
0.23008632271063742,0.7699136772893624
0.19333627830747463,0.8066637216925253
0.15662153538294918,0.8433784646170509
5.551115123125783e-17,1.0
0.0685498428678156,0.9314501571321844
0.0,1.0
0.051216963921006296,0.9487830360789938
0.21481777481550354,0.7851822251844965
0.0,1.0
0.3045390826467526,0.6954609173532473
0.3545060747067981,0.6454939252932017
0.1364885846442185,0.8635114153557816
0.27334723307741254,0.7266527669225875
0.01662988553253564,0.9833701144674643
0.14590034820523445,0.8540996517947655
0.018960505832326637,0.9810394941676734
0.0936733534776886,0.9063266465223113
0.20556363076831505,0.7944363692316851
0.15710432973689847,0.8428956702631015
0.19825689269499358,0.8017431073050066
0.014653599314237466,0.9853464006857625
0.04527760558594656,0.9547223944140535
0.10290454994358134,0.8970954500564186
0.0,1.0
0.0,1.0
3.0531133177191805e-16,0.9999999999999998
0.12262065377436027,0.8773793462256397
0.0657925307837945,0.9342074692162056
0.3862501737913486,0.6137498262086514
0.025239923174988063,0.974760076825012
0.08598879468189413,0.9140112053181059
0.11444948506936391,0.885550514930636
0.09423004978240189,0.905769950217598
1.734723475976807e-18,0.9999999999999999
0.29380802328239136,0.7061919767176087
0.0,1.0
0.2194389693721352,0.7805610306278649
0.10585424806661135,0.8941457519333886
0.13577871766454386,0.8642212823354561
0.25079171262113675,0.7492082873788632
0.24219405542305503,0.7578059445769448
0.23695668127819683,0.7630433187218032
5.551115123125783e-17,1.0
0.07549354754328837,0.9245064524567117
0.0,1.0
0.11806316573476412,0.881936834265236
0.011161665925781356,0.9888383340742186
0.3013898670061209,0.698610132993879
0.33784012571000943,0.6621598742899906
0.4657101654697845,0.5342898345302155
0.2798577763874141,0.7201422236125857
0.07918764029564489,0.920812359704355
0.39379974175606713,0.6062002582439328
2.0816681711721685e-16,0.9999999999999998
0.1780770890255111,0.8219229109744889
0.15291112019837944,0.8470888798016205
2.220446049250313e-16,0.9999999999999998
0.40108496067237687,0.5989150393276231
0.10470737572088167,0.8952926242791184
0.20265977601683008,0.79734022398317
0.1799812912268934,0.8200187087731067
0.09109473641409753,0.9089052635859024
0.029317133138852716,0.9706828668611474
0.2037169479208185,0.7962830520791815
0.11648658636539919,0.8835134136346008
0.15117897268320557,0.8488210273167944
2.7755575615628914e-17,1.0
0.09556808829498328,0.9044319117050167
0.1331119788435271,0.8668880211564731
0.0,1.0
0.2204215844942786,0.7795784155057214
0.19673641408719592,0.803263585912804
1.3877787807814457e-16,0.9999999999999998
0.0,1.0
0.32085235666086803,0.6791476433391319
1.9081958235744878e-17,1.0
0.2046595626455016,0.7953404373544983
0.0589140457027045,0.9410859542972955
0.0,1.0
0.49811436581496316,0.5018856341850368
0.0,1.0
0.45697845283701644,0.5430215471629836
2.0816681711721685e-17,1.0
0.0,1.0
0.14788108967372146,0.8521189103262785
0.2570841767600203,0.7429158232399796
0.2037518177100652,0.7962481822899349
0.5466414928592218,0.45335850714077824
0.17734135627596187,0.8226586437240382
0.09335301182472391,0.9066469881752761
0.1902353313700522,0.8097646686299478
0.0774499276394985,0.9225500723605016
1.3877787807814457e-16,1.0
0.2761665432140746,0.7238334567859251
0.08001186825017619,0.9199881317498237
0.09788852799929604,0.902111472000704
0.30629770406223217,0.6937022959377678
0.19966741037305127,0.8003325896269488
0.07563699613498037,0.9243630038650195
0.020556918421443762,0.9794430815785562
0.1562038737087399,0.8437961262912602
0.0,1.0
0.2790234252833034,0.7209765747166966
0.16728048172022403,0.8327195182797759
0.17068551112641436,0.8293144888735855
0.07907943633007056,0.9209205636699296
0.3179283887029671,0.682071611297033
0.053029644216406914,0.9469703557835931
0.12263069021456255,0.8773693097854374
0.27743179431512394,0.7225682056848761
0.5749121099044954,0.4250878900955047
0.09658118850397862,0.9034188114960214
0.21483727021712734,0.7851627297828726
0.21174609641928216,0.7882539035807179
0.09755727466669192,0.902442725333308
0.3328136471099833,0.6671863528900168
0.05084830497267299,0.949151695027327
0.0,1.0
0.1446236407582292,0.8553763592417707
0.0,1.0
0.0,1.0
0.23249149453909124,0.7675085054609087
0.38379142876644556,0.6162085712335545
0.34583983991573386,0.6541601600842659
1.3877787807814457e-16,1.0
2.498001805406602e-16,0.9999999999999998
0.0,1.0
0.3868360957130789,0.613163904286921
0.030110956006862477,0.9698890439931375
0.0,1.0
0.21623832234443024,0.7837616776555698
0.1456601729737642,0.8543398270262359
0.0,1.0
0.11619473702262974,0.8838052629773703
0.3570770898527549,0.6429229101472451
0.07755393625222595,0.9224460637477739
0.10575402821244385,0.8942459717875562
0.2464836073663265,0.7535163926336734
0.0,1.0
0.1255262042037484,0.8744737957962515
0.24167069926795295,0.7583293007320472
0.025406722274923434,0.9745932777250765
0.0,1.0
0.14138331233647009,0.8586166876635297
0.14503040831535732,0.8549695916846427
0.0,1.0
0.30150350079313876,0.6984964992068612
0.039331227677160525,0.9606687723228398
0.12956508535046576,0.8704349146495343
5.551115123125783e-17,1.0
0.0017437438075324093,0.9982562561924677
0.0,1.0
0.25130033558019627,0.7486996644198036
0.2517175732129586,0.7482824267870414
0.6961876461414066,0.30381235385859323
0.1750123868484721,0.8249876131515278
0.2605766744217345,0.7394233255782654
9.71445146547012e-17,1.0
2.7755575615628914e-17,1.0
0.15194439389343442,0.8480556061065655
0.07422212223041277,0.9257778777695872
0.05690975719780038,0.9430902428021997
0.16136617968306569,0.8386338203169345
0.24647288274091853,0.7535271172590814
0.15738516928003454,0.8426148307199656
0.17297571669432138,0.8270242833056786
0.5013591769104724,0.4986408230895275
0.10558570021362529,0.8944142997863748
0.0,1.0
0.0031209945493897192,0.9968790054506105
0.2921003279469114,0.7078996720530888
0.13747865206844365,0.8625213479315563
0.0,1.0
0.18459288264837845,0.8154071173516215
0.11190448466169352,0.8880955153383064
0.0,1.0
0.39612449476596456,0.6038755052340354
0.20785550719826135,0.7921444928017386
0.033746577460087905,0.9662534225399121
0.10498312628285932,0.8950168737171406
0.2386520781032343,0.7613479218967657
0.1338128435847481,0.866187156415252
0.25722885185736777,0.7427711481426323
0.25886985216179637,0.7411301478382037
0.23136373724874032,0.7686362627512595
0.26072149175252224,0.7392785082474777
0.377541941804295,0.6224580581957051
0.3135525479837452,0.6864474520162546
0.0,1.0
0.11355552341272827,0.8864444765872718
0.0761874000334108,0.9238125999665892
0.38097227893010144,0.6190277210698987
0.18773310145130767,0.8122668985486924
0.2934327995028432,0.7065672004971567
0.0,1.0
5.551115123125783e-17,1.0
0.20321810948718957,0.7967818905128103
0.12501155836095384,0.8749884416390462
0.03130893997277429,0.9686910600272256
1.1102230246251565e-16,1.0
0.508054154767399,0.4919458452326009
0.02188792935148314,0.978112070648517
1.1102230246251565e-16,1.0
0.05013995980396468,0.9498600401960354
0.04189514893572193,0.958104851064278
1.1102230246251565e-16,1.0
0.09753335066414133,0.9024666493358585
0.18764563274966004,0.81235436725034
0.03984052803127728,0.9601594719687228
2.7755575615628914e-17,1.0
5.551115123125783e-17,1.0
0.15862563743668592,0.841374362563314
6.071532165918825e-17,1.0
0.03059300823158945,0.9694069917684105
0.0,1.0
0.18392878926207096,0.8160712107379289
0.14248550829619888,0.8575144917038011
0.0,1.0
0.46563841582731913,0.5343615841726809
0.24357778739976127,0.7564222126002387
0.0,1.0
0.08556880340814471,0.9144311965918553
0.10885914797572661,0.8911408520242734
0.17260346119379477,0.8273965388062052
0.013901655838321716,0.9860983441616784
0.0,1.0
0.0029407154098925244,0.9970592845901075
0.0,1.0
0.04435119298295275,0.9556488070170474
3.3306690738754696e-16,0.9999999999999997
0.3969846741442292,0.6030153258557706
0.0,1.0
0.1436230341816124,0.8563769658183878
0.052363396845139396,0.9476366031548608
0.49503154859579507,0.504968451404205
0.025703903893166333,0.9742960961068334
0.1794726672011627,0.8205273327988373
0.03319671322128006,0.9668032867787199
0.0,1.0
0.4166582300597422,0.5833417699402578
1.942890293094024e-16,0.9999999999999999
0.12082653869418475,0.8791734613058153
0.019868295788365964,0.980131704211634
0.14273191083486683,0.8572680891651332
4.805184028455756e-16,0.9999999999999997
0.237412706641391,0.762587293358609
0.0,1.0
5.204170427930421e-17,1.0
1.1102230246251565e-16,1.0
0.02956379836982175,0.9704362016301783
0.09506617783112747,0.9049338221688726
0.0,1.0
0.3936701119951875,0.6063298880048126
0.1973253230874743,0.8026746769125257
0.0,1.0
0.2738745608120908,0.7261254391879092
0.25126461779818426,0.7487353822018157
0.19880110671997775,0.8011988932800224
0.28220694751451414,0.7177930524854859
0.0633888903641923,0.9366111096358078
0.0,1.0
0.0,1.0
5.551115123125783e-17,1.0
0.21238883796875577,0.7876111620312443
0.16497794050252626,0.8350220594974737
0.0,1.0
0.27983045054119243,0.7201695494588076
0.1604421079739673,0.8395578920260328
0.08271914192293382,0.9172808580770662
0.2328716591002129,0.7671283408997872
0.14543210107963853,0.8545678989203616
0.14096840780155367,0.8590315921984463
0.18556232095621744,0.8144376790437826
0.13173732129080507,0.868262678709195
0.05365861070496763,0.9463413892950323
0.0,1.0
4.718447854656915e-16,0.9999999999999997
0.3654871867818367,0.6345128132181634
0.06595304286224073,0.9340469571377593
0.21086013268082468,0.7891398673191753
0.04775674868912249,0.9522432513108775
0.0886234279126421,0.9113765720873579
0.2368261492951605,0.7631738507048396
5.551115123125783e-17,1.0
0.1629315652791608,0.8370684347208392
0.26633422961191466,0.7336657703880853
0.034114539539439354,0.9658854604605606
0.08442324791450778,0.9155767520854923
0.051344461838644315,0.9486555381613555
0.09357274212725437,0.9064272578727456
0.38610819492044623,0.613891805079554
0.02770293661777997,0.97229706338222
0.18860890899067198,0.8113910910093279
0.2586476605358473,0.7413523394641528
0.010428749462188925,0.9895712505378111
0.296631794479854,0.7033682055201461
0.07302101555209435,0.9269789844479056
0.07375136770246442,0.9262486322975356
0.3874627202947309,0.612537279705269
0.07710856959633014,0.9228914304036698
0.11434915157725446,0.8856508484227454
0.2912521909825994,0.7087478090174005
0.15326786866096193,0.8467321313390382
0.0,1.0
0.37039859331645686,0.6296014066835431
0.09242464169196478,0.9075753583080352
0.0505633643629235,0.9494366356370765
0.16053944423448105,0.839460555765519
0.6086409810840331,0.39135901891596686
0.15894471062267407,0.8410552893773259
0.06357533543561775,0.9364246645643823
0.18495087848181072,0.8150491215181893
0.024341251368508177,0.9756587486314919
0.07752624994682195,0.9224737500531781
0.09401408783645288,0.9059859121635471
0.06088595431797994,0.9391140456820201
1.1102230246251565e-16,1.0
0.43465187580559683,0.5653481241944033
0.13172603172791897,0.868273968272081
8.326672684688674e-17,0.9999999999999999
0.26243310292110633,0.7375668970788937
0.0,1.0
0.2673151412299954,0.7326848587700048
0.0,1.0
0.0,1.0
0.14505051452617002,0.85494948547383
5.551115123125783e-17,1.0
0.0,1.0
0.22436315989588626,0.7756368401041138
0.1285514836175949,0.8714485163824051
1.3877787807814457e-16,0.9999999999999999
0.053645308261655054,0.946354691738345
0.263833492494913,0.736166507505087
0.023956585996362165,0.9760434140036379
0.34459975388178155,0.6554002461182183
0.012488531342159742,0.9875114686578401
0.2448814410362597,0.7551185589637404
5.551115123125783e-17,1.0
0.0,1.0
0.20372198847988604,0.7962780115201141
0.0,1.0
0.10936961881169957,0.8906303811883004
0.293262336633076,0.7067376633669239
0.21465499540579738,0.7853450045942028
0.0721248874870355,0.9278751125129646
0.38583460873195113,0.6141653912680489
0.10428256961025202,0.8957174303897479
5.551115123125783e-17,1.0
0.0739476131477231,0.9260523868522769
0.25467229298607613,0.7453277070139239
0.533373248462379,0.46662675153762095
0.044067850268564544,0.9559321497314355
0.11284368974055428,0.8871563102594456
0.22596637681493728,0.7740336231850627
0.16017737825970677,0.8398226217402932
0.0,1.0
0.11709906341696531,0.8829009365830347
0.1285747606794824,0.8714252393205176
0.06350560335053196,0.9364943966494679
2.7755575615628914e-17,1.0
0.03360141091888737,0.9663985890811125
0.09155714647284766,0.9084428535271524
0.0460017563105551,0.9539982436894449
0.0,1.0
5.551115123125783e-17,1.0
0.325533912314961,0.674466087685039
0.0,1.0
0.10676743331839106,0.8932325666816088
0.21138665648502275,0.7886133435149771
0.038571257768225,0.961428742231775
0.08156926869889547,0.9184307313011045
0.0,1.0
0.05128831815111914,0.948711681848881
0.26210380105172787,0.7378961989482722
0.32707893962545803,0.6729210603745419
0.2084965451930715,0.7915034548069285
0.13747322439989604,0.862526775600104
0.05920149416946299,0.9407985058305369
5.551115123125783e-17,1.0
0.16982360371223396,0.8301763962877661
0.20684997524568277,0.7931500247543173
0.0883500802476756,0.9116499197523246
0.054182416921628486,0.9458175830783715
0.36220746341721644,0.6377925365827836
0.0,1.0
1.942890293094024e-16,0.9999999999999998
0.26841227207935286,0.7315877279206472
0.11687134353900548,0.8831286564609947
0.41543736896813865,0.5845626310318612
0.10490059414922823,0.8950994058507717
1.6653345369377348e-16,0.9999999999999999
0.3647648648740255,0.6352351351259745
5.551115123125783e-17,1.0
2.671474153004283e-16,0.9999999999999998
0.183148283566292,0.816851716433708
0.038782922815863236,0.9612170771841368
0.0,1.0
0.1497768146940212,0.8502231853059788
0.1582143917463426,0.8417856082536573
0.0,1.0
0.10793017508972454,0.8920698249102755
0.03864433972575148,0.9613556602742485
0.05522513946917944,0.9447748605308206
0.114151356739055,0.885848643260945
0.25476146314214615,0.745238536857854
0.08466954092769012,0.9153304590723099
0.15928250230887248,0.8407174976911276
0.12042669829318674,0.8795733017068132
0.009375940652803814,0.9906240593471961
0.08133076254358804,0.9186692374564118
0.30963374741040645,0.6903662525895935
0.30203644597904256,0.6979635540209576
0.0884941374449747,0.9115058625550253
0.0,1.0
0.3160253888064947,0.6839746111935053
0.0,1.0
5.551115123125783e-17,1.0
0.09273759643922048,0.9072624035607797
1.1102230246251565e-16,0.9999999999999998
0.08233717693622239,0.9176628230637777
0.017841992228247203,0.982158007771753
0.038072937965789054,0.961927062034211
0.17369880015069442,0.8263011998493057
0.0,1.0
0.2422890244786114,0.7577109755213888
0.2941276780905086,0.7058723219094915
0.0,1.0
0.09644904496587133,0.9035509550341287
0.15215697009724313,0.8478430299027568
0.028557117474106473,0.9714428825258937
0.21320551927462003,0.7867944807253799
0.27902179018010326,0.7209782098198968
0.20953348030093807,0.790466519699062
0.09710203269426403,0.9028979673057361
0.010066332026267229,0.9899336679737328
0.024216494451517342,0.9757835055484827
0.053503786191422355,0.9464962138085777
0.111955132349905,0.888044867650095
0.4489627779214628,0.5510372220785372
0.5136028868146241,0.48639711318537593
0.016074262743524633,0.9839257372564753
1.942890293094024e-16,0.9999999999999999
0.18244356390313549,0.8175564360968646
0.27570324780925026,0.7242967521907497
0.017742031477830777,0.9822579685221692
0.13287830759615152,0.8671216924038485
0.06397886239014242,0.9360211376098575
0.0,1.0
0.008471461091366898,0.9915285389086331
0.14132376742938726,0.8586762325706128
5.551115123125783e-16,0.9999999999999993
0.11247352222145278,0.8875264777785473
2.7755575615628914e-16,0.9999999999999998
0.0,1.0
0.070788542191069,0.929211457808931
0.1819636730697499,0.8180363269302501
0.0565488075129907,0.9434511924870091
0.32218032387288453,0.6778196761271155
0.3517721168105022,0.648227883189498
1.3877787807814457e-16,0.9999999999999999
0.1465873602792136,0.8534126397207864
0.2514063613894528,0.7485936386105472
0.15463437902135574,0.8453656209786443
0.10390488921563136,0.8960951107843685
0.0,1.0
0.12494758150572362,0.8750524184942764
0.23689388347024737,0.7631061165297527
0.0101944004340843,0.9898055995659159
0.07231246042732797,0.927687539572672
0.07387085957787082,0.9261291404221292
0.291018727838132,0.7089812721618681
5.551115123125783e-17,1.0
0.0,1.0
0.0,1.0
0.32707519223621917,0.6729248077637809
0.09651428371553479,0.9034857162844652
0.0,1.0
0.1620972289089317,0.8379027710910683
0.0599002071828993,0.9400997928171007
0.0,1.0
0.30371304787695397,0.696286952123046
0.0,1.0
0.45005788020144905,0.5499421197985511
0.4262101861869196,0.5737898138130805
1.5959455978986625e-16,1.0
0.024796092240648233,0.9752039077593515
0.05094853956090871,0.9490514604390913
0.11970430960615332,0.8802956903938468
0.05332944547524098,0.9466705545247591
1.3877787807814457e-16,0.9999999999999999
0.12270665080150651,0.8772933491984937
0.2930130553707534,0.7069869446292466
0.035529932498191474,0.9644700675018085
0.13068140379693502,0.869318596203065
0.0,1.0
0.30501206966199085,0.6949879303380091
0.0,1.0
0.0,1.0
0.0822101185399973,0.9177898814600028
0.4896928972979845,0.5103071027020156
0.0,1.0
0.33392704550080016,0.6660729544991998
0.4860995715829692,0.5139004284170309
0.2052945126394107,0.7947054873605891
0.35585747990307276,0.6441425200969273
2.7755575615628914e-17,1.0
0.08817192538376395,0.9118280746162362
0.2043731626373067,0.7956268373626932
0.2894242318311049,0.7105757681688952
0.272107449730001,0.727892550269999
0.09035217988223887,0.9096478201177614
0.05250576454935678,0.9474942354506433
0.02935045619384093,0.9706495438061592
0.5386846346767463,0.46131536532325357
0.13815602603731744,0.8618439739626826
0.3494919559596754,0.6505080440403245
3.0531133177191805e-16,0.9999999999999998
0.19198999301971317,0.8080100069802868
0.0,1.0
0.12260446978694262,0.8773955302130574
0.1967946558505099,0.8032053441494901
0.0967673710392193,0.9032326289607808
0.15798852507191313,0.8420114749280868
0.1060351103741499,0.8939648896258501
0.11987240782316971,0.8801275921768303
0.08224767609895384,0.9177523239010462
0.03414279667458328,0.9658572033254168
0.15845105565883694,0.8415489443411633
0.26431820431110087,0.7356817956888991
0.12422005665678948,0.8757799433432105
0.06243871058022324,0.9375612894197767
0.12543607113076258,0.8745639288692375
0.22076284537645738,0.7792371546235426
0.13189012098932737,0.8681098790106728
0.0,1.0
0.27424382291808047,0.7257561770819196
0.0,1.0
0.050048532989635255,0.9499514670103648
0.10643957488167197,0.8935604251183281
0.32538515212367936,0.6746148478763206
0.3177548466516081,0.6822451533483919
0.0,1.0
0.0,1.0
1.3877787807814457e-17,1.0
0.11974658401616123,0.8802534159838388
0.0,1.0
0.09078250124301183,0.9092174987569884
0.12897258062384123,0.8710274193761589
0.14701448708870754,0.8529855129112925
0.3810040338161702,0.6189959661838299
0.09335909677859831,0.9066409032214018
0.06535202704265658,0.9346479729573436
0.24609927527629089,0.7539007247237091
0.020459538888620968,0.9795404611113793
0.06432181258293367,0.9356781874170663
0.23283977064565645,0.7671602293543436
0.12088017169160029,0.8791198283083997
0.2903893291818292,0.7096106708181706
0.5,0.5
0.01314978991271034,0.9868502100872898
0.0,1.0
0.42853560937617613,0.5714643906238239
0.06711288136772897,0.9328871186322711
0.07758129447463151,0.9224187055253684
0.0,1.0
0.2542866464951045,0.7457133535048954
0.16487239887595032,0.8351276011240497
0.0,1.0
0.0,1.0
0.007130381966851094,0.992869618033149
0.24191624988808091,0.7580837501119191
0.019045975618771784,0.9809540243812283
5.551115123125783e-17,1.0
0.02266053049792967,0.9773394695020703
0.0,1.0
0.028854382339635557,0.9711456176603646
0.1471638743719045,0.8528361256280956
0.2531617906447526,0.7468382093552475
0.0821333819372774,0.9178666180627227
0.13794865719793645,0.8620513428020636
0.17605984264671734,0.8239401573532827
0.11246272674320305,0.8875372732567969
0.3469971963160039,0.6530028036839961
2.7755575615628914e-17,1.0
0.004187602224513497,0.9958123977754865
2.7755575615628914e-17,1.0
0.1281716683596604,0.8718283316403396
0.05384596414476202,0.946154035855238
0.0,1.0
1.3877787807814457e-17,1.0
0.37451927557768894,0.6254807244223112
0.20880892761085532,0.7911910723891448
0.12566927055326585,0.8743307294467341
5.551115123125783e-17,1.0
0.0,1.0
0.28276139298524816,0.717238607014752
0.19290396672744886,0.807096033272551
0.15890972373111534,0.8410902762688846
0.17609403593465944,0.8239059640653407
0.0,1.0
2.7755575615628914e-17,1.0
6.245004513516506e-17,1.0
0.025587757268049478,0.9744122427319506
0.0627755355755772,0.9372244644244229
0.0,1.0
0.0,1.0
0.16895797663814618,0.8310420233618538
0.0,1.0
0.041230891999990776,0.9587691080000093
0.14613304336110317,0.8538669566388968
0.07989231211679307,0.920107687883207
0.09847728365179015,0.9015227163482098
0.0440734007963942,0.9559265992036058
0.0,1.0
0.1101888792777316,0.8898111207222684
0.21040524710503986,0.7895947528949602
0.0,1.0
0.17880099011736053,0.8211990098826394
0.030396718032562255,0.9696032819674378
0.021259068868050846,0.978740931131949
0.0,1.0
0.12692394266202922,0.8730760573379709
0.15225197297638063,0.8477480270236195
0.2803314305234767,0.7196685694765235
0.3736925942494332,0.6263074057505669
0.08585986347467803,0.914140136525322
0.0,1.0
0.0,1.0
0.11213681984625001,0.88786318015375
2.7755575615628914e-16,0.9999999999999998
0.09828789934895538,0.9017121006510445
0.05751052682116045,0.9424894731788397
0.1780761119265996,0.8219238880734006
0.17435647040473143,0.8256435295952685
0.16702704835557025,0.8329729515692622
0.20475783236574446,0.7952421676342555
0.20626955106087624,0.7937304489391239
0.37740279915370184,0.6225972008462982
0.17594813390652672,0.8240518660934735
0.24490801616745628,0.7550919838325437
0.19182819888578792,0.8081718011142122
1.5265566588595902e-16,0.9999999999999999
0.1675632722410851,0.8324367277589149
0.0,1.0
0.1130167340234198,0.8869832659765803
0.21731031437531592,0.782689685624684
0.0908290470447396,0.9091709529552604
1.3877787807814457e-16,1.0
0.2784892548487128,0.7215107451512872
0.16919801939061768,0.8308019806093823
0.4943545124026839,0.505645487597316
5.551115123125783e-17,0.9999999999999999
0.12467153150636175,0.8753284684936384
0.0,1.0
0.13257970389396337,0.8674202961060368
0.3759557384883127,0.6240442615116875
0.2624801228001991,0.7375198771998009
0.18697944919771148,0.8130205508022885
0.03773971949477531,0.9622602805052248
5.551115123125783e-17,1.0
0.1734423963814021,0.8265576036185978
0.30706346518610145,0.6929365348138986
0.12221171842132154,0.8777882815786785
0.0,1.0
0.2249634698790521,0.7750365301209479
0.5021877207695841,0.497812279230416
0.18523807715100785,0.8147619228489923
0.07404551988714828,0.9259544801128518
1.1102230246251565e-16,1.0
0.24842479402646683,0.7515752059735332
0.02960105470890951,0.9703989452910905
0.18872799005475285,0.8112720099452473
0.0,1.0
0.03462224092360075,0.9653777590763991
0.1654105691704197,0.8345894308295803
5.551115123125783e-17,1.0
2.498001805406602e-16,0.9999999999999998
0.18686201369502112,0.8131379863049789
0.5877725469367188,0.41222745306328124
0.24369772467146827,0.7563022753285317
0.21288846555609267,0.7871115344439074
0.15881146083210895,0.8411885391678912
0.2279232751501706,0.7720767248498294
0.26880056232689375,0.7311994376731061
0.2099759745054082,0.7900240254945919
0.2857137716327714,0.7142862283672287
0.0,1.0
0.08841768129607713,0.9115823187039229
0.10396073488160981,0.8960392651183903
0.12632936688652274,0.873670633113477
0.0,1.0
0.2425244619551338,0.7574755380448662
0.22704760489285594,0.7729523951071441
0.39357880090906067,0.6064211990909394
0.42304505270932824,0.5769549472906719
0.0,1.0
0.11203889124672407,0.887961108753276
0.186817554571403,0.813182445428597
0.0,1.0
0.037427090343149505,0.9625729096568503
0.4337739801796135,0.5662260198203866
0.48679284169132103,0.5132071583086791
0.06315518071744604,0.9368448192825539
0.34289676597695506,0.6571032340230447
0.0,1.0
0.18847490113303725,0.8115250988669627
0.20631306667953914,0.7936869333204609
0.021867207056409047,0.978132792943591
0.08680350000606672,0.9131964999939333
0.03707818857010588,0.9629218114298942
0.07243783173778348,0.9275621682622166
0.10882504259815014,0.8911749574018497
0.04901535492581178,0.9509846450741881
0.20120619450552574,0.7987938054944743
0.1819474456416577,0.8180525543583423
0.20251520541079557,0.7974847945892044
0.48796513159920685,0.5120348684007932
0.0,1.0
0.10477717997547994,0.8952228200245201
0.05486333089046933,0.9451366691095306
0.04424170739913424,0.9557582926008658
0.2123524899502946,0.7876475100497053
0.17444112726813962,0.8255588727318602
0.32823399632805567,0.6717660036719442
0.3794774527615162,0.6205225472384838
0.2171048403103301,0.7828951596896699
0.23437188808728654,0.7656281119127133
0.11962693350650047,0.8803730664934994
0.11516093071237428,0.8848390692876256
0.27333059294206113,0.7266694070579388
0.27179732498284137,0.7282026750171585
0.11291334094342335,0.8870866590565766
0.18698333819352955,0.8130166618064705
0.4204309894897348,0.5795690105102652
0.4403842616626597,0.5596157383373402
0.08080501508179153,0.9191949849182085
5.967448757360216e-16,0.9999999999999994
0.21166297584077431,0.7883370241592257
0.015003848312650262,0.9849961516873497
0.05661665262762596,0.943383347372374
0.4099679653439964,0.5900320346560037
0.20450277231958405,0.7954972276804159
0.4152339615981478,0.5847660384018523
0.12721087984240367,0.8727891201575962
0.1476568908245277,0.8523431091754723
0.0,1.0
0.14278479819088158,0.8572152018091185
0.08600425180867124,0.9139957481913287
0.16028648912604113,0.839713510873959
0.0,1.0
0.1723535494904609,0.8276464505095392
0.14035025193167994,0.8596497480683201
0.1013123140643465,0.8986876859356536
0.17722179257897977,0.8227782074210201
0.040871700140536,0.9591282998594639
0.12010938284614774,0.8798906171538522
0.038225096694657526,0.9617749033053424
0.16886050595414984,0.8311394940458501
0.0017451540635698543,0.9982548459364302
0.11318754098560863,0.8868124590143913
0.15881492480114126,0.8411850751988587
0.14265627867619296,0.857343721323807
0.2312036112452008,0.7687963887547992
0.5070498174588318,0.4929501825411682
0.08650946951050502,0.913490530489495
0.04374490616586421,0.9562550938341358
0.4041329922250141,0.595867007774986
0.0,1.0
0.07261031959476824,0.9273896804052315
2.7755575615628914e-17,1.0
0.16125751872621122,0.8387424812737888
0.03363634166047265,0.9663636583395273
0.206116960971517,0.793883039028483
0.2909444593450376,0.7090555406549625
0.21165745263631466,0.7883425473636853
0.2873552210271446,0.7126447789728554
0.10005163191431202,0.8999483680856879
0.00118892720813791,0.9988110727918621
0.0,1.0
5.551115123125783e-17,1.0
0.015323828298829634,0.9846761717011704
0.0,1.0
0.273904908094401,0.726095091905599
0.0647720438002541,0.935227956199746
0.1576273458505809,0.8423726541494191
5.551115123125783e-17,1.0
0.26105291532127334,0.7389470846787266
0.0,1.0
0.22975926218493076,0.7702407378150692
0.22042586830557906,0.779574131694421
0.08790566561974913,0.912094334380251
0.10924910000666097,0.890750899993339
3.3306690738754696e-16,0.9999999999999998
0.0,1.0
0.02451948394036807,0.9754805160596319
5.551115123125783e-17,1.0
0.25782006983708894,0.7421799301629111
0.19427941333689006,0.80572058666311
0.20613293203522057,0.7938670679647795
0.06388671689490345,0.9361132831050966
0.060200479797903515,0.9397995202020965
0.03724309170208087,0.9627569082979192
0.13754600112043947,0.8624539988795605
1.6653345369377348e-16,0.9999999999999998
0.05334237992052723,0.9466576200794727
0.1585232567394153,0.8414767432605846
0.12860273459484325,0.8713972654051569
0.24926946772289174,0.7507305322771082
0.2762531332594858,0.7237468667405141
0.28229344937058665,0.7177065506294134
0.2764033176043885,0.7235966823956116
8.326672684688674e-17,1.0
0.01598330671458612,0.9840166932854139
0.031347747944269394,0.9686522520557306
0.0,1.0
0.04275375867260352,0.9572462413273964
0.12614076011443448,0.8738592398855656
0.1403575764703498,0.8596424235296501
0.21202390890911432,0.7879760910908856
0.20468822351245894,0.7953117764875411
0.07918282027812891,0.920817179721871
0.0707222288376534,0.9292777711623466
0.25554106129310106,0.744458938706899
0.3820498323008171,0.6179501676991829
0.2248728019037905,0.7751271980962096
0.12047788356624553,0.8795221164337544
0.1571171063867031,0.8428828936132968
0.13071966519849448,0.8692803348015053
0.32612209600865305,0.673877903991347
0.33877232423906506,0.6612276757609349
0.5256391340050427,0.4743608659949575
1.7694179454963432e-16,0.9999999999999999
0.054197983168410825,0.945802016831589
0.0,1.0
5.551115123125783e-17,1.0
0.3373514028419407,0.6626485971580592
0.13115627827550755,0.8688437217244925
0.4678069933844263,0.5321930066155737
0.057292659134941415,0.9427073408650587
0.09034689585059776,0.9096531041494021
0.0,1.0
0.25221141385713297,0.7477885861428671
0.33376407375189493,0.6662359262481052
0.03462517281802634,0.9653748271819738
0.09567359141911712,0.9043264085808828
0.3097977024439392,0.6902022975560609
5.93275428784068e-16,0.9999999999999994
0.3813829075972422,0.6186170924027579
1.1796119636642288e-16,0.9999999999999999
0.19173364005326024,0.8082663599467398
0.08052552112118916,0.9194744788788108
0.3714203550828491,0.628579644917151
0.1555170023669785,0.8444829976330215
0.0,1.0
0.03974758189793955,0.9602524181020604
0.1681612712975464,0.8318387287024537
0.0916453422270086,0.9083546577729915
0.15060234497226196,0.849397655027738
0.3558248275111452,0.6441751724888548
0.4737313441882951,0.5262686558117051
0.037726636723193485,0.9622733632768065
0.16930467019423281,0.8306953298057671
0.0,1.0
0.07592064334566882,0.9240793566543312
0.3097528362536825,0.6902471637463176
0.18272429106731572,0.8172757089326844
0.11391533912032867,0.8860846608796714
0.03373819011043503,0.9662618098895649
0.14659314630003034,0.8534068536999695
0.01723990566257936,0.9827600943374207
0.13314097363157076,0.8668590263684293
0.3947751487288683,0.6052248512711316
0.02051132926116686,0.9794886707388333
2.498001805406602e-16,0.9999999999999998
0.17192642039887143,0.8280735796011286
0.07268032237129703,0.927319677628703
2.7755575615628914e-17,1.0
0.06142740788285881,0.9385725921171412
0.09281514697449283,0.9071848530255071
0.0,1.0
0.12183383885004173,0.8781661611499583
0.08984623351595196,0.910153766484048
1.1102230246251565e-16,0.9999999999999998
0.25434695478028757,0.7456530452197125
0.18971126178605285,0.8102887382139472
0.348831904974825,0.651168095025175
0.0,1.0
0.13869378619036074,0.8613062138096392
0.10439137651844675,0.8956086234815531
0.21826075130115533,0.7817392486988447
0.7399927086317798,0.2600072913682203
0.0,1.0
0.1894318220502827,0.8105681779497175
0.0,1.0
0.16075323181274487,0.8392467681872552
0.06295255040990995,0.9370474495900902
0.08957945817008142,0.9104205418299186
0.06980838445904143,0.9301916155409586
0.1981067929436863,0.8018932070563138
0.5043587310111999,0.49564126898880007
0.028372731312296288,0.9716272686877038
0.005689189853842553,0.9943108101461575
0.08984710450695158,0.9101528954930485
0.32733656922158766,0.6726634307784124
0.0,1.0
2.498001805406602e-16,0.9999999999999998
0.0,1.0
0.1593249113893226,0.8406750886106775
0.44751902429091933,0.5524809757090808
2.220446049250313e-16,0.9999999999999998
0.12508163357236737,0.8749183664276325
0.12145133373793937,0.8785486662620606
0.07510792153010061,0.9248920784698993
0.14309801605243783,0.8569019839475622
0.20018691900105545,0.7998130809989444
0.037959523482796624,0.9620404765172033
0.03352580856214085,0.9664741914378593
0.30662397425391436,0.6933760257460856
0.0864836564659274,0.9135163435340726
0.10674112991694988,0.89325887008305
0.05516194525025786,0.9448380547497423
0.0,1.0
0.03684303715279863,0.9631569628472014
0.1294333197378812,0.8705666802621187
2.7755575615628914e-17,1.0
0.13690095662241994,0.8630990433775801
0.12993757527751157,0.8700624247224885
0.11500172062532148,0.8849982793746786
2.498001805406602e-16,0.9999999999999998
0.2930242388007104,0.7069757611992896
0.20938286443139206,0.7906171355686079
0.09199055876305913,0.9080094412369408
0.0,1.0
0.22816295176441231,0.7718370482355877
0.0,1.0
0.2982138847220935,0.7017861152779065
8.326672684688674e-17,0.9999999999999999
0.4969852325760159,0.5030147674239841
0.053378514533633,0.946621485466367
5.551115123125783e-17,1.0
0.11484575796465409,0.885154242035346
0.0,1.0
5.551115123125783e-17,1.0
0.0,1.0
0.170773572517167,0.829226427482833
0.0028965691714628507,0.9971034308285373
0.44207654298914195,0.5579234570108579
0.11395037569034804,0.8860496243096521
0.48879788666095947,0.5112021133390403
0.39091166673987304,0.6090883332601271
0.38621388902346254,0.6137861109765373
0.15840416521167408,0.841595834788326
0.13958476343753626,0.860415236562464
0.1041962969899633,0.8958037030100368
0.29459650801135473,0.7054034919886453
0.16350695256921546,0.8364930474307847
0.1379126612785453,0.8620873387214546
1.1102230246251565e-16,1.0
0.4395527129067081,0.5604472870932918
0.0425580532630662,0.9574419467369338
0.2178167118672153,0.7821832881327848
0.0,1.0
0.4443399631048361,0.5556600368951637
0.07768810731247947,0.9223118926875206
0.18879787532981987,0.8112021246701802
0.09301930720120764,0.9069806927987923
0.5093018025815963,0.49069819741840376
0.13318225452510934,0.8668177454748908
0.15904570080695593,0.840954299193044
0.318747938928429,0.6812520610715711
0.21922399099680623,0.7807760090031937
0.45457939232303574,0.5454206076769643
0.11076957474981154,0.8892304252501886
0.2948086319209648,0.7051913680790352
0.22807581171952726,0.7719241882804728
0.03797709088892285,0.9620229091110771
0.1758735429261325,0.8241264570738674
0.0,1.0
0.3445553241377625,0.6554446758622374
0.16530208348268333,0.8346979165173165
0.2051016340212427,0.7948983659787574
0.1057853853143197,0.8942146146856802
0.11100492288300007,0.888995077117
2.7755575615628914e-17,1.0
0.24345611800363676,0.7565438819963631
0.184524526151761,0.8154754738482389
0.13678899662835575,0.8632110033716444
0.0,1.0
0.09261743683405857,0.9073825631659413
0.19181698713354503,0.8081830128664549
0.44092247067825613,0.5590775293217439
0.0938820096684358,0.9061179903315643
0.38305813260234156,0.6169418673976583
2.7755575615628914e-17,1.0
0.17113638833066158,0.8288636116693384
0.002181093522807725,0.9978189064771923
0.000693352714188734,0.9993066472858113
0.457749255897066,0.5422507441029341
0.07605012189009779,0.9239498781099021
1.1102230246251565e-16,0.9999999999999999
0.30613191868075995,0.6938680813192403
0.0,1.0
0.12428564459260869,0.8757143554073914
0.02793675093432949,0.9720632490656707
1.1102230246251565e-16,0.9999999999999999
0.0,1.0
0.23876188628662023,0.7612381137133797
0.0050880343580886455,0.9949119656419115
0.3168319177205046,0.6831680822794954
0.6569648190232806,0.3430351809767194
0.1330072660478261,0.8669927339521738
0.0,1.0
8.326672684688674e-17,0.9999999999999999
0.02569008030454641,0.9743099196954537
0.22346887539540972,0.7765311246045903
0.13426658840767056,0.8657334115923294
0.0008461040557438169,0.9991538959442563
0.054835887671540066,0.94516411232846
