CT-5,CT-6
0.632687697531496,0.367312302468504
0.6743817600722152,0.32561823992778477
0.5996399669408091,0.4003600330591909
0.8909216183356231,0.1090783816643769
0.5851651039345995,0.4148348960654005
0.5,0.5
0.5101511815922156,0.4898488184077843
0.8011973242462838,0.1988026757537162
0.6097711843722549,0.39022881562774514
0.6331482602648455,0.36685173973515445
0.7338430188407317,0.26615698115926845
1.0,0.0
0.9029959778566018,0.09700402214339818
0.5733196946059774,0.4266803053940226
0.6327264766500168,0.3672735233499832
0.7836645902424322,0.21633540975756785
0.5,0.5
0.8454230896055965,0.15457691039440344
0.7098262897813794,0.2901737102186206
0.7391005394282523,0.2608994605717477
0.7053322059255586,0.29466779407444144
0.612256820855681,0.387743179144319
0.5578107229748851,0.4421892770251149
0.7902134587610861,0.20978654123891396
0.5675159273027186,0.43248407269728145
0.6685398535740091,0.33146014642599086
0.6360132015565275,0.3639867984434725
0.6451756055029594,0.3548243944970407
0.6047682584828156,0.3952317415171844
0.6053151013188434,0.39468489868115664
0.9437582075497248,0.05624179245027518
0.5592878151944739,0.4407121848055261
0.8432577966895218,0.15674220331047808
0.771488933133014,0.22851106686698597
0.7177161517824266,0.28228384821757346
0.721701079448871,0.27829892055112904
0.5909245368061714,0.4090754631938286
0.8555937294582976,0.14440627054170255
0.6792446003648431,0.32075539963515687
0.649552813367976,0.350447186632024
0.48558217685642097,0.5144178231435791
0.5992498649566982,0.40075013504330187
0.7686973959207535,0.23130260407924652
0.7877780108323633,0.21222198916763668
0.9544697494691017,0.04553025053089838
0.6844479329704549,0.31555206702954514
0.7387294905574456,0.2612705094425543
0.6968632023325183,0.3031367976674818
0.650221733317301,0.3497782666826989
0.7480900181260782,0.2519099818739218
0.7715592324973776,0.22844076750262238
0.8621377744274541,0.1378622255725459
0.6475210279262174,0.35247897207378265
0.5904767744406892,0.40952322555931076
0.7346627069971601,0.2653372930028399
0.7836294550841807,0.2163705449158193
0.830963221879563,0.16903677812043713
0.5825558337661488,0.4174441662338511
0.7124672768531901,0.28753272314680983
0.47302923483760345,0.5269707651623965
0.6658622011872404,0.3341377988127596
0.5542994283028383,0.4457005716971617
0.852266897737969,0.14773310226203096
0.6954240948650298,0.30457590513497035
0.49389783293008804,0.506102167069912
0.7131409704751507,0.2868590295248493
0.5720329307902396,0.42796706920976035
0.8247698796539279,0.1752301203460721
0.7049631010512686,0.2950368989487314
0.856572055920817,0.1434279440791831
0.4418201561116786,0.5581798438883214
0.6411358848098858,0.3588641151901143
0.6811937167776827,0.31880628322231735
0.6438228665716874,0.3561771334283126
0.9293069945705925,0.07069300542940751
0.5870020798615259,0.41299792013847414
0.7349320808980565,0.26506791910194355
0.7162786303102725,0.2837213696897275
0.615980395191435,0.38401960480856506
0.6380084002774078,0.36199159972259226
0.6610374512528352,0.3389625487471648
0.8608972097238193,0.1391027902761807
0.6149077982859413,0.38509220171405867
0.6740208306524574,0.32597916934754256
0.6574772355844741,0.3425227644155258
0.7145796424786529,0.28542035752134703
0.5899619883795306,0.41003801162046943
0.8402744554271792,0.15972554457282082
0.738448396137496,0.261551603862504
0.6229632454060413,0.3770367545939587
0.673498945565501,0.32650105443449895
0.9270316629270622,0.07296833707293783
0.5552827233572591,0.44471727664274086
0.3697885701872008,0.6302114298127992
0.9224150980368986,0.07758490196310135
0.8142952974166976,0.18570470258330243
0.7858536141678771,0.21414638583212292
0.7386453761024943,0.2613546238975057
0.5926231984425112,0.4073768015574889
0.8320246108114874,0.16797538918851262
0.627053392900006,0.37294660709999405
0.825900823829836,0.17409917617016407
0.7301412335503275,0.26985876644967255
0.8170911162441743,0.18290888375582562
0.6830737811574071,0.31692621884259287
0.5932775026561808,0.40672249734381916
0.5494574511697221,0.45054254883027783
0.6684984171300163,0.33150158286998366
0.7233051752550829,0.27669482474491713
0.7653579654948258,0.23464203450517415
0.5856390798851759,0.414360920114824
0.8287515683450409,0.17124843165495898
0.653839615859076,0.346160384140924
0.8333287397852894,0.16667126021471051
0.8730783786395925,0.12692162136040755
0.6764302371877385,0.3235697628122614
0.7481804004728178,0.25181959952718225
0.6079468104926634,0.3920531895073366
0.6351217661122478,0.36487823388775215
0.7341916787992905,0.26580832120070946
0.7389173316107722,0.2610826683892277
0.9632640841378677,0.036735915862132276
0.7152092160536216,0.28479078394637825
0.7223110855049607,0.27768891449503924
0.873197038181049,0.126802961818951
0.5612887093153478,0.4387112906846522
0.5213540247327776,0.47864597526722247
0.5739507743469284,0.42604922565307163
0.7252713254531996,0.27472867454680033
0.7849697009437299,0.2150302990562702
0.7240084968145984,0.27599150318540155
0.810529820472529,0.18947017952747108
0.7718280594934914,0.2281719405065086
0.8670617629844749,0.13293823701552504
0.8606789361866989,0.13932106381330112
0.6499388281598605,0.3500611718401395
0.904953135262073,0.09504686473792702
0.8787401164433053,0.12125988355669473
0.6985786646732025,0.3014213353267975
0.6051547825955494,0.39484521740445055
0.7600847311912478,0.23991526880875227
0.46281537808293505,0.537184621917065
0.49303860085199075,0.5069613991480093
0.6399961105068009,0.36000388949319906
0.8325324219240321,0.16746757807596788
0.7795119728745995,0.22048802712540053
0.7311706060165847,0.2688293939834152
0.8193069042816302,0.18069309571836978
0.5676483863384025,0.43235161366159747
0.7041537964259215,0.2958462035740785
0.6684955864625619,0.3315044135374381
0.7164275257479619,0.28357247425203813
0.7302441663555391,0.2697558336444609
0.6566790179842489,0.3433209820157511
0.663472631479351,0.336527368520649
0.8625901264290066,0.1374098735709935
0.7441048562188827,0.2558951437811174
0.6858181183063965,0.3141818816936034
0.5620586140059117,0.4379413859940882
0.6826232515567516,0.3173767484432483
0.6864344863918637,0.3135655136081363
0.5956330589120524,0.4043669410879476
0.6924415294793174,0.30755847052068264
0.8750796119940534,0.12492038800594668
0.835810494538251,0.164189505461749
0.6570664273474935,0.3429335726525065
0.9076867335688241,0.09231326643117582
0.6311873763261251,0.3688126236738749
0.756735790634025,0.24326420936597498
0.5332312745187063,0.46676872548129367
0.7590104523743212,0.24098954762567878
0.5852531586211993,0.41474684137880063
0.6128173179888841,0.38718268201111594
0.7577447185982348,0.24225528140176522
0.6743037101118134,0.32569628988818666
0.7159338280947287,0.28406617190527134
0.7559216570301617,0.24407834296983832
0.800389121020994,0.19961087897900603
0.8622059983593536,0.13779400164064637
0.5631820405497526,0.4368179594502473
0.7294797050197019,0.2705202949802981
0.6479675376808144,0.35203246231918567
0.5941137677203747,0.4058862322796254
0.6699730938311147,0.33002690616888525
0.8932425348105661,0.10675746518943384
0.5524750069425798,0.4475249930574202
0.8109984405516043,0.18900155944839575
0.7049796379142856,0.2950203620857143
0.7837599945557385,0.21624000544426147
0.5746626112909776,0.42533738870902243
0.7545185302698939,0.2454814697301062
0.737051142461979,0.262948857538021
0.6206262448300722,0.37937375516992766
0.5727637510057941,0.4272362489942059
0.8091061128357461,0.1908938871642539
0.6549251270697375,0.3450748729302625
0.8805655288008014,0.11943447119919862
0.814140205891876,0.185859794108124
0.8458500970409458,0.1541499029590542
0.5785867236978485,0.4214132763021515
0.559717302828103,0.44028269717189694
0.8352677322820268,0.16473226771797328
0.47633356896912027,0.5236664310308797
0.6636992212937673,0.33630077870623265
0.7521295578127727,0.2478704421872274
0.5345462646375962,0.46545373536240375
0.5428520893935123,0.4571479106064877
0.6304236513980637,0.36957634860193633
0.5495837836397482,0.45041621636025175
0.6634583721167336,0.33654162788326625
0.7428116784790345,0.2571883215209656
0.7820747006942339,0.2179252993057661
0.5061943829059601,0.4938056170940399
0.5337718772180662,0.4662281227819338
0.7015466407171601,0.29845335928283995
0.9485882332347308,0.051411766765269304
0.6291524066962383,0.3708475933037617
0.8589303216292621,0.1410696783707379
0.5965229249157676,0.4034770750842323
0.69150024323012,0.30849975676987995
0.709044732313395,0.29095526768660496
0.7130063801282376,0.2869936198717625
0.7551929622028096,0.24480703779719037
0.764401217795908,0.23559878220409197
0.9785071828359804,0.021492817164019712
0.819224653221375,0.180775346778625
0.7348656342778888,0.2651343657221112
0.7428816499668665,0.2571183500331335
0.7008258268398658,0.2991741731601341
0.48984661313526606,0.510153386864734
0.9393585045752361,0.060641495424763964
0.9307806826732845,0.06921931732671555
0.7320878513472364,0.2679121486527635
0.7595958505985515,0.24040414940144855
0.6848810970660661,0.3151189029339338
0.6743827921754295,0.3256172078245705
0.6769216797120736,0.3230783202879264
0.6357863730988875,0.3642136269011125
0.49402087169390274,0.5059791283060973
0.44608276849313605,0.5539172315068639
0.88581078524791,0.11418921475208996
0.7100713253858357,0.2899286746141643
0.2637256647867477,0.7362743352132524
0.6236160546747196,0.37638394532528036
0.6262972115678737,0.37370278843212634
0.7747285563551414,0.2252714436448586
0.6729399445003726,0.32706005549962736
0.7536797318678428,0.2463202681321573
0.9418126060501052,0.05818739394989486
0.6645483178307197,0.33545168216928034
0.7523538088734404,0.24764619112655967
0.7376613583882874,0.2623386416117126
0.5,0.5
0.9029288884547687,0.09707111154523132
0.6708377338376279,0.32916226616237215
0.7363210920422695,0.26367890795773047
0.7268705612185212,0.27312943878147883
0.7593401097746718,0.24065989022532824
0.7352787401177422,0.2647212598822579
0.6972767066452423,0.30272329335475767
0.6168164313758475,0.38318356862415254
0.4713458486734056,0.5286541513265943
0.8257979420970434,0.17420205790295662
0.8085496224502198,0.19145037754978023
0.7885684602827067,0.21143153971729337
0.48168482140411034,0.5183151785958896
0.6357611017993131,0.36423889820068683
0.5130401737835606,0.48695982621643935
0.6913664665760524,0.3086335334239476
0.37883340657291503,0.621166593427085
0.7017685636567648,0.29823143634323523
0.7587486929545046,0.24125130704549533
0.640063662543917,0.359936337456083
0.7308387030968679,0.269161296903132
0.7844424444077682,0.21555755559223183
0.7066509827614657,0.29334901723853435
0.7817827501696213,0.21821724983037866
0.4474998499292115,0.5525001500707885
0.7946839816364714,0.20531601836352864
0.5793918992248221,0.4206081007751778
0.5884880928991082,0.4115119071008918
0.92112035875357,0.07887964124642996
0.5066385194659233,0.4933614805340767
0.6319287322941682,0.36807126770583176
0.7974702997456462,0.20252970025435382
0.8450700907555385,0.1549299092444614
0.4476386785374454,0.5523613214625547
0.3144470933922259,0.6855529066077741
0.6128210835957626,0.3871789164042374
0.6002349820655947,0.39976501793440533
0.814446943948078,0.185553056051922
0.5828383403191977,0.41716165968080243
0.9243454421679748,0.07565455783202515
0.6996200775593485,0.30037992244065154
0.6679806073386414,0.33201939266135866
0.7313422468109909,0.2686577531890091
0.6911141338973485,0.3088858661026515
0.573903758099246,0.42609624190075407
0.9317555810220055,0.06824441897799455
0.7236682888005983,0.27633171119940175
0.8417482519475802,0.1582517480524199
0.7916084421949067,0.20839155780509339
0.6740336617297763,0.32596633827022364
0.833457801269957,0.16654219873004295
0.8497011733454932,0.15029882665450683
0.6910444163885464,0.30895558361145364
0.5151508253177356,0.48484917468226446
0.5462580513137841,0.4537419486862158
0.9072623674248034,0.09273763257519652
0.4681987762451172,0.5318012237548828
0.6203231580473847,0.37967684195261525
0.8001518671529554,0.19984813284704464
0.768195498396268,0.23180450160373212
0.786800128538413,0.21319987146158703
0.621021190401893,0.37897880959810704
0.6416754797116991,0.3583245202883008
0.7814003326165445,0.21859966738345551
0.7520169602781193,0.24798303972188074
0.7876818004016631,0.2123181995983369
0.5326492842470993,0.4673507157529006
0.7225623607553022,0.2774376392446978
0.6539685266739872,0.3460314733260128
0.5778089945896222,0.42219100541037774
0.6129257301513834,0.38707426984861665
0.6907913388473025,0.3092086611526975
0.6199509083820447,0.3800490916179553
0.5458227219356191,0.4541772780643809
0.7877380584727973,0.2122619415272027
0.6812922155623768,0.31870778443762304
0.7828338246836918,0.21716617531630825
0.7402106246375666,0.25978937536243335
0.5609681212084141,0.4390318787915859
0.5288184693269384,0.4711815306730616
0.6278950019581782,0.3721049980418218
0.7225538834381166,0.27744611656188345
0.5913155162560884,0.40868448374391164
0.7223110630990504,0.2776889369009497
0.7908851138381584,0.20911488616184168
0.722115434278121,0.27788456572187914
0.6012245258489398,0.39877547415106007
0.806667013609874,0.19333298639012592
0.7941903405630841,0.20580965943691595
0.7387082276264592,0.2612917723735409
0.6520549908625072,0.3479450091374928
0.6886112982186997,0.31138870178130024
0.6585333351667985,0.34146666483320154
0.6430757241285543,0.3569242758714457
0.8002683519053502,0.19973164809464977
0.6318527228729207,0.3681472771270793
0.5149698542155831,0.48503014578441694
0.6223402069171996,0.37765979308280045
0.667437117227745,0.332562882772255
0.7607698328513172,0.23923016714868278
0.6088316667370003,0.3911683332629997
0.8140600814581963,0.18593991854180378
0.5464179701551658,0.4535820298448342
0.42159903832186263,0.5784009616781374
0.825727031864733,0.1742729681352671
0.7815175438124292,0.21848245618757078
0.9241631759075298,0.07583682409247022
0.7497120795305213,0.25028792046947873
0.691123602563149,0.30887639743685097
0.5974503897037566,0.40254961029624337
0.6171531986628955,0.3828468013371045
0.5074543356895447,0.4925456643104553
0.6350055446168777,0.3649944553831223
0.7725957543752131,0.227404245624787
0.8637409066959396,0.13625909330406027
0.7358288199035191,0.26417118009648094
0.8672800591343884,0.13271994086561165
0.7791034062730123,0.22089659372698772
0.4117027152826026,0.5882972847173974
0.8585951228041979,0.14140487719580205
0.721902036203675,0.27809796379632495
0.6988172496968846,0.3011827503031154
0.6612626355327045,0.3387373644672956
0.7160787096601594,0.2839212903398406
0.6895432416463669,0.31045675835363307
0.7993429998288493,0.20065700017115085
0.8410015209167363,0.15899847908326362
0.6795322420880155,0.3204677579119845
0.8098803956177703,0.19011960438222977
0.6297470427675764,0.3702529572324236
0.7364977891166135,0.2635022108833866
0.6922243607912892,0.30777563920871076
0.6524209009903085,0.34757909900969153
0.7528643390982381,0.24713566090176187
0.6936604408011224,0.3063395591988775
0.7092303314272693,0.2907696685727307
0.8663821358168403,0.13361786418315957
0.7206157568986883,0.27938424310131177
0.7091301346116751,0.29086986538832493
0.6648626091670412,0.33513739083295885
0.6395275053653534,0.3604724946346466
0.4808304194846212,0.5191695805153788
0.8615524910902455,0.1384475089097545
0.6568797469983069,0.34312025300169313
0.6438651630349103,0.35613483696508974
0.8926822220747098,0.10731777792529014
0.8157973452663952,0.1842026547336047
0.8122744772982108,0.18772552270178916
0.6109994123538318,0.3890005876461682
0.7218127683896561,0.2781872316103439
0.9303008873387891,0.06969911266121093
0.8002146848989168,0.19978531510108327
0.6421629864004879,0.35783701359951214
0.7791212178796558,0.22087878212034412
0.6825844397040236,0.31741556029597634
0.596235260444909,0.40376473955509096
0.6420380118305772,0.35796198816942276
0.7129755277055763,0.2870244722944238
0.5542172295840369,0.44578277041596315
0.683571521788566,0.31642847821143405
0.5558352200439841,0.44416477995601583
0.8593338928646773,0.1406661071353228
0.728931157220227,0.2710688427797729
0.8669857599054865,0.13301424009451351
0.7661447535349951,0.23385524646500483
0.7922429507012372,0.2077570492987628
0.590431211825252,0.4095687881747479
0.7991278230660447,0.20087217693395526
0.8051405998075581,0.1948594001924418
0.6337839540780109,0.36621604592198914
0.8371185448660842,0.1628814551339159
0.6451630289604148,0.35483697103958517
0.7601146311125416,0.2398853688874584
0.7571387679871862,0.24286123201281382
0.7235887257840654,0.2764112742159346
0.6486985110192054,0.3513014889807946
0.6681985125943123,0.3318014874056877
0.7055882925773793,0.29441170742262074
0.5270123728305768,0.4729876271694232
0.6760772914601157,0.3239227085398843
0.8594565156029114,0.14054348439708858
0.745757167138418,0.25424283286158206
0.6956343615469942,0.3043656384530058
0.8255939761706407,0.1744060238293593
0.6860183406521161,0.3139816593478839
0.8429645120134835,0.15703548798651643
0.6984238053993581,0.3015761946006419
0.6559697068032068,0.34403029319679335
0.4020509490776707,0.5979490509223294
0.6399201948411293,0.3600798051588707
0.6618138112342778,0.3381861887657221
0.6701656783785794,0.32983432162142057
0.7762298447905409,0.22377015520945914
0.7220404709525368,0.27795952904746324
0.507029656646584,0.4929703433534161
0.8092450788827111,0.19075492111728887
0.8280259393122527,0.17197406068774737
0.6895947940694616,0.3104052059305385
0.5564713699185491,0.44352863008145094
0.6299629112834044,0.37003708871659563
0.7804770393263757,0.21952296067362423
0.761796980894304,0.238203019105696
0.5946580642490064,0.40534193575099364
0.826243992858574,0.173756007141426
0.9435113692631137,0.05648863073688616
0.7839031492823006,0.2160968507176994
0.9058143512873083,0.09418564871269179
0.6675000897000904,0.3324999102999095
0.589342418408153,0.410657581591847
0.6027360296902214,0.39726397030977856
0.6467053447901531,0.353294655209847
0.8041048022263861,0.19589519777361386
0.5639636640048874,0.43603633599511255
0.7222260557614878,0.2777739442385122
0.8651657283865186,0.13483427161348133
0.5958931229231978,0.4041068770768021
0.7780278536787846,0.2219721463212153
0.5485500151054284,0.4514499848945716
0.7989223132554691,0.2010776867445308
0.9221804052637086,0.07781959473629144
0.7616319257035418,0.2383680742964582
0.8148545037857918,0.18514549621420814
0.8748864261880502,0.12511357381194974
0.6701922466689999,0.32980775333100015
0.551877121974845,0.44812287802515505
0.5849907929005769,0.4150092070994231
0.6422299976411613,0.3577700023588387
0.77861770071136,0.22138229928863998
0.848456739192239,0.15154326080776107
0.6302027985985093,0.3697972014014907
0.6491888276880314,0.3508111723119685
0.6997591707992437,0.3002408292007564
0.6455764065259478,0.35442359347405217
0.6195819096451869,0.38041809035481305
0.5048694139535235,0.49513058604647653
0.6462370051994304,0.35376299480056966
0.569165802738194,0.4308341972618061
0.6950375784025238,0.3049624215974763
0.6470579903040594,0.35294200969594053
0.8307535846936241,0.16924641530637588
0.6685852302676007,0.33141476973239914
0.60795993613827,0.39204006386172996
0.7190489554203183,0.2809510445796818
0.8469672344405165,0.15303276555948356
0.6048689197215293,0.39513108027847066
0.5365759868558055,0.46342401314419446
0.715856227998083,0.284143772001917
0.7727194603455771,0.22728053965442285
0.7952842352490289,0.20471576475097117
0.5360065714222619,0.46399342857773807
0.8649177206364995,0.1350822793635006
0.7914378322289072,0.20856216777109282
0.7524959948550517,0.24750400514494827
0.6912258410542236,0.3087741589457764
0.4851337779583786,0.5148662220416215
0.6748763970826247,0.3251236029173753
0.6168770844013255,0.3831229155986744
0.6279684675045965,0.37203153249540355
0.5910290674061588,0.4089709325938412
0.6890659337046696,0.31093406629533044
0.7488184263938314,0.25118157360616855
0.7242209473710801,0.27577905262891983
0.9527315345865687,0.04726846541343132
0.6669620261264452,0.3330379738735547
0.8449673346033169,0.15503266539668317
0.5207592568421985,0.4792407431578015
0.650566063889245,0.349433936110755
0.884418212137183,0.11558178786281705
0.46005919519259997,0.5399408048074
0.7255873867456867,0.2744126132543133
0.7456090133078109,0.254390986692189
0.5197659516903457,0.48023404830965427
0.6027911750465247,0.39720882495347526
0.685289814426668,0.31471018557333186
0.6159494271415247,0.3840505728584753
0.777958655183358,0.222041344816642
0.8358162993849961,0.16418370061500384
0.7326068419069546,0.26739315809304554
0.8875399873181016,0.11246001268189838
0.7445700739658326,0.25542992603416736
0.7962051935302583,0.20379480646974163
0.6494237992207131,0.3505762007792869
0.6669330363691564,0.3330669636308437
0.5707830194683632,0.42921698053163676
0.6379554185308001,0.3620445814692
0.46142148743296796,0.538578512567032
0.4737685309929323,0.5262314690070676
0.6241675428074601,0.37583245719253994
0.8198973330752568,0.18010266692474325
0.5236642057828232,0.4763357942171767
0.9558456283844441,0.04415437161555605
0.6173989102244377,0.3826010897755623
1.0,2.7755575615628914e-17
0.6229170415711004,0.3770829584288997
0.8237361366280938,0.17626386337190622
0.9407361172058637,0.05926388279413638
0.9120436286248585,0.08795637137514149
0.7631016774702256,0.23689832252977436
0.7784248229272459,0.221575177072754
0.6355573570041203,0.36444264299587975
0.6398449571020245,0.36015504289797556
0.7921004467283512,0.20789955327164877
0.8885374541825611,0.11146254581743877
0.7332327325905975,0.2667672674094025
0.6100401054892161,0.38995989451078394
0.7072123770615729,0.29278762293842703
0.576775031522321,0.4232249684776789
0.714974407462079,0.2850255925379211
0.7775542598920858,0.22244574010791424
0.539207780411515,0.4607922195884851
0.744441427391021,0.2555585726089791
0.7203597207408481,0.2796402792591518
0.5628975300422323,0.43710246995776764
0.6925317121589237,0.30746828784107627
0.6621429534062001,0.33785704659379984
0.5948070967089616,0.4051929032910385
0.4884847361100963,0.5115152638899038
0.5238192419746581,0.4761807580253418
0.8783198760223292,0.12168012397767086
0.6521224212766444,0.34787757872335556
0.4543794842335188,0.5456205157664812
0.6147949125420448,0.38520508745795523
0.7790749292094653,0.22092507079053464
0.6999011277162939,0.3000988722837062
0.6173319285963357,0.38266807140366427
0.6462092874948416,0.35379071250515837
0.7869708414723736,0.2130291585276263
0.5523911235115487,0.44760887648845127
0.530644608492919,0.469355391507081
0.8775579752505899,0.12244202474941013
0.6990747665763475,0.30092523342365257
0.809401498010232,0.19059850198976802
0.9213485771550091,0.07865142284499091
0.7487163082185352,0.2512836917814648
0.7270119711228611,0.2729880288771389
0.7725031413084323,0.22749685869156763
0.6915788888624848,0.3084211111375152
0.5170973762869835,0.4829026237130165
0.849355029734622,0.150644970265378
0.6550647055938443,0.3449352944061556
0.7696868030042023,0.2303131969957977
0.8578365530707035,0.1421634469292965
0.6112557384122187,0.3887442615877813
0.6176520898380653,0.38234791016193465
0.6351767774213901,0.36482322257860983
0.48820967622542305,0.511790323774577
0.8270777049227773,0.17292229507722262
0.613379720275133,0.386620279724867
0.5135551616549492,0.4864448383450508
0.7133007502539981,0.2866992497460019
0.6191099336963961,0.38089006630360384
0.7072674060175979,0.29273259398240215
0.7100465347679324,0.28995346523206755
0.7588753389402795,0.24112466105972055
0.6966013920826755,0.30339860791732454
0.7620729731942896,0.23792702680571035
0.5652614391438807,0.4347385608561193
0.6502282735119947,0.34977172648800514
0.7653827354127234,0.23461726458727664
0.6971482771816622,0.30285172281833783
0.4767089863953961,0.523291013604604
0.6039203224239067,0.3960796775760933
0.8817708087080395,0.11822919129196051
0.7585357452481201,0.24146425475188
0.8840101241884488,0.11598987581155124
0.6273118023071474,0.3726881976928526
0.7062572293655053,0.2937427706344948
0.6848943162662187,0.31510568373378134
0.6233338631012862,0.37666613689871375
0.6858272984354807,0.3141727015645192
0.6647695059189699,0.33523049408103006
0.8795071054452429,0.12049289455475701
0.722679370307957,0.27732062969204296
0.6489409381571627,0.3510590618428373
0.5930532766983815,0.4069467233016185
0.6281220473055156,0.37187795269448437
0.4589703095297889,0.541029690470211
0.6142900396268949,0.3857099603731051
0.5798649577869494,0.4201350422130507
0.7356151667865898,0.26438483321341016
0.7532394360655935,0.24676056393440643
0.6632524642915095,0.3367475357084905
0.9113348736633934,0.08866512633660664
0.6591440056659087,0.3408559943340913
0.5989080329948264,0.40109196700517363
0.42171209812115096,0.578287901878849
0.882571996835279,0.11742800316472109
0.8880280623554101,0.11197193764459004
0.6764221669814264,0.32357783301857357
0.6714109600046448,0.32858903999535516
0.5831808810090892,0.41681911899091084
0.6355464853288729,0.3644535146711271
0.6263819652882501,0.3736180347117499
0.6638400090433036,0.33615999095669635
0.8664910562143666,0.13350894378563335
0.7903228236231066,0.2096771763768934
0.745425745844841,0.254574254155159
0.6367981745783459,0.36320182542165413
0.5828170131886239,0.41718298681137606
0.7298298183823138,0.2701701816176863
0.7606303122999007,0.23936968770009928
0.6324890073657623,0.3675109926342377
0.5796844512224197,0.42031554877758026
0.6710804969436913,0.3289195030563087
0.5481492636052707,0.4518507363947292
0.6503008220424985,0.34969917795750144
0.524407703816709,0.47559229618329096
0.7507187904189854,0.2492812095810146
0.6931514155990431,0.30684858440095697
1.0,5.551115123125783e-17
0.703978756674466,0.29602124332553403
0.7189647801592158,0.2810352198407842
0.7260093261931269,0.2739906738068731
0.6564974957852592,0.3435025042147408
0.6776295986949602,0.32237040130503986
0.5682169944047927,0.43178300559520727
0.713772315216753,0.28622768478324695
0.5636685499243075,0.43633145007569246
0.6523797957352574,0.34762020426474255
0.6693486953054465,0.3306513046945535
0.6018878779528688,0.39811212204713126
0.792050853894351,0.207949146105649
0.8296991618335352,0.1703008381664648
0.6750838533262331,0.32491614667376695
0.6971718208019159,0.30282817919808414
0.7552733218164549,0.24472667818354507
0.5342274316722245,0.46577256832777547
0.736368762665175,0.26363123733482496
0.7549252824051009,0.24507471759489916
0.8740360093147937,0.12596399068520622
0.7460028901384552,0.25399710986154467
0.8402829384221899,0.15971706157781007
0.7065636706252072,0.29343632937479275
0.62095283101783,0.37904716898216984
0.7340283386992063,0.2659716613007938
0.600247505378925,0.39975249462107504
0.6863783574084764,0.31362164259152364
0.5616934515305775,0.4383065484694226
0.6706312163522209,0.3293687836477791
0.8573722367976537,0.14262776320234624
0.6343030350536465,0.3656969649463535
0.7449182187683108,0.25508178123168923
0.7988086973632951,0.20119130263670482
0.6610177053456022,0.33898229465439783
0.8018776567443656,0.19812234325563433
0.7310637838381542,0.2689362161618458
0.7967101867137586,0.20328981328624138
0.6712791550128917,0.3287208449871082
0.5373098095479865,0.4626901904520135
0.8148237065305322,0.1851762934694678
0.6470284334192514,0.3529715665807485
0.6092728454920294,0.3907271545079706
0.5906467207645738,0.40935327923542614
0.5,0.5
0.9017595903609597,0.09824040963904036
0.5061819553375244,0.4938180446624756
0.5249014262780531,0.4750985737219468
0.6585770807118355,0.34142291928816454
0.46798789685076897,0.532012103149231
0.8725362623307521,0.1274637376692479
0.6920141357124152,0.30798586428758473
0.6512448818464711,0.3487551181535289
0.7760381527701481,0.22396184722985188
0.7680751077415616,0.2319248922584383
0.6489964438065577,0.35100355619344226
0.7048226757221745,0.29517732427782545
0.6825451053685981,0.31745489463140186
0.8685266197053026,0.13147338029469735
0.7607914551699853,0.23920854483001477
0.828618198707494,0.17138180129250608
0.5247810178503622,0.4752189821496377
0.6676972698683812,0.33230273013161876
0.6887632381827361,0.311236761817264
0.6655478629236014,0.33445213707639865
0.8626455952353479,0.1373544047646521
0.6144272027167489,0.3855727972832511
0.8026328267648385,0.19736717323516148
0.8421736232357712,0.1578263767642289
0.8216043551867125,0.17839564481328762
0.7721347816876393,0.22786521831236076
0.518474960970224,0.48152503902977595
0.5943825647732909,0.40561743522670907
0.6755691581227505,0.3244308418772494
0.7192199246743981,0.28078007532560195
0.7180393624394764,0.2819606375605236
0.7787260555887435,0.22127394441125653
0.5939159309047246,0.4060840690952754
0.7383856254560721,0.26161437454392783
0.596640780469741,0.403359219530259
0.6430684755224507,0.35693152447754933
0.8383583692529376,0.16164163074706245
0.7243084358708227,0.2756915641291772
0.6271090154924449,0.372890984507555
0.44413908618846115,0.5558609138115389
0.622064552482917,0.37793544751708297
0.758040274065557,0.24195972593444307
0.6558560088949265,0.3441439911050735
0.6268538959421794,0.37314610405782056
0.7140247986903627,0.28597520130963733
0.5714674156444042,0.4285325843555958
0.5900756210404345,0.40992437895956546
0.6933402132057762,0.3066597867942238
0.8582725713877638,0.14172742861223622
0.7721205933286941,0.22787940667130582
0.5816144239020207,0.41838557609797933
0.827808105331418,0.1721918946685819
0.8702777671936667,0.12972223280633324
0.8220747118895748,0.17792528811042524
0.7747038777032764,0.22529612229672355
0.8952210514708082,0.1047789485291918
0.629991021512794,0.3700089784872061
0.8416444778748133,0.1583555221251866
0.6738566480578743,0.3261433519421258
0.6118001793085995,0.3881998206914005
0.7227643948650349,0.2772356051349651
0.6210121235463968,0.37898787645360327
0.8643462257889821,0.13565377421101787
0.5520405512783697,0.4479594487216303
0.6706467159525581,0.3293532840474419
0.7074236082534769,0.29257639174652306
0.8051985536065549,0.1948014463934451
0.6390417606385973,0.36095823936140276
0.862352011439529,0.137647988560471
0.8124382344972693,0.18756176550273074
0.8346669365938978,0.1653330634061022
0.5,0.5
0.7465130367834613,0.25348696321653885
0.7074531351493483,0.2925468648506518
0.6557769060547605,0.34422309394523953
0.5176410111301133,0.48235898886988676
0.5864408637918727,0.41355913620812734
0.6351072113306427,0.3648927886693572
0.6359273700305065,0.3640726299694936
0.8018884401943492,0.19811155980565076
0.5772286660202102,0.42277133397978983
0.7433378808856477,0.2566621191143524
0.8461351995295099,0.1538648004704902
0.9074880165096548,0.09251198349034521
0.6857630319070912,0.31423696809290874
0.7163145692654695,0.28368543073453045
0.5795613469756246,0.42043865302437544
0.4837841199210153,0.5162158800789848
0.6281897500157356,0.3718102499842644
0.6210584238083976,0.3789415761916025
0.4952284572609268,0.5047715427390732
0.6197559528899949,0.38024404711000503
0.787628642656918,0.212371357343082
0.5091827809810638,0.49081721901893616
0.564640146516621,0.43535985348337897
0.8504543433479576,0.14954565665204245
0.7301479089169453,0.26985209108305475
0.8279625450407164,0.17203745495928358
0.6367791756386133,0.3632208243613867
0.6009685622842668,0.39903143771573324
0.6971788903388328,0.3028211096611672
0.5167493522167206,0.4832506477832794
0.8956308158096012,0.10436918419039867
0.8334585548852295,0.16654144511477054
0.7284196045820672,0.27158039541793283
0.7639077640922739,0.2360922359077261
0.8768361990393087,0.12316380096069145
0.8059856689013705,0.1940143310986296
0.5531472145655535,0.4468527854344465
0.6232337545352845,0.37676624546471554
0.7133333499355072,0.28666665006449266
0.7771320175175112,0.22286798248248876
0.7873350256528483,0.21266497434715168
0.6389484503666885,0.3610515496333115
0.5079583402995363,0.4920416597004637
0.7584649320626345,0.24153506793736546
0.692632169804059,0.30736783019594105
0.5783935392392757,0.42160646076072433
0.5813089081101697,0.4186910918898304
0.7675249802809351,0.23247501971906495
0.8043867020232645,0.19561329797673552
0.6565249977050288,0.34347500229497113
0.9675306997117595,0.032469300288240494
0.6488360895518356,0.3511639104481643
0.7739269810882835,0.2260730189117165
0.7314250563405529,0.26857494365944706
0.5955914274079093,0.40440857259209073
0.8301643090825758,0.1698356909174243
0.7974402641133487,0.20255973588665127
0.7254635681643155,0.2745364318356845
0.7004430993093861,0.29955690069061386
0.4411862610077348,0.5588137389922652
0.5160772252150956,0.4839227747849045
0.6125458159423117,0.3874541840576882
0.5901837637333145,0.40981623626668545
0.6966256164420617,0.30337438355793833
0.7581933164636194,0.24180668353638057
0.8347915168994329,0.16520848310056707
0.6657870594769798,0.3342129405230202
0.70183995765035,0.29816004234965
0.9286987334796247,0.0713012665203752
0.6913679639094177,0.3086320360905823
0.7408063170036897,0.2591936829963103
0.7903087189749542,0.20969128102504583
0.9948894588013809,0.005110541198619129
0.6281401215050725,0.3718598784949276
0.8279718842906745,0.17202811570932547
0.8041382548963687,0.19586174510363136
0.5811963582004671,0.4188036417995329
0.5721781256832061,0.42782187431679386
0.6665477787837208,0.3334522212162791
0.7798556806548103,0.2201443193451897
0.5515330779223544,0.44846692207764566
0.9253162748849357,0.07468372511506424
0.7899457804137447,0.2100542195862553
0.5765965564345753,0.42340344356542464
0.8376958208894689,0.16230417911053113
0.6731479623159733,0.32685203768402665
0.8457431149356187,0.15425688506438132
0.5997366546307278,0.4002633453692722
0.7524372831835581,0.24756271681644182
0.6997157368184214,0.30028426318157864
0.6454741120273709,0.3545258879726291
0.7800546054840867,0.21994539451591322
0.8516996745331575,0.1483003254668425
0.7883859553114079,0.2116140446885921
0.6664001326737294,0.33359986732627056
0.709236019228991,0.2907639807710089
0.6981053515835822,0.3018946484164178
0.5662886858035243,0.4337113141964757
0.5298803242992074,0.4701196757007926
0.7879425058778012,0.21205749412219876
0.5744976931468605,0.4255023068531395
0.6319280361707378,0.36807196382926227
0.8667235705129533,0.1332764294870467
0.616423423746666,0.38357657625333397
0.6818196003840403,0.3181803996159597
0.9575062121449969,0.04249378785500313
0.475926663401053,0.5240733365989471
0.7139696417146593,0.28603035828534074
0.6038756513301167,0.3961243486698833
0.6238244567317889,0.3761755432682111
0.759739912941703,0.24026008705829704
0.8529105290944324,0.14708947090556748
0.6275814426557822,0.37241855734421786
0.6625898488436509,0.3374101511563491
0.6216038357147128,0.3783961642852872
0.6975819033425235,0.3024180966574765
0.6044556565317769,0.3955443434682231
0.8894255918747181,0.11057440812528187
0.848087102729968,0.15191289727003193
0.7873079049650296,0.21269209503497033
0.7842783783573456,0.2157216216426544
0.7830465460724474,0.21695345392755264
0.5392272879494384,0.46077271205056164
0.6292598312552204,0.37074016874477955
0.7873484303825785,0.21265156961742152
0.8400194655681591,0.15998053443184096
0.7239160748518019,0.2760839251481981
0.6484618092885623,0.35153819071143766
0.41377462301590584,0.5862253769840942
0.8690033531459425,0.13099664685405765
0.5693929401949143,0.4306070598050857
0.68088761347,0.3191123865299999
0.5815524526865744,0.4184475473134257
0.6418931934502512,0.35810680654974886
0.6493750000509717,0.3506249999490283
0.7213765516247488,0.2786234483752512
0.8343906383866926,0.16560936161330736
0.9200410999903514,0.0799589000096485
0.5953953314488967,0.4046046685511033
0.6876830372252369,0.3123169627747631
0.6780090156435366,0.32199098435646334
0.6577887396034032,0.34221126039659666
0.8704795949692045,0.12952040503079554
0.7074447132838818,0.2925552867161182
0.8590444996174684,0.1409555003825316
0.6859670698755755,0.31403293012442446
0.5729709380553698,0.42702906194463014
0.6848063698520315,0.31519363014796853
0.7910664917077281,0.2089335082922718
0.6827540504761235,0.31724594952387647
0.7055344798314379,0.2944655201685621
0.5,0.5
0.6761777416144508,0.32382225838554923
0.8017453138024521,0.19825468619754796
0.8151932615752525,0.18480673842474749
0.658392586777746,0.341607413222254
0.6165974438018594,0.3834025561981406
0.6123838565750677,0.38761614342493245
0.6361637222103932,0.3638362777896068
0.7987070838106587,0.2012929161893413
0.656558753284448,0.343441246715552
0.6195863283270017,0.38041367167299833
0.8206114424515653,0.17938855754843477
0.6901395368409282,0.3098604631590718
0.5550549319662419,0.44494506803375816
0.6502915902810842,0.3497084097189158
0.5813561074975964,0.4186438925024035
0.8539059451844415,0.14609405481555848
0.6804306177520892,0.3195693822479107
0.7219844018686099,0.2780155981313901
0.6220926712494896,0.37790732875051036
0.9112915884936276,0.0887084115063724
0.458142422894936,0.541857577105064
0.6260012299727469,0.37399877002725307
0.6443262502079903,0.35567374979200966
0.898163779386903,0.10183622061309702
0.5893168231263689,0.4106831768736311
0.7029949074172498,0.29700509258275015
0.8052392623236185,0.19476073767638138
0.7482815464097763,0.25171845359022377
0.7858467262700936,0.2141532737299065
0.6184738615226939,0.38152613847730615
0.607640480972624,0.392359519027376
0.6411042040238943,0.35889579597610566
0.6075169627013072,0.39248303729869277
0.851375071767461,0.148624928232539
0.7479268768329321,0.2520731231670679
0.72905016298362,0.27094983701638004
0.8137930966301278,0.1862069033698722
0.6936052886246045,0.30639471137539553
0.9198018420077755,0.08019815799222452
0.6793325490803611,0.32066745091963894
0.6748566985990974,0.3251433014009026
0.8100957407014054,0.18990425929859459
0.7326873080517553,0.2673126919482447
0.5683385741882644,0.4316614258117356
0.7690386742205921,0.23096132577940784
0.635098570966403,0.36490142903359707
0.7297513569239269,0.2702486430760731
0.8285933249911202,0.17140667500887988
0.543698410610747,0.456301589389253
0.7103411501089824,0.2896588498910176
0.6100164178333738,0.3899835821666262
0.6841521210163912,0.31584787898360883
0.7498212306399719,0.25017876936002814
0.6378723881238801,0.36212761187611986
0.6112727257892435,0.38872727421075653
0.7468398527392321,0.2531601472607678
0.7084623930470187,0.29153760695298125
0.7093117234205815,0.29068827657941865
0.5926434694453936,0.4073565305546063
0.6518602514981169,0.3481397485018831
0.5,0.5
0.6163985775222854,0.3836014224777145
0.785444331154671,0.2145556688453289
0.7747277893985599,0.22527221060144018
0.5061079114675522,0.4938920885324478
0.7478544800620086,0.25214551993799145
0.5214196912982696,0.4785803087017304
0.49531565606594086,0.5046843439340591
0.6797179382127875,0.3202820617872125
0.41257076954621674,0.5874292304537833
0.7281446652018663,0.27185533479813373
0.7578546762327459,0.24214532376725406
0.6478573610504238,0.3521426389495762
0.33996135202280403,0.6600386479771959
0.6413773371411021,0.35862266285889793
0.8303161857330026,0.16968381426699744
0.6947631511108201,0.3052368488891799
0.784203220348905,0.21579677965109498
0.7519734920662835,0.24802650793371653
0.828079550233878,0.171920449766122
0.5897526426765071,0.41024735732349293
0.7136564346408351,0.28634356535916483
0.5912118601994938,0.40878813980050627
0.6727714464252332,0.32722855357476677
0.9152432457638238,0.08475675423617618
0.6836690166604011,0.31633098333959886
0.5591647738292193,0.44083522617078075
0.5754871181343728,0.42451288186562713
0.7533695504795256,0.2466304495204744
0.5682453126832097,0.43175468731679034
0.6370599393190662,0.3629400606809337
0.7361306957838257,0.26386930421617427
0.8399804875824455,0.16001951241755444
0.7105271889322657,0.28947281106773415
0.5936338675977483,0.4063661324022518
0.7218875234227766,0.2781124765772234
0.5982108619005301,0.4017891380994699
0.6532081072929734,0.3467918927070265
0.7755343409684612,0.22446565903153878
0.7161808915724376,0.28381910842756236
0.6898517598451641,0.31014824015483594
0.6564500818120588,0.3435499181879412
0.8349598929210007,0.16504010707899924
0.6126613799906498,0.3873386200093501
0.7633365479092745,0.23666345209072553
0.7306247534693276,0.2693752465306724
0.7810580053819307,0.21894199461806926
0.734110151964574,0.26588984803542604
0.6260013467040287,0.3739986532959712
0.7010280934903969,0.29897190650960315
0.5295855815494581,0.4704144184505418
0.6606468729944068,0.33935312700559317
0.7837924479797365,0.2162075520202635
0.6234689306797061,0.3765310693202938
0.9072881452937871,0.0927118547062129
0.6549977747679744,0.3450022252320255
0.5820761191453573,0.41792388085464277
0.6539570995881673,0.34604290041183267
0.4731755700376294,0.5268244299623706
0.7394661880940445,0.2605338119059554
0.7739813176948108,0.22601868230518918
0.6580336034873521,0.34196639651264793
0.691065777199036,0.308934222800964
0.5969435298071741,0.4030564701928259
0.6113154168613277,0.3886845831386722
0.8653198501987557,0.13468014980124426
0.5119773298501968,0.48802267014980316
0.8275960651873303,0.17240393481266977
0.910604357925051,0.08939564207494899
0.6520096715036923,0.3479903284963078
0.7593400021420681,0.2406599978579319
0.5882958570003879,0.41170414299961205
0.6827062519778655,0.3172937480221345
0.7195162671640699,0.2804837328359301
0.6795350618655331,0.3204649381344669
0.63944592290987,0.36055407709012993
0.8313198809786969,0.16868011902130306
0.7582367083962249,0.24176329160377508
0.6818777248763622,0.3181222751236378
0.48655553439639504,0.5134444656036049
0.739554198061486,0.26044580193851397
0.681514586541772,0.3184854134582279
0.5483829684705445,0.45161703152945554
0.6888069372096391,0.31119306279036085
0.9293393904399003,0.07066060956009969
0.4261324232325416,0.5738675767674584
0.5778914945618417,0.42210850543815825
0.5494169652975692,0.45058303470243083
0.6691605848553974,0.3308394151446026
0.7273079712085613,0.2726920287914387
0.8543334548837721,0.14566654511622795
0.7915710159493045,0.20842898405069551
0.5964203210486598,0.40357967895134017
0.7945471273762159,0.20545287262378406
0.9012764598529477,0.09872354014705241
0.8025477070950787,0.1974522929049212
0.7013091524706019,0.29869084752939806
0.7655844691218303,0.23441553087816963
0.7556219461989573,0.2443780538010427
0.8853497680096636,0.11465023199033642
0.7221750425300323,0.27782495746996766
0.714021393163779,0.28597860683622095
0.7070111778986513,0.2929888221013487
0.6037469801019736,0.39625301989802636
0.724115926246342,0.2758840737536581
0.5454177167085791,0.4545822832914209
0.6864534509057137,0.3135465490942863
0.6973706894499542,0.3026293105500459
0.6266787859656914,0.37332121403430857
0.5246657827532415,0.4753342172467585
0.5505676483508264,0.4494323516491736
0.6790234399252945,0.32097656007470554
0.7930091199465229,0.20699088005347707
0.6699799156952762,0.33002008430472385
0.8887123839997079,0.1112876160002921
0.7320979010795495,0.2679020989204505
0.6341992455523484,0.3658007544476516
0.7600357204584919,0.23996427954150817
0.8741799743918012,0.12582002560819885
0.5738272453482414,0.42617275465175863
0.5230371719215079,0.4769628280784921
0.7787329316530247,0.22126706834697535
0.6080012138460992,0.3919987861539008
0.6756124490172456,0.32438755098275435
0.6518188358604418,0.34818116413955824
1.0,0.0
0.7348404168166166,0.2651595831833834
0.7244435470648015,0.2755564529351985
0.5177898646474001,0.4822101353525999
0.5845790878536506,0.41542091214634935
0.7099002917655945,0.29009970823440556
0.807192260644646,0.19280773935535403
0.5577885098454846,0.44221149015451533
0.738485158346861,0.26151484165313893
0.7254274279685425,0.2745725720314574
0.6727614990893898,0.3272385009106102
0.7799267346604175,0.22007326533958244
0.7182924812989381,0.28170751870106187
0.812210111822519,0.18778988817748107
0.6682562677379049,0.331743732262095
0.4586262550141543,0.5413737449858457
0.5979715392660869,0.4020284607339132
0.7829422095352564,0.2170577904647436
0.7643689547831466,0.2356310452168533
0.6250771325676894,0.37492286743231057
0.8872733846402121,0.1127266153597879
0.7233795331388531,0.2766204668611469
0.6209393291554295,0.37906067084457057
0.6365729456534543,0.36342705434654565
0.6045175536458529,0.3954824463541471
0.6421875350098727,0.35781246499012737
0.7405290566220031,0.2594709433779969
0.5828724705398252,0.4171275294601749
0.5352835685940507,0.46471643140594926
0.63052939384549,0.36947060615451005
0.6291747179489395,0.37082528205106047
0.7166731249992789,0.283326875000721
0.8043505898779331,0.1956494101220669
0.4231244110308471,0.5768755889691529
0.7067715714562821,0.29322842854371794
0.4319334361621803,0.5680665638378197
0.6746407226585024,0.32535927734149755
0.4271105041000687,0.5728894958999313
0.8000354207799987,0.19996457922000135
0.769584963432958,0.23041503656704201
0.7527902270154606,0.24720977298453933
0.6260447028536293,0.37395529714637066
0.8003015276982048,0.19969847230179524
0.7610565968514693,0.23894340314853077
0.7088361106104335,0.2911638893895665
0.7756180141049456,0.22438198589505443
0.6835509709287745,0.3164490290712255
0.633403259219332,0.36659674078066795
0.7365809097911017,0.2634190902088983
0.7313898406577014,0.2686101593422986
0.5564259418252004,0.4435740581747995
0.5854668595389244,0.4145331404610756
0.8657047614461507,0.1342952385538493
0.5661732952935192,0.4338267047064809
0.7254567986461687,0.27454320135383126
0.5061399713158607,0.49386002868413925
0.6693914533202698,0.3306085466797303
0.9666714185868758,0.03332858141312415
0.7376854731981268,0.26231452680187317
0.648789020943315,0.35121097905668486
0.6436969526598919,0.3563030473401081
0.8468144231687745,0.1531855768312255
0.7748789575983187,0.2251210424016813
0.7054371805800492,0.2945628194199507
0.8689047845703042,0.13109521542969577
0.7577197921334997,0.24228020786650029
0.7584366908724598,0.24156330912754023
0.66117527133475,0.33882472866525
0.5125652477145195,0.4874347522854805
0.5479271196742238,0.4520728803257762
0.6529006706466506,0.3470993293533494
0.8701752357840656,0.12982476421593434
0.8164734293754846,0.18352657062451538
0.7015808354142798,0.2984191645857202
0.7685022081813466,0.23149779181865326
0.7722385653899776,0.2277614346100223
0.602662884516755,0.39733711548324496
0.758866453022106,0.24113354697789408
0.7535590637356007,0.24644093626439928
0.7895989646452566,0.2104010353547434
0.6327334488497152,0.36726655115028484
0.6817091130682272,0.31829088693177277
0.904744871255442,0.09525512874455798
0.9807755478089303,0.019224452191069757
0.733906797533515,0.266093202466485
0.7193943139034549,0.2806056860965452
0.594949183291655,0.405050816708345
0.60270324632996,0.3972967536700401
0.7157122476962159,0.28428775230378417
0.716532421585266,0.28346757841473397
0.5859485741567374,0.41405142584326254
0.8010321168342543,0.1989678831657457
0.742034581041892,0.257965418958108
0.5487884246025113,0.45121157539748874
0.9222745649017335,0.07772543509826649
0.6381278862507876,0.36187211374921235
0.5589588402864933,0.44104115971350666
0.5968757173419815,0.4031242826580184
0.7164608533099555,0.2835391466900446
0.6940538759823125,0.30594612401768745
0.7693652286310128,0.2306347713689873
0.8505290337911531,0.14947096620884692
0.6548967090662721,0.34510329093372794
0.6264701732899491,0.37352982671005086
0.6641091129114908,0.3358908870885092
0.6067037219383892,0.3932962780616109
0.6609098558000992,0.33909014419990074
0.5683866921847434,0.43161330781525664
0.7121012706837826,0.2878987293162174
0.6467717206122345,0.35322827938776546
0.6804478050898641,0.3195521949101359
0.84565405461173,0.15434594538827007
0.7283694628027202,0.2716305371972798
0.8341095577632707,0.16589044223672933
0.7371524095173985,0.26284759048260153
0.7669412659166888,0.2330587340833113
0.7996233332910069,0.20037666670899315
0.8412570050728876,0.15874299492711244
0.8854658471900747,0.11453415280992543
0.6494708715046924,0.3505291284953076
0.7090037327852526,0.29099626721474736
0.7643766652737372,0.23562333472626282
0.690804417034569,0.30919558296543104
0.6462582708996103,0.3537417291003897
0.5437071186978188,0.45629288130218104
0.6528390634764403,0.3471609365235597
0.8201547740817826,0.17984522591821736
0.5191464796662331,0.48085352033376694
0.8330894629009785,0.16691053709902148
0.7815083785664924,0.21849162143350762
0.5837470548104849,0.41625294518951506
0.5392466136872982,0.4607533863127018
0.5998712948666475,0.4001287051333525
0.5820981757409579,0.4179018242590421
0.714210233248211,0.28578976675178913
0.7427695741341476,0.25723042586585243
0.6086851629923021,0.3913148370076979
0.6250033039707998,0.37499669602920016
0.8079598355067691,0.19204016449323097
0.6976866270569418,0.30231337294305805
0.7847219011724584,0.21527809882754162
0.7017429493588867,0.2982570506411133
0.7904849487548592,0.2095150512451408
0.6319080618395969,0.36809193816040303
0.8111614478519634,0.1888385521480365
0.8765315833631867,0.12346841663681328
0.7867242913310352,0.21327570866896486
0.5230918907451133,0.47690810925488675
0.7224725920239001,0.27752740797609987
0.6006064414014733,0.39939355859852665
0.7507797671323673,0.24922023286763276
0.660691201686859,0.339308798313141
0.6763411752509407,0.32365882474905927
0.7458769695675255,0.25412303043247453
0.6662085720769557,0.3337914279230443
0.6712661171166137,0.3287338828833864
0.8229586498403072,0.17704135015969275
0.7711230471804484,0.22887695281955153
0.8113416052098191,0.18865839479018084
0.7393262763004245,0.2606737236995755
0.6783030348186792,0.3216969651813209
0.5225604814336945,0.4774395185663055
0.9404558055765526,0.059544194423447466
0.6294325974511976,0.3705674025488024
0.6111490712634844,0.3888509287365155
0.7409553327382046,0.25904466726179537
0.5529348896254769,0.4470651103745232
0.6656411153614851,0.3343588846385149
0.9736445914235394,0.02635540857646057
0.6797446770219644,0.3202553229780356
0.8332092327653535,0.16679076723464648
0.776264457577813,0.2237355424221869
0.7853451283900741,0.21465487160992594
0.5711664408445357,0.4288335591554643
0.8146669363069061,0.18533306369309396
0.5581681643694206,0.4418318356305793
0.6072069519429101,0.39279304805708987
0.7031053933444997,0.29689460665550027
0.741958816320828,0.258041183679172
0.6223919833231923,0.3776080166768076
0.5691914001586681,0.4308085998413319
0.5902270754632186,0.4097729245367813
0.8606410903342113,0.13935890966578876
0.3446440725431981,0.6553559274568019
0.6888387799287836,0.31116122007121644
0.6725148629314947,0.3274851370685053
0.8115604603979205,0.18843953960207951
0.6540653382783187,0.34593466172168125
0.7684833885493032,0.2315166114506968
0.6261380954479251,0.3738619045520749
0.9131077866056729,0.08689221339432723
0.724377603529137,0.27562239647086295
0.5736795953060909,0.426320404693909
0.7786980551806786,0.22130194481932144
0.6595392737370702,0.3404607262629298
0.6978974659123146,0.3021025340876854
0.8534886333346822,0.14651136666531786
0.620529974727131,0.37947002527286894
0.595848667015474,0.404151332984526
0.45920217227164684,0.5407978277283532
0.7139777016896187,0.2860222983103813
0.7314141610066593,0.2685858389933407
0.6884530013312837,0.31154699866871627
0.7132350608396538,0.2867649391603461
0.7237648665659114,0.27623513343408856
0.7530947202126237,0.2469052797873763
0.6371947721402212,0.36280522785977876
0.7640245965195808,0.23597540348041918
0.7247984201404508,0.2752015798595492
0.6844820151366712,0.3155179848633288
0.6235493994559081,0.3764506005440918
0.6509282300538416,0.34907176994615835
0.5579132883673505,0.44208671163264945
0.9021597765802635,0.09784022341973651
0.6839987058227197,0.31600129417728023
0.6445404818368996,0.35545951816310045
0.44803081972537195,0.551969180274628
0.6732436707514032,0.32675632924859677
0.7969713981880195,0.20302860181198049
0.8877318953029764,0.1122681046970237
0.6482758130167815,0.35172418698321856
0.7884811891438929,0.2115188108561072
0.7040308866248627,0.2959691133751373
0.6816736954669819,0.31832630453301813
0.6237162501417723,0.3762837498582277
0.856715969927912,0.143284030072088
0.6632037190465809,0.3367962809534191
0.7539725793962943,0.24602742060370575
0.8086304763242553,0.19136952367574467
0.6143487917129,0.38565120828710003
0.7685586834596435,0.2314413165403565
0.8590622027237409,0.14093779727625902
0.9540055306128934,0.045994469387106565
0.5814828591854047,0.4185171408145953
0.3588397817288569,0.6411602182711431
0.5346420178948467,0.46535798210515333
0.4125327004972685,0.5874672995027315
0.6471199522095996,0.35288004779040033
0.6357411453044923,0.36425885469550773
0.7459277918028983,0.2540722081971018
0.6945576897282574,0.3054423102717426
0.647283419746479,0.352716580253521
0.7745239395071476,0.22547606049285238
0.8171803189521435,0.18281968104785656
0.6071486321844621,0.39285136781553787
0.6441433363678738,0.35585666363212615
0.8492221621532894,0.15077783784671067
0.658623128730873,0.341376871269127
0.5781857879098604,0.4218142120901396
0.8038337463021763,0.19616625369782384
0.7246274777252263,0.27537252227477377
0.8284179474657318,0.17158205253426823
0.4567071932158386,0.5432928067841614
0.6362060071312935,0.36379399286870656
0.6498267844120985,0.3501732155879015
0.7879363048200204,0.21206369517997953
0.4767815098166466,0.5232184901833534
0.6982082390318876,0.30179176096811244
0.7569254076196194,0.24307459238038062
0.7016960958493405,0.29830390415065955
0.7460659702213077,0.2539340297786922
0.8543001107362748,0.14569988926372512
0.6721672241817296,0.32783277581827047
0.593636081835623,0.406363918164377
0.5698631928544209,0.43013680714557917
0.5758688048038483,0.42413119519615167
0.5963859872188807,0.4036140127811193
0.8462545539805955,0.15374544601940454
0.5781026511047741,0.4218973488952259
0.6129154162292774,0.3870845837707227
0.8786628369747805,0.1213371630252194
0.6118665860110063,0.3881334139889937
0.6665192515295715,0.3334807484704285
0.6318671929342091,0.3681328070657909
0.283412246386864,0.7165877536131359
0.5794888462983979,0.420511153701602
0.8910994187502751,0.10890058124972486
0.8827499960865433,0.11725000391345675
0.6533093716560878,0.3466906283439122
0.7486147996360616,0.25138520036393847
0.6589954767050251,0.3410045232949749
0.7491096522379642,0.2508903477620358
0.7037979894575938,0.29620201054240625
0.5260954846447036,0.47390451535529643
0.6844399825687151,0.3155600174312849
0.6760192807625388,0.32398071923746125
0.7976709033442496,0.20232909665575052
0.5597836151719093,0.44021638482809067
0.7218724547550892,0.2781275452449108
0.6055211806181775,0.39447881938182255
0.7342526092083496,0.26574739079165055
0.8210050967544391,0.17899490324556094
0.6306009183647173,0.3693990816352827
0.7288843953688052,0.27111560463119483
0.6886129091580191,0.31138709084198085
0.7908808412857452,0.20911915871425482
0.7265874552631715,0.2734125447368287
0.6852539610442541,0.3147460389557459
0.7526825076633036,0.24731749233669642
0.5694616967530413,0.43053830324695874
0.41862800012861673,0.5813719998713832
0.5,0.5
1.0,3.5561831257524545e-17
0.6941474524588966,0.30585254754110336
0.5837679906123977,0.4162320093876023
0.5074607756858731,0.49253922431412694
0.6174233334280349,0.3825766665719652
0.6347195516243764,0.3652804483756235
0.7631856887359805,0.2368143112640195
0.5633865791838382,0.4366134208161617
0.6210259852012006,0.37897401479879944
0.75874748262802,0.24125251737197984
0.672532256975818,0.3274677430241821
0.6829905879449706,0.31700941205502936
0.656854128805169,0.3431458711948309
0.6705346610948434,0.3294653389051566
0.743927919273123,0.25607208072687715
0.7467889500793031,0.2532110499206969
0.7941021094897015,0.20589789051029847
0.8432019618159982,0.15679803818400181
0.7442927994908032,0.2557072005091969
0.6811979867255991,0.31880201327440083
0.7995699873081384,0.20043001269186161
0.8414947108436056,0.15850528915639436
0.5726743390522661,0.42732566094773383
0.6423368032751975,0.35766319672480246
0.7246245638173093,0.27537543618269067
0.6482691035372458,0.3517308964627542
0.5079483466680579,0.4920516533319421
0.6509495949650749,0.3490504050349252
0.6173078467172898,0.3826921532827102
0.7789875237540947,0.2210124762459052
0.5268486687306602,0.47315133126933984
0.7013819415222428,0.2986180584777573
0.6911807697916589,0.3088192302083411
0.6131405860300376,0.3868594139699623
0.5094515896229358,0.4905484103770642
0.6785762650467162,0.3214237349532838
0.812047439543802,0.18795256045619801
0.866439249796378,0.133560750203622
0.7625396182837375,0.23746038171626252
0.7829604640600871,0.21703953593991285
0.7940443515165867,0.20595564848341322
0.7961878654900983,0.20381213450990163
0.9664783927139213,0.03352160728607863
0.6464406066179085,0.3535593933820915
0.5760278931221148,0.4239721068778852
0.7503818109812385,0.24961818901876148
0.8754275501727016,0.12457244982729843
0.5198073983192444,0.4801926016807556
0.7548577605690465,0.24514223943095342
0.7035462414788006,0.29645375852119943
0.7291762032252787,0.2708237967747213
0.7461021793816911,0.25389782061830884
0.7662460801208906,0.23375391987910935
0.6506032931760903,0.3493967068239097
0.8380295542638331,0.16197044573616687
0.7840821026233655,0.21591789737663455
0.7328281502111923,0.26717184978880776
0.703535810112953,0.296464189887047
0.7269656343115687,0.2730343656884313
0.7194524660298813,0.28054753397011867
0.6040695469950952,0.3959304530049048
0.5690115574863729,0.43098844251362706
0.6861885492097811,0.3138114507902189
0.6808689736953314,0.3191310263046686
0.6586915566512819,0.3413084433487181
0.7449182831037395,0.2550817168962604
0.784599192246506,0.2154008077534939
0.6101927903609176,0.38980720963908244
0.6257107126965918,0.3742892873034081
0.5725621819154143,0.42743781808458564
0.6954803761243782,0.30451962387562187
0.767522310342882,0.23247768965711807
0.6861974956999574,0.31380250430004264
0.42431070040592694,0.575689299594073
0.6628487605104986,0.3371512394895014
0.7484542920132103,0.25154570798678966
0.8128680752767241,0.18713192472327583
0.7575167142099506,0.24248328579004938
0.6997449090671353,0.30025509093286473
0.6483985188741327,0.35160148112586725
0.7599730575792373,0.24002694242076278
0.7663480962162107,0.2336519037837893
0.6855930412967756,0.31440695870322455
0.5,0.5
0.7404013983507709,0.25959860164922904
0.7059254583589983,0.29407454164100166
0.756343333080403,0.243656666919597
0.874144494518505,0.12585550548149516
0.6298124641180038,0.37018753588199615
0.9234804300155786,0.07651956998442146
0.729289246352484,0.27071075364751584
0.5911728595299672,0.40882714047003277
0.8091969872862638,0.19080301271373623
0.6914040162161169,0.3085959837838831
0.8084357772995084,0.19156422270049164
0.8267088206440325,0.1732911793559675
0.6061649085390433,0.39383509146095674
0.7285318025251101,0.2714681974748899
0.7043997365097902,0.29560026349020985
0.6907735211679744,0.3092264788320256
0.7379468672874201,0.2620531327125799
0.5842668022882525,0.41573319771174755
0.7494668465339028,0.25053315346609717
0.8774537989424035,0.12254620105759653
0.7780964491523151,0.22190355084768484
0.715827001273678,0.2841729987263219
0.7536418186443223,0.24635818135567766
0.5860955803355906,0.4139044196644094
0.7469493110167856,0.25305068898321437
0.7251766422823508,0.2748233577176492
0.914992695059667,0.085007304940333
0.57653178673541,0.4234682132645901
0.7339599537536102,0.2660400462463899
0.6211694481295025,0.37883055187049747
0.6174257398143963,0.38257426018560364
0.8601281608753226,0.13987183912467732
0.6541253122776938,0.3458746877223063
0.8090961157047536,0.1909038842952464
0.737612432196542,0.2623875678034579
0.6891146954070166,0.3108853045929833
0.7731960143809607,0.2268039856190392
0.5738272291389641,0.42617277086103583
0.6096668284180695,0.3903331715819304
0.7002655490248436,0.29973445097515644
0.8179399372976777,0.18206006270232236
0.6667268400365195,0.3332731599634805
0.9544889688294539,0.04551103117054604
0.628285328724009,0.37171467127599095
0.5307330531343674,0.46926694686563253
0.6562113709309708,0.34378862906902924
0.7620942617200782,0.2379057382799217
0.742964838797759,0.25703516120224107
0.5378800997284255,0.46211990027157446
0.5971933012703463,0.40280669872965374
0.3972279499052633,0.6027720500947367
0.8270317643778514,0.1729682356221485
0.6394161918825616,0.3605838081174384
0.6167962954087528,0.3832037045912472
0.6195995865621231,0.38040041343787695
0.6496554869330001,0.3503445130669999
0.549709283357231,0.45029071664276893
0.634768647699965,0.36523135230003495
0.546357802966167,0.4536421970338329
0.595496356790017,0.404503643209983
0.5403982297863733,0.4596017702136267
0.6730708489633865,0.32692915103661346
0.7737455389611654,0.22625446103883456
0.7962881216679054,0.2037118783320946
0.619927189314949,0.380072810685051
0.9312144439821463,0.0687855560178538
0.6799696243557414,0.3200303756442587
0.6503708384682082,0.34962916153179174
0.6493553444743156,0.35064465552568436
0.5206542831172662,0.4793457168827338
0.5267289875348747,0.47327101246512526
0.7271796698086751,0.2728203301913249
0.5440764171257874,0.4559235828742126
0.7226534793154684,0.27734652068453164
0.7411230937903375,0.25887690620966247
1.0,0.0
0.4598681243978326,0.5401318756021674
0.5523286983370781,0.4476713016629219
0.7614928278978285,0.23850717210217154
0.717059173632369,0.28294082636763096
0.6888507746518602,0.3111492253481399
0.6589915855598849,0.34100841444011504
0.7323079456589511,0.2676920543410489
0.7036680145601432,0.2963319854398568
0.7286096828523081,0.27139031714769196
0.7210957041724205,0.2789042958275794
0.8563956397469377,0.14360436025306222
0.4849266021318187,0.5150733978681813
0.5890618983330479,0.4109381016669521
0.6057294600499054,0.39427053995009465
0.7801073588627201,0.21989264113727988
0.6970252759153249,0.3029747240846751
0.9037297066537944,0.09627029334620558
0.6496259902618022,0.3503740097381977
0.5595090637411465,0.4404909362588535
0.6537731857819518,0.34622681421804824
0.7493106934099629,0.2506893065900371
0.5112445685131216,0.48875543148687833
0.7825398267511929,0.21746017324880718
0.7488298760826381,0.2511701239173619
0.619809248901835,0.380190751098165
0.8983588295594095,0.1016411704405906
0.7473324550022169,0.2526675449977831
0.6790972420115039,0.32090275798849616
0.6777199881722424,0.3222800118277575
0.737622957782359,0.262377042217641
0.5202020879109759,0.4797979120890241
0.5637458786368371,0.43625412136316294
0.5975305303144864,0.40246946968551356
0.6862972890293069,0.3137027109706931
0.46536614164162127,0.5346338583583787
0.7882762353242543,0.2117237646757457
0.7216619495603143,0.2783380504396858
0.769199362825891,0.2308006371741091
0.6804459286792626,0.3195540713207375
0.655041415438965,0.34495858456103506
0.6091301342157913,0.3908698657842087
0.8279179054019709,0.1720820945980291
0.6863048043286345,0.31369519567136556
0.6929179699045244,0.3070820300954757
0.5947234809836474,0.40527651901635264
0.5651752763138214,0.43482472368617864
0.7524987765288893,0.24750122347111075
0.7907715842843233,0.2092284157156767
0.6338090315534808,0.3661909684465192
0.6022798705990683,0.39772012940093165
0.5728834278514446,0.42711657214855536
0.6613834614725755,0.3386165385274245
0.7207493644506613,0.27925063554933877
0.7770735205978068,0.22292647940219326
0.6561471924540855,0.3438528075459145
0.6374548857665806,0.3625451142334194
0.7062688653151135,0.2937311346848866
0.6732932148888916,0.3267067851111084
0.6851423513636394,0.31485764863636057
0.6988700013454949,0.30112999865450507
0.5194907433202287,0.48050925667977124
0.6350248637763525,0.3649751362236476
0.8352131225387508,0.1647868774612492
0.5822189938852242,0.41778100611477575
0.6633437416703474,0.3366562583296526
0.7425534981763938,0.2574465018236062
0.5236507365984739,0.4763492634015261
0.8329650831262153,0.16703491687378474
0.7606108797552114,0.23938912024478862
0.762471546994429,0.237528453005571
0.8446494557168757,0.15535054428312442
0.697811296828936,0.3021887031710641
0.7783507507975904,0.22164924920240953
0.7783768706576027,0.22162312934239722
0.6767467560371042,0.32325324396289573
0.5325487916216625,0.46745120837833753
0.7049537890875198,0.29504621091248023
0.6672413714164227,0.3327586285835773
0.6483048343131707,0.35169516568682935
0.6317579339959871,0.3682420660040128
0.6815537179181946,0.3184462820818053
0.6421085321618605,0.35789146783813947
0.5865674925213034,0.41343250747869675
0.7590662574381304,0.2409337425618696
0.7140602404774954,0.2859397595225047
0.6999968341338132,0.30000316586618675
0.680045897363848,0.319954102636152
0.8053324771823503,0.19466752281764965
0.7692642582659572,0.23073574173404268
0.585439097683427,0.4145609023165731
0.7865382936248847,0.21346170637511527
0.7472453822910403,0.2527546177089596
0.6340813315082132,0.3659186684917868
0.5537485244227581,0.4462514755772419
0.4740704670548439,0.5259295329451561
0.614174386582892,0.38582561341710797
0.6860713994805474,0.3139286005194526
0.7281049355937087,0.27189506440629124
0.6495454911940791,0.3504545088059209
0.7337642634713997,0.2662357365286003
0.8219678241568313,0.1780321758431686
0.9679886895814385,0.032011310418561534
0.7281497880140413,0.2718502119859587
0.7493010759080376,0.2506989240919623
0.5421348347145358,0.4578651652854642
0.7121529883704014,0.28784701162959864
0.7659406557604257,0.23405934423957434
0.7027741996148352,0.2972258003851648
0.8495253044303885,0.15047469556961146
0.7766014882702332,0.22339851172976685
0.7046803996434635,0.2953196003565365
0.7518010477672078,0.24819895223279217
0.6098873320239808,0.39011266797601923
0.8088181667365931,0.19118183326340682
0.4397728320975197,0.5602271679024803
0.8060902901284296,0.1939097098715704
0.662740893204756,0.3372591067952439
0.8711656757025255,0.1288343242974745
0.6675240971476198,0.3324759028523802
0.7119225148076923,0.28807748519230764
0.690608260310761,0.3093917396892391
0.6092265740687461,0.39077342593125386
0.6030305592162903,0.39696944078370966
0.7239095197067604,0.2760904802932396
0.7353919900509701,0.2646080099490299
0.806554813380023,0.19344518661997698
0.7596812725277711,0.240318727472229
0.6876175472362928,0.3123824527637072
0.8231660302088696,0.17683396979113047
0.7432160784719328,0.2567839215280672
0.7566709662403185,0.2433290337596815
0.7732820016409706,0.22671799835902942
0.6434600142878681,0.35653998571213186
0.7301261973315233,0.26987380266847677
0.7618623846292412,0.23813761537075884
0.5258225082196886,0.47417749178031143
0.6575524529910094,0.34244754700899066
0.6319477310083836,0.3680522689916164
0.6514364415045201,0.3485635584954799
0.6212402985364681,0.3787597014635319
0.6045685006458242,0.39543149935417576
0.8169852742816944,0.1830147257183056
0.6190992307438166,0.3809007692561834
0.7185690746302374,0.2814309253697625
0.8188665667613614,0.18113343323863865
0.6332216795782871,0.3667783204217129
0.8114648138897814,0.18853518611021855
0.5988245833235956,0.40117541667640444
0.6118640583421304,0.3881359416578696
0.9122115423498744,0.0877884576501256
0.4139123659562986,0.5860876340437013
0.6473680200111981,0.3526319799888019
0.7215635171200804,0.2784364828799196
0.7614611874434217,0.23853881255657827
0.5695703359020522,0.4304296640979478
0.7072912706350675,0.29270872936493253
0.7066715103226896,0.2933284896773104
0.7559716312874144,0.24402836871258565
0.8205246395704651,0.17947536042953488
0.6979088221370593,0.3020911778629407
0.6323693177678009,0.367630682232199
0.6431045494413337,0.35689545055866634
0.916342912820837,0.08365708717916305
0.881532882595577,0.11846711740442291
0.7973135253941114,0.20268647460588857
0.8257132048751923,0.17428679512480777
0.6962626095909173,0.30373739040908265
0.8792173452343343,0.12078265476566571
0.7413849197726594,0.2586150802273406
0.7267855102815522,0.27321448971844786
0.8320411502004007,0.16795884979959935
0.4718197791748705,0.5281802208251295
0.7464486384202976,0.25355136157970243
0.566665203560065,0.43333479643993494
0.5603586455650028,0.43964135443499713
0.6586921616618692,0.34130783833813083
0.5501287198441064,0.4498712801558936
0.47333820262960763,0.5266617973703923
0.6789807464613504,0.32101925353864963
0.713217321437667,0.28678267856233297
0.7556543515371589,0.24434564846284118
0.7861647051698887,0.2138352948301113
0.7317613031496032,0.2682386968503969
0.7375575486892925,0.26244245131070754
0.626583498721379,0.37341650127862097
0.7331995689599872,0.26680043104001283
0.7965056341613426,0.2034943658386575
0.7071418923004845,0.2928581076995155
0.602881823116613,0.397118176883387
0.7172621092765165,0.28273789072348365
0.8020811984786106,0.19791880152138946
0.667099099130972,0.3329009008690281
0.6222882762561478,0.3777117237438522
0.775831047432346,0.22416895256765396
0.559287443107949,0.440712556892051
0.6087303946787893,0.3912696053212107
0.7259195967364998,0.2740804032635003
0.7433182893217688,0.25668171067823126
0.8906234491430692,0.10937655085693077
0.8739749389430423,0.12602506105695763
0.7539180765078187,0.24608192349218133
0.7870477709249366,0.2129522290750634
0.6454868413233025,0.3545131586766975
0.8316435936932621,0.1683564063067378
0.7787448521422259,0.22125514785777403
0.7083432803291367,0.29165671967086326
0.7261881787808505,0.2738118212191495
0.8003978047547795,0.1996021952452205
0.756084471246146,0.243915528753854
0.6617819397297147,0.33821806027028534
0.5614293851593529,0.438570614840647
0.6262578049114783,0.3737421950885218
0.5911045481635342,0.4088954518364658
0.8568994189100817,0.14310058108991836
0.5815725943411953,0.41842740565880465
0.7332712315685295,0.26672876843147053
0.6905169881015608,0.3094830118984392
0.46385969152722395,0.536140308472776
0.5077057257294655,0.4922942742705345
0.7044355781820432,0.29556442181795683
0.6136004993356182,0.3863995006643818
0.698301856401401,0.30169814359859903
0.6068735310889132,0.3931264689110869
0.6608962998083713,0.33910370019162883
0.5698308881989066,0.43016911180109335
0.7519493613574771,0.2480506386425229
0.7602883380101426,0.23971166198985736
0.7463759942357125,0.25362400576428734
0.7919241972917143,0.2080758027082857
0.5272717252373695,0.4727282747626304
0.5709032607313853,0.42909673926861464
0.7586292556752455,0.2413707443247545
0.5251367313472916,0.47486326865270845
0.7855664657748328,0.21443353422516717
0.8251490650466885,0.17485093495331147
0.9197151536520037,0.08028484634799622
0.7293946738324126,0.2706053261675873
0.9958046057047931,0.004195394295206888
0.9839163417565384,0.016083658243461633
0.8801794210575847,0.11982057894241528
0.6866275738198344,0.3133724261801656
0.8484810435233255,0.15151895647667446
0.5955706387758254,0.40442936122417456
0.6954563387349497,0.3045436612650503
0.6500106114172403,0.34998938858275974
0.6393144861332207,0.3606855138667793
0.5859123700718252,0.41408762992817477
0.8424291347815331,0.15757086521846675
0.765693387677215,0.2343066123227851
0.7077985523842732,0.2922014476157268
0.7191675457257561,0.28083245427424386
0.7550448018692947,0.24495519813070527
0.5422448852407278,0.45775511475927216
0.5667348671252429,0.4332651328747571
0.8350683769443668,0.1649316230556332
0.4736665500129865,0.5263334499870135
0.6419325801377715,0.3580674198622285
0.7594218627888627,0.2405781372111374
0.8547542537960712,0.14524574620392883
0.5794355645881557,0.42056443541184435
0.7287627199030928,0.2712372800969073
0.8304110491898008,0.16958895081019917
0.7199012934246023,0.2800987065753977
0.7302211745509237,0.2697788254490762
0.7273541050439005,0.2726458949560994
0.6960197520210627,0.3039802479789373
0.5210273574967528,0.4789726425032473
0.8356892966030833,0.16431070339691667
0.8687035122655116,0.13129648773448843
0.9939271484126783,0.006072851587321775
0.7500808272985913,0.24991917270140873
0.542636192948832,0.45736380705116797
0.6566899571876548,0.3433100428123452
0.709332471306133,0.29066752869386714
0.668190174973062,0.33180982502693795
0.5839259750840279,0.4160740249159721
0.672195738332748,0.32780426166725196
0.6736452249306458,0.3263547750693542
0.6711171661678352,0.32888283383216477
0.7005866077565727,0.2994133922434273
0.6802160433754929,0.3197839566245071
0.6452483277709928,0.35475167222900716
1.0,1.3877787807814457e-17
0.5618182308721027,0.4381817691278973
0.7913911679056536,0.20860883209434647
0.6350468175692617,0.3649531824307382
0.7478809850268582,0.2521190149731418
0.6870716256599957,0.3129283743400043
0.7139997339602965,0.2860002660397036
0.8030748281513809,0.19692517184861916
0.729984069168643,0.27001593083135694
0.7161321851265854,0.2838678148734146
0.8429174679377279,0.15708253206227216
0.9227617548614158,0.0772382451385843
0.6328368508020736,0.36716314919792636
0.6632537202508527,0.3367462797491473
0.7879123908274106,0.21208760917258937
0.5876946981050502,0.41230530189494985
0.7009416874894517,0.2990583125105483
1.0,0.0
0.7966795882446072,0.2033204117553929
0.8683647125300732,0.13163528746992678
0.7098640974929546,0.29013590250704535
0.5045165866613388,0.4954834133386612
0.8140848727715174,0.18591512722848255
0.6751999278490869,0.3248000721509131
0.6003775596618652,0.39962244033813477
0.6748650154325119,0.32513498456748813
0.8314663135671797,0.16853368643282038
0.5757695476290766,0.42423045237092344
0.6317663662285378,0.3682336337714622
0.6140347787673587,0.38596522123264143
0.5809296992615312,0.4190703007384689
0.8708758611360088,0.1291241388639912
0.6606078394319633,0.33939216056803667
0.737647454323491,0.262352545676509
0.7212711922832553,0.27872880771674474
0.7147886754648006,0.2852113245351994
0.6460331424566661,0.35396685754333385
0.6915027259094745,0.30849727409052546
0.8383539215810725,0.16164607841892753
0.7049572101549698,0.29504278984503024
0.4823758863005598,0.5176241136994402
0.8018010590955165,0.19819894090448356
0.4771372628616754,0.5228627371383245
0.6250426328486631,0.3749573671513369
0.6403735626747845,0.3596264373252155
0.6041787086826546,0.3958212913173455
0.6746245982084013,0.3253754017915987
0.829550259152254,0.17044974084774597
0.44790901207764255,0.5520909879223574
0.7040641949934123,0.2959358050065878
0.8506999758942893,0.14930002410571072
0.7958810346787502,0.20411896532124982
0.7770413263880005,0.22295867361199956
0.7792512118797472,0.2207487881202528
0.6886533661269416,0.3113466338730584
0.6563197764832068,0.3436802235167931
0.7470048493425149,0.25299515065748523
0.8363211795136845,0.1636788204863155
0.6729176039786853,0.32708239602131467
0.7604959785119093,0.2395040214880906
0.5972011102285838,0.40279888977141615
0.8596081349532696,0.14039186504673035
0.7288673618773956,0.27113263812260435
0.7556711464422377,0.24432885355776232
0.6036229121580976,0.39637708784190234
0.5363713799311645,0.46362862006883554
0.6830702540682472,0.31692974593175277
0.6843354600050825,0.3156645399949175
0.6215552179332446,0.3784447820667554
0.7943569477582004,0.20564305224179968
0.4604386152016824,0.5395613847983176
0.7406018018380757,0.2593981981619243
0.7078364195918854,0.2921635804081147
0.5492089674111487,0.45079103258885134
0.7421926552513133,0.2578073447486868
0.8866127632114514,0.11338723678854853
0.5696990543641809,0.43030094563581905
0.7258587834710947,0.27414121652890533
0.5862465149776138,0.4137534850223862
0.7184494288283754,0.2815505711716246
0.5898494686432371,0.41015053135676294
0.780219973336192,0.21978002666380805
0.7558155204612376,0.2441844795387624
0.7594516223559508,0.24054837764404918
1.0,0.0
0.7328762210735935,0.26712377892640654
0.7235160306625168,0.27648396933748315
0.6315575414169146,0.3684424585830855
0.6358572299871271,0.3641427700128729
0.6004037593263553,0.39959624067364474
0.681996608907316,0.31800339109268405
0.6834935616821658,0.3165064383178342
0.8101053554402381,0.18989464455976182
0.6397399523528075,0.36026004764719255
0.6821202635765078,0.3178797364234922
0.6250708136171249,0.3749291863828752
0.7220232692227639,0.27797673077723606
0.6273272195246029,0.37267278047539715
0.7639059572380087,0.2360940427619913
0.7352552431703442,0.26474475682965576
0.9135240264353091,0.08647597356469092
0.6500388722249235,0.34996112777507643
0.4698871568849542,0.5301128431150458
0.6456063380028456,0.35439366199715433
1.0,8.326672684688674e-17
0.7948664658290563,0.2051335341709437
0.6200867309015912,0.3799132690984089
0.4187626428614454,0.5812373571385545
0.6249319663985056,0.3750680336014945
0.6859933359064085,0.3140066640935914
0.6705149318218993,0.32948506817810075
0.7262667402194787,0.27373325978052127
0.8449701824110173,0.15502981758898274
0.7561937045984374,0.24380629540156257
0.8712957789639451,0.12870422103605497
0.6819061481943335,0.3180938518056665
0.6763727518021339,0.32362724819786615
0.7615893709890011,0.23841062901099883
0.6550349169969095,0.3449650830030905
0.7465601282438449,0.2534398717561552
0.685406570667111,0.3145934293328891
0.6065108214484384,0.3934891785515617
0.8284758277728376,0.1715241722271624
0.5790579044735368,0.4209420955264632
0.8082904083673926,0.19170959163260737
0.5578851767837592,0.4421148232162408
0.6205576172647181,0.37944238273528175
0.6783080510995325,0.3216919489004675
0.7325217671388378,0.2674782328611622
0.6882627049226938,0.3117372950773062
0.6842390319166742,0.31576096808332577
0.7423505964868217,0.25764940351317833
0.8367958136652032,0.16320418633479672
0.8370251430307419,0.1629748569692581
0.6829985717664772,0.31700142823352284
0.6674691320196373,0.3325308679803626
0.7795147663174711,0.220485233682529
0.888271120745771,0.11172887925422906
0.9059503723885026,0.09404962761149735
0.7377432675573493,0.2622567324426507
0.5457078847140264,0.4542921152859735
0.8771209472405906,0.12287905275940933
0.835951555631122,0.16404844436887797
0.6635090289211909,0.3364909710788091
0.6951287312561062,0.30487126874389386
0.7634055772118558,0.2365944227881443
0.6212700786641732,0.3787299213358268
0.8743186605008659,0.12568133949913396
0.9658060976468342,0.034193902353165835
0.5508258960892305,0.44917410391076956
0.5940957137743655,0.40590428622563446
0.7446541074245567,0.2553458925754432
0.5557489579789773,0.44425104202102284
0.7625957034743536,0.23740429652564649
0.5998561867888735,0.4001438132111265
0.5438288840606064,0.45617111593939363
0.7878801361782501,0.21211986382174985
0.7566598225806689,0.24334017741933114
0.5677345022559166,0.43226549774408346
0.5356191769242287,0.46438082307577133
0.6518334727038069,0.3481665272961931
0.6222156490030057,0.37778435099699426
0.7053191735258223,0.29468082647417776
0.6994722997200081,0.3005277002799919
0.726899449940333,0.27310055005966705
0.6611250118919019,0.33887498810809813
0.6971961102224175,0.30280388977758255
0.6003370868994808,0.3996629131005192
0.8703183148426441,0.1296816851573559
0.5315842133699503,0.4684157866300497
0.6018615282667814,0.3981384717332186
0.6736230578127654,0.3263769421872345
0.6102317956615023,0.3897682043384977
0.7790954533262151,0.2209045466737849
0.6059963419135778,0.3940036580864223
0.6587490991159316,0.34125090088406834
0.6417678588185446,0.35823214118145547
0.7485004703324801,0.2514995296675199
0.6531956268336645,0.34680437316633556
0.6084141230892057,0.3915858769107942
0.9414309609476913,0.05856903905230876
0.8328344372129275,0.16716556278707248
0.6378567726111761,0.36214322738882393
0.6953123263873099,0.3046876736126901
0.48090908241767416,0.5190909175823258
0.7144073295190394,0.28559267048096054
0.5549800465997227,0.44501995340027745
0.7751993417744001,0.22480065822559997
0.6628696817951676,0.3371303182048324
0.6498923570084267,0.35010764299157315
0.7274328273100993,0.2725671726899007
0.857638187361508,0.14236181263849207
0.5911358398482041,0.408864160151796
0.988319491445773,0.01168050855422699
0.8422731370210929,0.15772686297890706
0.6257348449372301,0.3742651550627699
0.7599283955959516,0.24007160440404843
0.8524434440566386,0.14755655594336145
0.7244929774571838,0.27550702254281617
0.8770950897208729,0.12290491027912699
0.5437436683351508,0.4562563316648493
0.8680207646595021,0.13197923534049796
0.5855126536635783,0.4144873463364217
0.5949262043876267,0.40507379561237333
0.5466916891169048,0.4533083108830952
0.7893275176353752,0.21067248236462482
0.7439962630171183,0.2560037369828817
0.7706334976473705,0.2293665023526294
0.7018635996947371,0.29813640030526284
0.7335461756994266,0.2664538243005734
0.6514696694246747,0.3485303305753254
0.7529672096715572,0.24703279032844278
0.8542290922652536,0.1457709077347464
0.6746515532926787,0.32534844670732144
0.6644275560975075,0.3355724439024925
0.7619800911400848,0.2380199088599152
0.6500346978636424,0.3499653021363575
0.6463196070557626,0.35368039294423737
0.8105110236587315,0.18948897634126857
0.8400066665346242,0.1599933334653758
0.716766074498018,0.283233925501982
0.5202614351133771,0.479738564886623
0.7714878562015405,0.2285121437984595
0.707813513163945,0.2921864868360549
0.6521628763298473,0.3478371236701528
0.6110796053082226,0.3889203946917774
0.8191216483028215,0.18087835169717842
0.8969029329752323,0.10309706702476787
0.7491544177614194,0.25084558223858056
0.6226797318707153,0.37732026812928465
0.820682298211044,0.17931770178895604
0.5940562597771873,0.40594374022281254
0.7811213566611775,0.21887864333882248
0.7184930654223238,0.2815069345776762
0.5115906716396574,0.48840932836034257
0.5783663800772293,0.4216336199227707
0.8479673697580892,0.15203263024191083
0.7228791571231066,0.27712084287689337
0.5943247966855367,0.40567520331446333
0.7300037222342758,0.2699962777657242
0.7371425518361985,0.2628574481638015
0.7840447694839179,0.21595523051608215
0.7266548145715578,0.2733451854284422
0.6679261592069291,0.3320738407930709
0.7146396702977809,0.2853603297022191
0.4823338894332314,0.5176661105667686
0.6279160572708689,0.3720839427291311
0.7918745731430712,0.2081254268569288
0.6704994139363023,0.3295005860636977
0.7119835599623078,0.28801644003769217
0.7786463946735972,0.2213536053264028
0.8824212904462433,0.11757870955375674
0.5983374664005031,0.4016625335994969
0.4650945945331814,0.5349054054668185
0.6127772837451292,0.38722271625487087
0.5136527568101883,0.4863472431898117
0.7838395419271654,0.2161604580728346
0.6319437705726882,0.36805622942731175
0.5534860070343196,0.4465139929656804
0.762235197149167,0.23776480285083298
0.8851007191717626,0.11489928082823742
0.6216298865479831,0.37837011345201693
0.6901157274296529,0.3098842725703471
0.7698157415198464,0.2301842584801536
0.6877159347525966,0.31228406524740343
0.52718808074898,0.4728119192510199
0.7447679193231934,0.25523208067680664
0.9247759905744668,0.07522400942553326
0.7127799007849273,0.2872200992150727
0.6531963609217071,0.3468036390782929
0.732771735000152,0.267228264999848
0.5719543779582043,0.42804562204179575
0.6802658795797085,0.31973412042029153
0.6474040126425281,0.35259598735747183
0.7270580119156506,0.2729419880843495
0.8338951116561165,0.1661048883438835
0.654673203465006,0.34532679653499404
0.5949821634714074,0.4050178365285925
0.7602394016583357,0.2397605983416642
0.8278553611613374,0.17214463883866254
0.653678151819452,0.346321848180548
0.7401541462896513,0.25984585371034874
0.7556913215285269,0.24430867847147314
0.5511043093743245,0.4488956906256755
0.8068459749273518,0.1931540250726482
0.6407859737664294,0.35921402623357057
0.6527352824767522,0.34726471752324783
0.660035363647172,0.33996463635282803
0.8207721859415149,0.17922781405848512
0.9868713601947022,0.013128639805297736
0.6852399634863424,0.31476003651365764
0.636876265929802,0.36312373407019805
0.7864185785501785,0.21358142144982153
0.6858676933798159,0.31413230662018415
0.5552195863273003,0.4447804136726997
0.9779166277672865,0.022083372232713578
0.41402352036465007,0.5859764796353499
0.6239261016941903,0.37607389830580973
0.7126428357002336,0.2873571642997664
0.9587161349844501,0.041283865015550064
0.6712133013946284,0.3287866986053716
0.6939796322830852,0.30602036771691477
0.7195801719713422,0.2804198280286579
0.9430874175150757,0.05691258248492423
0.7148532701939962,0.2851467298060038
0.8158914563487523,0.1841085436512478
0.6816677600595924,0.3183322399404076
0.6512117619164606,0.3487882380835395
0.6643813196647352,0.3356186803352648
0.6781903173416398,0.3218096826583602
0.7375699328854235,0.26243006711457645
0.8295714747262231,0.17042852527377692
0.6872525507554207,0.31274744924457926
0.6451352961707041,0.3548647038292959
0.6636724365548419,0.3363275634451582
0.7940754123576499,0.20592458764235022
0.6840459296077991,0.3159540703922009
0.6570318296101645,0.34296817038983557
0.7455528027977367,0.2544471972022633
0.6868265558113396,0.3131734441886604
1.0,0.0
0.7365683834711951,0.26343161652880487
0.7159838816283818,0.2840161183716182
0.6732504056271853,0.32674959437281464
0.44962551853191535,0.5503744814680848
0.7929890191714773,0.20701098082852265
0.858581243070109,0.14141875692989103
0.9848980789424449,0.015101921057555165
0.4245476475080912,0.5754523524919087
0.7885140374576091,0.211485962542391
0.6778924730509165,0.3221075269490835
0.6226205610947665,0.37737943890523357
0.5042374655604362,0.49576253443956375
0.6329738375631726,0.36702616243682734
0.7334465819218923,0.2665534180781077
0.8336938292285057,0.16630617077149445
0.7578386642826388,0.24216133571736118
0.6222512830080839,0.37774871699191614
0.7116556247079939,0.28834437529200607
0.5720532367228749,0.42794676327712516
0.8114554761633352,0.1885445238366647
0.5539584910594673,0.44604150894053274
0.6559236040376472,0.3440763959623528
0.7402341428567385,0.25976585714326145
0.6137374118656338,0.3862625881343662
0.6475031152367591,0.3524968847632409
0.7436244036554921,0.25637559634450785
0.7170134574020444,0.2829865425979556
0.8193165103804063,0.18068348961959357
0.640903995127342,0.359096004872658
0.5522973928216488,0.4477026071783512
0.6764695255435921,0.32353047445640787
0.6960901401669575,0.3039098598330425
0.7221273102404004,0.2778726897595996
0.8041332883410188,0.1958667116589812
0.7404532820958084,0.2595467179041916
0.8923242250917278,0.10767577490827228
0.7681675014281473,0.2318324985718527
0.9873530439717639,0.012646956028236137
0.5906004744271262,0.4093995255728738
0.7040485615004635,0.29595143849953653
0.927695878240225,0.07230412175977488
0.6973681153672611,0.30263188463273893
0.8804897962076674,0.11951020379233267
0.8131184785884896,0.18688152141151032
0.6170750497858571,0.3829249502141429
0.6763150234283253,0.3236849765716747
0.7479543807595553,0.2520456192404447
0.5564383061649165,0.4435616938350835
0.507216639816761,0.492783360183239
0.8030994300126871,0.1969005699873128
0.8996379735055892,0.100362026494411
0.7695357170570933,0.23046428294290663
0.6086241069125301,0.39137589308746984
0.7822885641678755,0.2177114358321245
0.8037064456706812,0.1962935543293189
0.8235025285058228,0.17649747149417708
0.8440986003437108,0.15590139965628924
0.8958702123925296,0.10412978760747044
0.9183825306628947,0.08161746933710527
0.8781508623321154,0.12184913766788466
0.6279225609425804,0.37207743905741963
0.6487282651172189,0.3512717348827811
0.7980551748237898,0.20194482517621012
0.6695809069119029,0.33041909308809714
0.7270624472373775,0.27293755276262255
0.9121911718048906,0.08780882819510939
0.5899060822727097,0.41009391772729037
0.48883619751426904,0.511163802485731
0.6801769844198587,0.31982301558014126
0.7382380160558103,0.26176198394418976
0.7735392887969917,0.22646071120300823
0.6853439587509447,0.31465604124905533
0.7605117055293292,0.23948829447067083
0.7795562981456944,0.22044370185430567
0.7117878569948785,0.28821214300512155
0.9930742645794048,0.006925735420595139
0.7115172991473788,0.28848270085262123
0.7757048343571311,0.22429516564286886
0.7265275162504419,0.2734724837495581
0.6918403689227002,0.3081596310772998
0.7129404875206132,0.2870595124793868
0.6251937965104827,0.3748062034895173
0.7537716064251128,0.24622839357488732
0.7081406724376312,0.2918593275623687
0.8046703781380121,0.1953296218619879
0.7579224891462757,0.24207751085372442
0.634869067224807,0.365130932775193
0.7123843445652724,0.28761565543472756
0.599201340873015,0.4007986591269849
0.7989918242713926,0.2010081757286075
0.7747957148937995,0.22520428510620052
0.8550328048564644,0.1449671951435356
0.83479780707853,0.16520219292146987
0.8783090123682902,0.12169098763170987
0.7743128193167655,0.22568718068323435
0.5044629275798798,0.49553707242012024
0.9036093256796,0.09639067432040005
0.6725193384677902,0.3274806615322098
0.7580382587733693,0.24196174122663078
0.624311688028696,0.3756883119713041
0.8025783600608691,0.1974216399391308
0.5926214161710838,0.4073785838289163
0.563364889332753,0.43663511066724703
0.6825350530770197,0.3174649469229803
0.8887257178500021,0.11127428214999797
0.5138034299015999,0.4861965700984001
0.6560717214414432,0.34392827855855684
0.7025345473198051,0.2974654526801948
0.7085356340448888,0.2914643659551112
0.6413002400696123,0.3586997599303877
0.6936026360125563,0.3063973639874437
0.5102426439379412,0.48975735606205884
0.7661618747463722,0.2338381252536278
0.752917831229605,0.24708216877039504
0.6270255417045846,0.3729744582954154
0.5364386945962937,0.4635613054037064
0.5467757361065827,0.45322426389341736
0.4416530344161631,0.5583469655838369
0.8350454654306586,0.16495453456934137
0.6340868077726355,0.3659131922273645
0.7398150699607328,0.2601849300392673
0.8769161046536842,0.12308389534631575
0.6138820368961424,0.3861179631038576
0.5758528077663742,0.42414719223362574
0.7142916611608473,0.2857083388391526
0.6220006643857104,0.3779993356142895
0.8801435854664436,0.11985641453355644
0.795890959951926,0.20410904004807393
0.6260705680093688,0.3739294319906312
0.5369668293873682,0.4630331706126319
0.6819710398997956,0.3180289601002044
0.8063657464031697,0.19363425359683037
0.6373918362808136,0.3626081637191863
0.5968218922362823,0.40317810776371765
0.7517013750653009,0.24829862493469906
0.6326935250409268,0.3673064749590732
0.5,0.5
0.6418305170604498,0.3581694829395502
0.6886517727999124,0.31134822720008765
0.6800967958295971,0.3199032041704029
0.8567154968660053,0.14328450313399468
0.6943381620650113,0.3056618379349888
0.5951331223384855,0.4048668776615145
0.5488585939304345,0.4511414060695655
0.6826078059078107,0.3173921940921893
0.6262545695389431,0.37374543046105685
0.869307087639438,0.13069291236056202
0.4808432310819626,0.5191567689180374
0.7039108058562644,0.2960891941437356
0.7419162958724681,0.25808370412753184
0.8498449269176386,0.15015507308236137
0.5561546509282285,0.4438453490717715
0.6666980971122384,0.3333019028877616
0.7212815497012243,0.2787184502987757
0.7717029328141021,0.22829706718589804
0.7806776301805461,0.21932236981945386
0.828421342056019,0.17157865794398097
0.8120577829759259,0.18794221702407415
0.6847156969043501,0.31528430309565
0.7729702290833751,0.22702977091662496
0.7838768920817459,0.2161231079182541
1.0,2.7755575615628914e-17
0.6507530894583917,0.34924691054160834
0.8216483145757989,0.1783516854242011
0.5680677788183257,0.43193222118167435
0.6144450778877688,0.38555492211223114
0.5200217994661349,0.4799782005338651
0.6669134542121962,0.3330865457878038
0.664539785379125,0.33546021462087505
0.6053716978091922,0.3946283021908078
0.5777966681761387,0.4222033318238613
0.6058335616916907,0.39416643830830933
0.7311942396180546,0.2688057603819454
0.7186422828390437,0.2813577171609562
0.5930032458156332,0.40699675418436676
0.8659221810977632,0.13407781890223672
0.6002385804330425,0.3997614195669575
0.6541270890178605,0.34587291098213946
0.7234411306320098,0.2765588693679902
0.604520061927264,0.39547993807273596
0.600925743583605,0.399074256416395
0.6015731075726396,0.39842689242736046
0.6778094495440966,0.32219055045590334
0.7427785107860811,0.2572214892139188
0.6126071049330871,0.38739289506691293
0.6863041766373422,0.3136958233626578
0.752118438365672,0.24788156163432787
0.8938646733726995,0.10613532662730052
0.6065223532242577,0.39347764677574226
0.5831295251846313,0.4168704748153687
0.6135075015447904,0.38649249845520967
0.5398980241990297,0.46010197580097034
0.6085609969329823,0.39143900306701773
0.8785282308855318,0.12147176911446822
0.7320407013609893,0.2679592986390107
0.6872711968896503,0.3127288031103498
0.7348262260154398,0.2651737739845602
0.774584213251969,0.22541578674803106
0.7060602929957227,0.2939397070042773
0.6418235106039785,0.3581764893960215
0.6992706336557531,0.30072936634424685
0.7874828427074302,0.21251715729256976
0.7354966160788399,0.2645033839211602
0.6810736802220555,0.3189263197779445
0.5538925403428054,0.44610745965719456
0.3690108276716235,0.6309891723283765
0.7274933782636513,0.2725066217363486
0.7496200248580975,0.2503799751419025
0.6544786813524295,0.3455213186475706
0.6719971254331932,0.32800287456680677
0.9950962176642881,0.0049037823357118236
0.687981526700604,0.312018473299396
0.5696918275040882,0.4303081724959118
0.6205349188736029,0.3794650811263971
0.6919419495888948,0.3080580504111052
0.8559881023558461,0.1440118976441539
0.8163733589498852,0.18362664105011475
0.5452795134416653,0.4547204865583348
0.6643592016704845,0.3356407983295155
0.7820316609087232,0.21796833909127672
0.7669826632943664,0.23301733670563357
0.67764076628413,0.32235923371587005
0.775294296220651,0.22470570377934893
0.6868031706193731,0.3131968293806268
0.708069617126353,0.29193038287364703
0.5314231596857323,0.4685768403142677
0.5566055422128078,0.4433944577871922
0.6059235965668525,0.39407640343314754
0.7176739728412979,0.28232602715870225
0.7801167266962505,0.21988327330374946
0.676091281920917,0.3239087180790829
0.8983905212905472,0.1016094787094528
0.6708972808401114,0.32910271915988865
0.7289935148475337,0.2710064851524663
0.833592550329927,0.16640744967007298
0.5228681196877224,0.47713188031227766
0.7334807990375534,0.2665192009624465
0.9277635866397725,0.07223641336022746
0.5562860625518802,0.4437139374481198
0.6302865026587104,0.36971349734128955
0.8342301262110209,0.16576987378897912
0.684164795789827,0.3158352042101729
0.5899119615932785,0.4100880384067215
0.6893059652762187,0.3106940347237813
0.7093881420203303,0.29061185797966965
0.5779181960192721,0.4220818039807279
0.5255252603447289,0.47447473965527115
0.9449153559753813,0.055084644024618684
0.7554904505723221,0.24450954942767786
0.7535832523691856,0.24641674763081442
0.6578647721661163,0.34213522783388367
0.8776349953822655,0.12236500461773443
0.7015010134108817,0.29849898658911833
0.7156649635187339,0.2843350364812662
0.7732622090333696,0.22673779096663038
0.5583186426772158,0.44168135732278424
0.9031910991470565,0.09680890085294343
0.7463997470333483,0.2536002529666516
0.5553513216021982,0.44464867839780176
0.5772950500394539,0.42270494996054603
0.636392924657219,0.36360707534278097
0.9431150035026264,0.056884996497373476
0.6443423774391095,0.3556576225608905
0.5579581725613222,0.4420418274386778
0.7241500432774466,0.2758499567225533
0.5978299080811155,0.40217009191888453
0.7528335768850575,0.24716642311494252
0.6941211658920122,0.30587883410798766
0.6647178882811035,0.33528211171889644
0.7461579875538612,0.25384201244613885
0.7584503215910845,0.24154967840891545
0.5590957649674455,0.44090423503255455
0.6945066907085344,0.30549330929146545
0.8315559333318029,0.16844406666819717
0.6130642839099487,0.3869357160900513
0.6376838609879176,0.36231613901208226
0.7907349289731208,0.20926507102687916
0.8842311613465414,0.11576883865345854
0.8128424088076042,0.1871575911923959
0.8017458468551499,0.19825415314485
0.6960229248804886,0.30397707511951144
0.7143599929715237,0.2856400070284763
0.8354221207023508,0.16457787929764928
0.6877673614368757,0.31223263856312444
0.657867508210414,0.342132491789586
0.7686172075654386,0.23138279243456136
0.9563530336320181,0.04364696636798196
0.7192393876315505,0.2807606123684495
0.7886694779469537,0.21133052205304628
0.5415344943062622,0.4584655056937377
0.6975844243524949,0.302415575647505
0.6678787493263332,0.3321212506736669
0.6622883834629647,0.3377116165370353
0.8308986286921144,0.16910137130788555
0.6863104402277747,0.3136895597722254
0.7044585499064527,0.29554145009354726
0.842617276654367,0.157382723345633
0.5874101731143238,0.41258982688567625
0.5305625716514745,0.4694374283485255
0.5514377842762931,0.4485622157237069
0.721150864826254,0.27884913517374593
0.7358144246272622,0.26418557537273774
0.698224253950988,0.30177574604901203
0.7644745647936392,0.23552543520636082
0.566172467293324,0.43382753270667607
0.8222830571763805,0.17771694282361947
0.6129357971913167,0.3870642028086833
0.7816161334521418,0.21838386654785832
0.7093311323944447,0.2906688676055554
0.5152436349117692,0.48475636508823083
0.6851909029901959,0.3148090970098041
0.7818379110898969,0.2181620889101032
0.5080374614179707,0.49196253858202926
0.6809398958441525,0.3190601041558475
0.9556467620579168,0.04435323794208328
0.657140260967712,0.34285973903228795
0.7332281029572703,0.26677189704272963
0.7144605179024272,0.2855394820975728
0.708038870806096,0.2919611291939041
0.8280073268090773,0.17199267319092276
0.7479172560162223,0.25208274398377767
0.5718643213604999,0.4281356786395001
0.9382144911816854,0.061785508818314544
0.7822865293540849,0.21771347064591506
0.695299179145922,0.30470082085407807
0.8082644693869591,0.19173553061304097
0.547594469991851,0.452405530008149
0.4537634064000921,0.546236593599908
0.7904653923097292,0.20953460769027077
0.6433591373428819,0.35664086265711814
0.7907713353631254,0.20922866463687462
0.5266965475381629,0.47330345246183714
0.681902509172684,0.31809749082731603
0.9412445151296477,0.05875548487035234
0.9563393011883096,0.043660698811690456
0.8294782544264327,0.1705217455735672
0.6044125745342311,0.39558742546576886
0.6727455948368473,0.3272544051631527
0.6442631162613486,0.3557368837386514
0.749234474808687,0.250765525191313
0.6802757941435562,0.3197242058564438
0.679666850360992,0.3203331496390081
0.6179167811886249,0.3820832188113751
0.7736702047676024,0.22632979523239763
0.5473057652820053,0.4526942347179947
0.6192129454119921,0.3807870545880079
0.6652625526770254,0.3347374473229746
0.7600413003124478,0.23995869968755223
0.7346911943384533,0.2653088056615467
0.7220195645770024,0.2779804354229976
0.5,0.5
0.7007973127408669,0.2992026872591332
0.8042402358669808,0.1957597641330192
0.5855119898915291,0.414488010108471
0.5,0.5
0.5918983059246757,0.40810169407532426
0.7786299977606509,0.22137000223934905
0.7238266733989436,0.2761733266010565
0.8046883707893824,0.19531162921061765
0.7746355241211188,0.2253644758788812
0.6903586448748684,0.3096413551251316
0.7091132244786147,0.2908867755213853
0.7874945017508317,0.2125054982491683
0.817726764064732,0.182273235935268
0.7349228605268302,0.2650771394731698
0.6295248750098814,0.37047512499011853
0.6148211799616521,0.3851788200383479
0.7132208326111474,0.28677916738885256
0.7569508717041512,0.24304912829584885
0.7168754738845543,0.2831245261154457
0.7079632811099534,0.29203671889004656
0.6954111916874582,0.30458880831254176
0.8969826293192875,0.10301737068071248
0.6147894027215495,0.38521059727845053
0.5194242748672506,0.4805757251327494
0.7185515663778766,0.2814484336221233
0.5120169521255932,0.48798304787440683
0.8864721578839377,0.11352784211606225
0.867749291655281,0.13225070834471894
0.6784621574974551,0.3215378425025449
0.6318124871205165,0.3681875128794835
0.7114859945044445,0.2885140054955555
0.5316553511419342,0.46834464885806576
0.8636820314671213,0.13631796853287867
0.6314726172636496,0.36852738273635044
0.7786204244139125,0.2213795755860875
0.8837995059234223,0.11620049407657775
0.7277550877627664,0.2722449122372336
0.7535882598678474,0.24641174013215264
0.5870477451260668,0.4129522548739332
0.6799115815104929,0.32008841848950703
0.7351964912864932,0.26480350871350683
0.8525277036972008,0.1474722963027992
0.7960171170875396,0.20398288291246036
0.698788964510644,0.3012110354893561
0.6321251706592941,0.3678748293407059
0.7123830834811641,0.2876169165188359
0.7301526134971286,0.26984738650287143
0.6638800912277092,0.33611990877229087
0.5724016287725253,0.4275983712274747
0.797548577506008,0.202451422493992
0.7856176825045391,0.2143823174954609
0.8865248572364982,0.11347514276350178
0.5951571083230363,0.4048428916769638
0.7044973448054834,0.2955026551945165
0.651438436444064,0.34856156355593604
0.8541524145418555,0.1458475854581444
0.6572337253442858,0.3427662746557142
0.6864398155311827,0.3135601844688173
0.5714343283339294,0.4285656716660707
0.6771195129930472,0.32288048700695293
0.6271153758597642,0.3728846241402358
0.9034760378001563,0.09652396219984372
0.5972386437569049,0.40276135624309506
0.6742510235081243,0.32574897649187573
0.5529919978772716,0.4470080021227284
0.7581605007502091,0.2418394992497909
0.6390805500759049,0.3609194499240951
0.6340785168462801,0.3659214831537198
0.47722778453551273,0.5227722154644873
0.6734468695881952,0.3265531304118048
0.8568220217672297,0.14317797823277045
0.49210311167345205,0.507896888326548
0.8303730321392815,0.16962696786071857
0.7854416745427102,0.21455832545728976
0.7201026981771892,0.27989730182281075
0.8734608619732004,0.12653913802679967
0.6465950416215478,0.35340495837845215
0.6952772426046123,0.30472275739538757
0.7382259778603912,0.26177402213960876
0.6610512060635978,0.33894879393640215
0.5729998382607719,0.42700016173922806
0.9296233712084446,0.07037662879155533
0.9392980997679623,0.060701900232037725
0.4701879843097787,0.5298120156902213
0.6905403591210434,0.3094596408789566
0.569571342985615,0.430428657014385
0.6516434111708928,0.3483565888291073
0.6110183811291077,0.3889816188708924
0.6712421969293657,0.3287578030706343
0.6429445264942935,0.3570554735057066
0.675592172492413,0.324407827507587
0.8799723776825837,0.12002762231741626
0.5338913661723673,0.4661086338276326
0.7898906528968053,0.21010934710319468
0.4843970145703949,0.5156029854296051
0.7685331776776881,0.2314668223223119
0.7629000724787088,0.23709992752129122
0.7698016218623542,0.2301983781376457
0.8285206946140973,0.17147930538590275
0.8051724606959841,0.19482753930401592
0.6498330707206802,0.3501669292793198
0.7050263083299251,0.2949736916700749
0.7515306699602391,0.24846933003976088
0.7885536657793285,0.2114463342206714
0.7189270539927266,0.2810729460072734
0.6060613959732069,0.39393860402679304
0.7603866689133885,0.23961333108661148
0.8511518583488313,0.1488481416511686
0.5090390890836716,0.49096091091632843
0.5119029780375763,0.4880970219624236
0.7113576232298018,0.2886423767701982
0.7847278585083924,0.21527214149160756
0.52160459662066,0.47839540337933995
0.7706388217114591,0.22936117828854077
0.8449869830410945,0.15501301695890546
0.9527644762918367,0.047235523708163404
0.673197625280287,0.326802374719713
0.7786680416227731,0.2213319583772268
0.5901755745718918,0.40982442542810815
0.6002579841773344,0.3997420158226656
0.6850443579765138,0.31495564202348625
0.7498979748321796,0.25010202516782043
0.7417321939035678,0.2582678060964321
0.7296743605695591,0.27032563943044086
0.7953212798955012,0.20467872010449878
0.7809528643415878,0.21904713565841213
0.7931246575180282,0.20687534248197179
0.5442492994345095,0.4557507005654904
0.5316001047377947,0.46839989526220527
0.6722207793850101,0.3277792206149898
0.8371147798539218,0.16288522014607826
0.7305323990474161,0.269467600952584
0.6472026955074434,0.35279730449255664
0.8904635758155697,0.10953642418443028
0.7540102702488484,0.2459897297511517
0.7879003178779641,0.21209968212203584
0.5487359350348981,0.45126406496510196
0.7879849690068503,0.21201503099314972
0.7584075750141225,0.24159242498587746
0.561313197016716,0.43868680298328394
0.8065240702826428,0.19347592971735714
0.9085416306248255,0.09145836937517442
0.899077929261321,0.10092207073867901
0.6770833543618001,0.3229166456381999
0.6921859857116279,0.3078140142883721
0.6688760379352507,0.33112396206474926
0.8341943977948529,0.16580560220514698
0.5281378675594417,0.4718621324405583
0.8090985985270366,0.1909014014729634
0.7877869540925546,0.21221304590744539
0.7311645691829545,0.26883543081704564
0.6484041702360495,0.35159582976395054
0.7109329828421268,0.2890670171578732
0.5344887877454141,0.4655112122545859
0.6967943978892104,0.3032056021107896
0.7226489832636285,0.2773510167363715
0.5,0.5
0.6761569201001042,0.32384307989989575
0.6965448955852064,0.3034551044147936
0.6166290076266572,0.3833709923733429
0.6508523038355675,0.3491476961644326
0.5992252166835462,0.4007747833164538
0.5996758811670473,0.40032411883295277
0.7306574908964824,0.2693425091035176
0.4839260060401319,0.5160739939598681
0.7076728251144834,0.29232717488551657
0.6258635077728885,0.37413649222711154
0.7549018728287691,0.24509812717123092
0.7821490591422575,0.21785094085774248
0.9110868567249886,0.08891314327501146
0.6406203587448998,0.35937964125510025
0.5101755708456039,0.48982442915439606
0.6202522478659362,0.37974775213406375
0.7626860802232969,0.23731391977670319
0.7854357132137583,0.21456428678624181
0.8910133077884619,0.10898669221153809
0.7275048773431062,0.2724951226568938
0.6921129295542338,0.30788707044576624
0.6713086573723701,0.3286913426276299
0.5978519075704176,0.4021480924295824
0.6241420319502208,0.3758579680497792
0.8248246841275517,0.17517531587244828
0.6500944214776865,0.3499055785223135
0.6560936128141417,0.3439063871858583
0.8582791632160566,0.14172083678394345
0.8023678499865056,0.1976321500134944
0.6193527331086843,0.38064726689131567
0.6203049947167862,0.37969500528321376
0.7013892995267985,0.2986107004732015
0.6017194117355499,0.39828058826445
0.6095147008475779,0.39048529915242214
0.7126474340226139,0.2873525659773862
0.7196559056846821,0.2803440943153179
0.7052831899211496,0.29471681007885037
0.7663641755376316,0.23363582446236844
0.7158518224478035,0.2841481775521964
0.7258531812886201,0.27414681871137986
0.6878009925474459,0.3121990074525542
0.7535139219487811,0.2464860780512189
0.715470891755625,0.2845291082443751
0.5559643042322095,0.4440356957677904
0.7276535798996351,0.27234642010036497
0.7774714185269153,0.2225285814730847
0.6470548115145169,0.35294518848548306
0.7525256791117672,0.24747432088823287
0.84100932638782,0.15899067361217997
0.6599516138325046,0.3400483861674954
0.8713192623622955,0.1286807376377044
0.6046946833530914,0.39530531664690854
0.5460815143362399,0.45391848566376014
0.685916305846203,0.314083694153797
0.7537120016033398,0.24628799839666016
0.6415920977221654,0.3584079022778346
0.44153274058748276,0.5584672594125172
0.6908050393490096,0.3091949606509904
0.4962144547387051,0.5037855452612949
0.6842191830410368,0.3157808169589632
0.4780007460223922,0.5219992539776078
0.7114231887888216,0.2885768112111784
0.526684676838311,0.473315323161689
0.7070534846742418,0.2929465153257581
0.6070360475853566,0.39296395241464344
0.7306538714306106,0.26934612856938933
0.6496584516671148,0.35034154833288517
0.6753021462280787,0.3246978537719213
0.636056028353013,0.36394397164698705
0.8365280642698592,0.16347193573014077
0.7357936260742196,0.2642063739257804
0.7051120782170079,0.294887921782992
0.5230160215783979,0.4769839784216021
0.66101168263694,0.33898831736305995
0.6729247815138009,0.3270752184861992
0.6846335768764176,0.3153664231235823
0.6708391519476135,0.32916084805238655
0.47192856995232374,0.5280714300476762
0.6789638869882028,0.32103611301179735
0.5458541031869751,0.45414589681302486
0.660295300409121,0.339704699590879
0.681131868212736,0.31886813178726403
0.575496448840727,0.42450355115927296
0.760699289380463,0.23930071061953684
0.7341408750152925,0.2658591249847075
0.7929837587973684,0.2070162412026316
0.6446734547129287,0.35532654528707136
0.37482716512133685,0.6251728348786632
0.6900821627602055,0.3099178372397945
0.6043725301796239,0.3956274698203761
0.6359818210810608,0.3640181789189392
0.7982376862880108,0.2017623137119891
0.7714955687587163,0.22850443124128367
0.5587967067408222,0.4412032932591778
0.7177739995249777,0.28222600047502233
0.8338082832488939,0.16619171675110606
0.6951355686028908,0.30486443139710906
0.6861313786241862,0.3138686213758138
0.6115319354869307,0.3884680645130692
0.45294676133385825,0.5470532386661418
0.8034081098834158,0.19659189011658412
0.830170120001624,0.16982987999837584
0.46752700546683684,0.5324729945331631
0.8889799042397105,0.11102009576028943
0.6608719527130618,0.33912804728693824
0.6020452300396142,0.39795476996038576
0.5934735477634344,0.4065264522365655
0.67024081602679,0.3297591839732101
0.6295442442536976,0.3704557557463024
0.7678121115234144,0.23218788847658556
0.500748798251152,0.49925120174884796
0.5160918154306927,0.48390818456930723
0.690277940205722,0.309722059794278
0.7803071342159493,0.21969286578405062
0.7301914715011548,0.2698085284988452
0.5846365078377669,0.4153634921622331
0.6563181585353013,0.3436818414646987
0.7879763273119157,0.2120236726880843
0.8314170779738044,0.16858292202619563
0.6387923581198733,0.36120764188012655
0.7800420065250934,0.21995799347490658
0.8164487964692535,0.18355120353074647
0.6574467314764391,0.3425532685235609
0.6591889036099542,0.34081109639004586
0.7834004482092037,0.21659955179079626
0.6227526739239693,0.37724732607603073
0.7201294852347646,0.27987051476523545
0.8592052408355847,0.14079475916441545
0.665309992525971,0.33469000747402894
0.4837073554288019,0.5162926445711982
0.6918067599224282,0.3081932400775717
0.8417412070251417,0.15825879297485843
0.7810803264736114,0.21891967352638864
0.5376345336398759,0.4623654663601241
0.5478760246917831,0.45212397530821685
0.5927441335013529,0.4072558664986471
0.6482824438442292,0.3517175561557707
0.7421151908452226,0.2578848091547774
0.6520547028479146,0.34794529715208544
0.5592350007567942,0.44076499924320584
0.7771374625606914,0.2228625374393086
0.6036500098356224,0.3963499901643776
0.6607822068874666,0.3392177931125334
0.6513407671879656,0.3486592328120343
0.6426342866690739,0.3573657133309261
0.6361141151814267,0.3638858848185733
0.45655870477699007,0.5434412952230099
0.6761210495304438,0.32387895046955617
0.5034679104671369,0.4965320895328631
0.6678017382964343,0.33219826170356564
0.6213797505941785,0.37862024940582145
0.8056251744155137,0.19437482558448635
0.4357076310122977,0.5642923689877023
0.8634336115584061,0.13656638844159388
0.6656808833397753,0.33431911666022474
0.8321219805102127,0.16787801948978726
0.7244864861663346,0.2755135138336654
0.7940463455437587,0.20595365445624114
0.4764620273646336,0.5235379726353664
0.7305032728004615,0.2694967271995385
0.5936451294414914,0.40635487055850866
0.5359215279285102,0.4640784720714898
0.6074622648434308,0.3925377351565692
0.6136149654152329,0.38638503458476703
0.6425928110730468,0.3574071889269532
0.6883599183904212,0.31164008160957885
0.673405815865296,0.326594184134704
0.663257316546064,0.33674268345393593
0.9355861080824132,0.06441389191758684
0.8778591922812048,0.12214080771879511
0.5526162385940552,0.4473837614059448
0.6056183709624263,0.39438162903757373
0.7624717191770216,0.23752828082297847
0.613865463552479,0.3861345364475211
0.7018541855250391,0.29814581447496086
0.8841534582177929,0.11584654178220707
0.6523841774647284,0.34761582253527157
0.6615918846432467,0.3384081153567533
0.7441873897991228,0.2558126102008771
0.6688021407914407,0.3311978592085594
0.6177171965625844,0.38228280343741555
0.7303534233562798,0.26964657664372027
0.6632668447477525,0.33673315525224745
0.790446394749884,0.20955360525011604
0.5266160877529394,0.47338391224706056
0.5587900974135799,0.44120990258642007
0.6125696969166118,0.38743030308338816
0.5648973293143164,0.43510267068568365
0.8257045064682189,0.17429549353178111
0.6360787535251234,0.36392124647487656
0.6244475718905468,0.3755524281094532
0.6615794067234807,0.3384205932765192
0.5058678537607193,0.4941321462392807
0.9002793323358796,0.09972066766412035
0.8053000911690751,0.1946999088309249
0.7525078293975722,0.24749217060242776
0.8867358091452929,0.11326419085470703
0.778949989524453,0.221050010475547
0.906773935494103,0.09322606450589696
0.7411007351431526,0.25889926485684744
0.6347921574602214,0.36520784253977845
0.7585523798916082,0.2414476201083918
0.4484253078699112,0.5515746921300888
0.5,0.5
0.716332062510504,0.28366793748949604
0.7842338267211852,0.21576617327881464
0.7339586870036002,0.26604131299639977
0.6375740028647636,0.3624259971352363
0.632085801459061,0.36791419854093893
0.566550617320567,0.43344938267943306
0.6111765191160888,0.38882348088391117
0.9629584497655106,0.03704155023448935
0.912071664774126,0.08792833522587397
0.5585088360394825,0.44149116396051746
0.682538109322988,0.3174618906770121
0.8662248227695263,0.1337751772304738
0.517336889208902,0.4826631107910981
0.948300992323607,0.05169900767639299
0.5856550625179278,0.41434493748207224
0.5553561476665553,0.4446438523334447
0.6981576506656075,0.3018423493343925
1.0,0.0
0.7883247382668829,0.21167526173311713
0.6009509475735288,0.3990490524264711
0.6527274645778025,0.3472725354221974
0.6335228765087734,0.3664771234912267
0.7878649008501153,0.21213509914988474
0.8633336705659403,0.1366663294340596
0.4468095092987971,0.5531904907012029
0.8639530602551083,0.1360469397448917
0.5947764124345971,0.4052235875654028
0.6836785587787912,0.3163214412212088
0.6945138320419955,0.3054861679580045
0.8867140243244874,0.11328597567551257
0.8482900462985719,0.15170995370142815
0.7253598458617965,0.2746401541382036
0.7266919659723221,0.2733080340276779
0.6161222009827823,0.38387779901721786
0.6927094241701808,0.30729057582981917
0.7788769498999629,0.22112305010003702
0.6873861034927571,0.3126138965072429
0.5916023652314044,0.40839763476859553
0.7476980118444879,0.2523019881555121
0.6802652023257291,0.31973479767427093
0.6405311574572027,0.3594688425427973
0.6525295694602111,0.3474704305397889
0.5835311328646006,0.41646886713539943
0.8389634451500494,0.16103655484995064
0.741641414554589,0.2583585854454111
0.6419482286507696,0.3580517713492304
0.8870070331339986,0.11299296686600134
0.6722712715528665,0.3277287284471336
0.7485792990109614,0.25142070098903846
0.5542054594782104,0.4457945405217895
0.6792602784371642,0.3207397215628358
0.5610340610146523,0.43896593898534775
0.672372482351771,0.3276275176482289
0.5441359661017487,0.45586403389825125
0.5916500990779303,0.4083499009220697
0.5620476701381086,0.43795232986189137
0.8404124081931875,0.1595875918068124
0.7086451096974977,0.29135489030250233
0.6095085735168906,0.3904914264831095
0.7702298638927902,0.22977013610720978
0.5,0.5
0.6288918415508153,0.37110815844918477
0.5774122409647479,0.42258775903525214
0.6919947818024932,0.30800521819750687
0.6249061488025162,0.37509385119748384
0.5125362575054169,0.48746374249458313
0.8733979950620502,0.12660200493794985
0.7011743926686826,0.2988256073313173
0.6532638537479581,0.3467361462520418
0.6657291875731447,0.3342708124268553
0.6873110604962733,0.31268893950372667
0.8674838517992092,0.13251614820079077
0.7548474621027523,0.24515253789724767
0.684188141245808,0.31581185875419204
0.6251397289880419,0.3748602710119582
0.8201816464541374,0.1798183535458627
0.5946877140178409,0.4053122859821591
0.5177497627357269,0.4822502372642731
0.5993975288994481,0.4006024711005519
0.6891995110186704,0.31080048898132967
0.7239617800908428,0.2760382199091572
0.6980275769525267,0.3019724230474733
0.6374008216335559,0.36259917836644406
0.6443627278699255,0.35563727213007446
0.8233149469695504,0.17668505303044957
0.9771284080232581,0.022871591976741955
0.9127317894456898,0.08726821055431022
0.7257685849099538,0.2742314150900462
0.7426799830660945,0.2573200169339054
0.4936626926064491,0.5063373073935509
0.8476812791585392,0.1523187208414608
0.828070374471512,0.17192962552848798
0.5748683884456339,0.4251316115543661
0.7482226043939589,0.25177739560604107
0.708079418468911,0.29192058153108896
0.5588941246212922,0.44110587537870777
0.8085605706115868,0.19143942938841324
0.5569096823852091,0.4430903176147909
0.6096970716359414,0.39030292836405855
0.46809291839599604,0.5319070816040039
0.8318935300645118,0.1681064699354882
0.5391334344517409,0.46086656554825906
0.8842964982318227,0.11570350176817744
0.9134286322753095,0.08657136772469054
0.6767639893259231,0.3232360106740768
0.7256570683172959,0.2743429316827041
0.7688574663869273,0.2311425336130727
0.558176137886361,0.441823862113639
0.6884317988452561,0.31156820115474393
0.811287809054029,0.18871219094597097
0.6484396716802947,0.35156032831970524
0.45045171770580295,0.549548282294197
0.6690170603018207,0.3309829396981792
0.47194888442754745,0.5280511155724525
0.4533144094036552,0.5466855905963448
0.6742867393548237,0.3257132606451762
0.7472200622552871,0.25277993774471297
0.7580289007362492,0.24197109926375082
0.6775581330639334,0.3224418669360666
0.6738578602840998,0.3261421397159003
0.6753785623719286,0.32462143762807144
0.785880362609114,0.21411963739088608
0.789239605022886,0.2107603949771139
0.7092885933620638,0.29071140663793615
0.5540512210538077,0.44594877894619234
0.617532873026295,0.38246712697370494
0.7016381119602432,0.2983618880397568
0.5722217781082873,0.4277782218917126
0.6095012931001849,0.3904987068998152
0.5934398856624642,0.40656011433753575
0.5617322987147547,0.4382677012852452
0.7483217402030615,0.25167825979693853
0.7731523137327696,0.22684768626723031
0.6555462740299317,0.3444537259700683
0.6996526074761992,0.3003473925238007
0.9587545382940372,0.04124546170596276
0.7420185871867385,0.25798141281326153
0.8943395233969961,0.10566047660300393
0.776325939676754,0.22367406032324605
0.9748701033696409,0.025129896630359187
0.6687266934079006,0.3312733065920994
0.5794703438878059,0.42052965611219406
0.6869603908669344,0.31303960913306567
0.85335231724264,0.1466476827573599
0.674218551114935,0.325781448885065
0.6920464767597384,0.3079535232402616
0.6562281178202883,0.34377188217971166
0.5599464511932084,0.4400535488067916
0.7985029691192279,0.2014970308807721
0.7972050729028732,0.20279492709712674
0.7003366542832952,0.29966334571670483
0.44655966117846235,0.5534403388215376
0.5535802284746598,0.4464197715253401
0.8467986718034777,0.15320132819652232
0.6355666913102247,0.3644333086897752
0.6469193705731059,0.3530806294268941
0.8096616515223325,0.1903383484776675
0.8503871195853675,0.14961288041463242
0.9300237469858439,0.06997625301415603
0.7784508106158561,0.2215491893841439
0.792600250246785,0.2073997497532149
0.7765545473544747,0.22344545264552523
0.7990436339240835,0.2009563660759165
0.563493208198628,0.436506791801372
0.6194194934935736,0.3805805065064264
0.6514004626641199,0.3485995373358801
0.868429473983451,0.13157052601654892
0.6234760764639977,0.37652392353600234
0.7156239370755226,0.2843760629244774
0.8716480527852905,0.12835194721470952
0.7488861463354454,0.2511138536645546
0.6053798500083182,0.3946201499916819
0.4813370796408029,0.518662920359197
0.8178925697293152,0.18210743027068474
0.9324862917242646,0.06751370827573541
0.5333459346759627,0.46665406532403725
0.8376842631599893,0.1623157368400106
0.6400532515285686,0.3599467484714313
0.6931729601820227,0.30682703981797727
0.6249335683008773,0.3750664316991226
0.6956526878569046,0.30434731214309535
0.6484283946298681,0.35157160537013193
0.7638546746681225,0.23614532533187743
0.7680816529552931,0.23191834704470687
0.6731608990903896,0.3268391009096104
0.7253451274240249,0.27465487257597515
0.44019970744532505,0.559800292554675
0.683642000961358,0.31635799903864203
0.7386985455273856,0.2613014544726144
0.7691682542645402,0.23083174573545978
0.9222970827280585,0.07770291727194155
0.7015138173739593,0.29848618262604065
0.8818222519498875,0.11817774805011247
0.7013642167501992,0.2986357832498008
0.5380216510984226,0.4619783489015774
0.7022952039873644,0.2977047960126355
0.749636705033167,0.25036329496683296
0.7634584338559206,0.23654156614407945
0.7200846942035302,0.27991530579646984
0.6632930057262761,0.33670699427372386
0.7599708442197843,0.24002915578021572
0.6930412056551678,0.3069587943448321
0.7557331093573489,0.24426689064265106
0.6217086809030351,0.3782913190969649
0.776561703701871,0.223438296298129
0.7151508555807381,0.2848491444192619
0.7338467596229596,0.26615324037704036
0.7283292042704926,0.27167079572950736
0.8084597922976979,0.19154020770230198
0.620539211513609,0.37946078848639103
0.74518482764534,0.25481517235465995
0.8541078754175614,0.1458921245824386
0.8516698977723659,0.14833010222763415
0.9841962772605353,0.015803722739464742
0.5306463263866459,0.4693536736133541
0.7908645988053286,0.2091354011946714
0.4763049957152278,0.5236950042847722
0.5770788781475018,0.4229211218524982
0.745337804916883,0.25466219508311705
0.6653547384164591,0.3346452615835409
0.5428341329097748,0.45716586709022516
0.6626395679985019,0.33736043200149807
0.7754459046598379,0.22455409534016205
0.6362380961786818,0.36376190382131823
0.7081775960507304,0.2918224039492695
0.5411131585399764,0.4588868414600235
0.7210630210030219,0.2789369789969781
0.5456604749069851,0.45433952509301484
0.6793842797956319,0.32061572020436807
0.6270082425009096,0.37299175749909047
0.6525361342014105,0.34746386579858946
0.6795546800459529,0.32044531995404707
0.522635583337473,0.47736441666252705
0.597196172127375,0.40280382787262503
0.7628636645503695,0.23713633544963048
0.8207262103384954,0.17927378966150473
0.7199922748120254,0.28000772518797457
0.7211556702094022,0.27884432979059787
0.9112907110138381,0.08870928898616195
0.45656267553567886,0.5434373244643211
0.6888560856269573,0.3111439143730428
0.5847948885090755,0.41520511149092454
0.8826562250966198,0.11734377490338022
0.6332439134326788,0.36675608656732117
0.7097290382735665,0.2902709617264335
0.8135108776854812,0.18648912231451878
0.8375049827654005,0.16249501723459955
0.8656982856435768,0.13430171435642319
0.8681620549494224,0.13183794505057755
0.7908762096451517,0.20912379035484824
0.745933571828159,0.25406642817184094
0.6957868334666569,0.30421316653334307
0.6213832967597266,0.3786167032402734
0.7939050115118683,0.2060949884881317
0.7079030662878991,0.2920969337121009
0.7245642901366508,0.2754357098633492
0.6653158754746408,0.33468412452535923
0.7281674504137703,0.27183254958622977
0.8674463604145339,0.13255363958546595
0.7785403427413408,0.22145965725865924
0.7606224631594916,0.23937753684050847
0.8089395018635952,0.19106049813640485
0.721522531324387,0.2784774686756129
0.8328961657835892,0.16710383421641076
0.5,0.5
0.7684371200315749,0.23156287996842503
0.6276399428057142,0.3723600571942858
0.644752944287244,0.35524705571275605
0.7047697343556392,0.29523026564436083
0.7581189961020021,0.24188100389799802
0.7757933539888026,0.2242066460111975
0.6047349645651017,0.3952650354348984
0.523173638745226,0.476826361254774
0.6587186833776948,0.3412813166223052
0.6493108364902294,0.35068916350977064
0.696727387364163,0.303272612635837
0.8370466446498114,0.16295335535018868
0.659521731769506,0.34047826823049393
0.7791486549385789,0.220851345061421
0.7450246120615025,0.25497538793849744
0.661640910779884,0.3383590892201161
0.6577129623918557,0.3422870376081443
0.6985515510430005,0.3014484489569995
0.5965464313832374,0.4034535686167626
0.6541485195156929,0.3458514804843072
0.6102492380898416,0.38975076191015845
0.6996344318369079,0.30036556816309207
0.5790380720166803,0.42096192798331966
0.7848360646333556,0.21516393536664438
0.6300566469458636,0.3699433530541364
0.7151208472949415,0.2848791527050585
0.7076670574307609,0.2923329425692392
0.8701699822035819,0.12983001779641806
0.6898302699500276,0.31016973004997245
0.8937468357342353,0.1062531642657647
0.769795531779604,0.23020446822039592
1.0,0.0
0.6954848502059032,0.30451514979409683
0.6748836833760494,0.32511631662395046
0.5700062081005359,0.4299937918994641
0.7326231957217275,0.26737680427827243
0.7404679261193402,0.25953207388065985
0.744732610246117,0.255267389753883
0.6704880641476334,0.3295119358523666
0.5070790275931358,0.49292097240686417
0.5974236684082403,0.4025763315917597
0.6838026135544155,0.3161973864455844
0.5401336818158133,0.45986631818418666
0.642686596753946,0.3573134032460539
0.3816148490718016,0.6183851509281985
0.8014874535132843,0.19851254648671565
0.6708289548604857,0.32917104513951434
0.5605637521622642,0.4394362478377358
0.7020245673652238,0.29797543263477627
0.7666990241587193,0.2333009758412808
0.7709215205762588,0.22907847942374113
0.7061030990132866,0.2938969009867134
0.7782415713829978,0.2217584286170023
0.6386808328044133,0.3613191671955867
0.7041383680819794,0.2958616319180206
0.738986041669995,0.26101395833000496
0.6599719249435345,0.3400280750564655
0.5991459820458871,0.40085401795411285
0.6325229845611653,0.36747701543883465
0.754956308462504,0.24504369153749592
0.8503414833005192,0.14965851669948077
0.6073388008878252,0.3926611991121748
0.7246776522474665,0.2753223477525335
0.7796603900367166,0.22033960996328342
0.5,0.5
0.7782639383637178,0.22173606163628237
0.6849083294415967,0.31509167055840326
0.7128014185676458,0.28719858143235427
0.9681291001390191,0.031870899860980795
0.8380385727801029,0.16196142721989712
0.6257520961347771,0.3742479038652229
0.7281273546972348,0.2718726453027653
0.7236795754414379,0.2763204245585621
0.8519334692740973,0.14806653072590273
0.8088092295845136,0.1911907704154864
0.6315084758898419,0.36849152411015806
0.7577942489540034,0.2422057510459966
0.5257067757819827,0.4742932242180174
0.5919378798534102,0.4080621201465899
0.46351835120208384,0.5364816487979162
0.39827638214156735,0.6017236178584326
0.9579484017758979,0.042051598224102156
0.8166930739411152,0.1833069260588847
0.6273254254165611,0.37267457458343883
0.5,0.5
0.6531263945480864,0.34687360545191354
0.8478380119553116,0.15216198804468842
0.615206378202458,0.38479362179754195
0.6887724238371234,0.31122757616287655
0.6320683732643854,0.36793162673561464
0.7047079124477883,0.2952920875522117
0.5871609447981362,0.41283905520186387
0.6238253317474858,0.3761746682525142
0.781935133243532,0.21806486675646794
0.45641875973214546,0.5435812402678546
0.6595550023831638,0.34044499761683616
0.6551824923457629,0.3448175076542371
0.8270484227537596,0.17295157724624047
0.8898989242928751,0.11010107570712496
0.7116754195695297,0.28832458043047027
0.48316413909196854,0.5168358609080315
0.6991228663834639,0.3008771336165361
0.7818568041291186,0.2181431958708814
0.6547194719305188,0.3452805280694811
0.6847175826477837,0.3152824173522163
0.6373457240207695,0.3626542759792305
0.7943730346941517,0.20562696530584826
0.7507016661727357,0.24929833382726443
0.7996601925543043,0.20033980744569568
0.7738115778444972,0.2261884221555029
0.6981132178950571,0.30188678210494296
0.8485234020937636,0.15147659790623638
0.6963082860403216,0.3036917139596784
0.8764794324844143,0.12352056751558575
0.7118351685325446,0.28816483146745536
0.6483762469552232,0.35162375304477683
0.655099847759479,0.344900152240521
0.6465875589797772,0.3534124410202228
0.8123523023736723,0.18764769762632771
0.8999293223489253,0.1000706776510747
0.7102863025637914,0.28971369743620856
0.822591714603259,0.17740828539674114
0.7003937188659264,0.2996062811340736
0.5413988700977221,0.4586011299022779
0.7762661811408713,0.22373381885912877
0.6369731879969975,0.36302681200300246
0.875532615295051,0.12446738470494903
0.7756794699057653,0.22432053009423464
0.6985227772166507,0.3014772227833494
0.6921058485112269,0.3078941514887731
0.6045713119204116,0.3954286880795884
0.6713498203836092,0.3286501796163907
0.8463182851098391,0.15368171489016091
0.6607902712744335,0.33920972872556654
0.6881620238179045,0.3118379761820955
0.7503454140423437,0.24965458595765627
0.5552496071972408,0.44475039280275913
0.7528292054316298,0.24717079456837027
0.5369812548160553,0.4630187451839447
0.6303680819017389,0.3696319180982611
0.6305449708226385,0.3694550291773615
0.8009018952305197,0.19909810476948034
0.793437877069048,0.20656212293095202
0.6608882492283962,0.3391117507716038
0.521535800631461,0.478464199368539
0.7178699793855519,0.2821300206144482
0.6059028489945668,0.3940971510054332
0.6363183123842165,0.3636816876157834
0.6917979696706149,0.3082020303293851
0.5664752351232352,0.43352476487676483
0.6527324645627246,0.3472675354372754
0.8870209133640482,0.11297908663595187
0.6095571292279696,0.3904428707720305
0.8636499999430057,0.13635000005699427
0.7138635224083221,0.286136477591678
0.6804039295899408,0.3195960704100593
0.6744188840871778,0.3255811159128223
0.7110783025422572,0.28892169745774277
0.9060735677519958,0.09392643224800423
0.6160049584366206,0.3839950415633793
0.7699605564608503,0.23003944353914965
0.6886060518708171,0.3113939481291828
0.7930410460690037,0.20695895393099628
0.765760173907502,0.234239826092498
0.5994042521221515,0.4005957478778485
0.5858695097144831,0.41413049028551685
0.7449457458555826,0.2550542541444174
0.7314474574094054,0.26855254259059463
0.717065769336841,0.28293423066315904
0.780698556316559,0.21930144368344096
0.6136230893275739,0.38637691067242613
0.5593840656596027,0.4406159343403973
0.6695955213465511,0.33040447865344896
0.673252667662616,0.3267473323373839
0.6982136041053657,0.30178639589463435
0.7875778436944494,0.2124221563055506
0.6982630097953709,0.3017369902046291
0.7122191904700175,0.28778080952998253
0.6699081188231315,0.33009188117686844
0.7084035443420998,0.29159645565790016
0.6890029258094309,0.3109970741905691
0.6958710081255347,0.30412899187446524
0.4750490468470447,0.5249509531529554
0.7793618719897724,0.22063812801022772
0.7215109785947184,0.2784890214052817
0.6027184816079649,0.397281518392035
0.7285637279172856,0.27143627208271437
0.8981724029595815,0.10182759704041856
0.6234142143372013,0.37658578566279866
0.6163932875515404,0.38360671244845956
0.7240293580561588,0.27597064194384135
0.8865757954463145,0.11342420455368557
0.8389247515587774,0.16107524844122262
0.7256448027604363,0.2743551972395637
0.778301471566453,0.2216985284335469
0.5,0.5
0.49927666038274765,0.5007233396172523
0.5639909007147264,0.4360090992852737
0.7453891226151157,0.25461087738488436
0.7165064841029598,0.2834935158970402
0.7836791499266561,0.21632085007334387
0.7396826557993457,0.2603173442006544
0.7518694047376187,0.24813059526238135
0.4859411448682311,0.514058855131769
0.8380715729017185,0.16192842709828142
0.5911326301515238,0.4088673698484761
0.6908577956221947,0.3091422043778052
0.6999284912423915,0.30007150875760846
0.5640717751265327,0.4359282248734672
0.7956523588841191,0.20434764111588086
0.766842622575131,0.23315737742486894
0.600880029396284,0.39911997060371596
0.6673798150061423,0.33262018499385776
0.4171593049710531,0.5828406950289469
0.5866009984788595,0.41339900152114045
0.6206328494322765,0.3793671505677235
0.8065239625588745,0.1934760374411255
0.7696000021384288,0.2303999978615711
0.6582670923987445,0.3417329076012555
0.7723858523996434,0.2276141476003565
0.7862640052449933,0.21373599475500676
0.3897926016719616,0.6102073983280384
0.7107053888431589,0.2892946111568411
0.7834418702772175,0.2165581297227825
0.7557112413228159,0.24428875867718414
0.4944077804684639,0.5055922195315361
0.5443167770637447,0.4556832229362553
0.825525400682494,0.17447459931750597
0.7184275577004189,0.2815724422995811
0.7165021197474172,0.28349788025258277
0.7337615972585744,0.2662384027414256
0.7541548307679736,0.24584516923202637
0.4856113502374064,0.5143886497625936
0.6773738066230153,0.3226261933769847
0.7658792937340315,0.23412070626596837
0.4416633821541248,0.5583366178458752
0.6321830512244819,0.36781694877551807
0.955969613746171,0.044030386253829115
0.8247600359516223,0.1752399640483777
0.7529838570263344,0.2470161429736656
0.6530478810250833,0.34695211897491673
0.8012226451334746,0.19877735486652537
0.7823699166962871,0.2176300833037129
0.8249069677300577,0.17509303226994238
0.7403040482353505,0.2596959517646495
0.4275063731994681,0.572493626800532
0.6247175361960154,0.3752824638039846
0.707180628176945,0.292819371823055
0.6921435280780546,0.30785647192194543
0.7989170347105984,0.20108296528940164
0.49268271028995514,0.5073172897100449
0.7915130928158761,0.20848690718412388
0.612450138573249,0.38754986142675096
0.6830300444431084,0.3169699555568915
0.5881723598143997,0.41182764018560014
0.7422852224623022,0.2577147775376978
0.8557687082411769,0.1442312917588231
0.9107667852502523,0.08923321474974762
0.5428611543982339,0.45713884560176615
0.6128065672102989,0.38719343278970103
0.5,0.5
0.7172454257028816,0.2827545742971184
0.5187668907975993,0.4812331092024007
0.6368793154426426,0.3631206845573574
0.6974655829903286,0.30253441700967143
0.7839027472391115,0.21609725276088856
0.5912610036533292,0.40873899634667077
0.6434624161465184,0.35653758385348144
0.7568163037722219,0.2431836962277781
0.6864356789114371,0.31356432108856286
0.6459201520004082,0.35407984799959186
0.47350666957280724,0.5264933304271927
0.828019474848352,0.17198052515164802
0.562597962326368,0.43740203767363195
0.7641489891106038,0.23585101088939622
0.45032458007335663,0.5496754199266434
0.5816256707901464,0.4183743292098536
0.7623947233377579,0.2376052766622421
0.4251789743865284,0.5748210256134716
0.768057418191833,0.23194258180816701
0.7047719932937918,0.29522800670620825
0.6432958217053248,0.3567041782946752
0.8705516530131536,0.12944834698684643
0.7443389242602167,0.25566107573978325
0.6801813352848604,0.31981866471513964
0.5262545272707939,0.4737454727292061
0.62193028066105,0.37806971933894995
0.7110350352652923,0.2889649647347077
0.5798561005935223,0.42014389940647767
0.5823455637635669,0.41765443623643306
0.6287702112920064,0.3712297887079936
0.7065555115119506,0.29344448848804944
0.5838889739046489,0.41611102609535117
0.8580834057583503,0.14191659424164982
0.7519416084192494,0.24805839158075055
0.5,0.5
0.90093030904418,0.09906969095582006
0.617622203280305,0.382377796719695
0.8893529215322604,0.11064707846773957
0.6174344670568512,0.38256553294314877
0.6213506501751752,0.37864934982482484
0.8214024437250043,0.1785975562749958
0.48066502064466476,0.5193349793553352
0.8402297224179133,0.1597702775820867
0.680984208270014,0.3190157917299859
0.7895080514262528,0.21049194857374723
0.8088125295492657,0.19118747045073423
0.719903699873152,0.28009630012684805
0.7424214546738331,0.25757854532616686
0.5893975924407113,0.4106024075592887
0.669493583089747,0.3305064169102529
0.6869283700759992,0.3130716299240009
0.6522644079771138,0.3477355920228862
0.7088977700872996,0.29110222991270035
0.5388067588210106,0.4611932411789894
0.6193837744052032,0.3806162255947968
0.6933065264290523,0.3066934735709477
0.8249207979208459,0.17507920207915403
0.4900294840335846,0.5099705159664154
0.7283745635149393,0.27162543648506066
0.6616502792977383,0.3383497207022616
0.5958855981419445,0.40411440185805547
0.75219394727582,0.24780605272418002
0.7658088616739539,0.23419113832604616
0.7734393478079513,0.2265606521920486
0.7902034116091428,0.2097965883908573
0.6659535872867127,0.33404641271328733
0.842450622956311,0.1575493770436889
0.9018972876580574,0.09810271234194258
0.7230092785869444,0.27699072141305553
0.8098860592160527,0.1901139407839473
0.8612488101524362,0.13875118984756382
0.6374440463742498,0.36255595362575016
0.6276716762710074,0.3723283237289926
0.7929589653785952,0.20704103462140475
0.7495484964097764,0.25045150359022356
0.6588716849898988,0.34112831501010116
0.5661055068751728,0.4338944931248272
0.7306136220139708,0.2693863779860292
0.5674637049035226,0.43253629509647734
0.5123726958812862,0.4876273041187138
0.5470007947516821,0.45299920524831794
0.6724186061421554,0.3275813938578446
0.7340960203348873,0.2659039796651126
0.7916380435638353,0.2083619564361647
0.6718444869096956,0.3281555130903044
0.5928399756966574,0.4071600243033426
0.63511905211907,0.36488094788092995
0.7926993264071027,0.20730067359289728
0.6386470243697039,0.36135297563029617
0.7281557397847743,0.2718442602152256
0.5742118679252447,0.4257881320747553
0.4821450752560034,0.5178549247439965
0.6572474853321818,0.3427525146678182
0.4448963335636763,0.5551036664363237
0.7626339343149551,0.23736606568504492
0.5063989087939262,0.49360109120607376
0.8088393600854433,0.19116063991455673
0.736876902122578,0.2631230978774221
0.8887883290439625,0.11121167095603735
0.8724201254682927,0.12757987453170727
0.76582106791829,0.23417893208170998
0.6812229990225556,0.31877700097744444
0.7286426851251819,0.2713573148748181
0.7274221466419337,0.2725778533580662
0.8626371516026087,0.13736284839739138
0.6025174505014348,0.3974825494985652
0.6878554489949197,0.31214455100508026
0.6476045084653567,0.35239549153464333
0.42711283957407503,0.5728871604259249
0.6803761983231588,0.3196238016768412
0.5976237157372576,0.4023762842627424
0.6020442493296693,0.3979557506703308
0.5640633234461524,0.4359366765538476
0.6023950497429474,0.39760495025705256
0.6349285583781614,0.3650714416218385
0.5650979222987172,0.4349020777012827
0.5883234207607421,0.411676579239258
0.6989102765830962,0.3010897234169037
0.624411779067374,0.375588220932626
0.6328564678477401,0.3671435321522599
0.7511423289120077,0.24885767108799225
0.7875106832645681,0.21248931673543192
0.8417626282882226,0.15823737171177746
0.7609860609071377,0.23901393909286234
0.6114815931142792,0.38851840688572087
0.7857311144355761,0.21426888556442386
0.6030090438439983,0.39699095615600166
0.6887594102391846,0.3112405897608155
0.6928834950536614,0.30711650494633863
0.8263910658392547,0.17360893416074533
0.6566432415939755,0.34335675840602453
0.7074544409774094,0.29254555902259055
0.6492189220367678,0.35078107796323216
0.7450431064062061,0.2549568935937939
0.7063713312937894,0.2936286687062107
0.8614043771631691,0.13859562283683088
0.7423685189122089,0.25763148108779105
0.8767393397491842,0.12326066025081578
0.7031877934517776,0.29681220654822243
0.8492947958444563,0.15070520415554362
0.6696742120183797,0.33032578798162027
0.679095069009656,0.320904930990344
0.6848428018933412,0.31515719810665876
0.5571910684800289,0.4428089315199711
0.5432528486629796,0.4567471513370203
0.512733175329947,0.487266824670053
0.6144998014763144,0.38550019852368556
0.6476214649038214,0.3523785350961786
0.7962574420152853,0.20374255798471472
0.9461079747570392,0.053892025242960814
0.7504607964857665,0.24953920351423348
0.8797112064109335,0.1202887935890665
0.5859106787330932,0.41408932126690684
0.6035497409667321,0.3964502590332679
0.5529496215475018,0.4470503784524982
0.8335930218765296,0.16640697812347036
0.8583245814213949,0.1416754185786052
0.8232612415702242,0.1767387584297759
0.6841372978526368,0.31586270214736323
0.7361179822935501,0.2638820177064499
0.8018723369408739,0.19812766305912607
0.9617664130682146,0.03823358693178528
0.553698392360566,0.446301607639434
0.7401793530224506,0.2598206469775493
0.714010569815424,0.285989430184576
0.7547876404843589,0.2452123595156412
0.8706677870071725,0.12933221299282754
0.7838412505827566,0.21615874941724333
0.9398811283962478,0.060118871603752184
0.7553099744519356,0.24469002554806446
0.7503133980524888,0.24968660194751116
0.6354236788150205,0.3645763211849795
0.6263099892664593,0.37369001073354075
0.6074134272088918,0.39258657279110826
0.5258801082397331,0.47411989176026686
0.638791150555173,0.36120884944482695
0.7408123560675182,0.2591876439324818
0.629018028598213,0.370981971401787
0.633894410736813,0.366105589263187
0.7564432509145574,0.24355674908544261
0.9099388220821507,0.09006117791784943
0.5934317347431832,0.40656826525681683
0.6035482099544941,0.3964517900455059
0.5554893263404149,0.4445106736595851
0.6987207950771368,0.30127920492286314
0.5999126458848779,0.4000873541151221
0.6968834510092247,0.3031165489907753
0.7308234797053742,0.2691765202946258
0.6458064680519762,0.3541935319480239
0.5974088547107974,0.4025911452892026
0.7528238204874161,0.2471761795125838
0.7244848204276206,0.27551517957237937
0.6858747962952961,0.3141252037047039
0.7936457067633774,0.2063542932366225
0.7827475670576782,0.21725243294232177
0.7546087525686567,0.24539124743134338
0.7036821232032919,0.29631787679670796
0.7552628693500743,0.24473713064992575
0.5664422728617238,0.4335577271382762
0.8437399097554891,0.15626009024451085
0.8533885541907247,0.1466114458092753
0.7847167419022193,0.21528325809778065
0.7975600194069984,0.20243998059300164
0.7530558680937206,0.24694413190627945
0.6601072966161242,0.33989270338387584
0.7335461871365371,0.266453812863463
0.6413573834725829,0.35864261652741714
0.6874954651982061,0.3125045348017938
0.7078416485924367,0.29215835140756324
0.5302982926368713,0.46970170736312866
0.6475078501897295,0.3524921498102706
0.8861853611484107,0.1138146388515893
0.5271216831971388,0.4728783168028612
0.632585671089981,0.3674143289100191
0.6097135245800018,0.39028647541999817
0.5167808160185814,0.4832191839814186
0.6003719334271469,0.39962806657285316
0.6991971007298381,0.3008028992701619
0.7262880044260748,0.2737119955739253
0.8003228731158423,0.19967712688415767
0.5328668483253488,0.4671331516746512
0.444701607315676,0.555298392684324
0.6269754867188947,0.3730245132811053
0.7550595746712307,0.2449404253287692
0.7765058379240456,0.22349416207595446
0.8436156022175263,0.15638439778247376
0.6695234278190284,0.3304765721809716
0.7675474033986547,0.2324525966013453
0.6738882865006899,0.32611171349931
0.6424584385633383,0.3575415614366617
0.651686668906541,0.34831333109345897
0.5847668016735225,0.41523319832647754
0.8282449417868177,0.1717550582131823
0.5987331798973897,0.4012668201026103
0.8700031216462174,0.12999687835378265
0.8847368578644552,0.11526314213554481
0.5839740518830726,0.4160259481169274
0.7520581290312104,0.24794187096878958
0.5858173438381543,0.41418265616184574
0.653272109708499,0.346727890291501
0.8017652499834905,0.19823475001650956
0.7211184401548498,0.2788815598451501
0.8383770519633889,0.16162294803661112
0.5949985610254971,0.40500143897450297
0.689678713396016,0.31032128660398395
0.7808267107154251,0.21917328928457494
0.7455179565839968,0.2544820434160032
0.581881773257358,0.418118226742642
0.7000109625561659,0.2999890374438341
0.7309732052777074,0.2690267947222925
0.8940952851563164,0.10590471484368363
0.6675410373362834,0.3324589626637165
0.6223540141931494,0.3776459858068506
0.5260120227507997,0.47398797724920033
0.7255868041523852,0.2744131958476148
0.7197945976663183,0.2802054023336817
0.5914008767130234,0.4085991232869765
0.9231506994013667,0.07684930059863335
0.6985134822148544,0.3014865177851456
0.6438152073811648,0.35618479261883523
0.45226569233111924,0.5477343076688808
0.7318696890136726,0.2681303109863275
0.6493096168851207,0.3506903831148794
0.7495141710344225,0.2504858289655774
0.7582283246458583,0.24177167535414168
0.6861467665383847,0.3138532334616154
0.7454652813118731,0.254534718688127
0.7212601756900962,0.27873982430990385
0.5824643622795456,0.41753563772045443
0.6253527491919594,0.3746472508080406
0.6182192496476948,0.38178075035230513
0.7458925179416166,0.2541074820583834
0.6829462803963574,0.3170537196036426
0.8764901104187626,0.12350988958123747
0.9025498230388785,0.09745017696112149
0.736681011011312,0.263318988988688
0.5,0.5
0.7746075525836081,0.22539244741639186
0.5457619991633788,0.45423800083662125
0.6294346966282836,0.3705653033717165
0.6634818100202936,0.33651818997970645
0.7256174706578165,0.27438252934218355
0.6763898761603007,0.32361012383969934
0.6866503197751957,0.3133496802248043
0.6647558977282502,0.3352441022717499
0.6909335253294941,0.3090664746705058
0.6766282019480953,0.32337179805190464
0.4868907364390631,0.5131092635609369
0.776224090052766,0.22377590994723398
0.728469365188872,0.27153063481112805
0.7183855943690103,0.2816144056309898
0.68380787525069,0.3161921247493101
0.6755006310845922,0.32449936891540776
0.6432499147029984,0.3567500852970016
0.5326773473748285,0.4673226526251715
0.7411766275921601,0.25882337240784
0.6485868866806865,0.3514131133193135
0.628736153639707,0.3712638463602929
0.5595474557576601,0.44045254424234
0.8475322422757342,0.15246775772426585
0.7870028026692923,0.2129971973307077
0.588121021208476,0.411878978791524
0.3932155471144576,0.6067844528855424
0.8324322934590196,0.1675677065409804
0.583740223579374,0.4162597764206259
0.8002123810840556,0.19978761891594443
0.65846744164214,0.3415325583578601
0.38410909744629457,0.6158909025537054
0.6987750753760339,0.3012249246239661
0.7153323044663197,0.2846676955336803
0.7895171560559886,0.21048284394401132
0.7110351725133573,0.2889648274866427
0.5711567561255921,0.42884324387440786
0.7024945266253172,0.29750547337468286
0.7401075425880103,0.25989245741198974
0.5976009839066894,0.40239901609331064
0.798973754118121,0.20102624588187903
0.6683598301212796,0.33164016987872036
0.7718652234848453,0.22813477651515462
0.755631861134813,0.24436813886518702
0.6885218221406195,0.3114781778593805
0.6688390168912426,0.33116098310875747
0.8346751166417611,0.165324883358239
0.768439801343517,0.23156019865648306
0.682296598335811,0.31770340166418903
1.0,5.204170427930421e-17
0.8932315334687781,0.10676846653122195
0.6683958554918599,0.3316041445081401
0.8466307705055316,0.1533692294944684
0.7495731010409149,0.25042689895908504
0.60541396046743,0.3945860395325701
0.6910047963558061,0.3089952036441938
0.5447282031210103,0.4552717968789897
0.7169712148257755,0.2830287851742246
0.6245536244325363,0.3754463755674638
0.6862338024823028,0.3137661975176972
0.7041593673385672,0.2958406326614328
0.6076682705757313,0.39233172942426875
0.6108245093529387,0.38917549064706125
0.6530733247388089,0.34692667526119125
0.7176357535318157,0.28236424646818425
0.7103140649110462,0.28968593508895374
0.8083399115308949,0.1916600884691051
0.7380375630208508,0.2619624369791491
0.5473110312597164,0.4526889687402835
0.5306618458589526,0.4693381541410474
0.4918488402157821,0.5081511597842179
0.6272214253818,0.3727785746181999
0.5425364689800599,0.45746353101994014
0.513565201455917,0.48643479854408306
0.6169527530060869,0.3830472469939131
0.6983794931309192,0.30162050686908076
0.6851786082912525,0.31482139170874746
0.5099488296704637,0.4900511703295362
0.913120760678338,0.08687923932166203
0.8173961517619244,0.18260384823807563
0.7236212880380611,0.2763787119619389
0.8348594219391152,0.16514057806088484
0.5269776657223701,0.47302233427762985
0.7765720935129792,0.22342790648702082
0.6875689655092498,0.3124310344907501
0.594848871864846,0.405151128135154
0.8934313818402025,0.10656861815979747
0.8472986172633516,0.15270138273664824
0.6255054759525641,0.37449452404743583
0.7539991413220943,0.24600085867790566
0.6250332157155627,0.3749667842844373
0.5271139457138226,0.47288605428617736
0.6264008935650951,0.37359910643490485
0.6126431129697198,0.3873568870302801
0.7524716978404306,0.24752830215956945
0.6582443445113949,0.3417556554886051
0.5037900706641387,0.4962099293358613
0.6867225253962058,0.31327747460379407
0.8408642339316146,0.15913576606838545
0.7573289516004591,0.24267104839954085
0.8040790779026701,0.19592092209732997
0.7704143940773533,0.2295856059226467
0.6636838486420708,0.3363161513579292
0.6624839477599023,0.3375160522400978
0.6869311775873665,0.31306882241263345
0.8387701826418882,0.16122981735811193
0.6256543644981654,0.37434563550183464
0.6904268820890372,0.3095731179109627
0.6046749399717529,0.3953250600282471
0.7367784039993718,0.26322159600062817
0.7470491201762641,0.2529508798237358
0.7359699430192145,0.2640300569807855
0.6262009618863489,0.37379903811365106
0.6454039366001404,0.3545960633998596
0.6342839521776786,0.36571604782232137
0.5371427031342901,0.4628572968657099
0.7582015864806346,0.24179841351936535
0.5414201422278491,0.4585798577721509
0.7988864713598385,0.20111352864016155
0.7337476395022096,0.26625236049779033
0.8918425542393571,0.10815744576064289
0.5489247426330458,0.4510752573669541
0.7141598650238139,0.28584013497618616
0.721944573824391,0.2780554261756089
0.6021184453947647,0.39788155460523533
0.525400386621674,0.474599613378326
0.7097030249086507,0.2902969750913494
0.7136774672707632,0.2863225327292369
0.6128056668171168,0.3871943331828832
0.7438799929206587,0.25612000707934135
0.523731495238336,0.47626850476166405
0.7718347303091866,0.2281652696908134
0.8279860096419214,0.1720139903580787
0.6606476323024228,0.33935236769757715
0.7362787792357126,0.26372122076428745
0.8649445745022172,0.1350554254977828
0.741891827592147,0.2581081724078529
0.707543873862974,0.29245612613702604
0.47852120703580214,0.5214787929641979
0.4469479216055556,0.5530520783944444
0.8534351412522405,0.14656485874775946
0.5844109797227984,0.4155890202772017
0.882537316213187,0.11746268378681306
0.7625731597016026,0.23742684029839742
0.41218137871418226,0.5878186212858177
0.7899459102505775,0.21005408974942258
0.6433863192796707,0.3566136807203293
0.8261572046078812,0.17384279539211883
0.6587852754304934,0.3412147245695066
0.6082190492773651,0.3917809507226348
0.5739413004515206,0.42605869954847947
0.6434363190160526,0.3565636809839475
0.7105324613745405,0.2894675386254596
0.6372557107607841,0.3627442892392158
0.7503370786243937,0.24966292137560636
0.6287138196397855,0.37128618036021455
0.6257267111472752,0.3742732888527248
0.690559669517375,0.30944033048262504
0.7550800931784045,0.24491990682159537
0.5281285176569503,0.47187148234304965
0.6832076474019461,0.31679235259805394
0.6440038184124003,0.3559961815875997
0.7256806960958939,0.27431930390410614
0.6221036438962007,0.37789635610379935
0.7039856027999863,0.2960143972000136
0.7049895668206887,0.29501043317931125
0.8210260306828265,0.1789739693171735
0.5333772176422374,0.46662278235776256
0.7235545868535772,0.2764454131464228
0.6497197470514712,0.3502802529485287
0.8404347938121847,0.15956520618781533
0.8375606600061749,0.16243933999382512
0.8459890559968504,0.15401094400314963
0.7234760770418264,0.2765239229581737
0.6647355359028924,0.3352644640971076
0.6938378639700542,0.30616213602994574
0.4236294254660606,0.5763705745339394
0.6898769186288274,0.31012308137117267
0.6711847572207413,0.32881524277925867
0.8669585323677605,0.13304146763223942
0.7914306755584407,0.2085693244415593
0.5402265319080655,0.45977346809193453
0.7810612181804297,0.21893878181957033
0.6236450250800339,0.3763549749199661
0.8467697381415756,0.15323026185842437
0.5603427592005994,0.43965724079940055
0.7994966826774661,0.20050331732253396
0.7000368758045229,0.2999631241954771
0.6587682846081085,0.34123171539189157
0.920592231764433,0.07940776823556706
0.5599560855810074,0.44004391441899254
0.5392202957068497,0.4607797042931503
0.6729957679260565,0.32700423207394347
0.9394679506037088,0.060532049396291185
0.7363971530187473,0.26360284698125275
0.6338250795904872,0.3661749204095128
0.6504228262605491,0.3495771737394508
0.7712302651262565,0.22876973487374347
0.7447346685426898,0.25526533145731023
0.599154813738752,0.4008451862612479
0.6438245228008692,0.35617547719913084
0.9465043297224787,0.053495670277521314
0.6978859193247369,0.3021140806752631
0.7199334683753404,0.2800665316246595
0.6513544050755168,0.3486455949244832
0.6741881851163936,0.32581181488360644
0.8164985060517396,0.1835014939482605
0.4924713000655174,0.5075286999344826
0.6383594255323203,0.3616405744676796
0.5072383135557175,0.49276168644428253
0.7721913717743096,0.22780862822569048
0.7228243981367269,0.27717560186327306
0.5523009398742098,0.4476990601257903
0.8437442996342117,0.15625570036578826
0.5896350829321494,0.4103649170678506
0.7046145027772336,0.2953854972227664
0.7528816166437258,0.24711838335627423
0.6430063915421178,0.3569936084578822
0.5706347228323585,0.42936527716764145
0.5557316297630205,0.44426837023697957
0.7879506137830804,0.21204938621691954
0.8385242567459906,0.16147574325400932
0.7162098624554226,0.28379013754457727
0.6043685971645043,0.39563140283549564
0.6121882244123256,0.38781177558767443
0.6218838173645421,0.37811618263545793
0.6355292785234412,0.36447072147655885
0.5741428298479082,0.42585717015209185
0.7509002654304886,0.24909973456951137
0.6621678821096023,0.3378321178903977
0.851582259209179,0.14841774079082098
0.765361218973782,0.23463878102621796
0.6510039897949653,0.3489960102050347
0.49541866034269333,0.5045813396573067
0.7117364808902846,0.28826351910971537
0.7408744831067614,0.25912551689323854
0.639595130133722,0.36040486986627795
0.6963178588772858,0.30368214112271413
0.6522568534842591,0.3477431465157409
0.6326505353293335,0.3673494646706666
0.7722739398595748,0.2277260601404252
0.7960804678648126,0.20391953213518743
0.6146381353566129,0.3853618646433872
0.7560025181381366,0.24399748186186349
0.7744124378852715,0.22558756211472852
0.7776664977868288,0.22233350221317122
0.5798576258090341,0.4201423741909659
0.5630512633451858,0.43694873665481415
0.745459100211792,0.25454089978820804
0.5892206669398614,0.41077933306013864
0.6072553692618551,0.392744630738145
0.7129003815717521,0.28709961842824794
0.7893315668856322,0.21066843311436778
0.7237655889307024,0.2762344110692976
0.6377219740553851,0.3622780259446149
0.6141177833768832,0.3858822166231168
0.8928389995979948,0.10716100040200513
0.6162295468623871,0.383770453137613
0.7580443819215148,0.2419556180784852
0.6889763761867334,0.31102362381326665
0.7266937685814853,0.27330623141851473
0.5902643466312432,0.40973565336875684
0.7383014621288219,0.2616985378711781
0.6369292386184398,0.3630707613815603
0.6131753809953173,0.3868246190046826
0.7177739649069573,0.28222603509304267
0.6559218478867413,0.3440781521132587
0.7195929265765691,0.28040707342343085
0.8067891344182356,0.19321086558176434
0.5731535751712424,0.42684642482875756
0.6752457800160405,0.32475421998395954
0.9457544847653022,0.054245515234697846
0.6327487669065585,0.3672512330934416
0.6948749132021897,0.30512508679781025
0.7031797565489145,0.2968202434510855
0.6923506403008727,0.3076493596991273
0.63518792854288,0.36481207145712
0.46538415292352603,0.534615847076474
0.6072471655408451,0.39275283445915493
0.7266002432701976,0.2733997567298024
0.5301237567684334,0.4698762432315667
0.6717926204684993,0.3282073795315007
0.6045902708258657,0.39540972917413425
0.7180034897573725,0.28199651024262756
0.8696685794381913,0.13033142056180874
0.6660540493469047,0.33394595065309524
0.9440975722722779,0.05590242772772215
0.6588040236580963,0.3411959763419037
0.8767858105581697,0.1232141894418303
0.7104948365502457,0.2895051634497543
0.9553719601852619,0.04462803981473806
0.8441695410020893,0.1558304589979108
0.8497671479070845,0.15023285209291548
0.6847718825998637,0.31522811740013634
0.851695552757585,0.14830444724241498
0.5754339304502465,0.42456606954975346
0.7140587086138991,0.2859412913861008
0.7747685686071194,0.22523143139288068
0.6590800337118197,0.34091996628818033
0.6039747385748013,0.39602526142519867
0.6246533386780591,0.3753466613219409
0.9132292870467029,0.08677071295329715
0.6104961989663408,0.3895038010336592
0.7279455052471028,0.27205449475289717
0.5259167022298838,0.4740832977701161
0.6829358441387635,0.31706415586123643
0.725943491148788,0.274056508851212
0.8027323447678093,0.1972676552321907
0.5400905141819716,0.45990948581802843
0.8711228240879719,0.1288771759120281
0.8799272528218218,0.12007274717817823
0.8741847217888578,0.12581527821114222
0.7138187472159659,0.286181252784034
0.6827814469549547,0.31721855304504537
0.4124109409163667,0.5875890590836332
0.5928447675246737,0.40715523247532626
0.7571897267451092,0.24281027325489085
0.674612551446716,0.3253874485532841
0.6403262545522219,0.3596737454477781
0.6101857472760646,0.38981425272393544
0.8168068415850058,0.18319315841499414
0.7214839323440292,0.2785160676559708
0.7779435550408539,0.22205644495914603
0.6354378117623686,0.36456218823763137
0.7870368301807354,0.21296316981926453
0.6463831147081717,0.3536168852918284
0.7947908800734216,0.20520911992657848
0.7202038620639226,0.2797961379360774
0.8479429079911734,0.1520570920088266
0.5173011749521065,0.4826988250478935
0.6159398658192371,0.3840601341807629
0.7049283352688854,0.2950716647311146
0.8714149710842434,0.12858502891575666
0.7686033692549371,0.23139663074506286
0.7530771088919718,0.24692289110802818
0.7011210563121075,0.2988789436878925
0.7092614090321205,0.29073859096787946
0.5826395987977653,0.4173604012022347
0.6170672034257458,0.3829327965742541
0.7480625080580531,0.25193749194194687
0.8340662897206144,0.1659337102793856
0.6398234326125855,0.3601765673874145
0.6780463341458568,0.32195366585414326
0.6478936805233638,0.35210631947663623
0.7149557053976924,0.2850442946023077
0.635875650847136,0.3641243491528639
0.5,0.5
0.8829482428290022,0.11705175717099782
0.6679581246996354,0.33204187530036455
0.6765494349993648,0.32345056500063524
0.8664643324739878,0.13353566752601215
0.7043725061060471,0.29562749389395293
0.9555165450483277,0.04448345495167227
0.6903595400099858,0.30964045999001416
0.6833459377539545,0.31665406224604553
0.8831497303608499,0.11685026963915027
0.6329083294694274,0.36709167053057257
0.6190254207544527,0.38097457924554734
0.5756474556836786,0.4243525443163214
0.475913222622732,0.524086777377268
0.7143896638037175,0.28561033619628257
0.5677198240649918,0.4322801759350082
0.6880019710119649,0.3119980289880351
0.9086520233270226,0.09134797667297744
0.8482010511578868,0.15179894884211312
0.8363521727158562,0.16364782728414382
0.6131145255793825,0.38688547442061744
0.8450255250771912,0.15497447492280883
0.5983040763869794,0.40169592361302064
0.7572808572199515,0.24271914278004855
0.6767326873147211,0.3232673126852788
0.5356710478663445,0.4643289521336555
0.6727265199006859,0.3272734800993142
0.8263009261735365,0.17369907382646357
0.6059671004990651,0.3940328995009349
0.5247256439954793,0.47527435600452067
0.6109832887634663,0.38901671123653375
0.697328835659179,0.3026711643408209
0.7477016913596894,0.25229830864031055
0.7305347048970816,0.26946529510291845
0.7776530361470236,0.2223469638529763
0.7038504529587176,0.2961495470412824
0.6460686190719057,0.35393138092809423
0.7209427314563668,0.2790572685436332
0.6974793071139919,0.30252069288600814
0.7047638808870962,0.2952361191129039
0.48807073675132845,0.5119292632486716
0.6555589555088343,0.3444410444911657
0.6968467493835566,0.3031532506164434
0.8794771792770081,0.12052282072299189
0.8068339475683222,0.19316605243167786
0.6613033220894092,0.3386966779105908
0.7278978565217132,0.2721021434782867
0.6700534357112824,0.32994656428871755
0.8312613598751971,0.16873864012480283
0.6994221800820192,0.3005778199179808
0.5434359749037997,0.4565640250962003
0.8421130439017729,0.1578869560982272
0.6809345077697025,0.31906549223029745
0.7704768517778737,0.2295231482221262
0.5720165717278011,0.42798342827219893
0.6471698829583372,0.35283011704166284
0.7513372632821678,0.24866273671783218
0.8151856292071298,0.18481437079287025
0.6876058136432935,0.31239418635670646
0.5807064511540502,0.4192935488459498
0.6798440334470598,0.32015596655294026
0.7381010192041951,0.2618989807958048
0.6902145842857609,0.3097854157142392
0.7133045715098132,0.2866954284901868
0.7221363241906552,0.2778636758093448
0.5,0.5
0.9322578237463082,0.06774217625369189
0.6206031128372256,0.3793968871627745
0.7173360454476608,0.28266395455233917
0.7022741071060373,0.2977258928939626
0.5456063826292817,0.45439361737071826
0.5839050200748763,0.41609497992512373
0.7874966779875932,0.21250332201240674
0.6756307232363917,0.32436927676360827
0.6123184610565816,0.3876815389434184
0.7333897976744963,0.26661020232550375
0.7374699569217857,0.2625300430782142
0.618404168239538,0.3815958317604619
0.7014509490285182,0.2985490509714817
0.914493147613286,0.08550685238671392
0.6128517440521669,0.38714825594783303
0.7807689357412615,0.2192310642587385
0.5953882485488456,0.4046117514511543
0.7547072930702148,0.24529270692978522
0.6252885386537488,0.3747114613462513
0.7305553104321216,0.26944468956787837
0.8161989746500453,0.18380102534995477
0.8658503347200034,0.1341496652799966
0.7180498314791065,0.28195016852089355
0.673037389582008,0.32696261041799196
0.7771473064200114,0.22285269357998863
0.5611705074758356,0.4388294925241644
0.6436093085614949,0.35639069143850505
0.759559371276517,0.24044062872348307
0.8583383950324011,0.14166160496759894
0.6404184130930429,0.3595815869069571
0.5,0.5
0.7604807251527825,0.23951927484721747
0.5576698523918646,0.4423301476081353
0.6889330810650939,0.3110669189349062
0.6785654211913429,0.3214345788086571
0.7309770262685148,0.26902297373148515
0.7484367640776554,0.25156323592234453
0.6152122956118179,0.3847877043881821
0.7341786315640179,0.26582136843598214
0.5945331908248204,0.40546680917517963
0.5818780223161923,0.41812197768380766
0.8915144434508738,0.10848555654912627
0.7654015340883882,0.23459846591161176
0.5803989028104591,0.41960109718954075
0.6688380210794943,0.3311619789205057
0.5821972608195172,0.4178027391804828
0.5639698484744303,0.43603015152556973
0.62611081115123,0.3738891888487699
0.7633893954070144,0.23661060459298552
0.4960605949163437,0.5039394050836563
0.6178268512814457,0.38217314871855435
0.607357335066163,0.39264266493383704
0.657433265957951,0.34256673404204896
0.47094288558112063,0.5290571144188794
0.44681799253534793,0.5531820074646521
0.530999940960284,0.469000059039716
0.577596476476295,0.42240352352370497
0.7085604970127719,0.291439502987228
0.9155948416956581,0.08440515830434189
0.7248941561129866,0.2751058438870134
0.779300218681865,0.22069978131813484
0.5740878051362093,0.4259121948637907
0.8143466566336505,0.18565334336634956
0.7132366681378861,0.2867633318621139
0.450272305319562,0.5497276946804379
0.6173389520796404,0.38266104792035954
0.7415196906493281,0.258480309350672
0.6284078216428644,0.37159217835713576
0.5350741388610323,0.4649258611389678
0.5,0.5
0.7686793289702448,0.23132067102975523
0.7258807554001175,0.27411924459988246
0.7072196642562044,0.29278033574379564
0.5736655895056654,0.42633441049433474
0.8018387650177681,0.19816123498223187
0.7832638322721993,0.21673616772780066
0.562881657435054,0.43711834256494597
0.6404620728580472,0.35953792714195276
0.9449236677583568,0.055076332241643274
0.5162848649760704,0.48371513502392954
0.5961187303731059,0.4038812696268941
0.6758644550000997,0.32413554499990027
0.7238519635633759,0.2761480364366241
0.6224452410225036,0.3775547589774963
0.6650105622439859,0.33498943775601403
0.7788394732342224,0.22116052676577755
0.682141275425711,0.317858724574289
0.581461603848628,0.41853839615137206
0.5803278608287374,0.41967213917126256
0.6069539636903447,0.3930460363096553
0.8611107630322614,0.13888923696773858
0.7872834234578692,0.2127165765421309
0.5727337241601487,0.42726627583985133
0.7261159028813716,0.2738840971186284
0.7174123783922624,0.28258762160773765
0.6095143001062229,0.3904856998937772
0.7203178713362954,0.27968212866370457
0.6349484780724697,0.3650515219275303
0.580366175896293,0.41963382410370703
0.7859643402686871,0.21403565973131283
0.764797721022231,0.2352022789777691
0.8131658973462459,0.18683410265375414
0.6460265676456661,0.3539734323543339
0.7664968295955301,0.23350317040446994
0.8939848655362717,0.1060151344637284
0.5282982837454469,0.47170171625455315
0.827697694227493,0.17230230577250705
0.6029288882254079,0.39707111177459203
0.7435827600281971,0.25641723997180293
0.7181359824204089,0.2818640175795911
0.746844983065697,0.253155016934303
0.7331082046481938,0.2668917953518061
0.6326764061836468,0.36732359381635316
0.6800923857709056,0.3199076142290945
0.874723162115182,0.1252768378848181
0.7170389430693535,0.28296105693064644
0.6590320298818998,0.3409679701181003
0.7940742896616225,0.2059257103383775
0.627461719709948,0.37253828029005204
0.7169178177084712,0.2830821822915288
0.5399114251167481,0.4600885748832519
0.7401271654576285,0.25987283454237153
0.47039503553355966,0.5296049644664403
0.6094506329357778,0.39054936706422216
0.6177923998916094,0.3822076001083906
0.7588591213892747,0.24114087861072525
0.5559487024422228,0.44405129755777717
0.7875860694574962,0.21241393054250376
0.7404855497143612,0.25951445028563874
0.6159331024863879,0.3840668975136121
0.5224891400217242,0.47751085997827575
0.6177525870242176,0.3822474129757824
0.7692795825877689,0.23072041741223115
0.5309817358782486,0.4690182641217514
0.7456196264537933,0.25438037354620663
0.6157566466711284,0.38424335332887155
0.8269256956865975,0.17307430431340262
0.6735507186307488,0.3264492813692512
0.6158962234067438,0.3841037765932562
0.731797074762474,0.2682029252375259
0.5776700297095868,0.4223299702904132
0.5233927041289537,0.47660729587104633
0.5770364186460459,0.42296358135395407
0.6929558925891193,0.30704410741088073
0.8126030159190687,0.18739698408093125
0.5120446532853573,0.48795534671464275
0.5482345440642478,0.4517654559357522
0.6708245840706734,0.32917541592932664
0.48829689556779393,0.5117031044322061
0.8050911276196873,0.1949088723803128
0.60274013572554,0.3972598642744599
0.5159912259376751,0.4840087740623249
0.853217712627525,0.146782287372475
0.5323727295592795,0.46762727044072055
0.7705771480815197,0.22942285191848039
0.7027721405029295,0.2972278594970705
0.7191440890487731,0.28085591095122686
0.9014230031072242,0.09857699689277573
0.7251402760264487,0.2748597239735513
0.810977321603659,0.18902267839634102
0.7696051956720299,0.23039480432797016
0.4887186681309059,0.5112813318690941
0.4767216938200681,0.5232783061799319
0.7809843446727626,0.2190156553272374
0.7815546284348591,0.21844537156514085
0.6303284095300017,0.3696715904699983
0.6850477914169173,0.3149522085830826
0.6652787179509586,0.3347212820490414
0.7446487886135033,0.25535121138649675
0.7749958064593883,0.22500419354061174
0.7396529086356131,0.26034709136438694
0.48741404461816756,0.5125859553818324
0.642335093394476,0.35766490660552397
0.5350764606960624,0.4649235393039376
0.6725229777791784,0.32747702222082165
0.7380713714241863,0.26192862857581367
0.5364419097557926,0.4635580902442074
0.838101441845447,0.1618985581545529
0.8242325133910331,0.1757674866089669
0.543598830528343,0.456401169471657
0.6801842852138963,0.31981571478610366
0.8407769936930649,0.15922300630693503
0.8136531055286325,0.18634689447136757
0.6671288133070604,0.3328711866929396
0.6948344513536678,0.30516554864633216
0.4933717887984918,0.5066282112015082
0.7780651762101352,0.22193482378986484
0.8188983164103356,0.1811016835896644
0.7979406966995444,0.20205930330045557
0.7540653876877981,0.2459346123122019
0.7411196556903878,0.2588803443096122
0.8750851686322632,0.1249148313677368
0.7201430519734089,0.27985694802659117
0.674500873088202,0.32549912691179805
0.7891473236343093,0.21085267636569072
0.7822034018168198,0.21779659818318015
0.5640204503869803,0.4359795496130196
0.5852914071765298,0.41470859282347017
0.8338936013902979,0.16610639860970203
0.7494647015923663,0.25053529840763367
0.9782763668239604,0.021723633176039692
0.5682628722411573,0.43173712775884265
0.7356380166401434,0.2643619833598566
0.524409476191444,0.475590523808556
0.691833100970658,0.308166899029342
0.6374366822700636,0.36256331772993644
0.9656281985369155,0.03437180146308456
0.6992619260328305,0.3007380739671694
0.646414602424782,0.353585397575218
0.6728952437596689,0.32710475624033114
0.8305947512658699,0.16940524873413013
0.5284964156428396,0.47150358435716044
0.7382963097588623,0.2617036902411377
0.6029194894460191,0.3970805105539809
0.7164812794451177,0.28351872055488225
0.6928194595893481,0.30718054041065196
0.7622118070771313,0.23778819292286862
0.5169344367528371,0.4830655632471629
0.550336219875438,0.44966378012456204
0.6652723260838511,0.3347276739161488
0.7185378791473275,0.2814621208526724
0.7935811698728438,0.20641883012715626
0.6795889665079008,0.32041103349209915
0.5502782104699981,0.44972178953000186
0.8031393238685877,0.1968606761314123
0.535781775506594,0.464218224493406
0.6476941985567939,0.35230580144320606
1.0,1.1102230246251565e-16
0.662095209375388,0.337904790624612
0.5236849191465452,0.4763150808534547
0.6545803750650377,0.3454196249349622
0.7028580627888676,0.29714193721113236
0.6512249476038238,0.34877505239617623
0.4609545239016291,0.539045476098371
0.8013506560485772,0.1986493439514228
0.58357825549816,0.41642174450184
0.6627366553598338,0.33726334464016616
0.8035444359127965,0.1964555640872035
0.6560419774900297,0.3439580225099704
0.9606485631331896,0.03935143686681039
0.7416643297161392,0.25833567028386084
0.8029548905260366,0.19704510947396325
0.7532992186980006,0.24670078130199935
0.6363847078535452,0.36361529214645477
0.47347190069311285,0.5265280993068872
0.6623622892716328,0.3376377107283672
0.6624640396350168,0.3375359603649833
0.5390139872338141,0.46098601276618595
0.6759109971375139,0.3240890028624861
0.7366411755246607,0.26335882447533937
0.7182813962243433,0.2817186037756568
0.6788452549528964,0.3211547450471035
0.6519601326365342,0.3480398673634658
0.741150261275239,0.25884973872476097
0.5833553337264783,0.41664466627352165
0.8928645518821935,0.10713544811780648
0.6376598878593415,0.3623401121406586
0.7387298378123085,0.2612701621876914
0.7235945670623338,0.2764054329376662
0.6803580644759329,0.31964193552406706
0.66605427491689,0.33394572508311005
0.7051395681290802,0.29486043187091976
0.5077822804450989,0.4922177195549011
0.6433464797123901,0.3566535202876099
0.7478334004116262,0.25216659958837384
0.7417276507461377,0.2582723492538622
0.9273129515408484,0.07268704845915161
0.8057038606145399,0.19429613938546
0.7897576090163951,0.21024239098360478
0.4808220456852177,0.5191779543147823
0.6715221204345141,0.32847787956548585
0.7741039466102637,0.2258960533897362
0.6591448596724209,0.3408551403275792
0.6227781566340216,0.3772218433659784
0.8192188272196733,0.18078117278032665
0.9353285651488011,0.06467143485119885
0.8295247025983262,0.17047529740167386
0.5572515431510385,0.4427484568489614
0.628786947679788,0.3712130523202119
0.46769591172495656,0.5323040882750434
0.7172297300602368,0.2827702699397632
0.700076617158548,0.2999233828414521
0.6651479061747303,0.33485209382526965
0.8069770851258268,0.19302291487417333
0.7517917544834958,0.24820824551650425
0.7494127065802922,0.2505872934197078
0.5387284532189369,0.4612715467810631
0.6360424732294492,0.3639575267705507
0.4397788249481664,0.5602211750518337
0.9028822055136633,0.09711779448633673
0.564164049141256,0.43583595085874405
0.8855446383046122,0.11445536169538784
0.6375422435154786,0.3624577564845214
0.5503753745683461,0.4496246254316539
0.7653434720888873,0.23465652791111263
0.5538789966515341,0.446121003348466
0.7988497705647121,0.20115022943528782
0.873669584353363,0.12633041564663705
0.6725275383634602,0.3274724616365398
0.7828176930128329,0.21718230698716717
0.7537471128746255,0.24625288712537452
0.7704261549242153,0.2295738450757848
0.6859842464114794,0.3140157535885205
0.9337279152209191,0.06627208477908092
0.7130083399983793,0.2869916600016207
0.6374393120210247,0.36256068797897534
0.6205847041995467,0.37941529580045336
0.662619949538246,0.337380050461754
0.6127910842292785,0.3872089157707214
0.7076040828893548,0.29239591711064516
0.6398857773575395,0.36011422264246057
0.7254959534847059,0.2745040465152941
0.7961931333619175,0.20380686663808242
0.4749565050005913,0.5250434949994087
0.9289293547286832,0.07107064527131679
0.8414894783254734,0.1585105216745267
0.8528831285276238,0.14711687147237623
0.6973792962580839,0.3026207037419161
0.5685954131151282,0.4314045868848718
0.888595605453611,0.11140439454638897
0.6796574043743105,0.3203425956256894
0.7021894327228488,0.2978105672771512
0.6594363467742634,0.3405636532257365
0.5276551121088818,0.4723448878911181
0.6102724885050019,0.38972751149499807
0.6554359210013687,0.34456407899863123
0.5,0.5
0.6301747264142556,0.3698252735857444
0.7817779178621834,0.21822208213781663
0.6243474517318154,0.37565254826818467
0.5633514199106687,0.4366485800893313
0.7034995247854526,0.2965004752145473
0.7516265426816627,0.24837345731833724
0.6949782359700002,0.30502176402999975
0.8097235038318201,0.1902764961681799
0.7198454617164866,0.2801545382835134
0.6263990641117437,0.3736009358882562
0.6332948713570984,0.36670512864290156
0.7270714425922867,0.2729285574077132
0.5241190914471859,0.47588090855281406
0.6472612114132722,0.3527387885867278
0.7068678668033725,0.29313213319662745
0.6221554643958505,0.3778445356041496
0.736029533241183,0.26397046675881697
0.8710263465005736,0.12897365349942636
0.6796493042953899,0.3203506957046101
0.7671962714233787,0.2328037285766213
0.7873711736325256,0.21262882636747446
0.6192348589744956,0.38076514102550446
0.716038220195959,0.28396177980404097
0.6147835897731126,0.38521641022688735
0.6908987375498942,0.30910126245010583
0.7312107939572894,0.2687892060427106
0.7408910324272072,0.2591089675727927
0.5696672912014729,0.4303327087985272
0.6075573119528052,0.3924426880471949
0.6932832097710258,0.30671679022897425
0.7381094589490564,0.26189054105094356
0.6644664289840201,0.33553357101597986
0.8553107331737789,0.1446892668262211
0.8164084337686158,0.18359156623138415
0.7357990237042812,0.2642009762957188
0.7250342217742836,0.27496577822571644
0.6376420573612257,0.36235794263877424
0.866497735921698,0.1335022640783019
0.7629978253108892,0.23700217468911083
0.7167951094939783,0.28320489050602177
0.7004249078761015,0.2995750921238985
0.6486020540927699,0.35139794590723
0.7007884305102937,0.2992115694897063
0.7244148296533792,0.2755851703466207
0.7058184468706358,0.2941815531293642
0.6922742468962773,0.30772575310372274
0.5633525121238088,0.4366474878761913
0.692593438099594,0.3074065619004061
0.7921548371888829,0.20784516281111706
0.7107783570764501,0.28922164292354985
0.7756877038125238,0.22431229618747622
0.802987650086492,0.19701234991350805
0.8413803167192154,0.15861968328078457
0.5523918995458713,0.4476081004541287
0.7322588873367648,0.26774111266323525
0.777197944069354,0.2228020559306459
0.6534676056626848,0.34653239433731514
0.6918577414614843,0.30814225853851573
0.6807839152246967,0.31921608477530333
0.5694517295114034,0.4305482704885965
0.5044848546385765,0.4955151453614235
0.6812399156146487,0.31876008438535125
0.7007307191472129,0.29926928085278715
0.8889547291889416,0.11104527081105844
0.561404295659086,0.4385957043409139
0.5351279938005479,0.4648720061994521
0.9163831620287052,0.08361683797129489
0.7064844481195449,0.2935155518804551
0.7913854056297904,0.20861459437020963
0.8229772144985315,0.17702278550146858
0.7085619670382618,0.2914380329617381
0.5530976225359119,0.44690237746408823
0.6755708063658619,0.3244291936341381
0.5690637641998401,0.43093623580015983
0.6517109058217847,0.3482890941782153
0.6917536475629855,0.3082463524370144
0.7785907272981338,0.22140927270186625
0.8175388601378085,0.18246113986219142
0.7882335083632286,0.21176649163677136
0.6697277438324929,0.33027225616750716
0.577575069616912,0.42242493038308804
0.8584227859421102,0.14157721405788984
0.7343598442665349,0.2656401557334651
0.6452175817605542,0.35478241823944573
0.8371719822098185,0.16282801779018147
0.626274725356107,0.3737252746438931
0.8729708146187384,0.12702918538126168
0.7130466358779579,0.28695336412204203
0.7312709366818582,0.2687290633181419
0.6078347540615642,0.39216524593843577
0.8102142547731461,0.18978574522685387
0.7152141563973694,0.28478584360263054
0.593984314575142,0.406015685424858
0.6269968553786709,0.3730031446213291
0.5598143849721057,0.44018561502789433
0.8037213767896709,0.19627862321032907
0.5531297448829364,0.4468702551170636
0.7773405058817858,0.22265949411821417
0.7472074409138907,0.25279255908610926
0.7273312643629322,0.2726687356370679
0.6294143589871959,0.37058564101280406
0.6383797964720244,0.3616202035279756
0.7430570673680844,0.25694293263191564
0.6864474308989816,0.3135525691010185
0.7285542642143898,0.2714457357856102
0.7075518947238211,0.2924481052761789
0.6049214709846265,0.3950785290153736
0.6544602067430235,0.3455397932569765
0.9150895212884845,0.08491047871151547
0.8429213115759642,0.15707868842403583
0.8495079740898479,0.15049202591015215
0.6918437002674445,0.3081562997325555
0.9555756300900663,0.04442436990993376
0.5544626839112062,0.4455373160887938
0.7712274607573169,0.22877253924268326
0.6033975169880051,0.39660248301199486
0.7106292970611698,0.28937070293883016
0.5251848356900394,0.47481516430996057
0.680601386716681,0.319398613283319
0.6162250144423558,0.3837749855576442
0.8291372335191878,0.17086276648081217
0.7275257884566245,0.2724742115433755
0.599694888396986,0.4003051116030139
0.7766196539437047,0.22338034605629528
0.6341283742223641,0.3658716257776359
0.5773323500436469,0.42266764995635314
0.6897587184560675,0.3102412815439325
0.5190238988672542,0.4809761011327458
0.8057059232340148,0.19429407676598523
1.0,0.0
0.8368375508035437,0.16316244919645623
0.5062531773319583,0.4937468226680417
0.6389296713642411,0.36107032863575894
0.745913008796119,0.2540869912038809
0.7097952775634752,0.2902047224365249
0.5096711739897728,0.4903288260102272
0.5488908603210808,0.45110913967891925
0.8884599450768658,0.1115400549231343
0.7419332866178038,0.2580667133821962
0.7760493684206906,0.22395063157930947
0.7721923705906744,0.22780762940932572
0.49603691421359963,0.5039630857864004
0.6545479355718542,0.3454520644281458
0.6807547002679469,0.31924529973205307
0.5563537613568476,0.4436462386431524
0.5650441256904919,0.43495587430950805
0.6732435443736139,0.3267564556263861
0.6056156055315661,0.39438439446843393
0.7799959465961446,0.22000405340385543
0.6796030871086352,0.3203969128913648
0.6098714379084438,0.3901285620915561
0.6030395170025465,0.3969604829974534
0.8045935855126154,0.19540641448738466
0.8053113628062821,0.19468863719371787
0.7799306084909456,0.22006939150905439
0.5139855822233238,0.4860144177766762
0.7916242236007842,0.20837577639921584
0.8713302603652195,0.12866973963478046
0.6722707203991074,0.3277292796008925
0.7668525735488982,0.2331474264511017
0.6588231964030166,0.34117680359698344
0.7263460784025825,0.2736539215974175
0.8470097691000917,0.1529902308999083
0.7700547034467932,0.22994529655320678
0.7213461629315568,0.2786538370684432
0.6650354481436662,0.3349645518563338
0.6896564900802171,0.31034350991978293
0.7178727011860638,0.28212729881393617
0.7825125314249988,0.21748746857500115
0.8284440317836504,0.17155596821634947
0.6772966666252966,0.32270333337470336
0.7737834497153007,0.2262165502846994
0.7203726650456603,0.27962733495433967
0.5987095192757999,0.40129048072420015
0.674223713428478,0.325776286571522
0.6036914592137407,0.3963085407862593
0.7905475899291505,0.20945241007084944
0.8530896261396427,0.14691037386035738
0.692079644707966,0.30792035529203393
0.7997975269229745,0.20020247307702554
0.7091616700920751,0.29083832990792485
0.7809437140189841,0.21905628598101584
0.5952001097299318,0.4047998902700682
0.6966132985241211,0.3033867014758789
0.4023196499818276,0.5976803500181724
0.8626744593855808,0.1373255406144191
0.6517680379295002,0.3482319620704998
0.6054033253140341,0.3945966746859659
0.7795853839269847,0.22041461607301527
0.7961500973070574,0.20384990269294256
0.7762364767926831,0.2237635232073168
0.6683169385068255,0.33168306149317445
0.7862889379180394,0.21371106208196058
0.7672746079622229,0.2327253920377772
0.8305116600922609,0.16948833990773923
0.6600421867297249,0.33995781327027513
0.6469262254927375,0.3530737745072625
0.712360275663642,0.287639724336358
0.6653729065067481,0.334627093493252
0.5827759775394843,0.41722402246051576
0.6141369800370293,0.3858630199629706
0.6493390620022461,0.35066093799775394
0.8062606481701206,0.1937393518298794
0.7964060283752243,0.20359397162477566
0.6157561165108186,0.38424388348918137
0.619144528416547,0.380855471583453
0.719794222984093,0.28020577701590704
0.6813554474171086,0.3186445525828914
0.5943926336754912,0.40560736632450883
0.5617731429697312,0.43822685703026887
0.727492735074877,0.27250726492512306
0.7033551969990454,0.29664480300095464
0.5860981299611412,0.41390187003885887
0.7610477142725736,0.2389522857274264
0.7823455824618597,0.21765441753814027
0.8087921268383886,0.19120787316161136
0.649606467992277,0.35039353200772305
0.7474921065523165,0.2525078934476835
0.5,0.5
0.7969451767285864,0.20305482327141358
0.647620677016244,0.3523793229837559
0.7036579150119463,0.2963420849880537
0.6200796743663699,0.37992032563363015
0.7174688152968396,0.2825311847031604
0.5668738349771205,0.43312616502287943
0.8183023854190776,0.18169761458092246
0.6613896943242702,0.3386103056757298
0.782147401408101,0.21785259859189893
0.6088247649759727,0.39117523502402723
0.973303640797138,0.026696359202861862
0.6257023239281815,0.3742976760718186
0.7302213639408611,0.2697786360591389
0.8324506432303085,0.16754935676969146
0.6344590919926962,0.3655409080073037
0.7328339698988575,0.2671660301011424
0.860440524014886,0.139559475985114
0.7906729175279371,0.2093270824720628
0.8229147567422614,0.17708524325773853
0.7483069003881042,0.2516930996118957
0.3490583450522251,0.6509416549477749
0.6824524499404004,0.31754755005959956
0.5433258331527154,0.4566741668472845
0.6847548617086727,0.3152451382913273
0.7328787972725689,0.267121202727431
0.5,0.5
0.6976150406367286,0.3023849593632713
0.7226305756577547,0.27736942434224543
0.8698974366002581,0.13010256339974194
0.6551505461949804,0.34484945380501963
0.5311871990561485,0.46881280094385147
0.8694491624690498,0.13055083753095018
0.5459331023756386,0.4540668976243613
0.6179747210879306,0.3820252789120694
0.6967882878405051,0.30321171215949505
0.6778350753954336,0.3221649246045664
0.7659609776677272,0.23403902233227286
0.7686520086537103,0.23134799134628972
0.7936620225516743,0.2063379774483257
0.7330399539161372,0.26696004608386287
0.7351903274063646,0.26480967259363536
1.0,0.0
0.6362952266613308,0.36370477333866935
0.46639534236587704,0.5336046576341229
0.8789952571014599,0.12100474289854013
0.7848085162152248,0.21519148378477512
0.9966403897741032,0.003359610225896814
0.8595775723382332,0.14042242766176685
0.8732510916500729,0.1267489083499271
0.6393012449014049,0.36069875509859506
0.41203106964502473,0.5879689303549753
0.553864344748833,0.44613565525116705
0.5292202890859175,0.47077971091408255
0.7292308641445848,0.27076913585541523
0.7128647203597754,0.2871352796402246
0.8631940595024216,0.1368059404975785
0.9487528991259692,0.05124710087403084
0.7634704898795605,0.2365295101204396
0.7707458302822718,0.2292541697177281
0.47736252401806395,0.5226374759819361
0.5805075213990794,0.41949247860092065
0.5075296272037546,0.49247037279624534
0.8265691439127223,0.17343085608727765
0.6487647690819658,0.3512352309180342
0.6387139962329502,0.3612860037670497
0.8153505490593905,0.18464945094060958
0.7287875186412613,0.2712124813587386
0.6694557783211152,0.33054422167888475
0.9404991340300831,0.05950086596991698
0.6161823743440923,0.3838176256559077
0.5722059873812212,0.4277940126187788
0.5885417314422879,0.4114582685577121
0.5643453339083183,0.4356546660916817
0.5551927024291254,0.44480729757087456
0.7975449517767946,0.20245504822320534
0.6675273591820929,0.332472640817907
0.6981115159408494,0.3018884840591506
0.827157370139799,0.17284262986020096
0.8279666899427527,0.17203331005724726
0.820416196417978,0.17958380358202206
0.737990641285565,0.262009358714435
0.5152473673224449,0.4847526326775551
0.6504496880831858,0.3495503119168142
0.6564531294107874,0.3435468705892125
0.7986035915982698,0.20139640840173026
0.9696952979774804,0.030304702022519493
0.7580856637551298,0.24191433624487022
0.715102070865433,0.28489792913456696
0.6348893806488853,0.36511061935111466
0.8765321986084804,0.12346780139151961
0.8118194841883936,0.1881805158116065
0.7026659854759376,0.2973340145240624
0.6023538119619563,0.39764618803804375
0.6087503169488704,0.3912496830511296
0.6228764120334782,0.37712358796652173
0.8677960285217365,0.13220397147826352
0.7372505230634061,0.2627494769365939
0.7175339582052954,0.2824660417947046
0.6082215272233356,0.39177847277666444
0.8617529332576732,0.13824706674232676
0.8398337030998232,0.16016629690017678
0.7298261518146054,0.2701738481853946
0.7209374808985682,0.27906251910143176
0.6113520273265273,0.3886479726734727
0.7599014452444836,0.24009855475551645
0.5738045498529227,0.42619545014707727
0.5182894913381522,0.4817105086618478
0.7163063265393884,0.28369367346061164
0.6538516322281707,0.3461483677718294
0.7478645328639403,0.2521354671360597
0.7802673128188076,0.21973268718119243
0.5706921571382841,0.4293078428617158
0.8142262692336473,0.18577373076635273
0.8425688885704514,0.15743111142954866
0.5731178732592822,0.42688212674071774
0.5931709294941611,0.40682907050583894
0.4652447383933131,0.5347552616066868
0.7750108365373646,0.22498916346263534
0.6126302962787362,0.3873697037212637
0.8391402636362758,0.16085973636372422
0.5357881906025455,0.46421180939745454
0.792096732125664,0.2079032678743359
0.6639968062078214,0.3360031937921785
0.7685421219459274,0.2314578780540726
0.6016296764615148,0.3983703235384853
0.571815198332493,0.428184801667507
0.5317505797360554,0.4682494202639445
0.8692858530712634,0.13071414692873665
0.6240963780378521,0.3759036219621479
0.5097320707921317,0.4902679292078683
0.4934251147357673,0.5065748852642327
0.6156264144446891,0.38437358555531087
0.6346334511535409,0.36536654884645914
0.9585272776648236,0.041472722335176355
0.5939433527916369,0.4060566472083631
0.4962552597212154,0.5037447402787846
0.6860741329464608,0.31392586705353914
0.5915906409350319,0.4084093590649681
0.7755631586298899,0.22443684137011014
0.8044958537968006,0.1955041462031994
0.7688087082838972,0.2311912917161028
0.5721652686417374,0.42783473135826255
0.7274000764031974,0.2725999235968027
0.7288610098814978,0.2711389901185022
0.7536786135268161,0.24632138647318394
0.628628056328339,0.3713719436716611
0.3907397907552043,0.6092602092447957
0.7729671635206755,0.22703283647932454
0.8127526593070623,0.18724734069293766
0.8010651215761546,0.19893487842384536
0.7719562795351343,0.2280437204648656
0.5828207775749271,0.417179222425073
0.7410361301043595,0.2589638698956405
0.6727062699247973,0.32729373007520274
0.6175831240191968,0.38241687598080315
0.5136664062738419,0.48633359372615814
0.7811106080470062,0.21888939195299384
0.6543335388374169,0.34566646116258315
0.6192287470734424,0.3807712529265575
0.6404183708216544,0.3595816291783456
0.7003269157475767,0.2996730842524234
0.7431706121670488,0.2568293878329512
0.8122645673126099,0.18773543268739004
0.7910983727196823,0.20890162728031766
0.7119364704178333,0.2880635295821667
0.6644020046372985,0.3355979953627014
0.7426428677148849,0.2573571322851151
0.719270362348174,0.280729637651826
0.5613778371974922,0.43862216280250776
0.7048566146396422,0.2951433853603578
0.5239886492490768,0.47601135075092316
0.5890091715924478,0.4109908284075522
0.718026543157534,0.281973456842466
0.6712951104585377,0.3287048895414622
0.77846776155081,0.22153223844919004
0.7178892530890949,0.2821107469109051
0.7337390248359188,0.2662609751640812
0.8355826669844378,0.16441733301556222
0.8193489147710631,0.18065108522893686
0.6442151541751304,0.3557848458248696
0.8693084569628798,0.1306915430371201
0.559880390006838,0.440119609993162
0.7726160203839063,0.22738397961609372
0.5838299503976272,0.41617004960237275
0.6681514916260071,0.331848508373993
0.6049647318858948,0.39503526811410516
0.7211432473426428,0.2788567526573572
0.7535637783521354,0.2464362216478646
0.5589597828101373,0.4410402171898628
0.8318201187465649,0.16817988125343503
0.6888371196699513,0.3111628803300487
0.5310865869141694,0.46891341308583057
0.7515539092665002,0.2484460907334998
0.5950799312924614,0.4049200687075386
0.6309966373395505,0.3690033626604495
0.6814376462549182,0.31856235374508174
0.5288358788672227,0.4711641211327773
0.6948413304022372,0.30515866959776283
0.6473815569745368,0.3526184430254632
0.666706443907087,0.333293556092913
0.5329223173288742,0.4670776826711258
0.5980863713324945,0.4019136286675056
0.7697093026836266,0.2302906973163735
0.7124957474504434,0.2875042525495566
0.6659671479868018,0.3340328520131982
0.7078083565243038,0.2921916434756962
0.7057123828078078,0.29428761719219226
0.6472261758400543,0.35277382415994574
0.7148007475611644,0.2851992524388356
0.8103980362632686,0.1896019637367315
0.6903148733614596,0.3096851266385404
0.7000414283878443,0.2999585716121556
0.682896858758546,0.317103141241454
0.48746622212402607,0.512533777875974
0.6062099468716949,0.39379005312830506
0.6288289181869404,0.3711710818130596
0.7564141356008325,0.24358586439916746
0.6348083442469755,0.3651916557530245
0.665601841225651,0.3343981587743489
0.9928139724226933,0.007186027577306658
0.646652163577747,0.353347836422253
0.7836124227468825,0.2163875772531176
0.5837013944032711,0.41629860559672893
0.8935689271026316,0.10643107289736838
0.6460257061271268,0.35397429387287316
0.6887261526481386,0.3112738473518613
0.9192357579497489,0.0807642420502512
0.7121687107856269,0.28783128921437307
0.5660819274072594,0.4339180725927407
0.7951791288150527,0.20482087118494735
0.617208303226267,0.3827916967737331
0.6766825052499985,0.3233174947500015
0.7229495200378669,0.27705047996213306
0.5617729851373767,0.4382270148626233
0.9209063174018394,0.07909368259816067
0.546290893228724,0.45370910677127596
0.679825521531717,0.320174478468283
0.884142210201158,0.11585778979884205
0.6587396010099703,0.34126039899002963
0.899536948099145,0.10046305190085499
0.733521873454548,0.266478126545452
0.5834991534398875,0.41650084656011255
0.4047948054393259,0.5952051945606741
0.8072008194086807,0.1927991805913194
0.492144957372382,0.5078550426276179
0.8599596484497436,0.14004035155025643
0.839501344932349,0.16049865506765112
0.6203537638011346,0.37964623619886545
0.6457579446362527,0.3542420553637473
0.6630988326097889,0.3369011673902112
0.7042736628801898,0.2957263371198103
0.6275456408692115,0.3724543591307885
0.8008791323460281,0.19912086765397186
0.7721624067569092,0.22783759324309083
0.8107192531083144,0.18928074689168561
0.7710108097865112,0.22898919021348882
0.6038137461510321,0.39618625384896783
0.6232227365020445,0.37677726349795543
0.6232879637875621,0.3767120362124379
0.5621145223296011,0.43788547767039887
0.4525784597790339,0.5474215402209661
0.5570094278283936,0.4429905721716064
0.7573577317889302,0.2426422682110698
0.6248928786884322,0.37510712131156776
0.6477048542789318,0.35229514572106824
0.9580548968045602,0.041945103195439745
0.7929529823165258,0.20704701768347417
0.7973693706027611,0.20263062939723883
0.7200739490828237,0.2799260509171763
0.6306897951995517,0.3693102048004483
0.6760101600934089,0.3239898399065912
0.7145374516348649,0.28546254836513507
0.6802271641448119,0.31977283585518806
0.6996014467034425,0.30039855329655746
0.599924799512079,0.400075200487921
0.7096772180514502,0.29032278194854977
0.53439341133999,0.46560658866001003
0.7149742902532987,0.2850257097467013
0.47923540561146644,0.5207645943885336
0.9103794875013829,0.08962051249861716
0.7148457279083192,0.2851542720916807
0.8155453667587815,0.1844546332412185
0.4066667601464599,0.5933332398535401
0.6316416964981185,0.3683583035018815
0.7083581682763864,0.2916418317236136
0.5212574113288873,0.47874258867111275
0.6775622942355369,0.32243770576446307
0.689337669413572,0.31066233058642795
0.7986985494661291,0.20130145053387088
0.601461556784916,0.3985384432150841
0.7435920080821594,0.2564079919178405
0.9135739658957335,0.08642603410426647
0.6717449107183314,0.3282550892816686
0.8195702415853566,0.18042975841464343
0.77153354844334,0.22846645155666
0.6155637419849692,0.3844362580150308
0.5753404866458709,0.4246595133541291
0.7113814460990667,0.2886185539009332
0.6650742052597793,0.33492579474022066
0.6833514877682132,0.3166485122317868
0.6761129258888862,0.3238870741111137
0.596581034299578,0.403418965700422
0.5532005131244659,0.44679948687553406
0.9304766706213479,0.06952332937865212
0.787976182433418,0.21202381756658195
0.6508334520789238,0.34916654792107615
0.5669067452455165,0.43309325475448346
0.3812389914465807,0.6187610085534193
0.6017227872403905,0.3982772127596094
0.5047721266746521,0.4952278733253479
0.7738229201519446,0.22617707984805532
0.7018142445802387,0.2981857554197613
0.5819549542376989,0.41804504576230106
0.6008092523280562,0.3991907476719439
0.7689193401171233,0.23108065988287668
0.6450643194488881,0.35493568055111197
0.6384919751603585,0.3615080248396415
0.6571652489692232,0.3428347510307767
0.6336938231574646,0.36630617684253536
0.791476224432647,0.20852377556735308
0.7254797042529556,0.27452029574704445
0.8205602951070495,0.17943970489295052
0.773971977809872,0.22602802219012794
0.6871811703049859,0.312818829695014
0.7164566914359446,0.28354330856405535
0.5653592777742679,0.4346407222257322
0.6459065282151616,0.35409347178483846
0.9329970904091759,0.06700290959082417
0.8098943412270956,0.19010565877290447
0.7133869146057629,0.28661308539423713
0.6490847978251018,0.3509152021748982
0.7180502257172993,0.28194977428270074
0.6491745381231634,0.3508254618768366
0.5743025571056253,0.4256974428943748
0.9268325581293948,0.07316744187060513
0.7350852843351406,0.2649147156648594
0.7083800318667882,0.2916199681332118
0.6916665060177224,0.30833349398227766
0.6836148417150676,0.3163851582849324
0.5,0.5
0.7774432422313395,0.22255675776866046
0.5327442241963914,0.46725577580360855
0.6369957877912649,0.36300421220873513
0.6716507650282537,0.32834923497174623
0.9011240503743521,0.09887594962564795
0.6573820192987538,0.34261798070124616
0.6580663340997529,0.3419336659002471
0.7086421764211785,0.29135782357882145
0.571064046025082,0.428935953974918
0.5312112715161046,0.46878872848389547
0.729125649138488,0.27087435086151196
0.6275431674820413,0.3724568325179587
0.6913505517311842,0.3086494482688157
0.8433236694856632,0.15667633051433674
0.7154667220740227,0.2845332779259773
0.7646396839607833,0.23536031603921664
0.6767853790368934,0.32321462096310655
0.6618546183426325,0.33814538165736746
0.7372355280745586,0.2627644719254414
0.6732111499965414,0.3267888500034586
0.683443061596045,0.31655693840395505
0.7241785409826588,0.27582145901734123
0.6499156846779016,0.35008431532209844
0.6013333636051121,0.398666636394888
0.9972710284487494,0.002728971551250645
0.5484263710790818,0.45157362892091824
0.7602826921129952,0.2397173078870048
0.5075201368793465,0.4924798631206535
0.8398953872244245,0.16010461277557553
0.8772986437854201,0.12270135621457993
0.5891580696652416,0.4108419303347583
0.4716520598589546,0.5283479401410455
0.5921873618266614,0.4078126381733386
0.6306488634921895,0.3693511365078105
0.6507355177561356,0.34926448224386447
0.8112208784115786,0.18877912158842144
0.4882861152291298,0.5117138847708702
0.7467440242746566,0.25325597572534353
0.6861143833374947,0.31388561666250525
0.7215373444672118,0.27846265553278815
0.8266246441945148,0.17337535580548533
0.6675873459601588,0.3324126540398411
0.6456673355312766,0.3543326644687234
0.7455955468773583,0.2544044531226417
0.7373382114368195,0.26266178856318045
0.7933151131773236,0.2066848868226764
0.4651701313192123,0.5348298686807876
0.825726427910645,0.174273572089355
0.7905956628633996,0.20940433713660042
0.8532517194382414,0.1467482805617586
0.6732434525059023,0.32675654749409766
0.8510819242873106,0.14891807571268942
0.5773113074939674,0.4226886925060325
0.4353435103187266,0.5646564896812734
0.7059002667665482,0.2940997332334519
0.8975971516827349,0.1024028483172651
0.7086600834717419,0.2913399165282581
0.8872631455848854,0.11273685441511463
0.7673176013664624,0.2326823986335375
0.6996742548747235,0.3003257451252765
0.9472972370676664,0.05270276293233362
0.5,0.5
0.48039900835949423,0.5196009916405058
0.6540116007611256,0.3459883992388744
0.8647308107050223,0.13526918929497764
0.7699053376464753,0.23009466235352483
0.6615788477202833,0.3384211522797167
0.7089884983721522,0.2910115016278478
0.9482805143819475,0.05171948561805261
0.6239434600655624,0.3760565399344375
0.6880922050637588,0.3119077949362412
0.6837450187418511,0.3162549812581489
0.7326491296023606,0.26735087039763944
0.6859431193851462,0.3140568806148538
0.7263447102245522,0.27365528977544784
0.6002126110552237,0.39978738894477633
0.6823548663945568,0.3176451336054432
0.7175665824825238,0.28243341751747614
0.7689086925868237,0.2310913074131763
0.6573222327069578,0.34267776729304217
0.7090310323104883,0.29096896768951175
0.7910609661497676,0.20893903385023238
0.6703051126433498,0.32969488735665026
0.7055364312544299,0.29446356874557006
0.5915420899435941,0.40845791005640586
0.48711897033140683,0.5128810296685932
0.5173325272059167,0.4826674727940833
0.3340130476157415,0.6659869523842585
0.6140489722805943,0.3859510277194057
0.7161686556178426,0.28383134438215746
0.6386982940374822,0.36130170596251776
0.5885726034182351,0.4114273965817648
0.5188245326280594,0.4811754673719406
0.6944721971978205,0.3055278028021795
0.15716805092086708,0.8428319490791328
0.5252769723908376,0.47472302760916246
0.5931231568156607,0.40687684318433925
0.7207832692914029,0.27921673070859715
0.8038487430019142,0.19615125699808583
0.49241056610855494,0.5075894338914451
0.7719811232085838,0.2280188767914161
0.7163227173993516,0.2836772826006484
0.9096635411393285,0.09033645886067151
0.7267285605971708,0.2732714394028291
0.7260196020773839,0.2739803979226161
0.8243293331837754,0.17567066681622454
0.7048569159441053,0.2951430840558947
0.6184219058379214,0.3815780941620785
0.7338762578977917,0.26612374210220835
0.6558759947411852,0.34412400525881476
0.6311911746264877,0.36880882537351234
0.8175019186658186,0.18249808133418152
0.5978289888731557,0.4021710111268443
0.5689152290243006,0.4310847709756994
0.9227226798579526,0.07727732014204734
0.8092897925226006,0.1907102074773994
0.8172170237353023,0.18278297626469775
0.8417950703761566,0.15820492962384342
0.832125809840335,0.167874190159665
0.8759281783331279,0.1240718216668721
0.6438712683393095,0.3561287316606904
0.6853154955264719,0.31468450447352825
0.6270544871943744,0.3729455128056255
0.6912657134813941,0.30873428651860596
0.6529387059942688,0.34706129400573116
0.5888305067687364,0.4111694932312636
0.5727741535434341,0.4272258464565659
0.7372685921242128,0.2627314078757871
0.8526104168517463,0.14738958314825376
0.5751567462250824,0.4248432537749176
0.7114649051209488,0.28853509487905127
0.8335087924547546,0.16649120754524527
0.643150853082219,0.356849146917781
0.6174226396079844,0.3825773603920156
0.6198565554184656,0.3801434445815343
0.3839213681486606,0.6160786318513394
0.6209816445096672,0.3790183554903329
0.645355136978997,0.35464486302100295
0.605508508798346,0.3944914912016541
0.4304239350601218,0.5695760649398782
0.8071439362917543,0.19285606370824576
0.6045187232865948,0.39548127671340516
0.9858808583488045,0.014119141651195558
0.6897954026811483,0.31020459731885175
0.7711373617287189,0.22886263827128106
0.6606195942010643,0.3393804057989357
0.7079221490169054,0.2920778509830946
0.5185122498599367,0.48148775014006323
0.7000919444860361,0.2999080555139639
0.615106226464216,0.384893773535784
0.7639935205595817,0.23600647944041825
0.8037227988719069,0.19627720112809313
0.7394781403660646,0.26052185963393537
0.47899554107905173,0.5210044589209483
0.7444430219084168,0.2555569780915831
0.8101926050773666,0.18980739492263346
0.5052919834852219,0.49470801651477814
0.8990753507657474,0.10092464923425254
0.744858198029002,0.2551418019709981
0.8921624791489501,0.10783752085104992
0.7379004145912086,0.26209958540879136
0.6784149954336883,0.32158500456631167
0.9005484209755964,0.09945157902440357
0.5918698639756671,0.4081301360243329
0.645513017566616,0.35448698243338395
0.7303205213272214,0.26967947867277864
0.5566450826790688,0.44335491732093124
0.6829133357048758,0.31708666429512417
0.7070910703508667,0.29290892964913323
0.5548675945910272,0.4451324054089728
0.9750918046510405,0.024908195348959557
0.6594526414055634,0.3405473585944366
0.5857364186022824,0.41426358139771763
0.9236124969926638,0.07638750300733615
0.8082876544640845,0.19171234553591557
0.7705429726538602,0.2294570273461398
0.7999740333107035,0.20002596668929645
0.592954003343673,0.40704599665632707
0.6200150154378407,0.37998498456215934
0.7294840838667973,0.2705159161332027
0.7423042814823873,0.2576957185176127
0.7174845718964893,0.28251542810351066
0.7355462789584027,0.26445372104159737
0.6075255600874768,0.3924744399125232
0.7624306749728024,0.23756932502719758
0.5887683779001236,0.4112316220998764
0.7930301252692903,0.20696987473070963
0.621008170288031,0.378991829711969
0.5810508040860474,0.4189491959139527
0.6635170507288324,0.3364829492711676
0.8159536695009474,0.18404633049905259
0.7671200414392938,0.23287995856070615
0.69182128544499,0.30817871455501
0.7219626466973016,0.2780373533026984
0.860719207854393,0.13928079214560685
0.6388400291758106,0.3611599708241894
0.7451792656891493,0.2548207343108507
0.7600845157900147,0.23991548420998526
0.8572421191048079,0.14275788089519217
0.4764306751349911,0.523569324865009
0.7174735477398876,0.2825264522601125
0.5169909168074642,0.4830090831925358
0.610894265047872,0.389105734952128
0.6705978657590563,0.3294021342409436
0.6456574800647783,0.3543425199352216
0.8615204626387247,0.13847953736127527
0.624823782827548,0.375176217172452
0.7103261967900261,0.289673803209974
0.7382145035953978,0.2617854964046022
0.7952887777210664,0.20471122227893357
0.7486204700001031,0.25137952999989693
0.6371935936910215,0.36280640630897854
0.8000184187938661,0.19998158120613388
0.5422840361816197,0.45771596381838037
0.6474870850741441,0.35251291492585585
0.4647580851144774,0.5352419148855225
0.6848625258882447,0.31513747411175536
0.6853469407827364,0.31465305921726366
0.84625669152539,0.15374330847461004
0.645302657375759,0.35469734262424096
0.8437316052457199,0.15626839475428006
0.8574488192499458,0.14255118075005432
0.6700895617349641,0.32991043826503585
0.6763926245315097,0.3236073754684902
0.7587354373454985,0.24126456265450144
0.8618763319051468,0.13812366809485324
0.5617269054055214,0.43827309459447855
0.6888743396039836,0.31112566039601647
0.6391840730377665,0.3608159269622335
0.6312118456816288,0.3687881543183712
0.885890978703417,0.1141090212965829
0.9032759769547435,0.09672402304525649
0.8773172609994236,0.1226827390005764
0.5999850791698913,0.4000149208301087
0.5350715488573137,0.4649284511426863
0.6440028458473392,0.35599715415266076
0.46370675414800644,0.5362932458519936
0.6411372750295289,0.35886272497047106
0.5874263107829437,0.4125736892170563
0.7911459784135039,0.20885402158649616
0.4607891557776423,0.5392108442223578
0.7487821239397606,0.2512178760602393
0.4887809455394745,0.5112190544605255
0.723189628937482,0.276810371062518
0.7217076888563602,0.27829231114363984
0.5469449215351135,0.4530550784648864
0.5779671324279895,0.4220328675720106
0.5509467242892451,0.449053275710755
0.6729113009220458,0.3270886990779542
0.8216094012132426,0.17839059878675745
0.6671635572382218,0.33283644276177815
0.6390865453380107,0.3609134546619893
0.6246366917510616,0.3753633082489384
0.7316362045174625,0.2683637954825376
0.6266564605107744,0.37334353948922555
0.7698511007953612,0.23014889920463869
0.5760456582676607,0.4239543417323392
0.7680021263720979,0.2319978736279021
0.537449581912199,0.46255041808780095
0.5940283361929088,0.40597166380709115
0.7355419731680564,0.2644580268319437
0.41424296782197917,0.5857570321780208
0.9369105059148102,0.06308949408518985
0.42179405586941515,0.5782059441305849
0.5654243760329264,0.43457562396707367
0.7183714028827135,0.28162859711728655
0.9069412631324485,0.09305873686755158
0.9443489001323655,0.0556510998676345
0.816222433949532,0.18377756605046808
0.7571685263359794,0.24283147366402058
0.6387833627641776,0.36121663723582237
0.7018975051889084,0.29810249481109163
0.7071298133411781,0.2928701866588219
0.6235167217244498,0.37648327827555017
0.888478387753856,0.11152161224614404
0.6948630799507146,0.30513692004928533
0.7190477296303861,0.2809522703696139
0.617179964606572,0.38282003539342807
0.7690414025398424,0.2309585974601576
0.6057567326518741,0.39424326734812587
0.6155306638002516,0.38446933619974843
0.6338861107736827,0.36611388922631716
0.6240107784847011,0.3759892215152989
0.6323605773633595,0.3676394226366405
0.8808787425628392,0.11912125743716084
0.5902855821052224,0.4097144178947776
0.6865886806971621,0.31341131930283794
0.5727760275867679,0.427223972413232
0.758428632264216,0.24157136773578397
0.7673970205241263,0.2326029794758737
0.5,0.5
0.6737456576247155,0.3262543423752845
0.7227722124565547,0.2772277875434453
0.4656694104565021,0.5343305895434979
0.820317121324029,0.17968287867597102
0.6686902859841197,0.3313097140158803
0.9062916309359476,0.09370836906405246
0.7274196968178879,0.27258030318211207
0.7558856205838288,0.24411437941617115
0.7226283835197718,0.27737161648022823
0.7274398385919325,0.27256016140806744
0.6560518914632208,0.34394810853677915
0.6727479382368331,0.3272520617631669
0.8130148991904184,0.1869851008095817
0.7217969333935014,0.27820306660649863
0.6764032893339311,0.3235967106660689
0.5948905173125798,0.40510948268742025
0.7607026278881118,0.23929737211188823
0.700171914450499,0.29982808554950113
0.792340649696373,0.20765935030362706
0.9268458190240376,0.07315418097596244
0.5729236149254933,0.42707638507450674
0.6961682753900117,0.30383172460998836
0.7793492348472558,0.22065076515274423
0.8427617121207027,0.15723828787929728
0.7372701114946952,0.26272988850530477
0.6365380069538069,0.3634619930461932
0.6372251411227753,0.36277485887722466
0.5979383724574794,0.40206162754252067
0.652494662805627,0.34750533719437304
0.6680288597058156,0.33197114029418434
0.6248882517684754,0.37511174823152454
0.739812262429744,0.2601877375702561
0.6573429769100284,0.3426570230899716
0.7188432216644287,0.28115677833557123
0.7318295117959446,0.2681704882040555
0.6497482677554894,0.35025173224451056
0.6614410684560506,0.3385589315439494
0.6829943221227002,0.3170056778772999
0.5886167207259235,0.41138327927407653
0.5984689336228738,0.4015310663771262
0.6274128264813666,0.37258717351863335
0.3182552458958842,0.6817447541041158
0.6593529824178148,0.3406470175821852
0.640548662486862,0.35945133751313796
0.6325673729728173,0.36743262702718277
0.5629537878158695,0.4370462121841305
0.6913978182722966,0.3086021817277033
0.6512016799472764,0.3487983200527235
0.9260113221098207,0.07398867789017927
0.5961612329399991,0.4038387670600009
0.7445723999106212,0.25542760008937876
0.7323524487511204,0.2676475512488795
0.6501069931326555,0.3498930068673445
0.7939824012068802,0.20601759879311976
0.5830814865952003,0.4169185134047997
0.7474879558195926,0.2525120441804073
0.5994957376001617,0.40050426239983833
0.5,0.5
0.6922276650409387,0.3077723349590613
0.8858760424384122,0.11412395756158782
0.5812658167990379,0.418734183200962
0.7163526900257763,0.28364730997422366
0.6786227257906469,0.32137727420935314
0.5725764269404212,0.42742357305957873
0.9335642537120822,0.06643574628791782
0.630390251090442,0.369609748909558
0.594628822590037,0.405371177409963
0.7443562099485602,0.2556437900514398
0.6259866444967017,0.3740133555032983
0.7256231725570843,0.2743768274429158
0.7618640761426602,0.23813592385733987
0.6104438426286821,0.3895561573713179
0.5837030228544741,0.416296977145526
0.6923889664074423,0.3076110335925577
0.6216039011789997,0.37839609882100034
0.5654248026177273,0.43457519738227274
0.6304375238259609,0.3695624761740391
0.6473138109457087,0.3526861890542912
0.8557063081268766,0.14429369187312333
0.7107363591333355,0.2892636408666644
0.6208693445041501,0.3791306554958499
0.7159580169685787,0.28404198303142125
0.533669744651289,0.46633025534871103
0.7960939330002191,0.2039060669997808
0.5399646770465167,0.4600353229534832
0.8632474931667935,0.13675250683320647
0.7898744389232866,0.21012556107671337
0.820646563710676,0.179353436289324
0.6987325826461642,0.3012674173538358
0.6779976853246388,0.3220023146753612
0.8053235077722164,0.1946764922277836
0.8918962306316797,0.10810376936832035
0.9868286029999643,0.013171397000035799
0.669228345550137,0.330771654449863
0.8618647341864184,0.1381352658135816
0.9912703915144262,0.0087296084855738
0.5676022266187475,0.43239777338125257
0.6665243960836164,0.33347560391638353
0.5441853969271793,0.45581460307282073
0.7218709229972026,0.2781290770027974
0.579606155475073,0.42039384452492706
0.758340072719719,0.241659927280281
0.6301014832752968,0.36989851672470314
0.6014274677068793,0.39857253229312073
0.7838656367315949,0.21613436326840504
0.8062057734913274,0.19379422650867253
0.7072598442007588,0.29274015579924123
0.7118365556388075,0.28816344436119257
0.7233726657878753,0.27662733421212465
0.7744686050970976,0.22553139490290244
0.4462585640976048,0.5537414359023952
0.5912289156243525,0.40877108437564746
0.5680921992537878,0.43190780074621216
0.6361756172709226,0.36382438272907736
0.6386887198706931,0.3613112801293069
0.6887726666172159,0.31122733338278413
0.5213409833301517,0.4786590166698484
0.7049641906513612,0.2950358093486389
0.8646004673995458,0.13539953260045426
0.737937447320123,0.26206255267987694
0.6671416530406126,0.33285834695938743
0.8037031872470359,0.19629681275296396
0.6930393836583529,0.30696061634164706
0.7425916366973637,0.25740836330263633
0.9176182512064394,0.08238174879356068
0.7437338756690867,0.25626612433091334
0.8767532487178433,0.12324675128215667
0.9077480217585242,0.09225197824147577
0.5746437859690157,0.42535621403098434
0.7043562489097224,0.29564375109027763
0.7023917523986137,0.29760824760138616
0.8125617335240156,0.18743826647598438
0.5845989537198857,0.41540104628011437
0.6411593376018608,0.3588406623981393
0.7484672398016377,0.25153276019836224
0.6743903060935384,0.32560969390646155
0.6064679841101733,0.39353201588982667
0.9482144454948394,0.05178555450516066
0.7691240014237338,0.23087599857626614
0.45995806212338336,0.5400419378766166
0.6663203949742248,0.3336796050257751
0.9229717309216943,0.07702826907830579
0.5694465526787567,0.43055344732124334
0.7222922853249548,0.2777077146750452
0.6543843061454683,0.3456156938545318
0.6845047607727996,0.3154952392272004
0.7021363519766599,0.2978636480233401
0.4854483571457876,0.5145516428542124
0.47818047484836007,0.5218195251516399
0.6839335370412227,0.3160664629587773
1.0,0.0
0.5529829743405675,0.44701702565943247
0.6734894302595147,0.3265105697404852
0.9064878147420168,0.09351218525798335
0.6708527275633975,0.32914727243660247
0.6274996110905209,0.3725003889094791
0.6308118347756326,0.3691881652243673
0.786057637788269,0.213942362211731
1.0,0.0
0.7201683839914165,0.27983161600858353
0.6685244735182896,0.33147552648171047
0.7776198004316707,0.22238019956832925
0.7703602363724689,0.22963976362753116
0.5447516657574393,0.45524833424256067
0.4495863887042922,0.5504136112957078
0.6291818026445611,0.37081819735543886
0.5529794007077246,0.4470205992922754
0.5416242879707078,0.45837571202929206
0.6036344739060874,0.39636552609391257
0.6061517989681293,0.3938482010318707
0.8169464818759951,0.18305351812400497
0.5209892472199015,0.47901075278009847
0.6267485530061703,0.3732514469938297
0.7256684817371207,0.27433151826287916
0.6423862601295628,0.3576137398704372
0.7708377902706114,0.22916220972938864
0.7582285692109969,0.241771430789003
0.8082715952991378,0.19172840470086217
0.7108593030970705,0.2891406969029295
0.4782915627812162,0.5217084372187838
0.7793428004971671,0.22065719950283286
0.8933956737653976,0.10660432623460242
0.8463578099990456,0.15364219000095436
0.7362699383442473,0.2637300616557528
0.8086833148422884,0.19131668515771158
0.5682511169589219,0.43174888304107806
0.6422853939376142,0.35771460606238586
0.7254085485246654,0.27459145147533465
0.8321333333912386,0.16786666660876132
0.5498549116158138,0.45014508838418626
0.6891814591775536,0.31081854082244653
0.7136990458149275,0.2863009541850725
0.8453497419943106,0.15465025800568946
0.6490320927500449,0.350967907249955
0.7589002604472033,0.2410997395527968
0.7524249506382127,0.24757504936178729
0.8881053194201151,0.11189468057988494
0.6227591723777391,0.37724082762226085
0.7120103291956343,0.2879896708043656
0.7929075507348439,0.20709244926515613
0.6374350396542133,0.3625649603457868
0.6587231918454916,0.34127680815450845
0.7690147042753998,0.23098529572460025
0.5272617936134338,0.47273820638656616
0.8157416932667862,0.18425830673321386
0.5702506277448318,0.4297493722551682
0.7454853497902307,0.2545146502097693
0.4120884305209722,0.5879115694790277
0.6093168542586753,0.3906831457413247
0.629792344790868,0.37020765520913196
0.8435686501018659,0.15643134989813406
0.8395747162759725,0.16042528372402742
0.6911039258673811,0.3088960741326189
0.8264171176175842,0.17358288238241582
0.5962245505774469,0.40377544942255306
0.7488100248443286,0.25118997515567143
0.9463333280908564,0.05366667190914375
0.6281288810710752,0.3718711189289248
0.6950095021086022,0.3049904978913978
0.8334421667575342,0.1665578332424657
0.5766031754288086,0.4233968245711914
0.6115699739969731,0.38843002600302684
0.6176997366029069,0.38230026339709317
0.8904233443457844,0.10957665565421557
0.8271676034683527,0.17283239653164734
0.7143278293475901,0.28567217065240985
0.6393990886436287,0.36060091135637135
0.877584170203111,0.12241582979688904
0.7291774821471929,0.2708225178528071
0.9411217154238334,0.05887828457616673
0.842889127802414,0.15711087219758607
0.6625214494407412,0.33747855055925885
0.645977280622159,0.354022719377841
0.8266523526232644,0.1733476473767357
0.7281163032790724,0.2718836967209276
0.7340052998446923,0.2659947001553077
0.7141711424929184,0.28582885750708154
0.7406559086602595,0.25934409133974035
0.5,0.5
0.6811047190307241,0.3188952809692759
0.8131786336477949,0.1868213663522052
0.7897218171271618,0.2102781828728382
0.531170639961432,0.468829360038568
0.7224116008693953,0.2775883991306048
0.6117879526773151,0.3882120473226849
0.6131921266976006,0.3868078733023994
0.7606216700390098,0.2393783299609902
0.434353885211873,0.565646114788127
0.5918448591399799,0.40815514086002014
0.6969210786533993,0.3030789213466008
0.5082623288035393,0.4917376711964607
0.8190170537013242,0.180982946298676
0.7648453844563238,0.23515461554367614
0.7639587010784968,0.23604129892150313
0.7552696897810256,0.24473031021897437
0.8829423241915205,0.11705767580847955
0.8729615849976878,0.1270384150023122
0.6102263774071045,0.38977362259289555
0.6504280863997622,0.34957191360023776
0.6176598761632873,0.3823401238367127
0.8303353485548687,0.16966465144513132
0.5834913221319488,0.41650867786805124
0.9220318713635295,0.07796812863647057
0.7063745226286936,0.29362547737130645
0.6770697613594994,0.32293023864050063
0.731709498954188,0.26829050104581204
0.8014372104481717,0.19856278955182816
0.6096234111924091,0.39037658880759085
0.5095059657669535,0.49049403423304655
0.7242130178490831,0.2757869821509169
0.8430523100714722,0.1569476899285277
0.6819185856171541,0.3180814143828459
0.5771229384705555,0.4228770615294445
0.6635969293204118,0.33640307067958825
0.7994628771310941,0.20053712286890588
0.7527725137202075,0.24722748627979252
0.5883743810713383,0.4116256189286617
0.731399900393746,0.2686000996062539
0.5917531667512737,0.40824683324872646
0.7216437511530978,0.27835624884690224
0.5208117663860321,0.4791882336139679
0.6268706216588086,0.3731293783411914
0.5576392720255786,0.4423607279744213
0.5678767251856786,0.43212327481432145
0.849862102294016,0.15013789770598399
0.690220274123911,0.30977972587608893
1.0,1.3877787807814457e-17
0.8178026407991955,0.18219735920080443
0.6095258221030235,0.39047417789697647
0.631568083684963,0.368431916315037
0.6641004383563995,0.33589956164360046
0.6522060311327024,0.3477939688672976
0.7057929026591574,0.29420709734084266
0.6738868286432794,0.3261131713567206
0.7965102402878738,0.20348975971212624
0.7564668982431302,0.2435331017568697
0.8204425741493022,0.17955742585069778
0.7507146771146802,0.24928532288531982
0.8215466219060674,0.17845337809393252
0.7009686158617541,0.2990313841382459
0.5907612698197445,0.4092387301802554
0.7625795592888162,0.23742044071118387
0.8340251631282366,0.1659748368717634
0.8308199642863883,0.16918003571361176
0.7994164914705681,0.20058350852943185
0.6012054489612223,0.3987945510387777
0.8801191581968647,0.1198808418031353
0.7914867095149802,0.2085132904850198
0.7744525957506243,0.22554740424937567
0.6204869033417061,0.3795130966582939
0.548269547522068,0.4517304524779319
0.8758288998456711,0.1241711001543288
0.6092419980896744,0.3907580019103255
0.7678113966443597,0.2321886033556403
0.6138137405344438,0.3861862594655561
0.7915661559123098,0.20843384408769006
0.6785812493114017,0.32141875068859826
0.7480367879247616,0.2519632120752384
0.694268112443378,0.30573188755662195
0.5678409578512585,0.4321590421487415
0.6206859219072864,0.37931407809271356
0.6922146847984795,0.3077853152015205
0.6364793246303171,0.3635206753696829
0.705532858573895,0.294467141426105
0.49604421108961105,0.503955788910389
0.7845671906972672,0.21543280930273292
0.8120345777069585,0.18796542229304147
0.7548502273484009,0.24514977265159912
0.515316631097209,0.4846833689027909
0.8104742202640326,0.18952577973596743
0.7138232313640194,0.2861767686359806
0.5724293601707702,0.42757063982922977
0.6858966834602256,0.31410331653977436
0.668629722168866,0.33137027783113404
0.4203187371137754,0.5796812628862247
0.688245986865554,0.311754013134446
0.6596019721987058,0.3403980278012943
0.6343503284373814,0.36564967156261874
0.7183756711670661,0.2816243288329338
0.8461910368126093,0.15380896318739062
0.6696206979966774,0.33037930200332255
0.5652181650517084,0.43478183494829153
0.6602107720573723,0.33978922794262767
0.7454308972889108,0.25456910271108923
0.9023966636805348,0.09760333631946515
0.8548122325248456,0.14518776747515438
0.6093423531470485,0.3906576468529514
0.5467932518472038,0.4532067481527961
0.5884413405757558,0.41155865942424413
0.49478141963481903,0.505218580365181
0.6670975663630169,0.33290243363698313
0.5561435913199567,0.4438564086800432
0.7752068827471156,0.22479311725288445
0.693088523051942,0.306911476948058
0.7885666699494905,0.2114333300505094
0.5304158966420573,0.46958410335794265
0.6310447318645528,0.36895526813544716
0.9298209647445179,0.07017903525548198
0.7119309005569678,0.28806909944303216
0.770205227590799,0.22979477240920093
0.6971244278750187,0.3028755721249813
0.9093551207396048,0.09064487926039524
0.9192055365731087,0.08079446342689134
0.6319518885755827,0.36804811142441723
0.6085453379343165,0.39145466206568347
0.62160015621404,0.37839984378596
0.7332336741233778,0.2667663258766222
0.7044685970764908,0.29553140292350927
0.7582225975928908,0.24177740240710924
0.6367566532105047,0.3632433467894953
0.6290268062177511,0.3709731937822489
0.6915909543923874,0.3084090456076125
0.770370128479823,0.22962987152017703
0.8208552587014997,0.17914474129850036
0.7864499241401604,0.21355007585983962
0.7823956432188077,0.21760435678119233
0.815170389441398,0.18482961055860195
0.7202791680404309,0.2797208319595691
0.4618190943792095,0.5381809056207906
0.859555283997602,0.140444716002398
0.7439067193855669,0.25609328061443315
0.47930409099452687,0.5206959090054731
0.5582902501430874,0.4417097498569126
0.9020233148220064,0.09797668517799359
0.8156881294637853,0.18431187053621464
0.8024012032386546,0.1975987967613455
0.6480500024566792,0.35194999754332074
0.7368358070136064,0.2631641929863936
0.7115023266889245,0.28849767331107545
0.8665260418458196,0.13347395815418034
0.7356149084129149,0.2643850915870851
0.49928688257932663,0.5007131174206734
0.5,0.5
0.7955927380346957,0.20440726196530437
0.5865061948000155,0.4134938051999846
0.7021807632499336,0.29781923675006644
0.5449364210096704,0.45506357899032956
0.6368575461144342,0.36314245388556576
0.6978163742328515,0.30218362576714847
0.8335718993749018,0.16642810062509814
0.6349515505329762,0.36504844946702375
0.5775882337668496,0.42241176623315035
0.82845315422325,0.17154684577674997
0.6895830808417935,0.3104169191582065
0.7631627896001678,0.23683721039983216
0.7992677272526425,0.2007322727473575
0.6791385891249236,0.32086141087507636
0.6451313194432124,0.3548686805567876
0.57040260740167,0.42959739259832996
0.6683345410873917,0.33166545891260835
0.938882688083411,0.06111731191658899
0.6883211171605756,0.3116788828394244
0.7129984301168122,0.28700156988318776
0.5255734565695069,0.4744265434304931
0.6392601794991811,0.3607398205008189
0.6906178003227795,0.3093821996772205
0.6445323140970586,0.3554676859029414
0.8511992897766948,0.14880071022330518
0.6495928046172288,0.3504071953827711
0.5766476752253501,0.42335232477464985
0.8917721636505418,0.1082278363494583
0.6859554258064312,0.31404457419356885
0.405428687968601,0.594571312031399
0.5419770470786542,0.4580229529213458
0.5579841765694507,0.44201582343054935
0.6312882552415927,0.3687117447584073
0.7061987941830502,0.29380120581694985
0.8157901202623359,0.1842098797376641
0.8165706765991476,0.18342932340085247
0.8169978801493489,0.18300211985065096
0.638220003935008,0.36177999606499195
0.8898047794935585,0.11019522050644155
0.7127345029482438,0.2872654970517562
0.6143337827449683,0.3856662172550317
0.6283069951165143,0.3716930048834856
0.6269917178030618,0.37300828219693816
0.7158417233062307,0.28415827669376914
0.7044896785253341,0.29551032147466594
0.6957637085431156,0.3042362914568843
0.5571429367147155,0.44285706328528457
0.5727106906625721,0.4272893093374279
0.5211713922946322,0.47882860770536784
0.7876157170050536,0.21238428299494644
0.7175536107991938,0.2824463892008062
0.941924949791053,0.05807505020894704
0.5804092404375906,0.41959075956240943
0.6380190922806811,0.36198090771931885
0.6788571392013922,0.32114286079860777
0.5,0.5
0.5408298930316836,0.4591701069683164
0.8145882859166571,0.18541171408334287
0.7721953698466504,0.2278046301533496
0.7294152890836332,0.2705847109163668
0.8557367136248967,0.14426328637510327
0.5412146542454124,0.4587853457545876
0.718908902511282,0.28109109748871797
0.6644390076555419,0.33556099234445813
0.6238380100610276,0.3761619899389725
0.7009152655675487,0.29908473443245126
0.7118004164416014,0.2881995835583985
0.7820040889699621,0.21799591103003801
0.7727507759141382,0.22724922408586182
0.8168881752671462,0.18311182473285384
0.7174143071565896,0.28258569284341034
0.7691876070397782,0.23081239296022188
0.5999241379576322,0.4000758620423678
0.5688129717950142,0.4311870282049857
0.8820459963952404,0.11795400360475967
0.6080479549458031,0.39195204505419695
0.5348278021849809,0.465172197815019
0.6900735916856067,0.3099264083143933
0.6443956853843498,0.3556043146156503
0.7945475808602764,0.20545241913972367
0.6947672402727384,0.3052327597272616
0.6160840548127661,0.38391594518723393
0.8135890419918407,0.18641095800815932
0.6479268418799324,0.35207315812006756
0.8062617185576302,0.19373828144236976
0.6317993065800327,0.36820069341996736
0.6143309707739092,0.3856690292260909
0.6600147996233555,0.3399852003766444
0.7198819520054527,0.2801180479945473
0.6584610218227701,0.34153897817722995
0.7517707206711812,0.24822927932881875
0.6495338404927887,0.35046615950721133
0.6084885103769209,0.3915114896230791
0.6600375929797828,0.3399624070202173
0.7994116411191812,0.2005883588808188
0.6588538835224212,0.34114611647757875
0.83343089965785,0.16656910034214994
0.697849333518704,0.30215066648129596
0.7045588639751431,0.29544113602485683
0.5809451926984088,0.41905480730159117
0.5820489177186778,0.4179510822813222
0.8142439473628471,0.18575605263715286
0.8050754411036436,0.19492455889635646
0.6394662919743614,0.3605337080256386
0.4412299005595166,0.5587700994404834
0.60940198160467,0.39059801839533004
0.7509295127394326,0.24907048726056738
0.6932126232164992,0.3067873767835008
0.6099539879278203,0.39004601207217965
0.7621357660483086,0.23786423395169137
0.8660956858013444,0.13390431419865562
0.606263396376811,0.3937366036231889
0.6359425845499153,0.36405741545008474
0.5711483629408394,0.4288516370591607
0.8230465972332458,0.17695340276675428
0.7019658652164738,0.29803413478352625
0.46751856875727976,0.5324814312427202
0.6763306201035746,0.3236693798964254
0.8072943842783791,0.19270561572162104
0.4754410711226883,0.5245589288773117
0.978222898623166,0.021777101376833925
0.7302163696211468,0.26978363037885317
0.6964596596802057,0.3035403403197943
0.6358841316940238,0.3641158683059762
0.7850489154536473,0.2149510845463527
0.7538592643903717,0.24614073560962837
0.9301594389588104,0.06984056104118962
0.6832052880534389,0.316794711946561
0.7272425868231626,0.2727574131768374
0.6154031264473181,0.3845968735526819
0.6329398583691708,0.36706014163082923
0.736655735056316,0.2633442649436841
0.7029257816326532,0.2970742183673468
0.6899195389402581,0.31008046105974185
0.7663454917302404,0.23365450826975961
0.6456556757536865,0.3543443242463134
0.7936987044340543,0.2063012955659457
0.8833637599770143,0.11663624002298564
0.6122532051606328,0.38774679483936725
0.6572920570038543,0.3427079429961457
0.9325456400237339,0.06745435997626607
0.6515305191625663,0.3484694808374337
0.7792362931412873,0.22076370685871277
0.7397545689169749,0.2602454310830252
0.6999667959877526,0.3000332040122474
0.6744695326035597,0.32553046739644037
0.6351692368829679,0.36483076311703216
0.6190406573878798,0.38095934261212017
0.7798754483913949,0.22012455160860514
0.8867002669801417,0.11329973301985836
0.40590169991264474,0.5940983000873552
0.6683507059387284,0.3316492940612715
0.7215503195231575,0.2784496804768425
0.7641983995112775,0.23580160048872248
0.6735606244685771,0.3264393755314229
0.6722615011234587,0.3277384988765413
0.5333218674558957,0.4666781325441043
0.6144059482056805,0.3855940517943195
0.47465036407763683,0.5253496359223632
0.59322811479083,0.40677188520916996
0.8083430813678506,0.19165691863214937
0.7314638364497564,0.26853616355024357
0.7528066155680391,0.24719338443196098
0.816967221870182,0.183032778129818
0.706809195803934,0.293190804196066
0.6765573074832605,0.3234426925167395
0.7521303950655792,0.24786960493442084
0.5890884586733769,0.41091154132662305
0.7142103622520222,0.28578963774797794
0.8184971337683705,0.18150286623162956
0.7066464600149919,0.2933535399850081
0.7779961123601042,0.22200388763989576
0.7814938445498745,0.2185061554501255
0.6357723127359753,0.36422768726402466
0.8389387004952055,0.1610612995047945
0.8389786499743915,0.1610213500256085
0.8272336864016414,0.17276631359835873
0.6955036097296758,0.30449639027032416
0.7052502888393805,0.29474971116061954
0.5581267425306955,0.4418732574693045
0.9373837435853125,0.06261625641468746
0.7777421640119503,0.22225783598804966
0.5100969513402259,0.48990304865977413
0.6914778474604655,0.3085221525395345
0.7465086936688458,0.2534913063311543
0.47890101713345573,0.5210989828665443
0.612214890063025,0.38778510993697507
0.7305866422026446,0.2694133577973555
0.6560844630680897,0.3439155369319103
0.6523143112175619,0.34768568878243805
0.6007533560327621,0.39924664396723797
0.9176523673136252,0.08234763268637474
0.706672920523308,0.293327079476692
0.504475449254602,0.49552455074539803
0.6850379378054667,0.31496206219453315
0.957630987588247,0.042369012411753074
0.8278155712924563,0.17218442870754366
0.6699736122639306,0.33002638773606946
0.7326507287445618,0.2673492712554382
0.7510700446189806,0.24892995538101942
0.8762670653846308,0.12373293461536918
0.7323529517416841,0.2676470482583158
0.5917992532386299,0.40820074676137014
0.6570405569655758,0.34295944303442416
0.5967629915551433,0.40323700844485666
0.8747541138549088,0.12524588614509122
0.6751834753589123,0.3248165246410876
0.5759666404176386,0.42403335958236144
0.6085418047596001,0.39145819524039993
0.7099742082855529,0.29002579171444703
0.7473724352137577,0.2526275647862422
0.710471208520494,0.2895287914795061
0.8387118417493438,0.16128815825065623
0.7090468095121463,0.29095319048785373
0.7345178770249683,0.2654821229750317
0.7029555110731586,0.29704448892684143
0.7302469228930741,0.2697530771069259
0.6221620667907293,0.3778379332092707
0.964916384917255,0.03508361508274503
0.5982504744672452,0.40174952553275484
0.4564430598865483,0.5435569401134517
0.7483689040731195,0.2516310959268805
0.8287051624253684,0.1712948375746316
0.6048461049795151,0.3951538950204849
0.6899717540394004,0.31002824596059964
0.8075925185515471,0.19240748144845282
0.4731108522533356,0.5268891477466644
0.5690687642650372,0.4309312357349628
0.6691815267738759,0.3308184732261241
0.6530600931228095,0.34693990687719045
0.5477015149628423,0.4522984850371577
0.6135697036014301,0.38643029639856985
0.7524084598721298,0.2475915401278702
0.6617402655057114,0.3382597344942886
0.8149051745044731,0.18509482549552686
0.8068075193456516,0.1931924806543485
0.8604929119936456,0.13950708800635436
0.8262191307536672,0.17378086924633285
0.7937898184510573,0.2062101815489427
0.6827612951677833,0.3172387048322168
0.818666395434112,0.18133360456588798
0.7601329980238903,0.23986700197610972
0.482336662709713,0.517663337290287
0.7954056807003183,0.2045943192996819
0.7693918221378565,0.23060817786214347
0.6462299452319471,0.3537700547680529
0.6239038668700486,0.37609613312995144
0.7557004931638013,0.2442995068361987
0.6399147561409886,0.3600852438590114
0.9402597097215399,0.059740290278460007
0.6637408696474245,0.3362591303525755
0.5428564196768315,0.4571435803231685
0.8768758481510099,0.12312415184899005
0.732647892241059,0.267352107758941
0.6319406681374765,0.36805933186252354
0.6936933646877398,0.30630663531226016
0.6565136449470497,0.34348635505295033
0.6292018578548632,0.3707981421451368
0.7459906570788828,0.25400934292111715
0.5810939762427522,0.41890602375724784
0.7999908176015613,0.20000918239843873
0.4680589661002159,0.5319410338997841
0.9701675693438554,0.029832430656144535
0.9021288019111322,0.09787119808886773
0.6957938314054248,0.30420616859457517
0.749393826006751,0.250606173993249
0.7397101305907459,0.2602898694092542
0.7798001176238702,0.22019988237612978
0.7996638042368547,0.2003361957631453
0.5647321907047025,0.4352678092952975
0.7848405674423583,0.21515943255764164
0.534809199309073,0.465190800690927
0.6908410191042018,0.3091589808957982
0.7939018184647774,0.2060981815352227
0.408978605452074,0.591021394547926
0.7545032448563858,0.24549675514361427
0.8141630734054677,0.18583692659453235
0.8037809392679061,0.19621906073209386
0.8142105579894279,0.18578944201057207
0.6355733186631763,0.36442668133682377
0.7265002514287924,0.2734997485712076
0.5951558076667224,0.4048441923332776
0.7407732788133647,0.2592267211866353
0.6729232455793674,0.32707675442063255
0.6878073831310219,0.3121926168689782
0.7985495540804571,0.2014504459195429
0.7779134442839806,0.2220865557160194
0.6597532020651222,0.3402467979348778
0.7353699645376889,0.2646300354623111
0.7861051070042187,0.21389489299578138
0.6850519627573647,0.31494803724263526
0.9565962955728559,0.043403704427144106
1.0,5.551115123125783e-17
0.7852651947513694,0.2147348052486306
0.445930242624252,0.5540697573757479
0.7726526654330053,0.2273473345669948
0.6044695207066637,0.39553047929333635
0.5146389702683472,0.48536102973165285
0.6752963409999878,0.32470365900001213
0.7867972122138007,0.21320278778619925
0.752031383391775,0.247968616608225
0.7653011465527678,0.23469885344723218
0.8962068886991447,0.10379311130085528
0.7981850012170467,0.20181499878295334
0.5133899822831154,0.4866100177168846
0.8447838471525213,0.15521615284747858
0.6647779158726314,0.3352220841273686
0.691259867378687,0.3087401326213129
0.6953937642028278,0.3046062357971721
0.8322391700321741,0.16776082996782596
0.6402830782226444,0.3597169217773556
0.6224865867620429,0.37751341323795695
0.7117208038967481,0.2882791961032519
0.5552833918202316,0.44471660817976844
0.5756605381420863,0.42433946185791366
0.7974792911870804,0.2025207088129196
0.9059107439420656,0.09408925605793432
0.9116138469156736,0.08838615308432636
0.7122426419570353,0.2877573580429647
0.6797155057567609,0.32028449424323907
0.6829608593155982,0.31703914068440175
0.8594421670186659,0.14055783298133417
0.6456917567134751,0.3543082432865249
0.72206062137462,0.27793937862538
0.5998683569091706,0.40013164309082944
0.7843567707969343,0.2156432292030656
0.7920502091082988,0.2079497908917012
0.7167124487338393,0.2832875512661607
0.8543823859206677,0.14561761407933227
0.9331958244585883,0.06680417554141166
0.6462505126639823,0.3537494873360177
0.5837720734252725,0.4162279265747275
0.7085512758345472,0.29144872416545275
0.721326750123363,0.27867324987663694
0.4677656746561993,0.5322343253438008
0.7050540001364133,0.2949459998635867
0.6034794742619901,0.3965205257380099
0.6013967805837839,0.3986032194162162
0.6972805313496093,0.3027194686503907
0.5782772674495076,0.4217227325504923
0.5,0.5
0.8978577331628691,0.1021422668371309
0.7926444633957804,0.2073555366042196
0.7268104639384482,0.27318953606155183
0.5914979560558469,0.4085020439441531
0.7708146741079169,0.22918532589208307
0.6365094323830401,0.3634905676169598
0.6156657090124124,0.38433429098758765
0.5658106282353401,0.4341893717646598
0.7598652463354821,0.24013475366451784
0.8902864372019349,0.10971356279806513
0.7950246547928402,0.2049753452071598
0.6533027681610966,0.3466972318389034
0.7876063579837103,0.21239364201628985
0.5665269397376657,0.4334730602623344
0.6828735374537085,0.3171264625462915
0.610153371886256,0.389846628113744
0.6672860719181498,0.3327139280818502
0.6934855559692316,0.3065144440307685
0.856723584582383,0.14327641541761707
0.6552290087870318,0.3447709912129683
0.5968396549442684,0.4031603450557316
0.8973086788312216,0.10269132116877848
0.8777049744581794,0.12229502554182056
0.6485507495368111,0.35144925046318876
0.7787306137671284,0.22126938623287162
0.5168655514717102,0.4831344485282898
0.5214994988763447,0.4785005011236553
0.8134138436456254,0.1865861563543746
0.8106167987426736,0.1893832012573265
0.6512031236286473,0.3487968763713526
0.9599408489940612,0.040059151005938855
0.7458648132945569,0.254135186705443
0.6497043965374868,0.3502956034625132
0.8595409996966837,0.14045900030331637
0.6584779703777409,0.3415220296222591
0.7258496216213459,0.2741503783786541
0.5723731901932251,0.427626809806775
0.6203464065395524,0.3796535934604476
0.7261524095427472,0.2738475904572529
0.696515552699566,0.303484447300434
0.7712476670387602,0.22875233296123976
0.6286045557166534,0.3713954442833466
0.7733124521581669,0.22668754784183315
0.5581643773969184,0.4418356226030816
0.6841136759727374,0.3158863240272625
0.4826676606249432,0.5173323393750568
0.6920918641592907,0.3079081358407093
0.8162839134561268,0.18371608654387317
0.8575501544768565,0.14244984552314346
0.5672095427480972,0.43279045725190274
0.771314572810581,0.228685427189419
0.6472198226230418,0.35278017737695816
0.5,0.5
0.5826921439278736,0.41730785607212645
0.6310791137135735,0.36892088628642655
0.8273002897517228,0.1726997102482772
0.6259650290618463,0.37403497093815374
0.5306902833457628,0.4693097166542371
0.7238702107794007,0.2761297892205993
0.5546410991937998,0.4453589008062003
0.7746660536837687,0.22533394631623122
0.733815358336401,0.266184641663599
0.537362012905477,0.4626379870945229
0.6884479144805884,0.3115520855194116
0.7694571159439284,0.23054288405607154
0.6960665344387834,0.30393346556121664
0.588018800066985,0.41198119993301496
0.7090784570922346,0.2909215429077654
0.7265159911946928,0.2734840088053072
0.7352016709096437,0.26479832909035617
0.6646174487433858,0.3353825512566142
0.6566373509279856,0.3433626490720144
0.44076018785873433,0.5592398121412657
0.2938150516129003,0.7061849483870997
0.9111522479531007,0.08884775204689929
0.7136225445953824,0.2863774554046176
0.66719451905987,0.33280548094012996
0.7677314495238764,0.23226855047612358
0.6635705103965941,0.33642948960340585
0.6694123155184736,0.3305876844815264
0.5350586997746154,0.4649413002253846
0.8696914787276063,0.13030852127239362
0.948173615850392,0.05182638414960811
0.48410154708719466,0.5158984529128053
0.7092504109701501,0.29074958902984993
0.8433339533095284,0.15666604669047152
0.7697761152558651,0.23022388474413494
0.7524565487616661,0.24754345123833382
0.8356644959858429,0.16433550401415703
0.6656639441864922,0.3343360558135077
0.761759035696988,0.23824096430301195
0.5793222650824585,0.42067773491754146
0.679443918440545,0.32055608155945503
0.6728662332900789,0.32713376670992117
0.7840039447680315,0.21599605523196858
0.7495634032163091,0.25043659678369085
0.5355365350842476,0.4644634649157524
0.5573749320455086,0.4426250679544914
0.7078215500990427,0.2921784499009573
0.7133014914147544,0.2866985085852456
0.7394812379467479,0.26051876205325214
0.6760397533510102,0.32396024664898976
0.6523984898986205,0.3476015101013794
0.5918447807998306,0.4081552192001694
0.6863205459931575,0.3136794540068425
0.7418054643854622,0.2581945356145378
0.6420897363393056,0.3579102636606945
0.6854795873201232,0.3145204126798769
0.7776433747764205,0.22235662522357952
0.4546290626680359,0.5453709373319642
0.5877653188893929,0.4122346811106072
0.7959045394888774,0.2040954605111226
0.7843212551921117,0.21567874480788826
0.7174316437467513,0.2825683562532488
0.7192944843791778,0.28070551562082224
0.708307662301899,0.291692337698101
0.7116480611745987,0.28835193882540133
0.7202333515264959,0.279766648473504
0.5788972964091008,0.4211027035908992
0.6455763265700837,0.3544236734299163
0.8800578800359155,0.11994211996408456
0.6858834339583264,0.31411656604167354
0.7881012830513021,0.21189871694869783
0.5156314873228286,0.4843685126771714
0.5509309636278279,0.4490690363721721
0.7895034690309104,0.21049653096908957
0.5103463456124969,0.4896536543875031
0.6758867611184259,0.32411323888157406
0.7937317240283873,0.20626827597161268
0.6758181706063402,0.3241818293936598
0.7392560825424209,0.260743917457579
0.5917477793836526,0.40825222061634736
0.8176867415646024,0.18231325843539764
0.6774303217783362,0.3225696782216639
0.5878735379484215,0.41212646205157855
0.5405990937655829,0.4594009062344171
0.5836756812466664,0.4163243187533336
0.7871204007505492,0.21287959924945082
0.8050568103955061,0.1949431896044938
0.6833775492414687,0.31662245075853146
0.44377200675269657,0.5562279932473034
0.8536664480894903,0.14633355191050973
0.7920048609267943,0.2079951390732056
0.7626564927486461,0.23734350725135392
0.6492771464330203,0.35072285356697974
0.8445066715319773,0.15549332846802266
0.8297348543017962,0.17026514569820383
0.622140514935212,0.37785948506478795
0.7279219660210667,0.2720780339789332
0.5,0.5
0.7439813008313597,0.2560186991686403
0.7853452261232808,0.21465477387671925
0.6029374500866458,0.3970625499133542
0.7612474704853113,0.2387525295146888
0.7659172561634426,0.23408274383655742
0.8217931239217824,0.1782068760782176
0.8143796572800894,0.1856203427199105
0.8449804500002978,0.15501954999970222
0.7088397509976665,0.2911602490023335
0.7696135209767344,0.23038647902326567
0.6242707998181555,0.3757292001818445
0.9035693923275588,0.09643060767244127
0.5465532789201019,0.45344672107989814
0.86668479626179,0.13331520373821013
0.8347927682864431,0.16520723171355686
0.9311623890470826,0.0688376109529174
0.855376867882619,0.14462313211738093
0.7986829571861987,0.2013170428138013
0.6509738034807465,0.3490261965192535
0.8843919453777245,0.11560805462227554
0.6092480928280922,0.3907519071719077
0.7095494259729636,0.2904505740270365
0.6332074412475692,0.3667925587524307
0.8403745397923181,0.1596254602076818
0.7206012086596449,0.27939879134035506
0.7479366896669626,0.2520633103330374
0.8000529651319456,0.19994703486805432
0.6911851424686539,0.3088148575313461
0.7255913350616844,0.27440866493831567
0.5080719032498769,0.4919280967501231
0.8536031313598206,0.14639686864017945
0.7434317546868507,0.25656824531314926
0.5252573025069114,0.4747426974930886
0.9587568448407314,0.04124315515926854
0.6925696501962356,0.3074303498037644
0.6230749234479573,0.37692507655204266
0.40948736827056426,0.5905126317294357
0.7067181819002588,0.2932818180997412
0.6138086479550251,0.38619135204497496
0.7177490064983502,0.28225099350164984
0.736437568098881,0.263562431901119
0.5808949876348337,0.41910501236516623
0.8325910313604064,0.1674089686395937
0.8830924587257181,0.11690754127428189
0.7233998443605179,0.2766001556394822
0.47894372274292435,0.5210562772570757
0.9517979190103437,0.048202080989656344
0.5495853545187277,0.4504146454812723
0.5536700750172237,0.4463299249827763
0.6650629738456345,0.33493702615436544
0.714821729669269,0.28517827033073095
0.7120835523842935,0.2879164476157065
0.7372843768041284,0.26271562319587166
0.6111600544776358,0.3888399455223642
0.4875572664306113,0.5124427335693887
0.6272291066561159,0.3727708933438842
0.5319100403278718,0.4680899596721282
0.6239013023799984,0.37609869762000164
0.7815797831375899,0.21842021686241003
0.7133901774571626,0.28660982254283734
0.6503062730292368,0.34969372697076323
0.8171486292688371,0.18285137073116284
0.7874708686713147,0.2125291313286853
0.5299067491368081,0.47009325086319187
0.7627830611864884,0.2372169388135115
0.8010548662727566,0.19894513372724337
0.6617922778914214,0.33820772210857863
0.888408605182424,0.11159139481757602
0.7514665435634998,0.24853345643650016
0.5265566689500732,0.47344333104992675
0.6063458684995794,0.39365413150042056
0.8767857088852158,0.12321429111478421
0.783767868925658,0.21623213107434203
0.8069796363005997,0.19302036369940026
0.6448026340313103,0.35519736596868967
0.7842708302004612,0.21572916979953882
0.8240700089032725,0.17592999109672747
0.8415478305618979,0.1584521694381022
0.9718435402544627,0.028156459745537238
0.9856639904540515,0.014336009545948531
0.7317502106288066,0.2682497893711934
0.689066860780501,0.31093313921949906
0.7860253968498917,0.21397460315010827
0.8249657711249495,0.17503422887505043
0.641182581647712,0.358817418352288
0.6643998961737966,0.3356001038262035
0.6028116859145878,0.3971883140854122
0.5715860088751588,0.42841399112484124
0.5917988568544389,0.40820114314556116
0.4940356984734535,0.5059643015265465
0.6614294364034976,0.33857056359650245
0.4950297027826309,0.5049702972173691
0.6380520320088909,0.361947967991109
0.750900682004211,0.24909931799578894
0.7464715953837483,0.25352840461625165
0.6550530323008698,0.3449469676991302
0.6750703912377586,0.32492960876224136
0.6605884692339845,0.3394115307660155
0.6642730291112418,0.33572697088875825
0.6933318751146706,0.30666812488532935
0.7340196709048292,0.2659803290951708
0.6184175526843376,0.3815824473156624
0.6827254919917191,0.3172745080082809
0.721097448932459,0.278902551067541
0.8067003862894899,0.19329961371051008
0.5496421308615297,0.4503578691384703
0.6729501185232082,0.32704988147679176
0.8644597378173451,0.1355402621826549
0.6464237425617836,0.3535762574382164
0.7444507041601137,0.25554929583988634
0.8545677782346761,0.14543222176532383
0.7680617526474768,0.2319382473525232
0.7661283910679619,0.23387160893203807
0.6807159869958288,0.3192840130041712
0.5832264186510892,0.41677358134891085
0.9195346734894696,0.08046532651053044
0.7164496449188605,0.2835503550811395
0.7554085927613858,0.24459140723861417
0.955687461152605,0.044312538847395055
0.8118137507526532,0.18818624924734684
0.7204585258418501,0.2795414741581499
0.757686450790989,0.2423135492090111
0.7350791427167547,0.2649208572832452
0.6989135080818946,0.3010864919181054
0.7982980475538725,0.2017019524461275
0.7930971090313207,0.20690289096867936
0.6240084814385393,0.37599151856146074
0.6809319190044935,0.3190680809955066
0.7675356603413611,0.23246433965863889
0.7000912270575418,0.2999087729424582
0.7871252922271443,0.21287470777285558
0.5692294630822485,0.4307705369177515
0.6649744199996278,0.33502558000037225
0.5170775086155108,0.4829224913844891
0.6321978812974148,0.36780211870258517
1.0,0.0
0.6834131745900205,0.31658682540997946
0.6756593823598429,0.32434061764015715
0.7717383199471106,0.2282616800528894
0.7508446907075634,0.24915530929243654
0.5158210930286637,0.48417890697133625
0.6124635120392817,0.38753648796071827
0.664278380220463,0.33572161977953685
0.684746593588222,0.31525340641177807
0.6145124195035466,0.38548758049645343
0.7732191701742236,0.2267808298257764
0.6822582799975633,0.3177417200024368
0.6679145436869453,0.33208545631305475
0.7112120906531091,0.2887879093468909
0.5155279325790725,0.48447206742092747
0.6518379786332261,0.34816202136677393
0.5856964398985062,0.41430356010149383
0.7072429276292086,0.29275707237079146
0.6857694126989957,0.31423058730100434
0.5236838982971205,0.47631610170287947
1.0,0.0
0.64124575218308,0.35875424781692
0.5609575515450161,0.43904244845498386
0.620473060392771,0.379526939607229
0.5942478575268391,0.40575214247316094
0.751813802904998,0.24818619709500203
0.7700291793701508,0.2299708206298492
0.6598779275931231,0.3401220724068768
0.8409395693225713,0.15906043067742873
0.605434108581846,0.39456589141815396
0.8143066221166397,0.18569337788336032
0.740924209699231,0.2590757903007689
0.639922908200411,0.360077091799589
0.7042462598175766,0.2957537401824234
0.6430398679686675,0.3569601320313325
0.7005746441464378,0.2994253558535622
0.7055165259938238,0.29448347400617625
0.8602946151340674,0.1397053848659326
0.7456013802273788,0.2543986197726213
0.5,0.5
0.6498099201142123,0.3501900798857877
0.742085498788413,0.25791450121158704
0.6587374995662959,0.34126250043370404
0.5901197306398145,0.4098802693601854
0.6197564101689607,0.38024358983103934
0.7032637243122467,0.2967362756877533
0.9435465603796125,0.056453439620387506
0.7102017873022951,0.28979821269770484
0.3923758283800246,0.6076241716199755
0.6325192480555312,0.36748075194446883
0.7450914051639629,0.2549085948360372
0.7604358684791133,0.23956413152088674
0.5884958431124688,0.41150415688753117
0.891105569837046,0.10889443016295397
0.8452609010564628,0.1547390989435372
0.6094043330020558,0.39059566699794424
0.7406738867692768,0.25932611323072324
0.5541016091091544,0.44589839089084565
0.6786802010528867,0.32131979894711327
0.6227853904513795,0.37721460954862046
0.7348316313364787,0.26516836866352134
0.6030295310595515,0.3969704689404485
0.8609629474116244,0.13903705258837556
0.6843992734408069,0.31560072655919313
0.6302100485200272,0.3697899514799729
0.7625068796157437,0.23749312038425627
0.7289565211411762,0.27104347885882385
0.6444611721000821,0.3555388278999178
0.7596420027177059,0.24035799728229412
0.8106316880297666,0.18936831197023335
0.7350339813367173,0.2649660186632827
0.8655819044376082,0.13441809556239173
0.7900074258264117,0.2099925741735883
0.846295689109036,0.15370431089096404
0.6139058060864924,0.38609419391350763
0.6103714878199684,0.3896285121800315
0.7142511963082374,0.2857488036917626
0.6304520059486995,0.36954799405130045
0.6868292876618962,0.31317071233810384
0.7876619389009117,0.21233806109908837
0.5520928301645041,0.447907169835496
0.612617537659139,0.38738246234086104
0.8985168179710674,0.10148318202893249
0.6474118794837271,0.3525881205162728
0.5844324888401131,0.4155675111598869
0.7334432702007886,0.2665567297992114
0.8298258506210497,0.17017414937895034
0.6981397668122886,0.3018602331877114
0.9251815703350126,0.07481842966498747
0.5429727768994972,0.45702722310050276
0.8104904393745678,0.1895095606254322
0.5719423056407995,0.4280576943592005
0.6377474017229986,0.36225259827700146
0.6949312557328375,0.30506874426716246
0.6932650681728973,0.30673493182710265
0.6609901720336128,0.3390098279663872
0.5705304212888428,0.42946957871115715
0.576889728110662,0.42311027188933803
0.7146095325294344,0.2853904674705656
0.6324882534910903,0.36751174650890966
0.552144784820446,0.447855215179554
0.9153337353552677,0.08466626464473226
0.9338630569252026,0.06613694307479749
0.7184160237371612,0.28158397626283893
0.5898834114702772,0.4101165885297227
0.8071686156720747,0.19283138432792532
0.6938286757331745,0.30617132426682553
0.5755243970401327,0.4244756029598673
0.7443527126262971,0.25564728737370285
0.6795828362107629,0.3204171637892371
0.9069597120628063,0.0930402879371937
0.6346626219017973,0.36533737809820266
0.803891064276049,0.19610893572395108
0.6684446911770274,0.3315553088229725
0.587932453932022,0.412067546067978
0.7261379716999445,0.2738620283000554
0.7150102637401604,0.2849897362598396
0.7278778099423152,0.27212219005768473
0.7353679808001342,0.2646320191998658
0.5523132075798334,0.4476867924201666
0.727269580125822,0.27273041987417795
0.7701533841965144,0.22984661580348567
0.5646732395017191,0.43532676049828084
0.5292209376772649,0.4707790623227351
0.6867389994084985,0.3132610005915016
0.8211027035307993,0.17889729646920077
0.8954339685198554,0.10456603148014462
0.6791130714359563,0.3208869285640437
0.6393994130545946,0.3606005869454054
0.9316665052140357,0.06833349478596427
0.5971097960796029,0.40289020392039704
0.8489353595336707,0.1510646404663292
0.6674824722370377,0.3325175277629623
0.787144624729359,0.21285537527064102
0.7691838746225453,0.2308161253774546
0.6544700465392717,0.34552995346072835
0.7549292734022427,0.24507072659775728
0.7684459751047057,0.23155402489529434
0.5,0.5
0.809825898885407,0.1901741011145929
0.56772097024231,0.43227902975768995
0.679949182086788,0.320050817913212
0.8762236968174278,0.12377630318257224
0.6569076304438067,0.3430923695561932
0.8057771589663139,0.19422284103368617
0.6289528229563409,0.37104717704365914
0.7463887728194732,0.25361122718052675
0.6345733534970438,0.36542664650295625
0.6090003612746264,0.39099963872537347
0.5065728823248308,0.49342711767516917
0.5611313042939619,0.4388686957060381
0.5893762996887779,0.4106237003112221
0.6973309712799561,0.3026690287200439
0.5987615482554864,0.4012384517445135
0.7031568228787645,0.2968431771212355
0.7719959440727335,0.22800405592726647
0.9251705874877323,0.07482941251226782
0.8676699913031757,0.13233000869682426
0.6475090197693867,0.3524909802306133
0.6753486532570896,0.3246513467429104
0.8561467317749434,0.14385326822505665
0.593943118873896,0.406056881126104
0.4785443373999723,0.5214556626000277
0.7645951163949793,0.23540488360502065
0.607848173889165,0.39215182611083504
0.593481490974911,0.406518509025089
0.6658204149307646,0.3341795850692354
0.7660527678021102,0.23394723219788988
0.7362838334990245,0.2637161665009755
0.6695675670064944,0.33043243299350555
0.7004678332656318,0.29953216673436817
0.38816695250319433,0.6118330474968056
0.816249185839993,0.183750814160007
0.7035394351416973,0.2964605648583027
0.7670574659701794,0.23294253402982054
0.7849445596272486,0.21505544037275137
0.7083567876459471,0.29164321235405294
0.565224647495355,0.43477535250464505
0.701290192512725,0.29870980748727494
0.6053164248206468,0.39468357517935304
0.774002331245629,0.22599766875437094
0.8438031644510022,0.1561968355489978
0.8776869681675463,0.12231303183245368
0.8569636553698601,0.1430363446301399
0.8401418156205901,0.15985818437940996
0.6806367576755775,0.3193632423244225
0.7617754712401179,0.23822452875988212
0.5720310916041523,0.4279689083958476
0.7318081929114247,0.26819180708857526
0.6606086533621334,0.33939134663786663
0.7282657431963433,0.2717342568036567
0.8213663450018175,0.17863365499818246
0.7096302261608749,0.2903697738391251
0.7126350146427117,0.28736498535728827
0.7992054085744263,0.20079459142557365
0.7166207604888022,0.28337923951119776
0.8661526374107362,0.13384736258926375
0.6232951446828447,0.37670485531715525
0.6825119973857064,0.31748800261429355
0.7238064835493989,0.27619351645060114
0.6209765042537465,0.3790234957462535
0.6490536501252417,0.35094634987475826
0.6566025503701194,0.3433974496298806
0.5843440667568917,0.4156559332431084
0.6951129609525055,0.30488703904749453
0.6935639031863784,0.30643609681362155
0.7869110806860921,0.213088919313908
0.8723013733540492,0.1276986266459508
0.7299100371521517,0.2700899628478483
0.5453072392147811,0.45469276078521886
0.9490016020315015,0.05099839796849849
0.579793710545597,0.42020628945440297
0.6104232898830202,0.3895767101169798
0.6161233043469796,0.3838766956530204
0.7392137483737125,0.26078625162628755
0.753760741089627,0.24623925891037302
0.6817704361123498,0.31822956388765017
0.5107852250259733,0.4892147749740267
0.6308883275409828,0.36911167245901716
1.0,2.7755575615628914e-17
0.6637849259598784,0.3362150740401216
0.8595490777525554,0.14045092224744452
0.6472512048598554,0.3527487951401445
0.5510680656987006,0.44893193430129946
0.7956529112912875,0.20434708870871252
0.672248534857138,0.32775146514286196
0.6820625032627599,0.3179374967372402
0.7826053019068232,0.21739469809317669
0.7547350742152726,0.2452649257847273
0.7494611439519872,0.2505388560480128
0.583528905317946,0.41647109468205395
0.6254800927131619,0.3745199072868382
0.7117273867737978,0.28827261322620223
0.6498611735349241,0.35013882646507594
0.5542058801231656,0.44579411987683437
0.6791101509513198,0.3208898490486803
0.5497981574129285,0.4502018425870716
0.6185680188638025,0.38143198113619753
0.9348248958228008,0.0651751041771992
0.8062181513643111,0.19378184863568892
0.806401281042521,0.1935987189574791
0.6298579247785328,0.37014207522146725
0.6279212252797143,0.3720787747202857
0.8297708550682263,0.17022914493177363
0.6594444488900706,0.3405555511099294
0.6579360221856365,0.34206397781436343
0.6174969366263636,0.38250306337363643
0.6331368402352967,0.3668631597647033
0.6660459999807555,0.3339540000192444
0.656519894527842,0.34348010547215796
0.5609723155292843,0.43902768447071566
0.7280059663439751,0.271994033656025
0.8557290546158173,0.14427094538418267
0.7320133452252237,0.26798665477477635
0.5655841208368861,0.4344158791631139
0.7718130486988722,0.2281869513011278
0.792094628256173,0.207905371743827
0.5336427129533423,0.4663572870466577
0.7229798841824293,0.2770201158175707
0.6170866980683126,0.3829133019316874
0.6474402786347795,0.3525597213652205
0.8877559325659502,0.11224406743404992
0.8317717288989805,0.16822827110101943
0.6167716408037199,0.38322835919628007
0.737381015869212,0.2626189841307881
0.756753143404121,0.24324685659587894
0.5878433655029196,0.4121566344970804
0.7315715780997922,0.2684284219002077
0.5939050167176269,0.40609498328237315
0.7051521552153995,0.29484784478460047
0.707437802090633,0.292562197909367
0.7770923325973157,0.2229076674026843
0.6585029509869971,0.341497049013003
0.6935576070013014,0.30644239299869863
0.626642268548056,0.3733577314519439
0.48165894328569037,0.5183410567143096
0.7958176528373315,0.20418234716266848
0.6968570924537035,0.30314290754629647
0.5983075306664281,0.4016924693335719
0.7339161920609896,0.2660838079390104
0.8536740507445231,0.14632594925547687
0.6642272724903806,0.33577272750961945
0.6230115778224159,0.37698842217758405
0.6328751942168943,0.3671248057831057
0.9509150195863152,0.049084980413684816
0.5508401806271772,0.4491598193728228
0.7142463419026701,0.28575365809732983
0.7942874912229799,0.2057125087770201
0.6961927079143722,0.3038072920856278
0.5077424702183602,0.49225752978163984
0.7637949599724704,0.23620504002752965
0.6381748831252395,0.3618251168747606
0.7702420076702389,0.22975799232976118
0.6824586742568032,0.3175413257431969
0.7643202258929637,0.2356797741070363
0.585997596508202,0.4140024034917979
0.7396084315730674,0.26039156842693256
0.6614392158148453,0.3385607841851547
0.7379933083671587,0.26200669163284124
0.6386682240116192,0.36133177598838084
0.6699424087863013,0.33005759121369865
0.6759708723850004,0.3240291276149996
0.5621175962162206,0.43788240378377935
0.7247937388116978,0.27520626118830205
0.6512101232409104,0.3487898767590895
0.6717310042756728,0.3282689957243273
0.7000022332753376,0.2999977667246624
0.6058399216788288,0.39416007832117106
0.8221868497048733,0.17781315029512662
0.7599068016164312,0.2400931983835689
0.6982602668746036,0.3017397331253964
0.6689247520219508,0.33107524797804927
0.6445094298137127,0.3554905701862872
0.5,0.5
0.6156283514535664,0.38437164854643346
0.5069876848302494,0.4930123151697506
0.6482163267528512,0.35178367324714876
0.5919189018684448,0.4080810981315552
0.7580250650443895,0.24197493495561043
0.6696939497803243,0.3303060502196758
0.5178637405473288,0.4821362594526712
0.6733246755884347,0.3266753244115653
0.8942571438849722,0.10574285611502775
0.624120051288605,0.37587994871139496
0.8789106258297242,0.12108937417027571
0.7047149817099647,0.2952850182900353
0.637071933627792,0.3629280663722079
0.7394360132454395,0.2605639867545605
0.6389576912737183,0.36104230872628174
0.7325855428524284,0.2674144571475716
0.6024012593436039,0.39759874065639617
0.5959331090626109,0.4040668909373891
0.8018709079721033,0.19812909202789675
0.5563398139881404,0.4436601860118597
0.6722801129480702,0.3277198870519298
0.5,0.5
0.5221988066014279,0.4778011933985721
0.6421564179848946,0.3578435820151053
0.6953108096027937,0.3046891903972062
0.5694366813488498,0.4305633186511501
0.7224128965387917,0.27758710346120824
0.9985014308145582,0.001498569185441839
0.7544247993640845,0.24557520063591554
0.6343385163727326,0.36566148362726736
0.6773660142179098,0.3226339857820902
0.7917208232248237,0.20827917677517627
0.7175530364011841,0.2824469635988159
0.6024217667744304,0.3975782332255697
0.6896558815341066,0.31034411846589344
0.6942772174885325,0.30572278251146745
0.5243094869006512,0.47569051309934884
0.8242252930535641,0.1757747069464359
0.6370067538754808,0.36299324612451933
0.7080081556971141,0.29199184430288594
0.699754819989004,0.3002451800109961
0.5100559584115869,0.48994404158841315
0.5812231736145976,0.4187768263854023
0.694321899691449,0.30567810030855097
0.8064944503297995,0.19350554967020045
0.7633190909417624,0.23668090905823758
0.5204761278632254,0.4795238721367746
0.6863090239019094,0.31369097609809066
0.7528875182857481,0.24711248171425193
0.6203932601966434,0.37960673980335663
0.7740438455973132,0.2259561544026868
0.7615659478781471,0.23843405212185292
0.6549934521814212,0.34500654781857876
0.7505665412264251,0.24943345877357487
0.6383801043340575,0.36161989566594255
0.9309781881848398,0.06902181181516023
0.6911849703390183,0.3088150296609818
0.8259631339404581,0.17403686605954183
0.5337423526601626,0.46625764733983743
0.6680106226043847,0.33198937739561535
0.8022079372013879,0.19779206279861197
0.5813831930812897,0.4186168069187103
0.45798439277139363,0.5420156072286064
0.9259092874621374,0.07409071253786255
0.6057584419926109,0.39424155800738914
0.6755559298278249,0.3244440701721752
0.6516048237621195,0.3483951762378805
0.8222444968673454,0.17775550313265473
0.7685227124713264,0.23147728752867358
0.7294855339021237,0.2705144660978763
0.7124879007142915,0.28751209928570853
0.5993226522788229,0.4006773477211771
0.6704977694781484,0.3295022305218515
0.7225238821644462,0.27747611783555376
0.45114731890302623,0.5488526810969738
0.7660465897244183,0.2339534102755817
0.6287308535636962,0.3712691464363038
0.7083592043046063,0.2916407956953937
0.6970565662868065,0.3029434337131935
0.6460961087624654,0.35390389123753463
0.7552946661489668,0.24470533385103313
0.7092834779343843,0.29071652206561577
0.8195083828429006,0.1804916171570993
0.7447395117362934,0.2552604882637066
0.6139631347635759,0.386036865236424
0.5036358957756047,0.49636410422439525
0.5622800679456889,0.43771993205431114
0.7219348145106387,0.2780651854893613
0.7889226529039236,0.21107734709607628
0.6831115176121982,0.3168884823878018
0.9086410166352931,0.09135898336470703
0.918415193452882,0.08158480654711808
0.5482266815713016,0.4517733184286984
0.7089705052535393,0.29102949474646056
0.45913024991750717,0.5408697500824928
0.6339592289822626,0.36604077101773735
0.87301969116708,0.12698030883292002
0.7112264649833204,0.28877353501667963
0.5551490206697235,0.4448509793302765
0.4939061179757118,0.5060938820242882
0.7381875747093737,0.2618124252906263
0.9590457729849096,0.04095422701509048
0.8734294581827269,0.12657054181727323
0.7345102965964997,0.26548970340350037
0.6687855573045595,0.3312144426954405
0.684297063227106,0.31570293677289396
0.6648289757868817,0.33517102421311834
0.6215993510154171,0.378400648984583
0.5793245198136877,0.4206754801863124
0.7331449903876939,0.2668550096123061
0.7716526911487097,0.2283473088512902
0.7598453835040134,0.24015461649598654
0.4950011894106865,0.5049988105893135
0.6068379824925464,0.3931620175074536
0.6449626010934497,0.35503739890655023
0.8221101755906882,0.17788982440931178
0.6633936181190713,0.3366063818809287
0.5487742855515911,0.45122571444840887
0.609415566727404,0.39058443327259595
0.5,0.5
0.8322125883532782,0.16778741164672187
0.7324587894343323,0.26754121056566776
0.4923798441886902,0.5076201558113098
0.555766798555851,0.444233201444149
0.6744027286441088,0.3255972713558913
0.7345278553624629,0.26547214463753704
0.6764105343432119,0.32358946565678814
0.9096499006154279,0.09035009938457213
0.8816738300119477,0.11832616998805227
0.5130008412446884,0.48699915875531163
0.5924409368354854,0.40755906316451457
0.8374396422548092,0.1625603577451908
0.7683340670414841,0.23166593295851587
0.5249686140322873,0.4750313859677127
0.7520258027593459,0.247974197240654
0.6384317286784862,0.36156827132151376
0.7809480268279391,0.21905197317206096
0.6579333284171884,0.3420666715828116
0.599124516282261,0.40087548371773896
0.6227983425331309,0.377201657466869
0.6841298579986482,0.3158701420013517
0.5116346328007693,0.4883653671992307
0.6198678225963273,0.38013217740367267
0.862349405205941,0.13765059479405894
0.8172751557297554,0.18272484427024457
0.8225862227343967,0.17741377726560326
0.5515924064637208,0.44840759353627924
0.4730096682906151,0.5269903317093849
0.7209149603288147,0.2790850396711852
0.8931677690596833,0.10683223094031666
0.6140212991954054,0.3859787008045946
0.7766681450499243,0.2233318549500757
0.599377227119357,0.40062277288064296
0.7840849189310948,0.21591508106890517
0.39202863513771224,0.6079713648622878
0.7326430658333747,0.26735693416662526
0.895828244177397,0.10417175582260298
0.6978154734065152,0.3021845265934848
0.6378539743273685,0.36214602567263154
0.5556717720089437,0.4443282279910564
0.6013824559859164,0.3986175440140836
0.6606846573962726,0.33931534260372737
0.7167505916822839,0.28324940831771606
0.8217265767708997,0.17827342322910025
0.8216974325978106,0.17830256740218942
0.6890558868634924,0.31094411313650766
0.9463618152562061,0.05363818474379395
0.6796620034675606,0.32033799653243944
0.6298159724575931,0.37018402754240687
0.8228238539155424,0.17717614608445756
0.6448616348899114,0.35513836511008867
0.5515319135392607,0.44846808646073927
0.6429993069690588,0.3570006930309412
0.6320456855842805,0.36795431441571946
0.46699166448341867,0.5330083355165813
0.9242698411001283,0.07573015889987166
0.6796756924785454,0.3203243075214545
0.6260883916356493,0.3739116083643507
0.7597278028553002,0.24027219714469988
0.7168303416735711,0.2831696583264288
0.5836622255499396,0.4163377744500604
0.7706906700905549,0.22930932990944505
0.8422950845303487,0.15770491546965124
0.7068080250666963,0.2931919749333038
0.7032006032585499,0.29679939674145006
0.7927050821096614,0.2072949178903386
0.591393767891532,0.408606232108468
0.7474417017557659,0.25255829824423415
0.744556461421157,0.2554435385788431
0.5950427630455712,0.4049572369544288
0.5449267915241367,0.4550732084758633
0.5663822821095026,0.4336177178904974
0.7303344127560758,0.26966558724392425
0.7154974373101755,0.2845025626898246
0.6415363391987527,0.35846366080124736
0.6137309816282164,0.3862690183717837
0.8381781246453344,0.16182187535466566
0.7113324880671089,0.28866751193289114
0.6549063943632387,0.34509360563676134
0.6630108332529556,0.33698916674704443
0.6064283479251212,0.3935716520748788
0.6770591585061186,0.32294084149388136
0.7088321392916048,0.2911678607083951
0.6297232123924381,0.3702767876075619
0.6601132496224377,0.3398867503775624
0.7441812234394967,0.2558187765605034
0.711803094222243,0.2881969057777571
0.5993225420015692,0.4006774579984308
0.7748527380323028,0.22514726196769713
0.7889499672251936,0.2110500327748064
0.5182197507633944,0.4817802492366055
0.7282209308992769,0.2717790691007232
0.685929171694586,0.3140708283054141
0.6738441527853543,0.32615584721464574
0.7132952067204149,0.28670479327958504
0.6001081855240542,0.39989181447594574
0.5221716697223122,0.47782833027768773
0.7236944366675624,0.27630556333243755
0.6269209296367857,0.3730790703632143
0.4694431901176521,0.5305568098823479
0.7774309291588912,0.22256907084110888
0.600671297580285,0.39932870241971496
0.8139039213327267,0.18609607866727337
0.7474805578381603,0.25251944216183975
0.797892667115765,0.2021073328842349
0.8407067700351684,0.15929322996483156
0.7937282920571753,0.2062717079428246
0.7909419211241162,0.20905807887588373
0.6148601371500844,0.38513986284991564
0.5299288193751365,0.4700711806248635
0.8425219328148711,0.1574780671851289
0.63197257867269,0.3680274213273101
0.6929390260283276,0.3070609739716725
0.6516606618979377,0.3483393381020623
0.7281364798435368,0.27186352015646315
0.8651832648953812,0.13481673510461878
0.4823256761442402,0.5176743238557597
0.5261933189454336,0.47380668105456636
0.6534909162363959,0.3465090837636042
0.6822794371647285,0.3177205628352715
0.8290304316974563,0.17096956830254367
0.8625965707151775,0.13740342928482263
0.5858783838299453,0.4141216161700547
0.6950621704126402,0.3049378295873598
0.7346744036618506,0.26532559633814945
0.8616382640292232,0.13836173597077683
0.7155532676274329,0.28444673237256707
0.7668987187831184,0.2331012812168815
0.7523329816484653,0.24766701835153476
0.7071053369406981,0.292894663059302
0.72172284840243,0.27827715159757005
0.7416677342487034,0.2583322657512967
0.7895585218497064,0.21044147815029357
0.6263719507620431,0.3736280492379569
0.6580632635873236,0.34193673641267636
0.6816848853053545,0.3183151146946454
0.5,0.5
0.7040090718247852,0.2959909281752148
0.7732687246932884,0.22673127530671144
0.5864861235022545,0.41351387649774546
0.6897528016330621,0.3102471983669379
0.6662789361587994,0.3337210638412006
0.6074357369888833,0.3925642630111167
0.561545230448246,0.43845476955175394
0.7451672447226139,0.25483275527738614
0.7215727278814023,0.2784272721185977
0.6877318233575087,0.3122681766424913
0.8695772334729821,0.13042276652701795
0.6859380285357838,0.3140619714642162
0.6012659190549792,0.39873408094502083
0.8980717882543916,0.10192821174560843
0.8181691197689578,0.18183088023104219
0.47883330371437816,0.5211666962856218
0.4779256206788457,0.5220743793211543
0.7415152934030298,0.2584847065969702
0.5340093833708757,0.46599061662912433
0.7269396389199655,0.27306036108003456
0.6826603345944084,0.31733966540559155
0.6845649520145527,0.3154350479854472
0.738631641647883,0.2613683583521171
0.7152466189516734,0.28475338104832654
0.4499299839617036,0.5500700160382964
0.6375686057565816,0.3624313942434184
0.7472293904105444,0.2527706095894557
0.5351427579589944,0.46485724204100565
0.5133470967411995,0.4866529032588005
0.6981981815583509,0.30180181844164916
0.913531440645301,0.08646855935469909
0.6971462188440362,0.3028537811559638
1.0,0.0
0.7622796138562746,0.23772038614372543
0.7828671841132789,0.21713281588672112
0.7049650488622503,0.2950349511377497
0.690155783403537,0.3098442165964629
0.6964903360062085,0.30350966399379153
0.9529219966021699,0.04707800339783015
0.6817944099206555,0.31820559007934446
0.8164078078474982,0.18359219215250183
0.5654088182189395,0.43459118178106054
0.7161503328158005,0.2838496671841994
0.5322630684251429,0.4677369315748571
0.6685383661354435,0.3314616338645565
0.9563092233144932,0.04369077668550677
0.8357225194776166,0.16427748052238353
0.6050474774328095,0.3949525225671905
0.9262509213941088,0.07374907860589115
0.47393923276516997,0.5260607672348301
0.7471617794884302,0.2528382205115698
0.777161983646273,0.22283801635372702
0.6162373026809779,0.383762697319022
0.7213985684715982,0.2786014315284018
0.6193717574124821,0.3806282425875179
0.6581070857832404,0.34189291421675955
0.5876326195520325,0.4123673804479676
0.6442483722753427,0.35575162772465724
0.510779698390665,0.489220301609335
0.6426290199570506,0.3573709800429494
0.6472265432693152,0.3527734567306848
0.7192018882751672,0.28079811172483277
0.6042146357861847,0.39578536421381527
0.5350765733019833,0.4649234266980167
0.7927037318220747,0.20729626817792537
0.7095527913428192,0.2904472086571809
0.6609820090847583,0.3390179909152417
0.5748635838559123,0.4251364161440877
0.5704190035948971,0.429580996405103
0.6170439672489397,0.38295603275106027
0.6964192941038192,0.30358070589618075
0.614675101366038,0.385324898633962
0.5966997680281592,0.4033002319718409
0.45411698553581853,0.5458830144641814
0.7978556685552703,0.2021443314447296
0.6226558569741149,0.37734414302588515
0.7860807867066013,0.21391921329339875
0.9784239221633855,0.021576077836614506
0.5937671004491835,0.4062328995508165
0.9360783610789161,0.06392163892108399
0.7726428328442582,0.22735716715574192
0.7274395191713066,0.27256048082869344
0.8371885332587617,0.16281146674123825
0.6140780920467528,0.3859219079532472
0.7180689328761602,0.28193106712383975
0.5279241248115286,0.47207587518847144
0.8705018757594728,0.12949812424052712
0.8671784066701168,0.13282159332988316
0.7879949064670435,0.21200509353295643
0.6460105076405186,0.35398949235948146
0.7442119706195047,0.25578802938049533
0.5482808965839409,0.45171910341605914
0.8785270790310292,0.1214729209689708
0.5734722565920943,0.4265277434079056
0.5898255984759231,0.4101744015240769
0.8554436291908036,0.1445563708091963
0.7563483277306173,0.2436516722693826
0.4959451034665108,0.5040548965334892
0.5649718770622045,0.43502812293779547
0.7471867098626185,0.2528132901373815
0.6918579736755505,0.30814202632444954
0.6647619975877573,0.3352380024122427
0.9566906015161928,0.043309398483807174
0.626225122444659,0.373774877555341
0.486005898677643,0.513994101322357
0.6829849047529036,0.31701509524709637
0.8051783357391324,0.19482166426086758
0.6765408725130382,0.32345912748696176
0.3058615026092711,0.6941384973907289
0.8069422207851645,0.1930577792148355
0.7614533994610904,0.23854660053890966
0.7329419962652899,0.2670580037347102
0.5299297622838202,0.47007023771617984
0.7134529511637239,0.28654704883627613
0.6584315248221448,0.34156847517785527
0.7318102629860056,0.2681897370139944
0.6868371341799763,0.31316286582002373
0.7163601098071046,0.2836398901928953
0.5198971867059828,0.48010281329401716
0.5943664581530421,0.40563354184695793
0.8880971405481569,0.11190285945184306
0.7275467525077767,0.2724532474922234
0.6290910644022681,0.37090893559773186
0.5637202665625615,0.4362797334374385
0.6940593617716507,0.30594063822834927
0.8946841772165979,0.10531582278340201
0.5553182289004326,0.4446817710995674
0.5342959230578112,0.4657040769421888
0.8074187440861545,0.19258125591384545
0.8804349702995348,0.11956502970046524
0.7703840964327616,0.2296159035672384
0.6220727333974135,0.3779272666025864
0.7915100958004123,0.2084899041995876
0.7729126690420238,0.2270873309579762
0.5806629498832654,0.4193370501167346
0.659224556610809,0.34077544338919097
0.8710543445579335,0.12894565544206646
0.9359819177742024,0.06401808222579768
0.7260543593201457,0.27394564067985433
0.8056173871144668,0.19438261288553318
0.7635526964423759,0.2364473035576241
0.745330151533748,0.25466984846625196
0.5420972155472084,0.45790278445279164
0.5841949182204069,0.415805081779593
0.6617795292228216,0.33822047077717843
1.0,0.0
0.7121538812581718,0.28784611874182814
0.5584407105128577,0.4415592894871423
0.6632164462602947,0.33678355373970537
0.5814841777251246,0.4185158222748754
0.5789663362658368,0.4210336637341632
0.5835043700137191,0.41649562998628087
0.8005102812109516,0.19948971878904836
0.7748123273135494,0.22518767268645057
0.759807289914948,0.2401927100850521
0.7488525784813469,0.251147421518653
0.8656308214865271,0.13436917851347283
0.8484210585355101,0.15157894146448994
0.840333393605248,0.15966660639475203
0.5933590978384018,0.40664090216159815
0.7267244912022698,0.27327550879773027
0.6221613409729778,0.37783865902702224
0.6200222650341418,0.3799777349658582
0.5489669930471192,0.4510330069528808
0.5444733844996896,0.4555266155003103
0.6488900445596841,0.35110995544031587
0.723856465119209,0.276143534880791
0.7004541192278332,0.2995458807721668
0.745264039177265,0.254735960822735
0.6215216591954231,0.3784783408045768
0.6842932703345729,0.3157067296654271
0.6417573141528149,0.3582426858471851
0.7005762808783137,0.29942371912168625
0.6305332829773048,0.3694667170226952
0.6360183655762266,0.3639816344237734
0.5473728801644343,0.4526271198355657
0.6839247549380156,0.31607524506198437
0.7550588396438823,0.24494116035611763
0.7674777655543471,0.23252223444565281
0.6664854311683589,0.3335145688316412
0.5846370047303143,0.41536299526968556
0.6524587644910814,0.3475412355089186
0.6316003347551877,0.3683996652448122
0.799647716768778,0.20035228323122203
0.681044239550161,0.318955760449839
0.6570500204233565,0.34294997957664347
0.7714849271190045,0.2285150728809956
0.5922318947510965,0.4077681052489035
0.6547238314939412,0.3452761685060588
0.5806640356942958,0.41933596430570413
0.7678309410211077,0.23216905897889223
0.6853570383613886,0.3146429616386114
0.8409569510805429,0.15904304891945706
0.5736356247213023,0.42636437527869775
0.8255424333945651,0.17445756660543493
0.8139371327248968,0.18606286727510318
0.8018661141290496,0.19813388587095038
0.7826337424208593,0.21736625757914074
0.7485944248015272,0.25140557519847284
0.6395439707932342,0.3604560292067657
0.5977725552049576,0.40222744479504235
0.8751955869672498,0.12480441303275028
0.8778775068135999,0.12212249318640007
0.6634437046980229,0.3365562953019771
0.5928315228272294,0.40716847717277066
0.6805257966356795,0.31947420336432053
0.9532546934088749,0.04674530659112506
0.8779188550149711,0.12208114498502891
0.7784820634537942,0.2215179365462058
0.8147749277694268,0.1852250722305732
0.5673489383554934,0.43265106164450656
0.698160585856047,0.301839414143953
0.532247856107914,0.467752143892086
0.5165836587548256,0.4834163412451744
0.6841309083493928,0.3158690916506071
0.8085457538697556,0.19145424613024448
0.9758143685769963,0.0241856314230037
0.6780479231782873,0.3219520768217127
0.6080258711875752,0.3919741288124248
0.803681118979498,0.196318881020502
0.753471746977912,0.246528253022088
0.524690817567085,0.475309182432915
0.6920905819641898,0.30790941803581023
0.8659630015617598,0.13403699843824027
0.8812255310775002,0.11877446892249988
0.6678051555215845,0.3321948444784156
0.7705084158586626,0.22949158414133744
0.4108457127277425,0.5891542872722576
0.7424594770880935,0.2575405229119066
0.6740895500820309,0.32591044991796914
0.6731558316309848,0.3268441683690152
0.6748837019035961,0.32511629809640374
0.5472029550142978,0.4527970449857022
0.7182235567224695,0.28177644327753054
0.6040426295255208,0.3959573704744792
0.5967437931236037,0.40325620687639635
0.6074810810136507,0.3925189189863493
0.5875611604939388,0.41243883950606114
0.797657895682661,0.20234210431733907
0.6391977918918471,0.3608022081081529
0.6758536712678177,0.32414632873218224
0.6945999519181889,0.3054000480818111
0.6874850485307082,0.3125149514692917
0.7047931138439947,0.2952068861560053
0.6572084544104404,0.34279154558955954
0.6719820757529886,0.32801792424701137
0.6052558175709207,0.3947441824290792
0.5,0.5
0.7644483062926001,0.23555169370739992
0.5572120756202165,0.44278792437978354
0.5656974377172566,0.43430256228274344
0.7980729389673336,0.20192706103266642
0.8702017415490368,0.1297982584509632
0.6430601987330175,0.35693980126698255
0.9177099810557495,0.08229001894425042
0.785188119784896,0.214811880215104
0.8605511895404514,0.13944881045954854
0.6612186165700399,0.3387813834299601
0.6451379921843324,0.3548620078156675
0.6950813115255636,0.3049186884744364
0.5443279519677162,0.4556720480322838
0.5752935087045277,0.4247064912954723
0.6786265477799701,0.3213734522200299
0.6429319486215463,0.3570680513784536
0.868529928707341,0.13147007129265897
0.5374249129106903,0.46257508708930983
0.6734585725623242,0.3265414274376758
0.6306879917544114,0.3693120082455886
0.7484161090120279,0.251583890987972
0.7243227481398647,0.27567725186013525
0.6552083282006608,0.3447916717993392
0.7288458136136867,0.2711541863863134
0.6022187834975278,0.39778121650247217
0.9298548276339884,0.07014517236601162
0.8099523028689882,0.1900476971310118
0.7400468324024815,0.2599531675975185
0.6479898495911348,0.3520101504088652
0.7294883927039499,0.27051160729605
0.742515355882331,0.25748464411766897
0.5726165490951096,0.4273834509048903
0.8022408751912653,0.19775912480873467
0.6176581472658458,0.38234185273415416
0.5487439408898354,0.4512560591101646
0.41936947900926147,0.5806305209907385
0.8775486449037471,0.12245135509625295
0.7833860046391659,0.2166139953608341
0.6156598035257513,0.38434019647424866
0.6909375919210066,0.3090624080789934
0.8242414952945725,0.1757585047054276
0.6101816692595148,0.3898183307404853
0.6835128359210608,0.3164871640789392
0.8308298869445823,0.16917011305541776
0.5742615899314956,0.42573841006850444
0.6487077483124225,0.3512922516875775
0.8841397881083303,0.11586021189166966
0.818963697719056,0.18103630228094403
0.8258656757838754,0.1741343242161247
0.6559044286695968,0.3440955713304032
0.6959300236102168,0.30406997638978317
0.688164841393926,0.3118351586060741
0.7009145184665565,0.29908548153344355
0.7039645128685228,0.29603548713147715
0.5222179842439036,0.47778201575609636
0.690612212749562,0.30938778725043803
0.6567192612994297,0.3432807387005703
0.8367314555442106,0.1632685444557894
0.7222431551361893,0.27775684486381064
0.7469047117931076,0.2530952882068924
0.7854559268069793,0.2145440731930208
0.8315139328406007,0.1684860671593993
0.5565927418790418,0.44340725812095816
0.7508888120064694,0.24911118799353063
0.7925112736436198,0.2074887263563802
0.6572489532070542,0.34275104679294577
0.7766641848430951,0.2233358151569049
0.8374016406082683,0.1625983593917318
0.7632013534351031,0.23679864656489694
0.5379972755908966,0.4620027244091034
0.6605992592991909,0.33940074070080894
0.8271870628731929,0.17281293712680712
0.6522932608034326,0.34770673919656736
0.8142973957498215,0.18570260425017854
0.6982387796798475,0.3017612203201525
0.7341600883878752,0.2658399116121248
0.6908355518672575,0.30916444813274246
0.7517308042613944,0.2482691957386056
0.6820307936289496,0.3179692063710504
0.6061624513289733,0.3938375486710267
0.6172997570402093,0.3827002429597906
0.6751495464306844,0.3248504535693157
0.5581069844687206,0.44189301553127935
0.6496150934334556,0.3503849065665444
0.8600863443462816,0.13991365565371833
0.746978445175079,0.25302155482492106
0.593791896505894,0.40620810349410597
0.8200503955145021,0.1799496044854979
0.7996524794167169,0.20034752058328303
0.6688477858192219,0.33115221418077806
0.6016326874893091,0.39836731251069096
0.7647724800791784,0.23522751992082155
0.8720283606028658,0.1279716393971342
0.7548671656048898,0.24513283439511033
0.6968670124814635,0.30313298751853646
0.6767877275615094,0.32321227243849054
0.7533295000937009,0.24667049990629913
0.646352750705947,0.353647249294053
0.4313638307486348,0.5686361692513652
0.5092561104419479,0.49074388955805215
0.8355162007439008,0.16448379925609932
0.6428031337531811,0.357196866246819
0.6139349474243863,0.38606505257561374
0.7061422445440616,0.29385775545593845
0.6351892054080963,0.3648107945919037
0.6898069118218468,0.3101930881781531
0.726430039514054,0.273569960485946
0.58449259228714,0.4155074077128599
0.7334686162951161,0.2665313837048839
0.740768739246801,0.25923126075319897
0.6155102445085359,0.38448975549146414
0.7043289865301762,0.2956710134698238
0.6785022314659522,0.3214977685340478
0.6495658497906728,0.3504341502093271
0.7745913390156574,0.22540866098434267
0.6019512873860569,0.3980487126139432
0.2747393925128153,0.7252606074871847
0.817282148190086,0.1827178518099139
0.7818093333049346,0.2181906666950654
0.8094938790288442,0.1905061209711558
0.5818023853345438,0.4181976146654563
0.8662510039540039,0.13374899604599608
0.3768933613657467,0.6231066386342532
0.5989352290118892,0.4010647709881109
0.6755000224675879,0.32449997753241205
0.5558032581063206,0.44419674189367936
0.6585770749408649,0.3414229250591351
0.494311086833477,0.505688913166523
0.6814036722605419,0.3185963277394581
0.8004674814021832,0.19953251859781687
0.601506019622781,0.39849398037721895
0.5,0.5
0.6580944994998263,0.3419055005001736
0.603480424795777,0.39651957520422293
0.6619300901528434,0.3380699098471565
0.7417225925068254,0.2582774074931747
0.7131985474266272,0.2868014525733727
0.8906946973572929,0.10930530264270713
0.6554778154788748,0.34452218452112504
0.5155222415924072,0.4844777584075928
0.7622367928972454,0.23776320710275456
0.45251517729754187,0.5474848227024581
0.5860299467366059,0.41397005326339403
0.6025956322873646,0.3974043677126354
0.4716123050599152,0.5283876949400849
0.6607378376279874,0.3392621623720125
0.5579914033232074,0.4420085966767927
0.6478878541398266,0.35211214586017336
0.778888040525523,0.22111195947447695
0.8035156187131562,0.19648438128684376
0.7096244856915984,0.2903755143084016
0.7498504481294186,0.25014955187058147
0.5452193950279834,0.45478060497201656
0.7568682350640356,0.24313176493596447
0.7093573706340763,0.2906426293659236
0.7549225437932375,0.2450774562067624
0.7543875330208109,0.2456124669791892
0.7984519616894776,0.2015480383105224
0.7273593797677361,0.2726406202322639
0.6538005471229553,0.3461994528770446
0.7748967313042194,0.2251032686957806
0.5964352411225079,0.40356475887749205
0.642982284893026,0.357017715106974
0.5921445445309577,0.40785545546904234
0.6647865888148143,0.33521341118518566
0.9278261128493437,0.07217388715065623
0.5680457138376304,0.4319542861623697
0.8353888728002847,0.1646111271997152
0.5958342379918191,0.4041657620081809
0.7120846313309633,0.2879153686690366
0.6885694711818229,0.3114305288181772
0.8459930768961826,0.15400692310381733
0.5695023819675954,0.4304976180324046
0.7730293659417943,0.22697063405820572
0.7805870741685802,0.21941292583141983
0.7665025974876104,0.23349740251238954
0.6514968140785381,0.34850318592146184
0.5487973013267531,0.4512026986732469
0.7291301158395234,0.2708698841604765
0.7098760390334153,0.29012396096658466
0.72219724570374,0.27780275429626
0.6916381304807342,0.3083618695192658
0.6283383923612769,0.3716616076387231
0.7731698184686489,0.2268301815313511
0.6576219227496737,0.3423780772503263
0.7082078349320513,0.29179216506794864
0.9690775561361175,0.030922443863882494
1.0,0.0
0.8523582288615655,0.14764177113843444
0.6126883983413518,0.3873116016586482
0.5204025323718697,0.47959746762813027
0.7718872487877947,0.2281127512122053
0.6898671138134594,0.3101328861865406
0.6729708342643487,0.32702916573565133
0.5474732431181905,0.4525267568818096
0.527840476662158,0.47215952333784195
0.7625238896529549,0.23747611034704516
0.8333262517954807,0.16667374820451944
0.4728339765651933,0.5271660234348067
0.6651820622819241,0.33481793771807594
0.604360738835161,0.39563926116483905
0.850936178506594,0.149063821493406
0.7047146421681282,0.2952853578318718
0.644786465281076,0.35521353471892403
0.8067793926494425,0.19322060735055746
0.6845368659071653,0.3154631340928347
0.6463568921181959,0.3536431078818041
0.551207457503483,0.44879254249651696
0.6956886809099948,0.3043113190900052
0.659667342044604,0.3403326579553959
0.8155483881389245,0.18445161186107542
0.8364130248612678,0.16358697513873216
0.6280509345126521,0.37194906548734785
0.6292601294749612,0.3707398705250387
0.8516622187620027,0.14833778123799746
0.7039549461560338,0.29604505384396623
0.8203384494447811,0.17966155055521893
0.7921482942658803,0.20785170573411965
0.7803810293639623,0.21961897063603783
0.7629340719337139,0.23706592806628615
0.6241409119370654,0.37585908806293455
0.8111303551795015,0.18886964482049845
0.6878620966723089,0.31213790332769115
0.44560364596131496,0.554396354038685
0.7576424253930556,0.24235757460694451
0.7788462776008253,0.22115372239917472
0.603098839480881,0.3969011605191189
0.6083565503358841,0.3916434496641159
0.8188985610515024,0.18110143894849753
0.7257322756637604,0.2742677243362396
0.4992743507027626,0.5007256492972374
0.8077040732510634,0.19229592674893659
0.7594384022763518,0.2405615977236482
0.48292070627212524,0.5170792937278748
0.7241594486773928,0.27584055132260715
0.519022986292839,0.48097701370716095
0.6746709539675154,0.3253290460324846
0.7438037298095292,0.2561962701904708
0.7559563994844891,0.24404360051551086
0.6051397384824052,0.3948602615175948
0.512395072479683,0.487604927520317
0.5957330900193949,0.4042669099806051
0.8570937706801716,0.14290622931982858
0.7123243036175263,0.2876756963824737
0.7612523546659768,0.23874764533402315
0.6261027641979642,0.37389723580203577
0.7096227041120493,0.2903772958879506
0.72937250863528,0.2706274913647199
0.6113870998982325,0.38861290010176747
0.7497387513998841,0.25026124860011595
0.640142299419815,0.3598577005801849
0.8260998220973849,0.17390017790261522
0.6614782632023632,0.33852173679763675
0.6910965800073623,0.30890341999263776
0.6331897061851421,0.36681029381485786
0.6145635336282063,0.3854364663717937
0.6780025485752631,0.32199745142473685
0.9270154257897483,0.07298457421025176
0.7511840763870631,0.24881592361293695
0.7092275939165462,0.2907724060834538
0.48112857842509427,0.5188714215749057
0.684013030193313,0.3159869698066869
0.7727631437978467,0.22723685620215325
0.540793042921432,0.45920695707856796
0.6362769740876294,0.3637230259123706
0.4768345057964325,0.5231654942035675
0.3966503000504642,0.6033496999495358
0.6790138818785432,0.3209861181214569
0.8785055103555507,0.12149448964444931
0.7351181807447243,0.26488181925527565
0.6251441482993387,0.37485585170066127
0.7782638324213251,0.2217361675786749
0.5351892235343513,0.46481077646564867
0.7019259778502257,0.2980740221497742
0.5073532685637474,0.4926467314362526
0.764771469791358,0.23522853020864198
0.6590134803809026,0.34098651961909743
0.715067750734277,0.284932249265723
0.7964298495357364,0.20357015046426374
0.39969639505634685,0.6003036049436532
0.7006057709267512,0.2993942290732487
0.7113002510373813,0.2886997489626187
0.6774067159099485,0.32259328409005156
0.5104116013272632,0.4895883986727369
0.7697959014726468,0.23020409852735318
0.6822358960833133,0.3177641039166867
0.7715954744458304,0.22840452555416954
0.5799557576459096,0.4200442423540904
0.6544381979635533,0.34556180203644665
0.6656790895404261,0.3343209104595739
0.5499982855871944,0.45000171441280545
0.6845904319267873,0.31540956807321274
0.6800197781941517,0.3199802218058483
0.6827854413912563,0.3172145586087437
0.5460152125658613,0.4539847874341387
0.7436568711864261,0.2563431288135739
0.5292799191157893,0.47072008088421063
0.6388996426889445,0.36110035731105544
0.6330052290130788,0.36699477098692124
0.8778915772704556,0.12210842272954447
0.614532782630999,0.385467217369001
0.6960531360277371,0.303946863972263
0.5365493946385167,0.4634506053614833
0.747060701771072,0.25293929822892813
0.7044173465118613,0.2955826534881387
0.712749618118452,0.287250381881548
0.6407237358634076,0.35927626413659236
0.7675376298476869,0.2324623701523131
0.8047747318811267,0.1952252681188733
0.8025356371336196,0.19746436286638033
0.656930861489214,0.343069138510786
0.6555603990605086,0.3444396009394914
0.6188668898955919,0.38113311010440803
0.5201257490915953,0.4798742509084047
0.593407810250351,0.406592189749649
0.8322665224756084,0.16773347752439163
0.5882283724295228,0.41177162757047725
0.5,0.5
0.6215672923152491,0.37843270768475096
0.7501847582976547,0.24981524170234531
0.8995272597148364,0.10047274028516368
0.732339769291162,0.26766023070883804
0.7521033726257669,0.24789662737423318
0.7229842437709869,0.2770157562290131
0.5,0.5
0.7109639430848792,0.28903605691512074
0.8242137349902882,0.17578626500971187
0.5099695101380348,0.4900304898619652
0.6445182215919877,0.35548177840801237
0.8052234608765473,0.19477653912345275
0.6062430420520711,0.3937569579479288
0.6412106819105097,0.35878931808949033
0.591528373304736,0.408471626695264
0.6327586936619419,0.3672413063380581
0.7350174598466496,0.26498254015335043
0.6061114570736412,0.3938885429263588
0.7994538556742666,0.2005461443257334
0.7298519467042482,0.27014805329575176
0.5860931896079205,0.41390681039207955
0.6784936908961138,0.32150630910388633
0.7536867498792714,0.24631325012072852
0.7457678283289982,0.25423217167100187
0.6460350781504516,0.3539649218495484
0.6359697573716417,0.36403024262835826
0.6110164014800757,0.3889835985199242
0.7015778400376056,0.29842215996239446
0.6994648652370393,0.3005351347629606
0.6975557736604824,0.3024442263395176
0.6038193745713625,0.3961806254286375
0.7621172145172328,0.2378827854827672
0.504704944945965,0.49529505505403504
0.7197875260346569,0.2802124739653431
0.6711643432008751,0.32883565679912485
0.6645519904656282,0.3354480095343718
0.6278456608534596,0.37215433914654045
0.6432944363339202,0.35670556366607975
0.6222129717030707,0.3777870282969294
0.6865987534769222,0.3134012465230778
0.5612211950020304,0.4387788049979696
0.7831494535672258,0.21685054643277415
0.5848085365593625,0.4151914634406374
0.7491425100994613,0.25085748990053874
0.6269922467129219,0.3730077532870782
0.6291480795603198,0.37085192043968024
0.7035049723309726,0.2964950276690273
0.6447321563769051,0.35526784362309494
0.8681727572289987,0.13182724277100136
0.7227103502525076,0.27728964974749226
0.6832182232544638,0.31678177674553615
0.5456288716208563,0.4543711283791437
0.572759246702484,0.427240753297516
0.7677065013758095,0.23229349862419038
0.8351578698855513,0.16484213011444873
0.9032985812545599,0.09670141874544008
0.6942925708725073,0.30570742912749277
0.6685072387663671,0.3314927612336329
0.5074473842978477,0.49255261570215225
0.6990123838975308,0.30098761610246916
0.8023818380946454,0.19761816190535458
0.7529039539205817,0.24709604607941832
0.6599363872107358,0.3400636127892641
0.5743749007374129,0.42562509926258707
0.6756895343994144,0.32431046560058563
0.5631692977380333,0.4368307022619667
0.6220726046099211,0.37792739539007886
0.9012527564670787,0.09874724353292134
0.5700227327546763,0.4299772672453237
0.4145402718352971,0.5854597281647029
0.6212978174041922,0.37870218259580773
0.7783762215376872,0.2216237784623129
0.4610044213483,0.5389955786517
0.6228597177737584,0.3771402822262416
0.7804741851312764,0.21952581486872363
0.6284135111190234,0.3715864888809766
0.6435284361207086,0.35647156387929135
0.6599160536600316,0.3400839463399683
0.8451842657799954,0.15481573422000455
0.6295265047215705,0.37047349527842943
0.7571891037201632,0.24281089627983682
0.6505182832479477,0.3494817167520523
0.632946343286826,0.367053656713174
0.4752604582719308,0.5247395417280691
0.7666295030912985,0.23337049690870165
0.8464410609029701,0.1535589390970298
0.7972758568560739,0.2027241431439261
0.8037465217424732,0.1962534782575268
0.767206305920342,0.23279369407965797
0.9235428994639642,0.0764571005360359
0.8903067204681875,0.10969327953181249
0.5929667417802154,0.40703325821978475
0.7301626524718308,0.2698373475281692
0.6604103841328282,0.33958961586717196
0.8758070177768708,0.12419298222312922
0.6352629182540684,0.3647370817459316
0.6951578834807747,0.3048421165192253
0.8083860902673432,0.1916139097326568
0.7970070205798717,0.2029929794201282
0.697151525608403,0.302848474391597
0.6525944276263878,0.34740557237361225
0.7266017149786905,0.27339828502130953
0.6421669549137021,0.3578330450862978
0.5558562094834069,0.4441437905165932
0.7698257550507319,0.23017424494926808
0.7680210334609836,0.23197896653901645
0.8453762974368629,0.15462370256313712
0.8309499332949732,0.16905006670502676
0.717465585388728,0.282534414611272
0.8005323161795672,0.19946768382043278
0.7012887584599408,0.29871124154005924
0.7668892589267737,0.23311074107322624
0.4960527867078781,0.5039472132921219
0.7016649014423393,0.2983350985576607
0.6027937309505464,0.3972062690494536
0.7870331613622619,0.2129668386377382
0.7570522092173643,0.24294779078263576
0.7329598645902411,0.26704013540975896
0.8818982317390607,0.1181017682609393
0.7954327689664925,0.20456723103350744
0.8535703262287881,0.14642967377121197
0.5855211156619464,0.4144788843380535
0.787203939791257,0.212796060208743
0.6117765173967533,0.3882234826032467
0.6929207460539624,0.30707925394603763
0.5944417856718425,0.4055582143281575
0.7936500555250382,0.20634994447496183
0.8247522826788342,0.17524771732116592
0.8612573695185792,0.13874263048142088
0.9053766867635102,0.09462331323648972
0.8697765546500419,0.1302234453499581
0.7937952792774853,0.2062047207225147
0.7959752499684161,0.20402475003158388
0.6533856277535592,0.3466143722464407
0.7461824390693517,0.2538175609306484
0.6489181091049631,0.351081890895037
0.8639915770903135,0.1360084229096865
0.6085967660535827,0.3914032339464173
0.9018230236125412,0.09817697638745887
0.8593682699151438,0.14063173008485608
0.5401435768669438,0.4598564231330562
0.6581172145836198,0.3418827854163802
0.684335874316607,0.3156641256833929
0.5668860327170201,0.43311396728297996
0.9294153126648809,0.07058468733511908
0.7158921874277396,0.28410781257226037
0.7154592313417079,0.28454076865829214
0.6602092991548028,0.33979070084519725
0.7309262429635305,0.2690737570364695
0.7977939874975065,0.20220601250249345
0.6272746606106283,0.37272533938937163
0.48605018109083176,0.5139498189091682
0.6301599923760776,0.36984000762392244
0.39241123944520934,0.6075887605547907
0.6499002873897552,0.3500997126102448
0.8124383677060419,0.18756163229395797
0.7165234028675997,0.28347659713240025
0.7120007121084779,0.2879992878915222
0.6300714342717627,0.36992856572823735
0.7916930406821528,0.2083069593178472
0.7643068093292398,0.23569319067076028
0.7441501348806633,0.25584986511933666
0.8669892699423023,0.1330107300576976
0.7474862795147321,0.25251372048526793
0.3657709521816046,0.6342290478183954
0.8192499708089581,0.18075002919104188
0.8363947084189661,0.16360529158103393
0.6121435995979166,0.38785640040208325
0.837472614796193,0.16252738520380705
0.7460104562752305,0.25398954372476956
0.586065503002257,0.413934496997743
0.5346419575152629,0.4653580424847371
0.5694036903420396,0.4305963096579604
0.6663294842257868,0.3336705157742133
0.8333853128957192,0.16661468710428085
0.6322269653135368,0.3677730346864632
0.5149284534166754,0.48507154658332463
0.8025398863893788,0.19746011361062132
0.7345673524929158,0.2654326475070842
0.7720995741500156,0.22790042584998446
0.690645520380188,0.309354479619812
0.5176228156047641,0.48237718439523597
0.5130069805971205,0.4869930194028795
0.8448955702623644,0.1551044297376356
0.6253487788667297,0.3746512211332703
0.4465292727379695,0.5534707272620305
0.7863484094887913,0.21365159051120872
0.6841203512458919,0.3158796487541081
0.5593168581295114,0.4406831418704886
0.888139419388761,0.11186058061123906
0.7259070129595632,0.2740929870404368
0.7139586002755984,0.28604139972440157
0.6145674343207759,0.3854325656792241
0.6098348262953915,0.3901651737046084
0.6071687684115095,0.39283123158849054
0.8387359579904026,0.16126404200959737
0.5989269104249861,0.40107308957501386
0.8198128946039466,0.18018710539605348
0.7807322146912643,0.21926778530873575
0.6520709739783278,0.34792902602167225
0.6820885230858693,0.3179114769141306
0.7188188422786898,0.28118115772131036
0.7218016727548745,0.27819832724512555
0.6988085416126191,0.301191458387381
0.5905953367880191,0.4094046632119809
0.8853754459191698,0.1146245540808302
0.5416165018170311,0.45838349818296886
0.5819864504360693,0.4180135495639306
0.9999999999999999,3.469446951953614e-18
0.8121693546992899,0.18783064530071011
0.6391584282203833,0.36084157177961673
0.749326299783757,0.250673700216243
0.6675936961661972,0.3324063038338027
0.6930441911051923,0.3069558088948076
0.5565062707428761,0.4434937292571239
0.7329604421804413,0.2670395578195587
0.9685546822682982,0.03144531773170186
0.7117470709804191,0.2882529290195809
0.5982650184023784,0.4017349815976215
0.8292017127686377,0.1707982872313622
0.7572376784136212,0.2427623215863788
0.6252291519800239,0.374770848019976
0.7904263018615705,0.20957369813842963
0.5660532654025132,0.4339467345974868
0.8063725219121551,0.19362747808784497
0.7192068591316305,0.2807931408683695
0.514023606745684,0.48597639325431596
0.7933988385399329,0.20660116146006707
0.7106929434424276,0.28930705655757244
0.5058088898658752,0.49419111013412476
0.44841858996593975,0.5515814100340602
0.7304933987909751,0.2695066012090249
0.5434703379869461,0.45652966201305384
0.8567070668698507,0.1432929331301493
0.40875641770372234,0.5912435822962777
0.5346456650282065,0.46535433497179346
0.7172309876350825,0.28276901236491747
0.796880090091957,0.203119909908043
0.8070106053127467,0.19298939468725335
0.7156552861838449,0.28434471381615517
0.6296099941724644,0.37039000582753556
0.6848805564643368,0.31511944353566324
0.8152952051575229,0.1847047948424772
0.5700448295058848,0.42995517049411525
0.7224426330388272,0.2775573669611727
0.6230800143035408,0.3769199856964592
0.675213086938284,0.32478691306171603
0.6318950794980231,0.36810492050197685
0.761808033053867,0.23819196694613304
0.9103263670891693,0.08967363291083079
0.7614160818779135,0.23858391812208646
0.6842378240378295,0.31576217596217043
0.9508372099100431,0.04916279008995701
0.7253898349644894,0.27461016503551056
0.795916431292331,0.20408356870766892
0.8261244826792908,0.17387551732070922
0.7421594891510609,0.25784051084893916
0.5622581499055834,0.4377418500944166
0.7871734299544715,0.21282657004552857
0.6075445984590481,0.39245540154095193
0.7112134928048005,0.2887865071951995
0.7588026207731448,0.24119737922685525
1.0,0.0
1.0,0.0
0.6050060524404849,0.39499394755951506
0.6042167404896127,0.3957832595103873
0.6424792215806343,0.3575207784193657
0.5532487586384276,0.44675124136157246
0.49151524156332016,0.5084847584366798
0.7393083349067001,0.26069166509329994
0.7509281767732088,0.2490718232267912
0.44290739926636485,0.5570926007336351
0.6758158611225591,0.32418413887744096
0.7207673386243572,0.27923266137564284
0.9155151656704864,0.08448483432951356
0.8237008168940535,0.17629918310594667
0.9191133492682697,0.08088665073173025
0.4787895217818614,0.5212104782181386
0.8351610077502583,0.1648389922497418
0.775323687234087,0.22467631276591316
0.6413873996508498,0.3586126003491501
0.7746833557536189,0.2253166442463811
0.614136078179477,0.3858639218205229
0.4217894506831733,0.5782105493168267
0.8351015794331512,0.1648984205668488
0.8502226641130046,0.14977733588699538
0.9136199309303562,0.08638006906964381
0.5221352107836218,0.4778647892163782
0.586247359254717,0.41375264074528295
0.8184596438388123,0.18154035616118772
1.0,0.0
0.8211129385183635,0.17888706148163647
0.8726389641119758,0.12736103588802422
0.8554310543095787,0.14456894569042134
0.656177020001997,0.34382297999800304
0.5060472264885902,0.49395277351140976
0.8538847783587076,0.14611522164129243
0.9676126676366062,0.03238733236339378
0.777781804584562,0.22221819541543802
0.7077345665035744,0.2922654334964256
0.5346319276299263,0.4653680723700737
0.9461100322594171,0.05388996774058298
1.0,0.0
0.6677719362814545,0.3322280637185456
0.84517256649538,0.15482743350461994
0.6284053392286336,0.3715946607713665
0.6308894931490546,0.36911050685094543
0.9007943116253093,0.09920568837469068
0.6519886071583119,0.34801139284168814
0.8185725079352602,0.18142749206473985
0.8488060802626703,0.15119391973732968
0.7121276615159182,0.2878723384840818
0.5789941245774434,0.42100587542255663
0.5492278161567447,0.45077218384325535
0.7755592637431425,0.2244407362568575
0.7226641349545434,0.2773358650454566
0.6524572772849094,0.3475427227150905
0.8075745659823937,0.19242543401760623
0.8499018910176607,0.1500981089823393
0.6065928879892868,0.3934071120107132
0.7773994877041647,0.22260051229583527
0.767316734123393,0.23268326587660695
0.5583930750212328,0.4416069249787672
0.584967071314932,0.415032928685068
0.6893379975924878,0.3106620024075122
0.744906216967098,0.255093783032902
0.783065772965413,0.216934227034587
0.471349491567376,0.5286505084326241
0.7138795920239838,0.2861204079760162
0.7931249267608128,0.20687507323918722
0.9152521109967268,0.08474788900327315
0.6027157130053868,0.3972842869946131
0.6408811404551349,0.35911885954486517
0.6867903038177999,0.3132096961822
0.6746550082854509,0.32534499171454906
0.7840106354928291,0.215989364507171
0.47029231431074514,0.5297076856892549
0.6594366567515015,0.3405633432484985
0.6745263308934366,0.3254736691065634
0.6401031626477613,0.35989683735223865
0.6367844106578707,0.36321558934212933
0.6921615656923295,0.30783843430767055
0.7237187397665992,0.2762812602334009
0.7162110615965703,0.2837889384034297
0.4485634979530193,0.5514365020469807
0.5644829876597918,0.4355170123402083
0.7916979132562377,0.20830208674376227
0.7769103893994431,0.22308961060055696
0.6754964301046534,0.3245035698953466
0.6115361845735017,0.3884638154264983
0.5831832698391877,0.4168167301608124
0.9545039427193277,0.045496057280672325
0.7131690716392634,0.28683092836073676
0.6552564403927753,0.34474355960722475
0.7784245594273872,0.2215754405726128
0.8184101949982047,0.18158980500179528
0.7348918427949487,0.2651081572050514
0.6178813714889845,0.38211862851101547
0.5953739231903589,0.4046260768096411
0.5390693522386835,0.4609306477613166
0.6806552669938617,0.31934473300613825
0.5532867728759897,0.4467132271240103
0.6044372767210007,0.39556272327899933
0.5041435658931732,0.4958564341068268
0.5801145481377348,0.4198854518622652
0.6338211517467727,0.3661788482532273
0.6537266361827129,0.3462733638172871
0.6587882545705956,0.3412117454294043
0.512719139456749,0.48728086054325104
0.7837511538839492,0.21624884611605072
0.6625519848674372,0.3374480151325629
0.590417289100638,0.4095827108993621
0.8422110245930065,0.15778897540699346
0.5255364445166001,0.47446355548339986
0.6789314564437553,0.32106854355624476
0.60777788852789,0.39222211147211
0.6384023067791404,0.36159769322085955
0.7504610218819588,0.24953897811804113
0.6581060395836205,0.34189396041637954
0.6179838995626484,0.3820161004373517
0.5998940889747207,0.4001059110252793
0.7100978307541076,0.2899021692458924
0.7548201004607834,0.24517989953921665
0.7468887403442953,0.25311125965570463
0.6935449377726121,0.306455062227388
0.5864495156837087,0.41355048431629127
0.8970015075756054,0.1029984924243947
0.6049668445634496,0.3950331554365504
0.8685306922045799,0.13146930779542007
0.8585006982209578,0.1414993017790423
0.722603131528223,0.277396868471777
0.71192190198338,0.28807809801662004
0.64638786064489,0.35361213935511004
0.74295269636339,0.2570473036366101
0.6091301545912337,0.39086984540876635
0.7209917509693629,0.27900824903063715
0.5527396726057308,0.4472603273942692
0.7140034977220875,0.2859965022779125
0.5844820590872642,0.41551794091273575
0.7617833119756231,0.23821668802437687
0.8747875640587277,0.1252124359412724
0.7370784534458394,0.2629215465541605
0.6737088567792959,0.32629114322070407
0.7060708620948632,0.29392913790513675
0.6726582937013852,0.32734170629861475
0.7781958330088107,0.22180416699118932
0.6635980118469166,0.3364019881530835
0.7132219728056485,0.28677802719435147
0.717212431365574,0.28278756863442595
0.3820790587391124,0.6179209412608877
0.7897410291994731,0.21025897080052688
0.8435895422147415,0.15641045778525853
0.4752991944551468,0.5247008055448532
0.6959904226135977,0.30400957738640233
0.6912465736991462,0.30875342630085384
0.7667798014536992,0.23322019854630083
0.7154746427845381,0.28452535721546185
0.5518808937640539,0.44811910623594614
0.7793953101182033,0.2206046898817968
0.6508378306703534,0.3491621693296466
0.5948821219613265,0.4051178780386735
0.8521045856768248,0.14789541432317532
0.814655287782487,0.18534471221751295
0.5,0.5
0.625210033804463,0.374789966195537
0.7578453386466791,0.2421546613533208
0.5842418982494607,0.4157581017505393
0.6875150116868336,0.31248498831316646
0.6399818741850903,0.36001812581490966
0.7682938115874942,0.23170618841250584
0.836133790137602,0.16386620986239803
0.6797726497681489,0.32022735023185106
0.7359648675074342,0.2640351324925658
0.8509493238835876,0.1490506761164125
0.9475198754094587,0.05248012459054134
0.7610985215620855,0.23890147843791448
0.6980236905334722,0.30197630946652776
0.5687223212678721,0.43127767873212786
0.5646473365879211,0.435352663412079
0.8309299509562504,0.16907004904374967
0.6654285616874541,0.33457143831254593
0.7518963925910043,0.24810360740899573
0.6798623422787522,0.32013765772124775
0.8470663026650412,0.15293369733495876
0.6639065086908527,0.3360934913091473
0.6693750127747059,0.33062498722529415
0.8575481494697175,0.1424518505302825
0.5123270445410171,0.4876729554589829
0.6015365095205824,0.39846349047941765
0.691528283347089,0.308471716652911
0.6002524370892853,0.3997475629107146
0.6613705527490548,0.3386294472509452
0.6346940777223737,0.36530592227762626
0.7833979839111384,0.2166020160888616
0.417873223587739,0.582126776412261
0.6710271375072095,0.32897286249279045
0.9592691771572172,0.040730822842782836
0.7959168880276664,0.2040831119723337
0.673804408715609,0.32619559128439113
0.6948687300141655,0.3051312699858346
0.6177545426862883,0.38224545731371173
0.6428659199026494,0.3571340800973506
0.874113697499463,0.125886302500537
0.6908371424501212,0.3091628575498789
0.8518830224938325,0.14811697750616737
0.5913109505618833,0.4086890494381167
0.6735344238306631,0.32646557616933697
0.5804129743626709,0.419587025637329
0.7600529599857785,0.2399470400142215
0.6745226947109272,0.32547730528907287
0.7269267216854076,0.2730732783145923
0.9003721570665408,0.09962784293345917
0.6296341876268468,0.37036581237315325
0.9642606989792103,0.0357393010207897
0.7699339742066612,0.23006602579333874
0.5397425041072836,0.4602574958927163
0.8354731014356697,0.1645268985643303
0.7968746921841446,0.20312530781585528
0.7077567896002069,0.292243210399793
0.8420434077038624,0.1579565922961376
0.5,0.5
0.6065796469066896,0.3934203530933104
0.42542763633260594,0.5745723636673941
0.5333530680750688,0.4666469319249313
0.70561417081928,0.2943858291807199
0.5762987765785081,0.4237012234214918
0.5836078260858975,0.41639217391410255
0.65927191171951,0.34072808828048995
0.6147715599591812,0.3852284400408188
0.7027132387897291,0.297286761210271
0.54286449676282,0.45713550323718
0.7132106839793362,0.2867893160206638
0.5137314349412918,0.4862685650587082
0.7411224006901342,0.2588775993098657
0.5734900079670723,0.4265099920329278
0.6712904018498734,0.32870959815012657
0.8473033329681079,0.15269666703189205
0.9929085245182905,0.007091475481709504
0.737883329642449,0.26211667035755104
0.9533586558066203,0.046641344193379786
0.8598691202596945,0.1401308797403055
0.70124218647532,0.2987578135246799
0.777872343891968,0.22212765610803195
0.5654833822962106,0.43451661770378935
0.8167798867923313,0.1832201132076688
0.6263378753203063,0.3736621246796937
0.6386764040904074,0.3613235959095926
0.575610893833767,0.42438910616623304
0.7886373320108174,0.21136266798918257
0.5932979562590153,0.4067020437409847
0.6974465837366026,0.3025534162633974
0.6581981341032775,0.34180186589672246
0.5746202924990587,0.42537970750094134
0.594293330106775,0.405706669893225
0.752958989249836,0.24704101075016402
0.8370116478585361,0.1629883521414639
0.9018518605261635,0.09814813947383658
0.50911569284793,0.49088430715207
0.6833577714263019,0.31664222857369806
0.8532966194111877,0.14670338058881227
0.6418919751247595,0.35810802487524057
0.6910910469109507,0.30890895308904937
0.45781948609381884,0.5421805139061812
0.47264000305011505,0.5273599969498849
0.6318353854755803,0.3681646145244197
0.6442896444293199,0.3557103555706801
0.7142256705752535,0.2857743294247465
0.6640236607104565,0.3359763392895435
0.7584081995539195,0.24159180044608047
0.5,0.5
0.7131591541374667,0.28684084586253333
0.7286171562953363,0.2713828437046637
0.5771371624576289,0.4228628375423711
0.6485085987129332,0.3514914012870669
0.7027058871667203,0.29729411283327956
0.6913944945551513,0.3086055054448486
0.5227922210045881,0.47720777899541184
0.6847387209053788,0.3152612790946212
0.6900234343923538,0.3099765656076462
0.5265037785041319,0.47349622149586806
0.6277721217274571,0.3722278782725429
0.6279530766159577,0.3720469233840423
0.6617466734029885,0.3382533265970115
0.8586632458564375,0.1413367541435626
0.4895742582892779,0.5104257417107221
0.6156208684231311,0.38437913157686887
0.8697221468604268,0.13027785313957324
0.5785668507471163,0.4214331492528838
0.6949510934868675,0.30504890651313255
0.6413049857428361,0.3586950142571639
0.715301638194459,0.284698361805541
0.6597580719337228,0.3402419280662772
0.6470766616651384,0.35292333833486156
0.7561043316435404,0.24389566835645962
0.546028641706281,0.4539713582937191
0.7616100728536203,0.23838992714637974
0.5052643070675734,0.4947356929324266
0.6482466468549464,0.3517533531450536
0.5104484260082245,0.4895515739917755
0.8369404986020202,0.16305950139797976
0.6650027876018169,0.33499721239818314
0.7733792935713996,0.22662070642860035
0.4475299432228013,0.5524700567771986
0.6806637566289719,0.31933624337102806
0.6953083399873459,0.3046916600126541
1.0,0.0
0.5513472777213484,0.44865272227865166
0.7881729768067405,0.2118270231932594
0.6567117358458368,0.34328826415416325
0.7715629583783025,0.22843704162169756
0.6794979363992384,0.32050206360076167
0.568305184533195,0.431694815466805
0.38986040602891,0.6101395939710901
0.8476696854260627,0.15233031457393736
0.8939417903161899,0.10605820968381008
0.6756249999987816,0.3243750000012185
0.5575772702763592,0.44242272972364083
0.4797646573325395,0.5202353426674605
0.6872777734042621,0.3127222265957379
0.6798257690979175,0.3201742309020825
0.9425276489504645,0.0574723510495355
0.7430765211766235,0.2569234788233766
0.6190798501894615,0.38092014981053846
0.5,0.5
0.8379856032920099,0.16201439670799006
0.8093897108700779,0.19061028912992206
0.7994059746439572,0.20059402535604273
0.6585144618053695,0.3414855381946305
0.7627228499298717,0.23727715007012834
0.5645020385507191,0.4354979614492809
0.7446209412991818,0.2553790587008182
0.8263552204358848,0.17364477956411517
0.9423373281199577,0.05766267188004234
0.4943060725927353,0.5056939274072647
0.6885399363846006,0.3114600636153994
0.554341762451781,0.4456582375482189
1.0,0.0
0.7365892697198803,0.2634107302801198
0.7676975694850401,0.23230243051495983
0.6162962948212087,0.38370370517879127
0.5907230490492918,0.40927695095070826
0.719274416524338,0.2807255834756619
0.7328809289461264,0.26711907105387356
0.5428234384357898,0.45717656156421016
0.6082695189958706,0.3917304810041295
0.7127983109400708,0.2872016890599291
0.6355998324301066,0.3644001675698933
0.5625356231973287,0.4374643768026713
0.4382762773019701,0.5617237226980298
0.4314695280296786,0.5685304719703215
0.7285592541738564,0.2714407458261436
0.7540824457513032,0.2459175542486968
0.7699872728101091,0.23001272718989077
0.5611753614059305,0.43882463859406945
0.6938413587134453,0.3061586412865547
0.7660885354787847,0.23391146452121517
0.6161464607241466,0.38385353927585336
0.822859573709102,0.17714042629089793
0.7537265833569436,0.24627341664305627
0.8052178012433827,0.19478219875661731
0.9160542325351576,0.08394576746484242
0.7988036003297656,0.2011963996702344
0.8120279651903719,0.18797203480962804
0.661539166507238,0.3384608334927619
0.6678446321974622,0.33215536780253785
0.7780861385595336,0.2219138614404664
0.8105399472555379,0.18946005274446212
0.6354199088810779,0.3645800911189221
0.8659132374831108,0.13408676251688928
0.8313001042303401,0.1686998957696599
0.5931352070794208,0.40686479292057914
0.6312916241410668,0.36870837585893323
0.6314363298584421,0.3685636701415579
0.7021222387035597,0.2978777612964404
0.7853532030011459,0.21464679699885406
0.7915268004537315,0.20847319954626853
0.6821118329085019,0.3178881670914982
0.8945470010977891,0.10545299890221099
0.8078081773009769,0.19219182269902318
0.7376715454258731,0.26232845457412685
0.5443413779139519,0.4556586220860481
0.5311392740581291,0.46886072594187084
0.7665213139121017,0.23347868608789835
0.7102218522287909,0.28977814777120914
0.7027739393264629,0.297226060673537
0.6292529650202761,0.37074703497972394
0.6233989460533462,0.3766010539466537
0.7573830059198441,0.2426169940801559
0.8068464757920872,0.19315352420791287
0.7177559196333058,0.28224408036669424
0.7780263705248479,0.2219736294751521
0.9504738748089132,0.04952612519108683
0.6570399172650389,0.34296008273496115
0.6985926924556928,0.3014073075443073
0.7259108395664957,0.2740891604335043
0.6041534611340066,0.3958465388659934
0.9334197367575149,0.06658026324248521
0.6006295174182277,0.39937048258177227
0.7070528074715127,0.29294719252848733
0.7879099294750669,0.21209007052493317
0.6869724772265002,0.31302752277349977
0.6149047782841637,0.38509522171583627
0.7169993705973203,0.28300062940267967
0.644640049108484,0.35535995089151595
0.7355226239004179,0.264477376099582
0.7248316609276994,0.2751683390723007
0.6053823385396502,0.3946176614603499
0.5530572722184756,0.4469427277815244
0.8393681657147081,0.16063183428529185
0.7761288608221949,0.2238711391778051
0.5788622159320939,0.4211377840679062
0.631463911136872,0.36853608886312805
0.6527321398394589,0.3472678601605412
0.541799877046755,0.45820012295324497
0.851426271394697,0.14857372860530305
0.8839454360304921,0.11605456396950789
0.49120356017121974,0.5087964398287803
0.7143513827659598,0.28564861723404017
0.6595092029761762,0.3404907970238239
0.8092877708372674,0.1907122291627326
0.6564734076179366,0.34352659238206346
0.7479025907487865,0.25209740925121354
0.7100099895923396,0.2899900104076604
0.7261298303626491,0.27387016963735095
0.7207161620878636,0.27928383791213646
0.7590388997708667,0.2409611002291333
0.770091395333601,0.22990860466639895
0.5557476092981513,0.4442523907018487
0.8559934622422529,0.14400653775774697
0.7350806425787385,0.26491935742126144
0.8181116533002247,0.18188834669977527
0.6918097047443055,0.3081902952556944
0.732600890618938,0.26739910938106204
0.7583993407309416,0.24160065926905833
0.7006613740507979,0.29933862594920213
0.8906842300296878,0.10931576997031223
0.657283814284464,0.34271618571553597
0.808580871834745,0.19141912816525503
0.4149295005321822,0.5850704994678178
0.7762593072031749,0.223740692796825
0.8510267201354315,0.14897327986456854
0.7740074530006965,0.2259925469993034
0.7396190127738629,0.26038098722613723
0.6893221655741872,0.3106778344258128
0.6934440979410782,0.3065559020589218
0.6810603391996675,0.3189396608003326
0.7638708836945028,0.23612911630549716
0.6966750386918493,0.3033249613081507
0.7643237922846179,0.2356762077153821
0.5481044167127137,0.4518955832872863
0.6178987086583475,0.38210129134165255
0.7739783464405497,0.22602165355945028
0.5147199288362949,0.48528007116370514
0.7410011569357504,0.25899884306424953
0.7696060557946879,0.2303939442053121
0.6032984782365879,0.3967015217634121
0.6294598732757164,0.37054012672428355
1.0,0.0
0.5068969455559668,0.49310305444403324
0.6365939378738404,0.3634060621261595
0.6313587337986905,0.3686412662013096
0.7116552635306436,0.28834473646935643
0.5809106371122663,0.41908936288773363
0.5756156348637539,0.42438436513624606
0.8687796185561989,0.13122038144380116
0.7101489032851139,0.28985109671488607
0.5441926180247704,0.45580738197522963
0.7321893904455846,0.26781060955441527
0.4889830495575949,0.5110169504424051
0.8700202800566496,0.1299797199433504
0.5727638381531143,0.42723616184688573
0.7444431268100165,0.2555568731899836
0.6000399246571338,0.39996007534286615
0.6092166856448367,0.39078331435516334
0.7344575935494166,0.26554240645058336
0.7227467735670063,0.27725322643299366
0.7326489056777128,0.2673510943222873
0.48209607499728696,0.5179039250027131
0.7134824409924864,0.28651755900751363
0.7339043692917829,0.2660956307082171
0.7638611243006471,0.23613887569935288
0.5807830458711756,0.4192169541288244
0.6782241649971287,0.32177583500287127
0.7138964576889378,0.2861035423110621
0.6194635829589884,0.3805364170410116
0.7061143239641818,0.29388567603581817
0.686272276644836,0.31372772335516397
0.69581001017924,0.30418998982075995
0.5884234887645622,0.4115765112354378
0.4684878816018461,0.5315121183981538
0.8371391195765763,0.16286088042342373
0.6416021650141123,0.3583978349858878
0.6084179419422758,0.3915820580577241
0.7272079361140955,0.2727920638859046
0.7399905529966727,0.2600094470033273
0.5863392774899924,0.4136607225100075
0.6608859722889816,0.3391140277110184
0.4764484100543304,0.5235515899456696
0.9413257238767896,0.05867427612321041
0.7572963504565857,0.24270364954341425
0.6969192628190489,0.3030807371809511
0.6861147739851711,0.31388522601482893
0.7115563591883868,0.28844364081161317
0.6457529367099246,0.3542470632900754
0.8181412804436478,0.18185871955635233
0.8000521742122866,0.19994782578771336
0.4807244111449551,0.5192755888550449
0.7499020937569495,0.25009790624305056
0.7016092821026039,0.2983907178973962
0.6892349041841839,0.31076509581581613
0.5262879799060357,0.4737120200939643
0.6457375398006326,0.35426246019936736
0.6588052388670858,0.34119476113291425
0.7159666725284756,0.28403332747152443
0.6622706750479755,0.3377293249520244
0.7719027956062475,0.22809720439375247
0.5495927956661831,0.45040720433381687
0.6473238353520101,0.35267616464798984
0.6631167807167793,0.3368832192832207
0.7065467694439967,0.29345323055600325
0.7776807561796691,0.22231924382033083
0.7050969277164519,0.29490307228354806
0.7330825751212359,0.26691742487876424
0.7248590916360168,0.27514090836398314
0.6261058267746784,0.3738941732253217
0.5,0.5
0.7792256822426844,0.22077431775731557
0.6368598791485501,0.36314012085144987
0.8321867132595923,0.16781328674040769
0.7722159120293027,0.2277840879706972
0.8334086138651771,0.16659138613482288
0.6794262573541983,0.3205737426458017
0.5351709872484207,0.4648290127515793
0.6744946141731791,0.32550538582682087
0.6422938179585643,0.3577061820414356
0.9885668461106067,0.011433153889393215
0.5659526459162398,0.43404735408376016
0.6159411189351983,0.3840588810648016
0.5187722075749507,0.4812277924250493
0.6017608713442181,0.3982391286557819
0.5744236335158349,0.42557636648416514
0.5429547525518384,0.4570452474481615
0.6797453068593388,0.3202546931406613
0.7681328506722399,0.23186714932776006
0.5778642174159231,0.42213578258407697
0.5926207821033521,0.4073792178966479
0.8231626857619126,0.1768373142380873
0.7378868735899153,0.2621131264100847
0.6818386933390191,0.31816130666098086
0.8124625080255953,0.1875374919744049
0.7061020072870241,0.2938979927129759
0.5825746641433288,0.4174253358566712
0.5969665558768839,0.40303344412311615
0.6924973421425831,0.3075026578574169
0.6664957626863905,0.3335042373136095
0.6732955208946075,0.32670447910539246
0.644693698968893,0.35530630103110705
0.7971500071843945,0.20284999281560548
0.8353817150570276,0.16461828494297237
0.7255070927144055,0.2744929072855945
0.585234622196065,0.41476537780393496
0.7651238537147963,0.23487614628520367
0.7784439245820765,0.22155607541792352
0.5531192611885396,0.4468807388114603
0.6812160191019665,0.31878398089803356
0.509974366004985,0.490025633995015
0.7243221711821242,0.27567782881787584
0.6125120141360079,0.3874879858639922
0.8077283189556982,0.19227168104430176
0.530035699841649,0.469964300158351
0.7393777920323348,0.2606222079676653
0.6057612488708106,0.39423875112918944
0.4427593513410879,0.5572406486589121
0.3773414802277616,0.6226585197722384
0.5281948265724716,0.47180517342752837
0.6981139026088564,0.30188609739114347
0.6859516062097767,0.31404839379022337
0.7934227044749519,0.20657729552504814
0.8909653903917736,0.1090346096082265
0.8757975144444882,0.12420248555551182
0.7888622576096467,0.21113774239035332
0.764269021049904,0.23573097895009593
0.8283213782855654,0.17167862171443454
0.617574420350226,0.382425579649774
0.8447246120619721,0.1552753879380279
0.6130354632608406,0.38696453673915937
0.7371972186674126,0.26280278133258744
0.5,0.5
0.753420904447767,0.24657909555223306
0.5932179501970289,0.40678204980297106
0.6082144209072424,0.3917855790927576
0.642083377520673,0.357916622479327
0.709323816247683,0.290676183752317
0.743609337492864,0.25639066250713605
0.5498166850155037,0.45018331498449626
0.7666858590967577,0.23331414090324226
0.7048316784424713,0.29516832155752865
0.566857880878691,0.433142119121309
0.7786225065741568,0.22137749342584323
0.7214817139267581,0.27851828607324197
0.7195110358213949,0.28048896417860514
0.4944573938846588,0.5055426061153412
0.763928660095643,0.23607133990435702
0.6252312378340567,0.37476876216594335
0.7055555491580058,0.2944444508419943
0.6945405440045047,0.30545945599549534
0.4685763059964728,0.5314236940035272
0.688824043897796,0.3111759561022041
0.8467674306784153,0.15323256932158472
0.8227135062829461,0.17728649371705396
0.6886663493402961,0.3113336506597038
0.6236729710207943,0.37632702897920567
0.9145184858945483,0.08548151410545166
0.48698127269744873,0.5130187273025513
0.6318937767384768,0.3681062232615232
0.7763112399382628,0.22368876006173719
0.8025449741385946,0.1974550258614054
0.7101503116133313,0.2898496883866687
0.6699426785054949,0.33005732149450506
0.6791397327825849,0.3208602672174152
0.6871538556748631,0.31284614432513685
0.6339458351298727,0.3660541648701274
0.6711723817613922,0.3288276182386078
0.705708944393319,0.29429105560668106
0.7033389881670221,0.2966610118329779
0.8298229670556467,0.1701770329443533
0.6021268110063777,0.3978731889936224
0.9099944029981704,0.09000559700182964
0.675133138687212,0.32486686131278797
0.8168667517139785,0.18313324828602157
0.7147323089191271,0.285267691080873
0.6273608086119935,0.37263919138800655
0.8082215419304287,0.19177845806957128
0.6893101876196772,0.3106898123803228
0.8561305807435047,0.1438694192564954
0.5910836095812372,0.40891639041876277
0.7691094916118107,0.23089050838818917
0.8373371717861049,0.1626628282138952
0.7814809762021263,0.2185190237978736
0.7517750722267523,0.24822492777324767
0.5569953039276719,0.44300469607232806
0.7067070427337264,0.29329295726627375
0.7331742801817988,0.26682571981820125
0.8415957284290847,0.15840427157091538
0.9592780975006713,0.04072190249932867
0.5384110730102218,0.4615889269897781
0.5,0.5
0.5,0.5
0.6091083684867158,0.3908916315132842
0.6681616435423134,0.33183835645768656
0.5580603006802283,0.4419396993197718
0.667173244059086,0.33282675594091404
0.7672112877850311,0.23278871221496886
0.687046070054655,0.312953929945345
0.8258078642367401,0.17419213576325993
0.6212629530003146,0.37873704699968536
0.7584883507016613,0.2415116492983387
0.5918270516055107,0.4081729483944893
0.7580418354569395,0.2419581645430605
0.505501766498783,0.4944982335012171
0.6519472485106353,0.3480527514893646
0.7576933228161092,0.24230667718389073
0.5904810609172417,0.4095189390827583
0.617893120409153,0.38210687959084694
0.6035844592220678,0.39641554077793223
0.7171492764599492,0.2828507235400508
0.7186491060618682,0.2813508939381319
0.8549585553797019,0.14504144462029822
0.5433784885755558,0.4566215114244442
0.558478360459465,0.4415216395405351
0.6909303443803136,0.30906965561968636
0.7831657380626168,0.21683426193738314
0.6792427825141368,0.32075721748586317
0.5,0.5
0.6790119131105138,0.32098808688948616
0.6718873738500009,0.32811262614999914
0.5,0.5
0.6792789088871007,0.3207210911128993
0.4537844593377729,0.5462155406622271
0.7116476427860924,0.2883523572139076
0.7706209309156571,0.22937906908434294
0.8584606336047419,0.14153936639525813
0.5,0.5
0.4670393593149114,0.5329606406850885
0.6960888888574835,0.30391111114251645
0.7213548467743404,0.2786451532256596
0.9118737360281359,0.088126263971864
0.6037124117382855,0.3962875882617145
0.5891614925814717,0.41083850741852834
0.7634755300233849,0.2365244699766151
0.5485066188973353,0.4514933811026646
0.6008756152798647,0.39912438472013534
0.8683792700034938,0.13162072999650623
0.4216754699663921,0.5783245300336078
0.8000485836730545,0.19995141632694546
0.6871406697785037,0.3128593302214962
0.6405977298605086,0.35940227013949144
0.6650744259211078,0.3349255740788922
0.6855616721102428,0.31443832788975723
0.5712127045175313,0.42878729548246874
0.6250276277394198,0.37497237226058017
0.5785560898617124,0.42144391013828775
0.5807201699399245,0.4192798300600755
0.7529707182091625,0.24702928179083744
0.5401927983727277,0.4598072016272722
0.5734740387942938,0.4265259612057062
0.6550467139115872,0.3449532860884128
0.8177049173997905,0.18229508260020966
0.49219653755426407,0.5078034624457359
0.7170621087749711,0.2829378912250289
0.7478439029815571,0.2521560970184429
0.7102771892414845,0.28972281075851547
0.5886675873318861,0.411332412668114
0.7440977098867246,0.2559022901132755
0.7078984395627076,0.29210156043729235
0.7831063384233811,0.21689366157661896
0.7812416242845741,0.2187583757154259
0.5146793083051756,0.4853206916948244
0.6465242199894938,0.3534757800105062
0.8123951773914885,0.18760482260851155
0.7298744612231284,0.27012553877687157
0.6736060340559977,0.32639396594400233
0.8170024653574905,0.1829975346425095
0.7638529103992421,0.23614708960075786
0.7816332035463154,0.21836679645368462
0.6745989880401294,0.3254010119598706
0.543120235246401,0.45687976475359915
0.7876008170765206,0.21239918292347937
0.6727134233054992,0.32728657669450073
0.6890254071560254,0.31097459284397455
0.36214193476705275,0.6378580652329473
0.582894051260937,0.41710594873906315
0.747887435650183,0.25211256434981694
0.9127373826114805,0.08726261738851938
0.6360827502961942,0.36391724970380573
0.5145176635183942,0.48548233648160577
0.6783690041965945,0.3216309958034055
0.6721528120752297,0.3278471879247703
0.6378246980792643,0.3621753019207356
0.7724724524901082,0.22752754750989182
0.6620783439416176,0.3379216560583824
0.5238782199470812,0.4761217800529188
0.583505961834175,0.41649403816582503
0.8463357209634796,0.15366427903652038
0.6047543160613468,0.39524568393865317
0.7170861216115464,0.28291387838845355
0.7375383741155198,0.2624616258844802
0.3672406684752425,0.6327593315247575
0.8177004118421367,0.18229958815786323
0.5555808503721094,0.4444191496278906
0.7642945044162186,0.23570549558378145
0.5968604047853898,0.4031395952146102
0.8304388011070569,0.1695611988929432
0.5400033473070827,0.4599966526929174
0.6691365795026956,0.3308634204973044
0.6981264126198012,0.3018735873801988
0.695428221592559,0.304571778407441
0.5974120332279494,0.40258796677205055
0.525634971350201,0.474365028649799
0.7352496813460534,0.26475031865394655
0.6554145365100899,0.3445854634899101
0.6625506164118887,0.3374493835881113
0.5225972031179484,0.47740279688205156
0.6198299663713471,0.38017003362865287
0.8887271245715114,0.11127287542848853
0.5291679109818719,0.47083208901812806
0.7796865723597932,0.2203134276402067
0.41787364222441853,0.5821263577755815
0.774642835831679,0.22535716416832105
0.5583114422676055,0.44168855773239446
0.8425487584299997,0.15745124157000023
0.5655325100137307,0.4344674899862693
0.8764374525248017,0.12356254747519826
0.6800244175420176,0.31997558245798247
0.6197065446777573,0.3802934553222426
0.583507814039158,0.416492185960842
0.8815389881154315,0.11846101188456845
0.6180299846901807,0.38197001530981933
0.6840357523870458,0.31596424761295416
0.6797416058187058,0.32025839418129426
0.7061455999416248,0.2938544000583751
0.8892564064750544,0.11074359352494562
0.7343504124121667,0.26564958758783336
0.7614648590684242,0.23853514093157568
0.658338445779094,0.34166155422090605
0.5317754571882565,0.4682245428117435
0.7528484873089536,0.2471515126910465
0.6830746596087711,0.3169253403912288
0.6045727796060324,0.3954272203939676
0.598410237931814,0.40158976206818603
0.6289468519236503,0.3710531480763498
0.6743798940400321,0.3256201059599679
0.6442121792470373,0.3557878207529627
0.863343743382939,0.136656256617061
0.6004435041124961,0.39955649588750386
0.6675876745558196,0.3324123254441804
0.581817999247681,0.41818200075231904
0.7894953918271125,0.21050460817288763
0.6094537004828453,0.39054629951715464
0.5167649050625108,0.4832350949374892
0.5048376843333244,0.49516231566667557
0.8167361109645492,0.18326388903545074
0.8582695484357371,0.1417304515642629
0.7496371864474702,0.25036281355252976
0.7238177067702913,0.2761822932297087
0.7304188765469761,0.26958112345302393
0.9507986438075436,0.04920135619245624
0.788274262583899,0.211725737416101
0.7744365972383161,0.2255634027616838
0.6696257422563485,0.3303742577436516
0.6492658691596451,0.3507341308403548
0.7827732001470317,0.21722679985296828
0.7801824596552274,0.21981754034477263
0.6389937223568339,0.3610062776431661
0.7044719040320794,0.29552809596792057
0.5961806108687788,0.4038193891312212
0.5,0.5
0.5873325481705064,0.41266745182949355
0.47596356314719224,0.5240364368528078
0.6589596012646838,0.3410403987353163
0.6412478404531661,0.358752159546834
0.666124094213277,0.33387590578672294
0.8040391126972962,0.1959608873027038
0.9360287285518254,0.06397127144817458
0.7787188616198814,0.2212811383801186
0.7949350584642066,0.2050649415357934
0.645747899404007,0.35425210059599294
0.6098438820294068,0.3901561179705932
0.5780247300863266,0.4219752699136734
0.7447356367430437,0.25526436325695634
0.7547264789042879,0.24527352109571215
0.6996652875995655,0.30033471240043447
0.7196342902389836,0.2803657097610164
0.8112758778419044,0.1887241221580957
0.9242130704284784,0.07578692957152161
0.9475996406712734,0.052400359328726526
0.8448082055236277,0.1551917944763724
0.4917908117168381,0.5082091882831619
0.7432718145907428,0.25672818540925724
0.8174045916289953,0.18259540837100477
0.8055268534086969,0.19447314659130308
0.7938233785891854,0.20617662141081458
0.5865295470684964,0.41347045293150364
0.5371943381711031,0.4628056618288969
0.7381826250910012,0.2618173749089988
0.7348127936349353,0.2651872063650646
0.8668407804701662,0.13315921952983384
0.708850721761344,0.29114927823865594
0.5280155315995216,0.47198446840047836
0.7428602959747188,0.25713970402528125
0.5623431327744824,0.43765686722551755
0.5418344885347502,0.45816551146524975
0.5700083213427878,0.42999167865721216
0.8710116477777458,0.1289883522222543
0.6155201821804173,0.3844798178195827
0.6409205543217793,0.3590794456782207
0.7801087610164907,0.21989123898350926
0.7549605672751255,0.2450394327248745
0.7270779371929139,0.27292206280708603
0.8204141227033263,0.1795858772966738
0.7506226062054993,0.24937739379450077
0.6971048962468251,0.3028951037531748
0.7516518206563919,0.24834817934360812
0.7061623915620231,0.2938376084379769
0.7205406266333343,0.2794593733666657
0.7789555070581649,0.22104449294183517
0.6171761893661794,0.38282381063382065
0.5775391735419406,0.42246082645805944
0.6190763579809575,0.38092364201904255
0.7457304068096104,0.25426959319038955
0.7741519325439102,0.2258480674560897
0.7716315995037828,0.22836840049621726
0.6434194491282414,0.3565805508717585
0.8474222429153586,0.1525777570846413
0.8324263325563518,0.16757366744364813
0.7231340703639906,0.2768659296360095
0.446264049239885,0.553735950760115
0.4496636323546584,0.5503363676453417
0.6302326126769331,0.3697673873230669
0.5782534203957406,0.4217465796042595
0.5782698825764387,0.4217301174235613
0.6507284768270126,0.3492715231729874
0.5345214317142223,0.46547856828577766
0.71723018456986,0.28276981543014
0.4378007300535379,0.5621992699464621
0.6201716463003157,0.37982835369968426
0.7556558353709274,0.2443441646290726
0.48259855061769485,0.5174014493823051
0.907424022282375,0.0925759777176251
0.7162434390215423,0.28375656097845764
0.6350132740675549,0.3649867259324451
0.6056804660095085,0.39431953399049147
0.7188329367832974,0.28116706321670254
0.6699801490413827,0.3300198509586173
0.5971529800358979,0.4028470199641022
0.6705810620232553,0.32941893797674476
0.6785412661040794,0.3214587338959206
0.8100699878040033,0.18993001219599664
0.6395641720713917,0.36043582792860834
0.8954130873221534,0.10458691267784664
0.8348322219404712,0.1651677780595288
0.9420313611963068,0.057968638803693164
0.7255448944859666,0.27445510551403346
0.41935265809297556,0.5806473419070244
0.5887685671861909,0.4112314328138091
0.8010672605833822,0.19893273941661782
0.643574923176836,0.35642507682316404
0.5107898116111755,0.48921018838882446
0.573380059338362,0.42661994066163794
0.5305979587709742,0.4694020412290258
0.6993372355576293,0.3006627644423707
0.5134235867951805,0.4865764132048194
0.5258998181230358,0.4741001818769642
0.6128781826859762,0.3871218173140239
0.8864881352982393,0.11351186470176063
0.5300820418004443,0.4699179581995557
0.7489615644632168,0.2510384355367831
0.6987319418535239,0.3012680581464761
0.6491257198353897,0.35087428016461036
0.6573460345890879,0.34265396541091214
0.6897112466757358,0.31028875332426414
0.7331925300208453,0.2668074699791547
0.7474359553766758,0.2525640446233242
0.8528297981553574,0.14717020184464252
0.7296032255847805,0.2703967744152195
0.8187071759355471,0.18129282406445296
0.6699782779905303,0.33002172200946966
0.5753322789283859,0.42466772107161416
0.5054419189691544,0.49455808103084564
0.4576063555628769,0.5423936444371231
0.5869900940324577,0.4130099059675423
0.6422787502801076,0.3577212497198924
0.6598012000322342,0.34019879996776575
0.6868600727214255,0.31313992727857454
0.6910581252334254,0.30894187476657464
0.5486530625956503,0.45134693740434967
0.686073270152091,0.3139267298479089
0.7762458716075603,0.2237541283924396
0.5727033895808525,0.4272966104191474
0.8342233710154174,0.16577662898458256
0.538103321136092,0.46189667886390795
0.5942064147508681,0.40579358524913195
0.8842485593030012,0.11575144069699889
0.662037528895839,0.33796247110416094
0.6479834486840409,0.3520165513159591
0.6313533911981553,0.36864660880184474
0.6752563400960154,0.32474365990398457
0.6321506593442082,0.3678493406557917
0.5880910899851386,0.41190891001486135
0.7155916191871846,0.2844083808128154
0.6845145114247961,0.31548548857520387
0.7054610831744943,0.29453891682550565
0.606323903444754,0.39367609655524605
0.7089607807785046,0.2910392192214954
0.6048944020059205,0.3951055979940795
0.5458042999398971,0.4541957000601029
0.5786334100172857,0.42136658998271426
0.6379450265052484,0.36205497349475163
0.7125513268512778,0.2874486731487222
0.728620306697403,0.27137969330259704
0.6133970620536252,0.38660293794637474
0.7319535686882117,0.26804643131178824
0.7981137058226845,0.2018862941773156
0.586297568527991,0.413702431472009
0.7054038057301776,0.2945961942698224
0.6345381787479948,0.3654618212520052
0.6029772186377392,0.3970227813622607
0.7291392110166758,0.2708607889833243
0.7924812450317201,0.20751875496827996
0.8553361059078948,0.14466389409210534
0.48304279129542327,0.5169572087045767
0.7543590380484521,0.2456409619515479
0.6421753599260842,0.35782464007391585
0.4932776920427961,0.5067223079572039
0.5178917785753147,0.48210822142468535
0.6014262797795852,0.3985737202204149
0.8132722882005308,0.18672771179946915
0.45284582168002,0.54715417831998
0.6085085367216243,0.3914914632783757
0.7305992743465974,0.2694007256534026
0.6103451833180069,0.3896548166819931
0.8490130579530579,0.15098694204694202
0.8389382355274655,0.16106176447253445
0.6343691123803066,0.3656308876196934
0.7709679111850574,0.22903208881494264
0.753478181196149,0.24652181880385107
0.7287940326796106,0.27120596732038943
0.5271854608873743,0.4728145391126257
0.48559675261761454,0.5144032473823855
0.6773392126525815,0.32266078734741843
0.7544202437743781,0.2455797562256218
0.6592197471131843,0.34078025288681557
0.6879897474368616,0.31201025256313836
0.5989986612723193,0.40100133872768073
0.7252116314714153,0.2747883685285847
0.8596315761157178,0.1403684238842822
0.6884253819744978,0.31157461802550224
0.5887630104064684,0.4112369895935317
0.7789005188703209,0.22109948112967912
0.7018953216755117,0.2981046783244883
0.827418775704312,0.17258122429568803
0.586810765635138,0.413189234364862
0.522868758981994,0.47713124101800597
0.672513586417178,0.3274864135828221
0.7108478812123258,0.2891521187876743
0.798954779428173,0.2010452205718271
0.4151787989920807,0.5848212010079192
0.9058705246475763,0.09412947535242368
0.7340492112326144,0.2659507887673856
0.862032349591834,0.137967650408166
0.610775715666122,0.389224284333878
0.5469012399986131,0.45309876000138694
0.5418983909470562,0.45810160905294384
0.6179085093135988,0.38209149068640125
0.6535323469154584,0.34646765308454164
0.4562809323579786,0.5437190676420214
0.798099959208915,0.201900040791085
0.5598865285003346,0.4401134714996654
0.7884894700193157,0.21151052998068437
0.619791534444525,0.38020846555547505
0.655530684863732,0.344469315136268
0.5488451682201835,0.45115483177981647
0.7401485609744265,0.25985143902557345
0.6698246454352036,0.33017535456479646
0.5772723655212667,0.42272763447873324
0.5992480942346493,0.40075190576535064
0.5759133445432878,0.4240866554567122
0.9401098557050221,0.05989014429497783
0.6680960738477523,0.33190392615224773
0.7435181066897673,0.25648189331023274
0.6509900996267842,0.3490099003732158
0.855525644492391,0.144474355507609
0.700921777350645,0.299078222649355
0.6239570584888602,0.37604294151113976
0.5692709744925637,0.43072902550743636
0.6425435311348705,0.3574564688651295
0.572662414726527,0.427337585273473
0.664576214426746,0.33542378557325403
0.6921932719060725,0.30780672809392745
0.8458068085368682,0.15419319146313182
0.7987623152678939,0.20123768473210607
0.508932463824749,0.491067536175251
0.49230993539094925,0.5076900646090508
0.6296111810164655,0.3703888189835345
0.6584179145758126,0.3415820854241874
0.8059861548311822,0.1940138451688178
0.6412855957612597,0.35871440423874046
0.56456380578985,0.43543619421015006
0.6611161224549553,0.3388838775450447
0.6248186656964162,0.37518133430358386
0.6565142395780206,0.3434857604219794
0.5441650520047586,0.4558349479952414
0.5428889466547224,0.4571110533452776
0.9149470907052872,0.08505290929471276
0.6146769996553292,0.38532300034467093
0.42491123733272845,0.5750887626672715
0.9575038526967588,0.042496147303241326
0.6320916887095379,0.3679083112904621
0.7258187210711029,0.2741812789288971
0.8397739228434897,0.16022607715651033
0.7364444922281776,0.26355550777182246
0.8894692026868458,0.11053079731315417
0.5170421747015084,0.4829578252984916
0.8599800978499622,0.14001990215003784
0.7662787329536851,0.2337212670463149
0.8095699325401277,0.19043006745987232
0.8735181454436213,0.12648185455637878
0.5431525373686494,0.45684746263135056
0.7616229518320085,0.23837704816799155
0.8241918396648029,0.17580816033519703
0.6075374537324485,0.39246254626755156
0.6179629010188656,0.3820370989811344
0.6273140224109804,0.3726859775890195
0.8333321025693876,0.16666789743061247
0.7347348634537845,0.26526513654621553
0.807144674611788,0.19285532538821204
0.6654378159190147,0.33456218408098515
0.8041140896403517,0.19588591035964834
0.6527384641074236,0.3472615358925764
0.7949099396627385,0.20509006033726146
0.6801289201301965,0.3198710798698034
0.7390237222358955,0.26097627776410454
0.8216821415558995,0.17831785844410047
0.8762953911878284,0.1237046088121716
0.7238794715262591,0.2761205284737409
0.8799309602767923,0.12006903972320766
0.8086109926011531,0.19138900739884696
0.8178838882186708,0.18211611178132928
0.6046384804466087,0.3953615195533913
0.7288789405280917,0.2711210594719084
0.6534126520540823,0.3465873479459177
0.8212880837984933,0.1787119162015067
0.7852712970283836,0.2147287029716165
0.6022516184528197,0.3977483815471803
0.688931608990708,0.31106839100929196
0.5343148844452413,0.46568511555475867
0.4782391490072592,0.5217608509927407
0.7311734186215989,0.2688265813784011
0.7655401598023762,0.23445984019762367
0.6192417350542175,0.38075826494578247
0.7507119240983455,0.24928807590165453
0.5310131189672836,0.46898688103271635
0.774105674247794,0.225894325752206
1.0,2.5153490401663703e-17
0.7040021365398386,0.2959978634601615
0.5927410709146991,0.4072589290853009
0.550819564180306,0.44918043581969397
0.5757966637611389,0.42420333623886114
0.6174554677023883,0.3825445322976116
0.5503908882968125,0.44960911170318746
0.7767664201799127,0.22323357982008735
0.6644534199444521,0.33554658005554794
0.8184399876890052,0.1815600123109949
0.7548466900833178,0.2451533099166822
0.5676020518828565,0.4323979481171435
0.7480513633285967,0.25194863667140327
0.883019711551065,0.116980288448935
0.8996773592017471,0.10032264079825291
0.618063621222973,0.381936378777027
0.712155556661499,0.287844443338501
0.6422629839021206,0.3577370160978794
0.5891751274188711,0.4108248725811289
0.7074182045220708,0.2925817954779291
0.6479065146646771,0.352093485335323
0.7324069190898977,0.2675930809101023
0.7017294129590801,0.29827058704091997
0.5183512255188651,0.4816487744811349
0.7065208480445375,0.2934791519554624
0.6516217834457902,0.3483782165542098
0.81042666493819,0.18957333506180996
0.6802179369182207,0.31978206308177926
0.7535555251574925,0.2464444748425076
0.7733323340337472,0.2266676659662527
0.8390966625089711,0.16090333749102892
0.6397495242091854,0.36025047579081465
0.6621356729300418,0.3378643270699581
0.4820674996099141,0.5179325003900859
0.6277557235012026,0.37224427649879743
0.6773814105439824,0.32261858945601757
0.6924668505033921,0.307533149496608
0.8509286467701833,0.14907135322981663
0.4784047992835793,0.5215952007164206
0.8303814121293721,0.16961858787062795
0.7112490091667272,0.2887509908332727
0.8063495048612833,0.19365049513871668
0.6917308889631434,0.3082691110368566
0.6754940147783455,0.3245059852216546
0.7426943353157612,0.25730566468423877
0.7802200582093659,0.21977994179063406
0.6557921096682549,0.3442078903317451
0.6351750479424424,0.3648249520575576
0.8153513646613323,0.18464863533866774
0.6990343932011166,0.3009656067988834
0.751639304141991,0.24836069585800893
0.7473110254900774,0.25268897450992256
0.8814704363050013,0.11852956369499862
0.6954157267487778,0.3045842732512222
0.6318494483125845,0.3681505516874155
0.6915013264285688,0.3084986735714312
0.5604133630078687,0.4395866369921313
0.543588660334055,0.4564113396659451
0.756273276243467,0.24372672375653304
0.7942915106067344,0.2057084893932655
0.8408818096788406,0.15911819032115945
0.691118158252138,0.308881841747862
0.5826398538396387,0.4173601461603614
0.7530117067019815,0.24698829329801847
0.6182572216114448,0.3817427783885552
0.7616904836255101,0.23830951637449005
0.8684666551023953,0.1315333448976047
0.640187739401546,0.3598122605984539
0.831445720408739,0.16855427959126107
0.8033241766958875,0.19667582330411243
0.6347781201302365,0.36522187986976357
0.7577232097232925,0.24227679027670748
0.8273955182372659,0.1726044817627343
0.39166518631593167,0.6083348136840684
0.8433251002368884,0.15667489976311155
0.6117648037614863,0.38823519623851366
0.7513766547925079,0.24862334520749207
0.5199191072581193,0.4800808927418807
0.4429160268448642,0.5570839731551359
0.8113713404644899,0.18862865953551006
0.6301253096088113,0.3698746903911887
0.8139227644528606,0.18607723554713945
0.8807573180223744,0.11924268197762544
0.6045813926972959,0.395418607302704
0.5,0.5
0.7416384854823648,0.2583615145176352
0.47062445372472633,0.5293755462752737
0.6297156419941304,0.3702843580058695
0.6972820865103317,0.30271791348966826
0.6108551150272692,0.3891448849727307
0.8136880288963884,0.18631197110361172
0.6674701585973657,0.3325298414026343
0.8016004372397354,0.19839956276026458
0.7740448677607327,0.2259551322392674
0.7668434951102411,0.23315650488975886
0.7854129528286129,0.21458704717138705
0.7325240012699523,0.26747599873004774
0.76839354267274,0.23160645732726
0.7515765752475237,0.24842342475247625
0.717959042311632,0.28204095768836807
0.5436489717364802,0.4563510282635198
0.5651903035106121,0.434809696489388
0.8167729650413748,0.18322703495862522
0.6994485593478871,0.3005514406521129
0.7805275257409557,0.21947247425904426
0.6937476812489548,0.3062523187510452
0.40463253229886653,0.5953674677011335
0.717735722127248,0.28226427787275205
0.790653470972806,0.20934652902719408
0.6507265377054235,0.34927346229457645
0.5548919140634896,0.4451080859365104
0.5666665358669635,0.43333346413303653
0.9403839182016254,0.05961608179837461
0.7781052921960863,0.22189470780391374
0.5158695036271745,0.4841304963728254
0.659018028427544,0.340981971572456
0.7235294424224563,0.2764705575775437
0.6368779937628771,0.3631220062371228
0.6701530547096194,0.3298469452903806
0.886821594815377,0.11317840518462302
0.7487371476545129,0.25126285234548695
0.7848279939039473,0.21517200609605272
0.6529617268018507,0.34703827319814917
0.6275771864427803,0.37242281355721973
0.7618033856189967,0.23819661438100329
0.8023450565911461,0.19765494340885384
0.49263721155026424,0.5073627884497357
0.6067356732897995,0.3932643267102005
0.539511768821629,0.460488231178371
0.705252980374541,0.294747019625459
0.771305703610762,0.2286942963892379
0.6303595789722478,0.3696404210277522
0.7199091774948555,0.2800908225051445
0.6741889489601307,0.32581105103986935
0.7228176969627267,0.27718230303727326
0.660724340774537,0.339275659225463
0.5911569450070047,0.4088430549929954
0.5758609974403005,0.4241390025596995
0.7771271066221616,0.2228728933778385
0.7446512535600983,0.25534874643990163
0.6389336220746002,0.36106637792539975
0.7138063953294086,0.2861936046705915
0.5813061064214561,0.41869389357854386
0.7195373743670614,0.28046262563293856
0.6872695842647659,0.31273041573523414
0.8192765099750089,0.18072349002499108
0.6338195266684826,0.3661804733315174
0.8268124199286218,0.1731875800713782
0.8000041017517787,0.19999589824822137
0.724668883518028,0.27533111648197195
0.6680104265213351,0.33198957347866487
0.7046597456311186,0.2953402543688814
0.7102761600563767,0.2897238399436233
0.7263270473486484,0.27367295265135155
0.7479788790342,0.2520211209658001
0.8285035559916977,0.17149644400830233
0.8102833656824596,0.18971663431754043
0.7483148577426404,0.25168514225735966
0.7265533788822484,0.2734466211177517
0.4388451075543932,0.5611548924456068
0.6798879786894331,0.32011202131056693
0.6365097451688986,0.36349025483110137
0.7200507039765277,0.27994929602347224
0.8214473055962783,0.17855269440372176
0.7282793041889327,0.2717206958110673
0.8262576340731229,0.17374236592687714
0.7115683511695358,0.28843164883046424
0.611252650507637,0.388747349492363
0.5754107456744749,0.42458925432552513
0.5664905813585241,0.43350941864147585
0.7704811296645109,0.22951887033548918
0.7359930251756497,0.26400697482435026
0.7674571826425461,0.2325428173574538
0.7845922556755284,0.21540774432447163
0.8163535843048343,0.18364641569516565
0.7192745757991965,0.2807254242008035
0.7180773949389505,0.2819226050610495
0.5175345763762857,0.48246542362371425
0.62566665002048,0.37433334997951995
0.6542918021546194,0.3457081978453807
0.5843069964602395,0.41569300353976046
0.7428869979841835,0.25711300201581644
0.7000494488360804,0.29995055116391955
0.5144256153928366,0.48557438460716335
0.6768556448245425,0.32314435517545753
0.608362041423322,0.39163795857667805
0.7989801743945759,0.20101982560542409
0.6136919648690217,0.38630803513097844
0.5530379622625352,0.4469620377374648
0.5139946267008781,0.48600537329912186
0.6898567105671248,0.3101432894328753
0.8469451179572923,0.15305488204270767
0.6985134893614547,0.30148651063854526
0.7398219920335665,0.2601780079664335
0.6555138828882863,0.3444861171117137
0.6096212049063022,0.3903787950936978
0.45298345253201744,0.5470165474679826
0.5706308133190339,0.429369186680966
1.0,0.0
0.7754578933543795,0.22454210664562047
0.6557163902633582,0.34428360973664185
0.6653342557063896,0.3346657442936104
0.7501341690580087,0.24986583094199138
0.5731944503972248,0.42680554960277517
0.7191781802337521,0.28082181976624787
0.7080670979979843,0.2919329020020157
0.7607441727618356,0.2392558272381644
0.8117986398065237,0.18820136019347633
0.9198931154929261,0.08010688450707393
0.5166192796938518,0.4833807203061482
0.5167989641933021,0.48320103580669793
0.9101093384105977,0.08989066158940232
0.6678690857957013,0.3321309142042988
0.6993904480194642,0.30060955198053585
0.5896206339246429,0.4103793660753571
0.6142123229009396,0.38578767709906026
0.7776505467407416,0.2223494532592583
0.9746035073021619,0.025396492697837954
0.5791350591687152,0.4208649408312848
0.6909921972801041,0.3090078027198959
0.8754393033627158,0.12456069663728418
0.828247323383356,0.171752676616644
0.6532998035282371,0.34670019647176287
0.7206316532896201,0.2793683467103799
0.7837261482274631,0.21627385177253694
0.8049845440109489,0.1950154559890511
0.8758756388420257,0.12412436115797436
0.5881186880157531,0.411881311984247
0.7287652962810645,0.27123470371893554
0.5704524532675069,0.42954754673249307
0.8211566582905576,0.17884334170944244
0.8022064083676714,0.1977935916323285
0.6145638882001598,0.3854361117998401
0.7574046037023647,0.2425953962976353
0.8591033175475594,0.14089668245244058
0.8264372335361543,0.1735627664638457
0.9015023857775956,0.09849761422240447
0.9034834816322954,0.0965165183677047
0.6950382616660855,0.30496173833391454
0.7201922466858471,0.2798077533141529
0.5813389991298284,0.4186610008701716
0.8062521032921254,0.19374789670787457
0.41011737287044525,0.5898826271295547
0.5853645612356296,0.41463543876437037
0.7876444422277737,0.21235555777222626
0.8618792098921416,0.13812079010785844
0.8535346544095478,0.14646534559045227
0.5810864418745041,0.41891355812549586
0.48284456092636163,0.5171554390736384
0.5394553205536474,0.4605446794463526
0.9269531152347741,0.073046884765226
0.7239042831622429,0.27609571683775713
0.8913794857214172,0.1086205142785828
0.7449625982901684,0.2550374017098316
0.8529389018193372,0.1470610981806628
0.6648274736761199,0.33517252632388006
0.5547457646501653,0.4452542353498347
0.6600483663959935,0.3399516336040065
0.9411548929272238,0.05884510707277637
0.8127642705852647,0.1872357294147354
0.6784757668992861,0.3215242331007139
0.8595570066348333,0.14044299336516675
0.9944690878929873,0.005530912107012807
0.7885010015561921,0.21149899844380796
0.6032922591069921,0.39670774089300787
0.5526357109483601,0.44736428905163994
0.6110930063264118,0.3889069936735881
0.7068115531549315,0.29318844684506856
0.6727853555070319,0.32721464449296817
0.5,0.5
0.5195416430539206,0.48045835694607936
0.866277297941504,0.1337227020584961
0.6602158726384241,0.33978412736157587
0.6842023168133982,0.3157976831866019
0.542010512169991,0.45798948783000903
0.7612531932136581,0.23874680678634178
0.5590718338675029,0.440928166132497
0.7922033034660573,0.20779669653394273
0.8282502374429899,0.1717497625570101
0.7067188419844143,0.29328115801558574
0.8661751709383871,0.1338248290616129
0.6475427712357955,0.35245722876420443
0.8597398198466587,0.1402601801533412
0.6041794511361732,0.3958205488638268
0.5656341091244111,0.4343658908755889
0.672562020429675,0.32743797957032506
0.7264211632462598,0.27357883675374023
0.7782106828763404,0.22178931712365965
0.7186441235329465,0.2813558764670535
0.6656359931618536,0.3343640068381465
0.5182714306117187,0.4817285693882813
0.8780073960978092,0.1219926039021908
0.6185206062118881,0.3814793937881119
0.7527690842131515,0.24723091578684855
0.6887512170471695,0.31124878295283054
0.7315874467348572,0.2684125532651428
0.4102942063443636,0.5897057936556365
0.6390330321847261,0.36096696781527393
0.6271619335825068,0.3728380664174932
0.6021751296344748,0.3978248703655252
0.667571538835158,0.33242846116484204
0.8332174278906309,0.16678257210936914
0.7227055758785911,0.2772944241214089
0.3783311070477655,0.6216688929522345
0.7554861875857131,0.24451381241428694
0.6342712152881177,0.36572878471188225
0.6866348660553486,0.31336513394465143
0.7355290844201019,0.2644709155798982
0.692327295187347,0.3076727048126529
0.5,0.5
0.7225107471125009,0.2774892528874992
0.6808664800910791,0.31913351990892086
0.4270359089812643,0.5729640910187357
0.527910435411908,0.47208956458809204
0.6730209647161443,0.32697903528385575
0.5221484311532759,0.47785156884672414
0.8218265774019683,0.1781734225980317
0.6908831938387652,0.3091168061612348
0.5539139482963514,0.4460860517036486
0.527489162572467,0.47251083742753297
0.8196106250902614,0.18038937490973855
0.8451729356148178,0.15482706438518223
0.7187722292437738,0.28122777075622607
0.7346678210599293,0.26533217894007066
0.9050897319962699,0.09491026800373017
0.6856737954735519,0.3143262045264481
0.5331385018945555,0.4668614981054446
0.6978811603018203,0.30211883969817965
0.7797006829698581,0.22029931703014194
0.5874291668210013,0.41257083317899873
0.8641112501545912,0.1358887498454088
0.7107287270796154,0.28927127292038457
0.803858249933973,0.196141750066027
0.5755890114210833,0.42441098857891674
0.6656123580868017,0.3343876419131982
0.646651657999803,0.35334834200019705
0.8493139462399278,0.15068605376007213
0.8351682455572861,0.16483175444271392
0.8429972062080001,0.15700279379199997
0.7801859929219215,0.2198140070780784
0.9096092555317123,0.09039074446828754
0.7533062813439041,0.2466937186560959
0.6015191151537685,0.3984808848462315
0.6968270968050968,0.3031729031949032
0.7629698109629062,0.23703018903709383
0.5965002968422379,0.40349970315776207
0.7407321436351221,0.2592678563648778
0.8746341447293547,0.12536585527064528
0.6312773898243903,0.36872261017560976
0.48565908477300695,0.5143409152269931
0.5782565414686008,0.42174345853139916
0.6311514486432062,0.36884855135679384
0.7030136206595334,0.2969863793404667
0.7847361837368412,0.21526381626315874
0.8421271855175778,0.15787281448242216
0.6176959634533419,0.3823040365466581
0.6543776711612753,0.3456223288387247
0.695327194492908,0.3046728055070919
0.6014317105192075,0.3985682894807926
0.8249897261819011,0.1750102738180989
0.8453786506461485,0.1546213493538515
0.7296395706339356,0.2703604293660644
0.620194036031055,0.3798059639689449
0.7049149909490317,0.2950850090509683
0.7305826776344799,0.26941732236552013
0.6452026888599544,0.3547973111400457
0.87762203410412,0.12237796589588004
0.5893361990098148,0.4106638009901852
0.7166319143508159,0.28336808564918414
0.5408613607287407,0.4591386392712593
0.7778248980315722,0.22217510196842782
0.6941628801792731,0.3058371198207269
0.7660337579504931,0.23396624204950697
0.6002541621128261,0.39974583788717377
0.817092047346352,0.18290795265364798
0.784152890342767,0.21584710965723297
0.7277551350084022,0.2722448649915978
0.4608719819633014,0.5391280180366986
0.9473811809951642,0.05261881900483571
0.5600085805815446,0.4399914194184554
0.6984256369779789,0.3015743630220211
0.6301176890524278,0.36988231094757223
0.5902395814731235,0.4097604185268765
0.8094251554687093,0.19057484453129067
0.6777339460967932,0.32226605390320684
0.7157500316637451,0.28424996833625493
0.5354280023672985,0.4645719976327015
0.6323598027512416,0.3676401972487584
0.6828241529959881,0.3171758470040119
0.6403016942807873,0.35969830571921274
0.5306008307211405,0.46939916927885955
0.6930086612093106,0.3069913387906895
0.772542069774044,0.22745793022595595
0.7995246343972469,0.2004753656027532
0.7190974729584508,0.28090252704154917
0.662702609754088,0.337297390245912
0.7130608323347766,0.28693916766522337
0.7842984784918129,0.21570152150818714
0.8652369604648732,0.1347630395351268
0.6653352287049716,0.33466477129502836
0.7094402327688132,0.2905597672311868
0.7414135356588374,0.25858646434116256
0.7727482365285856,0.2272517634714145
0.5308861580812495,0.46911384191875044
0.7138189021699065,0.2861810978300935
0.6739002893690555,0.32609971063094445
0.7321228376812539,0.2678771623187462
0.6513856698683231,0.3486143301316768
0.7158477970297299,0.28415220297027005
0.7850801286998126,0.21491987130018742
0.4261887893977163,0.5738112106022837
0.7047499378443882,0.2952500621556117
0.7552495271599444,0.2447504728400556
0.7601136191382064,0.23988638086179356
0.9111337871273852,0.08886621287261477
0.7350822413886925,0.26491775861130745
0.7397298233587135,0.2602701766412866
0.784569144691821,0.21543085530817907
0.6697149813057445,0.3302850186942556
0.5830003927820993,0.4169996072179007
0.5975885500277682,0.40241144997223177
0.8343928026961476,0.16560719730385248
0.6264124760175921,0.3735875239824079
0.8083083354621187,0.19169166453788128
0.8119433502811261,0.1880566497188739
0.7095703959691163,0.29042960403088375
0.5719985225285469,0.42800147747145306
0.7876572183892558,0.21234278161074413
0.4557868005620394,0.5442131994379606
0.7279877897387298,0.2720122102612703
0.47642043977975845,0.5235795602202415
0.5943745682383896,0.4056254317616104
0.612750314456081,0.38724968554391903
0.6337185185519424,0.3662814814480577
0.7960047448950073,0.20399525510499264
0.8926097867375634,0.10739021326243658
0.5516778337524012,0.44832216624759874
0.6881107070887078,0.31188929291129214
0.6377403250428361,0.3622596749571639
0.8224413009055987,0.17755869909440125
0.6226966008443441,0.377303399155656
0.6348589923092944,0.3651410076907055
0.6591109773665254,0.3408890226334747
0.876984401165277,0.12301559883472299
0.6690646618825814,0.3309353381174186
0.5996851741186489,0.4003148258813511
0.7179976650056388,0.2820023349943612
0.7244098692345476,0.27559013076545247
0.8690776218170396,0.13092237818296043
0.7703618915469936,0.2296381084530063
0.6842710542476806,0.31572894575231936
0.43412211434525,0.5658778856547501
0.8186435226037129,0.18135647739628716
0.6692182617592098,0.3307817382407902
0.5961211453127845,0.4038788546872155
0.5962185957264865,0.4037814042735135
0.9878511382293427,0.012148861770657327
0.7022128432115741,0.29778715678842593
0.5570148676782091,0.44298513232179093
0.6927694372174883,0.3072305627825117
0.5548430814207886,0.4451569185792113
0.5720365555135005,0.4279634444864995
0.7583750155478677,0.24162498445213232
0.5517877817523388,0.4482122182476613
0.6063530084991253,0.3936469915008747
0.5657341202012574,0.43426587979874265
0.6376122812688961,0.36238771873110387
0.6457304136989289,0.35426958630107114
0.8491252616365901,0.15087473836340987
0.562818418810703,0.437181581189297
0.6313023112631668,0.3686976887368331
0.7145703074755404,0.28542969252445954
0.7301460797287087,0.2698539202712913
0.5839041380997779,0.4160958619002221
0.7336994812193331,0.26630051878066685
0.7532286735532546,0.2467713264467454
0.6959120862359222,0.3040879137640778
0.8230857170290996,0.1769142829709004
0.8895492250890393,0.11045077491096077
0.686841975449373,0.313158024550627
0.6550459065642076,0.3449540934357925
0.692042311053944,0.3079576889460561
0.7215766557031422,0.2784233442968577
0.6397838644751557,0.3602161355248442
0.8071250099609097,0.19287499003909023
0.3751411322898844,0.6248588677101157
0.6247223555068352,0.37527764449316475
0.5710788212019612,0.4289211787980388
0.5680249605630957,0.43197503943690435
0.5360405890814343,0.4639594109185658
0.940856140390282,0.05914385960971805
0.395822378939315,0.604177621060685
0.7047352633932118,0.2952647366067882
0.5389548316597939,0.46104516834020615
0.9984832786271727,0.0015167213728272122
0.5804048804623928,0.41959511953760714
0.8602224327211198,0.13977756727888024
0.8493385312558139,0.150661468744186
0.7055785577957314,0.2944214422042685
0.4640559116195855,0.5359440883804145
0.5505080181925758,0.44949198180742417
0.8404904797222269,0.15950952027777304
0.8428977146307193,0.1571022853692808
0.7770606905454671,0.22293930945453294
0.540831215838056,0.4591687841619439
0.7968790871770849,0.20312091282291514
0.7412314369407353,0.2587685630592647
0.7388536262690018,0.2611463737309982
0.7391601016489643,0.2608398983510358
0.9029537233770427,0.09704627662295728
0.7836358459889695,0.2163641540110305
0.6380538058340843,0.3619461941659157
0.7333702133193768,0.26662978668062326
0.5961301734013378,0.4038698265986622
0.6349522462645764,0.36504775373542364
0.477108874204369,0.522891125795631
0.5975365689637828,0.4024634310362172
0.55119631244094,0.44880368755905997
0.5551839121654598,0.4448160878345402
0.736074678791144,0.2639253212088561
0.6355536604449129,0.36444633955508704
0.6373746004175141,0.36262539958248574
0.9426488476171252,0.05735115238287482
0.8882051614004062,0.1117948385995938
0.9080386164227103,0.09196138357728964
0.7388656718169405,0.2611343281830595
0.6438393444364874,0.35616065556351256
0.7736188377408676,0.22638116225913235
0.8932899137733564,0.10671008622664363
0.5414281785488129,0.4585718214511871
0.7196528438267357,0.28034715617326433
0.6517468822650675,0.3482531177349324
0.628120816600866,0.37187918339913395
0.8542964277919858,0.1457035722080142
0.9992413278129546,0.0007586721870453169
0.7935238712854503,0.20647612871454968
0.6599888932926435,0.34001110670735646
0.6506107873034737,0.34938921269652634
0.6025017675709531,0.39749823242904686
0.8539201870912523,0.1460798129087478
0.5852868979059519,0.4147131020940481
0.7116105230717199,0.2883894769282801
0.6635310960954446,0.3364689039045554
0.8073618150723116,0.1926381849276884
0.560770586968468,0.43922941303153196
0.6156480778472323,0.38435192215276764
0.5539627120200828,0.44603728797991715
0.8487893912047983,0.15121060879520168
0.564651150952212,0.43534884904778803
0.7113910535054259,0.2886089464945741
0.7641647515891892,0.23583524841081088
0.5551090613007545,0.4448909386992454
0.8276338708716818,0.17236612912831814
0.7126551839508175,0.2873448160491826
0.8073698911348981,0.19263010886510196
0.5415329763547291,0.4584670236452709
0.6721717954025587,0.3278282045974413
0.741441714307108,0.258558285692892
0.7212474905874895,0.2787525094125105
0.5417272762595495,0.4582727237404505
0.8291370423602994,0.1708629576397006
0.712220093133887,0.28777990686611293
0.6224437373565281,0.3775562626434718
0.6865704797337686,0.31342952026623144
0.7506110268053936,0.2493889731946064
0.6998728325674837,0.30012716743251633
0.6654383532660836,0.3345616467339165
0.5958662323101497,0.4041337676898504
0.8939818244651189,0.10601817553488115
0.7805490010727739,0.21945099892722622
0.5758032116710615,0.4241967883289384
0.5296497202912696,0.4703502797087305
0.7393494041719113,0.26065059582808864
0.6256598077603621,0.3743401922396379
0.6666006620242495,0.3333993379757505
0.6414560038654324,0.3585439961345675
0.7884192599466073,0.21158074005339267
0.6904508446819329,0.3095491553180671
0.7507408939409695,0.24925910605903043
0.36792103640611895,0.632078963593881
0.689195934973077,0.31080406502692304
0.6944854558530945,0.3055145441469055
0.8711024188359985,0.12889758116400146
0.7717949974686483,0.22820500253135165
0.7518079136734156,0.24819208632658443
0.8207647786210797,0.1792352213789203
0.9017440946346893,0.09825590536531068
0.7826431309598947,0.21735686904010532
0.7419097082995646,0.2580902917004354
0.5683519048389579,0.4316480951610421
0.9691826838986002,0.030817316101399844
0.5521853213973577,0.4478146786026423
0.8226361348828521,0.1773638651171478
0.7482121868394601,0.2517878131605399
0.7135603242665739,0.2864396757334261
0.4851629473123955,0.5148370526876045
0.7726200144974784,0.22737998550252164
0.6674589929503878,0.33254100704961215
0.5759635586612567,0.42403644133874324
0.7045894636935959,0.2954105363064042
0.696689648190086,0.30331035180991395
0.8457764054125545,0.15422359458744547
0.6043999456857837,0.3956000543142163
0.6620272497616503,0.3379727502383498
0.7781745952169176,0.22182540478308244
0.5858237061699277,0.4141762938300722
0.7093351492368678,0.2906648507631323
0.6273358009955797,0.3726641990044203
0.6297759036848183,0.3702240963151816
0.6975576722218021,0.30244232777819796
0.6251272716712761,0.37487272832872387
0.6740254904352112,0.3259745095647888
0.7442360767250455,0.2557639232749544
0.7868031573188758,0.2131968426811241
0.5547826888589035,0.4452173111410965
0.6774927309564989,0.3225072690435011
0.6299858486114719,0.3700141513885281
0.7606248883802091,0.23937511161979086
0.7982550937641647,0.20174490623583527
0.6099983752828025,0.39000162471719746
0.7023337335392776,0.29766626646072236
0.5187356248497963,0.4812643751502037
0.7421663215002028,0.2578336784997972
0.5700754672288895,0.4299245327711105
0.6626102885298536,0.33738971147014646
0.7624715194592232,0.23752848054077677
0.5579805998095103,0.44201940019048974
0.8773232128303154,0.12267678716968457
0.6317270614231543,0.3682729385768458
0.6976011728839098,0.3023988271160903
0.6991707697920694,0.3008292302079306
0.6547733271410295,0.34522667285897046
0.5067796867389917,0.4932203132610083
0.6593129471211897,0.3406870528788103
0.7136015033751246,0.28639849662487527
0.5508305265739506,0.44916947342604946
0.7803564749254803,0.21964352507451976
0.9015801401863835,0.09841985981361652
0.5665942590926754,0.43340574090732464
0.8393446398040104,0.1606553601959896
0.5613900594776404,0.4386099405223596
0.6164556678810585,0.3835443321189414
0.6322661212043966,0.3677338787956034
0.7256952372713966,0.27430476272860344
0.5375456811609913,0.46245431883900867
0.6992416546316635,0.3007583453683364
0.6886049168048921,0.3113950831951079
0.7629181381352658,0.23708186186473426
0.7270718837601786,0.27292811623982144
0.6939060582026522,0.30609394179734783
0.7075554592499841,0.29244454075001597
0.5952208400714661,0.40477915992853386
0.37702599258799707,0.6229740074120029
0.7381968667207279,0.26180313327927207
0.7413399100950061,0.25866008990499395
0.8675440771754805,0.13245592282451937
0.5778089703558993,0.4221910296441007
0.8042669440248262,0.1957330559751738
0.6811537634222502,0.3188462365777499
0.7996909908629254,0.2003090091370746
0.8075601042264492,0.19243989577355083
0.7648297047179762,0.23517029528202388
0.7389789240661137,0.2610210759338864
0.764521359792998,0.235478640207002
0.49928390979766846,0.5007160902023315
0.6204089545102607,0.3795910454897394
0.8551592441059834,0.1448407558940167
0.539592572577687,0.46040742742231305
0.6871037881568189,0.3128962118431811
0.6647458298405251,0.3352541701594749
0.8027337084931945,0.19726629150680552
0.6396885679566433,0.36031143204335675
0.5817704162104318,0.4182295837895682
0.8750708549399574,0.12492914506004263
0.5960776226263684,0.4039223773736315
0.8450671272437779,0.15493287275622217
0.5722343145188312,0.4277656854811689
0.6932415512660344,0.3067584487339656
0.7705419582893688,0.22945804171063133
0.6190739739601068,0.38092602603989323
0.5858489391299179,0.4141510608700822
0.5799833644759012,0.42001663552409885
0.8032057913175521,0.19679420868244785
0.5931469131141162,0.40685308688588384
0.7122170853849162,0.2877829146150838
0.7245883275682827,0.27541167243171727
0.8975476863580154,0.10245231364198457
0.6661477607570425,0.3338522392429576
0.3878814717871606,0.6121185282128394
0.8047266922967938,0.19527330770320614
0.6556199445683552,0.34438005543164485
0.6311996070346387,0.36880039296536127
0.4396071396259376,0.5603928603740623
0.5610232067241517,0.4389767932758483
0.7656354653467229,0.2343645346532771
0.7711798174563508,0.2288201825436492
0.62342195654954,0.37657804345046
0.5181229381951251,0.4818770618048749
0.7658596727047611,0.2341403272952389
0.903181443382782,0.09681855661721808
0.7357339197010494,0.26426608029895066
0.7498385784883722,0.2501614215116279
0.6665282723576511,0.3334717276423489
0.6923764444503213,0.3076235555496787
0.7216821766851237,0.2783178233148763
0.6533937825283129,0.3466062174716871
0.4958716705441475,0.5041283294558525
0.693147488422459,0.306852511577541
0.7925475219788921,0.20745247802110786
0.5340243869179914,0.4659756130820086
0.6835776351376204,0.31642236486237957
0.6472950583029409,0.3527049416970591
0.7500934446521695,0.24990655534783046
0.6041012872042495,0.3958987127957504
0.5743504007961344,0.4256495992038655
0.5936798677402244,0.4063201322597756
0.6180842381353375,0.38191576186466253
0.7517381283212548,0.2482618716787453
0.7587040590930031,0.2412959409069969
0.7781537758866448,0.2218462241133552
0.6676636103215327,0.3323363896784673
0.6745929869726088,0.3254070130273912
0.6881004102428276,0.3118995897571724
0.9461040212923079,0.053895978707692124
0.6249650526542228,0.3750349473457773
0.8729246088087809,0.1270753911912191
0.6376029224264371,0.3623970775735628
0.8042154957980395,0.1957845042019605
0.7679921954987702,0.23200780450122988
0.6423161126402811,0.3576838873597189
0.7715075765046615,0.22849242349533844
0.6887044777517135,0.3112955222482865
0.8643465844066205,0.13565341559337948
0.7001720870207414,0.29982791297925865
0.4837605506181717,0.5162394493818283
0.6449609604290634,0.3550390395709366
0.7952469474629703,0.2047530525370297
0.5219230931096354,0.47807690689036464
0.7949053062420097,0.20509469375799033
0.5503672771745928,0.4496327228254072
0.6920350663175041,0.30796493368249583
0.8157483313951472,0.1842516686048527
0.7910906363533509,0.20890936364664914
0.5790160991263719,0.42098390087362814
0.7468372893437755,0.2531627106562245
0.7980622461741931,0.20193775382580692
0.660886211612489,0.339113788387511
0.6028056280828867,0.3971943719171133
0.6875134292880208,0.3124865707119791
0.6241166260419916,0.3758833739580084
0.7350280255238462,0.2649719744761538
0.5652801444560703,0.4347198555439296
0.6868058768378853,0.31319412316211465
0.8118012531942678,0.1881987468057323
0.8817006790731796,0.1182993209268204
0.7428249211076703,0.25717507889232966
0.8406319185616242,0.15936808143837575
0.7358926155650284,0.26410738443497167
0.6403536133089929,0.3596463866910071
0.6363488673247983,0.36365113267520166
0.6096825514890626,0.39031744851093736
0.5763786286115646,0.42362137138843536
0.8964326359698758,0.10356736403012423
0.6336236663439038,0.36637633365609623
0.6416838835346531,0.35831611646534683
0.7058999307594047,0.29410006924059523
0.5985605551331163,0.4014394448668836
0.586536340230449,0.41346365976955096
0.7315864624819358,0.2684135375180642
0.6769560529962372,0.3230439470037628
0.6283441873187794,0.37165581268122055
0.6593535660967426,0.3406464339032575
0.7439044570991221,0.2560955429008778
0.6370473789373315,0.36295262106266846
0.6809920607162497,0.31900793928375026
0.8228860360476081,0.17711396395239193
0.747105083891838,0.25289491610816195
0.8222019363723864,0.17779806362761363
0.8851217621391041,0.1148782378608959
0.6557366413572507,0.34426335864274915
0.7468023294422832,0.25319767055771675
0.741317003766715,0.25868299623328495
0.7480137572513128,0.25198624274868725
0.7327974677045138,0.26720253229548613
0.7305942585613502,0.26940574143864976
0.8556854038495736,0.14431459615042644
0.6761598776967,0.32384012230329995
0.560539619373457,0.43946038062654297
0.7813643920107081,0.21863560798929202
0.6524086727357192,0.3475913272642808
0.6893314072525742,0.31066859274742575
0.5877897311106859,0.4122102688893141
0.8147516799838661,0.18524832001613392
0.6113470219748609,0.38865297802513915
0.7034245590941727,0.2965754409058273
0.7847978323010577,0.21520216769894224
0.5900014867759652,0.40999851322403474
0.49440693110227585,0.5055930688977242
0.8341727294266342,0.16582727057336566
0.7032732989753426,0.29672670102465726
0.7615235369313511,0.23847646306864886
0.7528124002355653,0.2471875997644347
0.6884363937308211,0.31156360626917884
0.5924244023533237,0.4075755976466764
0.7327771643010013,0.2672228356989987
0.8171712582167677,0.18282874178323222
0.5431828431809831,0.4568171568190169
0.7180768838192602,0.28192311618073984
0.8083876633540859,0.1916123366459141
0.7006982853737007,0.2993017146262992
0.6060792843555183,0.3939207156444817
0.5948448632553227,0.40515513674467724
0.6502253017550066,0.3497746982449934
0.6358999462207577,0.36410005377924226
0.6498054774927033,0.35019452250729666
0.6621460095427855,0.33785399045721454
0.8339980845421564,0.1660019154578437
0.683276621133461,0.316723378866539
0.5776527176109735,0.4223472823890265
0.6892083973506565,0.31079160264934347
0.725424553733155,0.27457544626684505
0.7007829574952836,0.29921704250471637
0.7333519250562983,0.2666480749437017
0.72681781630888,0.2731821836911199
0.7466625676434094,0.25333743235659056
0.7825618275541266,0.21743817244587335
0.7249606417671937,0.27503935823280634
0.7636427115476466,0.23635728845235338
0.6437670071466416,0.3562329928533584
0.7933796283609987,0.2066203716390013
0.7446287830974883,0.25537121690251174
0.6769612435975265,0.32303875640247354
0.6714800738855259,0.32851992611447417
0.7014578869727092,0.2985421130272908
0.7152206707198202,0.28477932928017985
0.6184827732402888,0.3815172267597112
0.4457170479336742,0.5542829520663258
0.8689699696916143,0.13103003030838573
0.8351876414712839,0.16481235852871604
0.7524023435583834,0.24759765644161666
0.7638878758419106,0.23611212415808935
0.7582834130468615,0.24171658695313847
0.5365389046635245,0.46346109533647556
0.7458710324755151,0.25412896752448494
0.4722188908347636,0.5277811091652365
0.8567846362233777,0.1432153637766222
0.588413616031978,0.4115863839680221
0.8429447562261282,0.1570552437738718
0.6613576296967539,0.338642370303246
0.6866912091701267,0.3133087908298734
0.5672414869601465,0.43275851303985347
0.6325865598757413,0.36741344012425864
0.5497090145945549,0.4502909854054451
0.7085418216045073,0.2914581783954927
0.663624445872599,0.3363755541274011
0.8215873134550291,0.17841268654497094
0.8926909479340572,0.10730905206594273
0.6726824451516062,0.3273175548483937
0.6547298372277711,0.34527016277222883
0.6934671764193645,0.30653282358063544
0.5576924905180931,0.44230750948190695
0.7269210627107892,0.27307893728921084
0.5824043595806075,0.41759564041939246
0.5713468315046595,0.4286531684953406
0.7355672815178804,0.2644327184821195
0.7993212743080108,0.20067872569198916
0.7599204841433778,0.24007951585662227
0.6678031365855378,0.3321968634144622
0.6380614199941619,0.36193858000583806
0.7231334660288367,0.2768665339711633
0.5395444706082344,0.4604555293917656
0.8955747080255448,0.10442529197445516
0.9549061264469603,0.045093873553039746
0.7068284625546982,0.29317153744530183
0.6915593224050094,0.30844067759499066
0.6068647867088767,0.3931352132911233
0.7077279202154451,0.292272079784555
0.8447748906371192,0.15522510936288075
0.8050846286090587,0.19491537139094128
0.7261314766598035,0.2738685233401965
0.7059381296017931,0.29406187039820686
0.7976282672964569,0.20237173270354306
0.4864747922172213,0.5135252077827788
0.6340809360758103,0.36591906392418977
0.7192146484339123,0.2807853515660878
0.758002727429622,0.24199727257037792
0.9350701886215856,0.06492981137841453
0.6172929593948508,0.38270704060514915
0.7371320136924367,0.26286798630756325
0.5697183087468147,0.4302816912531852
0.6914210529669678,0.30857894703303224
0.582934657777765,0.41706534222223496
0.6689888143399976,0.33101118566000237
0.6400920742833317,0.35990792571666835
0.583817173602989,0.416182826397011
0.7141142325794078,0.28588576742059224
0.7339716758148251,0.26602832418517486
0.7436775266996195,0.25632247330038044
0.66717184286005,0.33282815713995006
0.6915113988024436,0.3084886011975564
0.7712983184937383,0.2287016815062617
0.6125764611870128,0.38742353881298724
0.8724762054688305,0.12752379453116952
0.8368180545600572,0.16318194543994285
0.7581632044646338,0.2418367955353662
0.7958067367001215,0.20419326329987858
0.6365120304606865,0.3634879695393135
0.806477479750606,0.19352252024939398
0.6783457163454241,0.3216542836545759
0.611209013647688,0.38879098635231213
0.45967963675932294,0.5403203632406771
0.7461583768601971,0.2538416231398028
0.716524270544946,0.2834757294550539
0.7170878407050247,0.28291215929497526
0.7265993420703027,0.27340065792969714
0.5677497267283926,0.43225027327160737
0.6666666718478057,0.3333333281521943
0.6758418450630241,0.32415815493697586
0.7624262572843271,0.23757374271567283
0.8621107094032942,0.13788929059670585
0.8237483477726047,0.1762516522273952
0.8582727729940738,0.14172722700592627
0.592414309211838,0.407585690788162
0.7598657669688912,0.24013423303110887
0.6010383596661948,0.39896164033380516
0.6455126431277499,0.35448735687225
0.6681212287098851,0.3318787712901149
0.8365956256866904,0.1634043743133096
0.5623171118427539,0.43768288815724604
0.7361417182105714,0.2638582817894286
0.5781063932457793,0.4218936067542208
0.61917351922546,0.38082648077454
0.5835465265983293,0.4164534734016707
0.5982422249159159,0.40175777508408406
0.41587903100652596,0.5841209689934741
0.7359869087387958,0.2640130912612042
0.7572376337115624,0.24276236628843767
0.7923149063490931,0.20768509365090687
0.603835405882954,0.3961645941170459
0.6718201396099132,0.32817986039008684
0.5,0.5
0.6843653028845578,0.3156346971154421
0.7815283654761882,0.2184716345238118
0.6746154151727031,0.3253845848272969
0.728174366494722,0.271825633505278
0.8425408724126775,0.15745912758732247
0.512554720044136,0.48744527995586395
0.5780946395793456,0.42190536042065435
0.5605587267446818,0.43944127325531823
0.6446947124436722,0.3553052875563278
0.899906203922965,0.10009379607703486
0.6161801284212368,0.3838198715787632
0.6742206646717646,0.3257793353282355
0.6839836169553837,0.31601638304461643
0.8550333419054819,0.1449666580945182
0.6320450038631316,0.36795499613686844
0.6676375865049707,0.33236241349502926
0.6091234432862161,0.39087655671378385
0.5233958567601986,0.4766041432398013
0.4322911273388786,0.5677088726611215
0.7450882347007415,0.2549117652992584
0.802254315111797,0.19774568488820315
0.5500176882730846,0.4499823117269154
0.5606811604080499,0.43931883959194995
0.6201510374129967,0.37984896258700335
0.5007232576608658,0.4992767423391342
0.8287197110701768,0.17128028892982317
0.7587165185197261,0.24128348148027395
0.8247568915606266,0.17524310843937344
0.7844439940245616,0.21555600597543845
0.7083421436982461,0.29165785630175384
0.39030859298598014,0.6096914070140198
0.8137748846400167,0.18622511535998332
0.5706572379974566,0.42934276200254334
0.6295657306897139,0.3704342693102861
0.6327902966813728,0.36720970331862735
0.7056963387015651,0.29430366129843494
0.8588731317288134,0.14112686827118665
0.803869441396762,0.19613055860323797
0.4840678439351244,0.5159321560648756
0.8319937314651654,0.1680062685348346
0.6907799814938288,0.3092200185061712
0.625555885570459,0.37444411442954095
0.7833321654633558,0.21666783453664423
0.7419189154934666,0.2580810845065334
0.7889308709348244,0.21106912906517566
0.5670307110913356,0.4329692889086644
0.6774354274137819,0.32256457258621807
0.7978289160330728,0.20217108396692718
0.9589309177923505,0.041069082207649515
0.84142460004707,0.15857539995293005
0.7849165748282768,0.2150834251717231
0.7733152229320794,0.22668477706792053
0.6762538606294047,0.3237461393705953
0.781019584172788,0.218980415827212
0.7310025264692143,0.2689974735307857
0.5873384028673172,0.41266159713268286
0.6273723143687633,0.3726276856312367
0.5419611161168316,0.4580388838831684
0.7741279301028922,0.2258720698971078
0.7543217643322117,0.2456782356677883
0.5211915978077022,0.4788084021922978
0.76582365707539,0.23417634292460998
0.5965289965731065,0.4034710034268935
0.7094739763879376,0.2905260236120623
0.6040472425030293,0.3959527574969708
0.7032206168487299,0.29677938315127
0.6790209953489178,0.3209790046510823
0.699242295884435,0.300757704115565
0.6316389731461876,0.36836102685381245
0.6967523339969248,0.30324766600307507
0.5060001925060452,0.49399980749395483
0.7467189549600617,0.2532810450399383
0.7204642425201498,0.2795357574798502
0.7520704011997246,0.24792959880027554
0.5965905582397553,0.4034094417602448
0.740760260650895,0.2592397393491051
0.9087027369920955,0.09129726300790454
0.7038191182754036,0.29618088172459645
0.8282965555073512,0.17170344449264885
0.8320065704257433,0.1679934295742567
0.5355833336264764,0.46441666637352363
0.6654254868336124,0.33457451316638764
0.78941886556404,0.21058113443596002
0.5905242338054818,0.40947576619451814
0.5924224818546043,0.40757751814539567
0.5608626306056976,0.43913736939430237
0.6825970011010655,0.3174029988989345
0.5314685413104743,0.4685314586895257
0.7073566038869888,0.29264339611301116
0.6823897382099414,0.3176102617900586
0.7645415969429202,0.23545840305707993
1.0,0.0
0.7248473092545551,0.27515269074544496
0.9402692857918478,0.05973071420815236
0.7880968910350974,0.21190310896490255
0.482174992842523,0.517825007157477
0.60865651117638,0.3913434888236201
0.7179314862451074,0.2820685137548926
0.6703538280971019,0.3296461719028981
0.7087811169896092,0.29121888301039084
0.6292142743553188,0.3707857256446812
0.6535995120621801,0.34640048793781986
0.7221351424883723,0.2778648575116277
0.6377589943085951,0.36224100569140494
0.6527111556758368,0.3472888443241631
0.47565809763789924,0.5243419023621008
0.6671066013606024,0.3328933986393976
0.7437797467777797,0.25622025322222025
0.6664439352689843,0.3335560647310158
0.8532546595556507,0.14674534044434928
0.7608153133220686,0.23918468667793133
0.7607674421138568,0.2392325578861432
0.7452260027665951,0.25477399723340494
0.8206975815789908,0.17930241842100925
0.7156683789579793,0.28433162104202075
0.52499569281819,0.47500430718181
0.692176546869993,0.3078234531300069
0.6054947818928798,0.3945052181071202
0.5437711726291452,0.45622882737085474
0.8100281266393609,0.18997187336063912
0.6159210860775168,0.38407891392248317
0.8920265346763574,0.10797346532364273
0.7501548390407058,0.24984516095929427
0.8052787432059426,0.1947212567940573
0.7729097629072788,0.22709023709272122
0.3806849048475845,0.6193150951524156
0.5875922485048651,0.41240775149513487
0.8089438171872149,0.19105618281278505
0.6596862098221158,0.3403137901778842
0.8655222424662945,0.13447775753370544
0.6500430773815066,0.3499569226184933
0.6202640006573402,0.3797359993426598
0.6599857716775864,0.34001422832241346
0.6763623945270771,0.32363760547292286
0.7281964498959137,0.2718035501040863
0.8950870099141315,0.10491299008586848
0.7563333415791536,0.24366665842084634
0.7648895545856244,0.23511044541437554
0.7886788698875901,0.21132113011241
0.7844726216606399,0.21552737833936014
0.7543305171713763,0.24566948282862366
0.9131338981875496,0.0868661018124504
0.8003679160709013,0.19963208392909879
0.7067235747151225,0.2932764252848775
0.8065952459106547,0.19340475408934543
0.6510861054992615,0.3489138945007385
0.4613873339623399,0.5386126660376601
0.8499079020077018,0.1500920979922982
0.7180281911296161,0.2819718088703838
0.8214495288237464,0.17855047117625347
0.6279132850358109,0.3720867149641892
0.6192819250160826,0.38071807498391746
0.6485211245837361,0.3514788754162638
0.7158605750763873,0.28413942492361266
0.7794166868298101,0.22058331317018984
0.5637360725190987,0.4362639274809013
0.7246722676861201,0.27532773231387986
0.6959130978186086,0.3040869021813915
0.6199290137315698,0.38007098626843017
0.7407015573046093,0.2592984426953907
0.5977795880475852,0.40222041195241476
0.7242478231206868,0.27575217687931325
0.7249416449383497,0.27505835506165033
0.6611794572922338,0.3388205427077662
0.6258950058393649,0.3741049941606352
0.5618607191057204,0.43813928089427956
0.793094021847357,0.20690597815264303
0.8501946400495781,0.1498053599504218
0.6891580532878764,0.3108419467121236
0.4742938354611397,0.5257061645388603
0.7005660170605181,0.29943398293948187
0.7223723045087775,0.27762769549122246
0.7012063946140952,0.2987936053859048
0.8059790422740255,0.1940209577259744
0.7702468088355784,0.22975319116442164
0.8755918378895513,0.12440816211044874
0.747665474424811,0.25233452557518904
0.7282253409334172,0.27177465906658277
0.81855231786344,0.18144768213656004
0.5737301296944807,0.4262698703055193
0.8763157791146877,0.12368422088531236
0.729113886153953,0.270886113846047
0.7280185223812777,0.27198147761872227
0.6240883713412972,0.3759116286587027
0.9569978112540077,0.04300218874599232
0.5162339359521866,0.4837660640478134
0.8069303082314783,0.1930696917685217
0.7416899098843263,0.2583100901156737
0.5864125567222384,0.4135874432777617
0.847812131047249,0.15218786895275105
0.9263663438097132,0.07363365619028697
0.7608074466587349,0.23919255334126513
0.7355963031607062,0.26440369683929377
0.6612048687921585,0.3387951312078416
0.6640088731788873,0.3359911268211126
0.8650496626601968,0.13495033733980324
0.6587372973034434,0.34126270269655656
0.6513192019204066,0.3486807980795933
0.7759498998634151,0.22405010013658483
0.8129147943764785,0.18708520562352138
0.7477175149198263,0.2522824850801737
0.771431318474262,0.22856868152573795
0.6444486515591168,0.35555134844088326
0.6855579025449492,0.31444209745505075
0.8179203447562307,0.18207965524376937
0.8036607355543334,0.19633926444566666
0.7691703905804396,0.23082960941956043
0.663206949320457,0.3367930506795431
0.6263231365224567,0.37367686347754325
0.5992005334543379,0.4007994665456622
0.6689864799399999,0.33101352006
0.7249117747511071,0.27508822524889287
0.6330534858205269,0.3669465141794731
0.6380192333008047,0.3619807666991954
0.6557072725147504,0.34429272748524964
0.6274790056890974,0.3725209943109026
0.6002689930658912,0.3997310069341088
0.8110977730957228,0.18890222690427722
0.7332007012186111,0.26679929878138886
0.6964593970286195,0.3035406029713806
0.8391832462726646,0.16081675372733542
0.6297250262743993,0.3702749737256007
0.5738914218717406,0.4261085781282594
0.654429565021006,0.34557043497899403
0.7189418289908369,0.2810581710091631
0.6961626011999347,0.3038373988000654
0.5463611790352255,0.4536388209647745
0.5801475853285958,0.41985241467140416
0.6097159891564231,0.39028401084357695
0.6389091097393376,0.36109089026066254
0.5878063813364103,0.4121936186635896
0.6063461757710182,0.3936538242289818
0.5875634012394024,0.4124365987605976
0.639077703078305,0.360922296921695
0.6356082001083795,0.3643917998916205
0.6779066647790749,0.3220933352209252
0.7347465623806468,0.26525343761935316
0.5623422177315951,0.4376577822684049
0.7771514105550934,0.22284858944490665
0.5969698884083927,0.4030301115916073
0.799779178104344,0.2002208218956561
0.6454512344494487,0.35454876555055126
0.5528506152255989,0.44714938477440114
0.4433593744542178,0.5566406255457822
0.5315696648373468,0.46843033516265326
0.6619751016632622,0.33802489833673777
0.8327206506818112,0.16727934931818875
0.7212225878201273,0.27877741217987273
0.9134653242861003,0.0865346757138998
0.6483853916118678,0.35161460838813224
0.8799022653934422,0.12009773460655782
0.5917830549737759,0.408216945026224
0.7508168169750897,0.24918318302491027
0.7082697694693928,0.2917302305306071
0.4897833541035652,0.5102166458964348
0.7087070227334781,0.2912929772665219
