CT-5,CT-6
0.40369095895529383,0.5963090410447062
0.0,1.0
0.5,0.5
0.053069769039968906,0.946930230960031
0.4254992002406051,0.5745007997593948
0.42631470099911517,0.5736852990008847
0.2948986479099177,0.7051013520900823
0.5821891743042237,0.41781082569577616
0.13894231567827325,0.8610576843217267
0.0,1.0
1.1102230246251565e-16,1.0
0.7046057001555616,0.2953942998444384
0.5,0.5
0.6700578244982214,0.32994217550177873
0.5319744033830442,0.46802559661695575
0.04133666641060041,0.9586633335893998
0.0,1.0
0.6657636953284164,0.33423630467158344
0.5697022468557074,0.4302977531442926
0.15386030109404866,0.8461396989059512
0.5,0.5
0.6436884040827109,0.35631159591728917
0.5137174347513233,0.4862825652486765
0.7292223710719962,0.2707776289280039
0.49897870226474667,0.5010212977352533
0.5,0.5
0.0,1.0
1.457167719820518e-16,0.9999999999999999
0.2609815287227643,0.7390184712772357
0.0,1.0
0.5755942249651794,0.4244057750348205
0.45556448975906705,0.5444355102409332
0.0,1.0
5.551115123125783e-17,1.0
0.5159373083296058,0.4840626916703943
0.3988593204902826,0.6011406795097174
0.45747772770702133,0.5425222722929789
5.551115123125783e-16,0.9999999999999996
1.1102230246251565e-16,1.0
0.0,1.0
4.163336342344337e-17,1.0
0.08413956249751013,0.9158604375024898
0.4522997065712342,0.5477002934287657
0.7021592779845282,0.29784072201547207
1.5265566588595902e-16,0.9999999999999998
0.6108501810403112,0.3891498189596888
0.4636603299680661,0.536339670031934
0.5654707169838136,0.43452928301618654
0.016963142405937628,0.9830368575940623
0.5520548728779331,0.4479451271220669
0.0,1.0
0.5183052808708538,0.48169471912914613
0.12900906792342107,0.8709909320765788
0.6985411993106657,0.3014588006893341
0.1671319133299053,0.8328680866700948
8.326672684688674e-17,1.0
0.0,1.0
0.5203462203662543,0.47965377963374567
0.35388876684010034,0.6461112331598997
0.5367664345624414,0.4632335654375586
0.19523537346139244,0.8047646265386075
0.17175921195985544,0.8282407880401446
0.065776526969424,0.9342234730305761
0.0,1.0
5.551115123125783e-17,1.0
0.6912237933575414,0.3087762066424588
0.6010711583012911,0.39892884169870896
0.3570412883507564,0.6429587116492437
0.2063866994962286,0.7936133005037713
0.055367301189304816,0.9446326988106952
0.6733308495431801,0.32666915045682
0.46509368225821435,0.5349063177417858
0.5737030600762866,0.4262969399237135
0.3833176232874394,0.6166823767125607
0.6382816941427479,0.3617183058572524
0.6742515703224449,0.3257484296775549
2.0122792321330962e-16,0.9999999999999998
0.36443873308599006,0.6355612669140099
0.20637490363614705,0.7936250963638529
0.2775438375291387,0.7224561624708614
0.15687892179147245,0.8431210782085276
0.08169247511121831,0.9183075248887818
0.5874812751929324,0.4125187248070676
0.5384445857999473,0.46155541420005264
0.5191563539668272,0.48084364603317276
0.6189789091547605,0.3810210908452396
0.0,1.0
8.326672684688674e-17,1.0
0.4145121950222598,0.5854878049777404
0.0,1.0
0.5735582547061375,0.4264417452938626
0.6057532981856407,0.39424670181435933
1.6653345369377348e-16,0.9999999999999998
0.4626094127675837,0.5373905872324162
0.035493514968840276,0.9645064850311599
0.6146852439714207,0.3853147560285792
0.5,0.5
0.0,1.0
0.4179468612820931,0.5820531387179066
0.618123707718014,0.38187629228198594
0.0,1.0
0.7094814735457186,0.29051852645428156
0.46689232816245274,0.5331076718375473
0.7159241469622244,0.2840758530377756
0.0,1.0
0.4171253147816511,0.582874685218349
0.5155815818294474,0.48441841817055264
0.5,0.5
0.5340337657809261,0.4659662342190739
0.0,1.0
0.3423030397618529,0.6576969602381472
0.271891200862975,0.7281087991370249
0.5,0.5
0.0,1.0
0.6705640952026202,0.32943590479738005
0.5904602722917959,0.40953972770820435
0.052931399081474304,0.9470686009185256
0.6040525684580291,0.39594743154197076
0.41275962539618566,0.5872403746038141
0.39251813665032464,0.6074818633496754
0.3305707823955427,0.6694292176044573
9.159339953157541e-16,0.9999999999999991
0.5456788275936194,0.4543211724063806
0.045582880420336376,0.9544171195796636
0.0,1.0
0.0,1.0
0.0,1.0
0.4342435476867443,0.5657564523132558
0.025449887088428068,0.974550112911572
0.5722031952212929,0.42779680477870713
0.6431612897243046,0.3568387102756952
0.5470803351263436,0.4529196648736565
0.12145506044833979,0.8785449395516602
0.0,1.0
0.0,1.0
0.4930316446823385,0.5069683553176615
0.1295669350170173,0.8704330649829827
5.551115123125783e-17,1.0
0.5300687269844773,0.4699312730155229
0.0,1.0
0.14773378971315604,0.852266210286844
0.6261967890973699,0.3738032109026302
0.6893428493056986,0.3106571506943015
1.1102230246251565e-16,0.9999999999999999
0.5729717054497917,0.4270282945502085
0.7314967376393885,0.26850326236061134
0.43149998135231216,0.5685000186476878
1.942890293094024e-16,0.9999999999999999
0.5,0.5
0.0,1.0
0.4763902398590154,0.5236097601409846
0.19557005245771986,0.8044299475422804
0.09214864219872043,0.9078513578012797
0.16963578728843418,0.8303642127115658
0.2040979730855337,0.7959020269144663
0.20545388317232235,0.7945461168276777
2.7755575615628914e-17,0.9999999999999999
0.6597217172384263,0.34027828276157357
0.34389005505337383,0.6561099449466261
0.4707743757993748,0.5292256242006252
0.2896697948931891,0.7103302051068109
0.5545182936152434,0.44548170638475665
0.0,1.0
4.996003610813204e-16,0.9999999999999996
0.5165493546606371,0.4834506453393629
2.7755575615628914e-16,0.9999999999999998
0.6019584488197147,0.39804155118028534
0.6143305218600171,0.38566947813998287
0.531796748505216,0.4682032514947839
1.1102230246251565e-16,0.9999999999999999
0.5118508830683419,0.488149116931658
0.5661208042912097,0.4338791957087904
4.440892098500626e-16,0.9999999999999997
1.3877787807814457e-17,1.0
0.5674232495242881,0.43257675047571187
0.6131932909089861,0.3868067090910141
0.20487716654260055,0.7951228334573995
0.7409435919568845,0.25905640804311536
0.5611738211018679,0.43882617889813236
0.4722546184675856,0.5277453815324145
0.4128042600729747,0.5871957399270252
0.5564819955230135,0.44351800447698647
0.5,0.5
0.38463462985244634,0.6153653701475537
0.3749967562947615,0.6250032437052384
0.5,0.5
0.12156944148519502,0.878430558514805
0.07780755500252416,0.9221924449974759
0.5520578817450112,0.447942118254989
0.6515255355668085,0.3484744644331916
0.0807350826523016,0.9192649173476982
0.5074952464401722,0.49250475355982787
0.0,1.0
0.0024230338147846918,0.9975769661852153
1.1102230246251565e-16,0.9999999999999999
0.5,0.5
0.5159536198878069,0.4840463801121931
0.5,0.5
0.45024839476580986,0.5497516052341901
1.6653345369377348e-16,0.9999999999999999
5.551115123125783e-17,1.0
0.5682360491158011,0.43176395088419905
0.5,0.5
2.636779683484747e-16,0.9999999999999998
1.942890293094024e-16,0.9999999999999998
0.5985155902322554,0.40148440976774463
0.7212735359502239,0.2787264640497761
0.7042008231043955,0.2957991768956046
0.0,1.0
1.1102230246251565e-16,1.0
0.2567985240440916,0.7432014759559086
0.4039312089520827,0.5960687910479173
0.0,1.0
0.6360071582812026,0.36399284171879737
0.0,1.0
0.1864555845943877,0.8135444154056123
0.0,1.0
0.5,0.5
7.216449660063518e-16,0.9999999999999992
0.5013558702543378,0.49864412974566225
0.0248698227670658,0.9751301772329344
0.5,0.5
0.5770423850681389,0.42295761493186157
0.5,0.5
0.40101669757654945,0.5989833024234504
0.0,1.0
0.5142771789704242,0.48572282102957576
0.17200730381699791,0.8279926961830021
0.6274498462534697,0.37255015374653044
0.36756907236928793,0.632430927630712
0.43426096774201917,0.5657390322579807
0.6287659664576084,0.37123403354239165
0.2905905467269827,0.7094094532730173
0.34391917430279184,0.6560808256972082
0.20645772108516525,0.7935422789148348
0.5393971482211217,0.4606028517788783
0.06521450717189368,0.9347854928281064
1.1102230246251565e-16,0.9999999999999999
0.0,1.0
0.6409828014426818,0.3590171985573182
0.632407755504143,0.36759224449585703
0.5,0.5
0.1058426118563366,0.8941573881436635
0.0,1.0
0.5,0.5
0.24429291477708126,0.7557070852229187
0.5316915387167017,0.46830846128329845
0.6378763924481458,0.3621236075518543
0.0,1.0
0.05956302784375459,0.9404369721562453
0.5444573421895249,0.4555426578104751
1.1102230246251565e-16,0.9999999999999999
0.5669756638333995,0.4330243361666005
0.0,1.0
0.16824644131610342,0.8317535586838964
0.5730638037024088,0.42693619629759094
0.2707258529592156,0.7292741470407844
0.46780990862320243,0.5321900913767977
0.6483398730670676,0.35166012693293225
1.6653345369377348e-16,1.0
0.5,0.5
0.6069498631592884,0.39305013684071155
1.1102230246251565e-16,1.0
0.06834131101531188,0.9316586889846882
0.6513561849060132,0.3486438150939868
0.11270775587042016,0.8872922441295797
0.36386709855967453,0.6361329014403256
0.5058189634910416,0.49418103650895834
0.03558267892221207,0.9644173210777878
0.4559956741950729,0.5440043258049272
0.0,1.0
0.5718465578761428,0.42815344212385725
0.0,1.0
0.5,0.5
0.04013366474365398,0.959866335256346
0.009831301024178724,0.9901686989758213
0.481200805897008,0.5187991941029921
0.31302696479651554,0.6869730352034845
0.25796642773075884,0.7420335722692412
0.0,1.0
0.0,1.0
2.7755575615628914e-17,0.9999999999999999
0.5149221367526668,0.48507786324733315
6.938893903907228e-17,1.0
1.942890293094024e-16,0.9999999999999999
0.6900845993967454,0.3099154006032544
0.20637308040580854,0.7936269195941915
0.25796892879754735,0.7420310712024526
0.47861114271490923,0.5213888572850908
0.5,0.5
0.34393747108218375,0.6560625289178162
0.6756005051993145,0.32439949480068564
0.5,0.5
0.5435209297023945,0.45647907029760565
0.40052429586648974,0.5994757041335103
0.054924887277696045,0.9450751127223039
0.11237767065347151,0.8876223293465285
0.423728941786158,0.576271058213842
0.0,1.0
0.05277032063741395,0.947229679362586
0.20665770240308223,0.7933422975969178
0.7288082791123001,0.27119172088769994
0.6654069781068636,0.33459302189313633
0.3186264703024955,0.6813735296975045
0.14920702704334,0.85079297295666
0.20759908024441556,0.7924009197555845
0.3379020851427034,0.6620979148572966
0.4724625196198899,0.5275374803801101
0.42954626858504247,0.5704537314149576
0.5,0.5
0.34282227605581284,0.6571777239441872
0.043297111336091244,0.9567028886639088
0.0,1.0
0.0,1.0
0.03255925173175162,0.9674407482682483
0.07639566707769015,0.9236043329223098
0.0,1.0
6.730727086790012e-16,0.9999999999999993
0.0,1.0
0.6064355455518249,0.39356445444817517
5.551115123125783e-17,1.0
0.4986607376230324,0.5013392623769675
0.0,1.0
0.2602538672098615,0.7397461327901385
0.2948114299573089,0.7051885700426911
8.326672684688674e-17,1.0
0.2946179990508891,0.7053820009491109
0.2588144963126515,0.7411855036873486
1.1102230246251565e-16,0.9999999999999999
4.440892098500626e-16,0.9999999999999997
0.4342470950399792,0.5657529049600207
0.5619942670090448,0.4380057329909552
0.663564460640483,0.3364355393595169
2.7755575615628914e-16,0.9999999999999998
0.14361827039535152,0.8563817296046484
0.5370906102361155,0.4629093897638844
0.07092003922934616,0.9290799607706538
0.07752627649394973,0.9224737235060502
0.1719781407983164,0.8280218592016836
3.3306690738754696e-16,0.9999999999999998
0.46619301044991596,0.5338069895500843
0.5,0.5
1.3877787807814457e-17,1.0
0.5198350438708961,0.4801649561291038
0.20612863092093392,0.7938713690790661
0.14742616468448366,0.8525738353155163
0.5611997870715228,0.43880021292847704
0.40441316402025734,0.5955868359797426
2.7755575615628914e-16,0.9999999999999998
0.32527602663827393,0.6747239733617262
0.20638646158380458,0.7936135384161955
0.5,0.5
0.5802417853561846,0.41975821464381524
0.6721540367473993,0.3278459632526006
0.1048226424487239,0.8951773575512759
0.0,1.0
5.551115123125783e-17,1.0
0.37137089080652774,0.6286291091934725
0.1189642603336716,0.8810357396663283
0.5842597549940297,0.4157402450059705
0.19198058578427327,0.8080194142157268
0.20615804975338944,0.7938419502466106
0.06708676105903186,0.9329132389409681
0.5,0.5
0.5,0.5
1.6653345369377348e-16,1.0
8.326672684688674e-17,1.0
0.3441040439794679,0.6558959560205321
0.4964178370304761,0.5035821629695241
0.5,0.5
0.5159338205285965,0.48406617947140357
0.0,1.0
0.5628110505908505,0.43718894940914954
0.0,1.0
0.5896415030853618,0.41035849691463816
0.37969260173692765,0.6203073982630724
0.568878283696417,0.43112171630358287
0.2063718774878339,0.7936281225121661
0.06289860461669396,0.9371013953833061
0.6629634450915912,0.33703655490840867
0.0,1.0
0.4786471676481845,0.5213528323518157
0.736910124054629,0.26308987594537114
0.053662344989275926,0.9463376550107241
0.5107454612414212,0.4892545387585788
0.5280612022161683,0.47193879778383174
0.5297888291165306,0.47021117088346925
5.551115123125783e-17,0.9999999999999999
0.10711335863178129,0.8928866413682186
0.4946972528052255,0.5053027471947745
4.163336342344337e-17,1.0
0.3972378240104868,0.6027621759895131
0.5,0.5
0.6706804199722058,0.3293195800277941
0.41275962539618566,0.5872403746038141
0.44611021302423387,0.5538897869757663
8.326672684688674e-17,1.0
5.551115123125783e-17,1.0
2.220446049250313e-16,0.9999999999999998
0.05044663938002062,0.9495533606199794
0.6243647261575465,0.3756352738424536
0.0324381533105304,0.9675618466894697
0.5108921607024968,0.48910783929750323
0.5839589032167286,0.4160410967832714
0.15341152044851586,0.8465884795514842
0.3439638473988758,0.6560361526011241
0.659148824501936,0.3408511754980638
1.6653345369377348e-16,0.9999999999999998
0.6786892955109348,0.32131070448906507
0.5590392541819484,0.4409607458180516
0.5886486156876771,0.411351384312323
0.08221994117321867,0.9177800588267813
0.4043755526110053,0.5956244473889947
0.5,0.5
0.0,1.0
0.0,1.0
0.6209768008889416,0.3790231991110584
0.0,1.0
0.5,0.5
0.45376579114837384,0.5462342088516261
0.575397797852757,0.42460220214724304
0.5389210643533588,0.4610789356466412
0.0,1.0
0.5759898231032027,0.42401017689679754
0.6094399720101394,0.39056002798986056
0.5709641181153227,0.42903588188467745
0.7544770115338078,0.24552298846619205
0.6088240142344528,0.391175985765547
0.10777469280158872,0.8922253071984114
0.1799772310476496,0.8200227689523505
0.12425493276792259,0.8757450672320775
0.07764187327079305,0.922358126729207
2.220446049250313e-16,0.9999999999999998
0.6302017680647503,0.36979823193524985
0.7270932966194338,0.2729067033805663
0.040206447773711004,0.9597935522262887
0.5534590169894141,0.446540983010586
0.1706111727092357,0.8293888272907642
0.4979767589433164,0.5020232410566837
0.2949262636445211,0.7050737363554789
0.2610857022509849,0.7389142977490151
0.5,0.5
0.7387919587906571,0.261208041209343
0.5269762145790191,0.473023785420981
0.4128736171588551,0.5871263828411449
0.28119352638609074,0.718806473613909
0.04887728158388345,0.9511227184161168
0.5168996409068005,0.4831003590931996
0.26136883028363284,0.7386311697163672
0.5615751153975214,0.4384248846024785
0.6400628123531217,0.35993718764687815
0.343952120764274,0.656047879235726
0.0,1.0
0.07761890756791905,0.9223810924320809
1.1102230246251565e-16,0.9999999999999999
0.5,0.5
0.1378348243118123,0.8621651756881876
0.0,1.0
0.7092933308381607,0.29070666916183957
0.2912053782383946,0.7087946217616055
0.30375893413817584,0.696241065861824
0.5048423921689388,0.49515760783106105
0.4370807970279507,0.5629192029720493
0.11161844044349929,0.8883815595565008
0.6558821174617127,0.34411788253828735
0.5510279982212275,0.44897200177877244
0.38698311677528985,0.6130168832247102
0.5559092009905877,0.44409079900941223
0.5158930516810876,0.4841069483189125
0.05902091694561386,0.9409790830543862
0.09295528753066125,0.9070447124693387
0.015154988038188445,0.9848450119618117
0.5963678662854864,0.4036321337145136
0.05971438942535671,0.9402856105746434
0.6618141962697475,0.33818580373025253
0.0,1.0
0.6085876295905416,0.39141237040945825
0.4062253832817079,0.5937746167182921
0.0,1.0
0.5375837181846406,0.4624162818153594
0.67209686745968,0.32790313254032005
0.37467821621524505,0.625321783784755
0.6270955733385672,0.3729044266614326
0.5744034916207997,0.4255965083792004
0.40433895709842566,0.5956610429015744
0.6106124746890178,0.38938752531098203
0.5,0.5
0.5,0.5
0.2333645488716632,0.7666354511283368
0.6131716778226691,0.38682832217733076
0.0,1.0
0.24240737262119877,0.7575926273788013
0.5,0.5
0.01828814362922799,0.981711856370772
0.19489235225957047,0.8051076477404296
0.48503824214242774,0.5149617578575726
0.0,1.0
0.5,0.5
0.046351454464749114,0.9536485455352508
0.2293053965811544,0.7706946034188455
0.5,0.5
0.26917635764512154,0.7308236423548784
0.0,1.0
0.42619776203427234,0.5738022379657274
0.07605440016173945,0.9239455998382605
0.583729628659724,0.416270371340276
0.4803894522443075,0.5196105477556925
0.03224709871041611,0.9677529012895838
0.0,1.0
0.609908113726787,0.39009188627321306
0.5,0.5
0.573119740663536,0.4268802593364643
0.3906969326786082,0.6093030673213917
0.3253360645475144,0.6746639354524857
0.6361696769513108,0.3638303230486894
0.3977988088480758,0.6022011911519243
0.2774782104225298,0.7225217895774704
0.5777503169245943,0.4222496830754059
0.3359675638023762,0.6640324361976236
0.12964534912232603,0.8703546508776739
0.04383605511377577,0.9561639448862242
0.14741074241630114,0.852589257583699
0.4935105162273295,0.5064894837726706
0.04461514038462584,0.9553848596153742
1.1102230246251565e-16,1.0
0.5236004806817735,0.47639951931822655
0.35273304767906677,0.6472669523209332
0.08700668892464772,0.9129933110753523
0.6180778579518975,0.3819221420481025
0.4171253147816511,0.582874685218349
4.440892098500626e-16,0.9999999999999996
0.03936905008259209,0.960630949917408
0.2004421425864982,0.7995578574135018
0.5762874539689914,0.42371254603100866
0.32568116190531476,0.6743188380946855
0.48085973057369674,0.5191402694263034
1.1102230246251565e-16,0.9999999999999999
0.40443920371801734,0.5955607962819827
0.2547552230489164,0.7452447769510836
0.70442769209056,0.2955723079094402
0.4704594100266916,0.5295405899733084
0.5,0.5
0.6582603483352709,0.3417396516647292
0.6174735172469101,0.3825264827530898
0.17233792377679416,0.8276620762232061
0.4045838699165124,0.5954161300834876
0.7086687400913991,0.291331259908601
0.5198929543763832,0.4801070456236168
0.010935412644275624,0.9890645873557243
0.7858454297919353,0.21415457020806467
1.6653345369377348e-16,0.9999999999999998
0.5707141144258503,0.42928588557414965
0.5,0.5
0.0,1.0
0.534699891169298,0.46530010883070194
0.4928362448392553,0.5071637551607446
0.0010918929714477373,0.9989081070285523
0.0,1.0
6.938893903907228e-17,1.0
0.7460329999386301,0.2539670000613699
0.6506598775648758,0.349340122435124
0.4384523977811969,0.5615476022188034
0.7107102070254814,0.28928979297451857
0.5,0.5
4.996003610813204e-16,0.9999999999999996
0.13557159427611942,0.8644284057238807
0.42641881031996376,0.5735811896800364
0.4086679983259334,0.5913320016740666
0.6315519920388206,0.36844800796117944
5.551115123125783e-17,1.0
0.6317679505928603,0.3682320494071397
0.18456219625827502,0.8154378037417249
0.5748290176384092,0.4251709823615909
0.6422770928135297,0.3577229071864703
0.3821377238509163,0.6178622761490836
6.938893903907228e-17,1.0
0.007773986148326313,0.9922260138516739
0.4515099219489713,0.5484900780510287
0.3125148936109949,0.6874851063890052
8.326672684688674e-17,1.0
0.53889265364877,0.46110734635122985
1.1102230246251565e-16,0.9999999999999999
0.20623616555791552,0.7937638344420845
0.34577690485598045,0.6542230951440194
0.0,1.0
0.0,1.0
0.0,1.0
0.019324334471003485,0.9806756655289965
0.5159847976577941,0.4840152023422059
0.28304693297520916,0.7169530670247908
0.0360923151510682,0.9639076848489319
0.17203955029391935,0.8279604497060807
0.5685594947294242,0.43144050527057554
0.0,1.0
0.53566806636172,0.46433193363827985
0.6861055775285467,0.31389442247145327
1.1102230246251565e-16,1.0
0.647267672988712,0.35273232701128787
0.0,1.0
0.5345317994129664,0.46546820058703375
2.220446049250313e-16,0.9999999999999998
0.20609430067424434,0.7939056993257556
0.05760954655027814,0.9423904534497218
5.551115123125783e-17,1.0
0.0,1.0
0.2293253859181144,0.7706746140818855
0.5649536904423657,0.43504630955763435
0.0,1.0
0.29466840099484215,0.7053315990051581
0.3440668770323532,0.6559331229676468
0.4085508774265472,0.591449122573453
0.07543535078267025,0.9245646492173298
0.36943078595019974,0.6305692140498004
0.0646016341152208,0.9353983658847792
0.15669085662035667,0.8433091433796435
0.0,1.0
0.3822325681930334,0.6177674318069665
0.5634759759543888,0.43652402404561114
0.2880164726126848,0.7119835273873155
0.5729428041391617,0.4270571958608383
0.4043630412852632,0.5956369587147368
0.5626030996275707,0.43739690037242923
0.555204289832707,0.44479571016729297
0.09613204934578506,0.903867950654215
0.0,1.0
0.35936228477486976,0.6406377152251302
0.29481996995018084,0.7051800300498192
0.07489578302559062,0.9251042169744094
2.498001805406602e-16,0.9999999999999998
0.06716535622437493,0.9328346437756251
0.38272300256021036,0.6172769974397894
0.0,1.0
0.49022620178423026,0.5097737982157698
0.3532043195371101,0.64679568046289
0.14604609361751364,0.8539539063824864
0.5492749981302999,0.45072500186970016
0.5741619186855139,0.4258380813144862
0.6027436999014822,0.3972563000985179
0.3423079715649534,0.6576920284350465
0.15488940060366518,0.8451105993963349
0.5600459163044337,0.4399540836955662
0.2297905688778543,0.7702094311221459
2.7755575615628914e-16,0.9999999999999998
0.3297740346644974,0.6702259653355025
0.1486109033074651,0.851389096692535
0.6158084891908607,0.38419151080913916
0.376628663390875,0.623371336609125
0.6019124295540299,0.39808757044597015
5.551115123125783e-17,1.0
0.5513239365779539,0.4486760634220459
0.4697662772281283,0.5302337227718718
0.6614454179572534,0.33855458204274674
0.2333622305325836,0.7666377694674165
0.0,1.0
0.6660073693409976,0.3339926306590026
0.6010780962489727,0.39892190375102726
0.373800702393055,0.626199297606945
0.0,1.0
0.3759864843755859,0.624013515624414
0.2063680599716867,0.7936319400283134
0.46021484996627704,0.5397851500337231
0.35660365158870283,0.643396348411297
0.5,0.5
0.5400898991223412,0.45991010087765877
0.5644371453409147,0.43556285465908523
0.36345866950316974,0.6365413304968303
0.5160449290286422,0.48395507097135776
0.31252851766753503,0.687471482332465
0.14649107443918633,0.8535089255608138
0.0,1.0
0.6230332728782162,0.37696672712178353
0.6778290936110523,0.32217090638894774
0.28910102569861335,0.7108989743013867
0.0,1.0
5.551115123125783e-17,1.0
5.551115123125783e-17,1.0
1.6653345369377348e-16,0.9999999999999998
0.03207185574723237,0.9679281442527676
0.3560452535748483,0.6439547464251517
0.0,1.0
0.5875878124462017,0.41241218755379816
5.551115123125783e-17,1.0
0.6433565705086294,0.35664342949137057
0.7614527321572404,0.2385472678427597
0.7447388193779328,0.25526118062206693
5.551115123125783e-17,1.0
0.8642542476095434,0.13574575239045664
0.5,0.5
0.4877773920282563,0.5122226079717437
0.6695048124733076,0.3304951875266923
0.3440962668371549,0.6559037331628452
0.6132926413686073,0.3867073586313927
0.05289358703363806,0.947106412966362
0.6538659466494778,0.34613405335052205
0.6308051222579782,0.36919487774202164
5.551115123125783e-17,1.0
0.6957994483404465,0.30420055165955345
0.2174310224988542,0.7825689775011458
0.592842054860752,0.40715794513924813
1.1102230246251565e-16,0.9999999999999999
0.7114697242740398,0.28853027572596024
0.1718018567288805,0.8281981432711195
0.0,1.0
0.0,1.0
0.17290052876230214,0.827099471237698
0.6879792203648111,0.31202077963518887
0.0,1.0
0.465222103784161,0.5347778962158388
0.27851992406964976,0.7214800759303502
5.551115123125783e-17,1.0
0.39129789546132093,0.6087021045386791
0.16755987761715055,0.8324401223828496
0.4127482686102568,0.5872517313897432
5.551115123125783e-17,1.0
0.5231147491361468,0.47688525086385314
0.5,0.5
0.7507698673562622,0.24923013264373806
5.551115123125783e-17,1.0
0.516803113743663,0.48319688625633717
1.1102230246251565e-16,1.0
0.6097678041913646,0.3902321958086354
0.008229802379367854,0.9917701976206322
2.220446049250313e-16,0.9999999999999998
0.17196606265251999,0.82803393734748
0.021071539210109645,0.9789284607898904
0.5395565881009796,0.4604434118990204
0.6166780891234972,0.38332191087650286
0.36346165068810327,0.6365383493118967
0.0,1.0
5.551115123125783e-17,1.0
1.1102230246251565e-16,1.0
0.0,1.0
0.6135216578037674,0.38647834219623267
0.5488185294659877,0.45118147053401225
0.4044589806091338,0.5955410193908663
0.43433636266508396,0.565663637334916
0.1285010318684439,0.8714989681315565
0.4672510804529603,0.5327489195470395
0.5630408277775919,0.4369591722224081
5.551115123125783e-17,1.0
0.0,1.0
0.12572218475582125,0.8742778152441787
0.0,1.0
0.5,0.5
0.47869235913690145,0.5213076408630986
0.0,1.0
0.0,1.0
0.026264630012897153,0.9737353699871029
0.43347410939683834,0.5665258906031615
0.11679652056593912,0.8832034794340609
0.0,1.0
0.41290875113000625,0.5870912488699938
0.5,0.5
0.1253335638009532,0.8746664361990467
0.092008540170915,0.907991459829085
0.10211480903314404,0.8978851909668559
0.5968746714975572,0.40312532850244265
0.5102935531996656,0.48970644680033437
0.6811052228011765,0.31889477719882353
0.0,1.0
0.5560450054937954,0.44395499450620446
0.18288461890519325,0.8171153810948067
0.11543234402058551,0.8845676559794144
2.7755575615628914e-16,0.9999999999999998
0.2896975150930065,0.7103024849069935
0.6940393443288173,0.30596065567118275
0.5,0.5
0.6987893371448577,0.3012106628551424
5.551115123125783e-17,1.0
2.7755575615628914e-16,0.9999999999999999
0.022050667506678386,0.9779493324933217
0.4742855129035039,0.5257144870964962
0.2175430801376042,0.7824569198623957
0.6375572986001434,0.3624427013998564
0.597229822538084,0.4027701774619158
6.38378239159465e-16,0.9999999999999994
0.40441316402025734,0.5955868359797426
0.35117189749375616,0.6488281025062436
0.0,1.0
0.4947949998389167,0.5052050001610834
0.5405602826591397,0.45943971734086053
0.7114080666427073,0.28859193335729266
5.551115123125783e-17,1.0
5.551115123125783e-17,1.0
0.5,0.5
0.5866356147261961,0.4133643852738039
0.1877992008948512,0.8122007991051488
0.5513267695427464,0.4486732304572535
0.2580082375432416,0.7419917624567586
0.6134429183009393,0.3865570816990606
0.36778321862220764,0.6322167813777924
0.09863211943910531,0.9013678805608947
0.7753025759932927,0.22469742400670725
0.5,0.5
0.048182586643478464,0.9518174133565216
0.34397620483725144,0.6560237951627486
0.1447891903477858,0.8552108096522141
0.12904926559934626,0.8709507344006537
5.551115123125783e-17,1.0
0.04148456995421777,0.9585154300457821
0.5966188818324961,0.4033811181675037
0.5,0.5
0.5704971662455025,0.42950283375449744
0.5974276367615822,0.4025723632384178
0.47933791712865714,0.5206620828713429
0.6887520770207016,0.3112479229792982
0.6326072680472068,0.3673927319527931
0.7557299533597066,0.24427004664029317
0.0,1.0
0.07129087623154834,0.9287091237684517
0.5551487886737211,0.4448512113262792
0.13484184176245606,0.8651581582375439
0.5612049458471174,0.43879505415288267
0.5,0.5
0.1522474306091184,0.8477525693908816
0.0,1.0
0.0,1.0
1.3877787807814457e-16,0.9999999999999998
0.019319049708056393,0.9806809502919436
5.551115123125783e-17,1.0
0.7170587469142136,0.2829412530857865
0.0,1.0
0.4195656623967886,0.5804343376032113
0.6131933444791633,0.38680665552083665
0.5,0.5
5.551115123125783e-17,1.0
0.0,1.0
0.7404061572339866,0.2595938427660136
0.546977106887031,0.4530228931129689
0.0,1.0
0.013347458565055828,0.9866525414349443
0.0,1.0
6.38378239159465e-16,0.9999999999999994
4.163336342344337e-17,1.0
0.41275331888719596,0.5872466811128042
2.7755575615628914e-17,1.0
0.20643170230087338,0.7935682976991265
0.529364287853241,0.47063571214675903
0.0,1.0
1.1102230246251565e-16,0.9999999999999999
0.4267059597585056,0.5732940402414946
0.39181702970426563,0.6081829702957342
0.4249903799915447,0.5750096200084552
3.3306690738754696e-16,0.9999999999999998
0.5,0.5
0.3577512763719243,0.6422487236280758
0.0,1.0
0.6650804450955609,0.3349195549044392
0.3419197174855789,0.658080282514421
0.0,1.0
0.665974815025309,0.3340251849746909
0.5824552755548184,0.4175447244451817
0.5756572718407547,0.4243427281592453
0.23284701489513893,0.7671529851048612
0.0,1.0
0.20641361398552177,0.7935863860144782
0.40444684349999954,0.5955531565000004
0.2578795637538389,0.742120436246161
0.6635224402450185,0.3364775597549814
0.0,1.0
0.5,0.5
0.5637542309278094,0.43624576907219065
0.36916491389274597,0.630835086107254
0.2768426075895294,0.7231573924104708
0.08561324532044196,0.9143867546795581
0.20142867161884045,0.79857132838116
0.6315868733833566,0.3684131266166432
0.6976600728272156,0.3023399271727843
0.5188848187124795,0.4811151812875207
0.5,0.5
0.5667895413935187,0.4332104586064813
0.0,1.0
0.5191200992834708,0.48087990071652903
0.5,0.5
0.5970108521282289,0.40298914787177104
0.6856168446957995,0.3143831553042003
0.2059223215870915,0.7940776784129085
0.6156153988595545,0.38438460114044565
0.0,1.0
5.551115123125783e-17,1.0
0.006554889105944347,0.9934451108940557
0.658611363510438,0.341388636489562
0.10160015670423163,0.8983998432957683
1.1102230246251565e-16,1.0
0.5382521174939391,0.4617478825060611
0.09739706311223033,0.9026029368877697
0.5160841452629282,0.4839158547370718
0.0035300393227433147,0.9964699606772568
0.0,1.0
0.628698467558574,0.37130153244142594
1.1102230246251565e-16,1.0
0.4917416205780638,0.5082583794219362
0.5155815818294474,0.48441841817055264
0.33448396512375245,0.6655160348762478
0.6926272159971189,0.30737278400288104
0.20586219260709343,0.7941378073929066
0.09758507975694448,0.9024149202430554
0.04953249899208368,0.9504675010079162
0.0,1.0
0.3959336765110493,0.6040663234889507
5.551115123125783e-17,1.0
0.6057169772765536,0.3942830227234461
0.1719366292082871,0.828063370791713
2.7755575615628914e-17,1.0
0.7330087171064403,0.26699128289355967
0.19522820831499357,0.8047717916850065
0.5058485372486056,0.4941514627513946
0.4737946864296994,0.5262053135703004
0.5,0.5
0.481543502739077,0.5184564972609232
0.10175219866628539,0.8982478013337146
8.326672684688674e-17,1.0
0.6009317357693679,0.39906826423063213
0.41273423913212964,0.5872657608678704
0.39585649509715626,0.6041435049028437
0.14740522716502458,0.8525947728349754
0.15562583462512508,0.8443741653748751
5.551115123125783e-17,1.0
0.6841114524311372,0.31588854756886264
0.5159283445812728,0.4840716554187272
0.22156363676461852,0.7784363632353816
5.551115123125783e-17,1.0
0.6624882002004858,0.3375117997995142
0.37586152631578307,0.6241384736842168
0.25798904299993125,0.7420109570000687
0.17156054536575824,0.8284394546342418
0.2788371951237043,0.7211628048762957
0.14948027603966108,0.8505197239603391
0.6101293073274139,0.3898706926725863
0.38486718758940697,0.615132812410593
0.4043671816150099,0.59563281838499
0.5,0.5
0.5859800496430767,0.4140199503569234
5.551115123125783e-17,1.0
0.7906687583835699,0.2093312416164302
0.4713152313187651,0.5286847686812349
0.5518287418099614,0.4481712581900386
0.3439307889452555,0.6560692110547446
0.0,1.0
0.6173677683839458,0.3826322316160542
0.02817138602821729,0.9718286139717828
0.178176714915376,0.821823285084624
0.3876086550357071,0.6123913449642929
0.4736900070125227,0.5263099929874773
0.6055871331565554,0.3944128668434446
0.39251813665032464,0.6074818633496754
0.6915121039556689,0.30848789604433113
0.6138260941144652,0.386173905885535
0.2844165985858454,0.7155834014141544
0.3428487103486934,0.6571512896513065
5.551115123125783e-17,1.0
0.2579447490488296,0.7420552509511705
0.553337162459941,0.44666283754005887
0.07750872544346124,0.9224912745565389
0.0,1.0
0.5238457844117256,0.4761542155882745
5.551115123125783e-17,1.0
0.40275778842653037,0.5972422115734696
5.551115123125783e-17,1.0
0.13274121604771388,0.8672587839522861
0.4896450268012291,0.5103549731987708
0.3364536771674346,0.6635463228325653
0.5159429898146916,0.48405701018530833
0.5,0.5
4.163336342344337e-16,0.9999999999999996
0.627325424564906,0.37267457543509375
0.704725167289146,0.2952748327108542
0.0,1.0
0.5885709406210289,0.41142905937897095
5.551115123125783e-17,1.0
0.6266299575610083,0.37337004243899186
0.25788963306981755,0.7421103669301825
0.08317691409647862,0.9168230859035214
0.2327284668398678,0.767271533160132
0.021333762144240966,0.9786662378557591
0.5,0.5
0.04821873604469295,0.951781263955307
0.5573901900069446,0.44260980999305544
0.02200668844817127,0.9779933115518288
0.5969007610206317,0.40309923897936817
0.5,0.5
0.46053483827591846,0.5394651617240814
5.551115123125783e-17,1.0
0.1719090676414093,0.8280909323585908
0.00940267818350957,0.9905973218164904
0.0,1.0
0.6571230770644337,0.3428769229355663
0.268791594391507,0.7312084056084929
0.05852081789842833,0.9414791821015716
0.6378750326672716,0.3621249673327284
0.0,1.0
1.1102230246251565e-16,1.0
0.09046533974373416,0.9095346602562658
8.205242041370298e-16,0.9999999999999991
0.5,0.5
0.530893694693423,0.469106305306577
0.20578347263666827,0.7942165273633317
0.7229591135591534,0.27704088644084657
8.673617379884035e-18,1.0
0.6286540467086829,0.3713459532913173
0.5,0.5
0.8081711621968014,0.19182883780319873
0.552055596942256,0.4479444030577441
0.6652568690471818,0.334743130952818
0.27120402108491326,0.7287959789150867
0.4685994105523447,0.5314005894476553
0.5395629331979822,0.4604370668020177
2.220446049250313e-16,0.9999999999999998
0.2486573175422364,0.7513426824577635
0.0,1.0
0.0,1.0
0.256814930588007,0.743185069411993
0.4873614716042443,0.5126385283957557
0.6579141209965619,0.34208587900343806
0.7110208993790235,0.28897910062097665
0.2063929190050421,0.7936070809949579
0.0,1.0
0.5,0.5
0.5,0.5
0.018691730139729013,0.981308269860271
0.4646547746922055,0.5353452253077946
1.1102230246251565e-16,1.0
0.39701027579693654,0.6029897242030635
0.6616725204540278,0.33832747954597236
0.5133650149218745,0.4866349850781255
5.273559366969494e-16,0.9999999999999994
0.0949245193858209,0.9050754806141791
0.19523662964567443,0.8047633703543255
0.0,1.0
0.6490127249250115,0.3509872750749885
0.4137512812434212,0.5862487187565788
0.7051250320410246,0.29487496795897533
5.551115123125783e-17,1.0
0.08237481640788374,0.9176251835921163
0.7466961758795334,0.2533038241204666
0.6880221261608247,0.3119778738391753
0.604924627672291,0.39507537232770906
0.258060253470113,0.741939746529887
0.6424846416494552,0.3575153583505451
0.1723533254110016,0.8276466745889985
0.696961130398672,0.3030388696013278
0.7096685004700781,0.2903314995299217
0.5518157017584372,0.44818429824156275
0.3092374270236142,0.6907625729763858
0.11356879232941368,0.8864312076705865
0.04557609965978375,0.9544239003402162
0.5,0.5
0.1720648953460699,0.8279351046539302
0.6393195842184801,0.36068041578152
0.6236175769136509,0.37638242308634884
1.1102230246251565e-16,0.9999999999999999
0.44473009414005926,0.5552699058599407
0.6666516900533485,0.33334830994665143
0.015169589217436776,0.9848304107825632
0.0,1.0
0.0,1.0
0.6161460683287191,0.3838539316712809
0.05396669057985218,0.9460333094201478
0.4818492213905031,0.5181507786094969
0.17197730766490527,0.8280226923350948
0.40275630354547304,0.597243696454527
0.4230833798646927,0.5769166201353073
0.5,0.5
0.4188801542312368,0.5811198457687633
0.22108191369000207,0.7789180863099978
0.0,1.0
0.41115110021908846,0.5888488997809114
0.7316448683249416,0.26835513167505826
0.08815929368784406,0.9118407063121559
0.3821158373007454,0.6178841626992548
0.503053450771251,0.496946549228749
0.05455496615619629,0.9454450338438037
0.4346614345085249,0.5653385654914752
0.29486476667098166,0.7051352333290183
0.7003857806866278,0.2996142193133723
0.5,0.5
0.02441575592240445,0.9755842440775955
0.7435043755851524,0.25649562441484763
0.17197865916393373,0.8280213408360662
0.0,1.0
1.6653345369377348e-16,0.9999999999999998
0.012363367277371102,0.9876366327226288
0.046504700625128174,0.953495299374872
0.11687458680143055,0.8831254131985695
0.2919360971985987,0.7080639028014012
0.0,1.0
0.6002556484960618,0.3997443515039383
0.0,1.0
0.5160008232234446,0.48399917677655546
0.5208222476994401,0.4791777523005599
0.11974566326104245,0.8802543367389576
0.5,0.5
2.7755575615628914e-16,0.9999999999999998
0.13735284700971637,0.8626471529902835
0.0,1.0
0.04541522898051492,0.954584771019485
0.1537304353578212,0.8462695646421787
0.0,1.0
9.540979117872439e-18,1.0
7.216449660063518e-16,0.9999999999999992
0.6007614344260166,0.3992385655739834
2.220446049250313e-16,0.9999999999999998
0.04408263439215723,0.9559173656078427
0.4950261678640112,0.5049738321359889
0.6863729820101298,0.3136270179898703
3.608224830031759e-16,0.9999999999999998
0.056982032441402125,0.9430179675585979
0.6574254461918494,0.3425745538081506
1.1102230246251565e-16,1.0
0.6105527161661457,0.38944728383385435
0.4981893230373901,0.5018106769626101
0.0,1.0
0.10760986385168096,0.892390136148319
0.0,1.0
0.00979919264125665,0.9902008073587433
0.5414677910829456,0.45853220891705443
0.30607370152037605,0.6939262984796238
0.684617087464807,0.3153829125351931
0.35671672597527504,0.643283274024725
0.0,1.0
0.6223082569854367,0.3776917430145634
0.6311498004771756,0.36885019952282433
1.1102230246251565e-16,0.9999999999999999
0.4240535647716909,0.575946435228309
0.501812714044746,0.498187285955254
0.43580603149065106,0.564193968509349
0.0,1.0
0.3943841122090817,0.6056158877909182
0.5145544912878743,0.48544550871212555
0.5982183447485132,0.40178165525148685
0.4859646442261018,0.5140353557738983
5.551115123125783e-17,1.0
0.5204851952429546,0.47951480475704544
0.0,1.0
0.5908532784365116,0.4091467215634884
0.4193300718458198,0.5806699281541803
0.07720092217984484,0.9227990778201551
0.5,0.5
0.40441316402025734,0.5955868359797426
0.19515892280927563,0.8048410771907244
0.6569106871488097,0.3430893128511904
0.17347076783478765,0.8265292321652125
0.5243715393037169,0.4756284606962832
0.013706237901368,0.986293762098632
0.5660785492701312,0.4339214507298686
0.05150564139444351,0.9484943586055564
0.500206609070301,0.49979339092969893
0.0,1.0
0.07764105964570685,0.9223589403542932
0.39251813665032464,0.6074818633496754
0.8040152461033326,0.19598475389666728
2.7755575615628914e-17,1.0
0.43347193114459515,0.5665280688554049
0.4794692522703621,0.5205307477296379
0.2580051631978752,0.7419948368021247
1.457167719820518e-16,0.9999999999999998
0.5700171439265522,0.42998285607344794
0.5190219654864625,0.48097803451353727
0.38486718758940697,0.615132812410593
0.0,1.0
0.5,0.5
0.0,1.0
0.08248515583867312,0.9175148441613269
0.41418790536428146,0.5858120946357186
0.11010637111258828,0.8898936288874119
0.015227381011761215,0.9847726189882388
0.4793505126799273,0.5206494873200725
0.0,1.0
0.05239720772290006,0.9476027922771
0.39345701838022157,0.6065429816197783
0.3439572791794049,0.6560427208205953
0.29483026685567054,0.7051697331443295
1.1102230246251565e-16,0.9999999999999999
5.551115123125783e-17,1.0
0.5286245990129586,0.4713754009870415
0.5,0.5
0.6705562851875763,0.3294437148124236
0.0,1.0
0.2580308957164116,0.7419691042835884
0.6223114614118178,0.3776885385881822
0.4128042600729747,0.5871957399270252
0.40415449687920313,0.5958455031207969
0.34398629068753633,0.6560137093124637
1.1102230246251565e-16,1.0
0.17197269347362054,0.8280273065263793
7.216449660063518e-16,0.9999999999999992
5.551115123125783e-17,0.9999999999999999
0.0,1.0
0.0,1.0
0.0,1.0
0.0,1.0
0.0,1.0
0.25778296295890907,0.7422170370410909
0.5187572116756679,0.4812427883243321
0.38125679875000007,0.61874320125
0.03722962779538108,0.9627703722046189
0.40438113280273397,0.5956188671972661
0.5,0.5
0.5856735092131826,0.4143264907868173
0.0,1.0
0.6183791899354373,0.3816208100645627
0.22930948712863616,0.7706905128713639
0.43542431836976725,0.5645756816302326
0.4623801476880134,0.5376198523119866
0.5,0.5
0.34774170215760347,0.6522582978423965
0.6459527170346568,0.3540472829653431
5.551115123125783e-17,1.0
0.0,1.0
0.17199006429078423,0.8280099357092157
0.44874587985177006,0.5512541201482298
0.03048573468532901,0.9695142653146711
0.09737547728261718,0.902624522717383
0.5161868275971501,0.4838131724028498
1.1102230246251565e-16,0.9999999999999999
0.6698573402302519,0.3301426597697481
0.39901989698410034,0.6009801030158997
0.10175105063933189,0.898248949360668
0.3693887830402938,0.6306112169597061
3.7470027081099033e-16,0.9999999999999997
0.09758338203832033,0.9024166179616795
0.25796892879754735,0.7420310712024526
0.40458432738011957,0.5954156726198805
0.6717849668059687,0.3282150331940314
0.016937452846717396,0.9830625471532826
0.25794474930329486,0.7420552506967053
0.6617562426956772,0.33824375730432266
0.6150252832697521,0.3849747167302477
0.40441316480431827,0.5955868351956818
0.0,1.0
0.056879800884281455,0.9431201991157186
0.5,0.5
0.0,1.0
0.5,0.5
0.3617459025079846,0.6382540974920157
0.15350274667644373,0.8464972533235562
0.6688537650777423,0.33114623492225764
0.5566363345643349,0.44336366543566497
0.2692826105155828,0.7307173894844171
0.5652662930905411,0.4347337069094589
0.6080896825108816,0.39191031748911836
0.5971882765633976,0.4028117234366023
0.37540274409070873,0.6245972559092916
0.0,1.0
0.5,0.5
0.5521928424528799,0.4478071575471203
0.09494299970361944,0.9050570002963807
0.4387249312330491,0.5612750687669511
0.5,0.5
0.43333946198543755,0.5666605380145626
0.7020695518939715,0.29793044810602853
1.6653345369377348e-16,0.9999999999999998
0.02766283071064564,0.9723371692893543
5.551115123125783e-17,1.0
0.0,1.0
1.1102230246251565e-16,1.0
0.5846742322299858,0.415325767770014
0.0,1.0
0.01242028631558945,0.9875797136844107
0.5100493399316607,0.4899506600683393
0.6314157133155204,0.36858428668447973
0.34394574499043873,0.6560542550095613
0.611157038941225,0.38884296105877497
0.4701543548107098,0.5298456451892902
0.045278391085237985,0.9547216089147621
0.05891093325801923,0.9410890667419809
0.1461499184623094,0.8538500815376907
0.6904555522225776,0.30954444777742235
0.26376264961551293,0.736237350384487
0.0,1.0
0.5142174810206949,0.4857825189793052
0.6865839982090648,0.3134160017909352
0.027448176753822783,0.9725518232461773
0.14733864231533206,0.852661357684668
2.7755575615628914e-16,0.9999999999999998
0.507043427287805,0.4929565727121949
0.5,0.5
0.6192142138952297,0.3807857861047702
0.5,0.5
0.09223484846399194,0.907765151536008
0.0016201214320919982,0.998379878567908
0.0,1.0
0.0,1.0
0.35703222458474143,0.6429677754152585
0.40995197283241464,0.5900480271675855
0.40441316402025734,0.5955868359797426
0.5616507909933599,0.43834920900663993
0.033383410603294694,0.9666165893967051
0.552184249716248,0.4478157502837521
0.0,1.0
0.5120905740559742,0.4879094259440257
0.4927774295113068,0.5072225704886931
0.0,1.0
0.0,1.0
0.6646579675207495,0.33534203247925026
0.5,0.5
0.34397620483725144,0.6560237951627486
0.6454515716822564,0.3545484283177437
0.5849027747666244,0.41509722523337556
0.20657673209585764,0.7934232679041423
0.7738585478145116,0.22614145218548828
0.5918434321509214,0.4081565678490788
0.5,0.5
0.6927381556018174,0.3072618443981826
1.1102230246251565e-16,1.0
0.6029468529848432,0.3970531470151568
0.020530093908876394,0.9794699060911237
0.016136362426981275,0.9838636375730188
0.0,1.0
0.5,0.5
0.2609878057230496,0.7390121942769504
0.01670379791088494,0.9832962020891151
1.1102230246251565e-16,1.0
0.15959738811360727,0.8404026118863926
0.17197971095154885,0.8280202890484512
0.0,1.0
0.5021750429645181,0.49782495703548196
0.42784789861193034,0.5721521013880697
0.5,0.5
0.4610721755512289,0.5389278244487712
0.1259595110597424,0.8740404889402575
1.1102230246251565e-16,1.0
4.996003610813204e-16,0.9999999999999996
0.6408587319508565,0.3591412680491435
1.249000902703301e-16,1.0
0.5180108475832069,0.48198915241679297
0.06957502050184396,0.930424979498156
0.052870637061043876,0.9471293629389561
0.5241150977090032,0.4758849022909968
0.6353340828619415,0.36466591713805846
0.045831182438070044,0.95416881756193
0.6408586791976699,0.3591413208023301
0.0,1.0
0.2299493080737345,0.7700506919262655
1.1102230246251565e-16,0.9999999999999999
0.6657240396145218,0.3342759603854781
2.7755575615628914e-17,1.0
1.1102230246251565e-16,0.9999999999999999
0.6412759633226686,0.3587240366773312
0.5337627280608825,0.4662372719391174
0.5162513035700663,0.48374869642993384
0.0,1.0
0.48266810937125626,0.5173318906287437
0.48291940968559943,0.5170805903144008
0.0,1.0
5.204170427930421e-18,1.0
0.4172332826274026,0.5827667173725974
0.3864974719986165,0.6135025280013834
0.0,1.0
0.5860553847260773,0.4139446152739227
0.5,0.5
0.0,1.0
0.021957495064820684,0.9780425049351793
0.5001033045351505,0.4998966954648495
0.7280918957886582,0.27190810421134143
0.12751131013465936,0.8724886898653407
0.06067031637161135,0.9393296836283885
0.5,0.5
0.14722881180888453,0.8527711881911156
0.5,0.5
0.20733661469621176,0.7926633853037882
1.1102230246251565e-16,0.9999999999999999
0.6005330919270933,0.39946690807290663
0.3907046682452209,0.6092953317547789
0.3440406855700115,0.6559593144299884
0.42738459744341917,0.5726154025565806
0.523979552090168,0.476020447909832
0.20646097799188798,0.7935390220081121
0.6387865458139546,0.36121345418604545
0.09182340652829775,0.9081765934717022
0.03499340435677376,0.9650065956432264
0.5,0.5
0.17200794596287725,0.8279920540371228
0.6680967774744853,0.33190322252551474
0.17969640407690618,0.8203035959230938
0.2057616924278384,0.7942383075721616
0.6497577542482301,0.35024224575177004
0.5,0.5
0.8156406072949276,0.18435939270507234
4.996003610813204e-16,0.9999999999999996
8.326672684688674e-17,1.0
0.5,0.5
0.6540232584261607,0.3459767415738393
0.545758547956707,0.454241452043293
0.0,1.0
0.08090119488898098,0.919098805111019
0.6331728517712383,0.3668271482287618
0.36020342696226143,0.6397965730377387
0.5310816005652336,0.46891839943476643
0.7505695410466439,0.2494304589533561
0.7079780981922591,0.292021901807741
0.4891009271067127,0.5108990728932871
7.216449660063518e-16,0.9999999999999992
0.38412789110166395,0.6158721088983359
0.5,0.5
1.3877787807814457e-16,0.9999999999999998
0.7549867386796988,0.2450132613203011
0.33935511950403474,0.6606448804959653
0.4121899336136061,0.5878100663863939
0.08278960119064369,0.9172103988093564
0.5499080099820521,0.45009199001794775
0.0,1.0
0.4006921388208866,0.5993078611791134
0.013598086745256062,0.986401913254744
0.669509870464919,0.33049012953508095
0.15339124942777688,0.8466087505722232
0.610905661476126,0.38909433852387404
0.6313229944839499,0.36867700551605015
0.2579674205884458,0.7420325794115542
0.5955589122795394,0.40444108772046056
0.5351843855546302,0.46481561444536984
0.0,1.0
0.014679457687081666,0.9853205423129182
0.6049480899972004,0.3950519100027996
0.03460880821052903,0.9653911917894707
0.5,0.5
5.551115123125783e-17,1.0
0.20497526600956947,0.7950247339904306
0.10141417392538093,0.8985858260746191
0.5,0.5
0.5850805455693292,0.41491945443067074
0.050920839631946754,0.9490791603680533
0.008739354882776513,0.9912606451172234
0.20633737662697024,0.7936626233730297
9.020562075079397e-17,1.0
0.5321870869750597,0.4678129130249403
0.1373210020444091,0.8626789979555911
0.5,0.5
0.49657199620851367,0.5034280037914864
0.6102886408233498,0.3897113591766503
0.12821120459773305,0.871788795402267
0.514014063554583,0.48598593644541704
0.5612629503418202,0.43873704965817983
0.7232767609728263,0.2767232390271735
0.4106424819957989,0.5893575180042011
0.20027136035565582,0.7997286396443442
0.31946324422241124,0.6805367557775888
0.638120668990892,0.3618793310091078
7.216449660063518e-16,0.9999999999999992
2.7755575615628914e-16,0.9999999999999998
0.6364935873400321,0.36350641265996786
0.05736851618892811,0.942631483811072
7.216449660063518e-16,0.9999999999999992
0.35603991506114613,0.6439600849388538
0.5663888537213548,0.4336111462786451
0.022060985759888792,0.9779390142401112
0.48043881853938264,0.5195611814606174
0.0,1.0
0.5,0.5
0.6909212325485479,0.30907876745145213
0.6060415871389639,0.39395841286103606
0.5576680986841923,0.4423319013158077
0.0,1.0
0.20592433734000182,0.7940756626599982
0.0,1.0
0.7104421507235439,0.28955784927645617
0.1724333656213425,0.8275666343786574
0.694542453422744,0.30545754657725593
0.05154690469281912,0.9484530953071809
0.591078190677283,0.40892180932271693
0.12304383140649837,0.8769561685935018
0.5413728223038544,0.4586271776961454
0.5225017420049395,0.4774982579950604
0.0,1.0
0.5384445692203745,0.46155543077962546
0.0,1.0
0.5710475188812746,0.42895248111872536
0.033716410093589014,0.9662835899064111
0.10138555558864706,0.8986144444113531
0.6780457489682439,0.3219542510317561
0.20645715611617324,0.7935428438838268
0.5075807032466612,0.4924192967533388
2.220446049250313e-16,0.9999999999999998
0.33679674667805193,0.6632032533219482
0.3125197936594351,0.6874802063405648
0.5821973878514871,0.41780261214851283
0.13562868718086243,0.8643713128191376
0.5135297457727547,0.48647025422724544
0.25795756643397616,0.7420424335660238
0.6548035724602034,0.34519642753979657
0.6445711197787058,0.3554288802212941
8.326672684688674e-17,1.0
0.5,0.5
0.16810345181733305,0.831896548182667
0.5544071000751531,0.44559289992484674
0.504089996786786,0.495910003213214
0.5411301141478043,0.4588698858521957
0.09559316818188382,0.9044068318181161
0.4908426557690754,0.5091573442309247
0.08699809317675702,0.9130019068232431
0.6909551857890172,0.30904481421098257
5.551115123125783e-17,0.9999999999999999
0.0,1.0
6.869504964868156e-16,0.9999999999999992
0.6287930441039092,0.3712069558960909
0.529087502459496,0.47091249754050407
0.6459325480238998,0.3540674519761002
8.326672684688674e-17,1.0
4.440892098500626e-16,0.9999999999999997
0.06719090398354405,0.932809096016456
0.6069460312592883,0.3930539687407115
0.5551651163775776,0.44483488362242246
0.6648038187840399,0.33519618121596
0.4190554712636654,0.5809445287363346
0.6354502710869316,0.36454972891306825
0.5,0.5
1.5265566588595902e-16,0.9999999999999998
3.122502256758253e-17,1.0
0.369972184307089,0.630027815692911
0.5798200303638129,0.4201799696361871
0.4127472830081897,0.5872527169918104
0.7274093563698242,0.27259064363017566
0.6686042266141077,0.33139577338589227
0.41274687598160004,0.5872531240184
0.05636477148367517,0.9436352285163249
0.0,1.0
0.05484818486379635,0.9451518151362037
0.5350482040967582,0.4649517959032417
0.5,0.5
0.19400057225652595,0.805999427743474
0.5,0.5
0.40441316402025734,0.5955868359797426
0.0035254907992155267,0.9964745092007846
0.4090458106403378,0.5909541893596623
0.0,1.0
0.1773949656042931,0.8226050343957071
0.5344836136683084,0.4655163863316917
0.4372099661306624,0.5627900338693373
0.35513902557173715,0.6448609744282625
0.7708689493204542,0.2291310506795457
0.03602824059829442,0.9639717594017057
0.0,1.0
0.6905860208335622,0.30941397916643776
0.5,0.5
0.3439512179538391,0.656048782046161
0.49669171508428767,0.5033082849157123
0.4126661370588279,0.5873338629411721
0.4436083800194419,0.5563916199805581
0.6387641231392165,0.3612358768607835
0.1473821177929247,0.8526178822070752
0.0,1.0
0.6704939851291908,0.3295060148708092
0.6876597085853768,0.31234029141462316
0.6208275405232219,0.379172459476778
0.5538603201017982,0.4461396798982016
0.34396757874803285,0.6560324212519673
0.14969713345725472,0.850302866542745
0.013687579203256937,0.9863124207967431
0.5164721630439068,0.48352783695609325
0.023209660582247535,0.9767903394177525
5.551115123125783e-17,1.0
0.5804762979755219,0.41952370202447803
0.5728157761279349,0.4271842238720651
0.3441040439794679,0.6558959560205321
0.5771612413936666,0.4228387586063333
0.5,0.5
0.06296386095832154,0.9370361390416785
0.4042647951903236,0.5957352048096765
1.3877787807814457e-16,0.9999999999999999
3.608224830031759e-16,0.9999999999999997
0.47025004083225025,0.5297499591677499
0.5877073370237592,0.41229266297624095
0.5,0.5
0.6431584013166609,0.3568415986833389
0.5164209879524828,0.48357901204751713
0.0,1.0
0.4170880893990777,0.5829119106009222
0.5113938618159158,0.48860613818408427
0.5,0.5
0.5696949653762081,0.4303050346237918
0.05792421399761624,0.9420757860023838
0.16625341346242337,0.8337465865375768
5.551115123125783e-17,0.9999999999999999
0.38100145689863946,0.6189985431013604
0.1204093671989073,0.879590632801093
0.0523874150900499,0.9476125849099499
0.08582477281802799,0.9141752271819721
0.5072346585780698,0.4927653414219301
0.5,0.5
0.08103081114274277,0.9189691888572572
0.10544565918679112,0.894554340813209
0.6321563154354467,0.36784368456455335
0.0,1.0
0.1604646937278284,0.8395353062721714
0.5,0.5
0.6900334510091702,0.3099665489908297
0.07674024893572404,0.9232597510642758
0.4422360248353094,0.5577639751646908
0.5954522812279468,0.4045477187720531
0.5845460158408168,0.4154539841591832
0.345465277216605,0.654534722783395
0.5,0.5
0.06396027748070292,0.936039722519297
0.031126344131602843,0.968873655868397
0.5447688381413961,0.4552311618586039
0.592828659584863,0.407171340415137
0.6666492289164343,0.33335077108356564
0.43340386664166236,0.5665961333583378
0.7458760467682601,0.25412395323173975
0.3634590974742544,0.6365409025257456
0.10400769177554109,0.8959923082244589
0.4648303859123496,0.5351696140876505
0.20586219260709343,0.7941378073929066
0.5,0.5
0.7201425126232734,0.27985748737672655
0.0,1.0
0.0,1.0
0.1833113237933438,0.8166886762066563
0.0,1.0
0.5347903719547163,0.46520962804528365
0.5968345082354923,0.4031654917645078
0.07004661452979283,0.9299533854702071
0.0,1.0
0.3169692428119731,0.683030757188027
0.4424490803320238,0.5575509196679762
0.38489301502704626,0.6151069849729538
0.7223372091372886,0.2776627908627114
0.5,0.5
0.6413020775442774,0.3586979224557226
5.551115123125783e-17,0.9999999999999999
0.6690691908378504,0.33093080916214934
0.5931693674012695,0.4068306325987306
0.0,1.0
0.0,1.0
1.1102230246251565e-16,1.0
0.7527478017181367,0.24725219828186346
3.608224830031759e-16,0.9999999999999996
0.030874413411244247,0.9691255865887555
0.6028463936678652,0.39715360633213487
0.01389175201905689,0.986108247980943
0.5593774119268209,0.4406225880731791
0.039960412980500695,0.9600395870194993
5.551115123125783e-17,1.0
0.14734619996351356,0.8526538000364864
1.1102230246251565e-16,1.0
0.0,1.0
0.6393098183457059,0.360690181654294
0.5,0.5
0.07415782614496004,0.9258421738550398
0.6078933431201121,0.3921066568798879
0.24880878627300465,0.7511912137269954
0.4394960881234079,0.560503911876592
0.0,1.0
0.5,0.5
0.5,0.5
0.39302191081355825,0.6069780891864417
0.5,0.5
8.326672684688674e-17,1.0
0.751394768920693,0.24860523107930693
1.942890293094024e-16,0.9999999999999999
0.2593905494216482,0.7406094505783517
0.04460041584346286,0.9553995841565373
0.6018686203948818,0.3981313796051181
0.6261370532343854,0.37386294676561455
0.0,1.0
0.5,0.5
5.551115123125783e-17,1.0
0.054541462734031376,0.9454585372659687
0.01813924689448638,0.9818607531055137
0.5,0.5
0.4339405024464911,0.566059497553509
2.7755575615628914e-17,1.0
0.41956234342964827,0.5804376565703516
0.5159114605313617,0.4840885394686383
5.551115123125783e-17,1.0
0.5,0.5
0.015055693226770816,0.9849443067732292
0.5517430306231617,0.44825696937683823
1.249000902703301e-16,0.9999999999999998
0.5881558141171244,0.4118441858828757
0.040533352419066165,0.9594666475809338
0.6352622965622672,0.3647377034377327
0.6754584858679026,0.32454151413209753
0.0,1.0
0.5331550481622209,0.46684495183777913
0.6832074036319328,0.3167925963680672
0.5,0.5
0.02652289220906438,0.9734771077909357
0.34284881116141475,0.6571511888385851
0.495391848547918,0.5046081514520819
0.0,1.0
0.6647251170451279,0.33527488295487207
0.45031565473703666,0.5496843452629634
0.13106982864591796,0.868930171354082
0.01347159668377605,0.9865284033162239
0.02631294206673216,0.9736870579332678
0.4872406566755955,0.5127593433244045
0.2242543744033785,0.7757456255966215
0.0,1.0
0.5550928800191945,0.4449071199808054
0.24538316952791767,0.7546168304720823
0.25798543560241294,0.7420145643975872
5.551115123125783e-17,1.0
0.6850833479112425,0.3149166520887574
0.3438463639859163,0.6561536360140837
0.8249001482153461,0.17509985178465376
0.5344431182656247,0.4655568817343752
0.2580786545442071,0.741921345455793
8.326672684688674e-17,1.0
0.652727469610816,0.3472725303891838
5.551115123125783e-17,1.0
0.25551079194210163,0.7444892080578983
0.0,1.0
0.6110462180998116,0.3889537819001885
0.7384969113902711,0.261503088609729
0.5144970348041519,0.48550296519584846
0.0,1.0
0.40114550900069335,0.5988544909993068
0.11376793159282048,0.8862320684071796
0.2579890736620913,0.7420109263379088
0.40441316402025734,0.5955868359797426
0.07021652858131687,0.929783471418683
0.6683388495807128,0.33166115041928723
0.7284575515307093,0.27154244846929076
0.6607197579379459,0.33928024206205426
1.5265566588595902e-16,0.9999999999999999
0.5366751457189095,0.4633248542810902
0.0,1.0
0.5,0.5
0.02429452172270783,0.9757054782772923
0.3439685454175354,0.6560314545824646
0.40438134294413425,0.5956186570558658
0.5066824997775257,0.4933175002224742
0.40439049874522215,0.595609501254778
0.042366024401119064,0.957633975598881
0.5544265823071072,0.445573417692893
0.0,1.0
0.7009250710570047,0.29907492894299526
0.4890050614530941,0.5109949385469058
0.17197820954979573,0.8280217904502044
0.7237454511489492,0.2762545488510508
0.6842091877639996,0.31579081223600036
0.4505812236877502,0.5494187763122498
5.551115123125783e-17,1.0
0.2174993521528562,0.7825006478471439
0.027341482557970125,0.9726585174420298
1.1102230246251565e-16,1.0
0.0,1.0
0.5494402132337819,0.4505597867662181
0.16340141696885718,0.8365985830311429
0.0,1.0
0.025800833753676394,0.9741991662463236
0.42302021945567253,0.5769797805443273
0.0,1.0
0.6287687593520722,0.3712312406479277
0.48111593778140566,0.5188840622185944
0.5460715605943344,0.4539284394056658
0.5958108484461705,0.4041891515538297
0.23388590446826893,0.766114095531731
0.2384757928130121,0.7615242071869879
5.551115123125783e-17,1.0
0.6354477274448226,0.36455227255517736
0.5727004996294868,0.42729950037051323
0.3599385321140288,0.6400614678859711
7.771561172376096e-16,0.9999999999999993
0.0,1.0
5.551115123125783e-17,1.0
0.10355357689037796,0.8964464231096221
0.5907574216954624,0.40924257830453764
0.1474118658836201,0.85258813411638
0.6997886503296409,0.300211349670359
0.6589731538652948,0.3410268461347053
0.09822730916957904,0.901772690830421
0.0,1.0
0.7039497379390983,0.2960502620609018
0.2790796961531011,0.7209203038468989
0.527552411293137,0.47244758870686293
0.0,1.0
0.08232500474432874,0.9176749952556712
0.4516909038874702,0.54830909611253
0.531663274846088,0.468336725153912
1.8041124150158794e-16,0.9999999999999999
0.10320656650915788,0.8967934334908422
1.249000902703301e-16,0.9999999999999999
0.5,0.5
0.49060868267629393,0.509391317323706
0.02880643563835367,0.9711935643616464
0.6411977236302373,0.3588022763697628
0.44105668976472434,0.5589433102352758
0.541881775724547,0.4581182242754531
0.0,1.0
0.5831589376175123,0.4168410623824877
0.19471098448039578,0.8052890155196043
0.0,1.0
0.2579605494800503,0.7420394505199496
0.5724462686926018,0.427553731307398
0.5391857758887837,0.4608142241112164
0.7319943384699135,0.2680056615300864
0.09788385111237506,0.9021161488876249
0.21934494146544692,0.7806550585345532
0.32000834833027786,0.6799916516697222
0.4479283071973657,0.5520716928026341
0.34400414846524063,0.6559958515347593
0.213519429537283,0.7864805704627168
0.0,1.0
0.34400707993912893,0.6559929200608712
0.33747762319825786,0.6625223768017423
0.03637668148035199,0.963623318519648
0.005568416816084344,0.9944315831839156
0.18278901916370066,0.8172109808362992
0.38205897862212174,0.6179410213778783
0.0,1.0
0.312402640402103,0.6875973595978971
0.6439325175403686,0.3560674824596315
0.033882182250212535,0.9661178177497874
0.5713058029761868,0.42869419702381323
0.0,1.0
0.26140511163736535,0.7385948883626348
0.7776389187733823,0.22236108122661755
0.5490127298091324,0.45098727019086765
0.16710389363875783,0.832896106361242
1.6653345369377348e-16,0.9999999999999999
1.1102230246251565e-16,1.0
2.7755575615628914e-16,0.9999999999999998
0.5005409923195838,0.4994590076804161
0.0,1.0
5.551115123125783e-17,1.0
0.3210962293781037,0.6789037706218964
2.7755575615628914e-17,1.0
0.344545871691955,0.6554541283080451
0.5970222037375394,0.4029777962624608
0.04743551837752414,0.9525644816224759
1.1102230246251565e-16,1.0
0.16998156703045128,0.8300184329695489
0.5683613021638743,0.4316386978361258
0.36726811810567894,0.6327318818943211
0.5,0.5
0.5855052272680954,0.41449477273190444
0.08408323997204804,0.915916760027952
0.5159430557640361,0.4840569442359639
0.5,0.5
1.2836953722228372e-15,0.9999999999999987
1.1102230246251565e-16,1.0
0.23322918320806613,0.7667708167919338
0.43970186963891306,0.560298130361087
0.36857021240402743,0.6314297875959726
0.5366141788285611,0.463385821171439
0.48841609768681304,0.511583902313187
0.042898735322948627,0.9571012646770514
0.5,0.5
0.5,0.5
0.2063771536365621,0.7936228463634379
1.1102230246251565e-16,0.9999999999999999
0.4043810811090445,0.5956189188909556
0.5301146535232178,0.4698853464767821
0.09073363551679763,0.9092663644832024
0.17233780530343706,0.8276621946965629
0.7104522496578495,0.28954775034215047
0.5110264311240807,0.4889735688759192
0.4043031909237641,0.5956968090762359
0.4821853785115507,0.5178146214884494
0.47841097215511663,0.5215890278448835
0.5,0.5
0.6777639539697757,0.3222360460302244
0.5337496104288869,0.46625038957111303
0.2735671182318054,0.7264328817681946
0.6942066345075433,0.3057933654924568
0.023610419680423374,0.9763895803195766
0.5383237859149893,0.46167621408501075
0.2895824251752688,0.7104175748247312
0.5602004487718589,0.43979955122814113
0.0,1.0
0.0,1.0
0.399226082127945,0.6007739178720549
0.5152475667922922,0.48475243320770783
0.26371233965930985,0.7362876603406904
0.37714518606662756,0.6228548139333724
0.0,1.0
0.4852596711732507,0.5147403288267494
0.40052429586648974,0.5994757041335103
0.16599155857537762,0.8340084414246222
0.5,0.5
0.07807329975338151,0.9219267002466185
0.05289813511675671,0.9471018648832433
0.0,1.0
0.25901461881295096,0.7409853811870493
0.5411548773267596,0.4588451226732404
0.48184804887521737,0.5181519511247825
0.25788961723436526,0.7421103827656347
2.7755575615628914e-16,0.9999999999999998
0.38837324240233295,0.611626757597667
0.10147924974911883,0.8985207502508812
0.5613298028100765,0.4386701971899234
0.0,1.0
0.6170100407318404,0.3829899592681597
0.37921126931905746,0.6207887306809425
0.10146928561385596,0.898530714386144
1.1102230246251565e-16,0.9999999999999999
0.4285701643996658,0.5714298356003342
0.0,1.0
0.5,0.5
0.013598631649210855,0.9864013683507891
0.5160188750383256,0.48398112496167456
0.5330251442576365,0.46697485574236364
0.5560693627320447,0.4439306372679556
0.34647105380845,0.6535289461915501
0.4031724156608107,0.5968275843391893
0.08091372046219826,0.9190862795378018
0.07218092689685307,0.9278190731031472
0.4683157186559137,0.5316842813440863
0.7553646593628092,0.24463534063719058
0.10139275905396541,0.8986072409460346
0.4446413245261401,0.5553586754738599
0.4216805812647746,0.5783194187352255
0.3815227076411248,0.6184772923588753
0.5841661114853648,0.415833888514635
0.38560052103401743,0.6143994789659825
0.41721442060845476,0.5827855793915453
0.5,0.5
0.5781725666076677,0.4218274333923324
0.25800970021353997,0.7419902997864603
0.4864085518416161,0.5135914481583839
0.34386577676505875,0.6561342232349413
0.5,0.5
5.551115123125783e-17,1.0
0.3786830721206585,0.6213169278793416
0.03775899455087374,0.9622410051678
1.1102230246251565e-16,0.9999999999999999
1.3877787807814457e-17,1.0
0.5,0.5
0.0,1.0
0.758903021999209,0.2410969780007911
0.24918660221520034,0.7508133977847997
0.5158294544300954,0.48417054556990446
0.20642645999000392,0.7935735400099961
2.220446049250313e-16,0.9999999999999998
0.2261460831642834,0.7738539168357166
0.15773183445827393,0.842268165541726
1.457167719820518e-16,0.9999999999999999
0.16266161259172143,0.8373383874082784
0.5612049458471174,0.43879505415288267
0.2174471369277229,0.7825528630722771
0.25796054476347746,0.7420394552365225
0.11277058222787892,0.887229417772121
0.1310956922791269,0.868904307720873
0.5387358890216888,0.4612641109783111
0.2062778486289104,0.7937221513710896
0.09827984335800023,0.9017201566419998
0.5901948308788166,0.4098051691211835
0.5393113604238534,0.46068863957614664
1.1102230246251565e-16,1.0
0.5,0.5
2.7755575615628914e-16,0.9999999999999998
0.0471744949454991,0.952825505054501
0.011121559112698753,0.9888784408873013
8.326672684688674e-17,1.0
0.46869585617050685,0.5313041438294932
0.5976641303430542,0.4023358696569456
0.43146156325289925,0.5685384367471008
0.04641330480650061,0.9535866951934994
0.3683217806756095,0.6316782193243904
0.32861554565105583,0.6713844543489443
0.4879707147595065,0.5120292852404935
0.0,1.0
0.205827223558901,0.794172776441099
0.2567900176336429,0.7432099823663573
0.22116834571833915,0.778831654281661
0.5317503178660001,0.4682496821339999
0.0,1.0
0.5102538871672005,0.4897461128327994
0.6379655049138117,0.3620344950861882
1.8041124150158794e-16,0.9999999999999998
0.0,1.0
0.5234996891434546,0.47650031085654543
1.942890293094024e-16,0.9999999999999999
0.6884337712480774,0.31156622875192286
0.24236945550258968,0.7576305444974103
0.1475337071125648,0.8524662928874353
0.7326529119787146,0.26734708802128526
0.6052153170932801,0.39478468290671975
0.43274153412612315,0.5672584658738768
0.3431118819428992,0.6568881180571003
0.5100126019048706,0.4899873980951294
0.6675260649716694,0.33247393502833056
0.5,0.5
0.18686675726989066,0.8131332427301095
0.2059341108803329,0.7940658891196671
0.5698276965364306,0.4301723034635691
1.1102230246251565e-16,1.0
0.6317825018663653,0.3682174981336346
5.551115123125783e-17,1.0
0.5566482606902323,0.4433517393097679
0.6549165932227264,0.34508340677727367
0.0,1.0
5.551115123125783e-17,1.0
0.5940271910243377,0.4059728089756622
0.0,1.0
5.551115123125783e-17,1.0
0.09838921983132626,0.9016107801686737
0.6487627008505952,0.3512372991494048
0.7592303637119041,0.24076963628809597
0.5343025737188001,0.4656974262812
0.6413638414977424,0.35863615850225766
1.1102230246251565e-16,1.0
0.2332619985633551,0.766738001436645
0.5842366292560905,0.41576337074390934
0.688600440973215,0.31139955902678507
0.026458117472831864,0.9735418825271682
0.6975435167957336,0.3024564832042664
0.39052031689269967,0.6094796831073002
0.3696466100909448,0.6303533899090551
0.06485176557373007,0.93514823442627
0.5159840885839626,0.48401591141603745
0.5098784761503339,0.4901215238496661
0.0,1.0
0.7016478117355126,0.29835218826448734
0.5,0.5
6.938893903907228e-17,1.0
0.6081596844554237,0.39184031554457627
0.19593771598524534,0.8040622840147548
0.0,1.0
0.6849480928889566,0.31505190711104314
0.5,0.5
0.6539576416937627,0.3460423583062371
0.044311576606360994,0.955688423393639
5.204170427930421e-16,0.9999999999999994
0.5,0.5
1.1102230246251565e-16,0.9999999999999999
0.5159316365167486,0.4840683634832515
0.6557440068907345,0.3442559931092655
0.585060730429569,0.414939269570431
0.0,1.0
0.3399760937825729,0.6600239062174272
0.5116963165909406,0.4883036834090593
0.3958110027015209,0.6041889972984791
5.551115123125783e-17,1.0
0.5,0.5
0.655712441064128,0.34428755893587193
0.4040593642850668,0.595940635714933
0.6974904054748506,0.3025095945251495
0.4562869554825453,0.5437130445174547
0.4234615103881523,0.5765384896118481
0.0,1.0
0.02669708858029863,0.9733029114197014
0.0,1.0
0.0,1.0
0.20642644106273045,0.7935735589372697
0.2568335586309526,0.7431664413690474
0.0,1.0
0.381936375998565,0.618063624001435
0.6499493608105655,0.3500506391894347
0.08970600085528316,0.9102939991447169
0.6340194089438355,0.3659805910561645
8.326672684688674e-17,0.9999999999999998
2.220446049250313e-16,0.9999999999999998
0.5023764924507884,0.4976235075492116
0.0,1.0
0.08068385351456224,0.9193161464854378
0.015839838379066554,0.9841601616209334
0.5393069557481476,0.4606930442518525
0.0,1.0
5.551115123125783e-17,1.0
1.1102230246251565e-16,0.9999999999999999
0.6582703844355352,0.34172961556446485
0.07358621151090863,0.9264137884890916
7.216449660063518e-16,0.9999999999999992
0.5,0.5
6.938893903907228e-17,1.0
0.6191241025193533,0.3808758974806466
0.5545709336107317,0.4454290663892683
0.0,1.0
0.6191172288515975,0.38088277114840247
0.0,1.0
0.2596622530464864,0.7403377469535137
0.5,0.5
0.5,0.5
0.0,1.0
5.551115123125783e-17,1.0
0.0,1.0
0.43002062586152484,0.5699793741384753
0.7101935592347829,0.28980644076521705
0.0,1.0
0.6490674686000782,0.35093253139992175
0.5,0.5
1.942890293094024e-16,0.9999999999999999
0.0,1.0
0.43426362886430525,0.5657363711356947
0.530012230187643,0.4699877698123571
0.46105954699685886,0.5389404530031411
0.6399664055249715,0.3600335944750284
0.7134953884788339,0.2865046115211662
2.7755575615628914e-17,1.0
0.0,1.0
0.0,1.0
0.036076997274641774,0.9639230027253584
0.5,0.5
0.565530729767299,0.43446927023270104
0.1461665831894235,0.8538334168105767
0.20497533679008723,0.7950246632099129
0.0,1.0
0.05312335508436911,0.946876644915631
0.5811981011409825,0.4188018988590174
0.5,0.5
0.5,0.5
0.0844639309304511,0.9155360690695489
0.04874860471517753,0.9512513952848226
3.3306690738754696e-16,0.9999999999999998
0.5734449913041321,0.4265550086958681
0.5046047794355737,0.4953952205644264
0.49398766542283323,0.5060123345771668
0.5512426234025265,0.4487573765974735
0.7320252912746005,0.2679747087253997
0.3699920862533536,0.6300079137466464
0.0,1.0
0.42102013935219207,0.578979860647808
1.3877787807814457e-16,1.0
5.551115123125783e-17,1.0
0.06294346186633273,0.9370565381336673
0.47739335072176625,0.5226066492782337
8.326672684688674e-17,1.0
1.1102230246251565e-16,1.0
0.17239999586687957,0.8276000041331204
0.05158674917509481,0.9484132508249049
0.6853119413177362,0.3146880586822638
0.41275331888719596,0.5872466811128042
1.942890293094024e-16,0.9999999999999998
0.1324503039188226,0.8675496960811775
2.7755575615628914e-16,0.9999999999999998
0.08109524055412269,0.9189047594458775
0.5443325831252562,0.4556674168747436
0.07997405722114444,0.9200259427788555
0.3436844703059771,0.6563155296940227
0.028783188151417692,0.9712168118485823
0.3733164602890612,0.6266835397109388
0.48003323236030615,0.5199667676396938
5.551115123125783e-17,1.0
0.31614186703711106,0.6838581329628888
0.40416109929240274,0.5958389007075973
0.40434627073611695,0.5956537292638829
0.45561929254480843,0.5443807074551915
1.1102230246251565e-16,0.9999999999999999
0.0,1.0
0.6020481380520766,0.3979518619479233
0.6657119154953827,0.3342880845046175
9.367506770274758e-17,0.9999999999999999
0.39984779360741274,0.6001522063925872
1.942890293094024e-16,0.9999999999999998
0.020519767705543913,0.979480232294456
0.0,1.0
0.17483858594425064,0.8251614140557495
0.13923222538553612,0.8607677746144639
0.6801145865205355,0.3198854134794647
0.2896891314774059,0.7103108685225941
0.0,1.0
0.5,0.5
0.28910102569861335,0.7108989743013867
5.551115123125783e-17,1.0
0.29483223532072345,0.7051677646792767
0.2896923255732264,0.7103076744267737
0.5649399648939517,0.4350600351060483
0.12285118333861857,0.8771488166613814
0.5478194413241995,0.4521805586758004
0.33639036074739165,0.6636096392526084
0.5,0.5
5.551115123125783e-17,1.0
0.7378273791098003,0.2621726208901995
0.20637917545034895,0.7936208245496511
0.0,1.0
0.040882443484532766,0.9591175565154675
0.0,1.0
0.38414703342001394,0.615852966579986
0.2589434948610649,0.7410565051389352
0.5370906102361155,0.4629093897638844
0.6076238999619477,0.3923761000380525
0.564001315318002,0.4359986846819979
0.6948351890251587,0.30516481097484116
0.4641812321282355,0.5358187678717644
0.46719394411554094,0.5328060558844593
0.5431011157820388,0.45689888421796143
0.2885460945099226,0.7114539054900776
0.0,1.0
0.5159848011896275,0.48401519881037247
0.5159820476931617,0.4840179523068383
0.45715335238314453,0.5428466476168554
0.4603130618129821,0.539686938187018
0.5067205600117812,0.4932794399882188
0.5160345015196709,0.4839654984803291
0.6344431365742007,0.3655568634257993
0.10136941457527827,0.8986305854247219
0.20640008638859647,0.7935999136114035
0.6256861194518032,0.37431388054819664
0.6662431265790737,0.3337568734209261
0.08948511595590206,0.9105148840440979
0.5283074731428008,0.4716925268571992
0.6556910205710307,0.3443089794289693
4.440892098500626e-16,0.9999999999999997
2.220446049250313e-16,0.9999999999999998
0.371394330961386,0.628605669038614
0.043194362419032885,0.9568056375809673
0.5,0.5
0.25764624765660626,0.7423537523433938
0.5,0.5
0.0,1.0
0.3895569820192387,0.6104430179807613
0.1802330805526013,0.8197669194473987
0.40466077569117354,0.5953392243088264
0.3869551661238245,0.6130448338761755
0.5313225181062019,0.4686774818937982
0.7120588148988153,0.2879411851011845
0.0,1.0
0.545392531596124,0.45460746840387606
0.6862527668474865,0.31374723315251374
0.0,1.0
0.28872379055834396,0.711276209441656
0.4874345610954958,0.5125654389045043
0.0,1.0
0.5633344203360466,0.43666557966395336
0.3061431862246628,0.6938568137753373
0.25798543560241294,0.7420145643975872
0.5857992902815563,0.4142007097184436
0.516921228601651,0.48307877139834887
6.938893903907228e-17,1.0
0.5751648064860041,0.42483519351399585
0.0794565082164754,0.9205434917835246
0.0,1.0
0.4172236665273888,0.5827763334726113
0.0,1.0
0.6030721319831145,0.39692786801688545
0.5,0.5
0.6869542155705576,0.3130457844294425
1.942890293094024e-16,0.9999999999999999
0.09198241750263811,0.9080175824973619
0.11337494857973925,0.8866250514202608
0.5,0.5
0.3418526366543016,0.6581473633456985
0.6677790755085753,0.3322209244914247
0.5,0.5
0.6513562644004272,0.34864373559957273
0.09718225274651474,0.9028177472534854
0.6226074187387954,0.37739258126120434
2.7755575615628914e-17,1.0
8.326672684688674e-17,1.0
0.0528966112813602,0.9471033887186396
0.4694264122096544,0.5305735877903456
1.2836953722228372e-15,0.9999999999999987
0.25791591444001183,0.7420840855599881
0.38923080053970205,0.6107691994602981
2.220446049250313e-16,0.9999999999999998
0.566966668677492,0.4330333313225079
0.5857015372077022,0.4142984627922979
0.4675861894864368,0.5324138105135632
0.5215452934238017,0.4784547065761982
0.0,1.0
0.5248091830750954,0.4751908169249046
0.6314157133155204,0.36858428668447973
0.5805409196679197,0.41945908033208035
0.04383553846460066,0.9561644615353994
0.5581431583063836,0.4418568416936164
0.0,1.0
0.4572549974418381,0.5427450025581618
0.03424010334553291,0.965759896654467
0.18666757645433396,0.813332423545666
0.31960520777680185,0.6803947922231981
0.38873852516927204,0.611261474830728
0.7042691255629671,0.295730874437033
0.07762917751531247,0.9223708224846875
0.20640085126052438,0.7935991487394756
0.03415466262333292,0.965845337376667
0.5969156640348702,0.40308433596512977
0.3795958200976489,0.6204041799023511
0.4043810811090445,0.5956189188909556
0.3912849693166495,0.6087150306833505
0.5302896399374538,0.4697103600625461
0.6444500924056933,0.35554990759430677
0.30165630219203965,0.6983436978079604
1.1102230246251565e-16,0.9999999999999999
0.6300854753412843,0.3699145246587158
0.10081209568444621,0.8991879043155537
0.14352561108463707,0.856474388915363
0.6598847724161261,0.3401152275838738
0.09524360118535648,0.9047563988146433
0.4862681383818129,0.5137318616181871
0.49326219750609857,0.5067378024939014
0.6524083696380177,0.34759163036198254
0.3385803401470183,0.6614196598529817
0.6394862336572302,0.36051376634276977
0.47516020367788175,0.5248397963221184
2.220446049250313e-16,0.9999999999999998
0.0,1.0
0.07997524566878739,0.9200247543312129
0.16098149927330005,0.8390185007266999
0.22756511102808485,0.7724348889719153
0.02963738565200294,0.9703626143479971
0.6596339606906573,0.34036603930934284
0.38192269109327204,0.6180773089067279
0.19719599987097586,0.802804000129024
0.6493918206285166,0.35060817937148353
0.3057341276812678,0.6942658723187322
0.5564026082473174,0.4435973917526826
0.5530464087301399,0.44695359126986006
1.1102230246251565e-16,1.0
0.6679735119504117,0.33202648804958834
2.7755575615628914e-16,0.9999999999999998
0.10326941239966024,0.8967305876003396
0.5,0.5
0.3477582194063797,0.6522417805936204
0.14741064982156685,0.8525893501784331
0.17243335874786453,0.8275666412521354
0.43054712563753134,0.5694528743624687
0.5259251558040651,0.47407484419593504
0.35532653979774814,0.644673460202252
0.5057183437110712,0.4942816562889288
0.5243555872660446,0.47564441273395547
0.6162766224036659,0.38372337759633396
0.6448956739831353,0.35510432601686476
0.6471363118224193,0.3528636881775808
0.17559084040210948,0.8244091595978905
0.14725432682823694,0.8527456731717631
0.6437414524691515,0.35625854753084835
0.5,0.5
0.5,0.5
0.5174602873628245,0.4825397126371756
0.6191212850920692,0.38087871490793085
0.12876826182469184,0.8712317381753081
0.5234112879261371,0.4765887120738629
0.5,0.5
0.5,0.5
0.6293687041127203,0.37063129588727955
0.6438617445670428,0.3561382554329571
0.47212112548355034,0.5278788745164497
0.5095570627692285,0.49044293723077137
0.4682037039735558,0.5317962960264442
2.7755575615628914e-17,1.0
0.5191074231110997,0.4808925768889002
1.942890293094024e-16,0.9999999999999999
0.3595446860417725,0.6404553139582276
0.2008142782271868,0.7991857217728132
6.938893903907228e-17,1.0
0.7543923896081143,0.2456076103918857
0.5674086811953736,0.4325913188046267
0.2923130633860388,0.7076869366139613
0.5,0.5
0.09489976092686339,0.9051002390731366
0.3423080235929832,0.6576919764070169
0.47567628313854105,0.5243237168614591
5.551115123125783e-17,1.0
0.03226735532257096,0.967732644677429
0.017869799407397576,0.9821302005926025
0.5159290437584195,0.4840709562415804
0.620578269548252,0.37942173045174804
0.11968636100671587,0.880313638993284
0.5317967485052162,0.4682032514947838
0.47943711357795027,0.5205628864220497
0.43242007351598893,0.5675799264840111
0.5,0.5
0.5,0.5
0.5513459775905386,0.44865402240946145
0.5938854453485973,0.40611455465140295
0.27858435313988417,0.7214156468601158
0.6466999281395065,0.35330007186049356
0.5397925323356153,0.4602074676643848
0.4554074140587679,0.544592585941232
0.405227329414977,0.5947726705850231
0.5796465362918405,0.4203534637081595
0.48087298867146777,0.5191270113285321
0.1304232344400361,0.8695767655599639
2.7755575615628914e-16,0.9999999999999998
0.4903075965701537,0.5096924034298462
0.7352665919055112,0.2647334080944888
0.0,1.0
0.0,1.0
0.058467717167619476,0.9415322828323804
0.5,0.5
0.42371721358988207,0.576282786410118
0.41454916548472487,0.5854508345152752
0.7621874544778059,0.2378125455221943
0.6990916666976499,0.3009083333023502
0.11283181324124021,0.8871681867587597
2.220446049250313e-16,0.9999999999999998
0.6208697197315922,0.37913028026840745
0.07372573833141922,0.9262742616685808
0.0,1.0
0.5949448351818358,0.40505516481816406
0.45074576218310214,0.5492542378168978
0.0,1.0
0.0,1.0
0.0,1.0
0.5,0.5
0.34413512266402646,0.6558648773359737
0.0,1.0
0.15907460697010206,0.8409253930298981
0.018642083762351946,0.981357916237648
1.3877787807814457e-17,1.0
2.7755575615628914e-16,0.9999999999999998
0.01584813139969904,0.984151868600301
0.4579094171462158,0.5420905828537842
0.47750049214582796,0.5224995078541719
0.4848659001539913,0.5151340998460087
0.0,1.0
0.5972616506094627,0.4027383493905374
1.6653345369377348e-16,0.9999999999999998
0.4322001616447634,0.5677998383552364
0.4316171215880057,0.5683828784119942
0.33990699410245695,0.660093005897543
0.13640858569533856,0.8635914143046617
0.20623200411137105,0.7937679958886289
0.1919345771938815,0.8080654228061185
0.5758103764594443,0.42418962354055556
0.18587625111656034,0.81412374888344
0.6317679505928603,0.3682320494071397
0.0,1.0
0.03228911303015927,0.9677108869698406
0.2948428220959265,0.7051571779040737
1.6046192152785466e-17,1.0
0.6550847165869154,0.34491528341308453
0.4996746491107717,0.5003253508892282
0.5290280248395974,0.47097197516040257
0.0,1.0
0.3432540916211749,0.6567459083788252
0.0,1.0
0.4043784265161762,0.5956215734838238
0.5343488000811863,0.4656511999188136
0.05439084745069152,0.9456091525493084
6.106226635438361e-16,0.9999999999999993
0.041926527627675916,0.9580734723723241
0.35942201036959887,0.6405779896304011
0.6263391123937992,0.3736608876062005
1.1102230246251565e-16,1.0
1.942890293094024e-16,0.9999999999999999
0.0,1.0
0.07536888407816551,0.9246311159218346
0.06020221098951462,0.9397977890104853
0.10655812679252633,0.8934418732074737
0.09802322323308574,0.9019767767669143
0.04778049703835988,0.9522195029616402
0.026685729629581746,0.9733142703704183
0.20638235828909485,0.7936176417109051
0.0,1.0
1.4051260155412137e-16,0.9999999999999999
0.5,0.5
0.6810252580439359,0.3189747419560643
0.5563187415879517,0.4436812584120483
5.551115123125783e-17,1.0
0.1835019502716831,0.8164980497283169
0.5547845576493176,0.44521544235068256
0.008458922236146011,0.9915410777638541
0.5420645799576718,0.4579354200423283
5.898059818321144e-17,0.9999999999999999
0.129010304911061,0.870989695088939
0.6302676504396995,0.36973234956030077
0.5,0.5
0.2741859904455489,0.7258140095544512
0.3622499713674189,0.6377500286325811
5.551115123125783e-17,1.0
0.5616300971036813,0.43836990289631855
0.6354646768476948,0.3645353231523051
0.539319766416654,0.4606802335833459
0.5,0.5
0.04655697218479959,0.9534430278152004
2.0816681711721685e-16,0.9999999999999998
0.20583416865035595,0.794165831349644
0.5694464098368507,0.4305535901631492
0.402777936233428,0.597222063766572
0.0655644983873126,0.9344355016126874
0.6399951302490362,0.36000486975096385
0.0,1.0
0.574308233238542,0.4256917667614581
0.0,1.0
1.1102230246251565e-16,1.0
0.0,1.0
0.0,1.0
0.43428214091694706,0.5657178590830528
0.6131933688292562,0.3868066311707436
0.5261468187024132,0.4738531812975867
0.5763159892145899,0.4236840107854099
0.0,1.0
0.06979100248233111,0.9302089975176688
0.5730626789233707,0.4269373210766294
0.427299490198493,0.572700509801507
7.450637329320386e-16,0.9999999999999992
0.19696929305792027,0.8030307069420797
0.3409178500484111,0.6590821499515889
0.5243440370384114,0.4756559629615882
0.0,1.0
0.5,0.5
0.41290036168784794,0.5870996383121521
0.3585307583344726,0.6414692416655278
0.6808970342915069,0.31910296570849317
0.11862006835076849,0.8813799316492315
0.04725325867689651,0.9527467413231036
0.5469917436093691,0.45300825639063097
0.25799134713805677,0.7420086528619432
2.7755575615628914e-16,0.9999999999999998
0.5,0.5
0.14199507605900427,0.8580049239409957
0.6801042663090733,0.3198957336909265
0.0,1.0
0.14569228409038146,0.8543077159096187
0.0,1.0
0.5125015403021598,0.48749845969784034
0.5159290437584195,0.4840709562415804
0.2865500195734801,0.71344998042652
0.0,1.0
0.0,1.0
0.0,1.0
0.5774058224420272,0.4225941775579727
8.326672684688674e-17,1.0
0.07752817938735283,0.922471820612647
0.6266971308899415,0.3733028691100586
0.6406914461127378,0.3593085538872622
0.6498150623600877,0.3501849376399121
0.0,1.0
0.44223293111033185,0.557767068889668
0.557043936680929,0.44295606331907106
0.5,0.5
0.20673322259630625,0.7932667774036939
5.551115123125783e-17,1.0
0.5098784952424471,0.4901215047575529
0.26109470807442237,0.7389052919255777
0.021583062947038135,0.9784169370529618
0.0,1.0
5.551115123125783e-17,1.0
0.5685803408029088,0.43141965919709124
0.3432354262503818,0.6567645737496182
0.5455396106815931,0.45446038931840693
0.4043784265161762,0.5956215734838238
0.17111276818262106,0.828887231817379
0.5455960109829902,0.4544039890170099
0.6943923399723532,0.30560766002764705
0.052449676745694,0.9475503232543061
0.5605308910068887,0.4394691089931113
0.39960960760870684,0.6003903923912932
0.31941597873884153,0.6805840212611585
0.5,0.5
0.0,1.0
0.45829727663996706,0.541702723360033
0.382133143549429,0.6178668564505708
0.5115566872732528,0.4884433127267471
0.2579841624576731,0.7420158375423269
0.5543115940189424,0.4456884059810578
0.0,1.0
0.5848033124645362,0.41519668753546385
0.0,1.0
1.1102230246251565e-16,1.0
1.942890293094024e-16,0.9999999999999999
0.5,0.5
0.40076733487466637,0.5992326651253337
0.2948077140971306,0.7051922859028695
0.17233792377679416,0.8276620762232061
0.0,1.0
0.6782734446771456,0.3217265553228543
0.66835274370043,0.33164725629956987
0.0,1.0
0.16059679943107438,0.8394032005689257
1.1102230246251565e-16,1.0
0.30384734402149677,0.6961526559785033
0.5286863495285755,0.4713136504714244
3.469446951953614e-17,1.0
0.5817979722872718,0.4182020277127283
0.6465375826060293,0.3534624173939708
0.07605460408047796,0.923945395919522
0.08927463223964671,0.9107253677603534
2.498001805406602e-16,0.9999999999999997
0.18243000936245043,0.8175699906375496
0.5227734229451586,0.47722657705484145
0.0,1.0
0.5140937439779408,0.48590625602205895
0.0,1.0
0.6864729563122316,0.3135270436877683
0.5271680104743288,0.47283198952567107
0.5009967557377275,0.4990032442622725
3.7470027081099033e-16,0.9999999999999997
0.4837059264061423,0.5162940735938579
0.12898267049929396,0.871017329500706
0.42115287855267525,0.5788471214473248
0.7153642702607022,0.28463572973929785
0.607947872222286,0.392052127777714
0.006074240782240339,0.9939257592177598
0.2948322353132657,0.7051677646867344
0.509116304092022,0.49088369590797787
0.5085231156272944,0.4914768843727056
0.0,1.0
0.5,0.5
0.6985710701368784,0.3014289298631218
0.5035446340218187,0.4964553659781813
0.4021674707045349,0.597832529295465
0.379143497065898,0.6208565029341021
0.3416627950639035,0.6583372049360965
1.3877787807814457e-16,0.9999999999999999
0.0,1.0
0.5337496104288869,0.46625038957111303
0.0,1.0
0.5583864289567062,0.44161357104329385
0.5889983252658071,0.41100167473419325
0.11867185633941979,0.8813281436605802
0.5159347934595616,0.48406520654043844
0.6261483939539981,0.3738516060460019
2.7755575615628914e-16,0.9999999999999998
0.6743447117298735,0.32565528827012635
0.5,0.5
0.717849598544004,0.282150401455996
0.5,0.5
0.4924908586242003,0.5075091413757998
0.6088913082296331,0.39110869177036695
5.551115123125783e-17,1.0
0.5,0.5
0.6557794084329109,0.3442205915670891
0.2617067985599537,0.7382932014400462
0.20639444752010824,0.7936055524798916
0.2547098643668009,0.7452901356331991
0.3246666416525843,0.6753333583474157
0.0,1.0
0.24584524261193771,0.7541547573880624
0.0528628367764945,0.9471371632235055
0.6465845167791895,0.3534154832208106
0.16812862576806525,0.8318713742319347
0.1864730039086594,0.8135269960913407
0.6198903092250432,0.3801096907749568
0.05701434391147439,0.9429856560885257
5.551115123125783e-17,1.0
0.3755052248016,0.6244947751984
0.2747128625098358,0.725287137490164
0.5,0.5
0.6631817248794987,0.33681827512050133
1.6653345369377348e-16,1.0
0.295314726023758,0.7046852739762418
0.3019824275729025,0.6980175724270976
0.5,0.5
0.666491299135107,0.3335087008648929
0.5977073683091632,0.40229263169083657
0.5566462079350516,0.44335379206494835
0.0,1.0
0.6307494749536209,0.36925052504637923
1.1102230246251565e-16,1.0
0.7807996592121369,0.21920034078786305
0.5,0.5
0.6417629767587537,0.35823702324124623
0.5486951470375062,0.45130485296249384
0.3459584919751742,0.654041508024826
0.11823784845255625,0.8817621515474439
0.5420862513085286,0.45791374869147156
0.06981856967018657,0.9301814303298135
0.6008864993101914,0.3991135006898084
0.638391858198365,0.36160814180163503
0.5875006801805861,0.41249931981941385
0.0,1.0
6.938893903907228e-16,0.9999999999999993
0.5,0.5
0.5336780716249182,0.46632192837508174
0.7883317626675014,0.21166823733249843
0.5,0.5
0.6813424064894268,0.3186575935105732
2.7755575615628914e-16,0.9999999999999998
0.5111838465083847,0.48881615349161517
0.0,1.0
0.5,0.5
0.2059683261196107,0.7940316738803894
0.5720544756354821,0.42794552436451794
0.3822456606219994,0.6177543393780005
2.7755575615628914e-16,0.9999999999999998
0.37364460812244765,0.6263553918775525
0.0,1.0
0.38232391500372026,0.6176760849962797
0.10491534683845567,0.8950846531615445
0.5,0.5
0.6313229781852953,0.3686770218147048
0.020310418326380808,0.9796895816736192
0.4349458559859398,0.5650541440140602
0.65707261768525,0.3429273823147498
0.6878864752558658,0.3121135247441343
0.0,1.0
0.3485854788729081,0.6514145211270918
0.5633747093942724,0.43662529060572763
0.0,1.0
1.942890293094024e-16,0.9999999999999998
0.5837895954758024,0.41621040452419766
0.5170022066255497,0.48299779337445037
0.05284730535485285,0.9471526946451473
0.064830373970945,0.9351696260290552
0.3638899289071561,0.6361100710928439
0.3732901185818629,0.6267098814181371
0.47387584287340934,0.5261241571265908
1.1102230246251565e-16,1.0
0.5,0.5
0.06132085029475783,0.938679149705242
0.024390899324507876,0.9756091006754921
0.2516874490046625,0.7483125509953374
7.216449660063518e-16,0.9999999999999992
0.643006299674531,0.3569937003254689
0.5,0.5
0.5663999137665423,0.43360008623345764
0.5,0.5
0.5,0.5
0.5127674780284135,0.48723252197158656
0.024124462531903014,0.9758755374680969
0.1290291156025711,0.8709708843974289
0.19611726174401953,0.8038827382559803
0.41936295765937726,0.5806370423406227
0.5164209879524828,0.48357901204751713
0.5925874339461289,0.40741256605387116
0.7172484333837802,0.28275156661621975
0.09921143303147319,0.9007885669685268
0.4209201729525762,0.5790798270474237
0.0,1.0
0.40459733986808866,0.5954026601319113
1.6653345369377348e-16,0.9999999999999999
0.44272020569725207,0.5572797943027481
0.6732635133544289,0.3267364866455707
0.6529512944289849,0.3470487055710148
0.5740290395635782,0.42597096043642163
2.220446049250313e-16,0.9999999999999998
0.2592922434407983,0.7407077565592017
0.5956042567853244,0.4043957432146759
0.0,1.0
0.583747524833415,0.41625247516658503
0.4537919437678115,0.5462080562321885
0.42310421461379005,0.5768957853862099
0.0,1.0
0.20570180880328434,0.7942981911967157
0.4127482686102568,0.5872517313897432
4.440892098500626e-16,0.9999999999999996
0.3371663615107535,0.6628336384892465
0.4713642268903035,0.5286357731096966
0.6275445110835404,0.37245548891645935
4.891920202254596e-16,0.9999999999999996
0.17197670931311773,0.8280232906868824
8.326672684688674e-17,1.0
1.3877787807814457e-16,0.9999999999999998
0.5946787045303763,0.40532129546962375
0.343932313707112,0.6560676862928881
0.08457801390220816,0.915421986097792
0.40052429586648974,0.5994757041335103
0.39251813665032464,0.6074818633496754
0.0,1.0
0.0,1.0
0.4699938446055664,0.5300061553944335
0.19532675950918227,0.8046732404908177
0.1723533254110016,0.8276466745889985
0.5,0.5
0.0,1.0
0.43746331997872717,0.5625366800212729
0.5403650681340734,0.45963493186592674
1.942890293094024e-16,0.9999999999999999
0.0,1.0
0.1827592891635706,0.8172407108364295
0.3439307889452555,0.6560692110547446
5.551115123125783e-17,1.0
2.7755575615628914e-17,1.0
0.5039345948025584,0.49606540519744163
0.7266431925993541,0.2733568074006457
0.0,1.0
0.06962392627830793,0.930376073721692
0.6488875927890126,0.3511124072109874
0.5774800199963982,0.42251998000360197
0.5537964193436813,0.44620358065631877
0.6292084261713459,0.3707915738286542
0.343952120764274,0.656047879235726
8.326672684688674e-17,0.9999999999999999
1.1102230246251565e-16,0.9999999999999999
0.6196940254260678,0.38030597457393206
0.3916802918926744,0.6083197081073256
0.34565023705363274,0.6543497629463673
0.6128619645301586,0.3871380354698413
0.344135119508251,0.655864880491749
0.5525192197559285,0.44748078024407134
0.33664983697235595,0.663350163027644
0.4497070786851186,0.5502929213148815
0.5553589311240358,0.4446410688759642
0.0,1.0
0.14281100213363634,0.8571889978663638
0.604154416729656,0.3958455832703441
2.0816681711721685e-17,1.0
0.603738389515943,0.39626161048405695
0.41978016541404173,0.5802198345859583
1.5265566588595902e-16,0.9999999999999999
0.7747020893247495,0.22529791067525065
0.7617425861426476,0.23825741385735238
0.37908119531916373,0.6209188046808362
0.550201130567015,0.44979886943298514
0.5,0.5
0.5160827915901377,0.4839172084098623
0.32980439137800777,0.6701956086219922
0.5436570378517096,0.4563429621482904
0.0,1.0
0.0,1.0
0.3527330495417119,0.6472669504582881
0.6707261457099564,0.32927385429004363
0.631409923064283,0.368590076935717
0.20974442318620026,0.7902555768137999
0.5,0.5
0.0,1.0
0.5307474477281293,0.46925255227187096
0.07207145819825748,0.9279285418017426
0.4551950207165926,0.5448049792834075
0.28408381645247743,0.7159161835475226
0.0,1.0
0.5234523506412775,0.47654764935872246
0.06056207148438671,0.9394379285156133
0.06329632321217954,0.9367036767878206
0.5716496698701302,0.4283503301298698
0.015188139076670546,0.9848118609233296
0.4046596017520194,0.5953403982479808
0.5,0.5
0.5160402958742762,0.48395970412572364
0.4132596555300787,0.5867403444699213
0.338831618908994,0.6611683810910061
0.1473868949785158,0.8526131050214844
0.419413211181943,0.5805867888180569
0.3479745863005519,0.6520254136994481
5.551115123125783e-17,1.0
0.5598457412138655,0.4401542587861345
1.6653345369377348e-16,0.9999999999999998
0.6720561336596893,0.32794386634031064
0.0,1.0
0.5,0.5
0.5206598970424461,0.47934010295755397
0.5074572982266543,0.4925427017733457
0.5,0.5
0.11415973440091538,0.8858402655990847
0.5,0.5
5.551115123125783e-17,1.0
0.5,0.5
0.37418163567781443,0.6258183643221855
0.3617736037331232,0.6382263962668768
2.7755575615628914e-16,0.9999999999999998
0.5964891254325839,0.4035108745674159
2.7755575615628914e-17,1.0
0.20566376287019777,0.7943362371298023
0.027844663090899103,0.9721553369091009
5.551115123125783e-17,1.0
0.3438075925262595,0.6561924074737405
4.2327252813834093e-16,0.9999999999999996
0.5,0.5
0.49507749534891327,0.5049225046510868
0.4740906523741308,0.5259093476258693
0.5,0.5
0.11820448865759452,0.8817955113424054
0.3439685400895634,0.6560314599104367
0.04612536747257396,0.953874632527426
0.5386486153981498,0.46135138460185016
4.3021142204224816e-16,0.9999999999999997
0.19903006687843655,0.8009699331215634
0.382212289801671,0.6177877101983291
0.5,0.5
0.31666039302945115,0.6833396069705489
0.0,1.0
0.3983677923679352,0.6016322076320648
0.5,0.5
0.6849528739804376,0.3150471260195625
0.5304463820249382,0.46955361797506184
0.0,1.0
0.5,0.5
1.1102230246251565e-16,1.0
0.6590027977070045,0.3409972022929954
0.5,0.5
0.06912540384602991,0.9308745961539701
0.6435720321438656,0.35642796785613434
0.027659263269442954,0.9723407367305571
2.220446049250313e-16,0.9999999999999998
0.6039533130107113,0.3960466869892887
0.3439457876814264,0.6560542123185736
0.6263330546074668,0.37366694539253326
0.4801190673015238,0.5198809326984761
0.08624198849431107,0.9137580115056888
2.7755575615628914e-17,1.0
0.5320148294259331,0.4679851705740668
0.5770555842716015,0.4229444157283984
0.4076088385364309,0.5923911614635691
0.5313611116820839,0.4686388883179162
5.551115123125783e-17,1.0
0.5892110917094282,0.4107889082905718
0.5234266524493527,0.47657334755064723
0.5,0.5
0.6750292467993916,0.32497075320060836
5.551115123125783e-17,1.0
0.5909567974404267,0.4090432025595731
0.5316902352380992,0.4683097647619008
1.1102230246251565e-16,1.0
0.5239795483648783,0.47602045163512174
0.6331024035985362,0.36689759640146413
0.03213801304284723,0.9678619869571528
0.0,1.0
0.5356553508747406,0.46434464912525963
0.5,0.5
0.04593056346050206,0.9540694365394978
0.5830244589089912,0.4169755410910087
0.01915043091072845,0.9808495690892717
0.5059164622068592,0.4940835377931408
0.261423588618985,0.738576411381015
5.551115123125783e-17,1.0
0.08407122008480518,0.915928779915195
0.05720556191406712,0.9427944380859328
0.3634752222031299,0.6365247777968702
0.03704523657711211,0.9629547634228879
0.4043784263635185,0.5956215736364815
0.6389177010469355,0.3610822989530643
0.50618229468712,0.49381770531288
0.5,0.5
0.7213793943923179,0.2786206056076821
0.6813930400124072,0.31860695998759275
0.5098982886104049,0.49010171138959513
0.5,0.5
1.1102230246251565e-16,1.0
5.551115123125783e-17,0.9999999999999999
0.555204289832707,0.44479571016729297
1.8821749714348357e-16,0.9999999999999998
0.5309018727167016,0.46909812728329825
0.42660311391704964,0.5733968860829503
1.3877787807814457e-16,1.0
0.42115186470596416,0.5788481352940358
0.5535960553977358,0.446403944602264
0.46635052140403077,0.5336494785959693
0.3402620061719468,0.6597379938280532
0.5,0.5
0.7182696570186513,0.2817303429813487
0.5,0.5
0.0,1.0
0.7063142538181455,0.29368574618185467
0.6105500922729097,0.38944990772709037
0.404368325731922,0.5956316742680781
0.5915267867704476,0.4084732132295523
0.0,1.0
0.189244300057476,0.8107556999425239
0.040272993522098656,0.9597270064779012
1.3877787807814457e-17,1.0
0.34395727544377125,0.6560427245562289
0.5158348414590813,0.48416515854091874
0.5033896774984896,0.4966103225015104
0.20648154751717335,0.7935184524828267
0.34392520417786937,0.6560747958221305
0.37569964727596183,0.6243003527240382
0.6325341205330866,0.3674658794669134
0.28769148895665625,0.7123085110433437
0.42872748102929165,0.5712725189707084
0.09300424687844856,0.9069957531215513
0.3774096708209474,0.6225903291790527
2.7755575615628914e-17,1.0
1.3877787807814457e-17,1.0
9.71445146547012e-17,0.9999999999999999
0.08025074859402183,0.9197492514059781
0.4150872760907504,0.5849127239092494
0.0623044213899547,0.9376955786100455
8.326672684688674e-17,1.0
0.07812172413972264,0.9218782758602774
0.6720311432401569,0.32796885675984305
0.0671756033440693,0.9328243966559308
0.5216932074145451,0.47830679258545483
2.7755575615628914e-16,0.9999999999999998
0.5,0.5
0.29415674364032546,0.7058432563596746
0.1311290553188652,0.8688709446811348
0.47513094908807074,0.5248690509119293
0.0,1.0
0.659039279407744,0.340960720592256
5.551115123125783e-17,1.0
0.10997052763714571,0.8900294723628543
0.6715478852381712,0.32845211476182873
0.6526312184153884,0.3473687815846115
0.0,1.0
0.14091667207122005,0.8590833279287801
0.12580336480562493,0.8741966351943752
0.5159592096817651,0.4840407903182349
0.40587884255540924,0.5941211574445908
0.6815637570620959,0.3184362429379041
0.07157686675441445,0.9284231332455855
0.5838672844460256,0.4161327155539743
0.5,0.5
0.6038834584017617,0.39611654159823806
0.3258072760903608,0.6741927239096392
0.3094270749240281,0.6905729250759719
0.019969065654899327,0.9800309343451007
0.040021879367191926,0.959978120632808
0.0,1.0
0.0,1.0
0.5498736181954859,0.45012638180451414
0.6503825684228396,0.3496174315771603
0.6370787360652882,0.36292126393471175
0.21324624292169875,0.7867537570783013
0.11883136226825622,0.8811686377317437
5.551115123125783e-17,1.0
0.5625488844031845,0.43745111559681554
0.4416212337978569,0.5583787662021431
1.942890293094024e-16,0.9999999999999999
0.5,0.5
0.6802226845720062,0.31977731542799387
0.49915870107128374,0.5008412989287162
0.5158865671029724,0.4841134328970276
0.47003080706822703,0.5299691929317729
0.5852720530760723,0.4147279469239277
0.009101192128359307,0.9908988078716406
0.06584954673743712,0.934150453262563
0.5568730181471891,0.44312698185281074
0.5,0.5
0.0,1.0
0.40756947678681504,0.592430523213185
0.45299769153079783,0.5470023084692023
0.5172131736947717,0.4827868263052283
0.37364345390908715,0.626356546090913
0.6895092287318532,0.310490771268147
0.619064210513726,0.3809357894862741
0.7444975063695122,0.2555024936304878
0.3428487103486934,0.6571512896513065
0.10655812679251063,0.8934418732074895
0.40436878849413505,0.5956312115058648
0.6063415094260366,0.39365849057396335
0.6973025496384753,0.3026974503615248
0.5,0.5
0.07518075793872371,0.9248192420612762
0.7182205459063471,0.2817794540936529
0.5233778717365715,0.4766221282634286
0.6085768728459549,0.39142312715404487
0.6494313850434814,0.3505686149565185
1.1102230246251565e-16,1.0
1.1102230246251565e-16,1.0
5.551115123125783e-17,1.0
0.14611511787460293,0.8538848821253971
0.617654507186867,0.38234549281313285
0.48535548021786423,0.514644519782136
0.36639359034242963,0.6336064096575706
0.3276802738675046,0.6723197261324956
0.6368162419241947,0.3631837580758054
0.5,0.5
0.5430338012693078,0.45696619873069216
0.5,0.5
0.17219479630584617,0.8278052036941538
0.39774150773882866,0.6022584922611713
0.04074723811905862,0.9592527618809413
0.3632830148562789,0.6367169851437211
0.1035061075214469,0.8964938924785532
5.551115123125783e-17,1.0
0.41250218396078364,0.5874978160392164
0.19877890836488074,0.8012210916351193
0.7098792677378831,0.2901207322621169
0.3543730042874813,0.6456269957125187
0.0,1.0
1.1102230246251565e-16,1.0
0.1476980884162544,0.8523019115837455
0.014864745397828711,0.9851352546021714
3.191891195797325e-16,0.9999999999999998
0.0,1.0
0.0,1.0
0.6055227959807487,0.3944772040192512
0.7549146472387724,0.24508535276122762
0.45985586077136925,0.5401441392286308
0.30545390652298215,0.6945460934770179
0.3821633181346657,0.6178366818653344
0.03432868556296541,0.9656713144370346
0.20637022935557506,0.793629770644425
1.942890293094024e-16,0.9999999999999999
0.6060719184114333,0.3939280815885666
0.0,1.0
0.5135184815613696,0.4864815184386306
0.4528228095198414,0.5471771904801586
0.7120102026361855,0.2879897973638146
0.5415352463974608,0.45846475360253913
0.13004365230012802,0.869956347699872
4.380176776841438e-17,1.0
0.47069340477999533,0.5293065952200046
1.6653345369377348e-16,0.9999999999999998
0.5394590854650232,0.46054091453497675
0.44324516811646636,0.5567548318835335
0.0,1.0
0.4543935668839832,0.545606433116017
0.5499386062801628,0.4500613937198373
0.466982838489581,0.5330171615104191
0.052974559198841094,0.9470254408011588
0.5578663610738093,0.4421336389261906
0.0,1.0
0.5956145221216189,0.4043854778783813
0.11475961423513498,0.885240385764865
0.6112912643595417,0.38870873564045816
0.5,0.5
0.5384007831540855,0.4615992168459147
5.551115123125783e-17,1.0
0.3439771470096874,0.6560228529903126
0.045162937887997814,0.9548370621120021
0.0,1.0
0.35697499010711903,0.6430250098928809
0.20638235762035373,0.7936176423796464
0.0,1.0
0.6854774676141846,0.31452253238581546
0.5335740454202439,0.466425954579756
0.8687981529973231,0.1312018470026768
0.14436285072477556,0.8556371492752245
0.5,0.5
0.7508346235068099,0.2491653764931902
2.7755575615628914e-17,1.0
0.0,1.0
0.5306371300590402,0.46936286994095966
0.6251917380314685,0.3748082619685317
0.0,1.0
0.5205838859188289,0.479416114081171
0.0,1.0
0.6191172288515975,0.38088277114840247
0.04829595510220175,0.9517040448977984
5.551115123125783e-17,1.0
0.03952697422668207,0.960473025773318
0.40441607665841184,0.5955839233415882
5.551115123125783e-17,1.0
0.2383389741182331,0.7616610258817669
0.39930311593953866,0.6006968840604614
0.5,0.5
5.551115123125783e-17,1.0
0.40851469314708766,0.5914853068529125
0.0003933754363446619,0.9996066245636555
0.2570700557060656,0.7429299442939344
0.557423784858668,0.442576215141332
1.1102230246251565e-16,1.0
0.3342315245575932,0.6657684754424069
0.025555376943174207,0.9744446230568258
0.5208081859745152,0.4791918140254847
0.6717833429566067,0.32821665704339326
0.41256792459270797,0.587432075407292
0.2574752178297888,0.7425247821702111
0.4140075802765902,0.5859924197234101
0.5098784952424471,0.4901215047575529
0.2333622305325836,0.7666377694674165
0.13521660382270712,0.8647833961772927
0.5,0.5
0.3440649623084917,0.6559350376915083
0.5157635393986851,0.48423646060131487
0.40443672973892786,0.595563270261072
0.5337627280608825,0.4662372719391174
0.5482678032488238,0.451732196751176
0.6879054000750309,0.3120945999249691
0.34393283305544853,0.6560671669445515
0.6878744809660451,0.31212551903395497
0.0,1.0
0.5255196898214837,0.4744803101785163
0.6921449844575044,0.3078550155424956
0.44288300485917975,0.5571169951408204
0.5962408949333009,0.4037591050666992
0.40441316402025734,0.5955868359797426
0.0,1.0
0.0,1.0
0.1333630123439404,0.8666369876560598
0.6465755376024462,0.3534244623975539
0.6840042650543998,0.3159957349456001
0.2793585783803069,0.7206414216196931
0.10884536932879461,0.8911546306712054
0.5,0.5
0.5,0.5
5.551115123125783e-17,1.0
0.3436406733921339,0.6563593266078661
0.6555398257679352,0.344460174232065
0.61744016753807,0.38255983246193
0.5,0.5
0.4073257774022499,0.5926742225977503
0.0,1.0
0.4409196947587639,0.559080305241236
0.0,1.0
0.6949838517287356,0.3050161482712645
2.498001805406602e-16,0.9999999999999998
0.4831826754219642,0.5168173245780356
0.03002953360376431,0.9699704663962356
0.0,1.0
0.18189724930693751,0.8181027506930624
0.4623856930450229,0.5376143069549771
0.07761516316026047,0.9223848368397395
0.560976471823335,0.43902352817666507
0.0737019500706262,0.9262980499293739
4.996003610813204e-16,0.9999999999999996
0.10318460889279825,0.8968153911072017
0.010394225726594996,0.989605774273405
0.5160841452629282,0.4839158547370718
0.10405740167702511,0.8959425983229747
0.12266653134876994,0.8773334686512301
0.0,1.0
0.5080304646960822,0.4919695353039178
0.5422069810594939,0.45779301894050617
0.5195683569169346,0.48043164308306524
0.44670273688372925,0.5532972631162709
0.0,1.0
0.0,1.0
0.2177947396988092,0.7822052603011909
0.5920350789816472,0.40796492101835274
0.01773568961052207,0.9822643103894778
0.515916140546108,0.4840838594538918
0.0,1.0
0.5,0.5
0.34197828015661935,0.6580217198433804
0.42077998248007803,0.5792200175199221
0.516555140702888,0.48344485929711195
0.5,0.5
0.5161674648262046,0.48383253517379554
0.07803799741738712,0.921962002582613
0.475353366190089,0.5246466338099108
0.4765527112431283,0.5234472887568719
0.0,1.0
0.5247615221469085,0.47523847785309126
0.010472520479002335,0.9895274795209976
0.0,1.0
0.06671089863532888,0.9332891013646711
0.10191762793283225,0.8980823720671678
0.559337724072231,0.440662275927769
0.0,1.0
0.7165716810727033,0.28342831892729675
0.5,0.5
0.5,0.5
0.4768494758466321,0.5231505241533679
0.07654435794482484,0.9234556420551752
0.48333760638785456,0.5166623936121455
0.25787999305304,0.74212000694696
0.0,1.0
2.7755575615628914e-17,1.0
5.551115123125783e-17,1.0
0.5426305306183992,0.4573694693816007
0.3630247525870801,0.6369752474129199
0.5444458604074267,0.4555541395925732
0.0,1.0
0.13039383889568082,0.8696061611043191
1.1102230246251565e-16,1.0
1.1102230246251565e-16,0.9999999999999999
0.5,0.5
0.03098879620673728,0.9690112037932626
0.6140572837968109,0.38594271620318893
0.5834683482285874,0.4165316517714126
0.674065952744687,0.32593404725531305
0.10740083718450452,0.8925991628154953
0.0965121302166673,0.9034878697833327
0.5167134348852924,0.48328656511470763
0.2015114196758942,0.7984885803241057
0.3438519966629131,0.6561480033370868
0.0,1.0
0.1931814845908029,0.8068185154091971
1.1102230246251565e-16,1.0
0.34397180571760816,0.656028194282392
0.70741456238708,0.29258543761292016
2.7755575615628914e-16,0.9999999999999998
0.4158152909288822,0.5841847090711177
0.07251008035610314,0.9274899196438968
0.6162445509841883,0.38375544901581177
0.4004581141288718,0.5995418858711282
1.1102230246251565e-16,1.0
0.5,0.5
0.0,1.0
1.1102230246251565e-16,1.0
0.12359260711143871,0.8764073928885615
0.5,0.5
0.19200459499521408,0.8079954050047858
0.41274687598160004,0.5872531240184
0.17966882794173208,0.8203311720582679
2.220446049250313e-16,0.9999999999999998
8.326672684688674e-17,1.0
0.5924876462386676,0.40751235376133227
0.6291532642171196,0.3708467357828807
0.41250218396078364,0.5874978160392164
0.49777864626931145,0.5022213537306884
0.695423542552704,0.30457645744729595
0.07779763795126776,0.9222023620487324
0.2578795637538389,0.742120436246161
0.37987762583354157,0.6201223741664584
0.48324429919131223,0.5167557008086877
0.40413517540061783,0.5958648245993824
0.34413512266402646,0.6558648773359737
0.5919956693298518,0.408004330670148
0.23321150048759096,0.7667884995124089
5.551115123125783e-17,1.0
0.05106389981650296,0.948936100183497
0.617143598664634,0.38285640133536597
0.5,0.5
0.5,0.5
5.551115123125783e-17,1.0
0.4032018727946144,0.5967981272053854
0.6278823626675348,0.37211763733246506
0.4043671816150099,0.59563281838499
0.5662842804127176,0.4337157195872822
0.5493211497599821,0.4506788502400179
0.5449683554890342,0.4550316445109657
0.1474143911079167,0.8525856088920832
0.1396039814292136,0.8603960185707865
0.13276793745028895,0.8672320625497111
5.551115123125783e-17,1.0
0.10616250188210988,0.8938374981178902
0.6772699199329292,0.3227300800670707
0.6866049929628524,0.3133950070371479
2.7755575615628914e-16,0.9999999999999998
0.0,1.0
0.5,0.5
0.0,1.0
0.0,1.0
0.2551337328700621,0.744866267129938
0.19264305106891613,0.8073569489310839
0.5,0.5
0.5401218797411435,0.45987812025885655
5.551115123125783e-17,1.0
0.09484265639199986,0.905157343608
0.7516430211258712,0.24835697887412866
0.16925261786922907,0.8307473821307709
0.029889106361418068,0.970110893638582
1.1102230246251565e-16,1.0
0.3439494259941964,0.6560505740058037
0.6707668335175877,0.32923316648241224
0.0,1.0
0.20660585046535712,0.7933941495346428
0.0,1.0
0.011407356885998582,0.9885926431140014
0.0,1.0
0.5541283879891811,0.44587161201081893
0.0,1.0
0.2580632844093043,0.7419367155906958
0.39986826720857976,0.6001317327914204
0.1451296843588304,0.8548703156411697
5.551115123125783e-17,1.0
0.0,1.0
0.12670893152587423,0.8732910684741257
1.1102230246251565e-16,0.9999999999999999
0.18733901862614707,0.812660981373853
0.7293184880005855,0.2706815119994143
0.3216343858293772,0.6783656141706228
0.0,1.0
0.0,1.0
0.6655919106488808,0.33440808935111915
0.556817028668483,0.4431829713315169
0.010908894516148293,0.9890911054838517
0.49227459121656997,0.5077254087834298
0.4405019779678672,0.5594980220321328
1.1102230246251565e-16,1.0
0.6573682955122635,0.3426317044877363
0.6115067726166971,0.38849322738330283
0.6792362662990332,0.3207637337009666
0.0,1.0
0.39760591834783554,0.6023940816521645
0.5859918399539782,0.4140081600460217
0.5646674267022898,0.43533257329770997
0.120555973150157,0.879444026849843
0.3673570863902569,0.6326429136097431
0.0807429690069356,0.9192570309930643
0.4033147607183563,0.5966852392816436
0.6095769570617937,0.3904230429382063
0.47353670934943687,0.5264632906505633
0.5128700972215348,0.48712990277846524
0.6822767741646365,0.3177232258353633
0.4813865315805671,0.5186134684194331
0.19523682386096416,0.8047631761390358
5.551115123125783e-17,1.0
0.21001063734828707,0.7899893626517129
0.24771433390222544,0.7522856660977748
0.17190763735130912,0.8280923626486908
0.7331963905717537,0.26680360942824627
0.07170472705610595,0.928295272943894
0.0638809378737179,0.9361190621262823
0.34523922229482196,0.654760777705178
0.017283890175853463,0.9827161098241467
0.2948199682011801,0.7051800317988199
0.007532129859312115,0.9924678701406877
0.5971379135250738,0.40286208647492605
0.7992722422256913,0.20072775777430865
0.4127578394712532,0.5872421605287468
0.45759243295613455,0.5424075670438654
0.6645254406790297,0.3354745593209703
0.5577361490833134,0.4422638509166866
0.48033465936873393,0.519665340631266
2.914335439641036e-16,0.9999999999999998
0.6317825018663653,0.3682174981336346
0.4830034141462449,0.5169965858537549
0.44696948386151925,0.5530305161384806
0.10858763259274726,0.8914123674072528
0.4046139708307052,0.5953860291692947
0.14933397802296505,0.850666021977035
0.5,0.5
0.07345705009123957,0.9265429499087604
0.6139449476387016,0.38605505236129833
0.0,1.0
0.10081228401411632,0.8991877159858838
0.0,1.0
0.8196602707158015,0.18033972928419847
0.5,0.5
0.11872104751094595,0.881278952489054
0.0,1.0
0.0,1.0
0.5692567400923316,0.4307432599076683
3.0531133177191805e-16,0.9999999999999998
0.0,1.0
0.0,1.0
0.6420990988159425,0.3579009011840574
0.2577759656377047,0.7422240343622954
0.0,1.0
0.5,0.5
1.1102230246251565e-16,1.0
0.5159373085764869,0.4840626914235132
0.43735739223560777,0.5626426077643922
0.5178085435121303,0.4821914564878696
0.41291291912604994,0.5870870808739501
0.6280631566117654,0.3719368433882345
0.0,1.0
0.02713776264321432,0.9728622373567858
0.5221722547076637,0.4778277452923363
0.0,1.0
0.2041068886074603,0.7958931113925397
0.0629873908995848,0.9370126091004152
0.2064316913306666,0.7935683086693333
0.50128623022025,0.49871376977974996
0.5361448822032014,0.46385511779679856
0.19522736034182558,0.8047726396581744
2.220446049250313e-16,0.9999999999999998
0.03985266564013765,0.9601473343598625
0.11767123714228045,0.8823287628577197
0.45004674461231947,0.5499532553876804
0.3488720431923866,0.6511279568076134
0.6186915925751877,0.3813084074248122
0.003164067809719446,0.9968359321902807
7.216449660063518e-16,0.9999999999999992
0.020525621927417734,0.9794743780725823
0.0,1.0
0.20639196951370084,0.7936080304862991
8.326672684688674e-17,1.0
0.05204294898434993,0.9479570510156502
0.5771015231241625,0.4228984768758374
0.5170620368548534,0.48293796314514653
0.5,0.5
0.0,1.0
0.217465577077317,0.7825344229226828
0.10043920443172573,0.8995607955682745
2.3592239273284576e-16,0.9999999999999998
4.440892098500626e-16,0.9999999999999997
0.6487079912465035,0.35129200875349664
0.005680662488458174,0.9943193375115419
0.03536165592109957,0.9646383440789004
0.2579775272431075,0.7420224727568925
0.5572471147542262,0.4427528852457737
0.19303274291271008,0.8069672570872901
0.058319640462186954,0.941680359537813
0.0,1.0
0.3564584655687213,0.6435415344312787
0.5996094711174715,0.40039052888252846
0.027442751667184063,0.9725572483328159
5.551115123125783e-17,1.0
0.6885443143165807,0.311455685683419
0.2948341228552147,0.7051658771447852
0.648020566136132,0.35197943386386793
0.6429499419795002,0.35705005802049966
0.06335916678872887,0.9366408332112712
0.5,0.5
2.7755575615628914e-16,0.9999999999999998
0.0696631208526982,0.9303368791473019
0.0,1.0
0.0,1.0
0.47811903049500576,0.5218809695049943
0.5,0.5
0.4043630416081968,0.5956369583918031
5.551115123125783e-17,1.0
0.5562455407139432,0.4437544592860569
0.5,0.5
0.2537096235285039,0.746290376471496
0.5812941776534157,0.4187058223465844
0.2583574290702831,0.741642570929717
1.1102230246251565e-16,1.0
0.0,1.0
0.6892328123365005,0.31076718766349937
0.48854592280363907,0.5114540771963605
0.3439402772256293,0.6560597227743709
0.45963922365710075,0.5403607763428995
0.0,1.0
0.5,0.5
0.11266900155624122,0.8873309984437587
0.0,1.0
1.1102230246251565e-16,1.0
0.6166240406890198,0.3833759593109801
0.6999234356081656,0.30007656439183467
0.4468363157467399,0.5531636842532601
0.10054394165310727,0.8994560583468928
0.4553850019058157,0.5446149980941842
0.44210326561370866,0.5578967343862914
5.551115123125783e-17,1.0
0.0,1.0
0.6769861397295813,0.3230138602704184
0.5,0.5
0.48733288373499756,0.5126671162650025
0.625017508767651,0.3749824912323489
0.5,0.5
0.7702280504767315,0.22977194952326838
0.3445900234037787,0.6554099765962215
0.6533876575774122,0.34661234242258754
0.061911330312842336,0.9380886696871577
0.08535119467676193,0.9146488053232379
0.5364950647957618,0.463504935204238
0.6895092521899686,0.3104907478100313
0.29382667405852575,0.7061733259414741
0.0,1.0
0.475241213586012,0.524758786413988
0.0,1.0
0.0,1.0
0.0,1.0
0.5968898916497264,0.4031101083502736
0.6004052607515464,0.39959473924845373
0.0,1.0
0.6699418675591351,0.3300581324408651
0.7858192305266855,0.21418076947331446
7.355227538141662e-16,0.9999999999999993
0.289554737139332,0.710445262860668
0.5136671326606075,0.4863328673393924
1.1102230246251565e-16,1.0
0.5494401079402208,0.4505598920597794
0.40699573595991717,0.5930042640400828
0.6556547850505089,0.34434521494949105
0.0,1.0
0.18764558523407884,0.8123544147659212
5.551115123125783e-17,1.0
0.29037222027195875,0.7096277797280413
0.6168638829859698,0.38313611701403016
0.6554272869869197,0.3445727130130803
0.07676544231231709,0.9232345576876828
0.5580417591302653,0.4419582408697347
0.6738211064404319,0.326178893559568
0.058301153790856236,0.9416988462091438
0.5565450264825023,0.4434549735174978
0.041227518105487526,0.9587724818945125
0.05121085260990444,0.9487891473900956
0.07209347687528794,0.927906523124712
5.551115123125783e-17,0.9999999999999999
0.6950099607676513,0.3049900392323488
1.1102230246251565e-16,1.0
0.6601483122216542,0.33985168777834585
0.5,0.5
0.0,1.0
0.3489689077818337,0.6510310922181665
0.665174192594937,0.33482580740506296
0.22995133773052867,0.7700486622694711
0.5662978079994376,0.4337021920005622
0.5860026198925253,0.4139973801074746
0.0,1.0
0.06333732742538857,0.9366626725746116
0.5434136418946796,0.45658635810532033
0.607214927463776,0.39278507253622397
0.34399882540781274,0.6560011745921873
0.3439642511492617,0.6560357488507383
0.6487564063783506,0.35124359362164936
0.5,0.5
0.007324036128119307,0.9926759638718807
0.41162849936365403,0.5883715006363458
0.0,1.0
0.0,1.0
0.5409397099267759,0.4590602900732241
0.3918265981374591,0.6081734018625408
0.4043630412852632,0.5956369587147368
0.1474118658836201,0.85258813411638
0.17186037018455064,0.8281396298154494
0.5,0.5
0.4610007759826024,0.5389992240173976
0.20583418421227673,0.7941658157877234
0.0,1.0
0.10187553787817352,0.8981244621218266
0.6775358188198178,0.32246418118018216
0.5365344239743671,0.46346557602563276
0.2579861729312802,0.7420138270687199
0.2579901559260197,0.7420098440739802
0.38070648300960175,0.6192935169903983
0.2949345991310459,0.7050654008689542
0.5906467415258744,0.4093532584741258
0.47083209590018604,0.529167904099814
0.6094439069271862,0.3905560930728138
0.14741248236210408,0.852587517637896
0.39617759329765323,0.6038224067023467
0.6524011500246628,0.3475988499753371
0.6745329807721411,0.3254670192278589
3.608224830031759e-16,0.9999999999999997
0.6109055388438295,0.3890944611561705
0.19948628863975323,0.8005137113602467
0.039980748400105244,0.9600192515998948
0.5225017420049395,0.4774982579950604
5.551115123125783e-17,0.9999999999999999
0.7509083810264129,0.24909161897358723
5.551115123125783e-17,1.0
0.7688154479908094,0.2311845520091905
0.31947229641341285,0.6805277035865871
0.33310392252660853,0.6668960774733916
0.10397180117600843,0.8960281988239917
0.477157747074038,0.5228422529259621
2.498001805406602e-16,0.9999999999999998
0.0,1.0
0.0,1.0
0.4796207621893847,0.520379237810615
0.6719616928815945,0.32803830711840565
0.6408586791976699,0.3591413208023301
0.043807281721835616,0.9561927182781643
0.0,1.0
0.0,1.0
0.10143800308768632,0.8985619969123138
0.14741449505546333,0.8525855049445367
0.03708486029816074,0.9629151397018392
0.049958782404459,0.950041217595541
0.8565390857586175,0.14346091424138227
0.0,1.0
0.5987771730503204,0.4012228269496798
0.5831258905800417,0.41687410941995845
0.0,1.0
0.6181570132133835,0.3818429867866163
0.4127471300501021,0.5872528699498979
0.2579397399803278,0.7420602600196723
1.1102230246251565e-16,1.0
0.5165493546606371,0.4834506453393629
0.45932409584233386,0.5406759041576662
0.07762463960425954,0.9223753603957404
0.13817555421055883,0.8618244457894412
0.3439457876814264,0.6560542123185736
0.39251813665032464,0.6074818633496754
0.4670456569617175,0.5329543430382825
0.6153792958669629,0.384620704133037
3.8510861166685117e-16,0.9999999999999997
0.5,0.5
0.6857919901464249,0.3142080098535752
0.008556131676458509,0.9914438683235416
0.5183052929905096,0.48169470700949035
0.659074274591982,0.34092572540801797
0.4043630412852632,0.5956369587147368
0.6503799810626925,0.3496200189373072
0.5304323040932856,0.4695676959067145
0.5,0.5
0.7568224557255182,0.24317754427448185
0.09649552396972781,0.9035044760302723
1.5265566588595902e-16,1.0
0.07419958416363817,0.9258004158363617
0.5,0.5
0.6201484167560078,0.37985158324399243
0.042546320207288095,0.9574536797927119
0.5,0.5
0.6846349115299111,0.315365088470089
0.6191584613974973,0.38084153860250264
0.6425690670403067,0.35743093295969325
0.0,1.0
1.3877787807814457e-17,1.0
0.4677009100498355,0.5322990899501645
0.13112609453533833,0.8688739054646616
0.6308656394540945,0.3691343605459054
5.551115123125783e-17,1.0
0.31105380439315794,0.6889461956068421
0.5195450798017909,0.4804549201982094
0.33935404408900416,0.6606459559109957
0.6089506849873435,0.39104931501265644
0.0,1.0
0.0,1.0
0.5545742596011909,0.44542574039880906
0.5234562610226695,0.47654373897733043
0.08012599264549336,0.9198740073545066
0.14748224873116442,0.8525177512688356
0.6825292656161858,0.3174707343838142
0.25772983238119734,0.7422701676188026
0.022712207896217616,0.9772877921037822
0.4993569387534226,0.5006430612465774
0.5,0.5
0.670390929813028,0.32960907018697183
0.41019797162942817,0.5898020283705719
1.942890293094024e-16,0.9999999999999999
0.47042797785547347,0.5295720221445264
1.942890293094024e-16,0.9999999999999999
0.6023664542068832,0.3976335457931169
0.5437287914776152,0.4562712085223846
0.10714698294349612,0.892853017056504
0.6164415190737961,0.38355848092620387
0.4878853526678126,0.5121146473321875
0.7241442091562796,0.2758557908437204
0.5592295647815508,0.4407704352184491
0.0,1.0
0.6600564391388101,0.33994356086119
8.708311849403572e-16,0.9999999999999992
0.45288489995336084,0.5471151000466392
0.0,1.0
0.2521413586052952,0.7478586413947048
0.3825872059793065,0.6174127940206936
0.0,1.0
0.0,1.0
5.551115123125783e-17,1.0
0.23740577329306892,0.7625942267069311
0.4211086937629679,0.5788913062370321
0.7496534668691645,0.25034653313083555
0.19514513142843734,0.8048548685715627
0.6127503876374983,0.38724961236250166
0.40440343103937576,0.5955965689606243
0.5502603503552924,0.4497396496447076
0.35633578989654785,0.6436642101034522
0.1716783643743692,0.8283216356256308
0.5,0.5
0.20596896164305345,0.7940310383569466
1.1102230246251565e-16,1.0
0.6058581591075456,0.3941418408924544
0.0,1.0
0.29248895818654724,0.7075110418134527
0.6042209828238286,0.39577901717617125
0.010675604561343366,0.9893243954386566
0.5801572185099856,0.4198427814900144
0.0029502082933824435,0.9970497917066174
0.11209236829701305,0.8879076317029869
5.551115123125783e-17,0.9999999999999999
0.41273544855823896,0.5872645514417612
0.6139109510752246,0.3860890489247754
0.0,1.0
0.5896461755436387,0.4103538244563612
5.551115123125783e-17,1.0
0.1474133203632662,0.8525866796367337
0.0,1.0
0.09301253233083616,0.9069874676691638
0.20194705296188872,0.7980529470381112
0.04340226583956293,0.956597734160437
0.310898174331968,0.6891018256680319
0.6418563218849064,0.3581436781150934
0.5719319534533669,0.42806804654663316
5.551115123125783e-17,1.0
0.5,0.5
0.41275132697818534,0.5872486730218147
0.24134567131894838,0.7586543286810515
0.0,1.0
0.5781445824542142,0.42185541754578576
0.42334908749717576,0.5766509125028243
0.5239795483648783,0.47602045163512174
0.5329348263626277,0.46706517363737254
0.5588039279949785,0.44119607200502153
0.43929073705934885,0.5607092629406512
0.6598230371989914,0.34017696280100845
0.1581907418201395,0.8418092581798607
0.0,1.0
3.5388358909926865e-16,0.9999999999999997
0.6000981521140709,0.3999018478859292
0.0,1.0
0.09947237799964136,0.9005276220003586
0.5471455641090872,0.4528544358909128
0.04482348499280715,0.9551765150071929
0.7321011862052346,0.26789881379476527
0.29485502934965574,0.705144970650344
0.0,1.0
0.5,0.5
0.0,1.0
0.04712173051979318,0.9528782694802069
0.4840886731656783,0.515911326834322
0.06531071201299424,0.9346892879870059
0.5471084918757646,0.4528915081242353
5.551115123125783e-17,1.0
0.6570383182509932,0.3429616817490067
0.009000057214609522,0.9909999427853905
0.4783504256698491,0.5216495743301509
0.012191768539676752,0.9878082314603233
0.07547479135057376,0.9245252086494262
0.4111521075556305,0.5888478924443695
0.6031309945948252,0.3968690054051747
0.4392228056838551,0.5607771943161447
0.0,1.0
0.5945593311793783,0.40544066882062174
0.5633379195607952,0.4366620804392048
0.6837306037561504,0.31626939624385003
1.1102230246251565e-16,0.9999999999999998
0.3219395197482881,0.6780604802517121
0.5,0.5
0.0,1.0
0.401606281732153,0.5983937182678469
0.6091215371638536,0.3908784628361462
0.49471569086280787,0.505284309137192
0.5596078620525077,0.4403921379474924
0.5,0.5
0.08223757035235804,0.917762429647642
0.42416946722626225,0.5758305327737377
0.5807648689372279,0.41923513106277205
0.167646121716172,0.832353878283828
0.34128562547266483,0.6587143745273352
0.5313297190474636,0.4686702809525364
1.1102230246251565e-16,1.0
0.3684596161223873,0.6315403838776128
0.33694636378076237,0.6630536362192375
0.5781053008791699,0.4218946991208302
0.4838351117598675,0.5161648882401325
0.5,0.5
0.6815625883112469,0.31843741168875295
2.7755575615628914e-16,0.9999999999999998
2.7755575615628914e-16,0.9999999999999998
0.034559414124985637,0.9654405858750145
0.2576588257025341,0.7423411742974659
0.6158747837353703,0.38412521626462953
0.5159353101221202,0.4840646898778798
0.46259070335179453,0.5374092966482054
0.5,0.5
0.5750293945141455,0.4249706054858547
0.2904601422559611,0.7095398577440389
0.5162096008742111,0.48379039912578886
0.620706648563585,0.379293351436415
0.5,0.5
0.5,0.5
0.7404649960263446,0.2595350039736553
0.5792630373199443,0.4207369626800557
1.942890293094024e-16,0.9999999999999999
0.1282815647617003,0.8717184352382997
0.3436807731681781,0.656319226831822
0.24746051817591044,0.7525394818240897
0.6241693080320404,0.37583069196795976
0.0,1.0
0.11026841413160027,0.8897315858683995
0.7078850845042891,0.29211491549571117
0.638405717770937,0.36159428222906287
0.5462700093385646,0.4537299906614354
0.023676328173678315,0.9763236718263217
0.5116969845967188,0.48830301540328125
1.1102230246251565e-16,1.0
0.0,1.0
0.6381603288111253,0.36183967118887467
0.04580488090873679,0.9541951190912632
0.5010419462538604,0.49895805374613966
0.34400707993912893,0.6559929200608712
0.38980085048533636,0.6101991495146637
1.1102230246251565e-16,1.0
0.5853754684252497,0.41462453157475043
0.06748060895647144,0.9325193910435285
0.37549908416713385,0.6245009158328662
0.4250138811767102,0.5749861188232899
0.05560914175269577,0.9443908582473043
0.1977363950200791,0.8022636049799208
0.025598608367128593,0.9744013916328715
0.5166415188862363,0.4833584811137636
0.5,0.5
0.6267485495489717,0.37325145045102814
0.5155901244429846,0.4844098755570154
0.5509179868140787,0.4490820131859214
1.1102230246251565e-16,1.0
0.5159840885839626,0.48401591141603745
8.326672684688674e-17,1.0
0.5,0.5
1.1102230246251565e-16,1.0
0.43430903766690543,0.5656909623330947
0.4237647978997596,0.5762352021002406
0.6823004723375587,0.31769952766244164
0.10172709192060392,0.8982729080793963
0.5188234906356984,0.48117650936430134
0.49813015368482216,0.5018698463151777
0.26079102442111457,0.7392089755788853
0.08656649159009876,0.9134335084099012
0.6426307813569078,0.35736921864309235
0.5159651982021048,0.48403480179789515
0.5997329369668305,0.4002670630331694
0.560541345161443,0.43945865483855706
0.0,1.0
0.4665570086850617,0.5334429913149382
0.0,1.0
1.1102230246251565e-16,1.0
0.10228406578975348,0.8977159342102464
0.5297674887200703,0.47023251127992977
0.0,1.0
0.6031116258289005,0.39688837417109957
0.5,0.5
0.20638184889151315,0.7936181511084868
1.1102230246251565e-16,0.9999999999999999
0.6529977130508611,0.34700228694913876
0.0,1.0
0.03467462476593163,0.9653253752340685
0.6080896790432465,0.3919103209567535
0.6812307634333876,0.3187692365666124
0.43414023724758516,0.565859762752415
0.13274121604771388,0.8672587839522861
0.6166780891234972,0.38332191087650286
0.0,1.0
0.18331923680543102,0.8166807631945691
0.30076097700018417,0.6992390229998158
1.1102230246251565e-16,0.9999999999999999
1.1102230246251565e-16,0.9999999999999999
0.6606039942616234,0.3393960057383765
0.6650569083586312,0.3349430916413687
0.5,0.5
5.551115123125783e-17,1.0
0.0,1.0
0.5,0.5
0.36603535865176956,0.6339646413482306
0.2896772791347556,0.7103227208652444
0.4693465990333081,0.5306534009666919
0.07765362870707145,0.9223463712929285
0.42379921479793287,0.5762007852020671
0.5074572884477675,0.4925427115522325
0.25800891127343983,0.7419910887265602
0.0,1.0
0.2063771536365621,0.7936228463634379
0.6470820636113623,0.35291793638863744
0.006398995636184963,0.993601004363815
0.37420965933920997,0.6257903406607899
0.5694929660739647,0.43050703392603523
1.1102230246251565e-16,1.0
0.6605437801866212,0.33945621981337903
0.0,1.0
0.343556566830622,0.6564434331693781
0.039682827685909146,0.9603171723140908
0.4478225646761974,0.5521774353238026
0.45715271232266913,0.5428472876773309
0.5273607348781039,0.47263926512189613
0.5735572322832211,0.4264427677167788
0.5,0.5
8.326672684688674e-17,1.0
0.39103962853550917,0.6089603714644908
0.6124410388369139,0.38755896116308597
0.1885428642027236,0.8114571357972765
0.6292037557567701,0.3707962442432299
0.49298146034953927,0.5070185396504607
0.5,0.5
0.6353967351354786,0.36460326486452127
0.5981672859981072,0.40183271400189263
0.03408185489991779,0.9659181451000821
0.5,0.5
4.163336342344337e-16,0.9999999999999997
0.5533288236410695,0.4466711763589305
0.3864758832936878,0.6135241167063121
0.5,0.5
2.7755575615628914e-17,1.0
0.5001807827502489,0.4998192172497511
0.5,0.5
0.08210172616443405,0.917898273835566
0.5744130219113288,0.4255869780886711
0.015386370749679967,0.9846136292503201
0.11897168440037913,0.8810283155996209
0.3337965594653137,0.6662034405346862
0.38026181023875977,0.6197381897612403
0.0,1.0
0.31962746765789585,0.6803725323421043
0.45168312945552613,0.548316870544474
5.551115123125783e-17,1.0
0.6340513990818997,0.36594860091810055
0.6487853645480856,0.3512146354519145
2.7755575615628914e-17,1.0
0.3915081839929147,0.6084918160070852
0.5,0.5
0.3766286596655846,0.6233713403344154
0.5310268949570079,0.46897310504299233
0.20648154737320318,0.7935184526267969
0.0,1.0
0.40442882224471294,0.5955711777552871
0.2587961854894379,0.7412038145105622
0.6442731374583262,0.3557268625416737
0.6571969272131927,0.34280307278680744
0.41201688721776014,0.5879831127822399
0.0,1.0
0.5769509121853389,0.4230490878146612
1.1102230246251565e-16,0.9999999999999999
0.10223289190286261,0.8977671080971373
0.0,1.0
0.6550929694162573,0.3449070305837427
0.5394310685566283,0.4605689314433717
0.7177412733844575,0.28225872661554235
0.7187323286279681,0.281267671372032
0.7021361311304908,0.297863868869509
0.0,1.0
0.0,1.0
0.0,1.0
0.4171989971385202,0.5828010028614798
0.47321611444633094,0.5267838855536692
0.047111633621995455,0.9528883663142564
0.5020840471114036,0.49791595288859636
0.20627633603129628,0.7937236639687039
0.5015934620104541,0.4984065379895458
0.028788509379184625,0.9712114906208152
8.326672684688674e-17,1.0
2.498001805406602e-16,0.9999999999999998
0.7443085019494587,0.2556914980505412
0.09352091919858063,0.9064790808014195
0.37473915533839486,0.625260844661605
0.5287842665029621,0.471215733497038
0.0891089021345071,0.910891097865493
0.1974097009693968,0.8025902990306033
0.4723268734264395,0.5276731265735605
0.36184948918882115,0.6381505108111789
0.5172150316359508,0.482784968364049
0.5,0.5
0.0475148957572964,0.9524851042427035
0.5,0.5
0.0,1.0
0.6450008811158209,0.354999118884179
0.38762774280206624,0.6123722571979338
0.6849543856316106,0.3150456143683895
0.06292569582974816,0.937074304170252
4.85722573273506e-17,1.0
0.4007425906164867,0.5992574093835132
0.23086234470952238,0.7691376552904775
0.5,0.5
0.0,1.0
0.06061907894057716,0.9393809210594228
0.06041212695466652,0.9395878730453335
0.2577880679728887,0.7422119320271112
0.4875646960773028,0.5124353039226972
0.49115145554953143,0.5088485444504683
0.5283153549581733,0.4716846450418267
0.6868129960679799,0.3131870039320202
0.0,1.0
2.5673907444456745e-16,0.9999999999999998
0.0,1.0
0.3396144433094705,0.6603855566905293
0.5,0.5
1.1102230246251565e-16,1.0
0.3439714226282961,0.656028577371704
0.4404825603801295,0.5595174396198704
0.07385312799921398,0.926146872000786
0.7643037085859494,0.23569629141405044
0.5709656048797124,0.4290343951202876
0.5080706737935542,0.4919293262064459
0.43080538511276245,0.5691946148872375
0.7116023339055774,0.2883976660944226
0.18217619778298103,0.817823802217019
0.0,1.0
0.4454340715756867,0.5545659284243132
0.5185912922360003,0.4814087077639997
0.0847004290356428,0.9152995709643573
0.5328519739955234,0.4671480260044767
0.34398524365927263,0.6560147563407275
0.5,0.5
0.0,1.0
0.7347195110698885,0.2652804889301115
1.3877787807814457e-16,0.9999999999999999
0.3770095966756344,0.6229904033243656
0.05282143665419799,0.9471785633458022
0.5,0.5
0.2897873352917915,0.7102126647082084
0.6223700360500406,0.3776299639499594
0.34771632775664335,0.6522836722433567
0.621843387524481,0.37815661247551907
0.5709888461660745,0.4290111538339254
0.28284430697830454,0.7171556930216955
0.6156485158037337,0.38435148419626625
5.551115123125783e-17,1.0
0.33712910817773806,0.662870891822262
0.008733628985084079,0.9912663710149159
0.26082556900174253,0.7391744309982574
2.0469737016526324e-16,0.9999999999999998
0.0,1.0
0.0,1.0
0.14617254812408875,0.8538274518759112
0.6643860160046245,0.33561398399537534
0.6863994284533635,0.31360057154663645
0.3607760690340733,0.6392239309659267
0.7380681715600057,0.26193182843999413
0.0,1.0
0.5728773300924187,0.42712266990758146
0.0,1.0
0.0,1.0
0.40105986646629693,0.598940133533703
0.0,1.0
0.5717100874406958,0.4282899125593042
0.6619431798927933,0.3380568201072065
0.4048860521109475,0.5951139478890526
0.0,1.0
0.7031049911884114,0.29689500881158865
0.5190173295952265,0.4809826704047735
0.10365070341326063,0.8963492965867393
0.18838748440115655,0.8116125155988434
0.0,1.0
0.1378518853234951,0.8621481146765052
0.5184064039318754,0.4815935960681245
0.0,1.0
0.5896204107329927,0.41037958926700735
0.0,1.0
0.39155676770355125,0.6084432322964487
0.41250218396078364,0.5874978160392164
0.6030902639241504,0.3969097360758496
0.1267271290399813,0.8732728709600188
0.0,1.0
0.0,1.0
0.0,1.0
0.0,1.0
0.6476715315893729,0.3523284684106271
0.05197090115306486,0.9480290988469352
0.6895092521899686,0.3104907478100313
0.5184063511685978,0.48159364883140215
0.5618493708703544,0.4381506291296459
0.3676756596149602,0.6323243403850398
5.551115123125783e-17,1.0
0.5336101739361881,0.46638982606381185
5.551115123125783e-17,1.0
0.5275677415711227,0.4724322584288775
0.5646970471561408,0.4353029528438593
0.5921054666099397,0.40789453339006027
0.4546992328930182,0.5453007671069818
0.042273516864503535,0.9577264831354962
0.4059348477376821,0.5940651522623179
1.1102230246251565e-16,1.0
0.511524903587997,0.48847509641200304
0.0,1.0
0.7206625341384476,0.2793374658615523
0.5613092743907895,0.43869072560921046
0.09817159417621889,0.9018284058237811
0.0,1.0
0.25986764672637064,0.7401323532736293
0.5,0.5
0.5741694566121152,0.42583054338788473
0.6773603260394796,0.3226396739605205
0.34564912554499566,0.6543508744550045
0.17186559193331316,0.8281344080666868
0.6009090793329073,0.3990909206670927
0.14290611727241026,0.8570938827275897
1.249000902703301e-16,0.9999999999999998
0.28030478511831775,0.7196952148816826
0.2807491846555063,0.7192508153444939
4.440892098500626e-16,0.9999999999999997
0.0,1.0
0.5,0.5
0.5911349035793856,0.4088650964206145
0.0,1.0
1.1102230246251565e-16,1.0
0.694668295867366,0.30533170413263383
1.6653345369377348e-16,0.9999999999999999
0.5,0.5
0.6028026867187859,0.3971973132812141
0.6244657800927478,0.37553421990725216
9.159339953157541e-16,0.9999999999999991
0.5811662884927098,0.41883371150729026
0.3634621972980472,0.6365378027019529
0.20939610002164522,0.7906038999783549
0.5774065904714303,0.4225934095285697
0.0,1.0
0.07604180941451597,0.9239581905854842
0.49726785779544813,0.5027321422045519
1.1102230246251565e-16,1.0
0.6768213632658533,0.3231786367341467
0.5545727393281532,0.445427260671847
0.12897715908075655,0.8710228409192435
0.6205113639742168,0.37948863602578314
0.0,1.0
0.5892386624177747,0.4107613375822253
0.40441316480431827,0.5955868351956818
0.6031913208042309,0.39680867919576923
0.06039075131191966,0.9396092486880805
0.4331755049058301,0.5668244950941699
0.6152339928790401,0.3847660071209599
0.4977452036379139,0.502254796362086
0.13691782405049868,0.8630821759495011
0.5870678598475748,0.412932140152425
0.0,1.0
0.011812316768060998,0.9881876832319391
0.5664550905656206,0.43354490943437957
0.598995298195625,0.40100470180437503
5.551115123125783e-17,1.0
0.0,1.0
0.7683381891221253,0.23166181087787488
0.43401326293426157,0.5659867370657384
0.344089690712811,0.655910309287189
0.03808476702505363,0.9619152329749463
0.4428104623745155,0.5571895376254844
0.658550074846391,0.341449925153609
0.5377980407735766,0.46220195922642315
0.5823532793327004,0.4176467206672996
0.24873007487011647,0.7512699251298834
0.07387865060424555,0.9261213493957545
0.0,1.0
0.0,1.0
0.5853917526776736,0.4146082473223262
0.5,0.5
0.677797659022932,0.3222023409770681
0.7126594024969568,0.2873405975030434
0.2756734712905782,0.7243265287094219
0.6688274190590765,0.3311725809409234
0.0,1.0
0.10115320318221395,0.898846796817786
0.8570738520798584,0.14292614792014155
0.4018478617072106,0.5981521382927895
1.1102230246251565e-16,1.0
0.6465579399180928,0.3534420600819072
0.22035598467577447,0.7796440153242254
0.20402617386363994,0.79597382613636
0.44870244658784,0.55129755341216
0.410221979022026,0.5897780209779739
0.656795097819965,0.343204902180035
0.3510817749850256,0.6489182250149745
0.7524598118228963,0.2475401881771037
0.5458262292353645,0.4541737707646355
0.0,1.0
0.2948250088284939,0.7051749911715063
0.5267114424053927,0.47328855759460714
0.5792682829951515,0.42073171700484824
0.609654143848035,0.3903458561519647
1.1102230246251565e-16,1.0
1.1102230246251565e-16,1.0
1.1102230246251565e-16,0.9999999999999999
0.3704562187194824,0.6295437812805176
0.6281584451945085,0.37184155480549164
0.5740812866240058,0.425918713375994
0.5216461574317571,0.47835384256824287
0.029837215652690346,0.9701627843473098
0.25824739295048915,0.7417526070495107
0.34410411264432583,0.6558958873556741
0.18341984482726312,0.8165801551727367
0.46121357777698735,0.5387864222230127
0.051110081615004924,0.948889918384995
0.0,1.0
0.6684250633471364,0.3315749366528637
0.4894063607805139,0.5105936392194862
0.15047598147806823,0.8495240185219317
0.6569563985049042,0.34304360149509594
0.015527540993635913,0.9844724590063643
0.43423501521167107,0.5657649847883292
0.2537096235285039,0.746290376471496
7.216449660063518e-16,0.9999999999999992
0.5079251102552577,0.4920748897447422
0.5428889959058726,0.45711100409412747
0.09459700381531456,0.9054029961846856
8.326672684688674e-17,1.0
5.551115123125783e-17,1.0
0.0,1.0
0.5160761713425476,0.48392382865745254
0.5,0.5
0.41258340268355764,0.5874165973164425
0.5,0.5
0.3807124423164928,0.6192875576835073
0.1195202423892669,0.8804797576107329
0.3661525916278908,0.6338474083721092
0.4821766995515806,0.5178233004484192
0.3537660939618945,0.6462339060381055
0.14427240943402544,0.8557275905659745
0.1879438208791849,0.8120561791208151
0.2715134156678054,0.7284865843321945
0.44590144835091194,0.5540985516490877
0.1559115293200308,0.8440884706799693
0.6140352081229006,0.3859647918770995
0.20181483029120023,0.7981851697087997
0.5243903732128614,0.4756096267871387
0.12396041036060411,0.876039589639396
0.0140579750707032,0.985942024929297
0.48279631320672306,0.5172036867932768
0.7608750154075032,0.23912498459249662
0.5,0.5
0.5,0.5
0.576293691740655,0.42370630825934485
0.5,0.5
0.5938694610023028,0.4061305389976973
1.1102230246251565e-16,0.9999999999999999
0.5197487740007708,0.48025122599922926
0.48860964932662265,0.5113903506733772
0.14776901137313672,0.8522309886268633
0.02532696644946807,0.9746730335505319
0.5539821517830938,0.44601784821690604
0.5,0.5
0.04310097323994923,0.9568990267600509
0.0858861035607667,0.9141138964392332
0.6623115111426778,0.33768848885732206
0.2701652551057011,0.7298347448942989
0.6380142522290629,0.361985747770937
0.0,1.0
8.326672684688674e-17,1.0
0.4488308041207301,0.5511691958792698
0.5715710958219943,0.42842890417800555
0.5398611321850513,0.46013886781494867
2.7755575615628914e-16,0.9999999999999998
2.498001805406602e-16,0.9999999999999998
0.6372137974293838,0.3627862025706163
0.18961896932333117,0.8103810306766689
0.48563418123931434,0.5143658187606857
0.6136107053205303,0.3863892946794696
0.40402645038699236,0.5959735496130076
0.3842279948294163,0.6157720051705837
0.6985705827255485,0.3014294172744515
0.5393069565611597,0.4606930434388404
0.7078142884822893,0.29218571151771067
0.5826340246712373,0.4173659753287628
0.4731606569770522,0.5268393430229475
5.551115123125783e-17,1.0
0.5678820153750432,0.43211798462495665
0.10073864426428834,0.8992613557357116
0.5,0.5
0.6850833479112425,0.3149166520887574
1.1102230246251565e-16,1.0
0.603315117375842,0.3966848826241582
0.39520217784297296,0.6047978221570272
0.2537095262392514,0.7462904737607485
0.5021861619586434,0.4978138380413565
0.7140344555190216,0.28596554448097833
0.5527153647953569,0.447284635204643
0.3330649082214345,0.6669350917785656
0.6275533716763587,0.3724466283236411
0.5612148625239336,0.43878513747606646
0.4102425756675889,0.5897574243324114
2.498001805406602e-16,0.9999999999999998
0.5,0.5
7.216449660063518e-16,0.9999999999999992
0.0,1.0
0.6080544902201098,0.39194550977989007
0.0,1.0
0.0,1.0
0.0,1.0
0.6686042516666801,0.33139574833331986
0.5981145259550817,0.4018854740449184
0.6221773089323965,0.37782269106760336
0.3439643867855086,0.6560356132144914
0.0,1.0
0.4043839342553885,0.5956160657446116
0.5988597614286786,0.4011402385713215
0.26126009877415357,0.7387399012258465
0.0638301301618596,0.9361698698381403
0.039560590711123014,0.9604394092888769
0.28973008649440435,0.7102699135055954
0.6861991473120816,0.31380085268791824
0.5843740485067086,0.4156259514932915
0.0,1.0
0.665146447781099,0.33485355221890084
0.45507040026703055,0.5449295997329694
5.551115123125783e-17,1.0
0.31911377654595974,0.6808862234540402
0.007451357001709556,0.9925486429982905
0.694327063305842,0.30567293669415796
0.5880486495489875,0.4119513504510125
0.33313748985528946,0.6668625101447105
0.5769387764261197,0.4230612235738805
0.005643807273176796,0.9943561927268231
5.551115123125783e-17,1.0
0.38531489254233203,0.6146851074576682
0.3819775729839462,0.6180224270160537
0.38196486816223263,0.6180351318377675
0.6323095023828316,0.36769049761716827
0.0,1.0
0.0,1.0
0.0,1.0
0.25808171696801296,0.741918283031987
0.452478339488528,0.5475216605114719
0.05423060171969204,0.9457693982803079
0.5,0.5
0.0,1.0
0.5,0.5
0.6410035527004752,0.3589964472995248
0.20636138065805165,0.7936386193419485
0.5,0.5
0.38227079698162725,0.6177292030183729
0.7477071286503794,0.2522928713496207
0.0,1.0
0.724193138648555,0.27580686135144494
0.4547250123690123,0.5452749876309878
0.40436304030752274,0.5956369596924774
0.5,0.5
0.027266454478950177,0.9727335455210498
0.12306057814862735,0.8769394218513724
0.5360025348386246,0.4639974651613754
0.6333115375283339,0.36668846247166603
0.0,1.0
0.5896787113841491,0.410321288615851
0.257958535206287,0.742041464793713
0.6970496794827564,0.30295032051724363
0.07843706703445003,0.92156293296555
0.6878621352710506,0.3121378647289494
0.0,1.0
0.1457056409352273,0.8542943590647727
0.4426345736049986,0.5573654263950015
0.35054428316652775,0.6494557168334723
0.5264187097919291,0.47358129020807105
0.0,1.0
0.4043575640261999,0.5956424359738001
0.4458623387423596,0.5541376612576406
0.0,1.0
0.11707219432533326,0.8829278056746668
0.5966164289662753,0.4033835710337247
0.6063415062795336,0.39365849372046646
0.5400615385845303,0.4599384614154696
0.20596896164305345,0.7940310383569466
0.5968735399974453,0.40312646000255475
0.6614446470003649,0.3385553529996352
0.7245878232315501,0.2754121767684497
0.6314152962183245,0.36858470378167557
0.30648085521930046,0.6935191447806996
0.0,1.0
0.0,1.0
0.6744080522642432,0.325591947735757
0.6029639320999899,0.3970360679000101
1.6653345369377348e-16,0.9999999999999998
0.0881813095229034,0.9118186904770966
0.4039312089520827,0.5960687910479173
8.326672684688674e-17,1.0
0.5422904623210945,0.45770953767890554
0.5793967387779821,0.4206032612220179
0.013507416512764908,0.9864925834872351
0.6986300059727745,0.3013699940272253
2.7755575615628914e-17,1.0
0.17207093944329982,0.8279290605567003
0.0,1.0
0.29464658051208703,0.705353419487913
1.1102230246251565e-16,0.9999999999999999
0.6778166503673304,0.3221833496326699
5.551115123125783e-17,0.9999999999999999
0.0,1.0
0.5057042730299178,0.4942957269700822
0.5159406702175946,0.48405932978240546
0.5376804621257615,0.4623195378742386
0.09990290095225059,0.9000970990477494
1.1102230246251565e-16,1.0
0.7156517400671092,0.2843482599328907
0.3345857433306603,0.6654142566693397
1.1102230246251565e-16,1.0
0.67815065023808,0.3218493497619199
0.7186501921362712,0.2813498078637287
0.7033908079158011,0.2966091920841991
0.5,0.5
0.035089600824150156,0.96491039917585
0.19452092277356808,0.8054790772264321
0.5453603260088581,0.4546396739911419
4.167673151034279e-16,0.9999999999999997
0.147410649837668,0.852589350162332
0.0,1.0
0.34033595497022107,0.6596640450297788
0.45262657841025733,0.5473734215897423
0.836949393690749,0.16305060630925103
0.6515255355668085,0.3484744644331916
0.7509566509362481,0.249043349063752
0.5386375064727577,0.46136249352724223
0.019899068893136345,0.9801009311068635
0.6934281492653557,0.3065718507346444
0.5861323492485638,0.41386765075143617
0.5598385365230669,0.44016146347693313
0.6269525245944739,0.3730474754055259
0.38787261932690076,0.6121273806730992
1.6653345369377348e-16,0.9999999999999998
0.6519570840787231,0.34804291592127695
0.040021879367191926,0.959978120632808
0.20226148249235562,0.7977385175076444
0.2256941077696839,0.7743058922303161
7.216449660063518e-16,0.9999999999999992
2.7755575615628914e-16,0.9999999999999998
0.5,0.5
0.12898665512187563,0.8710133448781243
0.5,0.5
0.0,1.0
0.7060548380892483,0.29394516191075176
0.14610406264455153,0.8538959373554484
0.1032273359955188,0.8967726640044813
0.6838205955988945,0.3161794044011054
0.5209443944627143,0.47905560553728554
0.3733866198642888,0.6266133801357111
0.4863671497799944,0.5136328502200055
0.5159848011896275,0.48401519881037247
0.4057566194260121,0.594243380573988
0.4888301008324646,0.5111698991675354
0.0,1.0
0.2071930231132208,0.7928069768867791
0.7355329853480057,0.26446701465199446
0.0,1.0
0.07354277136180952,0.9264572286381905
0.0,1.0
0.6027586420539566,0.3972413579460433
0.23324587543548164,0.7667541245645183
0.41275374224970957,0.5872462577502903
0.5157178399843722,0.48428216001562785
3.3306690738754696e-16,0.9999999999999997
0.2884538630641914,0.7115461369358086
0.2055706782939441,0.7944293217060558
0.6029555428135405,0.3970444571864596
0.5,0.5
0.518515061878809,0.48148493812119103
1.1102230246251565e-16,1.0
0.38211233604427447,0.6178876639557256
0.3196654422353264,0.6803345577646734
0.453907203328429,0.546092796671571
0.0,1.0
0.6488125295154018,0.3511874704845984
0.5404700925703378,0.4595299074296621
0.5,0.5
0.6976995254013193,0.3023004745986809
0.5119142389434247,0.48808576105657525
0.41963715430120163,0.5803628456987983
0.6689883413833846,0.3310116586166153
0.0,1.0
0.3437332724009517,0.6562667275990484
0.34396438625775505,0.6560356137422448
0.0,1.0
0.3479293920099735,0.6520706079900265
0.0,1.0
0.5635833844625152,0.43641661553748484
0.17246037673517514,0.8275396232648249
0.32589811530131774,0.6741018846986822
0.5158865671029724,0.4841134328970276
0.0,1.0
0.4686638646930562,0.5313361353069437
0.028195017248657563,0.9718049827513424
0.634128868392979,0.36587113160702106
0.0,1.0
0.5,0.5
0.0,1.0
0.7269106141783233,0.2730893858216767
0.6708271043251541,0.3291728956748458
0.6018686170558456,0.3981313829441544
0.6240053041600626,0.37599469583993755
0.06399050825120482,0.9360094917487953
0.6369360543187046,0.3630639456812954
0.1786685208278304,0.8213314791721696
0.2659721410526735,0.7340278589473266
0.21514742891318123,0.7848525710868188
0.38542669277262664,0.6145733072273736
0.10061925202731165,0.8993807479726884
0.0,1.0
4.440892098500626e-16,0.9999999999999996
0.6718237556919626,0.3281762443080374
0.5419517289644503,0.4580482710355496
0.09047568709550761,0.9095243129044922
0.4615385774248914,0.5384614225751087
0.7001740712207227,0.2998259287792774
0.5,0.5
0.0,1.0
0.11831001275851795,0.8816899872414822
0.5593041495336253,0.4406958504663746
0.539067055046062,0.460932944953938
0.2579646249732971,0.7420353750267029
0.0,1.0
0.0,1.0
1.1102230246251565e-16,1.0
0.5698811202412983,0.4301188797587015
0.2569000639989046,0.7430999360010955
0.5,0.5
0.04008119882296401,0.959918801177036
0.22874369814605588,0.771256301853944
0.5001807831227779,0.4998192168772221
9.71445146547012e-17,0.9999999999999999
0.5,0.5
0.0,1.0
0.7189391380679625,0.2810608619320376
0.0,1.0
0.5712813477265227,0.4287186522734775
0.010351688609520867,0.9896483113904792
0.35042584490311374,0.6495741550968862
8.326672684688674e-17,1.0
0.5,0.5
0.500142689421773,0.499857310578227
0.6408587319508565,0.3591412680491435
0.6260555895435941,0.37394441045640603
9.159339953157541e-16,0.9999999999999991
8.326672684688674e-17,1.0
0.6457105887941269,0.35428941120587315
0.7212294809410082,0.2787705190589918
0.6341050385457732,0.36589496145422673
0.6422142978587463,0.35778570214125377
0.2579913477184519,0.7420086522815481
0.644170998355256,0.35582900164474396
0.0,1.0
0.5022667666229655,0.4977332333770344
0.2581745046736775,0.7418254953263226
0.5,0.5
0.3849654664934872,0.6150345335065128
0.5,0.5
0.4741404335430879,0.5258595664569122
2.498001805406602e-16,0.9999999999999998
0.8532077629667386,0.14679223703326147
0.0,1.0
0.06301437355226115,0.9369856264477389
0.6039004164172721,0.39609958358272795
0.0,1.0
0.0,1.0
0.6356992432250846,0.36430075677491525
0.44705128504484476,0.5529487149551553
0.34307719826023625,0.6569228017397636
0.3843560381508465,0.6156439618491537
0.5278633940937288,0.4721366059062712
1.942890293094024e-16,0.9999999999999999
0.6006718301314224,0.3993281698685775
4.85722573273506e-17,1.0
3.3306690738754696e-16,0.9999999999999998
0.6660591563401881,0.33394084365981186
0.0,1.0
0.39538449916046625,0.6046155008395335
0.5515770717455192,0.4484229282544809
0.42530434367128317,0.574695656328717
0.6588619221504018,0.34113807784959793
0.45716093187530893,0.5428390681246911
0.234121559303184,0.7658784406968161
0.27411673169609163,0.7258832683039084
1.214306433183765e-16,0.9999999999999999
0.6452408669370148,0.354759133062985
0.028066074317569335,0.9719339256824306
0.40438321958296,0.5956167804170401
0.5108525728833284,0.4891474271166717
0.0,1.0
0.5,0.5
0.4129178498535837,0.5870821501464162
0.5540521458862608,0.4459478541137391
0.6375354855485162,0.36246451445148375
0.7566302611613944,0.24336973883860552
5.551115123125783e-17,1.0
5.551115123125783e-17,1.0
0.2837111297824327,0.7162888702175675
0.04342027104716773,0.9565797289528323
2.7755575615628914e-17,1.0
0.5630250945364643,0.4369749054635357
0.06008581902501867,0.9399141809749814
0.2579397399803278,0.7420602600196723
0.6647910348864791,0.335208965113521
0.0581708736535348,0.9418291263464653
0.7269774308305519,0.27302256916944806
0.5,0.5
0.11919258496971206,0.880807415030288
0.5,0.5
0.5,0.5
1.1102230246251565e-16,1.0
0.5,0.5
0.5471244334522891,0.45287556654771105
0.5504009726592687,0.44959902734073137
0.3239742874595273,0.6760257125404724
0.0,1.0
0.21940691213823565,0.7805930878617641
8.326672684688674e-17,1.0
0.0,1.0
0.5647706929095566,0.43522930709044333
0.4043784265161762,0.5956215734838238
0.3524747882038355,0.6475252117961645
0.5558933401148219,0.44410665988517817
0.6361701416909753,0.36382985830902465
0.5,0.5
0.0,1.0
0.1412487503623003,0.8587512496376997
0.0,1.0
1.1102230246251565e-16,1.0
0.5762761318010233,0.4237238681989765
0.04296468632641376,0.9570353136735864
0.5743554236638906,0.42564457633610936
0.0,1.0
0.0,1.0
0.0,1.0
0.0,1.0
0.49624595236750246,0.5037540476324974
0.5447170346560152,0.4552829653439846
0.0,1.0
0.0,1.0
0.3502375327886761,0.6497624672113238
0.49601446284411504,0.5039855371558849
0.6081681154291013,0.3918318845708987
0.2584599502477113,0.7415400497522889
0.038813643573071,0.9611863564269291
0.21805855059509702,0.7819414494049031
0.26002079333114625,0.7399792066688536
0.5966636613063976,0.40333633869360264
0.37933395057916636,0.6206660494208336
0.2063100764357448,0.7936899235642552
0.4874370449972872,0.5125629550027128
0.5,0.5
0.5158736531286562,0.48412634687134387
0.5805528558370423,0.4194471441629576
0.7588357962751099,0.24116420372489006
0.03237428152845482,0.9676257184715451
0.0,1.0
0.5204376955034914,0.4795623044965085
1.1102230246251565e-16,1.0
0.6861301450477403,0.3138698549522597
0.7267958032730988,0.2732041967269011
0.6886656918886656,0.31133430811133433
0.569870079670321,0.430129920329679
0.0,1.0
4.961309141293668e-16,0.9999999999999994
0.10860644948045997,0.8913935505195401
0.25797234711659806,0.742027652883402
0.33026062134407264,0.6697393786559274
0.40005479494342744,0.5999452050565726
0.5867474685164678,0.41325253148353214
0.5308176820070936,0.4691823179929067
0.6509773436551263,0.3490226563448737
0.0,1.0
0.07901646251579834,0.9209835374842016
0.6228496252848095,0.3771503747151904
0.6006229917585201,0.39937700824147976
0.1139403588645145,0.8860596411354854
3.469446951953614e-18,1.0
0.37869797104272673,0.6213020289572732
0.2579693487951609,0.7420306512048392
0.6909876009424307,0.30901239905756933
0.7241364615926538,0.2758635384073463
0.09379878373761136,0.9062012162623887
0.0,1.0
0.5,0.5
0.3754499437611541,0.6245500562388459
0.7696413906902123,0.23035860930978785
0.40385326333484345,0.5961467366651567
0.5029470742578711,0.4970529257421289
0.0,0.9999999999999999
0.3735424391925335,0.6264575608074665
0.10622285283858111,0.893777147161419
0.06035853562569729,0.9396414643743027
0.5060947990044952,0.4939052009955048
0.4042166008645404,0.5957833991354596
0.033543678488253174,0.966456321511747
0.536897473852258,0.46310252614774217
0.5159463159464868,0.4840536840535133
0.5,0.5
0.11434568599188377,0.8856543140081161
0.16172809999303583,0.838271900006964
0.0,1.0
0.5159373085764869,0.4840626914235132
5.551115123125783e-17,1.0
3.3306690738754696e-16,0.9999999999999998
0.8402389718327669,0.1597610281672331
2.498001805406602e-16,0.9999999999999998
0.44425544370321624,0.555744556296784
0.22711817559399103,0.772881824406009
0.0,1.0
0.11795432865619693,0.8820456713438032
0.07468275828590558,0.9253172417140945
0.6426448454199861,0.35735515458001355
0.7168478519761713,0.28315214802382876
0.14771183799308005,0.85228816200692
0.0,1.0
0.0,1.0
0.4678167700737002,0.5321832299262997
0.6707991310021404,0.32920086899785983
0.00859706225401697,0.9914029377459831
0.5539560624859883,0.4460439375140115
0.5392642757676258,0.4607357242323743
0.5,0.5
1.1102230246251565e-16,0.9999999999999999
0.0,1.0
5.551115123125783e-17,1.0
0.5174073672951355,0.4825926327048644
0.6597217172384263,0.34027828276157357
0.20604987047684892,0.793950129523151
0.5651272236005094,0.4348727763994906
0.40052429586648974,0.5994757041335103
4.996003610813204e-16,0.9999999999999996
0.5032761400396549,0.496723859960345
0.25795756643397616,0.7420424335660238
0.7214586459944529,0.27854135400554725
0.5776622539214534,0.42233774607854646
0.01796758134217895,0.9820324186578211
1.1102230246251565e-16,1.0
0.41303738344060337,0.5869626165593966
0.0,1.0
0.5512982915639695,0.44870170843603047
1.1102230246251565e-16,0.9999999999999999
0.529740523500631,0.4702594764993689
0.25808676591678303,0.7419132340832171
0.7116600876658662,0.28833991233413375
0.05296252541969561,0.9470374745803044
5.204170427930421e-17,0.9999999999999999
0.41291814321219766,0.5870818567878023
4.440892098500626e-16,0.9999999999999996
0.5243303351939766,0.47566966480602324
0.49140164376150247,0.5085983562384978
0.03231541492464984,0.9676845850753502
0.6606819176721803,0.33931808232781974
5.551115123125783e-17,1.0
0.22441005592376234,0.7755899440762377
0.5,0.5
0.0,1.0
1.1102230246251565e-16,0.9999999999999999
0.46889009519314995,0.5311099048068503
0.5,0.5
0.5,0.5
0.2304297854539094,0.7695702145460905
0.5012319866847247,0.49876801331527526
0.057563840336732355,0.9424361596632677
0.2332964264223409,0.7667035735776591
0.0528529303917899,0.9471470696082102
0.6129275033288399,0.38707249667116
0.4425615912201973,0.5574384087798027
0.34413426776065426,0.6558657322393459
0.0,1.0
0.6006601109451861,0.39933988905481377
0.12360130375683444,0.8763986962431654
0.5424095230603199,0.45759047693968014
1.249000902703301e-16,0.9999999999999998
0.6030053452136686,0.39699465478633145
0.5467383425239752,0.45326165747602476
0.6939815169760464,0.3060184830239536
0.14556041445583084,0.8544395855441691
0.5435722526763682,0.4564277473236319
0.3335636146366596,0.6664363853633404
0.10424846400576326,0.8957515359942368
0.07193506696147264,0.9280649330385272
0.6366933728479252,0.3633066271520746
0.45478787718009106,0.5452121228199089
0.3869285209441997,0.6130714790558004
0.3824643773469097,0.6175356226530903
0.5132793668949368,0.4867206331050632
0.2064565826366664,0.7935434173633336
0.5183052808708538,0.48169471912914613
0.0,1.0
0.584493551199676,0.415506448800324
0.5,0.5
0.3376544017911011,0.6623455982088987
0.0,1.0
0.07618277569494408,0.9238172243050559
0.6637273902952828,0.3362726097047172
0.28965899823469615,0.7103410017653038
0.04574584750880342,0.9542541524911967
0.4819368245990813,0.5180631754009186
1.1102230246251565e-16,1.0
0.06407961368522455,0.9359203863147755
0.6331332706837005,0.3668667293162993
4.926614671774132e-16,0.9999999999999996
0.0,1.0
0.18658110463164346,0.8134188953683565
0.03158653718664675,0.9684134628133532
0.3475960057865684,0.6524039942134316
0.0,1.0
0.0,1.0
0.030210144327577706,0.9697898556724223
0.37624689139481815,0.6237531086051818
0.7381377619190863,0.2618622380809139
0.5902400254805732,0.4097599745194268
0.6811544661050651,0.3188455338949348
5.551115123125783e-17,0.9999999999999999
0.5123670650447122,0.48763293495528787
0.5430879000877807,0.4569120999122191
0.10157285192100209,0.8984271480789978
0.7373865918176485,0.26261340818235146
0.5903260198011575,0.4096739801988424
0.4950058840086948,0.5049941159913053
0.6088240142344528,0.391175985765547
0.2579397399803278,0.7420602600196723
0.5271107162447086,0.4728892837552915
0.5,0.5
5.551115123125783e-17,1.0
0.5,0.5
4.996003610813204e-16,0.9999999999999996
0.2485107441896934,0.7514892558103067
0.6195948801122475,0.3804051198877526
1.1102230246251565e-16,1.0
0.14725052837703084,0.8527494716229692
0.14741267871714278,0.8525873212828573
0.1919793323107802,0.80802066768922
0.4043784265161762,0.5956215734838238
5.551115123125783e-17,1.0
0.0,1.0
1.1102230246251565e-16,0.9999999999999999
0.07471259678145988,0.9252874032185401
0.0,1.0
7.216449660063518e-16,0.9999999999999992
0.5670806127534486,0.4329193872465513
0.6205441181773742,0.3794558818226258
0.3820944626103972,0.6179055373896027
0.2479833782176967,0.7520166217823034
0.40252663130160804,0.597473368698392
0.3125148936109949,0.6874851063890052
0.5355729297158589,0.464427070284141
0.0,1.0
0.468435941578773,0.531564058421227
0.0,1.0
0.5624381113630463,0.4375618886369536
0.2578814821570021,0.742118517842998
0.16668746969208995,0.8333125303079102
0.5157296948163359,0.48427030518366404
0.0,1.0
0.0,1.0
1.1102230246251565e-16,1.0
0.5745193869900951,0.42548061300990486
0.5069405285720172,0.4930594714279828
0.423814722879123,0.5761852771208771
0.2949439566380167,0.7050560433619836
0.47686254554944935,0.5231374544505506
1.6653345369377348e-16,0.9999999999999998
0.5650908295467114,0.43490917045328875
0.8413155267741939,0.15868447322580626
0.4870103085416053,0.5129896914583947
0.4251117431567303,0.5748882568432698
0.7143031121868354,0.28569688781316455
0.35417910118730384,0.6458208988126963
2.7755575615628914e-16,0.9999999999999998
0.2388420559165032,0.7611579440834968
0.0,1.0
0.7342526505602313,0.2657473494397688
0.5,0.5
0.5511789096158258,0.4488210903841742
0.04006380656789651,0.9599361934321033
0.24639625905727142,0.7536037409427288
0.0022017136216169186,0.9977982863783832
0.49490564079703747,0.5050943592029625
5.551115123125783e-17,1.0
0.5671987913470857,0.4328012086529142
0.0,1.0
0.770023774183189,0.2299762258168112
0.4043784265161762,0.5956215734838238
0.3815227076411248,0.6184772923588753
0.5,0.5
0.0,1.0
0.14562493821757816,0.854375061782422
0.40904003726868554,0.5909599627313145
0.5042938863755443,0.49570611362445566
0.6496618140123792,0.3503381859876208
0.5995373214335031,0.4004626785664967
0.3821500217011554,0.6178499782988446
0.16145509551050505,0.8385449044894949
5.551115123125783e-17,1.0
0.5,0.5
0.43422797721048983,0.5657720227895102
0.24833328718903952,0.7516667128109605
0.021301869338348822,0.9786981306616511
0.6391654471531156,0.3608345528468844
4.996003610813204e-16,0.9999999999999996
0.4254262883483502,0.5745737116516498
0.6608813918802984,0.3391186081197017
0.5309477311722918,0.46905226882770823
0.0,1.0
0.6311806538264098,0.3688193461735903
0.6131933444791633,0.38680665552083665
0.0,1.0
5.551115123125783e-17,1.0
8.326672684688674e-17,1.0
0.136579035307163,0.863420964692837
0.0,1.0
0.4589548979133166,0.5410451020866834
0.07455456840217525,0.925445431597825
0.0,1.0
0.11778627594539767,0.8822137240546022
0.43890832737088203,0.561091672629118
0.5606933870486366,0.43930661295136353
0.012422795865247638,0.9875772041347524
0.6674415256697421,0.332558474330258
0.08759381575491236,0.9124061842450876
0.0,1.0
0.040934743878081395,0.9590652561219186
0.7389180656966045,0.2610819343033956
0.5071057947704058,0.492894205229594
2.220446049250313e-16,0.9999999999999998
1.6653345369377348e-16,0.9999999999999999
0.3440095271234887,0.6559904728765114
0.5,0.5
0.4595311145734935,0.5404688854265067
0.7219820899149185,0.27801791008508137
0.51152490125969,0.48847509874031
0.47729240804037815,0.5227075919596221
0.5,0.5
0.5368195359942253,0.4631804640057749
0.5,0.5
7.216449660063518e-16,0.9999999999999992
0.49802781899775167,0.5019721810022484
0.4559053806107558,0.5440946193892443
0.7319883847979302,0.26801161520206995
0.6736310952875372,0.326368904712463
0.7169418062097271,0.28305819379027297
0.31251781209663826,0.6874821879033617
0.0,1.0
1.5265566588595902e-16,0.9999999999999999
0.6789849120423992,0.32101508795760086
0.0,1.0
0.6402186989020477,0.3597813010979522
0.0,1.0
4.440892098500626e-16,0.9999999999999996
0.597237673724017,0.402762326275983
0.4068439981510027,0.5931560018489973
0.07764655543007676,0.9223534445699233
0.6468868357415928,0.35311316425840733
0.582889713257458,0.41711028674254214
0.0,1.0
0.5542560717851961,0.44574392821480385
0.4014744611332829,0.598525538866717
6.938893903907228e-17,0.9999999999999999
0.05557625100279024,0.9444237489972097
3.3306690738754696e-16,0.9999999999999998
5.551115123125783e-17,0.9999999999999999
0.3201930066860597,0.6798069933139403
0.1451296843588304,0.8548703156411697
0.2063929190050421,0.7936070809949579
0.7196688287015773,0.2803311712984228
0.5,0.5
0.5761831948796011,0.423816805120399
0.16788452132670728,0.8321154786732927
0.14745224882771257,0.8525477511722874
0.0,1.0
0.7003703811885772,0.29962961881142286
1.1102230246251565e-16,0.9999999999999999
0.6225236758083814,0.3774763241916184
0.4405802312892336,0.5594197687107663
0.2578799970919413,0.7421200029080588
0.6127358637665912,0.3872641362334086
0.6894619350105285,0.31053806498947156
0.3622628850862386,0.6377371149137614
0.0,1.0
0.7643037085859494,0.23569629141405044
0.039455651731215645,0.9605443482687843
0.5776730708122082,0.42232692918779174
0.6355616257098916,0.3644383742901085
1.1102230246251565e-16,0.9999999999999999
0.6331024035985362,0.36689759640146413
0.12491395062182661,0.8750860493781735
0.06528974045585727,0.9347102595441429
0.0,1.0
0.25962783844388354,0.7403721615561165
0.0,1.0
0.20630044368527825,0.7936995563147218
0.6803140392514319,0.31968596074856825
0.833045465451263,0.166954534548737
0.0,1.0
0.675437495131521,0.3245625048684791
0.06733007295852468,0.9326699270414753
0.5,0.5
0.03944496370105986,0.9605550362989401
0.5,0.5
0.5098197449689957,0.49018025503100415
0.0,1.0
0.6424357259867708,0.3575642740132292
0.2549541088206124,0.7450458911793876
2.42861286636753e-16,0.9999999999999998
0.4044589807682823,0.5955410192317178
0.0,1.0
0.3235432314438851,0.6764567685561148
0.610086206940157,0.3899137930598428
0.4689221712561654,0.5310778287438346
0.12598770872507792,0.8740122912749221
0.2613709848439059,0.738629015156094
0.046519975620844374,0.9534800243791556
0.7117439910334618,0.2882560089665383
0.6522650054390243,0.3477349945609759
0.5586052923628615,0.4413947076371386
1.1102230246251565e-16,1.0
0.5984759085387508,0.40152409146124923
0.0,1.0
0.701072685016012,0.2989273149839879
0.29159756218520916,0.7084024378147908
0.024753408189240277,0.9752465918107596
5.551115123125783e-17,1.0
0.08397411838203013,0.9160258816179698
0.6059137548389997,0.39408624516100005
0.6821950054512909,0.31780499454870914
0.7040163195761521,0.29598368042384793
0.0,0.9999999999999999
0.6019892597080851,0.39801074029191497
0.3439328277266052,0.656067172273395
0.2588572612165159,0.741142738783484
0.33999431878328323,0.6600056812167168
0.4935264155444992,0.5064735844555008
0.36347625664540173,0.6365237433545983
0.0,1.0
0.18240967298206517,0.8175903270179347
0.04130009858616912,0.9586999014138309
0.0,1.0
0.4549655364828037,0.5450344635171963
0.08424806184227485,0.9157519381577253
9.71445146547012e-17,1.0
0.6236641190909543,0.37633588090904585
0.5006542079150677,0.49934579208493235
0.0,1.0
0.4548502958903825,0.5451497041096175
0.6465831535901614,0.3534168464098386
0.5916989208813788,0.4083010791186212
0.33514413857561964,0.6648558614243804
0.6865565181380429,0.31344348186195725
0.6550103308856522,0.3449896691143477
0.7474558940412104,0.2525441059587897
0.0,1.0
0.0,1.0
0.5719962276238216,0.42800377237617837
0.4327358938753605,0.5672641061246395
0.7607004578384567,0.23929954216154323
0.5882816944004384,0.4117183055995615
0.0,1.0
0.45921710619245637,0.5407828938075436
0.595504487093659,0.404495512906341
0.4037952947471937,0.5962047052528063
0.65367277260319,0.34632722739681004
0.679019231908412,0.3209807680915881
0.05435584583819493,0.945644154161805
0.3978996847496635,0.6021003152503364
0.4828342589832925,0.5171657410167075
0.5182555069345733,0.4817444930654267
0.34647105380845,0.6535289461915501
0.0,1.0
0.5567952524176343,0.44320474758236594
0.0,1.0
0.42362572997808456,0.5763742700219154
5.551115123125783e-17,0.9999999999999999
0.5164209879524828,0.48357901204751713
0.6243061951499193,0.37569380485008064
0.6419144220356794,0.3580855779643206
0.07679157172246756,0.9232084282775325
0.52190615483384,0.47809384516616027
0.06236463609174406,0.9376353639082559
0.5,0.5
0.4811172844365397,0.5188827155634603
0.16025115172755391,0.8397488482724462
0.03259662206588385,0.9674033779341162
0.3439638446402169,0.6560361553597831
0.48084021295410856,0.5191597870458915
0.08028877162754734,0.9197112283724529
0.03597828677962171,0.9640217132203784
0.5947163191756409,0.4052836808243592
0.40376980255868694,0.5962301974413131
0.0,1.0
0.18108877957930267,0.8189112204206973
0.42433652683386996,0.57566347316613
0.3785914443433285,0.6214085556566715
0.5484261686976882,0.4515738313023116
0.25764904431532104,0.742350955684679
0.0,1.0
0.2649765629579113,0.7350234370420887
0.5,0.5
0.0,1.0
0.6173463756153937,0.3826536243846062
1.6653345369377348e-16,0.9999999999999998
0.42443994039010274,0.5755600596098973
0.5159373085764869,0.4840626914235132
0.6167805258995831,0.3832194741004169
0.4196832846282064,0.5803167153717937
0.6294361136896576,0.3705638863103425
0.030745841267077773,0.9692541587329223
7.216449660063518e-16,0.9999999999999992
0.6809554779181533,0.3190445220818467
2.7755575615628914e-16,0.9999999999999998
0.06508558478326042,0.9349144152167396
5.551115123125783e-17,0.9999999999999999
0.13513958159248848,0.8648604184075116
0.6248789340257644,0.37512106597423556
0.12461526089332926,0.8753847391066706
0.5,0.5
0.5,0.5
0.41715349124020135,0.5828465087597987
0.7379631031127905,0.2620368968872093
0.0,1.0
0.19892414500060612,0.8010758549993938
0.47001764939024393,0.529982350609756
0.7171418534691406,0.28285814653085956
0.10082667230289123,0.8991733276971088
0.7431986628589283,0.25680133714107156
0.5,0.5
0.6620022406306285,0.3379977593693715
0.5,0.5
0.6981787076873622,0.3018212923126376
0.4813583211359216,0.5186416788640783
0.632319011399776,0.36768098860022413
0.0,1.0
0.6272363907799547,0.37276360922004526
0.7926257172620061,0.20737428273799377
0.0,1.0
5.551115123125783e-17,0.9999999999999999
0.07153579488869462,0.9284642051113055
0.23993384497313827,0.7600661550268619
0.0,1.0
0.5175778940320015,0.48242210596799845
0.647690608532137,0.35230939146786294
0.25882681983444566,0.7411731801655542
8.326672684688674e-17,1.0
0.5641170090176089,0.435882990982391
0.08476606364665268,0.9152339363533473
0.45547303524008875,0.5445269647599112
0.20311928894907974,0.7968807110509203
0.0,1.0
1.1102230246251565e-16,1.0
0.6197529050261587,0.3802470949738412
0.40044022362102405,0.5995597763789761
0.41432832553982735,0.5856716744601727
0.3493591514872939,0.650640848512706
1.942890293094024e-16,0.9999999999999999
0.14734279616211207,0.852657203837888
0.6719182091211714,0.32808179087882866
1.1102230246251565e-16,1.0
0.4502112622168711,0.5497887377831289
0.5,0.5
0.803995233205382,0.196004766794618
0.3389035955563411,0.661096404443659
0.5,0.5
0.6244051790048469,0.37559482099515323
0.40837391730123795,0.5916260826987619
0.0,1.0
0.4638909643512879,0.5361090356487123
0.09446918331115743,0.9055308166888426
5.551115123125783e-17,1.0
0.5,0.5
0.0,1.0
0.40439049874522215,0.595609501254778
0.5590374528808374,0.4409625471191626
1.457167719820518e-16,0.9999999999999998
0.14742082724136096,0.852579172758639
0.38707076692462933,0.6129292330753708
0.2761152745589408,0.7238847254410591
0.0,1.0
0.0,1.0
5.551115123125783e-17,1.0
2.5673907444456745e-16,0.9999999999999997
0.548000958083368,0.451999041916632
0.6234634978838275,0.3765365021161727
0.34282227605581284,0.6571777239441872
0.5,0.5
0.5,0.5
0.5034497183415968,0.49655028165840326
0.4042009662782408,0.5957990337217592
0.11252053435184614,0.8874794656481539
0.0,1.0
0.4044589806091338,0.5955410193908663
8.326672684688674e-17,1.0
2.7755575615628914e-17,1.0
0.0108672531458434,0.9891327468541566
0.0,1.0
0.5749880221578313,0.4250119778421686
0.1217331897392837,0.8782668102607165
0.5111838465083847,0.48881615349161517
0.0,1.0
0.5182930989914394,0.48170690100856045
0.5149079529747322,0.48509204702526776
0.40750690154070673,0.5924930984592933
5.551115123125783e-17,1.0
0.6123976585615222,0.3876023414384776
0.14754647746390598,0.8524535225360941
0.39375745359806724,0.6062425464019328
0.5292582525635646,0.4707417474364354
0.6285006253395391,0.3714993746604609
0.0,1.0
0.4735958931074051,0.526404106892595
0.7079426773748545,0.29205732262514544
0.6468537310205876,0.35314626897941226
0.07337282749262088,0.9266271725073791
0.4974438273846915,0.5025561726153084
0.5992249383447832,0.4007750616552168
0.6033821097751099,0.39661789022489014
0.40931160375475895,0.590688396245241
0.2580013412172198,0.7419986587827803
0.7617937452365733,0.23820625476342652
0.6208643651851486,0.37913563481485124
0.0,1.0
0.0,1.0
0.4042647951903236,0.5957352048096765
0.7366027284530292,0.2633972715469708
0.434297561792128,0.565702438207872
5.551115123125783e-17,1.0
0.5,0.5
0.11465573580022255,0.8853442641997774
7.216449660063518e-16,0.9999999999999992
3.885780586188048e-16,0.9999999999999996
0.34312258660192,0.65687741339808
5.551115123125783e-17,0.9999999999999999
0.5855305322781493,0.41446946772185084
0.5,0.5
0.5000373833253979,0.499962616674602
3.885780586188048e-16,0.9999999999999997
0.12440295399157364,0.8755970460084264
0.4072584286332131,0.592741571366787
0.5309267254918815,0.46907327450811853
0.28817649737253553,0.7118235026274646
0.24843506754941427,0.7515649324505855
0.0,1.0
0.6361201205185582,0.36387987948144196
0.5681062942705042,0.43189370572949587
0.5373319543358686,0.46266804566413144
2.7755575615628914e-16,0.9999999999999998
0.0,1.0
0.6918145234203226,0.3081854765796774
0.018366603568434992,0.9816333964315651
0.0,1.0
0.42602294072999825,0.5739770592700016
0.7338068361110411,0.266193163888959
0.4044489787558522,0.5955510212441478
0.5306189737604659,0.46938102623953404
0.5244189183619774,0.4755810816380226
0.0271780790882064,0.9728219209117936
0.0,1.0
0.4651630001245838,0.5348369998754163
0.171828109237131,0.828171890762869
0.5,0.5
0.0,1.0
0.18989386788827972,0.8101061321117204
0.0,1.0
0.17740948946721738,0.8225905105327829
4.85722573273506e-17,1.0
0.4343499326794905,0.5656500673205095
0.0,1.0
0.011968836167290744,0.9880311638327093
0.22397179458287608,0.7760282054171239
0.5878448828163796,0.41215511718362025
0.10549659693858053,0.8945034030614194
0.5237467473345847,0.4762532526654153
0.6017835352455057,0.39821646475449424
0.027308283627145997,0.9726917163728539
0.6399018212202385,0.3600981787797612
0.5368497693582835,0.4631502306417165
0.7034925562059136,0.2965074437940865
0.0,1.0
0.0,1.0
5.551115123125783e-17,1.0
0.1827120184979537,0.8172879815020462
0.5,0.5
0.5903260235223524,0.40967397647764753
0.7521569322004721,0.24784306779952803
0.025415128689311783,0.9745848713106884
0.5036053656326075,0.4963946343673925
0.3439685454175354,0.6560314545824646
0.33022781895374087,0.6697721810462591
1.6653345369377348e-16,0.9999999999999998
0.10179795169721427,0.8982020483027856
0.014435881381035739,0.9855641186189642
0.43195406974313355,0.5680459302568666
0.40436304030752274,0.5956369596924774
0.6210956541552535,0.3789043458447466
0.5506910480502184,0.4493089519497817
0.7478654776434638,0.25213452235653644
0.5803854265223487,0.41961457347765113
0.1001918417017935,0.8998081582982065
8.326672684688674e-17,0.9999999999999999
5.551115123125783e-17,1.0
5.551115123125783e-17,1.0
0.6136472805100859,0.38635271948991434
1.1102230246251565e-16,0.9999999999999999
0.6797085816385016,0.32029141836149844
0.4044131388395381,0.5955868611604619
0.3914334811270236,0.6085665188729764
0.6209446663822052,0.37905533361779464
0.13537351188072258,0.8646264881192774
4.336808689942018e-17,1.0
0.2579747934303195,0.7420252065696804
0.5326956060570003,0.46730439394299983
0.07962608664858856,0.9203739133514113
0.5257442264551418,0.4742557735448583
0.6519546144228787,0.34804538557712134
0.2948177277291167,0.7051822722708833
0.0685246798048484,0.9314753201951516
0.06708960393829352,0.9329103960617064
0.5183083763665933,0.48169162363340673
0.7267558153789828,0.27324418462101724
0.5827615877556529,0.417238412244347
0.6030088444635492,0.3969911555364507
1.942890293094024e-16,0.9999999999999998
0.5016949599306337,0.4983050400693661
0.046996649398171796,0.9530033506018283
0.40474156861100113,0.5952584313889989
5.551115123125783e-17,0.9999999999999999
0.6959536719411901,0.30404632805881
0.0,1.0
0.566031799185146,0.4339682008148538
0.07025270308165887,0.9297472969183412
2.7755575615628914e-17,1.0
0.5559474811571529,0.4440525188428471
0.3194117641771671,0.6805882358228329
0.6205113082322609,0.37948869176773903
2.7755575615628914e-16,0.9999999999999998
0.3796735685782076,0.6203264314217922
0.4043810811090445,0.5956189188909556
0.40417612265001296,0.595823877349987
0.6029555428135405,0.3970444571864596
0.0,1.0
0.12900645365738736,0.8709935463426127
0.615048296112867,0.38495170388713285
0.5983616067424744,0.40163839325752554
0.6767545630804126,0.32324543691958746
0.4013276974617014,0.5986723025382987
0.6698607573460084,0.3301392426539918
0.0,1.0
5.551115123125783e-17,1.0
0.5150000574532898,0.48499994254671025
0.3439685454175354,0.6560314545824646
0.49356055895002204,0.506439441049978
0.5944467430661332,0.4055532569338668
0.5,0.5
4.996003610813204e-16,0.9999999999999996
0.5,0.5
0.23305996386839425,0.7669400361316057
0.0,1.0
1.5265566588595902e-16,1.0
0.23030455693320756,0.7696954430667924
0.12429079850639743,0.8757092014936025
0.026234816872096858,0.9737651831279032
0.5638721928888741,0.4361278071111261
0.5862719398454602,0.4137280601545399
0.11288519126231915,0.8871148087376809
1.8041124150158794e-16,0.9999999999999998
0.7162911931465683,0.2837088068534315
0.06476544961333225,0.9352345503866677
0.6635095915495474,0.33649040845045264
0.4858823382777396,0.5141176617222601
5.551115123125783e-17,1.0
6.938893903907228e-17,1.0
0.69945023520838,0.30054976479161993
0.7850973631271086,0.21490263687289163
0.12377761962356104,0.8762223803764391
0.44229682245463636,0.5577031775453638
0.5,0.5
0.48167641603345707,0.5183235839665429
0.6768963685445132,0.3231036314554868
0.5,0.5
0.2199310274626803,0.7800689725373199
0.48711607475432356,0.5128839252456765
1.6653345369377348e-16,0.9999999999999998
0.3586472272872925,0.6413527727127075
0.5,0.5
0.5499514908143296,0.4500485091856704
0.0,1.0
0.2585630200787764,0.7414369799212236
0.48359449797500426,0.5164055020249957
7.355227538141662e-16,0.9999999999999993
0.42255866579071355,0.5774413342092866
0.08253515311690462,0.9174648468830953
0.7054397156523876,0.29456028434761233
0.5897645604883508,0.41023543951164915
0.20640794352561265,0.7935920564743872
0.5138007236858303,0.48619927631416987
0.08956018602066053,0.9104398139793395
0.5064786245429312,0.4935213754570686
0.01706694956916378,0.9829330504308363
0.5,0.5
0.05285757879953135,0.9471424212004688
0.5590579333763327,0.4409420666236675
0.5979837572466782,0.4020162427533218
0.5970669976450912,0.40293300235490903
0.343952120764274,0.656047879235726
0.11680779550751265,0.8831922044924873
0.5,0.5
0.5526220875379297,0.4473779124620704
0.5478352836311274,0.45216471636887245
0.12543808817598498,0.8745619118240151
1.6653345369377348e-16,0.9999999999999998
0.6058499060929414,0.39415009390705846
0.0,1.0
7.216449660063518e-16,0.9999999999999992
0.4171452942516186,0.5828547057483813
1.942890293094024e-16,0.9999999999999998
1.1102230246251565e-16,1.0
0.6072253423790224,0.39277465762097746
0.4762433598401475,0.5237566401598526
1.3877787807814457e-17,1.0
0.0,1.0
0.03910909151903338,0.9608909084809666
0.5358497521951441,0.464150247804856
0.0,1.0
0.5488082007360375,0.4511917992639624
0.6312312659933107,0.3687687340066894
0.6019592166575816,0.3980407833424183
0.4043784263635185,0.5956215736364815
0.7116760539521098,0.2883239460478902
0.01882510326152011,0.9811748967384798
0.1520543617735346,0.8479456382264654
0.5604109284845281,0.43958907151547205
0.5800719832066632,0.4199280167933369
0.5,0.5
0.5330954457479917,0.4669045542520082
0.042013198676096646,0.9579868013239035
0.43525131911010156,0.5647486808898984
0.12529743173103414,0.8747025682689658
0.0,1.0
0.0028734284155342987,0.9971265715844657
0.454071757707309,0.545928242292691
0.0,1.0
0.5800330704371179,0.4199669295628821
4.440892098500626e-16,0.9999999999999997
5.551115123125783e-17,1.0
0.5,0.5
0.382212289801671,0.6177877101983291
0.11918359213034099,0.880816407869659
0.5,0.5
0.5189427839705654,0.4810572160294346
0.44675268244817373,0.5532473175518263
0.0,1.0
0.0,1.0
0.6589684382031936,0.34103156179680616
0.44414490629894654,0.5558550937010532
0.1992820953158303,0.8007179046841698
5.204170427930421e-16,0.9999999999999994
0.5,0.5
0.38682461657150463,0.6131753834284953
0.6094771224622462,0.39052287753775367
0.1384907227901642,0.8615092772098358
0.5482840109613928,0.4517159890386069
0.3441849235424066,0.6558150764575935
0.40439611548693183,0.5956038845130681
0.501807825639844,0.49819217436015584
0.0,1.0
0.4043630412852632,0.5956369587147368
0.5318238783497116,0.46817612165028855
0.5736374241679848,0.426362575832015
0.5868097355386134,0.41319026446138674
0.48851093926999734,0.5114890607300027
0.0834138406826602,0.9165861593173398
0.0,1.0
0.20944883687187052,0.7905511631281296
0.3742210896700721,0.6257789103299278
0.6860556402781066,0.3139443597218935
0.34392657951095473,0.6560734204890455
0.3827560620980658,0.6172439379019343
0.028193196278636357,0.9718068037213636
0.35187784524449506,0.6481221547555048
0.6027669240502025,0.3972330759497975
0.6570896164441287,0.3429103835558712
0.136360583158045,0.863639416841955
0.6733588426753342,0.32664115732466564
0.4559633188135039,0.5440366811864962
0.5807529428502709,0.419247057149729
0.020701965873228777,0.9792980341267713
0.37588565931383844,0.6241143406861617
0.47003703502809835,0.5299629649719017
0.0,1.0
0.03362553743215031,0.9663744625678496
0.626632947312752,0.37336705268724785
0.03405448095110951,0.9659455190488906
1.8735013540549517e-16,0.9999999999999998
1.1102230246251565e-16,1.0
0.0,1.0
0.0,1.0
0.1701346321570018,0.8298653678429981
1.1102230246251565e-16,1.0
0.2579218033272394,0.7420781966727606
0.0,1.0
0.41016155648713215,0.5898384435128678
0.3439307889452555,0.6560692110547446
0.5,0.5
0.0,1.0
0.5638506570301229,0.4361493429698769
4.440892098500626e-16,0.9999999999999997
2.7755575615628914e-16,0.9999999999999998
0.0,1.0
0.0,1.0
0.0,1.0
0.46432076669504574,0.5356792333049541
0.45629221789175317,0.5437077821082467
0.6205008408559683,0.37949915914403143
0.4043784265161762,0.5956215734838238
0.0,1.0
0.5395595883958854,0.46044041160411453
0.0,1.0
0.39555274322628975,0.6044472567737103
0.0,1.0
0.0,1.0
0.1289874603520867,0.8710125396479133
0.060480336032924756,0.9395196639670753
0.6028704234239446,0.3971295765760557
0.10641568262242397,0.8935843173775759
0.6770779132558478,0.32292208674415224
0.7353164318330884,0.2646835681669116
0.5,0.5
0.12466057625797732,0.8753394237420228
0.2063929190050421,0.7936070809949579
0.046579459798924916,0.9534205402010751
0.3969667255878449,0.6030332744121552
2.7755575615628914e-16,0.9999999999999998
0.6025590548623303,0.39744094513766987
0.6645994984317629,0.3354005015682371
2.7755575615628914e-17,1.0
0.5,0.5
0.5885845894737756,0.4114154105262245
0.663087606609966,0.336912393390034
0.14818489774180985,0.8518151022581902
0.04881367245615107,0.9511863275438489
0.5399548717040338,0.46004512829596617
0.3929982557630642,0.6070017442369358
0.615134961671301,0.3848650383286989
0.6456688520655279,0.35433114793447196
0.1126448494175969,0.8873551505824031
2.7755575615628914e-16,0.9999999999999998
0.05001420060677723,0.949985799393223
0.0,1.0
0.34369476247972214,0.6563052375202778
0.0,1.0
0.5773977825602238,0.4226022174397763
0.7106007934121722,0.28939920658782764
0.033994480756189084,0.966005519243811
0.5,0.5
8.326672684688674e-17,1.0
0.14672513420329508,0.853274865796705
0.7823258999493694,0.21767410005063068
0.5440549244384951,0.4559450755615048
0.14737560229628321,0.8526243977037167
0.5235935746308763,0.4764064253691237
0.5,0.5
0.2578799970919413,0.7421200029080588
0.6448181564563882,0.3551818435436118
0.5,0.5
3.3306690738754696e-16,0.9999999999999998
0.5785050270211168,0.4214949729788831
0.16105319002083884,0.8389468099791612
0.0030577981578320747,0.996942201842168
0.04564623443418704,0.9543537655658131
0.5,0.5
0.03137010638411209,0.968629893615888
0.12609902899733869,0.8739009710026613
0.4468110195956048,0.5531889804043953
0.10180007666349422,0.8981999233365058
0.11170227545572498,0.888297724544275
0.10157959172213109,0.898420408277869
0.4524409068832225,0.5475590931167775
0.030365210904763604,0.9696347890952364
0.5,0.5
0.6492590348603345,0.35074096513966563
0.5159347934595616,0.48406520654043844
0.28969722916708984,0.7103027708329102
0.6084324662177139,0.391567533782286
0.5539610369968873,0.44603896300311263
0.07774436075720435,0.9222556392427956
0.0,1.0
0.7303461651402471,0.2696538348597529
0.7035956571858943,0.29640434281410577
0.40540593733401314,0.5945940626659869
0.016305045006351212,0.9836949549936488
0.4044981262862731,0.5955018737137271
0.0,1.0
0.013975708060317182,0.9860242919396829
0.14612323674000594,0.8538767632599942
0.41692862787753304,0.5830713721224671
0.032116724072937135,0.9678832759270628
0.0,1.0
0.7754765375853271,0.22452346241467291
0.6540004899701266,0.3459995100298733
0.4580053052325575,0.5419946947674426
0.0,1.0
0.0,1.0
5.551115123125783e-17,1.0
0.5732846890890336,0.42671531091096626
0.34409874302220195,0.655901256977798
0.19581663026214988,0.8041833697378503
0.063877947373104,0.936122052626896
0.5,0.5
0.6306114131977459,0.36938858680225406
0.6304598561337662,0.36954014386623396
0.5158972134993708,0.4841027865006293
0.7597295627584679,0.24027043724153205
0.0,1.0
0.04913472962409697,0.9508652703759028
0.5157491988580656,0.48425080114193453
1.1102230246251565e-16,0.9999999999999999
0.5863772953039723,0.41362270469602774
0.025686567891339763,0.9743134321086602
1.6653345369377348e-16,0.9999999999999998
0.5902657214308237,0.4097342785691762
0.34020554578314,0.65979445421686
0.6079091590251906,0.3920908409748093
0.6114825979047587,0.38851740209524144
0.6301282059722555,0.3698717940277445
0.23250716788049666,0.7674928321195033
0.06608496015601788,0.9339150398439823
0.5074389225749568,0.4925610774250432
0.5,0.5
2.7755575615628914e-17,1.0
0.6714824382625744,0.32851756173742563
2.7755575615628914e-16,0.9999999999999998
0.5000340432623726,0.49996595673762745
0.0,1.0
0.5,0.5
0.344043659630908,0.6559563403690919
0.0,1.0
0.0667294053932472,0.9332705946067529
0.5,0.5
0.5159251821043118,0.4840748178956881
0.539098868966285,0.460901131033715
0.5306689672207485,0.4693310327792515
0.0,1.0
1.5265566588595902e-16,0.9999999999999998
0.4736496059324285,0.5263503940675716
0.7065367072896203,0.2934632927103798
5.551115123125783e-17,1.0
0.6370072581483626,0.36299274185163743
0.5655035610310829,0.4344964389689171
0.38192269109327204,0.6180773089067279
5.551115123125783e-17,1.0
5.551115123125783e-17,1.0
0.20620058473315475,0.7937994152668453
0.5,0.5
0.401298503505502,0.598701496494498
0.024568590282227052,0.9754314097177729
0.2579614059604261,0.7420385940395738
0.43079676995932825,0.5692032300406717
0.0,1.0
0.15177455601513218,0.8482254439848679
0.5294732315449364,0.4705267684550635
0.5,0.5
0.04144202832561431,0.9585579716743857
0.31840714945638976,0.6815928505436103
0.3821147306022606,0.6178852693977395
8.326672684688674e-17,1.0
0.2888308383099437,0.7111691616900563
0.0,1.0
0.5064375126665908,0.49356248733340924
0.0,1.0
0.1952316383093751,0.8047683616906248
0.5142735518415275,0.48572644815847255
0.404275680473296,0.5957243195267041
0.17198484407234016,0.8280151559276598
0.5307788321680006,0.46922116783199935
0.0,1.0
0.5626030996275707,0.43739690037242923
0.5956291391482476,0.40437086085175244
0.12359383436644467,0.8764061656335553
6.730727086790012e-16,0.9999999999999993
0.011460451458272436,0.9885395485417277
0.21801538009829405,0.781984619901706
0.5,0.5
0.4699890320617737,0.5300109679382263
0.04504069401319032,0.9549593059868097
0.1147170118838281,0.8852829881161718
1.249000902703301e-16,0.9999999999999998
0.550506391791889,0.4494936082081112
0.06749312898604727,0.9325068710139528
0.5706042967295655,0.42939570327043447
0.24905982872471186,0.7509401712752882
0.4819621468990861,0.518037853100914
0.5,0.5
0.40439049874522215,0.595609501254778
0.42580833866559065,0.5741916613344095
0.25799134713805677,0.7420086528619432
0.013223323104003993,0.9867766768959961
0.4043671816150099,0.59563281838499
0.6018259117610447,0.39817408823895545
1.1102230246251565e-16,0.9999999999999999
0.0,1.0
0.47692530382464243,0.5230746961753574
0.21326564465313858,0.7867343553468615
0.4989341675881028,0.5010658324118973
0.32466651499271426,0.6753334850072858
0.1611419990658785,0.8388580009341216
0.40052429586648974,0.5994757041335103
0.11440562602245455,0.8855943739775455
0.12904743444516614,0.8709525655548339
0.5392701915654733,0.4607298084345268
0.5148367393915368,0.48516326060846304
0.6252327253276228,0.37476727467237725
0.7048181281090261,0.2951818718909739
0.1338756502568475,0.8661243497431526
0.6636985974246634,0.3363014025753364
0.5606930666738622,0.4393069333261378
0.6241961438148058,0.37580385618519424
0.5,0.5
0.41561279013290525,0.5843872098670948
4.3021142204224816e-16,0.9999999999999996
0.07586839995210219,0.924131600047898
0.6892260497003875,0.3107739502996126
0.1720356636890312,0.8279643363109689
0.5,0.5
0.49012529479143174,0.5098747052085683
1.8041124150158794e-16,0.9999999999999998
0.49435823182893884,0.5056417681710612
0.7641758076849179,0.2358241923150819
0.0366640339574071,0.9633359660425926
0.0,1.0
0.28303621684639546,0.7169637831536048
0.39111337654720163,0.6088866234527985
0.06100564800483733,0.9389943519951626
0.0,1.0
0.07009900479277427,0.9299009952072258
0.32954903881425174,0.6704509611857483
0.013633017080536127,0.9863669829194639
2.7755575615628914e-17,1.0
2.7755575615628914e-17,1.0
0.11920527352693844,0.8807947264730618
2.7755575615628914e-17,1.0
2.636779683484747e-16,0.9999999999999997
0.4466756553928483,0.5533243446071514
0.5738062564043728,0.42619374359562723
0.48215967010005056,0.5178403298999494
0.5121565723301802,0.48784342766981986
0.5898814803441584,0.4101185196558415
0.3439685454175354,0.6560314545824646
1.3877787807814457e-17,1.0
0.0,1.0
0.09292641519925635,0.9070735848007436
0.10053114792716157,0.8994688520728383
0.6393982379279094,0.36060176207209066
0.3965728729963303,0.6034271270036697
0.0,1.0
0.7218519554065457,0.27814804459345455
0.5594694863073891,0.44053051369261076
1.1102230246251565e-16,1.0
0.7389263355141846,0.2610736644858154
0.1820496873627302,0.8179503126372699
5.551115123125783e-17,1.0
1.942890293094024e-16,0.9999999999999999
0.15275072038757254,0.8472492796124274
0.07765734935629026,0.9223426506437098
0.5773276445691637,0.4226723554308364
0.426665189902487,0.5733348100975131
0.5079340859663249,0.49206591403367494
0.0,0.9999999999999999
0.1128942793583865,0.8871057206416136
0.5,0.5
0.6974018518393864,0.30259814816061364
5.551115123125783e-17,1.0
0.34396877685561045,0.6560312231443897
0.6535115090314352,0.34648849096856493
8.326672684688674e-17,1.0
3.3306690738754696e-16,0.9999999999999998
0.0,1.0
0.18273628455939384,0.8172637154406062
0.7290104876947591,0.2709895123052409
0.5342012862284017,0.46579871377159837
0.6297793883612597,0.3702206116387404
1.0408340855860843e-16,1.0
0.6109055388438295,0.3890944611561705
0.5,0.5
0.2018611249573636,0.7981388750426364
0.40460047542574074,0.5953995245742594
0.624411796441587,0.3755882035584133
0.493058125121486,0.506941874878514
0.5878059918488,0.41219400815120005
0.3097744092664981,0.6902255907335016
0.6753904440173227,0.32460955598267727
5.551115123125783e-17,1.0
0.4787106587210235,0.5212893412789762
0.5,0.5
0.0,1.0
0.21971831743510814,0.7802816825648919
5.551115123125783e-17,1.0
0.12979815113780985,0.8702018488621901
5.551115123125783e-17,1.0
0.0,1.0
0.5699840529772403,0.4300159470227596
0.297690783249028,0.702309216750972
0.20643170230087338,0.7935682976991265
0.02681156454714457,0.9731884354528554
0.7264652771518586,0.27353472284814134
0.5687049729049463,0.4312950270950539
0.7281352914808168,0.27186470851918315
5.551115123125783e-17,0.9999999999999999
0.2057616924278384,0.7942383075721616
0.0,1.0
0.2577489652112024,0.7422510347887976
0.37571040804950795,0.624289591950492
2.7755575615628914e-17,1.0
0.0,1.0
8.326672684688674e-17,1.0
0.5,0.5
0.06823648110905149,0.9317635188909484
0.5042286242824048,0.4957713757175952
0.0467768441650154,0.9532231558349847
0.568766930718111,0.4312330692818888
0.0,1.0
0.0630273359301868,0.9369726640698132
0.4716204513319099,0.5283795486680902
5.551115123125783e-17,1.0
0.29477765690461527,0.7052223430953847
0.04638034439155047,0.9536196556084495
0.625278174408002,0.37472182559199796
0.4601262314180622,0.5398737685819379
0.5163905555803303,0.4836094444196697
0.03255636261545134,0.9674436373845486
0.36778769551037926,0.6322123044896207
1.1102230246251565e-16,1.0
0.5976760298011394,0.40232397019886057
1.8041124150158794e-16,0.9999999999999999
0.0,1.0
0.5,0.5
0.6672480574756077,0.33275194252439233
0.06319846320824435,0.9368015367917556
1.249000902703301e-16,0.9999999999999999
1.1102230246251565e-16,1.0
0.0,1.0
0.6007493598682714,0.3992506401317288
0.0,1.0
0.5105763290187533,0.4894236709812467
0.627468477765066,0.37253152223493385
0.628327360536298,0.3716726394637022
0.0,1.0
0.37059275501792766,0.6294072449820725
0.03922200384217406,0.9607779961578261
0.6556943610096857,0.3443056389903142
0.47873450847165744,0.5212654915283426
0.6547665390172984,0.3452334609827016
0.2537095298185114,0.7462904701814886
0.48691581791129207,0.5130841820887079
0.22294921941318088,0.7770507805868189
0.019784979545444864,0.9802150204545551
0.7178034868041434,0.2821965131958567
0.17700032688048603,0.8229996731195139
0.5,0.5
0.1073984251224023,0.8926015748775977
0.3439669695768862,0.6560330304231138
0.576474683597311,0.423525316402689
0.6406914461127378,0.3593085538872622
0.0,1.0
0.0,1.0
0.3888007163133298,0.6111992836866702
0.0,1.0
0.6351457412049931,0.3648542587950069
0.6429294884289405,0.35707051157105973
0.3812577608277187,0.6187422391722813
8.326672684688674e-17,0.9999999999999998
0.0,1.0
0.5,0.5
0.41697001511034804,0.583029984889652
0.0,1.0
0.640174280103224,0.3598257198967758
0.08686011198065723,0.9131398880193429
0.5651910934733145,0.4348089065266855
0.47816823111581486,0.5218317688841853
0.6186486153985296,0.38135138460147056
0.1288667978847727,0.8711332021152273
0.16788452132670728,0.8321154786732927
5.551115123125783e-17,1.0
0.343610378230853,0.656389621769147
0.7020552936045502,0.2979447063954498
0.059049107910807946,0.9409508920891921
0.5,0.5
0.41250218396078364,0.5874978160392164
0.017147881584368748,0.9828521184156312
0.43440812826156616,0.5655918717384338
0.08538312195741848,0.9146168780425816
0.7140502839173063,0.285949716082694
0.4460154265631887,0.5539845734368112
0.20581125134906228,0.7941887486509378
0.0937825851740966,0.9062174148259032
0.5,0.5
0.6027437080949875,0.39725629190501255
0.4353714648571261,0.5646285351428739
0.561527376103603,0.43847262389639696
0.2578799970919413,0.7421200029080588
0.0,1.0
0.4283067445205852,0.571693255479415
0.08749806705807987,0.9125019329419202
0.0,1.0
0.17200539176467827,0.8279946082353219
4.440892098500626e-16,0.9999999999999997
8.326672684688674e-17,1.0
2.7755575615628914e-17,1.0
0.5,0.5
0.668604300348898,0.331395699651102
0.16515000608781089,0.8348499939121892
0.37626455082018595,0.623735449179814
0.5,0.5
0.6201984599740183,0.37980154002598165
1.6653345369377348e-16,0.9999999999999998
0.5,0.5
0.029078775841123266,0.9709212241588765
0.5976404620391907,0.40235953796080937
0.5542140103557626,0.44578598964423743
0.5,0.5
5.551115123125783e-17,1.0
0.2063806988887905,0.7936193011112095
0.43427011186330927,0.5657298881366908
0.40444546837433365,0.5955545316256664
5.551115123125783e-17,1.0
0.20638772943690342,0.7936122705630966
0.0,1.0
0.20027560850333775,0.7997243914966624
0.05281853236375018,0.9471814676362498
0.4910981014627677,0.5089018985372322
0.08787735490620042,0.9121226450937994
0.0,1.0
0.0,1.0
0.5537585676826015,0.44624143231739843
0.2579854350579113,0.7420145649420886
1.942890293094024e-16,0.9999999999999998
0.4043389706242146,0.5956610293757854
0.4417595539347289,0.558240446065271
0.5573865545417865,0.4426134454582134
0.5132762829225838,0.4867237170774162
0.5,0.5
0.2579336293191118,0.7420663706808883
0.1333505700929894,0.8666494299070105
1.1102230246251565e-16,1.0
0.6469576381402333,0.35304236185976656
1.6653345369377348e-16,0.9999999999999998
0.6070591350286552,0.3929408649713445
0.6775477245914355,0.32245227540856447
0.06826590055091206,0.9317340994490879
0.6492320277698564,0.35076797223014355
0.4656953209564791,0.5343046790435209
0.5,0.5
0.25985644583639866,0.7401435541636013
5.551115123125783e-17,1.0
0.44056805482898787,0.5594319451710121
0.573824259113879,0.4261757408861211
0.0,1.0
1.1102230246251565e-16,1.0
0.4905887588923975,0.5094112411076025
0.6599993896242636,0.34000061037573626
5.551115123125783e-17,0.9999999999999999
0.5,0.5
0.6031309945948252,0.3968690054051747
0.5645711985232946,0.43542880147670543
0.037795909943299656,0.9622040900567005
0.5873817513793723,0.4126182486206276
5.551115123125783e-16,0.9999999999999996
0.6930470657746629,0.30695293422533726
0.3439669683901303,0.6560330316098697
0.4225029308682652,0.5774970691317347
5.551115123125783e-17,1.0
0.5,0.5
0.5,0.5
0.6855552625924186,0.31444473740758144
0.34374806954879905,0.656251930451201
0.5058657818137947,0.4941342181862053
0.5083002950380742,0.49169970496192567
0.5169086724695267,0.48309132753047346
5.551115123125783e-17,1.0
0.6365436696471395,0.3634563303528603
0.048553277451122166,0.951446722548878
0.735950446856417,0.26404955314358336
0.009110669742827524,0.9908893302571725
0.5,0.5
0.6427048896655451,0.35729511033445477
0.589866782739843,0.41013321726015706
0.5155721319861147,0.48442786801388515
5.551115123125783e-17,1.0
0.5301874887269068,0.46981251127309315
0.40568124172978465,0.5943187582702154
0.43462206694241046,0.5653779330575894
0.5819728137553487,0.4180271862446514
0.3890437625111201,0.61095623748888
0.5068693753394284,0.4931306246605714
0.39901989698410034,0.6009801030158997
0.025830766802859714,0.9741692331971404
0.6366326721506176,0.36336732784938214
0.39582026796746733,0.6041797320325326
0.0,1.0
1.5265566588595902e-16,0.9999999999999998
0.40052429586648974,0.5994757041335103
0.5462855658339528,0.4537144341660472
0.5176106115347036,0.4823893884652966
0.6426904945969069,0.35730950540309314
0.0,1.0
0.5,0.5
0.6346575764615071,0.3653424235384927
0.2727806452208468,0.7272193547791536
0.1821099028618484,0.8178900971381515
0.4880424395592368,0.511957560440763
0.734705038361831,0.26529496163816924
7.216449660063518e-16,0.9999999999999992
0.3439685454175354,0.6560314545824646
0.47690640460028166,0.5230935953997182
0.3439685454175354,0.6560314545824646
0.5063919583335521,0.4936080416664477
0.5585474756784531,0.4414525243215468
0.732588666774773,0.2674113332252269
0.6579208144772958,0.3420791855227041
4.996003610813204e-16,0.9999999999999996
0.24543199854632095,0.7545680014536789
0.206441088050888,0.793558911949112
0.5,0.5
0.057421172275160734,0.9425788277248391
0.5752453277773352,0.4247546722226647
0.6000486091365803,0.3999513908634197
0.5321776772006364,0.46782232279936375
0.6652567945874982,0.33474320541250174
0.6096375407275854,0.3903624592724147
0.0,1.0
0.5,0.5
0.43428755312655737,0.5657124468734426
0.5160511537077299,0.48394884629227003
0.6470899101094235,0.3529100898905764
0.09463480175373318,0.9053651982462669
0.0,1.0
0.5968306045943237,0.4031693954056763
0.5,0.5
0.5455055024644709,0.4544944975355291
0.5974913067009364,0.4025086932990637
0.0,1.0
0.17612029029162865,0.8238797097083714
0.07767220867240912,0.922327791327591
0.12897424917904393,0.8710257508209561
0.5586632993426768,0.4413367006573234
0.4584707383714479,0.541529261628552
0.07382522557647873,0.9261747744235213
0.5465870332223287,0.4534129667776714
0.5,0.5
2.7755575615628914e-17,1.0
0.6526378670028117,0.3473621329971884
0.11466892129611804,0.8853310787038821
2.220446049250313e-16,0.9999999999999998
0.4570228022055767,0.5429771977944231
0.5177881187050152,0.4822118812949848
0.2579683564634896,0.7420316435365105
5.551115123125783e-17,0.9999999999999999
0.0,1.0
0.4586257948452278,0.5413742051547722
0.7529133323725439,0.2470866676274561
0.12798186625099495,0.8720181337490052
0.6225993225928195,0.37740067740718053
0.5527388743045968,0.4472611256954032
0.4127482686102568,0.5872517313897432
0.5,0.5
0.40525598547295205,0.5947440145270478
0.5,0.5
0.0,1.0
0.34393078867345456,0.6560692113265455
0.12177716559292702,0.8782228344070729
0.47166772992384914,0.5283322700761507
0.026093366555604045,0.973906633444396
0.0,1.0
0.49429646745612177,0.5057035325438781
0.7337427630782842,0.2662572369217158
0.5975441350301406,0.40245586496985947
4.579669976578771e-16,0.9999999999999996
0.0,1.0
1.1102230246251565e-16,1.0
0.6072814642764738,0.3927185357235261
0.5378996807521917,0.4621003192478084
0.5,0.5
0.5636839940838196,0.43631600591618036
0.4895689232539793,0.5104310767460208
5.551115123125783e-17,0.9999999999999999
0.4654092583134309,0.5345907416865693
0.3760473856548427,0.6239526143451573
0.5,0.5
1.1102230246251565e-16,0.9999999999999999
0.5,0.5
0.5353173212439002,0.4646826787560999
0.0,1.0
0.5,0.5
0.0,1.0
0.0,1.0
0.5,0.5
0.6396548285598176,0.3603451714401823
5.551115123125783e-17,1.0
8.326672684688674e-17,1.0
0.3477538346163461,0.6522461653836539
0.5,0.5
0.02441731915975051,0.9755826808402496
0.4033147607183563,0.5966852392816436
0.02158119520828396,0.9784188047917162
0.5,0.5
0.5809391318259485,0.41906086817405147
0.6864200919571133,0.31357990804288677
0.5381461682381656,0.4618538317618345
0.020749732226992577,0.9792502677730074
0.7218685386805388,0.27813146131946126
0.5,0.5
0.8106121555703906,0.18938784442960932
4.996003610813204e-16,0.9999999999999996
4.440892098500626e-16,0.9999999999999996
1.1102230246251565e-16,1.0
0.7401561137671121,0.2598438862328878
0.004593011147655534,0.9954069888523445
0.5636238033768289,0.4363761966231712
0.18765382476109627,0.8123461752389036
0.6017608121432424,0.3982391878567579
0.48057384217525745,0.5194261578247427
2.220446049250313e-16,0.9999999999999998
0.32958138322576713,0.6704186167742328
0.35118347965180874,0.6488165203481913
0.10777248667653042,0.8922275133234696
0.39251813665032464,0.6074818633496754
0.0,1.0
0.5887186999221945,0.4112813000778054
0.5,0.5
0.5400144948639365,0.45998550513606357
0.5,0.5
0.6380852145512196,0.36191478544878036
0.09474015728224715,0.9052598427177528
0.051295167430260136,0.9487048325697401
0.0,1.0
0.49389755143970027,0.5061024485602996
0.5623375209274791,0.4376624790725207
0.0,1.0
0.5,0.5
0.41449441373225193,0.5855055862677482
0.6759017165727743,0.32409828342722535
0.07261565485353484,0.9273843451464653
0.6090302322071197,0.3909697677928803
0.5159347934595616,0.48406520654043844
0.2579618727914692,0.7420381272085306
0.36981701850891113,0.6301829814910889
0.5691470414209732,0.43085295857902667
0.375472940504551,0.6245270594954491
0.0,1.0
0.6875919433088025,0.31240805669119753
5.551115123125783e-17,1.0
0.5366082899376841,0.46339171006231583
0.5916682581108376,0.4083317418891622
0.6554758600519986,0.34452413994800113
8.326672684688674e-17,0.9999999999999999
2.7755575615628914e-16,0.9999999999999998
0.525694348143815,0.4743056518561851
3.3306690738754696e-16,0.9999999999999998
0.0,1.0
0.8071828506560926,0.19281714934390737
0.6252886109126351,0.3747113890873649
0.0,1.0
0.1722680362047315,0.8277319637952684
1.1102230246251565e-16,0.9999999999999999
7.216449660063518e-16,0.9999999999999992
8.326672684688674e-17,1.0
0.0,1.0
0.05286025038623111,0.9471397496137689
0.5747676927200915,0.4252323072799086
0.46389327346223824,0.5361067265377619
0.6181122395099243,0.3818877604900758
0.6584601516084516,0.34153984839154844
0.002284657213135299,0.9977153427868647
0.23326090854579837,0.7667390914542016
0.7986019152870834,0.20139808471291668
0.7164099203580201,0.28359007964197985
0.665548612080274,0.3344513879197259
0.6400308380188119,0.35996916198118817
0.20699335825055779,0.793006641749442
0.0,1.0
0.8254475632789181,0.1745524367210819
0.47090544367432685,0.5290945563256734
0.5789091436705178,0.42109085632948234
0.07266782981090517,0.9273321701890946
0.3810151314394435,0.6189848685605566
0.729613608657314,0.27038639134268605
0.0,1.0
0.37768752872943884,0.6223124712705611
0.5611749091574064,0.4388250908425936
0.0,1.0
0.6161539532548292,0.38384604674517087
0.4940213375731081,0.5059786624268917
0.7130965030476022,0.28690349695239775
0.7356927574823662,0.2643072425176337
0.14930032047467337,0.8506996795253264
0.5,0.5
0.0,1.0
0.5,0.5
0.7730168622704624,0.22698313772953763
0.20637917545034895,0.7936208245496511
2.255140518769849e-16,0.9999999999999998
0.5,0.5
0.06827762721367844,0.9317223727863214
0.6550102802110762,0.3449897197889239
0.6433163829407582,0.3566836170592421
2.7755575615628914e-17,1.0
0.0,1.0
0.5870063892257738,0.4129936107742263
0.0,1.0
0.5,0.5
0.3810635788654242,0.6189364211345758
0.748349816508842,0.25165018349115803
0.34390761263975705,0.656092387360243
0.5102693436553609,0.4897306563446391
0.5637370844128201,0.43626291558717967
1.1102230246251565e-16,1.0
0.4645779512650086,0.5354220487349913
0.0,1.0
0.0,1.0
0.24418584827693227,0.7558141517230677
0.1645391112409985,0.8354608887590016
0.47229962569623546,0.5277003743037646
0.25796017476521277,0.7420398252347873
2.220446049250313e-16,0.9999999999999998
0.6534830332943663,0.3465169667056338
0.6852896111144925,0.3147103888855075
0.4270350708001708,0.5729649291998289
0.635719858368555,0.36428014163144495
0.7007757827520468,0.2992242172479532
0.6332188925242425,0.36678110747575743
0.43396353333160204,0.566036466668398
0.0,1.0
0.539702632686275,0.46029736731372506
0.3437059906465915,0.6562940093534086
0.27498740124472143,0.7250125987552786
0.0,1.0
0.7022172239814571,0.29778277601854275
0.1065767250330502,0.8934232749669497
0.5,0.5
0.11912748419382573,0.8808725158061742
2.7755575615628914e-16,0.9999999999999998
0.0,1.0
0.7365780748993538,0.26342192510064644
1.1102230246251565e-16,1.0
0.09996281690507927,0.9000371830949209
0.6747936857387166,0.32520631426128344
0.2579537436251396,0.7420462563748603
0.5,0.5
0.2333645488716632,0.7666354511283368
0.1290536054234719,0.8709463945765281
0.5806501831506322,0.4193498168493677
0.5762493160260542,0.4237506839739457
0.18172933588470086,0.8182706641152991
0.40184395205699636,0.5981560479430038
0.0,1.0
0.4074069261550903,0.5925930738449097
0.13344335787481482,0.8665566421251852
0.053730275659498165,0.9462697243405018
0.03709670014796049,0.9629032998520395
0.0,1.0
0.0,1.0
0.4126782541345982,0.5873217458654018
0.4054635167121887,0.5945364832878113
0.01908554130433743,0.9809144586956625
0.0776586602990988,0.9223413397009012
0.5,0.5
0.6231895697963631,0.3768104302036367
0.654845182957427,0.34515481704257295
0.5,0.5
0.0,1.0
0.2579447490488296,0.7420552509511705
0.3439925697206455,0.6560074302793545
0.404377709336746,0.595622290663254
6.106226635438361e-16,0.9999999999999993
0.5479926221407619,0.45200737785923806
0.5569514137964112,0.44304858620358867
0.13130232037047848,0.8686976796295215
0.0,1.0
0.5,0.5
0.2929327361627308,0.7070672638372691
0.5112608854975552,0.48873911450244495
5.551115123125783e-17,1.0
0.03770338210923189,0.9622966178907681
0.6667591958944094,0.33324080410559054
0.10090864813728978,0.8990913518627103
0.5760697705971006,0.4239302294028994
0.47854107675956226,0.5214589232404375
0.4042009662782408,0.5957990337217592
0.25936395300973614,0.740636046990264
0.6357543230207535,0.36424567697924626
0.7834234475207986,0.21657655247920143
5.551115123125783e-17,1.0
0.8087974279348766,0.19120257206512326
0.20665277738858898,0.793347222611411
1.1102230246251565e-16,1.0
0.5611084705617553,0.4388915294382448
0.0,1.0
0.2578799970919413,0.7421200029080588
0.5947797610693919,0.40522023893060816
0.34400707993912893,0.6559929200608712
0.07357067163092446,0.9264293283690757
0.4077749475836754,0.5922250524163246
0.7081012153689781,0.2918987846310219
0.38210079916838,0.61789920083162
0.0,1.0
0.019411373879094664,0.9805886261209054
1.1102230246251565e-16,0.9999999999999999
0.35723325051367283,0.6427667494863272
0.580706311972922,0.41929368802707806
0.5378987392308273,0.46210126076917274
1.1102230246251565e-16,0.9999999999999999
0.4502464994649835,0.5497535005350164
0.5,0.5
5.551115123125783e-17,1.0
0.294822439181814,0.7051775608181861
0.363921066365704,0.6360789336342962
0.0,1.0
0.6324714707300334,0.36752852926996665
0.05530246269230452,0.9446975373076956
0.2929744198531765,0.7070255801468234
0.06309134728885614,0.936908652711144
0.0,1.0
0.053151439386223805,0.9468485606137763
0.0,1.0
0.5523930938783699,0.44760690612163034
0.0,1.0
0.07243276351053182,0.9275672364894683
0.0,1.0
0.0,1.0
0.4427233193239585,0.5572766806760416
0.5,0.5
0.25882685623149,0.74117314376851
0.414777231600473,0.5852227683995271
7.216449660063518e-16,0.9999999999999992
0.2579606443216453,0.7420393556783548
0.08797622449279786,0.9120237755072022
0.025618609486146995,0.974381390513853
0.0,1.0
8.326672684688674e-17,1.0
0.6473817551494659,0.35261824485053406
0.3438293415876416,0.6561706584123586
0.47588376158096496,0.524116238419035
1.1102230246251565e-16,1.0
0.5,0.5
0.6495529439591131,0.3504470560408868
0.0,1.0
0.5,0.5
0.5987195412618915,0.4012804587381085
0.5835956473417293,0.41640435265827064
0.5425567323828895,0.45744326761711057
0.0,1.0
0.5853303720536113,0.4146696279463888
0.5,0.5
0.6240467773913595,0.3759532226086403
0.5,0.5
0.5,0.5
0.5,0.5
0.520438114647123,0.47956188535287714
0.5267030785764023,0.47329692142359797
0.4930279113982673,0.5069720886017326
5.551115123125783e-17,0.9999999999999999
1.3877787807814457e-17,1.0
0.5357153614686793,0.4642846385313207
0.5600001586966507,0.4399998413033492
0.08677990436434536,0.9132200956356546
0.6752913274025362,0.32470867259746394
0.5,0.5
0.0,1.0
0.0,1.0
0.6933624741178678,0.306637525882132
0.0,1.0
0.4616165453961388,0.5383834546038613
0.42492893907425217,0.5750710609257479
0.56653323211147,0.43346676788852995
0.28129509614134157,0.7187049038586585
0.5860878357039693,0.41391216429603067
0.6286955203115939,0.37130447968840596
0.6324114828829882,0.3675885171170118
0.5809603787482516,0.4190396212517483
0.7803303552826282,0.21966964471737194
0.6715478852381712,0.32845211476182873
1.1796119636642288e-16,1.0
0.017576917226205274,0.9824230827737948
7.216449660063518e-16,0.9999999999999992
0.48676467985891714,0.5132353201410829
0.6556917888394127,0.3443082111605872
0.33474519962904165,0.6652548003709583
0.023713184244017492,0.9762868157559825
0.7422273876017021,0.25777261239829796
0.20391556627502866,0.7960844337249715
0.28923343305697047,0.7107665669430298
0.5155192202555864,0.4844807797444136
0.7060411968813952,0.2939588031186048
0.4749396625206566,0.5250603374793434
0.29482657005028634,0.7051734299497134
0.5960933337755995,0.4039066662244004
0.25019205045527376,0.7498079495447261
0.23325103840992253,0.7667489615900775
0.17197269330757498,0.8280273066924252
0.5959218529732914,0.4040781470267086
0.43885851552668875,0.5611414844733111
0.4245896408917837,0.5754103591082166
0.0,1.0
0.32130634782541906,0.6786936521745809
0.5676003085404461,0.4323996914595538
0.6514300418632132,0.34856995813678665
0.5,0.5
1.1102230246251565e-16,1.0
0.5000774782150984,0.4999225217849016
0.659186334828331,0.34081366517166883
0.016633878002181635,0.9833661219978184
0.04483249606302082,0.9551675039369792
0.3974203909742215,0.6025796090257786
0.48559116337858854,0.5144088366214116
0.37214059155889745,0.6278594084411026
0.03228758502735317,0.9677124149726469
0.19434641439326703,0.8056535856067331
0.05072823025257351,0.9492717697474264
0.4835446956992749,0.516455304300725
0.096972934555624,0.9030270654443759
0.745158715808477,0.2548412841915231
0.35221652686595917,0.6477834731340408
0.0,1.0
0.39251813665032464,0.6074818633496754
0.5200093438214013,0.4799906561785988
0.4650813532164069,0.5349186467835929
0.6027493971235113,0.3972506028764886
0.34690435453689505,0.653095645463105
1.942890293094024e-16,0.9999999999999998
0.4954887141684538,0.5045112858315464
0.10030806358860357,0.8996919364113963
0.5,0.5
0.17801328898774102,0.8219867110122587
0.6270682791949185,0.37293172080508136
0.5,0.5
0.010661201069564995,0.989338798930435
1.1102230246251565e-16,1.0
0.5,0.5
0.0,1.0
0.7356184911776569,0.264381508822343
0.024350500797180614,0.9756494992028193
0.11247248992782312,0.8875275100721768
0.4557626305288327,0.544237369471167
0.6747073619833417,0.3252926380166585
9.020562075079397e-17,0.9999999999999999
0.4000427052203842,0.5999572947796158
0.45443995531182724,0.5455600446881728
0.5159220458468398,0.4840779541531603
0.0,1.0
0.017707507496741902,0.9822924925032581
3.3306690738754696e-16,0.9999999999999998
0.0,1.0
0.7053180773183038,0.2946819226816963
0.43512562862754817,0.5648743713724517
0.38426352374049333,0.6157364762595069
0.5963586732506214,0.40364132674937847
0.20627271425604465,0.7937272857439555
0.0,1.0
0.41424173833476086,0.5857582616652391
0.6166780891234972,0.38332191087650286
0.08355303996676691,0.916446960033233
0.7371083237766467,0.26289167622335313
0.0,1.0
0.22929017836133628,0.7707098216386636
0.6060137013790051,0.39398629862099493
5.551115123125783e-17,1.0
0.6295643855307073,0.370435614469293
1.6653345369377348e-16,0.9999999999999998
0.17132445749376154,0.8286755425062385
0.004672892889214483,0.9953271071107854
0.5827615877556529,0.417238412244347
0.5394100897379143,0.4605899102620859
0.6384827874532171,0.3615172125467828
0.5603744372832514,0.43962556271674846
0.3439771470096874,0.6560228529903126
0.47949400789124136,0.5205059921087587
0.053234131693569386,0.9467658683064306
0.5,0.5
5.551115123125783e-17,1.0
0.5849543306858375,0.41504566931416276
0.2063823349501204,0.7936176650498795
0.3439685454175354,0.6560314545824646
0.0,1.0
0.0,1.0
0.5177732802147882,0.4822267197852118
0.0,1.0
0.40424576590420597,0.5957542340957941
8.326672684688674e-17,1.0
8.326672684688674e-17,1.0
1.6653345369377348e-16,0.9999999999999998
1.942890293094024e-16,0.9999999999999999
1.1102230246251565e-16,1.0
0.09900632892175042,0.9009936710782496
0.0,1.0
0.0,1.0
0.5015658136708536,0.49843418632914643
0.5129672972736891,0.4870327027263109
1.1102230246251565e-16,1.0
0.5911625527749679,0.4088374472250319
0.0,1.0
0.17196483081396685,0.8280351691860331
0.5508107997391675,0.44918920026083264
0.0307524316012856,0.9692475683987144
0.679708800754671,0.3202911992453291
0.376628663390875,0.623371336609125
0.5612789636994742,0.4387210363005258
0.502440567687154,0.49755943231284605
0.05613056991329084,0.9438694300867092
0.5016270464286209,0.49837295357137906
0.46475946344905145,0.5352405365509485
0.00851660063245222,0.9914833993675477
0.5,0.5
0.07406993668703739,0.9259300633129627
0.5,0.5
0.0,1.0
0.6783675069082497,0.32163249309175007
0.6379058402584954,0.3620941597415047
0.19989607053743416,0.8001039294625659
0.7535553552527363,0.24644464474726382
0.13525796811230364,0.8647420318876964
0.20715693082004993,0.7928430691799502
0.6307868101151521,0.36921318988484814
0.3933423225978403,0.6066576774021597
0.6310816799447813,0.3689183200552187
0.5,0.5
0.7471247140092573,0.2528752859907429
0.38538597975977557,0.6146140202402245
0.40419791811709377,0.5958020818829064
0.2938106535175904,0.7061893464824095
0.5191138241150908,0.4808861758849094
0.5,0.5
0.5,0.5
0.08892184646402518,0.9110781535359749
0.33104066863883697,0.6689593313611629
0.48611232267167864,0.5138876773283213
0.04724907391925018,0.9527509260807497
0.34401012975815437,0.6559898702418457
0.5684245574279707,0.4315754425720293
0.6628210483142162,0.33717895168578393
0.5,0.5
0.0,1.0
0.2896894903811138,0.7103105096188862
0.2580731138342845,0.7419268861657153
0.025546324956149166,0.9744536750438509
0.0,1.0
0.5946498621693477,0.40535013783065227
0.5,0.5
0.08522547799125221,0.9147745220087478
0.5,0.5
0.5002211135601117,0.4997788864398883
0.38994398169034855,0.6100560183096515
0.0,1.0
0.5224139966422774,0.4775860033577226
0.5,0.5
0.35685161726619935,0.6431483827338007
2.636779683484747e-16,0.9999999999999998
0.0030993024655656207,0.9969006975344342
0.6169695688261564,0.3830304311738434
0.5687604024182813,0.43123959758171865
0.6177562085387462,0.38224379146125365
5.551115123125783e-17,1.0
0.7354409021480837,0.2645590978519163
0.030300854455207315,0.9696991455447926
0.5862814802747343,0.4137185197252656
0.5873089837718888,0.4126910162281112
0.3961002116337269,0.6038997883662732
0.5344674053160391,0.4655325946839608
0.611331905883438,0.38866809411656217
0.5522752660753499,0.44772473392465023
0.22835399057384523,0.7716460094261548
0.1292930984371215,0.8707069015628786
0.5028405515477061,0.4971594484522938
0.01259911582528272,0.9874008841747173
0.6397628405256895,0.3602371594743105
0.11196355700664792,0.8880364429933522
1.1102230246251565e-16,1.0
0.25746173743970613,0.7425382625602939
0.34917711742338164,0.6508228825766185
0.5951669194464766,0.4048330805535233
0.6340583777319819,0.3659416222680181
0.38213096305400296,0.6178690369459972
0.6225565296383353,0.37744347036166465
0.06559193165507358,0.9344080683449264
0.1720965826781995,0.8279034173218004
0.5159848011896275,0.48401519881037247
0.3920726701617241,0.6079273298382759
0.5164597186029584,0.4835402813970416
1.3877787807814457e-16,1.0
0.26142153111034816,0.738578468889652
0.45952510794051576,0.5404748920594841
0.20270677076846635,0.7972932292315337
5.898059818321144e-17,1.0
0.52304931788767,0.47695068211233016
0.626424029524296,0.37357597047570407
0.746374762519743,0.2536252374802571
5.273559366969494e-16,0.9999999999999994
0.5158839511022371,0.48411604889776305
0.0,1.0
0.6317825018663653,0.3682174981336346
0.11216226967983331,0.8878377303201667
5.551115123125783e-17,1.0
0.5,0.5
2.7755575615628914e-17,1.0
0.4754252378527242,0.5245747621472758
0.0,1.0
0.6843329555778269,0.31566704442217286
0.516790228010273,0.4832097719897269
0.2579606443216453,0.7420393556783548
0.5298933964343531,0.47010660356564693
0.0,1.0
4.440892098500626e-16,0.9999999999999996
0.13397797537888256,0.8660220242251959
0.0,1.0
0.40481140464544296,0.595188595354557
0.5,0.5
0.5063919583335521,0.4936080416664477
5.551115123125783e-17,1.0
0.4044275463761754,0.5955724536238247
0.6261595784708356,0.3738404215291645
0.055809885370435686,0.9441901146295644
0.1149828293898415,0.8850171706101587
0.6800216164504004,0.3199783835495997
0.4819995447880142,0.5180004552119858
0.403287660330534,0.596712339669466
0.5400344910315688,0.45996550896843125
0.0,1.0
0.0,1.0
0.4435449635648118,0.5564550364351881
0.0,1.0
0.602872728096706,0.39712727190329405
0.653316911727742,0.34668308827225786
0.6564435424646273,0.3435564575353725
0.10642081422995366,0.8935791857700465
0.6265215466465609,0.373478453353439
0.353816312306523,0.646183687693477
0.0,1.0
0.7456635529961743,0.2543364470038257
0.550468455269348,0.449531544730652
0.4043784265161762,0.5956215734838238
0.4127448663175822,0.5872551336824178
0.7260795698849632,0.2739204301150368
0.5089252395781688,0.4910747604218312
0.2537096235285039,0.746290376471496
0.0,1.0
0.0,1.0
0.02708955003561312,0.9729104499643869
0.0,1.0
0.0,1.0
0.6120294940092235,0.38797050599077665
0.25901461881295096,0.7409853811870493
0.5577412499845408,0.44225875001545933
0.4133801155619172,0.5866198844380828
0.0,1.0
0.5613924255308212,0.4386075744691787
0.09208860150187965,0.9079113984981203
0.3861584924161435,0.6138415075838566
0.06279297928006312,0.9372070207199369
0.3899419768134462,0.6100580231865538
0.28313669970605,0.71686330029395
0.25878417845563256,0.7412158215443675
0.5462792530912125,0.4537207469087875
0.514703241692856,0.48529675830714397
0.5316940113659707,0.4683059886340292
0.5,0.5
0.41289216102415005,0.58710783897585
0.6650568896473835,0.3349431103526163
0.6741485917398836,0.3258514082601163
0.03942390259447235,0.9605760974055276
0.0,1.0
0.5153930450217575,0.48460695497824247
5.551115123125783e-17,1.0
0.0,1.0
0.0,1.0
0.5,0.5
0.11896876507565515,0.8810312349243448
0.6068152073858697,0.3931847926141303
0.5698706016356974,0.4301293983643027
5.551115123125783e-17,1.0
0.5379184094850615,0.4620815905149385
0.0,1.0
0.0422769100382307,0.9577230899617692
0.73466857144314,0.26533142855686
0.46975288129142834,0.5302471187085718
5.551115123125783e-16,0.9999999999999996
0.0,1.0
0.594790776080228,0.40520922391977204
0.0,1.0
0.3426809428998839,0.6573190571001162
0.461539742508987,0.538460257491013
0.5356248815894902,0.46437511841050966
0.2580275265880688,0.7419724734119313
0.42648922318259513,0.5735107768174048
0.06913844184009392,0.9308615581599062
0.0,1.0
0.03760897554423477,0.9623910244557652
0.25374939421288933,0.7462506057871109
2.5673907444456745e-16,0.9999999999999997
0.5,0.5
0.51744314514577,0.48255685485423
0.6841367053011754,0.3158632946988245
0.0,1.0
0.5701062502175325,0.4298937497824676
0.6083782390903179,0.39162176090968204
0.5681178079667615,0.43188219203323847
0.5831489054737381,0.416851094526262
0.025375608148808917,0.9746243918511912
0.14802169173333696,0.851978308266663
0.25789777052659907,0.742102229473401
0.0,1.0
0.0,1.0
0.47475710337153015,0.5252428966284699
0.3745981313561178,0.6254018686438823
0.0,1.0
0.5,0.5
0.3634558812009481,0.636544118799052
0.20617867437303536,0.7938213256269647
0.0,1.0
1.942890293094024e-16,0.9999999999999998
0.05828890334607679,0.9417110966539233
0.6180256287718319,0.38197437122816824
0.5,0.5
0.22245379014042238,0.7775462098595778
0.5725799313213746,0.4274200686786253
0.617887734111503,0.3821122658884971
0.34745728950812166,0.6525427104918782
1.1102230246251565e-16,0.9999999999999999
0.6812146114759858,0.318785388524014
0.5,0.5
3.0531133177191805e-16,0.9999999999999996
0.46491454272386984,0.5350854572761301
0.44917420670390135,0.5508257932960987
0.06326161902456416,0.9367383809754358
0.0,1.0
0.5791951881985886,0.4208048118014115
0.285352429305165,0.7146475706948351
0.5,0.5
0.06891522879230844,0.9310847712076917
0.5886218773568775,0.41137812264312235
0.20625284902765242,0.7937471509723476
0.40176712979551177,0.5982328702044883
0.5,0.5
0.3158516091405058,0.684148390859494
0.3246666416525843,0.6753333583474157
0.5181426181944269,0.48185738180557325
0.635003056424115,0.364996943575885
0.428666921669935,0.571333078330065
0.5159161741360642,0.4840838258639358
0.6669413390856801,0.3330586609143202
0.6272003653014818,0.3727996346985182
0.7120934133550629,0.28790658664493723
0.5478255447267915,0.4521744552732085
0.20640141673413376,0.7935985832658662
0.0,1.0
0.2579019032937088,0.7420980967062912
0.6793461719054663,0.32065382809453374
0.5272895432057161,0.4727104567942839
0.7491344339842622,0.2508655660157376
0.5024167547244461,0.49758324527555386
0.0,1.0
0.0,1.0
0.4123769061344779,0.5876230938655223
1.1102230246251565e-16,1.0
0.40334922904615433,0.5966507709538457
0.514512494206861,0.48548750579313876
0.11618420043708104,0.8838157995629189
0.3884699307382107,0.6115300692617893
0.09057646895583377,0.9094235310441662
2.7755575615628914e-16,0.9999999999999998
0.5530676433553565,0.4469323566446434
0.4044589806091338,0.5955410193908663
0.10154295120974556,0.8984570487902546
0.5647862731755038,0.43521372682449627
0.0,1.0
0.5837624628179219,0.4162375371820779
0.3883933050833232,0.6116066949166766
0.0,1.0
0.546787179126168,0.45321282087383186
1.3877787807814457e-16,0.9999999999999998
0.4127220943836177,0.5872779056163824
0.5,0.5
0.5030553641728622,0.4969446358271377
3.3306690738754696e-16,0.9999999999999998
0.3070618728569276,0.6929381271430725
0.6137594619287587,0.38624053807124126
1.1102230246251565e-16,1.0
0.5106110600518081,0.4893889399481918
0.5886752715763864,0.41132472842361373
0.2949693592693903,0.7050306407306097
0.3634752222031299,0.6365247777968702
0.5183995027067515,0.48160049729324855
0.6656305176512187,0.33436948234878117
0.20637917545034895,0.7936208245496511
0.12844167497145126,0.8715583250285487
0.23294707387234642,0.7670529261276536
0.06990147761980736,0.9300985223801927
0.0,1.0
0.6558546976251055,0.34414530237489444
0.4320831172832858,0.5679168827167141
2.3592239273284576e-16,0.9999999999999998
0.024193641796611567,0.9758063582033885
0.11354812805533497,0.886451871944665
0.5159151757542075,0.48408482424579247
0.0,1.0
0.43690177098496175,0.5630982290150383
0.3701884014445792,0.629811598555421
0.5391864814188367,0.4608135185811634
0.5998764640948779,0.4001235359051219
1.1102230246251565e-16,0.9999999999999999
0.5668242096696726,0.4331757903303272
0.14733816645343997,0.85266183354656
0.3440297515761437,0.6559702484238564
0.38509510421110865,0.6149048957888914
0.024313473179284763,0.9756865268207152
0.45781091297027043,0.5421890870297295
0.0,1.0
2.220446049250313e-16,0.9999999999999998
0.4287393018603325,0.5712606981396675
0.1646452837231093,0.8353547162768906
0.08678207514229502,0.9132179248577051
0.3677832158282399,0.6322167841717601
0.28965102105865415,0.7103489789413459
0.5,0.5
0.04529311780659143,0.9547068821934085
0.6549598285567272,0.3450401714432729
0.02699732014438024,0.9730026798556197
0.3439522655433772,0.6560477344566227
0.6625184406470968,0.3374815593529032
0.6339125840528871,0.36608741594711286
0.2070867941272957,0.7929132058727043
0.31252808084104433,0.6874719191589557
0.5,0.5
0.41047271434820676,0.5895272856517932
0.5,0.5
0.6251018179253685,0.3748981820746314
1.1102230246251565e-16,1.0
0.7991537366018597,0.20084626339814038
0.20231931183626597,0.797680688163734
0.5,0.5
5.551115123125783e-17,0.9999999999999999
0.3439685400895634,0.6560314599104367
5.551115123125783e-17,1.0
0.4816991522501922,0.5183008477498077
0.0,1.0
0.33423065953582864,0.6657693404641715
0.4128704700609699,0.5871295299390302
0.5903260235223524,0.40967397647764753
0.3412984546477261,0.6587015453522739
0.5341629194472548,0.4658370805527452
0.4675741919329457,0.5324258080670542
0.5000682454928755,0.4999317545071244
4.440892098500626e-16,0.9999999999999996
0.6547383330932774,0.34526166690672255
0.5172132787792196,0.48278672122078026
0.011783452732498966,0.988216547267501
0.68545584081053,0.31454415918947
0.5,0.5
0.44224629730731746,0.5577537026926827
0.1006741003457387,0.8993258996542614
0.25783288483486533,0.7421671151651348
0.07612226012214014,0.9238777398778598
3.3306690738754696e-16,0.9999999999999998
0.363302645401333,0.636697354598667
0.3439038264172384,0.6560961735827616
2.7755575615628914e-17,1.0
0.4725368989820633,0.5274631010179369
0.11403899474571584,0.8859610052542841
1.1102230246251565e-16,0.9999999999999999
0.345836672300062,0.6541633276999379
0.14777404387513993,0.8522259561248601
0.1719782555025019,0.8280217444974981
0.5796070586962775,0.42039294130372246
0.31927205482001314,0.6807279451799868
0.03305471858319147,0.9669452814168085
0.6597766515229703,0.3402233484770298
0.3645707072757466,0.6354292927242533
0.5923081459177503,0.4076918540822498
0.45392416584930545,0.5460758341506946
0.4043032550597777,0.5956967449402223
0.3876951448619367,0.6123048551380633
0.6961929055493428,0.3038070944506571
0.6026139091311564,0.39738609086884363
0.11097639150248931,0.8890236084975106
1.734723475976807e-18,1.0
0.7128952180598848,0.2871047819401151
0.40437736596815504,0.595622634031845
0.4965528045134182,0.5034471954865818
0.2332599358109849,0.7667400641890152
1.1102230246251565e-16,0.9999999999999999
0.3293344722353941,0.670665527764606
0.08232631802502778,0.9176736819749721
0.0,1.0
0.367524951696396,0.632475048303604
0.07773763879801879,0.9222623612019814
0.4585961052322858,0.5414038947677142
0.4109450865630107,0.5890549134369893
0.5601943230776913,0.4398056769223086
0.38698311677528985,0.6130168832247102
0.5329356434529281,0.46706435654707196
0.614681992720927,0.3853180072790729
1.1102230246251565e-16,1.0
0.0,1.0
0.0,1.0
0.6756098200563906,0.3243901799436094
0.5795957808575918,0.42040421914240816
0.20641347753269373,0.7935865224673062
0.4623202852081459,0.5376797147918543
0.5806538006271512,0.41934619937284867
1.1102230246251565e-16,1.0
0.6191286298243386,0.3808713701756614
0.4728697755071463,0.5271302244928537
0.027005721369246338,0.9729942786307536
0.7132216414015713,0.28677835859842865
0.0,1.0
0.5,0.5
0.4128042600729747,0.5871957399270252
0.5811237903164537,0.4188762096835462
0.6949528649580017,0.30504713504199804
0.08757037349705034,0.9124296265029497
0.38267842307686806,0.6173215769231319
5.551115123125783e-17,1.0
0.534499947274625,0.465500052725375
0.20637209269837944,0.7936279073016206
0.42430729897101566,0.5756927010289843
0.42423863728842004,0.5757613627115797
0.14966142722628578,0.8503385727737143
0.4043630412852632,0.5956369587147368
0.5903588646514868,0.4096411353485132
0.3599014994272867,0.6400985005727132
0.5859189390284103,0.4140810609715898
0.2888487855781793,0.7111512144218209
0.5,0.5
0.6450065649512481,0.3549934350487521
0.6504321146247934,0.3495678853752066
0.17655435451029633,0.8234456454897036
0.0,1.0
0.40440120982951316,0.5955987901704868
0.0,1.0
0.33933847805684586,0.6606615219431542
0.529977916743196,0.470022083256804
0.028195017248657563,0.9718049827513424
0.0,1.0
5.551115123125783e-17,1.0
0.7313932376864111,0.2686067623135891
0.5,0.5
9.020562075079397e-17,1.0
0.6800824503964067,0.31991754960359364
0.6879801666132724,0.3120198333867278
0.5195986622497444,0.4804013377502556
0.6686042516666801,0.33139574833331986
0.540931996107563,0.4590680038924369
1.1102230246251565e-16,1.0
0.5552635924290718,0.44473640757092814
0.2896651332532524,0.7103348667467476
1.1102230246251565e-16,1.0
0.6879025452766077,0.3120974547233923
5.551115123125783e-17,1.0
0.531384342443091,0.468615657556909
0.0,1.0
0.6345843596496635,0.36541564035033663
0.6133576498714964,0.3866423501285034
0.12548775204856402,0.8745122479514358
0.1050664254474112,0.8949335745525888
0.6245276050905788,0.37547239490942114
0.7048305697822816,0.29516943021771874
0.0,1.0
5.551115123125783e-17,1.0
0.4037946720757787,0.5962053279242212
0.09264342358733008,0.9073565764126699
0.3787696438950129,0.6212303561049873
0.12522099444197965,0.8747790055580204
2.7755575615628914e-16,0.9999999999999998
0.0,1.0
0.5082531406015707,0.4917468593984293
5.551115123125783e-17,1.0
0.6211927022545033,0.37880729774549654
0.6251748668517003,0.3748251331482995
0.0,1.0
0.21793455610825294,0.782065443891747
0.472267920427977,0.527732079572023
0.5,0.5
0.6445522239100681,0.355447776089932
0.618013134384141,0.38198686561585904
0.0,1.0
0.6147964834537653,0.38520351654623486
0.7287910959991556,0.27120890400084446
0.0,1.0
0.0,1.0
0.0,1.0
0.05971286094440825,0.9402871390555918
0.0956781727165879,0.904321827283412
0.5,0.5
0.6191508621891461,0.38084913781085405
0.257690790498529,0.7423092095014711
0.7221555961360415,0.2778444038639584
0.14709506163863595,0.8529049383613642
0.13821085442769956,0.8617891455723002
0.4042009662782408,0.5957990337217592
0.6299657983580808,0.3700342016419193
0.022999352259070058,0.97700064774093
0.6388115710096435,0.36118842899035647
0.6842438550255995,0.3157561449744004
0.02051293140674955,0.9794870685932503
0.0,1.0
0.06899470150668491,0.9310052984933151
0.49093609850656345,0.5090639014934365
1.1102230246251565e-16,1.0
0.0,1.0
0.6047547239477606,0.3952452760522393
0.5,0.5
0.5908533688705413,0.40914663112945865
0.5864059363248207,0.41359406367517904
0.4921354869715481,0.507864513028452
0.5,0.5
0.6063209875701456,0.3936790124298543
0.565796870232632,0.43420312976736797
0.0,1.0
0.6987357211740599,0.3012642788259402
0.520438114647123,0.47956188535287714
5.551115123125783e-17,1.0
4.440892098500626e-16,0.9999999999999996
0.39793111403879816,0.6020688859612019
0.10481842208136825,0.8951815779186317
0.3439758612500034,0.6560241387499968
0.024791313667132515,0.9752086863328675
0.14734279616211207,0.852657203837888
0.0,1.0
0.3896453950510999,0.6103546049489001
0.07762463709756372,0.9223753629024364
0.6131933444791633,0.38680665552083665
0.04182415747052426,0.9581758425294757
0.32552562272328356,0.6744743772767167
0.06461624043848767,0.9353837595615123
5.551115123125783e-17,0.9999999999999999
0.6698199436153138,0.33018005638468617
0.8032842081279131,0.19671579187208685
0.0,1.0
0.6153677967677144,0.3846322032322857
0.6191508724418878,0.38084912755811234
0.17200730381699791,0.8279926961830021
0.0,1.0
0.0,1.0
0.611116964142561,0.3888830358574392
0.4600220911908507,0.5399779088091492
0.4223584555858392,0.5776415444141609
0.4157423079013825,0.5842576920986176
1.942890293094024e-16,0.9999999999999999
0.024981062501786055,0.975018937498214
0.4043759599265336,0.5956240400734666
0.0,1.0
0.1269067276331167,0.8730932723668834
0.5,0.5
0.09855895308399071,0.9014410469160095
0.6299960770325609,0.3700039229674391
0.6512382655958818,0.3487617344041182
0.28969549885499457,0.7103045011450053
0.08532917599265417,0.9146708240073458
0.34410408849740093,0.6558959115025992
0.5,0.5
0.0,1.0
0.4801938584572486,0.5198061415427514
0.48197733683341415,0.5180226631665859
1.3877787807814457e-16,1.0
1.1102230246251565e-16,1.0
0.3701490047877317,0.6298509952122685
8.326672684688674e-17,1.0
0.5363114019731027,0.46368859802689727
1.942890293094024e-16,0.9999999999999999
0.6448238062072625,0.35517619379273735
0.4129178498535837,0.5870821501464162
7.216449660063518e-16,0.9999999999999992
0.02040721926295207,0.9795927807370478
1.1102230246251565e-16,0.9999999999999999
0.6579608026712234,0.3420391973287765
0.29569142544467414,0.7043085745553259
0.39251813665032464,0.6074818633496754
0.6747936475480895,0.32520635245191054
0.0,1.0
0.5429628423069116,0.45703715769308817
0.0,1.0
0.2658782373324121,0.734121762667588
0.7448012919343889,0.2551987080656112
0.5,0.5
0.3439915351111777,0.6560084648888223
0.5,0.5
0.0,1.0
0.6423981771010429,0.3576018228989571
0.2440947908752036,0.7559052091247964
0.0,1.0
0.7192693166888826,0.28073068331111745
4.996003610813204e-16,0.9999999999999996
0.5,0.5
3.8163916471489756e-17,1.0
0.17198000919932788,0.8280199908006722
0.6091629339788782,0.39083706602112184
0.5,0.5
0.01239780008685722,0.9876021999131428
0.0883263303874589,0.9116736696125408
0.5,0.5
0.21186179132771693,0.788138208672283
0.6845961044981052,0.3154038955018946
5.551115123125783e-17,1.0
0.05120441213658433,0.9487955878634157
0.5285926773226588,0.4714073226773412
0.011704038070258863,0.9882959619297411
0.7889638126972495,0.2110361873027505
0.47769956450792045,0.5223004354920796
0.5,0.5
0.0,1.0
0.5159373085764869,0.4840626914235132
0.39990893181270465,0.6000910681872953
0.0,1.0
2.7755575615628914e-17,1.0
0.05654635115728701,0.9434536488427131
0.34367381045241896,0.6563261895475812
0.14641901478470926,0.8535809852152908
0.21569825721392563,0.7843017427860743
0.5116526324897709,0.48834736751022917
1.6653345369377348e-16,1.0
0.0,1.0
0.0,1.0
0.0,1.0
0.5,0.5
0.0,1.0
0.37843648716807365,0.6215635128319263
0.6341340048199421,0.36586599518005797
0.6565921650301427,0.34340783496985733
0.4182070817261376,0.5817929182738625
0.5,0.5
0.09763020537653196,0.902369794623468
0.3540114443749188,0.6459885556250812
0.12334613725059733,0.8766538627494026
0.29481277076090107,0.7051872292390989
2.220446049250313e-16,0.9999999999999998
0.1479837456589845,0.8520162543410156
0.07744169548937835,0.9225583045106217
0.524402675627247,0.4755973243727531
3.677613769070831e-16,0.9999999999999997
0.5124613418146002,0.4875386581853998
0.4043801562858698,0.5956198437141301
0.0667784073587116,0.9332215926412883
0.11373918320893285,0.886260816791067
0.4540907921422726,0.5459092078577277
0.2577780822579297,0.7422219177420702
0.7011335330444481,0.29886646695555164
5.273559366969494e-16,0.9999999999999996
0.0,1.0
0.5219981750996466,0.47800182490035303
0.0,1.0
0.47398055170180536,0.5260194482981946
0.6141209860630664,0.38587901393693347
0.39448309865450365,0.6055169013454962
0.5,0.5
1.6653345369377348e-16,0.9999999999999998
0.5587668626091732,0.44123313739082654
0.4821037310142585,0.5178962689857415
0.025626071301812964,0.974373928698187
0.0,1.0
0.20635182987613254,0.7936481701238676
0.4127527810764425,0.5872472189235575
7.216449660063518e-16,0.9999999999999992
0.0,1.0
0.6646273992733527,0.3353726007266474
0.11979017876776991,0.8802098212322299
0.5160841359719042,0.4839158640280958
0.12877525938113699,0.871224740618863
0.5458682708583471,0.4541317291416528
0.603254987143358,0.3967450128566422
0.5260801417237227,0.4739198582762773
0.20660585046535712,0.7933941495346428
0.4373427847744694,0.5626572152255306
0.6030618172086063,0.3969381827913936
0.14742616468448366,0.8525738353155163
0.06743217516584288,0.9325678248341571
0.3869516339567261,0.6130483660432741
0.5824553174550008,0.4175446825449994
3.3306690738754696e-16,0.9999999999999998
0.5092760986619579,0.49072390133804206
0.12257560374162715,0.8774243962583728
0.3439970319669761,0.6560029680330237
5.551115123125783e-17,1.0
0.39931898042373276,0.6006810195762672
0.573882115353896,0.42611788464610395
0.47181767515934514,0.5281823248406549
0.11464903236428434,0.8853509676357156
0.5,0.5
0.0,1.0
0.6048751785673425,0.39512482143265726
0.02321824552297541,0.9767817544770245
0.633023608937299,0.36697639106270086
0.4132138579711458,0.5867861420288542
0.34504215539325334,0.6549578446067468
0.5839592219247721,0.416040778075228
0.5639625776832188,0.4360374223167812
0.5899447150566759,0.4100552849433241
0.38702576135527766,0.6129742386447224
0.5,0.5
0.5464911032939588,0.4535088967060413
0.5347402712247928,0.4652597287752072
0.20637917505168393,0.793620824948316
0.5242126519345757,0.47578734806542444
0.37250049953202535,0.6274995004679746
5.551115123125783e-17,1.0
0.7116131313967767,0.2883868686032233
0.5692394062411501,0.43076059375884984
0.6868836551242461,0.313116344875754
0.5455696645061767,0.45443033549382345
0.6802325255631332,0.31976747443686687
0.4728102371411305,0.5271897628588693
0.6090528688908172,0.3909471311091826
0.5845815722571223,0.41541842774287757
0.5159300183077017,0.4840699816922983
0.697556711621421,0.3024432883785789
0.5235313264538993,0.4764686735461007
0.39207267016172415,0.6079273298382759
0.08656007733600884,0.9134399226639912
0.3676119865200815,0.6323880134799186
0.0,1.0
0.4422249903828454,0.5577750096171546
0.0,1.0
0.7324943868736163,0.2675056131263839
0.07752512130425983,0.9224748786957401
0.0,1.0
0.3634711648494032,0.6365288351505968
0.6783384691597327,0.3216615308402675
2.498001805406602e-16,0.9999999999999998
0.4956974853676502,0.5043025146323499
0.0776320454535874,0.9223679545464126
0.0,1.0
0.0,1.0
0.5,0.5
0.0,1.0
8.326672684688674e-17,1.0
0.41261285625500144,0.5873871437449982
0.47339057215934,0.52660942784066
0.5714632075960323,0.4285367924039679
5.204170427930421e-17,1.0
0.0,1.0
0.36722548951153194,0.6327745104884681
0.4171379722304151,0.582862027769585
0.013598086745256062,0.986401913254744
0.41438786160369395,0.5856121383963061
0.46247000185589426,0.5375299981441057
0.47243577699248557,0.5275642230075143
0.5,0.5
5.551115123125783e-17,1.0
0.5400200288074894,0.4599799711925105
0.14740654090266303,0.852593459097337
0.5087999557342741,0.49120004426572594
0.6172870905882005,0.3827129094117993
0.0,1.0
0.5681458014294775,0.4318541985705225
0.3701209458289299,0.62987905417107
0.5,0.5
0.11115922390201971,0.8888407760979804
1.1102230246251565e-16,0.9999999999999999
0.0,1.0
0.2063751715578185,0.7936248284421815
7.216449660063518e-16,0.9999999999999992
0.1460907185625393,0.8539092814374608
0.6664318368694943,0.33356816313050586
0.0,1.0
0.14402030125856416,0.8559796987414361
1.1102230246251565e-16,1.0
0.65652937532935,0.34347062467065004
0.5,0.5
0.03617083960463661,0.9638291603953634
0.0,1.0
0.5592631404348286,0.4407368595651716
0.0,1.0
6.938893903907228e-18,1.0
0.5601869347771187,0.4398130652228813
0.5183052808708538,0.48169471912914613
0.11811953900876815,0.881880460991232
0.5754056917591033,0.4245943082408967
0.0,1.0
0.5636641643341331,0.43633583566586687
0.5989427021804458,0.40105729781955424
0.6897606157550479,0.310239384244952
0.6588163917493258,0.3411836082506741
0.0,1.0
0.5877693871983952,0.41223061280160483
8.326672684688674e-17,0.9999999999999999
0.5611899178899288,0.4388100821100711
0.0,1.0
0.503330711006495,0.496669288993505
0.5722796986443224,0.4277203013556777
0.0,1.0
0.5452240730207267,0.45477592697927327
0.19346431754621163,0.8065356824537883
0.5,0.5
0.27406040943647036,0.7259395905635294
0.643380247393752,0.35661975260624806
0.14614992533895158,0.8538500746610485
0.5,0.5
0.7037016323452207,0.2962983676547793
0.0381946116952073,0.9618053883047929
0.6330004979286624,0.36699950207133747
0.5373476508612278,0.4626523491387721
0.38224738718884066,0.6177526128111593
0.5808347349718532,0.41916526502814655
0.20581613444183458,0.7941838655581654
0.2580447785708728,0.7419552214291271
0.5,0.5
5.551115123125783e-17,1.0
0.051762741789833755,0.9482372582101662
0.5378977314192233,0.46210226858077674
0.45392772566683814,0.5460722743331617
0.14718189096944925,0.8528181090305509
0.42673510948095383,0.573264890519046
0.5124481778591868,0.48755182214081316
0.0,1.0
0.052646974387334004,0.9473530256126662
0.40465702190111424,0.5953429780988857
5.551115123125783e-17,1.0
0.21623726134204907,0.7837627386579511
2.7755575615628914e-17,1.0
0.0,1.0
0.6810521243927415,0.3189478756072586
0.7536392664374311,0.24636073356256902
6.38378239159465e-16,0.9999999999999994
2.0816681711721685e-17,1.0
0.34404742164273794,0.6559525783572621
0.647571348128873,0.352428651871127
0.44062410577941347,0.5593758942205865
0.6257008211249458,0.374299178875054
0.20637877306938376,0.7936212269306163
0.5238745183516328,0.47612548164836727
0.0,1.0
0.0,1.0
0.5591565561406363,0.4408434438593637
0.11326532118674384,0.8867346788132562
0.04131962744999564,0.9586803725500043
0.5898118467488485,0.41018815325115154
1.2836953722228372e-15,0.9999999999999987
0.2110807757307479,0.7889192242692521
0.4897395105275906,0.5102604894724095
0.5331654047660859,0.466834595233914
0.5,0.5
5.551115123125783e-17,1.0
0.14365095616312254,0.8563490438368774
0.5755942249651794,0.4244057750348205
8.326672684688674e-17,1.0
0.5187864264190112,0.4812135735809887
0.5,0.5
0.7007427067872665,0.2992572932127335
0.33459602469366456,0.6654039753063353
0.04969534157812361,0.9503046584218763
0.6369989617363426,0.3630010382636573
5.551115123125783e-17,1.0
0.6547161709273476,0.3452838290726524
0.0,1.0
0.567784454828375,0.4322155451716251
0.5,0.5
0.0,1.0
0.5004669730952949,0.4995330269047052
0.6608128496010506,0.3391871503989494
2.636779683484747e-16,0.9999999999999998
5.551115123125783e-17,1.0
0.03706362804874694,0.962936371951253
0.6035568636317359,0.3964431363682643
0.20390478474609047,0.7960952152539097
0.38195086884036866,0.6180491311596312
0.573856098619318,0.4261439013806818
1.942890293094024e-16,0.9999999999999999
0.19888043962418983,0.8011195603758101
0.4281667057531209,0.5718332942468791
0.032539343750063024,0.9674606562499369
0.0,1.0
0.45792014980009316,0.5420798501999069
0.5441641723963455,0.4558358276036545
0.2546023655978713,0.7453976344021287
0.14725052837703084,0.8527494716229692
0.5,0.5
0.5392491128295672,0.46075088717043294
0.0,1.0
0.1458159585178427,0.8541840414821573
0.4973489528692922,0.5026510471307077
0.5710128259621244,0.4289871740378755
0.6098676453397839,0.39013235466021595
0.005070960754730551,0.9949290392452694
0.6701741142528176,0.3298258857471824
0.20532633231883096,0.794673667681169
0.0,1.0
0.25800512239522216,0.7419948776047779
0.4043784263635185,0.5956215736364815
0.5,0.5
0.5,0.5
0.5353063627822314,0.4646936372177686
1.1102230246251565e-16,1.0
0.5,0.5
1.1102230246251565e-16,1.0
0.5,0.5
0.3564584646373987,0.6435415353626013
0.5164527009961124,0.4835472990038876
0.2071901031796714,0.7928098968203284
0.4042456778448838,0.5957543221551164
0.5574680011677738,0.44253199883222616
0.6341234375482889,0.3658765624517112
0.08630245372812707,0.913697546271873
0.6258857271580959,0.37411427284190424
0.6653459600674761,0.334654039932524
0.0,1.0
0.19014877665598204,0.809851223344018
0.6039260145520995,0.39607398544790035
0.20646613350071516,0.7935338664992849
5.551115123125783e-17,1.0
0.6019649302941111,0.39803506970588876
1.1102230246251565e-16,0.9999999999999999
0.6018755795232085,0.3981244204767914
0.4542729070127617,0.5457270929872383
0.4583627494060224,0.5416372505939776
0.03404382639781197,0.965956173602188
0.10692175215257167,0.8930782478474284
0.5158529845230448,0.4841470154769551
0.7231625085048623,0.2768374914951378
0.5,0.5
0.665762090465834,0.33423790953416616
0.17288641583352982,0.8271135841664703
0.44225436941506274,0.5577456305849372
0.2582966837733881,0.7417033162266118
0.5031175633631577,0.49688243663684223
0.5,0.5
0.49656664066878925,0.5034333593312106
0.5737333771067419,0.42626662289325784
1.1102230246251565e-16,1.0
0.11374455336934883,0.8862554466306509
0.4567228366874409,0.5432771633125592
0.34706154135716694,0.6529384586428332
0.6778001306848068,0.32219986931519307
0.5,0.5
1.1102230246251565e-16,1.0
0.6160851813433128,0.38391481865668703
2.7755575615628914e-16,0.9999999999999998
0.004817875801595955,0.9951821241984041
0.0,1.0
0.0,1.0
0.5,0.5
0.0,1.0
0.4089571506502386,0.5910428493497614
0.025504296584541713,0.9744957034154583
0.07528147947680744,0.9247185205231927
0.21143769862888925,0.7885623013711108
0.5160824167271385,0.4839175832728615
0.44102571190153184,0.5589742880984682
0.07564120817148023,0.9243587918285197
0.5807851028427451,0.4192148971572548
0.0,1.0
0.0,1.0
0.531769747318436,0.46823025268156404
0.604004161281779,0.3959958387182209
0.4746736756505051,0.5253263243494949
0.056701638620638296,0.9432983613793617
0.12472068525608249,0.8752793147439175
0.6134927610201238,0.38650723897987604
0.10139224179274509,0.8986077582072549
0.5,0.5
0.16659176323115552,0.8334082367688443
0.15292422926371277,0.8470757707362873
0.4056983436049577,0.5943016563950423
2.7755575615628914e-16,0.9999999999999998
0.3451085852136331,0.6548914147863669
0.5866183603306384,0.41338163966936187
0.2148928940597105,0.7851071059402894
0.008315206488528402,0.9916847935114715
0.6231156151708894,0.3768843848291106
0.5,0.5
0.49177691879401836,0.5082230812059816
0.5130697867974323,0.4869302132025677
0.3769585729474642,0.6230414270525356
1.1102230246251565e-16,1.0
0.20466767000683891,0.7953323299931611
0.4847170794425623,0.5152829205574377
0.6145973520324238,0.3854026479675762
0.2948197148694447,0.7051802851305554
0.5539457558154178,0.44605424418458217
0.7721684540825287,0.22783154591747126
0.3419967437764827,0.6580032562235173
0.6356428010823194,0.36435719891768054
5.551115123125783e-17,1.0
0.026666047199867923,0.9733339528001321
0.6725586568341562,0.32744134316584383
0.0,1.0
0.016346151294196108,0.9836538487058037
0.7218309210727512,0.278169078927249
0.14741371688801286,0.8525862831119871
0.2860116036346715,0.7139883963653283
0.10381068891981486,0.8961893110801851
0.5581849491187606,0.44181505088123935
0.0,1.0
5.551115123125783e-17,1.0
0.03911456304515826,0.9608854369548417
0.11446138182542227,0.8855386181745777
0.07757533594802103,0.9224246640519791
0.5,0.5
0.5861530856177836,0.41384691438221644
0.01865246332520759,0.9813475366747925
0.16875044231591002,0.8312495576840899
0.4127486840090707,0.5872513159909293
0.6283602452759444,0.3716397547240556
0.6471045509143994,0.3528954490856006
0.6780457489682439,0.3219542510317561
0.0,1.0
0.34396010651808306,0.6560398934819169
0.3220165282663122,0.6779834717336878
0.0,1.0
0.6788111824366168,0.32118881756338336
5.551115123125783e-17,1.0
0.6161116251412571,0.3838883748587429
1.1102230246251565e-16,1.0
0.40441316402025734,0.5955868359797426
0.5183052808708538,0.48169471912914613
0.5287368656140415,0.4712631343859583
0.40441316402025734,0.5955868359797426
0.5,0.5
0.6372105886946188,0.3627894113053813
0.3439362208768633,0.6560637791231366
0.4931706298818221,0.506829370118178
0.29494395797167755,0.7050560420283224
0.3439645757811272,0.6560354242188727
0.5393745994408602,0.4606254005591398
0.0,1.0
0.5,0.5
0.0,1.0
0.3441095977896083,0.6558904022103917
0.03344348794400563,0.9665565120559946
0.5714797745785734,0.42852022542142637
1.1102230246251565e-16,1.0
2.7755575615628914e-16,0.9999999999999998
0.40623277238189043,0.5937672276181096
5.551115123125783e-17,0.9999999999999999
0.5748293705544619,0.425170629445538
0.4901127159148098,0.5098872840851901
0.4043671816150099,0.59563281838499
0.5337960483955055,0.4662039516044947
0.5,0.5
0.20608699778531825,0.7939130022146818
0.21454696578485738,0.7854530342151427
0.5658689064145214,0.4341310935854787
0.4043784263635185,0.5956215736364815
0.19523297473177015,0.8047670252682299
2.7755575615628914e-16,0.9999999999999997
0.09463376896712782,0.9053662310328721
0.5,0.5
0.0,1.0
0.028786532982086842,0.9712134670179131
0.03408185489991779,0.9659181451000821
0.0,1.0
1.1102230246251565e-16,0.9999999999999999
0.05741971926975637,0.9425802807302436
0.18304550552864896,0.816954494471351
2.7755575615628914e-16,0.9999999999999997
0.0,1.0
0.7084599339976421,0.291540066002358
7.216449660063518e-16,0.9999999999999992
0.4060816514361817,0.5939183485638184
0.341091617485147,0.658908382514853
0.057492293974296074,0.942507706025704
0.14706128148868922,0.8529387185113108
0.5831552787133344,0.4168447212866654
0.3884699307382107,0.6115300692617893
1.1102230246251565e-16,1.0
0.5015901620965451,0.4984098379034549
0.5829582296610347,0.41704177033896545
0.007845462161993867,0.9921545378380061
0.0034441100408366147,0.9965558899591632
5.551115123125783e-17,1.0
0.6525858949657335,0.34741410503426656
0.5164002515633423,0.4835997484366576
0.573485168610701,0.42651483138929913
0.5586775396811903,0.44132246031880973
0.41536137089133274,0.5846386291086673
0.11279715123907708,0.8872028487609229
0.6028578449883464,0.39714215501165384
0.1327002295939575,0.8672997704060424
0.3441270664951639,0.655872933504836
0.5825496222823854,0.41745037771761456
0.09540668573725765,0.9045933142627423
0.652060299083664,0.34793970091633597
0.6047974836234504,0.3952025163765497
0.5866982812521121,0.41330171874788785
0.0,1.0
0.0,1.0
0.05944843710822553,0.9405515628917744
0.5,0.5
0.45662419371355617,0.5433758062864438
0.5,0.5
0.6390586404743989,0.3609413595256012
0.45863592312553486,0.5413640768744652
0.4043390920458696,0.5956609079541304
0.5,0.5
2.7755575615628914e-17,1.0
0.08429581804151023,0.9157041819584897
0.36532319662716467,0.6346768033728352
0.5744556008132087,0.4255443991867912
0.03522022989267797,0.9647797701073221
0.5,0.5
0.640566458077119,0.35943354192288096
0.5568004028481787,0.4431995971518213
0.10146882752951307,0.898531172470487
5.551115123125783e-17,1.0
0.29478374693727444,0.7052162530627255
0.5883447370133505,0.4116552629866495
0.6048395224675569,0.39516047753244327
0.2948414249466296,0.7051585750533704
0.34364711818590526,0.6563528818140948
0.6008969029228644,0.3991030970771356
0.0,1.0
0.40210763820608286,0.5978923617939171
0.6881048417752943,0.31189515822470587
0.5862680798519183,0.4137319201480816
0.543840252494812,0.456159747505188
0.6018295623107167,0.3981704376892831
8.326672684688674e-17,1.0
0.12950007282456022,0.8704999271754399
5.551115123125783e-17,1.0
0.3014791324334738,0.6985208675665262
0.0,1.0
0.6589565752260472,0.3410434247739527
0.6924648472649634,0.3075351527350364
0.44403688574087385,0.5559631142591263
0.5245806825072867,0.4754193174927133
0.6266232970805361,0.3733767029194638
0.47365080896762823,0.5263491910323719
0.7774818837488076,0.2225181162511925
0.4127338293931701,0.58726617060683
1.5178830414797062e-16,0.9999999999999999
0.0,1.0
0.0704879986687467,0.9295120013312533
4.5102810375396984e-17,1.0
0.5158858951257603,0.48411410487423956
0.05168120174798829,0.9483187982520117
7.216449660063518e-16,0.9999999999999992
0.3898217245118942,0.6101782754881059
0.4811227752837658,0.5188772247162342
0.5765428472616229,0.4234571527383771
0.4494909933558087,0.5505090066441913
0.5,0.5
0.6069523183793175,0.3930476816206825
0.19763354866069816,0.802366451339302
0.19648701068658878,0.8035129893134112
0.6138741865999593,0.38612581340004065
0.35158915435835747,0.6484108456416425
0.2579795101715842,0.7420204898284158
0.0,1.0
4.996003610813204e-16,0.9999999999999997
0.2739050384454986,0.7260949615545014
0.6218432833375479,0.37815671666245215
0.20601486089121007,0.7939851391087899
0.2464727600331402,0.7535272399668598
0.12898322662397285,0.8710167733760271
0.4662369175326222,0.5337630824673775
0.0,1.0
0.5,0.5
5.551115123125783e-17,1.0
0.0,1.0
0.0,1.0
0.5996338983637375,0.40036610163626246
0.5,0.5
0.47527344501637087,0.5247265549836292
0.0,1.0
0.10708571808729973,0.8929142819127003
5.551115123125783e-17,1.0
0.0,1.0
0.5548488888853401,0.4451511111146598
0.2063751715578185,0.7936248284421815
0.5296240865252918,0.47037591347470825
0.7395433700170401,0.26045662998296
0.6104987473793834,0.38950125262061663
0.13587767504041046,0.8641223249595896
0.6041052400439523,0.39589475995604784
0.06837119703219668,0.9316288029678033
0.7642962214717344,0.23570377852826563
0.651594423291945,0.34840557670805516
0.25829666794372647,0.7417033320562736
0.22934418725665723,0.7706558127433429
1.6653345369377348e-16,0.9999999999999998
0.27411116036274874,0.7258888396372515
0.5989003919678747,0.4010996080321254
0.7036908380144511,0.2963091619855488
0.5,0.5
0.46903635126369225,0.5309636487363077
0.5,0.5
0.3554392455063429,0.6445607544936571
0.04741031046443315,0.9525896895355669
0.5046589674428106,0.4953410325571894
0.5683070211839018,0.43169297881609836
0.06758454448186198,0.9324154555181381
0.0,1.0
0.5,0.5
0.0,1.0
0.2696928902691592,0.7303071097308409
0.5,0.5
0.5,0.5
0.5187891984277961,0.48121080157220375
0.5,0.5
0.6243080273463982,0.37569197265360194
0.5663495900418567,0.4336504099581432
5.551115123125783e-17,1.0
0.08766516841715997,0.9123348315828401
0.25699596489515203,0.7430040351048479
0.5884451819226116,0.41155481807738836
0.0,1.0
0.044441628893119756,0.9555583711068804
0.003901097155477242,0.9960989028445227
0.724983203811119,0.2750167961888809
0.0,1.0
0.3570370813272135,0.6429629186727862
0.4445799771820973,0.5554200228179026
0.4038271735023058,0.5961728264976942
0.0,1.0
0.5,0.5
7.216449660063518e-16,0.9999999999999992
0.47560348735718294,0.5243965126428171
0.34364148010148843,0.6563585198985117
0.6097499683474513,0.3902500316525484
0.12198286060641109,0.8780171393935889
0.14995933973669567,0.8500406602633044
0.5159820476931617,0.4840179523068383
0.1796194873992161,0.8203805126007839
0.020086451808827954,0.9799135481911722
0.0,1.0
0.2002448028041973,0.7997551971958027
0.367737670980038,0.6322623290199622
0.5337823931518936,0.46621760684810654
8.326672684688674e-17,1.0
0.02986819506177145,0.9701318049382287
0.20577798971200742,0.7942220102879927
0.5204023810861823,0.47959761891381764
0.5372296394612707,0.4627703605387293
0.39251813665032464,0.6074818633496754
0.5043543738713985,0.49564562612860147
0.38040341545435125,0.6195965845456489
0.48348999400093884,0.5165100059990612
0.7168566881543424,0.28314331184565755
0.7336737023842506,0.2663262976157496
0.5244049693923439,0.47559503060765623
0.453358033291833,0.5466419667081671
0.5,0.5
0.01993791674376463,0.9800620832562355
0.0,1.0
0.7526415326698713,0.2473584673301284
0.5351600416311213,0.46483995836887854
7.216449660063518e-16,0.9999999999999992
0.5460282352456572,0.4539717647543429
0.5842943072315733,0.4157056927684267
0.6298632232073826,0.3701367767926173
0.03492554799257606,0.9650744520074239
0.17865367626923218,0.8213463237307678
8.326672684688674e-17,1.0
2.1510571102112408e-16,0.9999999999999999
0.5,0.5
0.17181874128893054,0.8281812587110695
0.11196216406302847,0.8880378359369715
0.382762748562111,0.617237251437889
0.5594930693574753,0.4405069306425248
0.05610859087113414,0.943891409128866
0.6119970595501754,0.3880029404498245
2.7755575615628914e-17,1.0
0.0,1.0
7.216449660063518e-16,0.9999999999999992
0.5842928999770765,0.41570710002292355
0.0,1.0
0.5,0.5
0.3685424611347815,0.6314575388652185
0.5843899931613733,0.4156100068386267
0.6475047037112037,0.35249529628879617
0.5034634453244508,0.4965365546755493
0.5159662009797025,0.48403379902029753
0.040107282990733135,0.9598927170092668
1.1102230246251565e-16,1.0
0.03646151242126148,0.9635384875787385
0.4342682293043589,0.5657317706956412
0.6619428510872803,0.33805714891271965
0.050115631022129674,0.9498843689778703
1.6653345369377348e-16,1.0
0.34728124466167204,0.6527187553383279
0.6298988219412786,0.3701011780587214
0.40032506014273694,0.5996749398572632
0.5634382318361382,0.4365617681638619
0.21753032782539194,0.782469672174608
1.1102230246251565e-16,1.0
0.06762058897128105,0.9323794110287191
0.5219726924966636,0.4780273075033364
0.28969549885499457,0.7103045011450053
0.4732397101635601,0.5267602898364396
0.20644638928161335,0.7935536107183866
0.0,1.0
0.6975102674056893,0.3024897325943108
0.3822325681930334,0.6177674318069665
0.8298403811769974,0.1701596188230022
0.49461951280598515,0.5053804871940148
0.6243062503344746,0.3756937496655253
0.4327729798259367,0.5672270201740632
0.37453672743203414,0.6254632725679657
0.20622941924539726,0.7937705807546028
0.6093069375443506,0.3906930624556494
0.506584196325433,0.493415803674567
5.551115123125783e-17,1.0
0.5775722265705964,0.42242777342940374
0.613736028483839,0.3862639715161609
0.49406985562155203,0.5059301443784479
0.14607523418077462,0.8539247658192253
1.3877787807814457e-16,0.9999999999999999
0.4764454165619146,0.5235545834380854
0.07382692040789571,0.9261730795921043
0.45890233730988017,0.5410976626901198
0.021692421038251582,0.9783075789617485
0.0,1.0
0.2928587342932624,0.7071412657067375
0.10252853189002556,0.8974714681099746
0.5531588966774927,0.4468411033225075
0.11990622962238351,0.8800937703776164
0.0,1.0
0.3028819697229069,0.6971180302770932
0.031140068316327086,0.968859931683673
0.4602013018508817,0.5397986981491182
0.17194122240502044,0.8280587775949795
0.16720543259191373,0.8327945674080863
0.0,1.0
5.551115123125783e-17,1.0
0.0,1.0
0.7033567100979324,0.2966432899020676
0.5,0.5
0.0,1.0
0.5,0.5
0.4027695654352357,0.5972304345647643
0.5,0.5
0.43330817249433123,0.5666918275056688
0.08315816052962867,0.9168418394703715
0.4654340095011046,0.5345659904988956
0.5876874956557938,0.41231250434420624
0.04189785607703018,0.9581021439229699
0.03861069050383801,0.961389309496162
0.0,1.0
0.05177031951973768,0.9482296804802625
0.2473809700890902,0.7526190299109097
0.4768459066052197,0.5231540933947801
0.36586500887109064,0.6341349911289095
0.632170671766107,0.3678293282338931
0.48045225079777554,0.5195477492022244
0.5157560039698317,0.4842439960301685
0.5417014164065747,0.45829858359342535
5.551115123125783e-17,1.0
0.038283850334287724,0.9617161496657124
0.06666294301833364,0.9333370569816665
0.7414058831270023,0.2585941168729979
0.6029132493620999,0.39708675063789994
0.5,0.5
0.2948200202733089,0.705179979726691
0.25804478258192765,0.7419552174180722
0.00833806637587098,0.9916619336241291
0.22070028585458396,0.779299714145416
0.5417939443873826,0.4582060556126174
0.6767772497007217,0.3232227502992783
1.5612511283791264e-16,0.9999999999999999
0.5,0.5
0.6470752817219328,0.3529247182780671
0.6704391583222219,0.3295608416777781
0.008323509860479396,0.9916764901395205
0.7246699197538821,0.275330080246118
0.48559849348381495,0.5144015065161851
1.3877787807814457e-17,1.0
0.6035966509911806,0.3964033490088194
0.5,0.5
0.5,0.5
5.551115123125783e-17,1.0
0.39251813665032464,0.6074818633496754
5.551115123125783e-17,1.0
0.4545026086374897,0.5454973913625102
7.216449660063518e-16,0.9999999999999992
1.1102230246251565e-16,0.9999999999999999
0.2577829638484072,0.7422170361515927
0.17293827661750583,0.8270617233824944
0.4605429964123979,0.539457003587602
0.021085872315660215,0.9789141276843398
0.29481080598837744,0.7051891940116225
0.5932432273464393,0.4067567726535608
0.5831969300401125,0.4168030699598875
0.4138066678363549,0.5861933321636451
0.6998874365297209,0.30011256347027915
0.5,0.5
2.7755575615628914e-17,1.0
0.4126661370588279,0.5873338629411721
0.6392133652920862,0.3607866347079139
0.5,0.5
0.5163598217946629,0.48364017820533706
0.0,1.0
0.7114108312928283,0.2885891687071717
0.5616917344396115,0.4383082655603884
0.5230235794022775,0.47697642059772233
0.25797620243681035,0.7420237975631896
0.0,1.0
0.30863151342943823,0.6913684865705616
0.5621270138846014,0.4378729861153987
7.216449660063518e-16,0.9999999999999992
0.5,0.5
0.3439516496814645,0.6560483503185356
0.0,1.0
0.0,1.0
0.6311450195088846,0.36885498049111515
0.6110937334597735,0.38890626654022653
0.4780555416617674,0.5219444583382327
0.5816053559241312,0.4183946440758686
0.0,1.0
0.03961200206536698,0.960387997934633
1.1102230246251565e-16,0.9999999999999998
0.5921086205462516,0.40789137945374837
0.1866860190411422,0.8133139809588578
0.5,0.5
0.20637490841047057,0.7936250915895293
0.19523345980647777,0.8047665401935223
8.326672684688674e-17,1.0
0.4001183791272988,0.5998816208727011
0.2326828418438131,0.7673171581561872
3.7470027081099033e-16,0.9999999999999996
0.6401579945493125,0.35984200545068734
0.5158145042059894,0.4841854957940108
3.885780586188048e-16,0.9999999999999996
0.4044182617758597,0.5955817382241402
0.0,1.0
0.0,1.0
2.5673907444456745e-16,0.9999999999999997
0.0,1.0
4.440892098500626e-16,0.9999999999999996
0.6924926509736792,0.3075073490263211
0.08913467013833602,0.910865329861664
1.1102230246251565e-16,1.0
0.5496475980825434,0.4503524019174567
0.6133960994459492,0.3866039005540508
0.0,1.0
0.08086146728553721,0.9191385327144627
0.01574944955662554,0.9842505504433744
0.472339285661146,0.527660714338854
0.4157215529479562,0.5842784470520438
0.6289975995987378,0.371002400401262
0.0,1.0
0.17233792377679416,0.8276620762232061
0.5,0.5
0.5480049160278918,0.45199508397210814
0.6115717438946193,0.3884282561053804
0.20638255274610062,0.7936174472538994
0.7844137444787252,0.2155862555212748
0.06122235617150553,0.9387776438284944
0.09145475278407761,0.9085452472159223
1.1102230246251565e-16,1.0
5.551115123125783e-17,1.0
0.5159488320030449,0.4840511679969551
0.0,0.9999999999999999
0.5517195557875855,0.4482804442124146
0.04633703578875307,0.9536629642112469
0.3126327290174313,0.6873672709825687
0.032299094833691915,0.9677009051663081
0.47231275921413973,0.5276872407858603
0.45067609145461723,0.5493239085453827
0.6033437571122865,0.3966562428877136
0.600884432592397,0.3991155674076029
0.6555845003662661,0.34441549963373386
0.6647761248083672,0.33522387519163277
0.14940166222553714,0.8505983377744628
0.1728497684692767,0.8271502315307234
0.043128836436148045,0.9568711635638519
0.31942957553300405,0.680570424466996
0.0,1.0
1.1102230246251565e-16,1.0
0.6111071915527078,0.3888928084472919
0.6332848717696073,0.3667151282303927
0.5142926853805435,0.48570731461945643
0.0,1.0
0.45713420919884196,0.542865790801158
0.5304392110035235,0.46956078899647624
0.3987125624354508,0.6012874375645492
0.537899110792866,0.4621008892071341
0.0,1.0
0.5,0.5
0.09837788449358671,0.9016221155064131
0.25724449496213925,0.7427555050378608
0.0,1.0
0.5,0.5
0.2897337956862807,0.7102662043137193
0.6194327951835327,0.3805672048164672
2.7755575615628914e-16,0.9999999999999998
0.0,1.0
0.6119377521046504,0.3880622478953496
0.5160611873353831,0.48393881266461675
0.5623414203072048,0.4376585796927952
0.590218886189802,0.40978111381019805
0.656908475084368,0.34309152491563183
0.08314676223965589,0.9168532377603442
0.5637550452634579,0.4362449547365423
0.38571090861656643,0.6142890913834337
0.6197423191028093,0.3802576808971909
0.7000555056659001,0.29994449433410003
5.551115123125783e-17,1.0
0.5,0.5
0.06753511173429716,0.9324648882657028
0.48825421847680933,0.5117457815231908
0.6058593600225552,0.39414063997744475
0.7114152397668997,0.28858476023310026
0.0,1.0
0.6184513785120996,0.3815486214879004
0.3439572791794049,0.6560427208205953
0.2669232755186756,0.7330767244813241
5.551115123125783e-17,1.0
0.0,1.0
0.6464153522810545,0.35358464771894565
0.7033908270730869,0.29660917292691324
0.5688996313688021,0.4311003686311978
0.5931693674012695,0.4068306325987306
0.0,1.0
0.5531025096832592,0.4468974903167407
0.0,1.0
0.5185569308175056,0.48144306918249435
0.2064001864931131,0.7935998135068869
0.4669894564567908,0.5330105435432094
0.0,1.0
2.7755575615628914e-17,1.0
5.551115123125783e-17,1.0
5.551115123125783e-17,1.0
0.023224788478183243,0.9767752115218167
0.5801531951285026,0.41984680487149745
0.5160394855101916,0.4839605144898084
0.6248807892681512,0.37511921073184856
2.7755575615628914e-17,1.0
0.5351486455797935,0.46485135442020664
0.0,1.0
0.053822465405813924,0.9461775345941861
0.5119562201060891,0.48804377989391057
0.4910319544916037,0.5089680455083964
0.5,0.5
0.0,1.0
0.41613743216727034,0.5838625678327298
0.0,1.0
0.7185314851534771,0.2814685148465228
0.4802224277048187,0.5197775722951815
0.41408298164606094,0.5859170183539391
0.26446612321370416,0.7355338767862963
0.14741240530741836,0.8525875946925816
0.5,0.5
0.5,0.5
0.3438662456010761,0.6561337543989239
0.6059631004604513,0.3940368995395487
0.6162845775418813,0.3837154224581187
0.0,1.0
0.22932889958136124,0.7706711004186388
2.7755575615628914e-17,1.0
0.029285588211818474,0.9707144117881816
0.5777407991239842,0.4222592008760158
1.1102230246251565e-16,1.0
0.612620131872168,0.38737986812783226
0.0,1.0
0.6756673948713382,0.32433260512866174
0.5,0.5
0.02921870037971444,0.9707812996202856
0.5633059905575712,0.4366940094424288
0.5820195707639146,0.4179804292360852
0.5,0.5
0.7541969065930109,0.24580309340698925
0.0,1.0
2.5673907444456745e-16,0.9999999999999997
0.03955995096545673,0.9604400490345434
0.5835190916897945,0.4164809083102055
0.5908532784365116,0.4091467215634884
0.030849176200327795,0.9691508237996722
6.938893903907228e-17,1.0
0.08514485170721142,0.9148551482927886
0.0,1.0
0.0,1.0
0.5,0.5
0.04794771285899671,0.9520522871410032
0.7045046576416597,0.2954953423583404
0.7761241833751603,0.22387581662483969
0.6479042324229075,0.3520957675770925
0.5340763105127176,0.46592368948728236
0.41374545046055305,0.5862545495394469
0.397725559656333,0.602274440343667
0.6423830046153761,0.35761699538462394
1.1102230246251565e-16,1.0
7.216449660063518e-16,0.9999999999999992
0.6069753786321002,0.39302462136789984
0.0,1.0
0.0,1.0
1.249000902703301e-16,0.9999999999999999
0.28335085159180634,0.7166491484081936
0.8357476396105903,0.16425236038940974
0.12955913846207517,0.8704408615379249
0.5,0.5
0.5414384796380505,0.4585615203619497
0.6116619642118539,0.38833803578814613
0.5,0.5
0.5285798201337453,0.47142017986625473
0.6075414152818218,0.3924585847181781
2.220446049250313e-16,0.9999999999999998
0.5,0.5
0.34391917388804066,0.6560808261119593
0.0,1.0
0.0,1.0
0.4952604939362389,0.5047395060637612
0.0,1.0
0.6895320903244951,0.3104679096755049
0.040618973383215115,0.959381026616785
0.42487829551100725,0.5751217044889927
5.551115123125783e-17,1.0
0.6099722737735315,0.3900277262264683
0.5,0.5
0.2578799970919413,0.7421200029080588
0.03279738685428332,0.9672026131457166
0.4043784263635185,0.5956215736364815
0.36559445038437854,0.6344055496156215
0.5106419257633387,0.48935807423666133
0.515916140546108,0.4840838594538918
0.20595206697950177,0.7940479330204984
9.020562075079397e-17,1.0
0.6118224879917458,0.3881775120082543
0.06417437017084368,0.9358256298291564
0.03985038913674813,0.9601496108632522
2.220446049250313e-16,0.9999999999999998
0.5712270874286102,0.4287729125713898
0.20028835794960675,0.7997116420503932
0.015968097552701607,0.9840319024472983
0.40054167698740006,0.5994583230126
0.07814336366262324,0.9218566363373767
0.0197798399153879,0.9802201600846121
0.4590540498783411,0.5409459501216589
1.1102230246251565e-16,1.0
0.702222486740276,0.2977775132597238
9.020562075079397e-17,1.0
0.6234607188542146,0.37653928114578533
5.551115123125783e-17,0.9999999999999999
0.39980434715965757,0.6001956528403424
0.6217332624589962,0.37826673754100376
0.5,0.5
0.5,0.5
0.0,1.0
0.028185991654870006,0.97181400834513
0.3438687709020948,0.6561312290979051
0.4522520905106967,0.5477479094893033
0.401434221385784,0.5985657786142161
1.1102230246251565e-16,1.0
1.6653345369377348e-16,0.9999999999999998
0.032696047060975064,0.9673039529390248
0.0,1.0
0.5075153308764422,0.4924846691235578
0.6890474790598403,0.31095252094015946
0.36653984391964484,0.6334601560803553
0.0,1.0
0.5159791264525538,0.48402087354744616
0.5183052808708538,0.48169471912914613
6.938893903907228e-18,1.0
0.010821119313477267,0.9891788806865227
0.5858265816988231,0.4141734183011768
0.589463655316611,0.410536344683389
0.0,1.0
0.0,1.0
2.5673907444456745e-16,0.9999999999999997
0.08437533811311626,0.915624661886884
0.0,1.0
0.17150789141809727,0.8284921085819027
2.220446049250313e-16,0.9999999999999998
0.3194549037446772,0.6805450962553227
0.07155529025382852,0.9284447097461714
0.5163623594044715,0.48363764059552855
0.6471471145490462,0.3528528854509539
0.09262869676345933,0.9073713032365406
5.551115123125783e-17,1.0
0.4331776901226673,0.5668223098773327
0.5,0.5
0.5,0.5
0.5158858941127038,0.4841141058872961
0.5167133134648615,0.48328668653513873
0.6122323372789009,0.3877676627210991
0.41290875113000625,0.5870912488699938
0.5038615532106347,0.4961384467893653
5.551115123125783e-17,0.9999999999999999
0.50399630254377,0.49600369745623
0.11322195956690652,0.8867780404330935
0.6194559070369626,0.38054409296303743
0.09293610823907221,0.9070638917609279
0.04598941151184126,0.9540105884881587
0.3082073377665397,0.6917926622334604
0.3438626086936904,0.6561373913063097
0.4897217237186944,0.5102782762813056
0.18765276262630398,0.812347237373696
0.6633178761634724,0.3366821238365275
0.34048531840569224,0.6595146815943078
0.0,1.0
0.042496540170598215,0.9575034598294018
0.0,1.0
1.1102230246251565e-16,1.0
0.2750209805274813,0.7249790194725186
0.6019793750924833,0.3980206249075169
0.17199293522101736,0.8280070647789827
0.5,0.5
0.0,1.0
0.3291529132863197,0.6708470867136804
0.2580359122356061,0.741964087764394
0.1197309941225618,0.8802690058774383
0.5159651976237374,0.48403480237626256
5.967448757360216e-16,0.9999999999999994
0.4645932415352387,0.5354067584647613
0.09079481932580659,0.9092051806741934
0.384227991104126,0.615772008895874
0.20664735082283633,0.7933526491771639
0.5159840885839626,0.48401591141603745
0.23326691689681522,0.7667330831031848
0.4282706615916181,0.5717293384083819
0.06594704574429945,0.9340529542557005
0.052382712622848444,0.9476172873771516
0.606321018821389,0.3936789811786107
0.3826705515843736,0.6173294484156265
0.0,1.0
0.5127364252949149,0.4872635747050852
0.5956114127088681,0.4043885872911319
0.0,1.0
0.0,1.0
0.6704394644315267,0.3295605355684734
0.4574297645006392,0.5425702354993608
0.004219212217239824,0.9957807877827601
0.5158865671029724,0.4841134328970276
0.1869539431239084,0.8130460568760917
0.0,1.0
0.14773378836791967,0.8522662116320803
0.5,0.5
0.12676001803609047,0.8732399819639098
1.1102230246251565e-16,0.9999999999999999
0.7075806505011691,0.2924193494988308
0.0,1.0
0.65201444007553,0.34798555992446994
0.5,0.5
0.3816900007096175,0.6183099992903826
0.17206035280379947,0.8279396471962004
0.5459270920448936,0.4540729079551064
0.1448909150944233,0.8551090849055766
0.0,1.0
0.3439588969454703,0.6560411030545297
0.5372803097140518,0.4627196902859481
0.5,0.5
0.41258871142953324,0.5874112885704668
0.813243609032972,0.1867563909670281
0.7284547718954643,0.2715452281045354
0.0,1.0
0.0,1.0
0.3645703964035485,0.6354296035964516
1.1102230246251565e-16,0.9999999999999999
0.6894842679908968,0.3105157320091031
0.0,1.0
0.0,1.0
0.4701633501537177,0.5298366498462822
0.0,1.0
0.5974491299470945,0.40255087005290524
0.4687316773537476,0.5312683226462525
0.5,0.5
0.014994918147881746,0.9850050818521182
0.28965899823469615,0.7103410017653038
0.6673166108012768,0.3326833891987232
1.3877787807814457e-16,1.0
0.5,0.5
0.31250864003108925,0.6874913599689108
0.5571681683983418,0.4428318316016582
0.6605835156169751,0.33941648438302474
0.3166603781282915,0.6833396218717085
2.7755575615628914e-17,1.0
0.5,0.5
0.07529385616012221,0.9247061438398777
0.4742331953716442,0.5257668046283558
0.0,1.0
0.5391668727432753,0.4608331272567247
0.0,1.0
0.0,1.0
0.04572076419537626,0.9542792358046236
2.7755575615628914e-17,1.0
0.8113638103773056,0.1886361896226944
0.4591235608939132,0.5408764391060867
0.520438114647123,0.47956188535287714
1.942890293094024e-16,0.9999999999999999
0.3818214315771175,0.6181785684228827
0.3871652481613213,0.6128347518386786
0.3483555242419243,0.6516444757580757
0.4127482686102568,0.5872517313897432
0.07805648822681835,0.9219435117731816
0.6456864726287339,0.35431352737126603
0.0,1.0
0.4923546941783582,0.5076453058216421
1.1102230246251565e-16,1.0
0.46049963620305084,0.5395003637969493
0.3302191346883774,0.6697808653116226
0.0,1.0
0.3439771470096874,0.6560228529903126
0.06895297866417487,0.9310470213358251
0.5396078131037817,0.46039218689621836
0.3419967437764827,0.6580032562235173
0.6340090755995189,0.3659909244004808
0.4281002011328989,0.5718997988671012
0.5707376617340734,0.4292623382659265
0.0,1.0
0.5124096370990611,0.4875903629009389
2.7755575615628914e-17,1.0
0.0784199968834812,0.9215800031165189
0.6626179293276692,0.3373820706723308
0.6478346105054821,0.3521653894945179
0.22930530594003593,0.7706946940599642
0.20637308040580854,0.7936269195941915
0.1552593697487975,0.8447406302512025
0.5942915599032487,0.40570844009675155
0.4801491714817719,0.5198508285182281
0.043442203867310035,0.95655779613269
0.40389578991573627,0.5961042100842636
0.5761738524556476,0.4238261475443523
0.13929960814318418,0.860700391856816
0.3873774113843923,0.6126225886156076
0.5,0.5
0.5843036372722682,0.4156963627277318
0.4042637180987879,0.5957362819012121
0.5156839917732907,0.48431600822670917
0.0,1.0
0.06163659580691574,0.9383634041930842
0.5573523554254006,0.44264764457459943
0.6976986797938163,0.3023013202061837
0.07763590175313129,0.9223640982468687
0.0,1.0
0.6496235997247328,0.3503764002752671
0.6784155189547171,0.32158448104528276
0.2578795637538389,0.742120436246161
0.0569954879981193,0.9430045120018807
5.551115123125783e-17,1.0
0.36346858847242136,0.6365314115275787
0.5203770822361113,0.47962291776388866
0.4015691533090614,0.5984308466909386
0.17212664188265223,0.8278733581173475
0.04927209564063977,0.9507279043593604
0.4044589806091338,0.5955410193908663
0.0,1.0
5.551115123125783e-17,1.0
0.32466644048690807,0.6753335595130919
0.0,1.0
0.5373867333091732,0.4626132666908268
0.03184403350776596,0.9681559664922341
0.0,1.0
0.40958162081667737,0.5904183791833226
0.11476765692018656,0.8852323430798135
0.6560588243974724,0.34394117560252757
2.498001805406602e-16,0.9999999999999999
0.5614647889015679,0.43853521109843197
0.0,1.0
0.12596670043557343,0.8740332995644267
0.25797951423018306,0.7420204857698168
0.17189207346993302,0.828107926530067
0.5002139580985532,0.49978604190144693
0.6665265712862718,0.3334734287137282
0.5336578514818314,0.46634214851816863
0.3007211841730099,0.69927881582699
0.43256607448644346,0.5674339255135564
0.6905298170790084,0.3094701829209916
0.6168170872021097,0.38318291279789035
0.674514161454788,0.325485838545212
0.6029262351578606,0.3970737648421394
0.5988862796613638,0.4011137203386363
0.2472113671105889,0.7527886328894113
0.416700595697092,0.5832994043029079
0.0,1.0
0.4685693178589356,0.5314306821410644
1.1102230246251565e-16,1.0
0.6474569047992905,0.35254309520070926
0.549869387779232,0.4501306122207681
1.5265566588595902e-16,1.0
0.5715457704742365,0.42845422952576356
0.4126661275558241,0.5873338724441759
0.0,1.0
0.5540157666099742,0.44598423339002563
0.3187717106193305,0.6812282893806696
2.7755575615628914e-17,1.0
0.037559162492594764,0.9624408375074053
5.551115123125783e-17,1.0
0.0,1.0
0.5846988301102768,0.41530116988972304
0.5,0.5
0.0,1.0
0.49682986526453526,0.5031701347354648
0.06545339120735927,0.9345466087926406
0.6265538137912555,0.3734461862087445
0.5343765314564168,0.4656234685435833
0.7665815896190177,0.23341841038098257
0.6283866922879886,0.37161330771201156
0.20638840252060567,0.7936115974793942
0.12097089327024765,0.8790291067297522
0.5,0.5
0.6509683919973209,0.34903160800267896
0.0,1.0
0.0362855316696706,0.9637144683303293
0.5467352555262618,0.4532647444737384
0.40052429586648974,0.5994757041335103
0.6910300627048617,0.30896993729513833
0.5109786664603434,0.4890213335396563
0.0,1.0
0.0,1.0
0.5775573208931237,0.4224426791068764
1.1102230246251565e-16,1.0
0.5000463578850031,0.49995364211499693
0.0,1.0
0.10701170978784387,0.8929882902121563
0.6098377195620203,0.39016228043797974
0.07749658876881993,0.9225034112311801
0.650753115252334,0.3492468847476659
2.914335439641036e-16,0.9999999999999998
0.5499386062801628,0.4500613937198373
0.42607741223253076,0.5739225877674691
0.5,0.5
0.47787950115348893,0.522120498846511
4.440892098500626e-16,0.9999999999999996
0.5071354376061615,0.4928645623938384
0.6957017339779484,0.3042982660220517
0.006389351583171553,0.9936106484168286
0.6048191562877074,0.3951808437122926
0.689379096010378,0.3106209039896221
0.5,0.5
0.5,0.5
0.013079600949417484,0.9869203990505826
0.5463309163595915,0.4536690836404085
0.32911480416765565,0.6708851958323445
0.6307698463854171,0.36923015361458283
0.20629661285528422,0.7937033871447158
0.5,0.5
0.5611899178899288,0.4388100821100711
4.098284211995207e-17,0.9999999999999999
0.052859406406372884,0.9471405935936272
0.0,1.0
0.0,1.0
5.551115123125783e-17,1.0
0.434630030400902,0.5653699695990979
4.718447854656915e-16,0.9999999999999996
0.0,1.0
0.07782054692506785,0.9221794530749321
0.5541335776998625,0.4458664223001375
0.3993728794002528,0.600627120599747
0.5995248505819913,0.40047514941800866
0.5,0.5
0.17095713909179933,0.8290428609082007
0.03368091300736971,0.9663190869926302
1.6653345369377348e-16,0.9999999999999998
0.6484942631570431,0.3515057368429568
0.47578776693729097,0.5242122330627089
0.0,1.0
0.0,1.0
0.6151875058739749,0.38481249412602525
0.4127482686102568,0.5872517313897432
0.7616743484140294,0.23832565158597074
0.49449452739157923,0.5055054726084206
0.5384445692203745,0.46155543077962546
0.4175633390073303,0.5824366609926697
0.0,1.0
1.3877787807814457e-17,1.0
0.02727259356264866,0.9727274064373513
0.20637751080664815,0.7936224891933518
0.5,0.5
0.5728817113161008,0.42711828868389906
2.7755575615628914e-17,1.0
0.10929681698557922,0.8907031830144206
0.35964799299836164,0.6403520070016384
0.5391895986406816,0.46081040135931844
0.5612428355186257,0.4387571644813743
5.551115123125783e-17,1.0
2.7755575615628914e-17,0.9999999999999999
0.5279439397721097,0.4720560602278902
0.052494713040393125,0.9475052869596068
0.5,0.5
3.0531133177191805e-16,0.9999999999999997
0.14945873177995142,0.8505412682200484
0.6695665697786921,0.33043343022130806
0.0115055785922368,0.9884944214077632
0.5839959327430426,0.4160040672569574
0.023739082880518677,0.9762609171194814
0.3440987808095117,0.6559012191904883
0.46283130830911723,0.5371686916908828
2.7755575615628914e-16,0.9999999999999998
0.0337922965293684,0.9662077034706315
0.0,1.0
1.1102230246251565e-16,0.9999999999999998
0.5,0.5
0.017943018380802478,0.9820569816191975
0.5,0.5
0.5835956473417293,0.41640435265827064
0.5,0.5
0.588129985438888,0.4118700145611122
0.6531808122690397,0.34681918773096027
0.0,1.0
0.0,1.0
0.5300317561693327,0.4699682438306674
0.22716360911482242,0.7728363908851777
0.0,1.0
0.050802622436025555,0.9491973775639744
0.46523398145855616,0.5347660185414439
0.757407672878161,0.24259232712183892
0.5565407772902264,0.4434592227097736
0.39368454447609463,0.6063154555239054
0.2063771536365621,0.7936228463634379
0.543881477813291,0.45611852218670906
5.551115123125783e-17,1.0
3.608224830031759e-16,0.9999999999999997
0.4285153393782701,0.57148466062173
0.17190763735130912,0.8280923626486908
0.49696128949699064,0.5030387105030094
0.04531563161914134,0.9546843683808588
0.6642577698387819,0.3357422301612178
0.38947632368006124,0.6105236763199386
0.48576790794420216,0.5142320920557978
0.14750432808555122,0.8524956719144489
0.5549332155280869,0.4450667844719131
0.050628836018566,0.9493711639814341
0.044797015628328,0.9552029843716721
0.056413821643658574,0.9435861783563413
0.0,1.0
0.5849214761789792,0.415078523821021
1.3877787807814457e-16,0.9999999999999999
0.07783022301856778,0.9221697769814323
0.20393671146971792,0.796063288530282
0.5047082208254298,0.49529177917457023
0.5,0.5
0.20637203370884122,0.7936279662911588
0.5155815877572222,0.48441841224277776
2.5673907444456745e-16,0.9999999999999997
1.6653345369377348e-16,0.9999999999999998
0.0,1.0
0.5,0.5
0.2352463591122806,0.7647536408877195
0.45820816777122736,0.5417918322287728
0.10338722729951215,0.8966127727004879
0.01235474690743484,0.9876452530925652
0.6202897499965144,0.37971025000348574
0.41445099562406545,0.5855490043759346
0.5,0.5
0.25937764511317024,0.7406223548868297
0.17197831161881208,0.828021688381188
0.0663785312669424,0.9336214687330577
0.4819924210494175,0.5180075789505827
2.7755575615628914e-17,0.9999999999999999
0.34397180197541577,0.6560281980245842
0.5,0.5
0.17919807669270083,0.8208019233072992
0.5,0.5
0.649823847075503,0.35017615292449694
0.7754110528510468,0.22458894714895325
0.0,1.0
9.020562075079397e-17,1.0
5.551115123125783e-17,1.0
0.22621772534894824,0.7737822746510516
0.7239122421230663,0.2760877578769338
0.35888556472962874,0.6411144352703712
0.0,1.0
0.254165419090621,0.745834580909379
0.3426586971257328,0.6573413028742672
0.1292988964713535,0.8707011035286466
0.5406672838913532,0.4593327161086469
0.6825527101532872,0.31744728984671267
0.5,0.5
0.4325624069095022,0.5674375930904979
0.4563640211916414,0.5436359788083588
0.3545408770442008,0.6454591229557992
0.18654285279865104,0.8134571472013488
0.551494572322678,0.44850542767732204
0.11697752756673765,0.8830224724332622
0.048181098601306746,0.9518189013986934
0.585392781650643,0.4146072183493569
0.0,1.0
0.5,0.5
0.47494711258255834,0.5250528874174417
0.05286013267871731,0.9471398673212827
0.6929801973226177,0.30701980267738216
0.6512229451010227,0.34877705489897715
0.0,1.0
0.5,0.5
0.5886298292198688,0.41137017078013133
5.551115123125783e-17,0.9999999999999999
0.7404238474213947,0.2595761525786056
0.5555571788606644,0.44444282113933564
0.45131324143621104,0.5486867585637891
0.5145932457758163,0.4854067542241836
0.40469977087462156,0.5953002291253784
0.3425692828653864,0.6574307171346133
0.08550555112369201,0.914494448876308
0.7156789561215842,0.2843210438784158
0.3601567488580801,0.6398432511419201
0.5,0.5
0.6607976063568117,0.33920239364318827
5.273559366969494e-16,0.9999999999999994
0.601766340694984,0.3982336593050161
0.6357396618161351,0.36426033818386483
0.5,0.5
0.012243784603084356,0.9877562153969156
0.6206907993986914,0.37930920060130846
0.4043630412852632,0.5956369587147368
0.34504215539325334,0.6549578446067468
1.1102230246251565e-16,0.9999999999999998
0.6166780891234972,0.38332191087650286
0.14329958988326574,0.8567004101167341
2.7755575615628914e-17,1.0
0.0,1.0
0.20252231957875041,0.7974776804212497
1.1102230246251565e-16,1.0
0.0,1.0
3.95516952522712e-16,0.9999999999999996
0.5271763754978259,0.4728236245021744
1.1102230246251565e-16,1.0
0.5158005144108907,0.4841994855891093
0.5162096003651372,0.48379039963486287
0.0,1.0
0.5,0.5
0.39466636147521994,0.6053336385247798
0.5,0.5
0.0,1.0
1.1102230246251565e-16,0.9999999999999999
0.17193663107733495,0.8280633689226651
0.0,1.0
0.5159031125857181,0.48409688741428186
5.551115123125783e-17,1.0
0.09823928442125769,0.9017607155787423
0.12913752721576893,0.8708624727842311
0.6545265816538678,0.34547341834613216
0.5652000207566156,0.4347999792433842
0.41261285625500144,0.5873871437449982
0.3855360410505372,0.6144639589494627
1.1102230246251565e-16,0.9999999999999999
0.641586679464524,0.35841332053547603
0.0,1.0
0.452013096836023,0.5479869031639768
0.3430124160405442,0.6569875839594558
0.0,1.0
0.6687896123017341,0.331210387698266
0.5452508466463599,0.45474915335364
0.5416936420292977,0.4583063579707023
0.5299903285046835,0.4700096714953164
0.5159371991211233,0.4840628008788767
0.34185173054305507,0.6581482694569449
0.4043883783683546,0.5956116216316454
0.0,1.0
0.48098262697290817,0.5190173730270916
1.457167719820518e-16,0.9999999999999998
0.5755999525774668,0.4244000474225331
0.5824552482286132,0.41754475177138667
0.5155815818294474,0.48441841817055264
0.5469015834837538,0.45309841651624627
0.4973698173468454,0.5026301826531546
0.5691363548526615,0.43086364514733877
0.0,1.0
0.31940422126284673,0.6805957787371532
0.0,1.0
0.44958921935497376,0.5504107806450265
0.5,0.5
0.3015398438999227,0.6984601561000773
0.5896693451684991,0.4103306548315007
0.40995197283241464,0.5900480271675855
0.39938391413240276,0.6006160858675974
0.0776209063580382,0.9223790931980637
0.6988079662102272,0.30119203378977266
0.5578469263676586,0.4421530736323413
0.41275331888719596,0.5872466811128042
0.5,0.5
0.0,1.0
0.0,1.0
0.35259339068678486,0.6474066093132151
0.3437164816042817,0.6562835183957185
0.09007728981024644,0.9099227101897536
2.7755575615628914e-17,1.0
0.5649871984431848,0.43501280155681493
0.0013725078302148758,0.9986274921697851
0.5028038230670385,0.4971961769329615
0.363634567078319,0.6363654329216809
0.1874877032400276,0.8125122967599724
0.6029460622913138,0.3970539377086863
0.5888880036239955,0.4111119963760045
0.6917015439321115,0.30829845606788847
0.3286573093894117,0.6713426906105884
0.34410960026090925,0.6558903997390907
5.551115123125783e-17,1.0
7.28583859910259e-17,1.0
0.3166603781282915,0.6833396218717085
5.551115123125783e-17,1.0
0.5153545504860988,0.4846454495139013
0.25797437065533274,0.7420256293446673
0.15854944865454831,0.8414505513454518
0.0,1.0
0.0,0.9999999999999999
0.004840138662331389,0.9951598613376688
3.194059600142296e-16,0.9999999999999997
0.2097289406229093,0.7902710593770907
8.326672684688674e-17,1.0
0.6449977162487057,0.35500228375129445
6.83481049534862e-16,0.9999999999999993
0.5970021410060702,0.40299785899392976
0.6572926847858074,0.3427073152141926
0.4988880544840285,0.5011119455159715
0.32265996068942926,0.6773400393105706
0.4153541103042611,0.5846458896957388
4.440892098500626e-16,0.9999999999999996
0.5,0.5
0.20637023844139055,0.7936297615586094
0.07597781883746202,0.9240221811625378
0.487261911375407,0.512738088624593
0.5064565371721983,0.4935434628278017
0.6758065064332158,0.3241934935667842
2.7755575615628914e-17,1.0
0.5305673847636977,0.4694326152363026
0.6179387466321202,0.3820612533678796
0.4242238861481728,0.5757761138518273
0.382158266100747,0.6178417338992529
0.379179275310928,0.620820724689072
0.20716629586104188,0.7928337041389582
0.5206721589400373,0.4793278410599627
0.41095366888507034,0.5890463311149297
0.6406343775536707,0.3593656224463292
0.5995371782625143,0.4004628217374856
0.0,1.0
1.1102230246251565e-16,1.0
0.5207027481435013,0.4792972518564987
0.007586397230625375,0.9924136027693746
0.39950659232143826,0.6004934076785617
0.44637189496351765,0.5536281050364823
0.49988428768840687,0.5001157123115931
0.5160841452629282,0.4839158547370718
0.7239886376833545,0.2760113623166455
0.0,1.0
0.0,1.0
0.6372786572016877,0.36272134279831225
0.5,0.5
0.6087138657729319,0.3912861342270682
0.0,1.0
0.38685648807910483,0.6131435119208951
0.7285213434199777,0.27147865658002235
0.6023651578610786,0.39763484213892153
0.20642012952013258,0.7935798704798673
0.1720048458634259,0.8279951541365741
0.30084601011996837,0.6991539898800317
0.013076204016595554,0.9869237959834043
0.5386486153981498,0.46135138460185016
0.6341328170109947,0.3658671829890051
0.25767533356000344,0.7423246664399964
2.220446049250313e-16,0.9999999999999998
0.11794689831095448,0.8820531016890454
0.1087151646449609,0.8912848353550391
0.02358293303583224,0.9764170669641679
0.658636971751731,0.3413630282482692
0.0033058693398371765,0.9966941306601628
0.5160312180493377,0.48396878195066223
0.47666330461699663,0.5233366953830034
0.5,0.5
0.5703690880061798,0.42963091199382003
5.551115123125783e-17,1.0
0.5588340074062869,0.4411659925937131
0.6969736251779819,0.3030263748220181
0.0,1.0
1.0408340855860843e-16,0.9999999999999998
0.40315452936546864,0.5968454706345313
0.62598422547099,0.37401577452901014
0.512887979101811,0.48711202089818867
0.7148107402424094,0.28518925975759046
0.49619479765423113,0.5038052023457689
0.5,0.5
0.2579890736620913,0.7420109263379088
0.3613484152998054,0.6386515847001946
0.5160841452629282,0.4839158547370718
0.6297611324993099,0.37023886750069007
0.6149365600948273,0.38506343990517256
0.0,1.0
0.2063711431854627,0.7936288568145373
1.6653345369377348e-16,0.9999999999999998
0.0,1.0
0.0,1.0
0.7217867560867401,0.27821324391325986
0.4044425645985382,0.5955574354014618
0.06282698154382634,0.9371730184561737
0.6419149693807003,0.35808503061929986
0.0,1.0
0.0,1.0
4.440892098500626e-16,0.9999999999999996
0.0,1.0
2.0469737016526324e-16,0.9999999999999998
0.7010344129912031,0.29896558700879705
3.3306690738754696e-16,0.9999999999999998
0.5,0.5
0.6566594398322898,0.3433405601677101
0.3545279670506716,0.6454720329493284
0.0,1.0
0.5378123798404579,0.4621876201595421
0.0,1.0
0.5224299766123291,0.47757002338767085
0.12897661785534836,0.8710233821446517
0.0,1.0
0.20648142220912474,0.7935185777908753
0.4854433439154303,0.5145566560845696
2.7755575615628914e-17,1.0
0.48473974428423056,0.5152602557157694
0.5,0.5
1.1102230246251565e-16,1.0
1.3877787807814457e-16,0.9999999999999998
0.0,1.0
0.5,0.5
0.5,0.5
0.5863779662771049,0.41362203372289513
0.20988201166151155,0.7901179883384882
0.5647862731755038,0.43521372682449627
1.1102230246251565e-16,0.9999999999999999
0.33247679250676915,0.6675232074932308
0.6280163230804661,0.37198367691953405
2.7755575615628914e-16,0.9999999999999998
0.07006189388231439,0.9299381061176857
1.1102230246251565e-16,1.0
0.032391387540750084,0.96760861245925
0.2537095298185114,0.7462904701814886
0.013048682361840591,0.9869513176381594
0.635085311460069,0.36491468853993114
0.14165103247843513,0.8583489675215649
0.0,1.0
0.5159533203742952,0.48404667962570475
0.0,1.0
0.5934528423271814,0.40654715767281846
0.5740832448683844,0.4259167551316158
0.4422289640711408,0.5577710359288592
0.0,1.0
0.11674717023477775,0.8832528297652222
0.3842670032728025,0.6157329967271975
5.551115123125783e-17,1.0
0.021035536265808803,0.9789644637341911
0.37489744846846984,0.6251025515315302
0.5544626920454823,0.44553730795451774
0.28950157768296136,0.7104984223170387
0.49885191435675397,0.501148085643246
0.6322260723954519,0.367773927604548
0.6263449876582758,0.37365501234172405
0.0,1.0
0.7115589838543731,0.28844101614562684
1.942890293094024e-16,0.9999999999999999
0.3842435288184119,0.6157564711815882
0.22843851830465298,0.771561481695347
0.23325863457643253,0.7667413654235675
0.6035137229140312,0.3964862770859687
0.08558918675065673,0.9144108132493435
0.6681570039445494,0.3318429960554506
0.5709654554472587,0.4290345445527412
5.551115123125783e-17,1.0
0.5,0.5
0.41330663428567394,0.5866933657143261
5.551115123125783e-17,1.0
0.7643041165452238,0.23569588345477627
0.5,0.5
0.5113559617178379,0.488644038282162
0.5909372807537265,0.4090627192462736
0.4598701304448862,0.5401298695551138
0.6632551628318867,0.3367448371681133
0.256347960618593,0.7436520393814072
0.0,1.0
0.6039630460774666,0.39603695392253324
5.551115123125783e-17,0.9999999999999999
0.0,1.0
0.0,1.0
1.3877787807814457e-16,0.9999999999999998
0.36798046363596704,0.632019536364033
0.0,1.0
0.6466606460775876,0.3533393539224126
0.5160841452629282,0.4839158547370718
0.412648463855443,0.587351536144557
0.2948158213854847,0.7051841786145153
2.498001805406602e-16,0.9999999999999997
0.5,0.5
0.5758627176852105,0.42413728231478964
0.4416293573801583,0.5583706426198416
1.1102230246251565e-16,1.0
0.1936120491624319,0.8063879508375681
1.1102230246251565e-16,1.0
5.551115123125783e-17,1.0
0.5,0.5
0.5,0.5
0.0,1.0
0.0,1.0
4.996003610813204e-16,0.9999999999999996
0.41986157000064844,0.5801384299993515
0.5160841452629282,0.4839158547370718
0.0,1.0
1.0408340855860843e-16,1.0
0.5352137404564774,0.4647862595435226
0.47200272806997856,0.5279972719300213
0.56501807897756,0.4349819210224402
0.19801365752829747,0.8019863424717025
0.14737971144179873,0.8526202885582013
0.5321779403069521,0.4678220596930479
0.025076255388689163,0.9749237446113108
0.542307754592035,0.457692245407965
0.5,0.5
0.0,1.0
0.5620866120591748,0.4379133879408251
0.5,0.5
0.0,1.0
0.5753616514175373,0.42463834858246285
0.4109154090014047,0.5890845909985949
5.551115123125783e-17,0.9999999999999999
0.002988977776006704,0.9970110222239934
0.4422115538624484,0.5577884461375515
0.06844856953578252,0.9315514304642174
0.628838497352518,0.3711615026474817
1.1102230246251565e-16,1.0
0.0,1.0
0.573882115353896,0.42611788464610395
0.5538603201017982,0.4461396798982016
0.011719225507376115,0.9882807744926239
0.5169086724695267,0.48309132753047346
0.5942706393048942,0.40572936069510573
0.5373644713652188,0.462635528634781
0.5467980831739807,0.45320191682601924
0.5288728793650719,0.47112712063492806
0.4342706462621292,0.5657293537378708
0.5320871229886048,0.46791287701139517
0.06756354445737285,0.932436455542627
0.6879025452766077,0.3120974547233923
0.6163108862127468,0.3836891137872532
0.33463114363274,0.66536885636726
0.5277423581174402,0.47225764188255986
0.0,1.0
1.1102230246251565e-16,1.0
0.7491749585040058,0.2508250414959942
0.09370499947258072,0.9062950005274193
0.4687245786190033,0.5312754213809967
0.0,1.0
1.5265566588595902e-16,1.0
5.551115123125783e-17,1.0
0.7095054099200093,0.2904945900799906
0.0,1.0
0.6711535888674157,0.32884641113258434
4.163336342344337e-17,1.0
0.6425453808005432,0.3574546191994564
0.3215873471513447,0.6784126528486554
6.626643678231403e-16,0.9999999999999993
0.0,1.0
0.4100048109411159,0.589995189058884
0.29482616283013624,0.7051738371698636
5.551115123125783e-17,1.0
0.6229957932092774,0.3770042067907225
0.15742061894432835,0.8425793810556715
0.2064316913306666,0.7935683086693333
1.6653345369377348e-16,0.9999999999999998
0.5327782149115708,0.4672217850884293
0.12886283466157067,0.8711371653384293
0.38035928293608945,0.6196407170639106
0.0,1.0
0.6407686167411295,0.3592313832588706
0.3439918769124703,0.6560081230875296
0.2820543618962868,0.7179456381037129
0.3166603781282915,0.6833396218717085
1.1102230246251565e-16,1.0
0.6318090553646818,0.3681909446353186
1.6653345369377348e-16,0.9999999999999998
0.6581328172585018,0.3418671827414982
0.5571740146872288,0.4428259853127711
0.013157933249471796,0.9868420667505283
0.4347000834048611,0.5652999165951392
1.6653345369377348e-16,1.0
0.5,0.5
0.2063926069243826,0.7936073930756175
0.0,1.0
0.01834999498881822,0.9816500050111817
0.1703925791262293,0.8296074208737707
0.392208859433231,0.607791140566769
0.722101414021781,0.2778985859782193
0.6470945561135799,0.3529054438864199
0.2577829525602037,0.7422170474397964
0.343945622082591,0.6560543779174091
0.4573150451347793,0.5426849548652208
0.5648757488741217,0.4351242511258781
0.5,0.5
0.789783366125229,0.21021663387477094
0.3194301423372596,0.6805698576627405
0.45169765582278376,0.5483023441772161
0.0,1.0
0.435745588669305,0.564254411330695
8.326672684688674e-17,0.9999999999999999
0.0,1.0
0.60209675524666,0.39790324475334016
0.20637308040580854,0.7936269195941915
0.0,1.0
0.16629339956052508,0.833706600439475
0.0,1.0
0.22991738714196133,0.7700826128580386
0.5562917345220921,0.4437082654779079
0.4430074577420803,0.5569925422579198
0.5728630589390145,0.42713694106098554
0.0,1.0
5.551115123125783e-17,1.0
0.7421448597076903,0.2578551402923099
0.4070942968925962,0.5929057031074038
0.6844902090835918,0.31550979091640813
0.56620741503146,0.4337925849685399
0.5276573254100929,0.47234267458990714
0.3440571143827987,0.6559428856172013
0.343957773901342,0.6560422260986579
0.0,1.0
0.5250670321194103,0.47493296788058975
0.687905386016356,0.3120946139836441
0.5699360255534286,0.4300639744465715
0.40070145000078444,0.5992985499992155
0.0,1.0
0.47542758834868065,0.5245724116513193
3.3306690738754696e-16,0.9999999999999998
0.5,0.5
2.7755575615628914e-17,1.0
2.7755575615628914e-17,1.0
0.3471519358506752,0.6528480641493246
1.1102230246251565e-16,1.0
0.0,1.0
0.5,0.5
0.006738242646099928,0.9932617573539
0.5635716817131479,0.436428318286852
0.06306472919345393,0.936935270806546
0.0810117259172776,0.9189882740827224
0.052877645780319615,0.9471223542196803
1.1102230246251565e-16,1.0
0.36199170816689735,0.6380082918331027
0.0,1.0
0.0,1.0
0.5155901244429846,0.4844098755570154
0.6943115751671368,0.3056884248328634
0.020194347738182912,0.9798056522618172
0.3762416765937029,0.623758323406297
0.0,1.0
0.6376481951804476,0.3623518048195525
0.4727929399177646,0.5272070600822355
8.326672684688674e-17,1.0
0.5160435949254818,0.48395640507451837
0.06228239062920884,0.9377176093707912
0.3438313516662848,0.6561686483337151
0.3821285353404477,0.6178714646595522
0.6976956670824257,0.30230433291757447
2.7755575615628914e-16,0.9999999999999998
0.5,0.5
0.3182075508870579,0.6817924491129421
0.2332703074196814,0.7667296925803186
0.11632506481871284,0.883674935181287
0.11822274865626672,0.8817772513437333
0.46768277492543614,0.532317225074564
7.216449660063518e-16,0.9999999999999992
0.0,1.0
0.5549637707166545,0.4450362292833455
0.3295745928536914,0.6704254071463087
0.07760266961604473,0.9223973303839553
0.1472736208577103,0.8527263791422897
0.5,0.5
0.5373470176134147,0.4626529823865853
3.3306690738754696e-16,0.9999999999999998
0.3721521155314123,0.6278478844685877
0.6369784221581755,0.3630215778418245
0.6641451319408529,0.33585486805914716
0.3633996098623565,0.6366003901376435
0.5,0.5
0.6503659584086193,0.3496340415913808
1.1102230246251565e-16,1.0
0.3439858580000689,0.6560141419999311
0.0,1.0
0.007455526578888512,0.9925444734211115
0.0,1.0
0.6932558353067149,0.30674416469328497
5.551115123125783e-17,1.0
0.5158585880829568,0.48414141191704324
0.5232701204646213,0.4767298795353787
0.4043973959554024,0.5956026040445976
0.4041235524379468,0.5958764475620533
0.6120088680121111,0.3879911319878888
0.5922847318489555,0.40771526815104436
0.4225546522176344,0.5774453477823658
0.6245918743752555,0.37540812562474424
0.0,1.0
0.0,1.0
0.7267913244911925,0.27320867550880745
0.09576057346366777,0.9042394265363323
0.6762738148625129,0.32372618513748724
0.24484762101020718,0.7551523789897929
2.7755575615628914e-16,0.9999999999999998
0.5,0.5
0.6029460622913138,0.3970539377086863
0.1291404217449195,0.8708595782550805
1.1102230246251565e-16,0.9999999999999999
0.44369710061069667,0.5563028993893033
0.5,0.5
0.0,1.0
0.32966872432695,0.6703312756730501
2.220446049250313e-16,0.9999999999999998
0.6959171396503574,0.3040828603496425
0.36345987762163207,0.636540122378368
7.216449660063518e-16,0.9999999999999992
5.551115123125783e-17,0.9999999999999999
3.95516952522712e-16,0.9999999999999996
0.0,1.0
0.26413139727449997,0.7358686027254998
8.326672684688674e-17,1.0
0.575636268099006,0.42436373190099386
1.6653345369377348e-16,0.9999999999999998
0.4041485614900891,0.595851438509911
0.5482654494541547,0.4517345505458453
0.6798513421924639,0.32014865780753604
0.6405843804178829,0.35941561958211693
0.41865054241499156,0.5813494575850087
0.4079741202708202,0.5920258797291796
0.18800284419884275,0.8119971558011573
0.5828958981772665,0.4171041018227335
0.37985053296494853,0.6201494670350514
0.6780959479225549,0.3219040520774451
0.003310605829257975,0.9966893941707422
0.5735755216884575,0.42642447831154245
0.4096868652387177,0.5903131347612824
0.015472294928590194,0.98452770507141
0.4250726249466438,0.5749273750533563
0.4044489729058464,0.5955510270941536
0.5341456958594376,0.46585430414056234
0.8681246954225951,0.13187530457740496
0.344043659630908,0.6559563403690919
0.2539353085884164,0.7460646914115836
0.660775457438983,0.3392245425610171
0.5504845824656374,0.44951541753436264
0.0,1.0
0.33034181222319603,0.669658187776804
0.15248152250520677,0.8475184774947933
0.5510997416330927,0.4489002583669072
0.5,0.5
0.5686678025696016,0.4313321974303982
1.3877787807814457e-16,0.9999999999999999
0.5,0.5
1.3877787807814457e-16,0.9999999999999998
0.43999770988025655,0.5600022901197436
0.6592068153026062,0.3407931846973941
0.6463117787937811,0.35368822120621896
0.4496396887586234,0.5503603112413767
0.7203342264859236,0.27966577351407623
0.5642561581612389,0.4357438418387612
3.452099717193846e-16,0.9999999999999997
0.5,0.5
0.09218972690154745,0.9078102730984523
0.47415800831660987,0.5258419916833901
0.35478622652590275,0.6452137734740973
0.6147882364115453,0.38521176358845444
0.5,0.5
0.14818497175558307,0.851815028244417
0.09559070884215422,0.9044092911578459
0.6016355167779608,0.3983644832220393
0.5,0.5
0.027367670334366885,0.9726323296656332
2.7755575615628914e-17,1.0
0.6942713952764361,0.305728604723564
0.5455960109829902,0.4544039890170099
0.0,1.0
0.31818742703946495,0.6818125729605352
1.1102230246251565e-16,1.0
0.4439776571266751,0.556022342873325
0.6315407924648679,0.3684592075351319
0.6362242724285988,0.36377572757140125
7.216449660063518e-16,0.9999999999999992
1.6653345369377348e-16,0.9999999999999998
0.627333971966475,0.3726660280335251
0.5629119095917902,0.43708809040821
0.6415894471472667,0.35841055285273327
0.6103637500484297,0.38963624995157026
0.6875871047445404,0.3124128952554594
0.11702978000181803,0.8829702199981819
0.5118510548468018,0.48814894515319834
0.19814257800848062,0.8018574219915194
0.625652896233588,0.37434710376641195
0.5,0.5
5.551115123125783e-17,1.0
0.18836950973495556,0.8116304902650446
0.6577978713148573,0.3422021286851429
0.6787891399125904,0.32121086008740973
0.5,0.5
0.6545820564623699,0.34541794353763006
0.2580089103967083,0.7419910896032916
0.5,0.5
0.2058820882156963,0.7941179117843038
0.02706130923048686,0.9729386907695131
0.6881150551174077,0.31188494488259233
0.6097029772162109,0.3902970227837893
0.5,0.5
0.5971164072930265,0.4028835927069731
5.551115123125783e-17,1.0
0.365684019204426,0.6343159807955739
0.5,0.5
0.6057129708759087,0.3942870291240912
0.476815608401023,0.5231843915989773
0.43414023724758516,0.565859762752415
0.0,1.0
0.5688467130397485,0.43115328696025157
4.996003610813204e-16,0.9999999999999996
0.6115306900256839,0.38846930997431606
0.544322333742616,0.455677666257384
0.5,0.5
0.4281537087228691,0.5718462912771307
0.6470743037135593,0.3529256962864407
8.326672684688674e-17,0.9999999999999999
0.20644638813977947,0.7935536118602206
0.5,0.5
0.6773987844637653,0.32260121553623466
5.551115123125783e-17,0.9999999999999999
0.0,1.0
0.257637322793412,0.742362677206588
0.0,1.0
0.0,1.0
5.551115123125783e-17,1.0
0.27768106955120014,0.7223189304487998
2.7755575615628914e-16,0.9999999999999998
0.5439370306335682,0.4560629693664318
0.42179207503795624,0.5782079249620438
0.23326690075007372,0.7667330992499263
0.4550130709052142,0.5449869290947857
1.1102230246251565e-16,1.0
0.0,1.0
0.5650475054344322,0.4349524945655679
0.2063771877508114,0.7936228122491886
0.6307551100189065,0.3692448899810935
6.938893903907228e-17,0.9999999999999999
0.573660477854665,0.42633952214533494
0.5203879273723983,0.4796120726276017
0.5229921827699104,0.47700781723008967
2.7755575615628914e-17,1.0
0.18497554435634983,0.81502445564365
0.07891386101008872,0.9210861389899113
0.10933181652489982,0.8906681834751
0.7125609378005511,0.28743906219944887
0.5764809250576164,0.4235190749423836
0.5165551433817741,0.48344485661822584
0.5,0.5
0.4943043598334905,0.5056956401665095
1.1102230246251565e-16,0.9999999999999999
0.4463335987098467,0.5536664012901532
0.5,0.5
0.6389223209452338,0.36107767905476607
5.204170427930421e-17,0.9999999999999999
4.996003610813204e-16,0.9999999999999996
0.0,1.0
0.029287603024345212,0.9707123969756549
0.5265969062382664,0.4734030937617335
0.3439430287454657,0.6560569712545343
0.0687524965878773,0.9312475034121225
0.25804826962710303,0.7419517303728969
0.5103366405446401,0.4896633594553599
0.8696816461502461,0.13031835384975377
0.5,0.5
0.5887656066389391,0.41123439336106093
5.551115123125783e-17,1.0
0.010850299677232198,0.9891497003227679
0.5508909061395149,0.44910909386048514
0.6351483323615892,0.36485166763841076
0.0,1.0
2.7755575615628914e-17,1.0
0.0,1.0
2.7755575615628914e-16,0.9999999999999998
0.042086767108945176,0.9579132328910548
0.5979567895147612,0.4020432104852388
0.48176273943509,0.5182372605649103
5.551115123125783e-17,1.0
0.5,0.5
0.5915998712721394,0.4084001287278605
0.5683940506220617,0.431605949377938
0.5396354145548994,0.4603645854451007
0.013012904179799587,0.9869870958202004
0.24907124406654663,0.7509287559334535
0.40052429586648974,0.5994757041335103
0.02988292915979077,0.9701170708402094
0.0,1.0
0.45432737388274536,0.5456726261172543
0.34411139367951893,0.6558886063204812
0.5651802783923702,0.4348197216076301
0.5878932205741366,0.41210677942586343
0.14513330166600744,0.8548666983339924
0.15286797541606958,0.8471320245839304
0.5586253287540122,0.44137467124598784
5.551115123125783e-17,1.0
0.5501012429905925,0.44989875700940757
1.1102230246251565e-16,1.0
0.569386892567897,0.43061310743210307
0.4289115842935904,0.5710884157064097
0.031397575806664184,0.9686024241933358
0.6883528317268496,0.3116471682731506
0.5,0.5
0.534431721762115,0.465568278237885
0.5,0.5
0.5577991120165957,0.4422008879834044
0.5,0.5
0.35308169946074486,0.6469183005392551
0.5438707846665363,0.4561292153334638
0.38872782866747146,0.6112721713325285
0.0,1.0
0.4068126024307308,0.5931873975692693
0.5,0.5
0.5,0.5
0.07765141756863445,0.9223485824313656
0.5,0.5
0.4128970986563791,0.587102901343621
0.373970659778003,0.6260293402219972
0.10331330657410091,0.8966866934258992
0.2580089103967083,0.7419910896032916
2.7755575615628914e-16,0.9999999999999998
0.5163993249022848,0.4836006750977152
0.0680981838987194,0.9319018161012806
1.1102230246251565e-16,1.0
0.5813589022098586,0.41864109779014147
0.09273923256637354,0.9072607674336264
0.3942210462224323,0.6057789537775677
5.551115123125783e-17,1.0
1.6653345369377348e-16,0.9999999999999999
0.03047586721232887,0.969524132787671
0.6238943487405779,0.37610565125942214
0.6965956302826573,0.30340436971734247
0.039937627427076766,0.9600623725729233
0.25788957095196346,0.7421104290480367
0.17185762214121164,0.8281423778587883
0.25797671941136835,0.7420232805886315
5.898059818321144e-17,1.0
0.0444999124189367,0.9555000875810633
0.6731948003010889,0.3268051996989114
5.551115123125783e-17,1.0
0.596864460638963,0.40313553936103685
0.4662539692537279,0.5337460307462721
0.43890832737088203,0.561091672629118
0.39142056554555893,0.6085794344544411
0.6499497544469163,0.3500502455530838
0.35461171283977216,0.645388287160228
0.5308799292128148,0.4691200707871853
0.0,1.0
0.4931274734728982,0.5068725265271017
0.28966652323198677,0.7103334767680132
0.0,1.0
0.09307898906662718,0.906921010933373
0.5671080686615808,0.432891931338419
0.01910892925829447,0.9808910707417056
0.35221652872860437,0.6477834712713957
0.7333668745412074,0.2666331254587925
0.4043369196818111,0.5956630803181889
2.7755575615628914e-17,1.0
0.0,1.0
0.6211142196823187,0.3788857803176814
0.0,1.0
0.44615591200762567,0.5538440879923742
0.5170194152742624,0.4829805847257377
0.1719800807890341,0.828019919210966
0.5437473897563092,0.456252610243691
5.551115123125783e-17,0.9999999999999999
0.4817933657613467,0.5182066342386533
0.3878326162865952,0.6121673837134048
0.1549114808440209,0.8450885191559792
8.326672684688674e-17,1.0
0.5931693674012695,0.4068306325987306
0.6261969884895788,0.3738030115104211
0.5,0.5
0.7344659752013659,0.2655340247986342
0.5,0.5
0.0,1.0
0.4363876995848836,0.5636123004151166
0.5778396938925754,0.4221603061074246
0.6291128467537,0.37088715324630006
0.5175436947415958,0.4824563052584042
0.4046228385002999,0.5953771614997003
0.8194200905820392,0.18057990941796084
0.38668033991135975,0.6133196600886401
0.4879610591042058,0.512038940895794
3.3306690738754696e-16,0.9999999999999998
0.46666368050184676,0.5333363194981533
0.5467900239661596,0.4532099760338404
0.38845773610123535,0.6115422638987645
0.5392859675308617,0.4607140324691384
5.551115123125783e-17,1.0
0.5373555179447376,0.4626444820552624
0.8911955352322003,0.10880446476779979
0.45868569994687447,0.5413143000531255
0.5545742596011909,0.44542574039880906
0.0684906463877082,0.9315093536122919
0.09948220896649743,0.9005177910335025
0.3828011006116867,0.6171988993883133
0.6029468529848432,0.3970531470151568
0.5362610003724387,0.4637389996275613
0.4126661237732803,0.5873338762267197
0.5207642349699069,0.47923576503009324
0.5164209879524828,0.48357901204751713
1.0408340855860843e-16,0.9999999999999999
0.6474210228030978,0.3525789771969022
0.5164209879524828,0.48357901204751713
0.06561661486549196,0.9343833851345079
0.5896231975242229,0.41037680247577724
0.3158629744158313,0.6841370255841688
0.0751779641495982,0.9248220358504019
0.04929387967609704,0.9507061203239029
0.0,1.0
0.638846500069293,0.361153499930707
0.09788738690480206,0.902112613095198
0.0,1.0
0.6236289330931666,0.3763710669068335
0.09460108865152145,0.9053989113484786
0.5,0.5
0.0,1.0
0.5838737901480933,0.41612620985190696
0.14412621694071978,0.8558737830592802
0.0,1.0
0.712590734669857,0.2874092653301432
0.750085058134873,0.2499149418651269
0.600978019864179,0.3990219801358209
0.04791374710739061,0.9520862528926093
0.5526378224840889,0.4473621775159114
0.5274291550898365,0.47257084491016355
0.6849139896600686,0.31508601033993133
0.1750547490052898,0.8249452509947104
0.0,1.0
0.012145960690025055,0.987854039309975
0.5940672537306673,0.4059327462693327
0.6144671859053515,0.38553281409464846
1.1102230246251565e-16,0.9999999999999999
0.5,0.5
0.4934622451264363,0.5065377548735637
0.4044589806091338,0.5955410193908663
1.1102230246251565e-16,0.9999999999999998
1.1102230246251565e-16,0.9999999999999999
0.41276311833256274,0.5872368816674373
0.4775019756649336,0.5224980243350664
0.6225993225928195,0.37740067740718053
0.5898667710180857,0.41013322898191434
1.249000902703301e-16,0.9999999999999999
0.6187678779404808,0.3812321220595193
0.3441140748900656,0.6558859251099345
0.41795752319767104,0.582042476802329
3.3306690738754696e-16,0.9999999999999998
0.6255229250485094,0.37447707495149085
0.6680744132713595,0.33192558672864036
0.1351416328785354,0.8648583671214645
0.4128075777375458,0.5871924222624542
1.942890293094024e-16,1.0
0.05281470572602631,0.9471852942739738
0.6423830021787577,0.3576169978212421
0.0,1.0
0.6646353523047032,0.33536464769529667
9.159339953157541e-16,0.9999999999999991
0.5159820476931617,0.4840179523068383
0.02616990485665144,0.9738300951433484
0.6503892690258114,0.34961073097418865
0.03938962815688458,0.9606103718431155
0.2539774159798998,0.7460225840201002
0.4672029979372569,0.5327970020627429
0.0,1.0
0.0,1.0
0.5019362061286425,0.4980637938713574
2.5673907444456745e-16,0.9999999999999997
0.7416427437339259,0.2583572562660738
0.329424384405402,0.6705756155945983
0.7655960609141017,0.23440393908589843
0.3346224990392605,0.6653775009607396
0.3440018633983176,0.6559981366016824
0.12775355875883462,0.8722464412411655
0.5849303240900117,0.41506967590998833
0.23882949689242114,0.7611705031075788
0.1075638773479644,0.8924361226520356
5.551115123125783e-17,0.9999999999999999
4.163336342344337e-17,1.0
0.5357244392642603,0.46427556073573956
0.28367424247199663,0.7163257575280034
0.015619337042672524,0.9843806629573274
0.8025541926743254,0.1974458073256746
0.0,1.0
0.5863895486725705,0.4136104513274295
0.5132830103997049,0.48671698960029497
0.0,1.0
0.5366991232777129,0.4633008767222871
0.5,0.5
0.40443920371801734,0.5955607962819827
0.0,1.0
0.5311051891488795,0.4688948108511205
0.04665779492056413,0.9533422050794359
0.0692052463632555,0.9307947536367447
0.03255925173175162,0.9674407482682483
0.1492626657401043,0.8507373342598958
0.0,1.0
0.5,0.5
0.40995197283241464,0.5900480271675855
0.3228697660103146,0.6771302339896853
0.7255760663803087,0.2744239336196912
0.4128450564039315,0.5871549435960687
0.6189574374913621,0.381042562508638
0.5,0.5
0.3881480359846154,0.6118519640153846
0.31912604069344874,0.6808739593065514
1.1102230246251565e-16,1.0
0.0,1.0
1.8041124150158794e-16,0.9999999999999998
0.5095099900497395,0.49049000995026043
0.013288833387417012,0.986711166612583
0.13495907656462566,0.8650409234353742
0.3893873340874151,0.6106126659125848
0.09209641560099013,0.9079035843990098
0.7082758654089996,0.29172413459100044
0.5,0.5
0.21819643526301966,0.7818035647369803
0.06289987280948853,0.9371001271905115
0.7059836721378279,0.2940163278621723
0.6222215441369564,0.37777845586304354
1.942890293094024e-16,0.9999999999999999
0.019865569505075266,0.9801344304949248
0.4043797465486737,0.5956202534513263
0.40356577255036585,0.5964342274496343
0.41275362854105363,0.5872463714589464
0.5562975447408527,0.4437024552591472
0.596398212324155,0.40360178767584504
0.5908977991104859,0.409102200889514
0.0,1.0
0.5034461616430428,0.49655383835695716
0.6271995251841836,0.3728004748158167
8.673617379884035e-19,1.0
0.760356384798676,0.2396436152013241
0.4333950482810743,0.5666049517189257
1.1102230246251565e-16,1.0
2.7755575615628914e-16,0.9999999999999998
0.6816628520018806,0.31833714799811935
4.163336342344337e-17,1.0
0.32130441983068503,0.6786955801693149
5.551115123125783e-17,1.0
0.34234458519377897,0.6576554148062214
0.7103778994003659,0.2896221005996342
0.4762658912910124,0.523734108708988
0.592333610417701,0.4076663895822991
0.0,1.0
0.0,1.0
0.5,0.5
0.6539237857638556,0.34607621423614454
0.568111279340383,0.431888720659617
0.6084373948868907,0.39156260511310936
0.2827713582901051,0.7172286417098951
6.800116025829084e-16,0.9999999999999993
0.6887362152751154,0.31126378472488436
0.0,1.0
0.0,1.0
0.5,0.5
1.1102230246251565e-16,1.0
0.39636699127875547,0.6036330087212445
0.7234044696002713,0.27659553039972873
0.6011677267156097,0.3988322732843903
0.5,0.5
0.550869350154245,0.44913064984575507
0.46320986228484634,0.5367901377151536
1.1102230246251565e-16,1.0
0.5837066992861316,0.41629330071386866
0.6540127804525897,0.3459872195474103
0.5159848011896275,0.48401519881037247
0.0,1.0
0.005476673954669231,0.9945233260453308
0.5,0.5
0.5181944114779716,0.4818055885220284
0.2579292494259707,0.7420707505740294
0.16260487736836618,0.837395122631634
0.48593688553411696,0.5140631144658829
0.6004125199711903,0.39958748002881
0.49376998466368327,0.506230015336317
0.39024612024886,0.6097538797511399
0.4186821819306883,0.5813178180693118
0.40438098578089454,0.5956190142191055
0.3821325888851944,0.6178674111148056
0.6170916899572824,0.3829083100427175
0.0,1.0
0.455676544421077,0.5443234555789229
0.7277597259056459,0.27224027409435403
7.216449660063518e-16,0.9999999999999992
0.5,0.5
0.3439573595847294,0.6560426404152705
0.0,1.0
0.6715475421902398,0.3284524578097603
0.07763460366424858,0.9223653963357514
0.6445387967037073,0.35546120329629277
1.3877787807814457e-16,0.9999999999999999
0.04275650642025731,0.9572434935797427
0.5292914897554541,0.4707085102445459
0.6836827622159503,0.31631723778405
0.5737030600762866,0.4262969399237135
0.6480055914816357,0.3519944085183643
0.2056040544745814,0.7943959455254185
0.23322428339053283,0.7667757166094671
0.08055905509339258,0.9194409449066074
3.608224830031759e-16,0.9999999999999997
0.6802227643938252,0.3197772356061747
0.5212072525394448,0.4787927474605552
0.41277800007664905,0.587221999923351
0.5620883736876312,0.43791162631236885
0.545797385978611,0.45420261402138895
0.6053606534968212,0.3946393465031786
0.018216188034217595,0.9817838119657823
0.20596896164305345,0.7940310383569466
0.7196013707397877,0.28039862926021236
0.17198031976390368,0.8280196802360964
0.4847590782826131,0.5152409217173869
0.5806756671866885,0.4193243328133113
0.41562228674492785,0.5843777132550724
2.7755575615628914e-17,1.0
0.5164061808278009,0.48359381917219924
0.34797458723187447,0.6520254127681255
0.11433142371392413,0.8856685762860759
1.1102230246251565e-16,1.0
0.0,1.0
0.0,1.0
0.5029257363850579,0.4970742636149421
0.6203269719320652,0.3796730280679348
0.537963091142996,0.46203690885700394
0.552320121655862,0.44767987834413797
5.551115123125783e-17,1.0
0.5,0.5
0.671096343301933,0.3289036566980671
2.220446049250313e-16,0.9999999999999999
0.6561630449302999,0.34383695506969997
1.1102230246251565e-16,0.9999999999999999
0.5056808439052256,0.4943191560947743
0.10890059939492493,0.891099400605075
0.6263297122787056,0.3736702877212944
0.6850249634214304,0.3149750365785694
0.4656460068586045,0.5343539931413955
0.5689820166530737,0.43101798334692637
0.32623541890444213,0.6737645810955579
0.6050849305212611,0.3949150694787389
0.43019163966952906,0.569808360330471
0.6379782238074937,0.36202177619250625
0.03454843295132526,0.9654515670486746
0.5931483240746037,0.4068516759253964
5.551115123125783e-17,0.9999999999999999
0.30917074438240644,0.6908292556175936
0.3439455020848715,0.6560544979151283
0.355423350512409,0.6445766494875909
0.5,0.5
0.0,1.0
0.13874551028727408,0.8612544897127259
0.6281688606783199,0.37183113932168
0.0,1.0
0.0,1.0
1.5265566588595902e-16,1.0
0.24006913261751242,0.7599308673824875
0.41274687598160004,0.5872531240184
0.6765495458264847,0.32345045417351503
0.5,0.5
0.5946303379284279,0.40536966207157205
0.5,0.5
0.5185018422689001,0.4814981577310999
0.08684606374824995,0.91315393625175
0.1527669084179867,0.8472330915820133
0.0,1.0
7.216449660063518e-16,0.9999999999999992
0.0,1.0
5.551115123125783e-17,1.0
0.668316490286334,0.3316835097136661
1.3877787807814457e-17,1.0
1.6653345369377348e-16,1.0
0.34852667813150634,0.6514733218684937
0.5430282870700982,0.4569717129299018
0.25796892879754735,0.7420310712024526
0.5760494567007789,0.42395054329922105
2.7755575615628914e-17,1.0
1.1102230246251565e-16,1.0
0.3555610105395317,0.6444389894604683
0.0,1.0
0.0,1.0
0.48337601294266436,0.5166239870573356
0.4777308701573118,0.5222691298426881
0.16785845327057392,0.832141546729426
0.5469964852592485,0.45300351474075135
0.18622135463462483,0.8137786453653751
0.5,0.5
0.2579555583589106,0.7420444416410893
0.5,0.5
7.450637329320386e-16,0.9999999999999992
0.5,0.5
0.0,1.0
0.0,1.0
0.0,1.0
0.6266367764911066,0.37336322350889334
0.3439390017777391,0.6560609982222609
0.16616301580016415,0.833836984199836
0.5183052603319205,0.4816947396680795
0.5,0.5
1.942890293094024e-16,0.9999999999999999
0.5,0.5
0.07274161892892585,0.9272583810710742
0.38695279413998085,0.6130472058600193
0.6150710975533338,0.3849289024466661
0.13722254114174218,0.862777458858258
0.4625853319087103,0.5374146680912895
0.1479336185083947,0.8520663814916055
0.5,0.5
0.6446238260644701,0.3553761739355298
0.334621160613602,0.6653788393863981
0.7192943575977585,0.2807056424022417
0.0,1.0
0.6422142747641943,0.3577857252358058
0.5816231134221618,0.4183768865778382
0.4975890148056146,0.5024109851943855
0.48433895268460747,0.5156610473153928
0.45467011840627725,0.5453298815937228
0.030626083624725547,0.9693739163752745
0.3822845779359341,0.6177154220640659
0.1364557320654232,0.8635442679345767
0.11247025625603078,0.8875297437439694
0.6109003665222973,0.38909963347770277
0.34395072775808533,0.6560492722419148
9.020562075079397e-17,0.9999999999999999
0.3128832428641755,0.6871167571358245
0.5155558517260023,0.48444414827399757
0.5700381532915594,0.4299618467084406
0.5576559607464127,0.4423440392535871
0.34378240853508735,0.6562175914649128
0.4190351467078508,0.5809648532921492
0.5159048681010314,0.48409513189896847
0.7468079624842282,0.25319203751577174
0.42548391704219357,0.5745160829578064
0.6147038300019911,0.3852961699980089
0.2329613322341501,0.7670386677658498
0.0,1.0
0.6099749001904796,0.3900250998095203
4.996003610813204e-16,0.9999999999999996
0.08278915076769976,0.9172108492323003
0.5721540857198498,0.42784591428015034
0.3505442859604955,0.6494557140395045
0.0,1.0
0.5835191178935037,0.4164808821064963
0.4158884419296499,0.5841115580703501
0.43353743576895426,0.5664625642310458
0.6090964176610851,0.3909035823389149
0.053162279626947154,0.946837720373053
0.3193930101791141,0.680606989820886
0.7313060655566128,0.2686939344433871
0.44406282961730004,0.5559371703827001
0.40517144191936144,0.5948285580806387
0.7073591669319468,0.2926408330680531
0.0,1.0
0.3439576207761892,0.6560423792238108
0.6420185004076018,0.3579814995923983
0.12913752721576893,0.8708624727842311
0.7265478676637555,0.27345213233624444
0.20636664308136007,0.7936333569186399
0.6481335487800111,0.35186645121998894
0.7193868892256134,0.2806131107743864
0.3996720090508461,0.6003279909491539
0.3440103738656032,0.6559896261343968
0.17522095767111245,0.8247790423288875
0.0,1.0
0.09841395203904076,0.9015860479609593
0.19092548397664802,0.8090745160233519
0.26040062913453954,0.7395993708654605
0.0,1.0
0.652314293498427,0.3476857065015731
0.4753738566360838,0.5246261433639163
0.14610460609704906,0.853895393902951
0.0,1.0
0.0,1.0
0.1044550187832105,0.8955449812167895
5.551115123125783e-17,1.0
0.4669001413764972,0.533099858623503
0.62269806002786,0.3773019399721396
0.0,1.0
0.5681972923837216,0.4318027076162783
0.20672183289369567,0.7932781671063045
0.05371441347726728,0.9462855865227326
1.6653345369377348e-16,0.9999999999999998
0.6943846968230364,0.30561530317696367
0.3105499665474331,0.6894500334525671
0.5124222812742659,0.4875777187257341
0.5,0.5
0.5169719449250143,0.4830280550749856
0.5224299766123291,0.47757002338767085
0.45339769636581634,0.5466023036341836
0.4634334749382301,0.5365665250617699
0.6445737880910448,0.3554262119089551
0.3438407271777263,0.6561592728222737
0.04997541319604454,0.9500245868039555
0.06879533373996842,0.9312046662600316
0.5798747700759648,0.4201252299240353
0.705624210228432,0.294375789771568
0.5401102551013863,0.45988974489861356
0.5,0.5
0.032294081312216845,0.9677059186877833
0.5259783238008137,0.4740216761991864
0.0,1.0
0.1473719644544675,0.8526280355455325
0.016351963942796602,0.9836480360572035
0.6203564270235473,0.3796435729764526
0.5,0.5
0.08019400232393964,0.9198059976760605
0.557487528532256,0.44251247146774414
0.47259958697451654,0.5274004130254835
0.34413512266402646,0.6558648773359737
1.1102230246251565e-16,0.9999999999999999
0.0,1.0
0.44836466471255365,0.5516353352874465
0.04425425400674867,0.9557457459932513
0.0,1.0
0.20660591604406384,0.7933940839559361
0.5525058238632662,0.447494176136734
0.0,1.0
0.14940157102850035,0.8505984289714994
0.6998336433783005,0.30016635662169955
0.12933268903504158,0.8706673109649584
0.5,0.5
0.6705660968711185,0.3294339031288816
0.0,1.0
5.551115123125783e-17,0.9999999999999999
0.0,1.0
0.0,1.0
0.5140937439779408,0.48590625602205895
0.6896360389038735,0.31036396109612635
3.2612801348363973e-16,0.9999999999999998
0.5956899718370295,0.4043100281629707
0.3561686904362701,0.6438313095637301
0.5027670691899637,0.4972329308100364
0.0,1.0
0.44214659866312256,0.5578534013368777
5.551115123125783e-17,1.0
0.47091170302175606,0.5290882969782439
0.4172800791231853,0.5827199208768147
0.8388555567528324,0.16114444324716756
0.0,1.0
0.35200287486122334,0.6479971251387767
0.39024509794769663,0.6097549020523034
0.04240983096911697,0.9575901690308831
0.3346048139863227,0.6653951860136773
0.040075045062068174,0.9599249549379318
0.5,0.5
0.7887915515680414,0.21120844843195863
0.7212343178376809,0.278765682162319
1.1102230246251565e-16,1.0
7.450637329320386e-16,0.9999999999999992
0.0,1.0
0.08230942278265807,0.9176905772173419
0.12800720105048613,0.871992798949514
0.5,0.5
0.05274476937904577,0.9472552306209544
0.5221000628958337,0.4778999371041661
0.0,1.0
0.5416836546907106,0.45831634530928955
0.454502787454167,0.545497212545833
0.0,1.0
0.5,0.5
0.13972963540381306,0.8602703645961869
0.45174239755004464,0.5482576024499554
0.7088736175477481,0.2911263824522519
0.0,1.0
0.10722756917086629,0.8927724308291337
0.6272791380276204,0.37272086197237964
0.5,0.5
0.5,0.5
0.5432906804367459,0.4567093195632542
0.5218970361994076,0.4781029638005924
0.6607734504901451,0.3392265495098547
0.47250852954724987,0.52749147045275
0.6148062236312488,0.3851937763687513
0.002741235098983451,0.9972587648805927
0.030572343870626503,0.9694276561293735
0.058394574195096006,0.9416054258049041
0.04011196438859132,0.9598880356114086
0.0,1.0
0.1663954954872166,0.8336045045127833
0.1288902542839118,0.8711097457160882
0.6317679505928603,0.3682320494071397
0.0,1.0
0.0,1.0
0.5,0.5
0.11874095887139072,0.8812590411286093
0.25796892879754735,0.7420310712024526
1.1102230246251565e-16,1.0
0.6903317277665386,0.30966827223346144
0.4422446318948144,0.5577553681051854
7.355227538141662e-16,0.9999999999999993
0.5,0.5
0.4950518448760942,0.5049481551239059
0.03174113637614176,0.9682588636238583
0.3078790795113545,0.6921209204886455
0.5,0.5
0.735866620517058,0.2641333794829423
1.1102230246251565e-16,1.0
0.48760614476550906,0.512393855234491
0.0,1.0
0.1478232764964431,0.8521767235035569
0.47027115306164313,0.529728846938357
0.5113372310942705,0.4886627689057295
0.26235061785083913,0.7376493821491608
0.0,1.0
0.49739499409929483,0.5026050059007051
0.34431464100373643,0.6556853589962637
0.4127482686102568,0.5872517313897432
0.0,1.0
0.5336522413391359,0.46634775866086403
1.734723475976807e-17,1.0
0.27295652622031197,0.727043473779688
0.07270355913994672,0.9272964408600534
0.4951606489824001,0.5048393510176
0.23649642405716018,0.7635035759428397
0.0979760093773944,0.9020239906226056
0.5,0.5
0.04584814684089983,0.9541518531591001
0.7222475629737654,0.27775243702623487
7.216449660063518e-16,0.9999999999999992
3.0531133177191805e-16,0.9999999999999998
0.1949584319869343,0.8050415680130657
0.0,1.0
0.39427520656784476,0.6057247934321551
0.0720296593639015,0.9279703406360984
0.0,1.0
0.5,0.5
0.0015058268578161753,0.9984941731421838
0.6461456585034787,0.35385434149652106
0.06869215259966932,0.9313078474003307
0.6559220021438305,0.3440779978561696
0.6656215294460518,0.33437847055394815
5.551115123125783e-17,1.0
0.2108381411425203,0.7891618588574798
0.1952961106509405,0.8047038893490596
0.4033482463874753,0.5966517536125245
2.7755575615628914e-16,0.9999999999999998
0.5,0.5
0.515916140546108,0.4840838594538918
0.5609651344332183,0.43903486556678156
0.570867895957913,0.429132104042087
0.4126661370588279,0.5873338629411721
8.326672684688674e-17,1.0
0.0707938211419992,0.9292061788580008
2.220446049250313e-16,0.9999999999999998
0.1146626589028807,0.8853373410971193
0.0,1.0
0.6319987030064868,0.3680012969935133
0.07640588348487411,0.9235941165151259
0.33977547059276175,0.6602245294072383
6.730727086790012e-16,0.9999999999999993
0.39227301250429536,0.6077269874957048
0.34459236610386124,0.6554076338961388
0.6564764929012372,0.3435235070987627
0.0,1.0
0.5,0.5
0.498566701465675,0.501433298534325
0.6438103935345736,0.35618960646542647
0.5476404909400008,0.4523595090599994
0.4805584148088741,0.5194415851911258
0.6615059098028381,0.3384940901971619
1.6653345369377348e-16,0.9999999999999998
0.6957249637857725,0.3042750362142276
1.1102230246251565e-16,1.0
0.04955830591331044,0.9504416940866894
0.0,1.0
0.23721151152433864,0.7627884884756613
0.0,1.0
0.5525590763604474,0.44744092363955273
2.7755575615628914e-16,0.9999999999999998
0.5,0.5
1.942890293094024e-16,0.9999999999999999
0.6569764367127867,0.3430235632872134
0.6190708605168309,0.38092913948316903
7.216449660063518e-16,0.9999999999999992
0.4428408182171287,0.557159181782871
0.46773477232092475,0.5322652276790755
0.05445507616408459,0.9455449238359154
0.33371160713814596,0.666288392861854
0.5974641941832395,0.4025358058167605
0.36665791296739886,0.633342087032601
7.216449660063518e-16,0.9999999999999992
0.3297254010074986,0.6702745989925015
0.49930413065098267,0.5006958693490173
0.0,1.0
0.11713350272411796,0.8828664972758822
5.551115123125783e-17,1.0
0.01700809552285551,0.9829919044771444
0.5743605878760392,0.4256394121239606
0.0,1.0
0.3428487103486934,0.6571512896513065
0.40488348529662743,0.5951165147033728
0.5791326569627886,0.4208673430372114
0.47626194994246296,0.523738050057537
0.07739702116533612,0.922602978834664
0.27409440831258025,0.7259055916874197
0.4150201891296167,0.5849798108703833
0.7442718749473438,0.2557281250526561
0.47878343766804016,0.5212165623319599
0.5596207548582567,0.44037924514174326
0.09357406152365984,0.9064259384763401
0.04295272649173311,0.957047273508267
0.5827296250837916,0.4172703749162082
0.6643427776548337,0.33565722234516626
0.6951052275481728,0.3048947724518272
0.625868260610732,0.37413173938926814
1.3877787807814457e-16,1.0
0.14770538238687614,0.8522946176131239
0.47391475944961203,0.5260852405503881
0.5096369856907985,0.4903630143092015
0.48044545530107546,0.5195545446989246
0.4039312089520827,0.5960687910479173
0.5999820864432035,0.4000179135567964
0.6153115771691864,0.3846884228308136
1.1102230246251565e-16,1.0
0.5,0.5
0.5695536065838243,0.4304463934161757
0.7464883598788713,0.25351164012112887
0.056779254625299876,0.9432207453747
0.7547422294563495,0.24525777054365044
0.22934421517836767,0.7706557848216323
0.35761418566107744,0.6423858143389225
0.6045983348480007,0.39540166515199915
0.0904288087158699,0.9095711912841299
0.3439918769124703,0.6560081230875296
0.04830524010212086,0.9516947598978791
5.551115123125783e-17,1.0
0.5,0.5
0.2059253044430664,0.7940746955569337
0.09515786124274223,0.9048421387572577
0.5,0.5
0.2979546809972644,0.7020453190027355
0.42046879866468767,0.5795312013353123
0.5124481778591868,0.48755182214081316
0.5159353271137733,0.4840646728862268
0.5571440429144782,0.4428559570855217
0.5469661317339438,0.4530338682660562
0.36332214657132517,0.6366778534286749
0.6332687415274313,0.36673125847256866
2.7755575615628914e-17,1.0
0.5,0.5
0.7018321587866516,0.2981678412133481
0.0,1.0
0.518640885152572,0.4813591148474281
8.326672684688674e-17,0.9999999999999999
0.5159502223229889,0.48404977767701113
0.3227020416426974,0.6772979583573027
0.31533818593059415,0.684661814069406
0.5192160990626374,0.48078390093736256
0.03715727429386162,0.9628427257061384
0.16786937381809214,0.8321306261819078
0.3428487103486934,0.6571512896513065
0.6846008145643215,0.3153991854356783
0.03471859853477577,0.9652814014652242
0.5438652665532602,0.45613473344673994
0.16123919853584742,0.8387608014641527
0.44201258281786476,0.5579874171821352
0.020817377270402726,0.9791826227295973
0.0,1.0
0.0,1.0
0.7629842297009891,0.23701577029901102
0.1835019490254983,0.8164980509745018
0.6959021424017754,0.3040978575982248
0.4043136256016363,0.5956863743983637
0.08349068524427827,0.9165093147557218
0.20029293685155786,0.7997070631484421
0.466226999281478,0.5337730007185221
0.06194065634895507,0.9380593436510448
5.551115123125783e-17,1.0
0.04655533449365262,0.9534446655063475
1.1102230246251565e-16,1.0
5.551115123125783e-17,1.0
0.516053192590816,0.48394680740918405
0.6669345075100565,0.3330654924899435
0.5191732633794376,0.4808267366205623
0.6129520678315706,0.38704793216842936
0.6354646768476948,0.3645353231523051
0.6047291568495587,0.39527084315044114
0.3095924682172584,0.6904075317827416
0.18570424482208425,0.8142957551779157
0.49241758827031273,0.5075824117296871
0.5144707362836725,0.48552926371632754
0.6277249933882352,0.3722750066117647
