CT-10,CT-3
0.9419766550923824,0.0580233449076175
0.9299536201744993,0.07004637982550073
0.9612112210870103,0.038788778912989805
0.9440227425886223,0.05597725741137773
0.9508644232236769,0.04913557677632306
0.9216899014457268,0.07831009855427325
0.9288240701391753,0.07117592986082465
0.9461443348374788,0.053855665162521174
0.9442968272075543,0.0557031727924458
0.9411549740394667,0.05884502596053341
0.9280808866195488,0.07191911338045127
0.9561529081863167,0.0438470918136833
0.9625473287018629,0.03745267129813708
0.9687122368306815,0.03128776316931843
0.9500171818204524,0.04998281817954763
0.9443995106611837,0.05560048933881627
0.9656282564697573,0.034371743530242846
0.9368045852462854,0.06319541475371457
0.9174082743566724,0.08259172564332758
0.9345770642778847,0.06542293572211531
0.9423295620551853,0.057670437944814794
0.9767491704146714,0.023250829585328665
0.9349653958939018,0.06503460410609821
0.9569613190116906,0.04303868098830946
0.9422707917118852,0.05772920828811487
0.9418370028645175,0.05816299713548248
0.911194756685323,0.08880524331467703
0.9331511473779118,0.06684885262208813
0.9460642468519193,0.05393575314808077
0.9527338144127518,0.04726618558724825
0.9336146930191874,0.06638530698081252
0.9597072053208594,0.04029279467914055
0.9582213262486683,0.04177867375133169
0.9082565956258911,0.09174340437410888
0.9357131301139073,0.06428686988609265
0.9334590440342809,0.06654095596571909
0.9607764890179886,0.039223510982011406
0.9312270853073061,0.06877291469269381
0.9600521212505085,0.03994787874949149
0.9249077416371764,0.07509225836282364
0.9465650236253327,0.053434976374667285
0.9442515884489012,0.05574841155109882
0.9450458950491322,0.054954104950867826
0.9471666677683784,0.052833332231621635
0.9313049485224418,0.0686950514775582
0.9427688026738311,0.05723119732616899
0.9298478203338106,0.07015217966618945
0.9482783048944653,0.05172169510553474
0.9418212573894423,0.05817874261055769
0.9399380465388248,0.06006195346117516
0.9425168923223054,0.05748310767769466
0.94207038072353,0.057929619276469994
0.9070341305662806,0.09296586943371947
0.9390823927219214,0.06091760727807859
0.9492214344781954,0.0507785655218046
0.9524665652664563,0.047533434733543586
0.956746070354476,0.04325392964552391
0.908884365109218,0.09111563489078205
0.973830811645571,0.026169188354429
0.9282340274212867,0.07176597257871328
0.9415402355076327,0.05845976449236739
0.9571812814993321,0.04281871850066794
0.9524043835955602,0.04759561640443982
0.9365606455035881,0.0634393544964119
0.9437903008583898,0.0562096991416103
0.9388354026223197,0.06116459737768025
0.9539206466721817,0.04607935332781834
0.9173383055967438,0.08266169440325616
0.9621133529895055,0.037886647010494504
0.9364578202875496,0.06354217971245042
0.9601373529044599,0.0398626470955401
0.9263940178222076,0.07360598217779245
0.942536883777841,0.05746311622215902
0.9323185458846109,0.06768145411538909
0.8976897603481977,0.10231023965180223
0.9533138500270083,0.04668614997299172
0.9293822272221466,0.07061777277785344
0.9186591167389105,0.08134088326108947
0.9292370436839069,0.07076295631609315
0.9360679848896215,0.06393201511037856
0.9236296107342676,0.07637038926573232
0.927700938412405,0.07229906158759504
0.9628509265726859,0.03714907342731412
0.9187706838662562,0.08122931613374393
0.9169952693234168,0.08300473067658323
0.9322147903526892,0.0677852096473109
0.9169039785084947,0.08309602149150538
0.9257754458347144,0.07422455416528556
0.9463383979811031,0.053661602018897005
0.9361036836285188,0.0638963163714812
0.9786605793125197,0.021339420687480275
0.9415900920494075,0.0584099079505926
0.9443475551865783,0.055652444813421735
0.9543061495622578,0.04569385043774229
0.9371616707806297,0.06283832921937023
0.9223094198924534,0.07769058010754658
0.9553372955331746,0.04466270446682542
0.9555866323584553,0.04441336764154474
0.9482118137917172,0.051788186208282884
0.9295830257030278,0.07041697429697219
0.9407059488600712,0.05929405113992887
0.9415713131067309,0.05842868689326901
0.9511991561370728,0.04880084386292708
0.9266707545249403,0.07332924547505967
0.9457132470817946,0.054286752918205394
0.9187603555421463,0.0812396444578537
0.9577989123104242,0.042201087689575846
0.9504785837733656,0.04952141622663437
0.9267332041132862,0.0732667958867139
0.951437007650652,0.048562992349348064
0.9329557161303765,0.06704428386962351
0.9477731286463519,0.05222687135364809
0.9452777750991549,0.054722224900845176
0.9469730506477795,0.05302694935222061
0.9632794274268236,0.03672057257317639
0.9561525286271263,0.043847471372873655
0.9275791711291247,0.07242082887087525
0.933260703559068,0.06673929644093202
0.9594841884533971,0.04051581154660289
0.9570967169946301,0.04290328300537001
0.9571450986962663,0.042854901303733615
0.9579616500365069,0.0420383499634931
0.9368536680028889,0.06314633199711109
0.9529181072709327,0.0470818927290673
0.9409417177913879,0.05905828220861208
0.9180764655926406,0.08192353440735942
0.9493087831355932,0.05069121686440689
0.9653086904210384,0.03469130957896162
0.9406530244844599,0.05934697551554018
0.9444356566791849,0.055564343320815064
0.9532557639702857,0.04674423602971432
0.9401344427635534,0.05986555723644664
0.9593897671604639,0.04061023283953618
0.9391788348018179,0.060821165198182196
0.9599804080139331,0.040019591986066846
0.9224672816311148,0.07753271836888521
0.9467944251115392,0.05320557488846085
0.9629833109735282,0.037016689026471775
0.9528342749113471,0.04716572508865292
0.9364820747370197,0.06351792526298033
0.9263278494999888,0.07367215050001126
0.9436859420843801,0.0563140579156199
0.9416214600077211,0.05837853999227893
0.9655631608730615,0.034436839126938484
0.9617043193354231,0.03829568066457688
0.940405968819301,0.05959403118069902
0.9674442416143129,0.03255575838568718
0.9579874916545501,0.04201250834544999
0.9611281724600749,0.03887182753992505
0.9298229239322695,0.07017707606773047
0.9435069287050051,0.05649307129499497
0.9559506003756439,0.04404939962435598
0.9398228805234654,0.06017711947653462
0.9433160040650848,0.056683995934915334
0.9519602081016046,0.04803979189839535
0.9454982374789772,0.054501762521022845
0.9495056118413534,0.050494388158646694
0.9179708609761738,0.0820291390238263
0.9250520811838269,0.0749479188161731
0.9322525736977537,0.06774742630224634
0.9478150322770024,0.05218496772299761
0.9415394679530941,0.05846053204690598
0.9283284647767364,0.07167153522326358
0.9495536109749975,0.050446389025002585
0.9202062471786434,0.07979375282135659
0.981238183520292,0.018761816479707913
0.9094070137558888,0.09059298624411119
0.9601606138283457,0.03983938617165429
0.9465138491455906,0.053486150854409456
0.9244400173210293,0.0755599826789708
0.9628876548332135,0.03711234516678647
0.9536647976169723,0.046335202383027685
0.9348936301722897,0.06510636982771043
0.956179998052898,0.0438200019471019
0.9170933372262825,0.08290666277371744
0.8998928527321569,0.10010714726784321
0.9397960456552601,0.06020395434474
0.9334321888325074,0.0665678111674926
0.9363216050873711,0.06367839491262885
0.9323381058386445,0.0676618941613555
0.9405124203178133,0.059487579682186716
0.9642888105908324,0.03571118940916766
0.9312904053646142,0.06870959463538584
0.9421163214117294,0.05788367858827062
0.9680467795829226,0.031953220417077384
0.9507218984489061,0.04927810155109395
0.940552248587154,0.05944775141284598
0.9543636943227237,0.04563630567727626
0.9125684177583901,0.08743158224160982
0.9426774538480395,0.057322546151960585
0.9436048039354952,0.05639519606450477
0.9024307089911575,0.09756929100884262
0.9502309691075105,0.04976903089248961
0.9506489109219715,0.049351089078028605
0.893423194014781,0.10657680598521914
0.9134398695111546,0.08656013048884531
0.9322120856910293,0.06778791430897071
0.9355027313084818,0.06449726869151821
0.9708955491404592,0.02910445085954083
0.9250184844714475,0.07498151552855252
0.9452556063498947,0.05474439365010536
0.9934327448009285,0.006567255199071576
0.9601393970366123,0.03986060296338774
0.9552127043869444,0.04478729561305566
0.9532567774368168,0.04674322256318323
0.9170355605248932,0.08296443947510672
0.9108160701859752,0.08918392981402472
0.9519359167896465,0.0480640832103535
0.941818955109812,0.058181044890188036
0.9302074700921267,0.06979252990787342
0.9302638202864792,0.06973617971352078
0.9504499620570499,0.04955003794295018
0.9598762632599365,0.04012373674006355
0.9507652833229421,0.04923471667705792
0.9346945572259729,0.06530544277402707
0.9506253193972086,0.04937468060279131
0.9393774312318907,0.06062256876810933
0.9519092090168532,0.04809079098314684
0.9401983318289017,0.059801668171098325
0.9370300503248385,0.06296994967516156
0.9461694165265068,0.05383058347349332
0.9062942286713396,0.09370577132866037
0.9498887872674621,0.050111212732537984
0.9412687144899606,0.05873128551003942
0.9624589020284698,0.03754109797153026
0.936485738424539,0.06351426157546095
0.9191932431655907,0.0808067568344093
0.9259860347860098,0.07401396521399017
0.9361831557155527,0.06381684428444741
0.9662283648308821,0.03377163516911783
0.9268964248347076,0.07310357516529235
0.9430043787993204,0.05699562120067961
0.9124035178389884,0.08759648216101151
0.9160521192748162,0.08394788072518379
0.9512057168293285,0.048794283170671526
0.9203666529146481,0.07963334708535186
0.9325745059800157,0.06742549401998432
0.9325579379316372,0.0674420620683628
0.9347283235257049,0.06527167647429517
0.9279418383914638,0.07205816160853623
0.9374220883395264,0.06257791166047356
0.9395955967029668,0.06040440329703334
0.9524990060460502,0.047500993953949834
0.923188884321881,0.07681111567811903
0.9592518946872948,0.04074810531270524
0.9302103835958044,0.06978961640419558
0.9118481028264366,0.08815189717356346
0.9567866634402117,0.04321333655978829
0.9554694640302076,0.04453053596979225
0.9748102285630945,0.025189771436905487
0.9644599179670911,0.035540082032909
0.9146586003385068,0.08534139966149328
0.9265495860113298,0.07345041398867026
0.9479598987904027,0.052040101209597366
0.9460005456640382,0.05399945433596178
0.9371734331926088,0.06282656680739121
0.9372992283709692,0.06270077162903075
0.940259023165392,0.05974097683460799
0.9258797750809082,0.07412022491909183
0.9440636576986059,0.05593634230139412
0.950775438731159,0.04922456126884101
0.9308531632567524,0.0691468367432477
0.9067934585084341,0.093206541491566
0.9617416654014193,0.03825833459858079
0.9553707144768678,0.044629285523132264
0.9536742182405153,0.046325781759484694
0.9685718642508905,0.03142813574910951
0.9384632205613941,0.06153677943860598
0.9513548563411761,0.04864514365882393
0.9694283661255759,0.030571633874424048
0.9500490855305054,0.04995091446949464
0.979692768311243,0.020307231688757133
0.9613279487178389,0.0386720512821611
0.9389358042347492,0.0610641957652509
0.9490255645471982,0.05097443545280177
0.912852991868441,0.0871470081315591
0.9321206194522196,0.06787938054778038
0.9345033062462615,0.06549669375373843
0.9564852303804416,0.04351476961955838
0.951149453516252,0.04885054648374795
0.9609908425008565,0.03900915749914349
0.9455436756876054,0.05445632431239443
0.9566614671971658,0.043338532802834284
0.9653954431652293,0.03460455683477068
0.9171559072159426,0.08284409278405738
0.9273913175657132,0.07260868243428685
0.9396192645518607,0.06038073544813925
0.9719337377174708,0.028066262282529147
0.9679156139944844,0.032084386005515504
0.9395404043443348,0.06045959565566514
0.9372812222325925,0.0627187777674076
0.9451439215468425,0.05485607845315749
0.9533834490585682,0.046616550941431766
0.9530814420783803,0.04691855792161973
0.863151951132302,0.13684804886769794
0.956091787478224,0.04390821252177604
0.939259282925365,0.060740717074635034
0.9515711375179273,0.04842886248207278
0.9513515913868996,0.04864840861310045
0.9284893950151507,0.07151060498484933
0.9621088196030988,0.037891180396901286
0.9094957905215427,0.09050420947845728
0.9309252310197534,0.06907476898024661
0.9136459570501215,0.08635404294987849
0.9838861617468339,0.016113838253166108
0.9266910834951619,0.07330891650483803
0.9612332872182777,0.03876671278172222
0.9328277275792312,0.06717227242076886
0.9372170146785155,0.06278298532148457
0.9497221933307837,0.050277806669216385
0.9493548553742773,0.05064514462572269
0.9501043095005345,0.04989569049946561
0.9584564665369619,0.04154353346303812
0.9507923114660035,0.04920768853399649
0.9574556518595507,0.04254434814044925
0.9465243442944862,0.053475655705513776
0.9411972626060567,0.058802737393943275
0.9567749053793463,0.0432250946206537
0.9418978643105727,0.05810213568942735
0.9322327864825961,0.06776721351740393
0.938293529194169,0.06170647080583098
0.9498224522734298,0.05017754772657028
0.9600313540439415,0.039968645956058604
0.9416131179116821,0.05838688208831781
0.9587920385403713,0.04120796145962861
0.9407002688993228,0.05929973110067724
0.9233214776067497,0.07667852239325028
0.955470228919908,0.04452977108009202
0.950983508489782,0.04901649151021804
0.9634250850777306,0.03657491492226937
0.9566234029487257,0.04337659705127435
0.956201746571226,0.04379825342877404
0.9858508520188201,0.014149147981179954
0.9409749918979459,0.05902500810205424
0.9425386958548683,0.057461304145131814
0.9456620939208479,0.05433790607915212
0.9746292908262147,0.02537070917378528
0.9654317223644359,0.034568277635564186
0.9383292288446294,0.06167077115537048
0.9499067193336852,0.0500932806663148
0.9536063677441192,0.04639363225588069
0.9452501492011995,0.054749850798800494
0.9571053861041999,0.042894613895800154
0.9555264787046521,0.04447352129534787
0.9224776154899191,0.0775223845100809
0.9282299448913961,0.07177005510860383
0.9690815186191214,0.03091848138087864
0.9552371935649436,0.04476280643505641
0.9350727763945884,0.06492722360541153
0.9430262481981165,0.05697375180188351
0.9529987720235064,0.04700122797649363
0.9188742894725441,0.08112571052745594
0.9604386313470397,0.039561368652960414
0.9425456508166202,0.05745434918337989
0.9598824434547506,0.04011755654524948
0.9387380051712213,0.061261994828778685
0.9605691574366073,0.039430842563392715
0.9554068388275047,0.04459316117249536
0.9534401297583526,0.046559870241647386
0.9273882811887404,0.07261171881125952
0.92547142315649,0.07452857684351014
0.9366061176425297,0.06339388235747037
0.9347736085975699,0.06522639140243028
0.9446658520630717,0.05533414793692835
0.9538532477650125,0.046146752234987556
0.9372474800158832,0.06275251998411688
0.9343185392883867,0.06568146071161324
0.9350428780833364,0.06495712191666354
0.9596583884008437,0.040341611599156287
0.9593373566563492,0.04066264334365083
0.9679568825477856,0.03204311745221442
0.9279101006739104,0.07208989932608957
0.9653385285969636,0.03466147140303642
0.9426212475818103,0.057378752418189766
0.9344598359689854,0.06554016403101458
0.925138519599304,0.07486148040069604
0.9268458722214905,0.07315412777850958
0.9292531072578502,0.07074689274214987
0.9535580229650351,0.04644197703496488
0.935959836013833,0.06404016398616694
0.9449512186004158,0.05504878139958416
0.9661338014729486,0.033866198527051423
0.9220614451565715,0.07793855484342854
0.8750180908149668,0.12498190918503314
0.9267613987595592,0.07323860124044068
0.9435704950838717,0.05642950491612835
0.9354772203492299,0.06452277965077022
0.9665545713326967,0.03344542866730328
0.918849435755348,0.08115056424465189
0.9285229614406809,0.07147703855931914
0.9311563714126876,0.06884362858731234
0.9574525905859296,0.042547409414070494
0.936723231458664,0.06327676854133607
0.970464132058426,0.029535867941574027
0.9287191898060403,0.07128081019395968
0.9532885960585586,0.04671140394144142
0.9586461354536228,0.0413538645463771
0.9345325968403864,0.06546740315961373
0.9439521677945071,0.05604783220549296
0.9222963725523105,0.07770362744768956
0.9285743283753011,0.07142567162469898
0.9399173554260416,0.06008264457395844
0.93701846658582,0.06298153341418002
0.9432188376339455,0.05678116236605452
0.9261874422641488,0.07381255773585112
0.9438125307978614,0.05618746920213854
0.9228468287802483,0.07715317121975186
0.9427136880701058,0.05728631192989423
0.9465992021946955,0.05340079780530453
0.9460534197087501,0.05394658029124987
0.9301870012252677,0.06981299877473238
0.9027227392036826,0.09727726079631745
0.9610541458884404,0.03894585411155964
0.9691604705374248,0.03083952946257518
0.9533182654026866,0.0466817345973134
0.9706947747397862,0.029305225260213914
0.920391292747386,0.07960870725261415
0.9472743410952749,0.052725658904725144
0.9676323676289178,0.03236763237108231
0.9399796185874958,0.060020381412504265
0.9493309702273623,0.050669029772637604
0.9367484915089574,0.0632515084910425
0.9183009834181713,0.08169901658182865
0.9330126365047975,0.0669873634952025
0.9251703811879919,0.07482961881200821
0.9236542754974992,0.07634572450250068
0.9459727185604176,0.05402728143958231
0.9239618980774361,0.0760381019225639
0.9600229238527367,0.03997707614726331
0.9414405495298077,0.05855945047019233
0.9275592310626398,0.07244076893736015
0.9327780311441802,0.06722196885581981
0.938413518821911,0.061586481178089
0.9393860452952697,0.060613954704730334
0.9795802610553577,0.02041973894464229
0.9557515799824958,0.044248420017504224
0.9594831635368,0.040516836463200034
0.9486714944143934,0.05132850558560669
0.9428748765473911,0.057125123452608936
0.9330260237542967,0.06697397624570336
0.9580886246796478,0.04191137532035219
0.9475248441077198,0.052475155892280315
0.9480446304855104,0.05195536951448979
0.9611695422977252,0.03883045770227488
0.9444815377247258,0.05551846227527425
0.9615382516549307,0.03846174834506935
0.9697375083177041,0.030262491682295927
0.9648162864697868,0.035183713530213184
0.9556302501161603,0.04436974988383965
0.924869076613708,0.07513092338629199
0.9144046742145485,0.0855953257854515
0.9617398782337557,0.03826012176624431
0.9418040470032237,0.05819595299677623
0.9314381045768944,0.06856189542310567
0.9640976388143794,0.03590236118562066
0.9648363599673958,0.03516364003260423
0.9238878847810684,0.07611211521893155
0.943610038366691,0.05638996163330911
0.9561581798613482,0.04384182013865169
0.9641144667802454,0.03588553321975461
0.9290695529728106,0.07093044702718942
0.9493572408896349,0.050642759110365115
0.9524995069550692,0.04750049304493075
0.9350437937025801,0.06495620629741994
0.9338769802315053,0.06612301976849469
0.9228265672110101,0.07717343278899
0.9380489215727303,0.061951078427269594
0.918401254130797,0.08159874586920315
0.9399372411194198,0.060062758880580165
0.9521780454510351,0.04782195454896487
0.9721783151192787,0.027821684880721446
0.897091843277568,0.10290815672243206
0.9300886676034202,0.0699113323965797
0.9333960605227323,0.06660393947726766
0.944075158620987,0.05592484137901289
0.9202095435724792,0.07979045642752075
0.9112198524166744,0.08878014758332559
0.931616303788235,0.06838369621176506
0.9309430355286938,0.06905696447130616
0.925639702101744,0.07436029789825618
0.9419721912807357,0.0580278087192642
0.934865794977185,0.06513420502281503
0.9311566376299871,0.06884336237001296
0.9227562615900152,0.07724373840998475
0.9580628123438766,0.04193718765612348
0.9434604830034999,0.05653951699650008
0.9100572582158214,0.08994274178417852
0.9634473250729154,0.036552674927084576
0.9466617972733067,0.0533382027266933
0.9373857204404038,0.06261427955959632
0.9178056101492466,0.08219438985075346
0.9383534306050147,0.06164656939498524
0.9634730009558958,0.036526999044104155
0.9315241507031462,0.06847584929685382
0.9423547857600315,0.057645214239968476
0.9658524487912663,0.03414755120873371
0.9336455475769331,0.06635445242306688
0.9434487996942338,0.0565512003057662
0.9299476057058454,0.07005239429415462
0.9183804506369472,0.08161954936305282
0.9440537004697789,0.05594629953022119
0.9365976649046179,0.06340233509538211
0.9054444432672617,0.09455555673273838
0.9352542929504938,0.06474570704950626
0.9593525328713148,0.04064746712868517
0.9344580043382011,0.06554199566179884
0.9145862392579501,0.08541376074204984
0.9590883697511681,0.04091163024883192
0.9226538203880188,0.0773461796119813
0.9387636242261304,0.06123637577386967
0.9612213448239012,0.0387786551760988
0.9461420044034318,0.053857995596568196
0.9421893630909719,0.057810636909028115
0.9107019167795943,0.08929808322040574
0.9285251433244799,0.07147485667552007
0.9543735806303811,0.045626419369618955
0.941871040927932,0.0581289590720681
0.9505760472577081,0.04942395274229188
0.9536229284870478,0.04637707151295215
0.9100396639613828,0.08996033603861722
0.9700589247687292,0.029941075231270764
0.9461162456882708,0.053883754311729135
0.9397327946753831,0.06026720532461697
0.9401075997027984,0.05989240029720152
0.933080147605409,0.06691985239459103
0.9441199753231886,0.05588002467681135
0.9193218739605975,0.08067812603940247
0.9397455820960774,0.0602544179039227
0.9672336254213407,0.03276637457865932
0.9445174231539782,0.05548257684602185
0.9593115282535905,0.04068847174640955
0.9658192551348901,0.03418074486510995
0.943789054696899,0.05621094530310105
0.9611139185602455,0.03888608143975449
0.9317815760064817,0.06821842399351818
0.9700715147834656,0.02992848521653436
0.9537110009635978,0.04628899903640216
0.9593850835871436,0.04061491641285645
0.9260972140154764,0.07390278598452363
0.9313614393985467,0.06863856060145339
0.9468832832795766,0.053116716720423444
0.9721045452020437,0.027895454797956243
0.9158042459041884,0.08419575409581166
0.9580498631965748,0.041950136803425235
0.9536440972894044,0.046355902710595656
0.9349162248321509,0.06508377516784918
0.9138925336586791,0.08610746634132099
0.91430879669168,0.08569120330832003
0.9452070500486619,0.05479294995133814
0.9484420638343468,0.05155793616565317
0.9528710046632319,0.04712899533676805
0.9339769258967833,0.06602307410321684
0.9376288814835227,0.062371118516477315
0.9718814932713067,0.02811850672869335
0.9405379764115414,0.05946202358845856
0.9450014583066314,0.05499854169336859
0.9304808655375642,0.06951913446243584
0.9593600344017693,0.04063996559823061
0.9334690771930134,0.06653092280698665
0.9284068447131202,0.07159315528687986
0.9120170745988839,0.08798292540111598
0.9210925231323619,0.0789074768676381
0.9623300371237443,0.03766996287625564
0.938100468666959,0.06189953133304108
0.9770854360329475,0.0229145639670525
0.9359977093232897,0.06400229067671034
0.9260134872206292,0.07398651277937084
0.9516736175623526,0.04832638243764757
0.9385592528149396,0.06144074718506046
0.9456114556762709,0.05438854432372905
0.928143212193904,0.0718567878060959
0.9053209173348873,0.09467908266511275
0.9382608555480028,0.06173914445199723
0.9152341192566824,0.08476588074331755
0.940988925764362,0.05901107423563797
0.9508262277529687,0.049173772247031365
0.9805659472524526,0.01943405274754735
0.9355488231817803,0.06445117681821971
0.9518128418631243,0.04818715813687574
0.9515567503191984,0.04844324968080169
0.9617081903957034,0.038291809604296616
0.9681954558057579,0.031804544194241974
0.9342441645864041,0.06575583541359589
0.9504058728819972,0.049594127118002755
0.9321298914170043,0.06787010858299576
0.9522153780478297,0.047784621952170224
0.9535595673089483,0.0464404326910518
0.9599807236320623,0.04001927636793772
0.9546785976876457,0.04532140231235435
0.9284448900905756,0.0715551099094243
0.9448835374412777,0.05511646255872236
0.9566083013747254,0.04339169862527462
0.964961967545736,0.035038032454263984
0.951264896073963,0.04873510392603708
0.9389108235470006,0.0610891764529995
0.9330167051334542,0.06698329486654571
0.9393010131725475,0.06069898682745242
0.9754268527109438,0.024573147289056296
0.9667792303015209,0.03322076969847909
0.9552974415500467,0.0447025584499533
0.9385960255716267,0.06140397442837334
0.9205351883851174,0.07946481161488264
0.9365530150995544,0.06344698490044567
0.9563671351337671,0.04363286486623284
0.9337921168158573,0.0662078831841427
0.9612008042275552,0.03879919577244481
0.9486898494406963,0.051310150559303706
0.9420601969422847,0.0579398030577153
0.9365144577894569,0.06348554221054327
0.9414355272376279,0.058564472762372054
0.9253854163667008,0.07461458363329929
0.9451269071220256,0.05487309287797443
0.9601606201998428,0.039839379800157164
0.9172680275716909,0.08273197242830907
0.959210913322965,0.040789086677035014
0.9484994571599233,0.051500542840076685
0.9342704888124886,0.06572951118751129
0.9327253168845541,0.06727468311544592
0.9086625136281812,0.09133748637181882
0.9175249278401328,0.08247507215986714
0.9723303421895135,0.027669657810486428
0.9636385692337854,0.03636143076621451
0.9513049859152004,0.04869501408479956
0.948770537721439,0.05122946227856098
0.9428776819319491,0.05712231806805087
0.9535232259311304,0.04647677406886959
0.9521838809678026,0.04781611903219747
0.9462541794331605,0.05374582056683952
0.9589413118095306,0.04105868819046947
0.936447905797586,0.06355209420241412
0.968440533805557,0.031559466194443164
0.9523028742728926,0.04769712572710737
0.970353503997195,0.029646496002805015
0.9593784346354222,0.040621565364577866
0.9088064295260572,0.09119357047394287
0.9564182422695997,0.0435817577304003
0.9164871227855552,0.08351287721444488
0.9099808106905676,0.09001918930943252
0.9431821133808903,0.05681788661910966
0.9483624297810125,0.05163757021898763
0.9362153788683076,0.06378462113169238
0.9498464756228134,0.050153524377186634
0.968158966957567,0.03184103304243305
0.9595820945706003,0.04041790542939974
0.9449114902934885,0.05508850970651159
0.9047354764612829,0.09526452353871716
0.9238516912481091,0.07614830875189092
0.9374586205371161,0.0625413794628839
0.9783359169204673,0.02166408307953269
0.9436213763236578,0.05637862367634209
0.9459624671586964,0.05403753284130355
0.9433109157233925,0.05668908427660755
0.9331516686401616,0.06684833135983835
0.9334485767262766,0.06655142327372345
0.9176480146221893,0.08235198537781077
0.9387671126501653,0.06123288734983468
0.9601808466274223,0.03981915337257766
0.9129419043354325,0.08705809566456751
0.9688237338315115,0.0311762661684884
0.9565777958290411,0.04342220417095897
0.9607141013601861,0.03928589863981394
0.949678530673564,0.050321469326436045
0.9594377552682334,0.04056224473176651
0.9164179927778606,0.08358200722213938
0.9408467627872829,0.05915323721271718
0.956459062673499,0.04354093732650104
0.9078765686678493,0.09212343133215078
0.9055539720207122,0.09444602797928786
0.9435213516748516,0.05647864832514837
0.9740107792154828,0.025989220784517195
0.9507530270957552,0.04924697290424482
0.9249260568270706,0.07507394317292941
0.9574250467544582,0.042574953245541836
0.9544676854282989,0.04553231457170116
0.9469002705860269,0.05309972941397324
0.9517390621669253,0.04826093783307471
0.9394493708762142,0.06055062912378572
0.9353800945815273,0.06461990541847275
0.9731732372934804,0.026826762706519736
0.9347689800206799,0.06523101997932026
0.9412497290961744,0.05875027090382556
0.9425145774521079,0.05748542254789212
0.9230206838140462,0.07697931618595377
0.9479151106121685,0.052084889387831595
0.9252581871513124,0.07474181284868767
0.9611548739932911,0.03884512600670891
0.9429885943230191,0.05701140567698104
0.8922887365410034,0.10771126345899674
0.9433126174585647,0.056687382541435336
0.9693966556368043,0.030603344363195596
0.9514242451162405,0.04857575488375947
0.9480246165070428,0.05197538349295721
0.9316873690445465,0.06831263095545348
0.9631625251219752,0.03683747487802473
0.961168259156913,0.038831740843086965
0.9459627312427573,0.054037268757242754
0.9486920413868064,0.05130795861319369
0.9189399543249266,0.08106004567507345
0.9665928288182722,0.03340717118172786
0.9546985414703005,0.04530145852969958
0.9452707794607585,0.05472922053924153
0.9408949415747933,0.05910505842520676
0.9222122408315275,0.0777877591684726
0.9386633386448313,0.06133666135516877
0.9352212042390518,0.06477879576094837
0.9583834188125621,0.041616581187437954
0.9549025848910319,0.04509741510896814
0.9472132216794289,0.052786778320571055
0.9581938174694113,0.04180618253058868
0.9525633633231158,0.047436636676884227
0.8822927310178756,0.11770726898212441
0.9513227248429648,0.04867727515703528
0.9334358447990541,0.06656415520094591
0.957063407280329,0.04293659271967093
0.9696428947605839,0.030357105239416204
0.9489718471144079,0.05102815288559213
0.9353932712701657,0.06460672872983436
0.9469624320551376,0.05303756794486239
0.9385027735937493,0.06149722640625068
0.9608557515438688,0.039144248456131125
0.8792324393059298,0.12076756069407033
0.9339001204538065,0.06609987954619348
0.9584869555708349,0.04151304442916515
0.9163614042481405,0.08363859575185956
0.9504543793311171,0.049545620668882975
0.9676050518892897,0.032394948110710364
0.943081130021889,0.05691886997811108
0.9408340074932354,0.05916599250676459
0.9187266653055537,0.08127333469444638
0.9457244839548908,0.05427551604510921
0.966155228682915,0.033844771317084965
0.958772802422399,0.041227197577601044
0.9535499761529158,0.046450023847084215
0.9561747455874016,0.04382525441259858
0.9604005830368321,0.03959941696316802
0.9623927259364533,0.03760727406354662
0.9728119303906922,0.02718806960930774
0.9088564141565193,0.09114358584348074
0.9558420911231452,0.0441579088768548
0.9370171296644255,0.06298287033557452
0.9445998579802599,0.055400142019740195
0.9599231959420911,0.040076804057908984
0.9542196218631724,0.0457803781368276
0.9398359656352905,0.060164034364709476
0.9462341578174174,0.05376584218258261
0.9571978414902536,0.0428021585097466
0.9736583901439243,0.026341609856075636
0.938976943072556,0.06102305692744415
0.9346687110880841,0.06533128891191582
0.9417672455986967,0.0582327544013033
0.9473606279133011,0.05263937208669892
0.9306447054161707,0.06935529458382932
0.94855344020088,0.051446559799120134
0.9424450776613555,0.05755492233864443
0.9448600866659179,0.05513991333408212
0.9426322472963315,0.05736775270366849
0.9597804580897439,0.040219541910256174
0.9558475900967633,0.04415240990323669
0.9407818736729922,0.05921812632700777
0.9044174898773841,0.09558251012261586
0.9169347649304944,0.08306523506950568
0.9225969816315899,0.07740301836841021
0.9534953539004379,0.046504646099562064
0.9080347621125847,0.0919652378874153
0.939315671972118,0.0606843280278821
0.9535605277644081,0.04643947223559191
0.9642777339255808,0.0357222660744192
0.947448981869337,0.05255101813066293
0.9440253389128401,0.05597466108715995
0.9227811256888083,0.07721887431119158
0.9686975765748718,0.0313024234251282
0.9269644661375085,0.07303553386249151
0.9161602898835566,0.08383971011644344
0.9553567109121862,0.044643289087813856
0.9170080382598462,0.08299196174015391
0.9508629010464638,0.049137098953536316
0.9618725585352764,0.03812744146472352
0.9649832815039521,0.0350167184960479
0.9363667786556328,0.06363322134436718
0.9517022755192105,0.04829772448078953
0.919717257831304,0.080282742168696
0.9507412874372808,0.04925871256271925
0.9460838003070998,0.05391619969290011
0.9707950311241289,0.02920496887587102
0.9653563403011897,0.03464365969881032
0.9535990247171244,0.04640097528287556
0.9513185722201221,0.04868142777987794
0.944470954016158,0.055529045983842056
0.9294289304951818,0.07057106950481824
0.945784376354141,0.05421562364585905
0.9547836202752946,0.045216379724705415
0.961812368346945,0.03818763165305507
0.9657581978493031,0.03424180215069697
0.9515899360091687,0.04841006399083124
0.9491935805458335,0.050806419454166495
0.9121477243411892,0.08785227565881078
0.9599650672506136,0.040034932749386326
0.9358277024878864,0.06417229751211377
0.9456014806795361,0.05439851932046382
0.9411684553202873,0.05883154467971275
0.9651783296953068,0.03482167030469327
0.9303631703920696,0.06963682960793044
0.9531786313738876,0.046821368626112386
0.9519596084331998,0.04804039156680021
0.9604929819116036,0.03950701808839638
0.9185064090375973,0.08149359096240288
0.9473993891587325,0.05260061084126754
0.9341469850033738,0.06585301499662626
0.9640274260101217,0.03597257398987829
0.9508283559097604,0.04917164409023947
0.9439225814434604,0.056077418556539596
0.939736766121741,0.060263233878259166
0.9573862164482346,0.04261378355176542
0.880952520531972,0.11904747946802799
0.9015132989937508,0.09848670100624932
0.9777511943523226,0.022248805647677422
0.9458057769947138,0.05419422300528624
0.9669258286965958,0.03307417130340424
0.9476368436253647,0.05236315637463527
0.9512710601950319,0.04872893980496823
0.9582079396392927,0.041792060360707275
0.9199797182428653,0.08002028175713477
0.985870800595367,0.014129199404632933
0.9455786366397773,0.05442136336022274
0.945431902763414,0.05456809723658603
0.9782732636784096,0.021726736321590313
0.9376297446034998,0.062370255396500277
0.9447751448215932,0.05522485517840682
0.9443939504786718,0.05560604952132824
0.9552301473801255,0.04476985261987451
0.9473454911446627,0.05265450885533736
0.9544455706929651,0.04555442930703491
0.9437702501719697,0.056229749828030334
0.947531568743358,0.052468431256642065
0.9538075178995746,0.04619248210042538
0.9220496240808592,0.07795037591914085
0.9568384355149664,0.04316156448503377
0.9881168187786468,0.011883181221353241
0.9573025101614979,0.04269748983850206
0.9526520915669167,0.04734790843308326
0.9374800693099141,0.06251993069008581
0.9250456723112724,0.07495432768872763
0.9566496688661734,0.04335033113382659
0.9407639943244063,0.059236005675593735
0.9022082085085193,0.09779179149148076
0.9609024741728045,0.039097525827195535
0.9417683782672901,0.05823162173270991
0.9268819305397358,0.07311806946026435
0.9423969293248879,0.057603070675112084
0.9185974118302523,0.08140258816974771
0.9244921901311468,0.07550780986885322
0.9140245062721852,0.0859754937278147
0.9547510031310195,0.04524899686898056
0.9575308120845906,0.04246918791540942
0.9192862216256871,0.0807137783743129
0.958322022118426,0.041677977881574096
0.919639006659649,0.08036099334035095
0.9497559176364394,0.05024408236356063
0.9666074048850262,0.033392595114973854
0.9584194083683776,0.0415805916316225
0.9451610619106372,0.05483893808936279
0.9518795663230969,0.04812043367690309
0.9495377199325655,0.050462280067434466
0.9192973698834388,0.08070263011656117
0.9685161213009106,0.031483878699089404
0.9734844993184737,0.026515500681526402
0.9518995909938264,0.04810040900617366
0.949399029084474,0.05060097091552604
0.9507816012795353,0.0492183987204648
0.9304803203107789,0.06951967968922106
0.9523492367538104,0.047650763246189554
0.9340120323870647,0.06598796761293542
0.9229468325849383,0.07705316741506178
0.9313837475138412,0.06861625248615874
0.941616593041216,0.058383406958783954
0.935038412727936,0.06496158727206403
0.9565788541605352,0.043421145839464804
0.9471685815227182,0.05283141847728184
0.945176725810768,0.05482327418923206
0.9510086013302276,0.04899139866977242
0.939911678224035,0.06008832177596503
0.9153453414444306,0.08465465855556945
0.9513004524810162,0.04869954751898386
0.9581655214069339,0.04183447859306614
0.9480753446232334,0.05192465537676655
0.9535655424780926,0.046434457521907425
0.9509758633715262,0.04902413662847378
0.9642034694548322,0.03579653054516783
0.9541357172198428,0.04586428278015726
0.9381818066497546,0.06181819335024537
0.9424105988581102,0.0575894011418898
0.9488066595929838,0.05119334040701624
0.9598332621821246,0.040166737817875366
0.9667647715881561,0.03323522841184395
0.9109796076782349,0.08902039232176504
0.9519033723766321,0.04809662762336786
0.9301122390920098,0.06988776090799019
0.9635862147869007,0.036413785213099265
0.9373488463280154,0.06265115367198454
0.9326927388424515,0.06730726115754852
0.9439431237220095,0.05605687627799048
0.9369200295111478,0.06307997048885218
0.9360608875315697,0.06393911246843037
0.9449096624014046,0.05509033759859535
0.953671044280816,0.04632895571918403
0.9458657195373019,0.05413428046269814
0.9598579048817357,0.04014209511826431
0.9433272095166018,0.056672790483398336
0.9632710490930301,0.03672895090696992
0.9369980453922482,0.06300195460775185
0.9482446223952989,0.05175537760470112
0.9664330743929371,0.03356692560706284
0.9763269257226809,0.023673074277319156
0.941661213483297,0.05833878651670292
0.9378885512270648,0.062111448772935146
0.9217920929606198,0.07820790703938024
0.9113349650102709,0.08866503498972916
0.9447834821976439,0.055216517802356216
0.9174324832213442,0.08256751677865584
0.9352135529016111,0.06478644709838882
0.920603159142481,0.07939684085751894
0.9439152164960539,0.05608478350394616
0.9442894622479915,0.05571053775200847
0.9563262053987939,0.043673794601206184
0.9645182955504499,0.03548170444955005
0.9592475448949255,0.0407524551050745
0.9208965905059194,0.07910340949408058
0.947415550797015,0.05258444920298505
0.9352122970190486,0.06478770298095138
0.9695358841186024,0.030464115881397566
0.950423069283644,0.04957693071635604
0.9506863481650805,0.04931365183491957
0.945405777130283,0.05459422286971696
0.9353396091968963,0.06466039080310379
0.9347106706708974,0.06528932932910256
0.9561509204944396,0.0438490795055604
0.9534860617432955,0.04651393825670454
0.9243392373738631,0.07566076262613687
0.9506661605672021,0.049333839432797816
0.9353241459795527,0.06467585402044732
0.940206883750835,0.05979311624916496
0.9659016116895075,0.034098388310492486
0.9292752957969497,0.07072470420305033
0.9244823541226381,0.07551764587736196
0.9408597292258403,0.059140270774159745
0.9595458826132893,0.04045411738671064
0.9420492022995408,0.05795079770045918
0.9420263502707192,0.0579736497292808
0.9576473011773269,0.042352698822673104
0.9340939345834637,0.06590606541653637
0.9234911752297545,0.07650882477024547
0.9359148540947465,0.06408514590525355
0.9449253238292148,0.05507467617078516
0.9473436654437607,0.05265633455623933
0.9573559013382649,0.04264409866173519
0.9584439192115107,0.041556080788489366
0.9422632879907233,0.05773671200927664
0.9602899551240648,0.03971004487593525
0.9587535327634675,0.041246467236532504
0.945025439424403,0.054974560575597034
0.9018131107446805,0.09818688925531963
0.9364949933426109,0.0635050066573892
0.9229152689952389,0.07708473100476108
0.9599180670779688,0.04008193292203131
0.9605288233141428,0.039471176685857215
0.9321745199688547,0.0678254800311453
0.922685814641102,0.07731418535889797
0.9264216863079029,0.07357831369209705
0.9537292903953407,0.04627070960465926
0.9491473418054344,0.05085265819456561
0.895526392006653,0.10447360799334707
0.9603933222839846,0.03960667771601542
0.9106963162944077,0.08930368370559226
0.9286351616187336,0.07136483838126634
0.9388270521198717,0.06117294788012834
0.9463407779248548,0.05365922207514523
0.9476892509830116,0.052310749016988414
0.9475581090768374,0.05244189092316268
0.944342723266917,0.055657276733082954
0.9383663341071805,0.06163366589281957
0.9320183904842477,0.06798160951575227
0.9255355509057457,0.07446444909425438
0.9296696348814695,0.0703303651185305
0.9603093935796757,0.039690606420324334
0.9368741130848456,0.06312588691515447
0.9631082829370412,0.03689171706295878
0.9397550954011579,0.06024490459884213
0.9362281891092152,0.06377181089078478
0.9483181073369626,0.05168189266303743
0.9524551823636997,0.047544817636300266
0.8858202899226335,0.11417971007736658
0.9512589014297487,0.04874109857025123
0.9565711731592722,0.04342882684072782
0.9358643430947327,0.06413565690526746
0.9144515665489401,0.08554843345105996
0.9648746956167128,0.03512530438328726
0.9214933776785261,0.07850662232147394
0.9403847888708237,0.059615211129176275
0.9234532271920689,0.07654677280793108
0.9546287269025676,0.04537127309743234
0.9453589043384295,0.054641095661570535
0.9467382630020482,0.05326173699795188
0.9544932784171122,0.045506721582887884
0.9272342866135028,0.07276571338649719
0.9285552527501378,0.07144474724986223
0.9461743918471447,0.05382560815285535
0.9568108571383186,0.04318914286168149
0.9280725865627286,0.07192741343727137
0.9548253317501378,0.04517466824986225
0.9545137557507409,0.045486244249259046
0.9337374203179565,0.06626257968204348
0.9484717170395214,0.05152828296047867
0.9452037041024556,0.054796295897544416
0.9008293844299947,0.0991706155700053
0.9323710405917747,0.06762895940822536
0.9121193579994759,0.0878806420005242
0.9364053307146364,0.0635946692853636
0.9484154398396701,0.05158456016032992
0.9585696166278238,0.04143038337217625
0.9435873480754573,0.05641265192454262
0.9596476685099014,0.040352331490098696
0.97450182132184,0.025498178678159983
0.9507051444592175,0.04929485554078248
0.9258982346464494,0.07410176535355073
0.9393569688515143,0.06064303114848561
0.9442689652781532,0.055731034721846824
0.9245002961667538,0.07549970383324628
0.9605712301311823,0.03942876986881777
0.9539036004021131,0.046096399597886945
0.9396715316547988,0.060328468345201225
0.956062773280071,0.0439372267199291
0.9561386390013176,0.04386136099868245
0.9687688900200697,0.031231109979930304
0.9407915684170237,0.059208431582976305
0.9660851515102817,0.0339148484897182
0.9468275276823324,0.05317247231766759
0.9600613274617578,0.03993867253824237
0.9631318654342087,0.036868134565791355
0.9151137385978073,0.08488626140219271
0.949246747044854,0.05075325295514605
0.916897810803382,0.08310218919661808
0.970766319919369,0.029233680080630944
0.9267134083758767,0.07328659162412335
0.9505331353623896,0.04946686463761047
0.9552523303458212,0.04474766965417872
0.9140329467729573,0.08596705322704276
0.9462220612070756,0.05377793879292434
0.9594577206510378,0.04054227934896211
0.9477926064188411,0.05220739358115888
0.9638055936676724,0.03619440633232758
0.9515760339034915,0.04842396609650846
0.9565227676592177,0.043477232340782386
0.9485010154923261,0.05149898450767399
0.9661917122744849,0.03380828772551517
0.9507613515174889,0.049238648482511214
0.9361761752116993,0.0638238247883007
0.9426625265658788,0.05733747343412127
0.9254806556070382,0.07451934439296176
0.9467258727376059,0.053274127262394125
0.9418885832137356,0.058111416786264476
0.9295729032138278,0.07042709678617233
0.9396938007150231,0.06030619928497694
0.92965048551675,0.07034951448324991
0.9460637865559193,0.05393621344408086
0.9679488636281068,0.032051136371893205
0.9162730492403951,0.08372695075960494
0.9519717601664623,0.04802823983353763
0.9445293410135359,0.055470658986464166
0.936318444689016,0.063681555310984
0.9602891416917598,0.039710858308240074
0.9183577804811545,0.08164221951884566
0.9700056024292795,0.029994397570720553
0.9368741517914005,0.06312584820859955
0.9539970464173745,0.046002953582625544
0.950950612079017,0.04904938792098309
0.9450329658896983,0.05496703411030178
0.969986988962704,0.030013011037296044
0.9586088184051172,0.041391181594882726
0.9268370991406212,0.07316290085937888
0.9763985265802072,0.023601473419792858
0.9642006561339129,0.035799343866087054
0.953332722689069,0.046667277310931045
0.9714576622956496,0.028542337704350385
0.9596627742185178,0.04033722578148238
0.9490060845106069,0.05099391548939306
0.9752450741312254,0.02475492586877469
0.9269866970026371,0.07301330299736292
0.9456901138886677,0.05430988611133221
0.9463175401115035,0.05368245988849642
0.9601497235570274,0.03985027644297256
0.9235808525523469,0.07641914744765306
0.9360050998870993,0.06399490011290075
0.9502361960871155,0.04976380391288455
0.959983220550153,0.04001677944984708
0.9159119313521196,0.08408806864788036
0.9361246042654264,0.0638753957345735
0.9441667046168696,0.05583329538313043
0.9761316981591197,0.02386830184088022
0.9382724733471857,0.06172752665281444
0.9339398433838784,0.06606015661612166
0.9286830499828258,0.07131695001717425
0.9312051012951992,0.06879489870480078
0.9610661355183091,0.03893386448169094
0.9224522802306687,0.0775477197693313
0.9686006767911297,0.03139932320887033
0.9496819931621412,0.050318006837858885
0.9560466943808464,0.04395330561915367
0.9395181132057124,0.060481886794287607
0.9488141432274803,0.05118585677251987
0.9711952053272273,0.028804794672772735
0.9440968935310377,0.05590310646896243
0.9616783392881377,0.0383216607118622
0.9143345064576196,0.08566549354238039
0.9422244143437803,0.05777558565621968
0.9239005639240812,0.07609943607591889
0.9410609061555171,0.0589390938444828
0.9489847826120589,0.05101521738794102
0.9591643443880977,0.040835655611902354
0.9469236534455144,0.05307634655448569
0.9190767089140567,0.08092329108594332
0.9321263385047684,0.06787366149523157
0.9374219467904961,0.06257805320950396
0.9437280944872412,0.05627190551275885
0.9248587271395603,0.07514127286043971
0.9484611729113571,0.051538827088642936
0.9552865496256832,0.044713450374316815
0.9703122494862716,0.029687750513728357
0.9525011335749399,0.047498866425060134
0.9075130851012285,0.09248691489877145
0.8984145099320935,0.10158549006790649
0.9455078235962763,0.054492176403723766
0.9514826730805869,0.04851732691941319
0.93292944576396,0.06707055423604011
0.9383443096201869,0.0616556903798131
0.9151163467765888,0.08488365322341113
0.9559795305082565,0.04402046949174364
0.9329731741864739,0.06702682581352616
0.9234267858865162,0.07657321411348374
0.9233794680240347,0.07662053197596536
0.9469125261978553,0.053087473802144715
0.9508903928378758,0.049109607162124244
0.9097925497297575,0.09020745027024239
0.9406442061856158,0.05935579381438419
0.9445532403205662,0.055446759679433785
0.9134793015146722,0.08652069848532778
0.9377748786035559,0.06222512139644407
0.9372330108661028,0.0627669891338972
0.919672708031218,0.0803272919687819
0.9373712262958686,0.06262877370413138
0.9542207174004003,0.045779282599599715
0.9700709829598247,0.029929017040175265
0.9267309075816014,0.07326909241839864
0.9427660197749772,0.05723398022502288
0.9172288891109173,0.08277111088908276
0.9800279147442116,0.019972085255788495
0.9314622801031204,0.06853771989687958
0.9650125016296054,0.03498749837039458
0.939143494428764,0.06085650557123607
0.930594951594726,0.06940504840527383
0.9573377873256291,0.042662212674370856
0.9547118384100325,0.045288161589967575
0.9542640966043119,0.04573590339568807
0.9440030918403041,0.05599690815969601
0.9299763140338202,0.07002368596617982
0.9236053380400726,0.07639466195992743
0.9449377993320787,0.05506220066792134
0.9365660001844831,0.06343399981551694
0.9210913602219911,0.07890863977800888
0.9423043419520892,0.05769565804791075
0.9422210885043212,0.05777891149567882
0.950499298240251,0.049500701759749036
0.9243546737463748,0.07564532625362516
0.9212192017814597,0.0787807982185403
0.943129507062392,0.056870492937608055
0.9525117052172563,0.0474882947827437
0.9363762788720064,0.06362372112799371
0.9076632153627409,0.0923367846372591
0.9486769240827524,0.05132307591724775
0.9181905191244106,0.08180948087558937
0.9524212313709526,0.047578768629047447
0.9276588011503544,0.07234119884964561
0.956612155380193,0.043387844619807076
0.9392937171071899,0.060706282892810146
0.9468365430338279,0.05316345696617211
0.9560060672163307,0.04399393278366929
0.9436637571943413,0.05633624280565888
0.9549933604226863,0.04500663957731364
0.9384543837006085,0.0615456162993915
0.9429828697432263,0.05701713025677379
0.9492416590656796,0.05075834093432054
0.9275649532523323,0.07243504674766771
0.9348942206690167,0.0651057793309833
0.9213549765623159,0.07864502343768406
0.9527894543558536,0.047210545644146396
0.9748770722823102,0.025122927717689772
0.9195342569455156,0.08046574305448435
0.9436186756151982,0.0563813243848018
0.9390428696552756,0.060957130344724365
0.9533092240770448,0.04669077592295527
0.9554459441193799,0.04455405588062009
0.9200774628018115,0.07992253719818851
0.9609741014347204,0.039025898565279514
0.9240690969905423,0.0759309030094577
0.9178806605705248,0.08211933942947537
0.9405629278794235,0.05943707212057649
0.9155386702980156,0.08446132970198436
0.9345127385401117,0.06548726145988834
0.9525754486519017,0.04742455134809835
0.9212623814374548,0.07873761856254527
0.9508237031689339,0.049176296831066016
0.9406854483333218,0.059314551666678116
0.9486352768058525,0.05136472319414759
0.929529694061959,0.07047030593804109
0.9464929795409824,0.053507020459017625
0.9642496001554319,0.03575039984456796
0.9569139621877839,0.04308603781221617
0.9286873045839537,0.07131269541604643
0.9242729100175465,0.0757270899824534
0.9142933425556339,0.0857066574443662
0.9324994426609614,0.06750055733903859
0.9706191318423134,0.029380868157686625
0.9552924294958862,0.044707570504113725
0.9517999040329409,0.04820009596705911
0.9307909851785513,0.06920901482144873
0.9155094275389286,0.08449057246107147
0.9278927042591708,0.07210729574082922
0.9660127939782964,0.03398720602170361
0.9436986194783367,0.056301380521663356
0.8784574435576958,0.12154255644230424
0.9295869754600934,0.07041302453990661
0.9512833618437045,0.048716638156295455
0.9614566692874288,0.038543330712571176
0.9005083334807547,0.0994916665192454
0.9531769757869981,0.04682302421300189
0.926593739820252,0.073406260179748
0.9113092294611076,0.08869077053889246
0.9074747469650833,0.09252525303491668
0.9466775952449319,0.0533224047550681
0.9762252720099298,0.023774727990070202
0.955687336237264,0.04431266376273592
0.9351468400608577,0.06485315993914226
0.9232554413975882,0.07674455860241172
0.9615684549828794,0.03843154501712075
0.9240757761113043,0.07592422388869562
0.9368673977021696,0.06313260229783037
0.9437997430787322,0.05620025692126788
0.9074183136942144,0.09258168630578557
0.924143873100363,0.07585612689963711
0.9388409574263944,0.06115904257360566
0.9840442452685365,0.015955754731463573
0.9403989348155076,0.0596010651844924
0.9607365884530937,0.03926341154690624
0.9527756219797962,0.04722437802020381
0.9287030542622181,0.07129694573778195
0.9183278692784981,0.08167213072150194
0.9392549790873503,0.06074502091264974
0.9449134897406979,0.055086510259302036
0.9594389417563528,0.04056105824364725
0.938219507462384,0.061780492537615916
0.9698175778033318,0.030182422196668154
0.9617196271759405,0.03828037282405951
0.938561208452424,0.06143879154757602
0.9633033282790567,0.03669667172094332
0.9568058442789131,0.04319415572108696
0.9493971382582432,0.050602861741756766
0.9326532361522274,0.06734676384777265
0.9490796402017754,0.05092035979822464
0.9498312431527881,0.05016875684721182
0.9524981364260257,0.04750186357397431
0.953150357663976,0.046849642336024025
0.95996378823317,0.04003621176683003
0.9453229178783115,0.054677082121688675
0.9451732508624213,0.05482674913757871
0.9529419684624424,0.04705803153755764
0.9328703869031884,0.06712961309681166
0.9610707222695823,0.038929277730417655
0.9477111887747853,0.05228881122521479
0.9222872591986943,0.07771274080130582
0.9578899139997573,0.04211008600024262
0.9288520645827856,0.07114793541721445
0.963751977209435,0.0362480227905651
0.9576019591627869,0.04239804083721315
0.9666029775211448,0.03339702247885529
0.9642973577376749,0.03570264226232517
0.9632154369426522,0.03678456305734783
0.9436499588472729,0.05635004115272711
0.9500851744230746,0.04991482557692537
0.9272115067046898,0.07278849329531029
0.9467712213148501,0.05322877868514971
0.9493624961868308,0.05063750381316926
0.9376197082627047,0.06238029173729533
0.9058404269733418,0.09415957302665828
0.8917035448494951,0.1082964551505049
0.9184854693268268,0.08151453067317321
0.9422937870159197,0.057706212984080366
0.951798073178808,0.04820192682119193
0.9558454735109784,0.04415452648902164
0.9224130071112949,0.07758699288870505
0.936188208591131,0.06381179140886899
0.9243881875571656,0.07561181244283444
0.9478313393353361,0.052168660664663906
0.9478252901365695,0.052174709863430514
0.9400749414421978,0.05992505855780213
0.9336938948976301,0.06630610510236998
0.9451565060061349,0.05484349399386513
0.9315751100012215,0.06842488999877852
0.9340910174756957,0.06590898252430435
0.9347713055544435,0.06522869444555648
0.9596637407061335,0.04033625929386652
0.9481363794020119,0.05186362059798806
0.9201875564834004,0.07981244351659952
0.924647881783583,0.07535211821641698
0.9488319736467742,0.051168026353225864
0.9114306136117983,0.08856938638820164
0.9555954258407314,0.04440457415926865
0.9331711706557299,0.06682882934427017
0.9262158545528885,0.07378414544711152
0.9234064151208095,0.07659358487919052
0.9586723467545404,0.041327653245459534
0.9106021102740893,0.08939788972591067
0.9246608582515945,0.0753391417484055
0.9837720182371817,0.016227981762818366
0.9681707824268811,0.03182921757311881
0.9448450364871286,0.05515496351287147
0.9541813040236662,0.04581869597633394
0.9587792070784381,0.041220792921561944
0.9665110360681068,0.033488963931893184
0.9517622420046897,0.04823775799531028
0.9479460341080272,0.05205396589197275
0.953068579362944,0.04693142063705601
0.9278570418898348,0.07214295811016531
0.9262752827221602,0.07372471727783984
0.9205103716220773,0.07948962837792278
0.9679998859357015,0.03200011406429846
0.9532221722608178,0.04677782773918214
0.9372863396359683,0.06271366036403171
0.9449501389944982,0.05504986100550181
0.9329747918007971,0.067025208199203
0.9353923040695274,0.06460769593047254
0.9461184122929297,0.053881587707070265
0.9685656719908128,0.03143432800918716
0.9622590239257999,0.037740976074200155
0.9195737119934861,0.0804262880065138
0.9382433995186049,0.06175660048139499
0.9485223822642103,0.05147761773578981
0.9481111615275841,0.05188883847241595
0.9378478003549122,0.06215219964508789
0.9551354342422173,0.04486456575778271
0.9519494763919113,0.04805052360808875
0.8919707003246593,0.10802929967534075
0.9554255605079246,0.04457443949207542
0.9224603661929364,0.07753963380706369
0.9613646683263092,0.038635331673690806
0.9195473923402868,0.0804526076597132
0.9415657939553325,0.058434206044667605
0.9618275703386828,0.038172429661317175
0.9280498745296062,0.07195012547039374
0.9547981915159348,0.045201808484065256
0.9468177160664838,0.053182283933516296
0.9571486384344263,0.042851361565573634
0.9269303075960249,0.07306969240397516
0.9529489083346815,0.047051091665318553
0.9162037383405048,0.08379626165949522
0.9509143597128416,0.049085640287158526
0.9474065379860038,0.052593462013996214
0.9221131747867287,0.07788682521327121
0.9279027187398756,0.07209728126012455
0.9235334183332233,0.07646658166677667
0.9584109990728035,0.04158900092719654
0.9490250059238051,0.05097499407619484
0.9444163627587885,0.05558363724121162
0.9232421877633702,0.07675781223662981
0.9203288535146537,0.07967114648534641
0.9583314468717404,0.04166855312825957
0.9077661369195907,0.09223386308040925
0.9343234952157065,0.06567650478429364
0.9509531152717308,0.049046884728269305
0.9433967669835062,0.056603233016493795
0.9289475477421437,0.07105245225785631
0.9380568892931487,0.06194311070685133
0.9412671965341097,0.05873280346589023
0.9468899499580432,0.053110050041956805
0.9575318967202789,0.04246810327972104
0.9453633327566611,0.054636667243338835
0.8797940378732095,0.12020596212679052
0.9587991017785077,0.04120089822149229
0.947767814796057,0.052232185203943085
0.9529026874518478,0.04709731254815218
0.9084049883395334,0.0915950116604666
0.943987429724916,0.056012570275083946
0.9548637722440504,0.04513622775594957
0.9469572973357354,0.05304270266426454
0.9487487940586349,0.051251205941365154
0.9635908444218079,0.03640915557819216
0.9635789615817703,0.03642103841822982
0.9321241484810324,0.06787585151896766
0.9185784976515299,0.08142150234847018
0.9334669083827556,0.06653309161724447
0.9474714000564904,0.052528599943509516
0.9671095108836931,0.03289048911630694
0.9256788130946653,0.07432118690533476
0.95465501217968,0.04534498782032015
0.9537570075511842,0.04624299244881574
0.9362446719317778,0.06375532806822215
0.9334091037298189,0.06659089627018117
0.9273026447272497,0.07269735527275037
0.9609751124029912,0.039024887597008805
0.9228883354315998,0.07711166456840018
0.933365584426489,0.06663441557351112
0.942072741540195,0.057927258459805085
0.9367405650893306,0.06325943491066942
0.9589086109876285,0.04109138901237157
0.8986457292111208,0.10135427078887921
0.9487071597439792,0.05129284025602076
0.9062163905911058,0.09378360940889427
0.9144933852096083,0.08550661479039168
0.9452859720024134,0.054714027997586685
0.9245778812828397,0.07542211871716037
0.9532141131843328,0.04678588681566726
0.9336592031098868,0.06634079689011316
0.9544915613577677,0.045508438642232356
0.9242254616841431,0.07577453831585704
0.8960933746291323,0.10390662537086769
0.9302868055407413,0.06971319445925878
0.9522864544731262,0.047713545526873825
0.923046808264901,0.07695319173509897
0.9531994580074851,0.04680054199251489
0.9310001241875973,0.06899987581240268
0.9348822797108284,0.06511772028917157
0.942272408055889,0.057727591944111076
0.9280771178522093,0.07192288214779076
0.9442769410322999,0.055723058967700224
0.9294918437493999,0.07050815625060027
0.9382404997642697,0.06175950023573018
0.9646711777592809,0.03532882224071906
0.9764042059872843,0.02359579401271585
0.9174663801971162,0.08253361980288376
0.9284040443449432,0.07159595565505689
0.9286921070658222,0.07130789293417786
0.9561381485049693,0.043861851495030794
0.9235334487600406,0.07646655123995931
0.9360154721323102,0.06398452786768985
0.9267073162731135,0.07329268372688649
0.948162395286917,0.05183760471308307
0.9279238483460331,0.0720761516539669
0.9551452389108217,0.044854761089178276
0.9538042052242063,0.04619579477579374
0.957976719192192,0.04202328080780816
0.9280487817676004,0.07195121823239953
0.9269788826035712,0.07302111739642879
0.9642248011923105,0.03577519880768958
0.968207228543293,0.031792771456707065
0.9587633542618506,0.04123664573814944
0.956686061891642,0.04331393810835803
0.9475631104433135,0.05243688955668649
0.9200461322415537,0.07995386775844632
0.9214122685759683,0.07858773142403179
0.910705348900734,0.08929465109926603
0.9329318749601498,0.06706812503985017
0.9214897325018165,0.07851026749818345
0.9582767867932488,0.04172321320675122
0.9350578013341614,0.06494219866583864
0.9519652669425631,0.048034733057436926
0.9352184110938405,0.06478158890615945
0.9431479896303042,0.05685201036969566
0.940343906847048,0.059656093152951936
0.9535303304920961,0.046469669507903856
0.9443285191881454,0.0556714808118546
0.943931742507287,0.05606825749271309
0.9594447529549976,0.04055524704500248
0.9442475339574319,0.05575246604256811
0.9283415240475255,0.07165847595247456
0.9507864326114555,0.04921356738854465
0.9035269081535519,0.09647309184644812
0.9806292777768645,0.019370722223135524
0.9342312226078257,0.06576877739217449
0.9362902115139059,0.06370978848609403
0.8882458267777565,0.11175417322224354
0.9296200535092337,0.07037994649076629
0.9402610109102153,0.059738989089784686
0.9517404605287099,0.04825953947129019
0.9512961486322741,0.04870385136772596
0.9345696952428271,0.06543030475717294
0.9578608656464536,0.04213913435354646
0.9598318550372975,0.04016814496270247
0.9276031078024893,0.07239689219751066
0.9521191491989573,0.047880850801042645
0.9323856301084238,0.06761436989157621
0.9400671635386888,0.05993283646131112
0.9592095822437696,0.04079041775623034
0.9530865177572134,0.04691348224278657
0.9501463012389932,0.04985369876100681
0.9635341389114442,0.036465861088555845
0.9212377607834435,0.07876223921655649
0.95056638496005,0.04943361503995007
0.9642198230213266,0.03578017697867353
0.9576517784945756,0.04234822150542443
0.962075789775647,0.03792421022435299
0.9471136197676363,0.05288638023236371
0.9412881466551062,0.05871185334489397
0.9538811863707283,0.04611881362927159
0.9503861030151726,0.04961389698482753
0.9143527201143274,0.08564727988567256
0.8984932374611936,0.10150676253880637
0.9698054326687464,0.030194567331253544
0.930131427029461,0.0698685729705389
0.9358155194609676,0.06418448053903242
0.9321781388199563,0.06782186118004363
0.9509096662159019,0.04909033378409819
0.9286809279578296,0.0713190720421704
0.9343036612562192,0.06569633874378071
0.9422197344812222,0.05778026551877785
0.9380831811822067,0.06191681881779339
0.9329418660581572,0.06705813394184286
0.9586293496163562,0.04137065038364391
0.9300152363057874,0.06998476369421258
0.9165841412210902,0.08341585877890977
0.943932873511096,0.0560671264889041
0.9213367959820363,0.07866320401796376
0.8986092715057704,0.10139072849422968
0.9350755061272953,0.06492449387270476
0.9455567917765805,0.054443208223419616
0.9307856607673481,0.06921433923265184
0.9147253563836256,0.08527464361637445
0.9525828800382354,0.047417119961764585
0.9468588425483988,0.053141157451601195
0.9324364968260753,0.06756350317392466
0.9504486805150917,0.04955131948490832
0.9123035094296857,0.0876964905703143
0.9434173666248116,0.056582633375188374
0.9481344343398763,0.05186556566012368
0.9401631947342673,0.05983680526573261
0.9808077947478527,0.019192205252147387
0.9382326902023267,0.061767309797673295
0.9160242805030803,0.08397571949691982
0.9150452850588894,0.08495471494111068
0.9417879691606029,0.05821203083939712
0.9503443864185012,0.0496556135814989
0.942417887955211,0.05758211204478907
0.9352573873482408,0.0647426126517592
0.9512081743886948,0.04879182561130519
0.9516142488601734,0.04838575113982659
0.9513719300364689,0.04862806996353105
0.9730011951949349,0.0269988048050652
0.9484346878118626,0.0515653121881374
0.9451482590196991,0.05485174098030098
0.9442419869777992,0.0557580130222009
0.937638936709742,0.06236106329025809
0.9656529922258116,0.03434700777418845
0.9451302484361704,0.054869751563829526
0.9351788290417251,0.06482117095827485
0.9635344096515667,0.036465590348433316
0.9657191168519136,0.03428088314808644
0.9314869158638984,0.0685130841361016
0.9456499347561688,0.054350065243831305
0.9158332987715448,0.08416670122845513
0.9487032458419069,0.05129675415809318
0.937260370232312,0.062739629767688
0.9302343932723367,0.0697656067276633
0.9252667443958058,0.07473325560419428
0.954638573202316,0.04536142679768394
0.9450527272291667,0.05494727277083331
0.9255201647363936,0.07447983526360641
0.9676309271784802,0.03236907282151984
0.9607759352301166,0.03922406476988347
0.9436085872829671,0.05639141271703289
0.9504325604569742,0.049567439543025886
0.9456381925520655,0.0543618074479345
0.9385007992567127,0.061499200743287304
0.9207498660195261,0.07925013398047386
0.926669080766554,0.073330919233446
0.9401240541758313,0.059875945824168775
0.9561832040593741,0.04381679594062597
0.9418331149558575,0.05816688504414241
0.9411945740681801,0.058805425931819935
0.9331807294290889,0.06681927057091115
0.9485367108385726,0.05146328916142742
0.8971182888132854,0.10288171118671471
0.9441258430163963,0.05587415698360363
0.9625744766439349,0.037425523356065124
0.939767812303507,0.06023218769649299
0.957095293938953,0.04290470606104711
0.9434378321874162,0.05656216781258381
0.9312010727119727,0.0687989272880273
0.9382853027360917,0.06171469726390834
0.926920027213808,0.07307997278619208
0.9476153947855687,0.05238460521443142
0.9879764164313987,0.012023583568601396
0.9677145761683791,0.032285423831620946
0.9603311455519943,0.0396688544480058
0.9251653893094423,0.0748346106905577
0.9438218974714975,0.05617810252850251
0.9381282972309931,0.06187170276900694
1.0,0.0
0.9128890822309751,0.08711091776902492
0.9747088820056198,0.025291117994380264
0.9571498975757814,0.04285010242421875
0.9246132150281549,0.0753867849718452
0.9340481056756692,0.06595189432433082
0.9280876450702459,0.07191235492975424
0.9413570805910152,0.05864291940898484
0.9627658788964905,0.03723412110350953
0.9490925850937195,0.050907414906280604
0.946670657976995,0.053329342023004926
0.9327118139871377,0.0672881860128624
0.9090309720606287,0.09096902793937131
0.9349135158477384,0.06508648415226159
0.9571623578436302,0.042837642156369815
0.9560667462005809,0.043933253799419245
0.9332009001874286,0.0667990998125715
0.9406752613536665,0.05932473864633343
0.9502910429612129,0.049708957038787076
0.9409935734873317,0.05900642651266838
0.9458387889475568,0.05416121105244319
0.919010582098491,0.08098941790150911
0.9249706043966046,0.07502939560339542
0.9434683326269613,0.05653166737303882
0.9382190336345859,0.061780966365414205
0.9260261768963549,0.07397382310364514
0.9695190431599385,0.030480956840061513
0.9607386068310008,0.03926139316899918
0.9556286728360296,0.04437132716397045
0.9212785867184234,0.07872141328157652
0.9235955236136753,0.07640447638632478
0.9172782970432468,0.08272170295675316
0.9584663522550637,0.04153364774493636
0.9697051974744155,0.030294802525584454
0.9252215642184358,0.07477843578156422
0.9339783906105615,0.06602160938943838
0.9435329917751247,0.056467008224875236
0.948247359393804,0.051752640606196075
0.9384155554834435,0.061584444516556536
0.8941767742281739,0.1058232257718261
0.959197359125269,0.04080264087473097
0.9563623481832964,0.04363765181670361
0.9526255961668454,0.0473744038331546
0.9203504665869751,0.07964953341302487
0.9479694268749858,0.0520305731250142
0.9271609607214322,0.07283903927856777
0.9639180191091656,0.03608198089083442
0.9307850474651871,0.0692149525348129
0.9403906186284616,0.05960938137153839
0.9317565074598392,0.06824349254016081
0.9279428104503507,0.0720571895496493
0.9511311491835227,0.04886885081647735
0.9749403210893864,0.02505967891061366
0.9788922520753301,0.021107747924669813
0.9595123994774003,0.040487600522599684
0.9417950840974852,0.05820491590251483
0.9548254577715042,0.045174542228495776
0.9382359867560779,0.061764013243922104
0.9498191660921392,0.050180833907860746
0.9382464617568359,0.06175353824316412
0.954103505169746,0.045896494830254125
0.9300290044909688,0.06997099550903123
0.9492876723852645,0.05071232761473545
0.9219179138145499,0.0780820861854501
0.9392443037744813,0.06075569622551876
0.9463707069506418,0.05362929304935804
0.9514670242114096,0.04853297578859054
0.9246322029663675,0.07536779703363246
0.9462757254358198,0.05372427456418019
0.9565470925850877,0.04345290741491231
0.9302463928709338,0.06975360712906621
0.960547042790669,0.03945295720933095
0.9424351800707769,0.05756481992922315
0.9176813275818341,0.08231867241816607
0.9485454717010584,0.05145452829894165
0.9624134041505968,0.03758659584940317
0.9342582907077578,0.06574170929224217
0.9562481320648641,0.043751867935135906
0.954307355288823,0.045692644711176976
0.9452580983389326,0.05474190166106732
0.9303255790736347,0.06967442092636522
0.9479394251241211,0.052060574875878965
0.9550231804930595,0.0449768195069406
0.9293199256238999,0.07068007437610022
0.9605074912728362,0.03949250872716381
0.9286088194198886,0.0713911805801115
0.95974126069347,0.04025873930653011
0.9324904566759512,0.06750954332404885
0.9548852679257893,0.04511473207421066
0.9466220215761619,0.05337797842383805
0.9545538996154045,0.04544610038459554
0.9341489628526815,0.06585103714731853
0.9536163030091485,0.046383696990851576
0.9480728167140269,0.051927183285973136
0.9590858014418415,0.040914198558158504
0.9364608761257812,0.0635391238742188
0.9329809099637456,0.0670190900362544
0.9756971677730403,0.024302832226959704
0.97101802063064,0.028981979369360075
0.9557208089463742,0.0442791910536258
0.926641246069351,0.073358753930649
0.9355567390737414,0.06444326092625861
0.9349313281760587,0.06506867182394124
0.9417675346512115,0.05823246534878847
0.9509530198802547,0.04904698011974538
0.9434786236772486,0.0565213763227513
0.9611450783200943,0.0388549216799057
0.966797396786706,0.03320260321329403
0.9580629583824142,0.041937041617585775
0.9247454930347161,0.07525450696528391
0.9590138859681296,0.040986114031870344
0.915013822261242,0.08498617773875812
0.9224736479841226,0.07752635201587742
0.9502360698396358,0.04976393016036422
0.9188831850687886,0.08111681493121142
0.9601535619183007,0.0398464380816993
0.931400663761802,0.06859933623819807
0.9547881278671918,0.045211872132808195
0.9266658204510586,0.07333417954894147
0.9438525586946757,0.056147441305324265
0.961250651502327,0.03874934849767303
0.9750023952649274,0.024997604735072555
0.951383054594744,0.04861694540525597
0.9469101513681165,0.0530898486318835
0.9473037798718706,0.05269622012812937
0.9191245227667597,0.0808754772332403
0.9538765614056516,0.04612343859434841
0.9558022568618981,0.044197743138101764
0.9529608739609974,0.047039126039002545
0.9311427506752893,0.06885724932471075
0.9499372241407757,0.05006277585922429
0.946959227514805,0.053040772485195044
0.9479559789270962,0.05204402107290384
0.9581992351292632,0.04180076487073672
0.9461108982781565,0.05388910172184344
0.9418853881275474,0.058114611872452704
0.9494293949822671,0.05057060501773295
0.9074168184617071,0.09258318153829297
0.9544027189280923,0.045597281071907775
0.9511863778964565,0.04881362210354358
0.9401843629204757,0.05981563707952431
0.9558979553215448,0.04410204467845519
0.9624922877792571,0.0375077122207429
0.9309348348505075,0.06906516514949253
0.9273911654420065,0.07260883455799355
0.9460057094516987,0.053994290548301294
0.92091343591276,0.07908656408724007
0.9501707941793786,0.04982920582062136
0.9359761021981867,0.06402389780181328
0.9474973911375693,0.05250260886243071
0.9538043158563508,0.04619568414364918
0.9349992442980748,0.06500075570192518
0.9015306883468486,0.09846931165315154
0.9286911720911032,0.07130882790889684
0.929795730329694,0.070204269670306
0.9255484788025233,0.07445152119747663
0.9750912355476623,0.02490876445233766
0.9284511758174782,0.07154882418252187
0.9388865525003578,0.061113447499642266
0.9444102328752128,0.05558976712478729
0.9668616988931702,0.03313830110682982
0.9073829439587393,0.09261705604126072
0.938696878169909,0.06130312183009101
0.9443973364489924,0.05560266355100775
0.9053684165424656,0.0946315834575344
0.9233622263442756,0.07663777365572441
0.9372113119045181,0.0627886880954819
0.9490312618335572,0.05096873816644279
0.9590974479943714,0.04090255200562865
0.945004956118943,0.0549950438810571
0.9318172503019753,0.06818274969802487
0.9316222663303312,0.06837773366966886
0.9688749702838804,0.03112502971611973
0.9429896075145014,0.05701039248549862
0.9476169180991896,0.05238308190081042
0.94185453519128,0.05814546480872004
0.9254797950496493,0.07452020495035072
0.9625240725852073,0.03747592741479272
0.9378281046368924,0.062171895363107584
0.9455111995717755,0.05448880042822447
0.933070547961268,0.06692945203873193
0.9260822933732746,0.07391770662672542
0.9549324830183924,0.0450675169816077
0.9360112242725735,0.0639887757274265
0.9519583812199042,0.048041618780095864
0.9511052377043049,0.04889476229569514
0.9753904391478199,0.02460956085218015
0.9183026932139629,0.08169730678603725
0.9459333544506907,0.05406664554930937
0.9394693273140815,0.06053067268591853
0.9554619990882747,0.04453800091172523
0.9489270411141228,0.051072958885877075
0.9193046264541773,0.08069537354582271
0.9543718813208277,0.04562811867917223
0.9513908049880148,0.048609195011985254
0.9498324438574951,0.050167556142504864
0.9509985993588308,0.049001400641169146
0.9292914266057293,0.07070857339427072
0.9417575230792987,0.05824247692070138
0.9286247612456703,0.07137523875432976
0.9347194174229206,0.06528058257707926
0.9540384605610122,0.04596153943898795
0.9131746428135054,0.08682535718649476
0.931948651389635,0.06805134861036492
0.9377314990377099,0.06226850096229012
0.970982290729817,0.02901770927018291
0.9306677895216964,0.06933221047830368
0.9252581177088186,0.07474188229118146
0.9535226673710787,0.046477332628921286
0.9697302216254193,0.03026977837458071
0.9295260659709426,0.07047393402905758
0.943704132419948,0.05629586758005195
0.9526242895963363,0.047375710403663784
0.967984936326453,0.03201506367354698
0.9396717726806356,0.0603282273193644
0.9258286684977401,0.0741713315022598
0.9406012994770653,0.05939870052293463
0.9370182584992546,0.06298174150074552
0.9323902954390928,0.06760970456090733
0.9412864025646663,0.058713597435333664
0.9437078866429223,0.05629211335707776
0.945398788758486,0.054601211241513944
0.9328089640342436,0.06719103596575632
0.939637469386337,0.060362530613663146
0.9540794605794175,0.04592053942058258
0.9607972495659458,0.03920275043405418
0.9577207514101955,0.04227924858980445
0.9646633417416582,0.03533665825834169
0.9462733472357239,0.05372665276427618
0.9296096183602124,0.07039038163978768
0.9568658483496822,0.04313415165031776
0.9392208637906299,0.06077913620937014
0.9316269980012237,0.06837300199877636
0.9110625994191348,0.0889374005808651
0.9097367298662873,0.09026327013371274
0.95863026940457,0.041369730595430004
0.9190535912211392,0.08094640877886074
0.9563936151783584,0.04360638482164161
0.9553147021046113,0.04468529789538873
0.9482722672799853,0.05172773272001464
0.9453604961665957,0.05463950383340439
0.9216087037571724,0.07839129624282766
0.9348868395883153,0.06511316041168477
0.9161340207845126,0.0838659792154875
0.9801850169036093,0.019814983096390813
0.9651896152897738,0.03481038471022633
0.9660799221042058,0.033920077895794286
0.9537480382550654,0.04625196174493468
0.9251411248242984,0.07485887517570167
0.9242367034326283,0.07576329656737177
0.9803802640656517,0.01961973593434836
0.9666294051669335,0.03337059483306648
0.9330535603159608,0.06694643968403924
0.9461121777562223,0.053887822243777715
0.9119012754082004,0.0880987245917996
0.9455477012336065,0.054452298766393466
0.9261493213768732,0.07385067862312673
0.9503737195681934,0.049626280431806676
0.9629789298608898,0.03702107013911013
0.9178497047383747,0.08215029526162543
0.9342703947172691,0.06572960528273088
0.9587647123060428,0.04123528769395727
0.9297448585626497,0.07025514143735036
0.9530059771789693,0.04699402282103067
0.9240865807577597,0.07591341924224033
0.952539874631895,0.04746012536810497
0.9061335121638384,0.09386648783616154
0.9631742882047624,0.036825711795237595
0.9126893355376214,0.08731066446237856
0.9452359000018117,0.05476409999818826
0.9439706009189343,0.05602939908106574
0.9280309076233214,0.0719690923766785
0.8985471808342601,0.10145281916573987
0.9460678879514939,0.053932112048506106
0.9548531694072312,0.04514683059276884
0.9506820914505624,0.049317908549437704
0.9520844939526918,0.04791550604730827
0.9444556173449165,0.05554438265508362
0.9209987522899684,0.07900124771003168
0.9755339504615174,0.02446604953848273
0.9307153955126481,0.06928460448735181
0.8945278442621027,0.10547215573789728
0.9434957441818272,0.05650425581817274
0.973330243737234,0.026669756262766083
0.9639515886496366,0.03604841135036335
0.9332385771622964,0.0667614228377036
0.9411078548268,0.05889214517319996
0.9271737792279183,0.07282622077208172
0.9594786041553006,0.04052139584469947
0.9298979727494162,0.07010202725058387
0.934030989463646,0.06596901053635398
0.9659645353395525,0.034035464660447594
0.9191580222554367,0.0808419777445632
0.9102770844930685,0.0897229155069315
0.947280941738564,0.05271905826143598
0.9693687644751059,0.03063123552489412
0.9397667727838014,0.0602332272161986
0.9573358857105678,0.04266411428943224
0.9542155467238285,0.04578445327617147
0.9683656206535066,0.03163437934649335
0.9335288697161938,0.06647113028380623
0.9516042857827602,0.04839571421723971
0.9664654055397118,0.03353459446028818
0.9578218687519716,0.04217813124802843
0.940892353622552,0.0591076463774481
0.9634626517188674,0.03653734828113258
0.943422104762878,0.05657789523712192
0.9368186605315422,0.06318133946845789
0.9657340132494159,0.03426598675058408
0.9335660493844138,0.06643395061558628
0.9247531372524095,0.07524686274759057
0.9488892388064897,0.05111076119351031
0.9363195506002407,0.06368044939975921
0.9422052282978892,0.057794771702110684
0.9550012489786012,0.044998751021398824
0.9117438111141883,0.0882561888858117
0.9596593602186863,0.04034063978131375
0.9477273320472429,0.052272667952757
0.9251012099195405,0.0748987900804596
0.958055842234856,0.04194415776514401
0.93293168611416,0.06706831388584009
0.9261529756880879,0.07384702431191217
0.9651774892968117,0.03482251070318826
0.9435556067057957,0.056444393294204205
0.9353751229071341,0.064624877092866
0.9196635410264831,0.08033645897351706
0.946903437638216,0.05309656236178405
0.9595191722153613,0.04048082778463869
0.929974857599676,0.07002514240032391
0.9467496459727888,0.053250354027211226
0.9455899969422041,0.054410003057795885
0.9409294678420053,0.059070532157994696
0.9420218755477986,0.057978124452201456
0.9628329907195267,0.037167009280473354
0.9315778156015483,0.06842218439845178
0.947526985525825,0.05247301447417498
0.9290405970435814,0.07095940295641845
0.9562278487401887,0.043772151259811286
0.9243566987859293,0.07564330121407076
0.9556138343459402,0.04438616565405977
0.9529633491970921,0.04703665080290797
0.9522208299629877,0.04777917003701234
0.925415510015805,0.0745844899841949
0.9568329827926219,0.04316701720737825
0.8965140687996386,0.10348593120036144
0.9300157031040382,0.06998429689596183
0.9439683136157296,0.05603168638427037
0.9631377932474302,0.036862206752569855
0.957833723586439,0.042166276413561
0.959808279261685,0.04019172073831512
0.9270926447299002,0.07290735527009985
0.9290873270159118,0.0709126729840882
0.9453141469588616,0.054685853041138384
0.9416915660656073,0.058308433934392584
0.9380748400064615,0.06192515999353853
0.9560807232655902,0.04391927673440979
0.9212630553909807,0.07873694460901917
0.9475958507198013,0.0524041492801986
0.9639197871177763,0.03608021288222376
0.9487627845129214,0.05123721548707865
0.957861530841155,0.042138469158844984
0.9419042193232902,0.05809578067670992
0.9478081725698918,0.0521918274301083
0.9400541350505698,0.05994586494943021
0.9404846655292294,0.05951533447077057
0.9370253320307452,0.06297466796925476
0.9210836412306872,0.07891635876931288
0.9672957325114139,0.03270426748858615
0.9581406160016059,0.04185938399839413
0.9815326537081976,0.018467346291802376
0.9290019629633336,0.07099803703666638
0.9129070681216619,0.08709293187833816
0.9123132460444163,0.08768675395558367
0.9614729846253056,0.038527015374694426
0.9539976030864717,0.04600239691352825
0.9418095191203976,0.05819048087960231
0.9550083558682938,0.04499164413170622
0.9348854380199443,0.06511456198005576
0.9550365931368568,0.044963406863143186
0.9326882408988105,0.06731175910118946
0.9533095142954502,0.04669048570454985
0.9310958312050174,0.06890416879498262
0.9423710788478703,0.05762892115212978
0.9353589727780883,0.06464102722191166
0.9309370235795575,0.06906297642044246
0.9519451614337909,0.04805483856620911
0.9410938567367994,0.05890614326320069
0.9421736010880438,0.05782639891195618
0.9477443428735126,0.05225565712648748
0.9196958620476178,0.08030413795238216
0.9192830954923908,0.08071690450760917
0.9578894218761292,0.04211057812387082
0.9615425037793849,0.03845749622061525
0.9616648790709288,0.03833512092907121
0.9525548713115117,0.04744512868848834
0.9469755098072887,0.05302449019271132
0.9316441874556283,0.06835581254437173
0.9586275156081717,0.04137248439182834
0.9248921766419606,0.07510782335803945
0.9759276584690679,0.024072341530932066
0.9644686385870836,0.035531361412916365
0.9473650993992141,0.05263490060078589
0.9457001862846444,0.054299813715355645
0.9495220156003853,0.05047798439961471
0.9341282365109727,0.06587176348902735
0.9364436289698269,0.06355637103017316
0.9281313816335967,0.07186861836640343
0.9407970955256675,0.059202904474332484
0.9478923079571479,0.05210769204285208
0.9285917014986402,0.07140829850135988
0.9550267278466467,0.04497327215335337
0.9359070963373542,0.06409290366264575
0.955967011326171,0.044032988673829
0.8989580661003771,0.10104193389962292
0.907868652824007,0.09213134717599313
0.9354831312281601,0.06451686877183987
0.9583630650486084,0.04163693495139162
0.9081325387725793,0.0918674612274208
0.9274883476544322,0.07251165234556786
0.8999499519221805,0.10005004807781956
0.9695902054985208,0.03040979450147921
0.9390798982844929,0.060920101715507186
0.9599017613418342,0.04009823865816585
0.9878254809926676,0.012174519007332359
0.962776291397554,0.03722370860244597
0.966813304832081,0.03318669516791896
0.9471784210345057,0.05282157896549436
0.9223244230089711,0.07767557699102892
0.9493160611542831,0.0506839388457168
0.9540225400451218,0.04597745995487826
0.9343740132007475,0.06562598679925248
0.9320728440416871,0.06792715595831286
0.9304364380910668,0.06956356190893324
0.93622084524801,0.06377915475199003
0.9310975462457575,0.0689024537542425
0.9351873630453169,0.06481263695468309
0.9492545073760614,0.0507454926239386
0.9461903873977334,0.05380961260226659
0.9623421174379883,0.03765788256201179
0.9551194153386844,0.04488058466131564
0.9534333951757062,0.04656660482429369
0.9369223340542587,0.06307766594574134
0.9443375550093742,0.05566244499062578
0.9568560967366629,0.043143903263337086
0.9640229422907878,0.03597705770921224
0.9587694575851934,0.0412305424148066
0.9060067546234745,0.09399324537652552
0.9538323144801203,0.04616768551987979
0.9073268986860957,0.09267310131390433
0.9568973731515524,0.043102626848447664
0.9452192411746003,0.05478075882539968
0.9557071989428707,0.04429280105712932
0.9602970145372304,0.03970298546276959
0.9549017150649618,0.0450982849350383
0.9473003986255344,0.05269960137446561
0.9624517829881711,0.03754821701182888
0.9186753755029112,0.08132462449708878
0.938013449423555,0.06198655057644501
0.9505982485452954,0.04940175145470463
0.949679327443565,0.05032067255643499
0.933233503107339,0.06676649689266105
0.9497099531226277,0.05029004687737233
0.9281655203587219,0.07183447964127812
0.942967190059163,0.05703280994083695
0.9310779819243077,0.06892201807569227
0.925173310854916,0.07482668914508385
0.9276438580492078,0.07235614195079212
0.9638915370683733,0.0361084629316267
0.923061340159191,0.076938659840809
0.9278840189974883,0.07211598100251172
0.9433343870106886,0.05666561298931134
0.9097397477835881,0.09026025221641182
0.953183465437012,0.046816534562987976
0.9382214440483151,0.06177855595168494
0.9336105591658238,0.06638944083417621
0.939055309625422,0.06094469037457802
0.9411130761737332,0.05888692382626688
0.9139791901521596,0.08602080984784037
0.9095288576330257,0.0904711423669742
0.9448725505624989,0.05512744943750118
0.9548625203828355,0.045137479617164585
0.9618148455701807,0.03818515442981934
0.9475748574932016,0.05242514250679833
0.9557086741986123,0.04429132580138769
0.9222385455767416,0.07776145442325841
0.9382859043888626,0.06171409561113738
0.9541175611891926,0.045882438810807544
0.9030096286180842,0.09699037138191588
0.9567537882191347,0.043246211780865344
0.9453269225346491,0.054673077465350925
0.9321396082941569,0.06786039170584321
0.9378472408122146,0.06215275918778537
0.9625621472942167,0.037437852705783245
0.9377305083163474,0.06226949168365258
0.9277401929192871,0.07225980708071292
0.9489170431722515,0.051082956827748514
0.9461535868445985,0.05384641315540146
0.9693014272790075,0.03069857272099253
0.9103746621214918,0.08962533787850828
0.9666804948294553,0.03331950517054465
0.9398491963712207,0.06015080362877936
0.9251699079993577,0.07483009200064235
0.9435952534792982,0.056404746520701876
0.9525227290475153,0.047477270952484635
0.951992022776978,0.04800797722302211
0.9772523224382508,0.02274767756174927
0.9689880435982708,0.031011956401729247
0.9398377598821407,0.060162240117859374
0.9691682988321968,0.030831701167803184
0.9591825167407448,0.04081748325925517
0.927447607088723,0.07255239291127702
0.9173321010597024,0.08266789894029763
0.9278451721364295,0.0721548278635705
0.953181520092397,0.046818479907603024
0.9585980296750352,0.041401970324964836
0.9250211892134209,0.07497881078657899
0.9473957127925101,0.052604287207489955
0.9481684802747836,0.051831519725216324
0.9303867506671436,0.06961324933285637
0.9334073895243189,0.06659261047568113
0.9390209169310338,0.060979083068966065
0.9437767202086877,0.056223279791312294
0.9269890672030369,0.07301093279696316
0.9476185764657358,0.052381423534264226
0.9455977986575234,0.054402201342476655
0.9573306008066661,0.04266939919333395
0.9294514245474693,0.07054857545253067
0.9218604234282319,0.07813957657176807
0.9411764443713082,0.05882355562869179
0.9504815651788414,0.04951843482115859
0.9774219881358975,0.022578011864102465
0.9299390099051345,0.07006099009486556
0.9593186933427914,0.040681306657208455
0.9637100250433409,0.03628997495665908
0.9437185658218363,0.05628143417816371
0.9351974077419689,0.06480259225803103
0.9232569019691513,0.0767430980308487
0.9386869324758814,0.061313067524118504
0.9239799865673219,0.07602001343267811
0.9506028404551037,0.04939715954489627
0.9232735326587731,0.07672646734122698
0.9494254187765534,0.050574581223446595
0.961180396679155,0.03881960332084508
0.9477884317075915,0.05221156829240859
0.928213550755652,0.07178644924434793
0.961619415237819,0.03838058476218097
0.9397339245501524,0.060266075449847606
0.9395192669116248,0.06048073308837519
0.9372510506758283,0.0627489493241718
0.9445256987658927,0.05547430123410735
0.935824602828862,0.06417539717113795
0.949121202859338,0.050878797140662006
0.9528201993055644,0.04717980069443564
0.9581306151929349,0.04186938480706518
0.943624796232378,0.05637520376762195
0.938198832050251,0.061801167949749075
0.9276899140342052,0.07231008596579486
0.9224109969721223,0.07758900302787766
0.9393112489603102,0.06068875103968997
0.9225035390018381,0.07749646099816186
0.8938899804661341,0.10611001953386588
0.9500278065326789,0.04997219346732121
0.9290664748114048,0.07093352518859518
0.9376675656054736,0.06233243439452648
0.9456314541391617,0.0543685458608383
0.966137275143953,0.033862724856046994
0.9569466591934762,0.04305334080652369
0.94634969872938,0.05365030127061992
0.921315056484693,0.07868494351530705
0.957946117254345,0.04205388274565502
0.9385598942455844,0.06144010575441564
0.9541625407702229,0.04583745922977713
0.9535616456547746,0.046438354345225294
0.9464814707901618,0.053518529209838246
0.9486689773688651,0.05133102263113487
0.9250460217785007,0.07495397822149943
0.9605186010792054,0.0394813989207947
0.9281868394148093,0.07181316058519087
0.9903254516500136,0.009674548349986423
0.9723192671112165,0.02768073288878359
0.9281713198681535,0.07182868013184651
0.9407377787978521,0.05926222120214786
0.9390840000630729,0.060915999936927034
0.9480871873560011,0.051912812643999
0.8928729936371087,0.10712700636289132
0.9043292217883174,0.09567077821168249
0.9770342308268778,0.022965769173122208
0.9489632042608048,0.05103679573919516
0.9121182607013598,0.08788173929864018
0.9511571865878674,0.048842813412132646
0.923579042808968,0.07642095719103212
0.9534421293983796,0.04655787060162042
0.9378317357008316,0.06216826429916846
0.9201636211961265,0.07983637880387358
0.927247816414935,0.07275218358506504
0.9207578283639757,0.07924217163602428
0.9546716038121683,0.04532839618783164
0.9305707731180531,0.06942922688194682
0.9518990292083717,0.04810097079162831
0.9542658879249908,0.04573411207500917
0.9404779385845932,0.0595220614154068
0.9752550295747997,0.02474497042520031
0.9484891713106894,0.05151082868931058
0.9446329575653934,0.05536704243460662
0.9511354974628664,0.04886450253713358
0.94979753932374,0.050202460676259955
0.961959853107175,0.03804014689282498
0.9659360543679145,0.034063945632085556
0.9491144553014258,0.050885544698574176
0.9478498499155525,0.05215015008444748
0.9623766094684638,0.037623390531536176
0.9198987064074304,0.08010129359256962
0.9342963501252686,0.0657036498747314
0.9460151039910598,0.05398489600894015
0.9093540807646238,0.09064591923537621
0.9520112398455317,0.04798876015446841
0.9437043987334628,0.0562956012665372
0.9562102671394407,0.043789732860559365
0.9496130893942893,0.050386910605710655
0.9599035840044797,0.04009641599552036
0.9663226137034666,0.03367738629653348
0.9453779104453763,0.05462208955462366
0.965187391503697,0.034812608496302966
0.9469713035757099,0.05302869642429017
0.9654078117699032,0.034592188230096715
0.9418968783136513,0.05810312168634871
0.9619826990250494,0.03801730097495065
0.9455796714070815,0.05442032859291842
0.9817418970345195,0.01825810296548058
0.9538419034560108,0.04615809654398918
0.946256774230273,0.05374322576972701
0.9306504207244928,0.06934957927550726
0.9419330149905984,0.058066985009401564
0.9017084063980787,0.09829159360192127
0.9330263896705981,0.06697361032940193
0.9291621266218913,0.07083787337810867
0.9270184155925262,0.07298158440747371
0.9491438475362569,0.05085615246374301
0.951794347537915,0.04820565246208496
0.9265986128575285,0.07340138714247152
0.9496999546497139,0.05030004535028615
0.9253978022619633,0.07460219773803672
0.9723908130745762,0.027609186925423773
0.9240230278136986,0.07597697218630138
0.9407727454826562,0.05922725451734384
0.9705598910901713,0.02944010890982873
0.9387615526791079,0.061238447320892155
0.9463307674118006,0.05366923258819945
0.882654332804383,0.11734566719561706
0.9546988594665506,0.04530114053344934
0.9358829387802032,0.06411706121979674
0.9569268071234155,0.043073192876584517
0.9073302410918018,0.09266975890819823
0.9385875909832325,0.061412409016767484
0.9922462411213284,0.007753758878671583
0.9619004240419247,0.03809957595807534
0.9532426274326065,0.046757372567393485
0.9423527742770673,0.05764722572293284
0.9626342527961166,0.0373657472038835
0.9492887421464188,0.05071125785358127
0.9334527402489532,0.06654725975104672
0.886819253684674,0.11318074631532607
0.932226999087184,0.06777300091281596
0.9253053437243701,0.07469465627562988
0.9341983504795971,0.06580164952040281
0.9552610351539055,0.044738964846094464
0.958139191595893,0.04186080840410698
0.9652948012533886,0.034705198746611425
0.9126954046590048,0.0873045953409952
0.9281704631399074,0.07182953686009261
0.9429872305445143,0.05701276945548578
0.9707861313288129,0.02921386867118717
0.9470468999596369,0.0529531000403632
0.9447423141502401,0.05525768584975998
0.9507886318718971,0.04921136812810295
0.9685381895576863,0.031461810442313665
0.9147578200783019,0.08524217992169816
0.9307749249094934,0.06922507509050657
0.9384785722648792,0.06152142773512085
0.9379653428185538,0.062034657181446254
0.961550020081729,0.03844997991827101
0.9505278122689367,0.049472187731063384
0.9140016003173193,0.08599839968268076
0.9781068591018466,0.02189314089815352
0.9516816314469553,0.04831836855304483
0.9633276856147504,0.03667231438524966
0.9333156399762033,0.06668436002379671
0.9353430435262047,0.06465695647379534
0.9399794153394727,0.060020584660527274
0.9592746289545565,0.040725371045443604
0.9545625206354661,0.045437479364533906
0.9440600162569397,0.05593998374306029
0.9867419665351298,0.013258033464870114
0.9308409108152917,0.06915908918470817
0.9865651116992673,0.013434888300732827
0.9188468680153419,0.08115313198465815
0.9565418891531214,0.04345811084687853
0.9539147456907034,0.04608525430929657
0.9399716212025834,0.06002837879741669
0.9330990795840339,0.0669009204159661
0.9210096985506476,0.07899030144935229
0.9471332055696327,0.05286679443036744
0.9733048162013186,0.026695183798681417
0.9523034259429058,0.047696574057094265
0.9039607909801032,0.09603920901989685
0.9053806877347518,0.0946193122652483
0.9495544751173015,0.05044552488269853
0.958770883578528,0.041229116421471944
0.937369269447526,0.06263073055247413
0.9355222693670195,0.06447773063298053
0.9330462702889643,0.06695372971103579
0.9429072782103034,0.05709272178969662
0.935362141744189,0.0646378582558109
0.9627725565114778,0.03722744348852231
0.9445140362350926,0.055485963764907435
0.9452891883875649,0.05471081161243513
0.9573098842516303,0.042690115748369714
0.9420662092811439,0.057933790718856064
0.9301213806655143,0.06987861933448569
0.9364920077783743,0.06350799222162563
0.9353941830997131,0.06460581690028688
0.9559120222565963,0.04408797774340369
0.9507156546625392,0.0492843453374608
0.9410860650529027,0.05891393494709734
0.9598104957983091,0.040189504201690825
0.9513758338492565,0.048624166150743414
0.9593521958869007,0.04064780411309929
0.9147310860955916,0.08526891390440841
0.956182496960345,0.04381750303965506
0.936494389144156,0.06350561085584404
0.9145176281127533,0.08548237188724675
0.9345837631001022,0.06541623689989792
0.9579627564436715,0.04203724355632857
0.9371433379091146,0.06285666209088536
0.9243251782738042,0.07567482172619579
0.9337804104544956,0.06621958954550457
0.9522000160847903,0.04779998391520978
0.9400841092592285,0.059915890740771596
0.9492672374510484,0.05073276254895166
0.9426231504085774,0.05737684959142264
0.9346390277070304,0.06536097229296958
0.9373463028383042,0.06265369716169576
0.9387702509946892,0.06122974900531087
0.9537509664127783,0.04624903358722165
0.9390298454607094,0.060970154539290555
0.9380873608158884,0.06191263918411163
0.9519213012269166,0.04807869877308334
0.9300198261271276,0.06998017387287234
0.9599577473126957,0.04004225268730442
0.9258272289558898,0.07417277104411021
0.9532006632574479,0.04679933674255213
0.9344626615757845,0.06553733842421544
0.9437341515916465,0.056265848408353455
0.9639940239443773,0.036005976055622696
0.9115962330739886,0.08840376692601126
0.9598324845619578,0.04016751543804221
0.9291381427176788,0.07086185728232117
0.9323338021891259,0.06766619781087414
0.957383236251205,0.04261676374879495
0.9151040984073291,0.08489590159267102
0.9469998066327818,0.053000193367218264
0.944016961480116,0.05598303851988397
0.8824605302408932,0.11753946975910677
0.9264662197121514,0.07353378028784864
0.9566956059651024,0.04330439403489762
0.938253144840203,0.0617468551597971
0.9449186677277784,0.055081332272221506
0.9182194102711477,0.0817805897288522
0.8811570262831593,0.11884297371684076
0.9253929324797087,0.0746070675202914
0.9688687623262247,0.031131237673775437
0.9550733624698076,0.04492663753019254
0.9621517753993319,0.037848224600668036
0.9326528793977471,0.06734712060225291
0.9203852346200428,0.07961476537995717
0.905655730376279,0.094344269623721
0.9438284551091489,0.05617154489085112
0.9438085724455204,0.05619142755447965
0.951383974634532,0.04861602536546803
0.9366152696477625,0.06338473035223752
0.9214480832634069,0.07855191673659308
0.9225071169568485,0.0774928830431515
0.9469764083298778,0.053023591670122175
0.9442024735500703,0.055797526449929774
0.9438692621745443,0.05613073782545581
0.9363535926329631,0.06364640736703685
0.9351032811544704,0.06489671884552976
0.9517803214948766,0.04821967850512344
0.959182018269981,0.04081798173001912
0.9807517549038752,0.019248245096124807
0.9738438073298519,0.02615619267014805
0.9483246970367413,0.051675302963258826
0.9408219466032749,0.05917805339672516
0.9601686526527727,0.03983134734722728
0.9407234895518927,0.059276510448107354
0.9532765230123723,0.046723476987627584
0.9378749437725332,0.06212505622746675
0.9671291613186426,0.03287083868135748
0.9270164061953741,0.07298359380462593
0.9141825053611038,0.08581749463889615
0.9302236109886426,0.06977638901135748
0.8972523648617079,0.10274763513829213
0.9303364318864759,0.06966356811352413
0.9463071543736474,0.053692845626352605
0.9268599430648137,0.07314005693518635
0.946815197258411,0.053184802741588946
0.9633429330663282,0.0366570669336718
0.9566111851159846,0.043388814884015435
0.9622344186525962,0.03776558134740384
0.9562194975993008,0.04378050240069928
0.9636619956756284,0.03633800432437155
0.9731542296407387,0.02684577035926124
0.9098836093298298,0.09011639067017027
0.9193203611799711,0.08067963882002899
0.9856384099955732,0.01436159000442679
0.9157375591435326,0.08426244085646745
0.9533443842958048,0.04665561570419524
0.9108362609687682,0.08916373903123173
0.9673760792476233,0.03262392075237675
0.9157876433622011,0.08421235663779895
0.9726733315086324,0.02732666849136748
0.9577701999508363,0.0422298000491637
0.9841580029131692,0.015841997086830754
0.9588509654820065,0.04114903451799351
0.9454928208330888,0.054507179166911224
0.9596876458853774,0.04031235411462274
0.9466373502574404,0.05336264974255949
0.8989389468370435,0.10106105316295655
0.9287712879944491,0.07122871200555102
0.9384286381689401,0.061571361831059955
0.929430464237142,0.07056953576285806
0.9458605628167013,0.05413943718329878
0.9223130687139443,0.07768693128605567
0.951831648198249,0.04816835180175101
0.9118314221984892,0.08816857780151083
0.9602676170297002,0.039732382970299844
0.9287600394737058,0.07123996052629425
0.9444657760873295,0.0555342239126705
0.9305867425831503,0.0694132574168496
0.941245091922481,0.05875490807751896
0.9513841206004692,0.04861587939953083
0.9532924589477413,0.04670754105225872
0.9394892754177314,0.06051072458226862
0.936300961744768,0.06369903825523196
0.9221587282942232,0.07784127170577679
0.9365894201067979,0.06341057989320216
0.9607776127862178,0.03922238721378231
0.9293643106846129,0.07063568931538722
0.9689837931815666,0.031016206818433492
0.9299754950373079,0.07002450496269207
0.9611881549093109,0.03881184509068918
0.892586844416663,0.10741315558333696
0.9265315845241973,0.0734684154758028
0.9774201827384205,0.022579817261579534
0.963168444179951,0.03683155582004905
0.9567764102782598,0.04322358972174019
0.9634354048045936,0.03656459519540648
0.9570379830774124,0.04296201692258757
0.9486458573671285,0.051354142632871615
0.9762291012471145,0.023770898752885607
0.9089712449086017,0.09102875509139828
0.9499179573235365,0.05008204267646367
0.963046588366532,0.036953411633467936
0.9362725288552192,0.06372747114478093
0.9633620737465948,0.036637926253405284
0.9244481174299969,0.07555188257000309
0.9163700928336607,0.08362990716633936
0.9428354926191206,0.05716450738087945
0.9451754472154418,0.05482455278455831
0.9266798897412005,0.07332011025879956
0.970660348794057,0.02933965120594292
0.9531671761765379,0.046832823823462
0.9128664888917986,0.08713351110820147
0.9342771344562812,0.06572286554371883
0.9240367311798922,0.07596326882010791
0.9374626036021205,0.06253739639787956
0.9569613793549919,0.04303862064500797
0.9445570124204233,0.05544298757957663
0.9278954796389278,0.07210452036107216
0.9490977979949119,0.05090220200508824
0.931460440207927,0.06853955979207312
0.9440527617400861,0.05594723825991382
0.8774550637049663,0.12254493629503373
0.9269672528456416,0.0730327471543584
0.9451433674608758,0.05485663253912428
0.9305293485218716,0.0694706514781284
0.9122974844141262,0.08770251558587377
0.9470177170925816,0.05298228290741832
0.9407945665805795,0.05920543341942043
0.9568032757165531,0.043196724283446876
0.8966405974049223,0.10335940259507764
0.9547692742764208,0.045230725723579286
0.9339221773205225,0.06607782267947751
0.9595559089981239,0.040444091001876084
0.934448565458338,0.065551434541662
0.9340562700383921,0.06594372996160791
0.9423285172672748,0.05767148273272513
0.9340246857990682,0.06597531420093192
0.9322428644462509,0.06775713555374908
0.9655374045053912,0.034462595494608894
0.9768682707479096,0.02313172925209042
0.9597627259767757,0.04023727402322442
0.9389697162886873,0.0610302837113127
0.9328266370345119,0.06717336296548815
0.9274035355109007,0.07259646448909926
0.9575189443268705,0.04248105567312958
0.9363496866439405,0.06365031335605957
0.9683498447913774,0.0316501552086226
0.9242446830070734,0.07575531699292666
0.9413340993857033,0.058665900614296725
0.9500143890345962,0.04998561096540381
0.9633948594067954,0.03660514059320463
0.9487968087831902,0.05120319121680991
0.9452221797238073,0.05477782027619271
0.9526662258407388,0.047333774159261224
0.9120636967224592,0.08793630327754075
0.9277993696865354,0.07220063031346463
0.9178258513163466,0.08217414868365337
0.9257704282495967,0.07422957175040322
0.9271718029218287,0.07282819707817137
0.9417142247716839,0.0582857752283162
0.9378177497886512,0.06218225021134885
0.9433463562528501,0.05665364374714994
0.9602231034869438,0.0397768965130562
0.9585907255411192,0.041409274458880756
0.9470444079699447,0.052955592030055426
0.9475518814632935,0.05244811853670649
0.964159183039121,0.03584081696087893
0.9286546980636818,0.07134530193631808
0.9287996663888729,0.07120033361112715
0.9575903284606625,0.042409671539337446
0.923393574776521,0.07660642522347906
0.9538607546785692,0.0461392453214308
0.9330501000319567,0.06694989996804349
0.9557621926771256,0.04423780732287443
0.906012823155593,0.09398717684440701
0.965759421623,0.03424057837699994
0.9449350965311191,0.05506490346888087
0.9563175582262198,0.0436824417737803
0.9483887076786106,0.05161129232138941
0.9308491558216971,0.06915084417830299
0.9350623264779958,0.06493767352200414
0.9413335284656614,0.0586664715343385
0.9340418935068087,0.06595810649319128
0.9471614450196432,0.052838554980356875
0.9386682401407861,0.061331759859213936
0.9541172087242559,0.04588279127574413
0.9393699224275086,0.06063007757249143
0.9404784998866402,0.05952150011335975
0.9649935175868259,0.0350064824131741
0.9518469436263632,0.04815305637363679
0.944408773601997,0.05559122639800295
0.9561673744372805,0.04383262556271956
0.950062802898599,0.049937197101400974
0.9716402236535431,0.028359776346457026
0.9377118801845394,0.06228811981546055
0.9478809925855554,0.05211900741444467
0.9146695432841626,0.0853304567158374
0.9494506941996448,0.05054930580035529
0.9622006558987566,0.0377993441012435
0.9388140368390484,0.06118596316095155
0.9287261765727755,0.07127382342722453
0.9285516783368918,0.07144832166310822
0.9282229950720015,0.07177700492799863
0.9449135217832064,0.05508647821679357
0.9297049475578313,0.07029505244216869
0.9568295308347745,0.04317046916522548
0.9570077543657534,0.04299224563424671
0.9166354497284185,0.0833645502715816
0.9710297110734113,0.02897028892658863
0.9560038311383408,0.04399616886165928
0.955302790128955,0.044697209871045016
0.9445848629086774,0.05541513709132272
0.9545525909734748,0.04544740902652522
0.9441897043165182,0.055810295683481746
0.9414489845017212,0.0585510154982788
0.9373170523891013,0.06268294761089865
0.9249692482855425,0.07503075171445764
0.9787502835898082,0.02124971641019175
0.9558758509654625,0.044124149034537555
0.9538775465332849,0.046122453466715084
0.9376862155232857,0.062313784476714325
0.9663563623546674,0.03364363764533267
0.9486224439525974,0.05137755604740264
0.955318324432525,0.04468167556747512
0.9130000450135952,0.08699995498640492
0.9462075011048662,0.05379249889513386
0.96281552396697,0.03718447603303009
0.9600961173694482,0.03990388263055176
0.9317353970045648,0.06826460299543519
0.9260588060091555,0.07394119399084453
0.9457337828585698,0.05426621714143015
0.9232385506239583,0.07676144937604173
0.9358792498239005,0.06412075017609964
0.9712296471749735,0.028770352825026435
0.9447329695326702,0.05526703046732985
0.958014129507205,0.04198587049279503
0.9519231456596986,0.048076854340301456
0.9597594551462789,0.04024054485372111
0.9404654783771634,0.05953452162283656
0.9344989754658907,0.06550102453410937
0.9793845038477562,0.020615496152243888
0.9323656310849048,0.06763436891509525
0.9625942640105981,0.03740573598940191
0.9734093703718214,0.02659062962817865
0.9636779433482936,0.03632205665170637
0.9181669291211646,0.08183307087883546
0.9587510169375595,0.04124898306244047
0.939603481101772,0.06039651889822793
0.9453782308298166,0.05462176917018335
0.9624395063968872,0.03756049360311278
0.9501536696784623,0.04984633032153777
0.9634959768846726,0.036504023115327376
0.9246212901719524,0.07537870982804763
0.9339671735095612,0.06603282649043893
0.9466705244254789,0.053329475574521126
0.9307119064716362,0.06928809352836375
0.9330477038949411,0.06695229610505887
0.9530373052333179,0.04696269476668208
0.9440520665286971,0.05594793347130291
0.9420731725300983,0.05792682746990172
0.9187498338736624,0.08125016612633763
0.9374058876449909,0.06259411235500908
0.9489078756540458,0.05109212434595416
0.9289929208041146,0.07100707919588552
0.9467599753200984,0.05324002467990171
0.951324772164322,0.0486752278356781
0.9616167463753658,0.03838325362463427
0.9661025982547946,0.033897401745205426
0.959480749696257,0.04051925030374302
0.9289701594875677,0.07102984051243233
0.9483484035011573,0.05165159649884275
0.9607149478547123,0.03928505214528767
0.9574516996101582,0.04254830038984181
0.9347062644755878,0.06529373552441212
0.9080978567399519,0.09190214326004809
0.9541500885110434,0.04584991148895653
0.9197783533083622,0.08022164669163777
0.9494448891694208,0.050555110830579224
0.9233568938302745,0.07664310616972554
0.9386717477650038,0.06132825223499612
0.931776581524367,0.06822341847563297
0.8963797269534168,0.10362027304658325
0.9560545440529659,0.043945455947034105
0.9595374194158165,0.04046258058418349
0.9649307092169704,0.0350692907830296
0.9648798351130101,0.03512016488698984
0.9492245238531348,0.05077547614686518
0.9131852640578414,0.08681473594215867
0.9466762611248354,0.05332373887516458
0.9276220603328325,0.07237793966716755
0.9333326158685895,0.06666738413141053
0.9575019003653279,0.04249809963467209
0.9503634881790023,0.04963651182099759
0.9360169062871844,0.06398309371281576
0.949101154774164,0.05089884522583598
0.9354557142088453,0.06454428579115476
0.9229940203219656,0.07700597967803438
0.9518107153960703,0.04818928460392961
0.9464459711455137,0.053554028854486214
0.9457152862874006,0.05428471371259941
0.9472326749515033,0.05276732504849673
0.9377647052858352,0.062235294714164786
0.9326409756690958,0.06735902433090427
0.9116312185313693,0.08836878146863074
0.9485051570481724,0.051494842951827706
0.9338053326096142,0.06619466739038579
0.9517878251835923,0.04821217481640779
0.9450812675566042,0.05491873244339575
0.9350801665367539,0.0649198334632462
0.9418749081413935,0.058125091858606474
0.9587791205219597,0.041220879478040304
0.9659258096686284,0.03407419033137158
0.9452071247713355,0.05479287522866463
0.9460864964654777,0.0539135035345222
0.9496649564665419,0.05033504353345808
0.9221766259632972,0.07782337403670289
0.9582237580724323,0.04177624192756779
0.9426772773044065,0.05732272269559356
0.9632461340443454,0.03675386595565458
0.9493986927756786,0.05060130722432145
0.938431974075385,0.061568025924614966
0.9464744629971045,0.053525537002895564
0.9442107797147326,0.055789220285267414
0.942772124730164,0.057227875269836026
0.9444347018225399,0.05556529817746012
0.9230346126903575,0.07696538730964252
0.9303312060821588,0.06966879391784121
0.9642443176317196,0.03575568236828039
0.9521260018086318,0.04787399819136811
0.9634705260111883,0.036529473988811685
0.9337041492396195,0.06629585076038055
0.9301403690940305,0.06985963090596946
0.9459271211423445,0.0540728788576556
0.9126515957136305,0.08734840428636953
0.9244143880369912,0.07558561196300889
0.9300796656838238,0.06992033431617628
0.9561950628323169,0.04380493716768302
0.9436686852983346,0.05633131470166538
0.9878579324701273,0.012142067529872754
0.8998985551878054,0.10010144481219449
0.9141047518960576,0.08589524810394253
0.952081226741245,0.04791877325875511
0.9339374717451842,0.06606252825481593
0.942698977296374,0.05730102270362612
0.9331041832304885,0.06689581676951152
0.9308457765620564,0.06915422343794356
0.947858101528796,0.05214189847120404
0.9488660661751526,0.051133933824847384
0.9558094339980812,0.04419056600191883
0.9437979431659425,0.05620205683405758
0.922520241661431,0.07747975833856904
0.9235857375929435,0.07641426240705639
0.9582153801566686,0.041784619843331344
0.9575665996162044,0.042433400383795505
0.9126125866092264,0.08738741339077355
0.9579978018738159,0.04200219812618411
0.9451588972516507,0.05484110274834933
0.9428237799415861,0.05717622005841397
0.9525547298175658,0.04744527018243417
0.9227365200349784,0.07726347996502164
0.950811759332062,0.04918824066793807
0.96749520180526,0.03250479819474
0.9517328405414606,0.04826715945853945
0.9370821577498839,0.06291784225011608
0.9677102367641363,0.03228976323586373
0.9414327144180746,0.05856728558192541
0.9397151006901138,0.06028489930988621
0.9331919661901665,0.0668080338098335
0.9715014852295525,0.028498514770447535
0.9345555506172899,0.06544444938271021
0.9601782848030493,0.03982171519695078
0.9627024361163478,0.0372975638836522
0.9596283411887319,0.040371658811268224
0.9425946288254101,0.05740537117458988
0.9585284978068264,0.04147150219317361
0.9050362192595289,0.09496378074047117
0.9382570323107478,0.061742967689252304
0.9638491970905518,0.03615080290944828
0.9491042878730656,0.05089571212693441
0.9421848890250111,0.057815110974988926
0.9410910428372996,0.05890895716270036
0.9671866425004663,0.03281335749953376
0.9603536420339804,0.039646357966019605
0.9276995317549752,0.07230046824502487
0.9514091735659218,0.04859082643407815
0.9151442244836339,0.08485577551636622
0.9554701030332231,0.04452989696677697
0.9470360891355503,0.05296391086444978
0.9464067295526953,0.05359327044730464
0.9636531640407121,0.03634683595928788
0.9195218089692481,0.08047819103075193
0.9499580678685113,0.05004193213148865
0.935660352019408,0.06433964798059211
0.9552679843212366,0.0447320156787635
0.9386653600543281,0.06133463994567191
0.9283151937306043,0.07168480626939563
0.9582656742590497,0.04173432574095026
0.949676535110078,0.050323464889921996
0.9646336125109957,0.03536638748900443
0.9453988365146572,0.054601163485342843
0.955682404281833,0.04431759571816701
0.9602852548680166,0.039714745131983316
0.9470725667543893,0.05292743324561064
0.9193145581076444,0.08068544189235567
0.953801754953885,0.04619824504611515
0.927336479470265,0.07266352052973507
0.9220916332438555,0.07790836675614463
0.9352907796851594,0.0647092203148406
0.951840565411993,0.048159434588006915
0.9518827241627421,0.04811727583725792
0.9378292859600518,0.0621707140399482
0.9358605356055985,0.06413946439440152
0.9425901073975964,0.057409892602403506
0.9375597593490926,0.06244024065090743
0.9584596879730835,0.041540312026916555
0.9244780597423129,0.07552194025768708
0.9312588812794627,0.06874111872053741
0.922679704812415,0.0773202951875849
0.9308886757366643,0.06911132426333577
0.9201875664011127,0.07981243359888743
0.9619879058310126,0.03801209416898743
0.8990847701299223,0.10091522987007781
0.9363515928554521,0.06364840714454782
0.9634750930102944,0.03652490698970566
0.9557379377950648,0.04426206220493531
0.9553085033253734,0.0446914966746266
0.9485724933526004,0.051427506647399666
0.9600541310985877,0.039945868901412225
0.9718329904829874,0.028167009517012547
0.9016437816163478,0.09835621838365227
0.9267474959404335,0.07325250405956646
0.9446146916537155,0.055385308346284454
0.9477957912555611,0.05220420874443895
0.9387511150203777,0.06124888497962232
0.9153652739272125,0.08463472607278753
0.9356350209793047,0.0643649790206953
0.9813124601335698,0.018687539866430233
0.8973033581024529,0.10269664189754711
0.960895086806902,0.039104913193097945
0.9311375863641586,0.06886241363584147
0.9439936995838544,0.056006300416145606
0.9428903074475526,0.057109692552447425
0.9410917872904208,0.05890821270957923
0.921062528844892,0.07893747115510799
0.9400108439844256,0.0599891560155745
0.930797691174084,0.06920230882591612
0.9281068446024325,0.07189315539756753
0.9619001831947822,0.03809981680521783
0.9397417945892197,0.06025820541078033
0.9428711039698748,0.05712889603012524
0.9600039448127976,0.039996055187202395
0.9314896640065209,0.06851033599347912
0.9505405136819385,0.04945948631806154
0.9585599194896903,0.04144008051030969
0.9439389769534611,0.05606102304653891
0.9582190394845873,0.041780960515412725
0.9473175402560962,0.05268245974390381
0.9511805680445283,0.04881943195547168
0.9649975940041168,0.03500240599588329
0.9430328235825978,0.05696717641740227
0.9636062929368588,0.036393707063141156
0.9584462836191324,0.041553716380867634
0.9537053547187864,0.04629464528121374
0.9440179740948129,0.055982025905187145
0.924397157966901,0.07560284203309896
0.9702418832633493,0.029758116736650762
0.9409602456186321,0.059039754381367895
0.9389772492070038,0.06102275079299626
0.9685768621054198,0.03142313789458012
0.9540918085176038,0.04590819148239627
0.9726648282237587,0.027335171776241434
0.9519306704967491,0.048069329503251004
0.9713868788219815,0.028613121178018557
0.933249962643346,0.06675003735665402
0.9673257734383589,0.032674226561641026
0.9602654848599154,0.039734515140084664
0.9699332227864608,0.03006677721353917
0.9686331574472189,0.031366842552781146
0.9429552559629326,0.05704474403706749
0.925122559710763,0.07487744028923707
0.9525964097742683,0.04740359022573172
0.9527263797825682,0.04727362021743181
0.924991351122472,0.07500864887752806
0.9204257777051071,0.07957422229489294
0.9427491531216845,0.05725084687831557
0.9066673745350454,0.09333262546495463
0.9594950059604612,0.04050499403953887
0.9189547423986019,0.08104525760139816
0.9409134443533247,0.05908655564667534
0.9568469566121681,0.04315304338783192
0.9666698940317514,0.03333010596824863
0.944015873172572,0.05598412682742806
0.9447928904251018,0.05520710957489817
0.9443457025926318,0.05565429740736823
0.9710686938713822,0.02893130612861786
0.9458437370905873,0.05415626290941266
0.9675579312932087,0.03244206870679136
0.953907887256643,0.04609211274335712
0.9285391678350253,0.07146083216497476
0.9610414477594886,0.03895855224051138
0.9176767208649779,0.08232327913502212
0.9529192845457443,0.04708071545425576
0.9009526611270112,0.09904733887298885
0.9466567491796489,0.053343250820351074
0.9401549030871543,0.05984509691284567
0.9296830877938321,0.07031691220616791
0.9323811400195517,0.06761885998044828
0.9553338347526104,0.04466616524738971
0.957815774414098,0.042184225585901985
0.9602887522237534,0.03971124777624653
0.9671029771800984,0.03289702281990166
0.9420259221383064,0.0579740778616937
0.9332510462434032,0.06674895375659687
0.9102662380199523,0.0897337619800476
0.954044893685941,0.04595510631405898
0.9405498546362246,0.059450145363775374
0.9382160268665637,0.06178397313343637
0.9425245195183304,0.05747548048166974
0.9534846181992087,0.046515381800791275
0.9587730841264765,0.041226915873523506
0.9174755688411702,0.08252443115882978
0.8925523087994202,0.10744769120057995
0.9517277627581512,0.04827223724184885
0.9318039059973384,0.06819609400266168
0.946521113928343,0.05347888607165695
0.9437812884398982,0.05621871156010185
0.9478718673401438,0.05212813265985624
0.9538417090750249,0.04615829092497524
0.9442946831755653,0.05570531682443458
0.930962788086787,0.0690372119132131
0.9337903630460733,0.06620963695392672
0.9338662892683656,0.06613371073163436
0.9173570893929528,0.08264291060704715
0.901505778212409,0.09849422178759114
0.93851313241444,0.061486867585559976
0.9596351431084816,0.04036485689151835
0.9383977376427376,0.06160226235726244
0.9404700124348483,0.05952998756515171
0.9361825686666254,0.06381743133337463
0.9397970503665539,0.060202949633446086
0.960336412140729,0.039663587859271106
0.9536137044608106,0.04638629553918933
0.9562309867740334,0.043769013225966734
0.9293606478553352,0.07063935214466474
0.9396922406145428,0.06030775938545723
0.9577726256688174,0.04222737433118269
0.9374731173744135,0.06252688262558649
0.9280285671353976,0.07197143286460254
0.915035400556036,0.084964599443964
0.9663644794512628,0.03363552054873713
0.9059903726621631,0.09400962733783685
0.9594339307269063,0.04056606927309373
0.9572788703178746,0.042721129682125346
0.9276313322351408,0.07236866776485922
0.9026797890952334,0.09732021090476664
0.9368425372566543,0.06315746274334569
0.9541354630935021,0.04586453690649786
0.9355083647960509,0.06449163520394911
0.9464928961841189,0.05350710381588117
0.9340931364920017,0.06590686350799835
0.9444472679698643,0.05555273203013564
0.9360141792427619,0.06398582075723816
0.9307096647629907,0.06929033523700935
0.9736330050974886,0.026366994902511386
0.9184487327561803,0.08155126724381977
0.9663806620204717,0.03361933797952825
0.9156434003890027,0.0843565996109973
0.9475050717412487,0.05249492825875145
0.9374953140790521,0.06250468592094793
0.913986097147882,0.08601390285211798
0.9447982631559074,0.055201736844092714
0.9442126231460739,0.05578737685392605
0.9510546356837234,0.0489453643162766
0.9328340889406302,0.06716591105936984
0.9556287153170597,0.044371284682940236
0.9337526499723028,0.06624735002769722
0.9282132107992546,0.0717867892007456
0.9488273685100985,0.05117263148990151
0.936202042650582,0.06379795734941796
0.9494453240173378,0.050554675982662146
0.9143622127513028,0.08563778724869724
0.9363948367229438,0.06360516327705626
0.9672970880939227,0.03270291190607741
0.9258059961978922,0.07419400380210785
0.9458700048369905,0.05412999516300949
0.9579092787533419,0.04209072124665809
0.9592309493368743,0.04076905066312574
0.9740868079230188,0.025913192076981235
0.9311777202476397,0.06882227975236038
0.9427704061780886,0.057229593821911395
0.9183000339120274,0.08169996608797274
0.9263743060259999,0.07362569397400023
0.9406131309314639,0.059386869068536144
0.9594543384776023,0.040545661522397775
0.9512827059862723,0.04871729401372778
0.9190091890151014,0.08099081098489866
0.9486021962330095,0.05139780376699059
0.9387368204874896,0.061263179512510424
0.9502889737709204,0.04971102622907964
0.9361048803754956,0.06389511962450445
0.9573525718213455,0.04264742817865446
0.9510014096008335,0.04899859039916666
0.9655606674403754,0.03443933255962457
0.9486558137274925,0.05134418627250752
0.9330414948602312,0.06695850513976874
0.9621015174797337,0.03789848252026631
0.9650890989511723,0.03491090104882762
0.9311541564639796,0.06884584353602041
0.9491509465651138,0.05084905343488632
0.9431980482983909,0.05680195170160916
0.9638712520644529,0.036128747935547156
0.9448768493270614,0.05512315067293862
0.942339461801854,0.05766053819814594
0.9430659151947285,0.05693408480527159
0.9494784328336271,0.05052156716637289
0.9602641574096444,0.039735842590355626
0.9571486303443272,0.04285136965567283
0.9486908911513569,0.05130910884864316
0.9365946849419268,0.0634053150580732
0.945388272546094,0.05461172745390598
0.9510837777424119,0.048916222257588154
0.9544368035928775,0.04556319640712242
0.9232912953766734,0.0767087046233266
0.9447838820322981,0.05521611796770193
0.9275131258444456,0.07248687415555449
0.960178261746302,0.03982173825369804
0.9239876392622218,0.07601236073777828
0.9613314654280842,0.03866853457191588
0.9259811211797627,0.07401887882023726
0.9551992366832909,0.04480076331670913
0.9716140484581857,0.02838595154181439
0.9465213618640366,0.05347863813596338
0.9443734314888599,0.055626568511140145
0.9520145156156338,0.0479854843843663
0.9539541221754329,0.04604587782456717
0.9313398894864172,0.06866011051358273
0.904710515912018,0.09528948408798198
0.941149330104046,0.058850669895954014
0.918725014671888,0.0812749853281119
0.9288108674360386,0.07118913256396134
0.9214115239061249,0.07858847609387509
0.9756845993809908,0.024315400619009185
0.9719190904571463,0.02808090954285373
0.9489533946485236,0.05104660535147646
0.9188530793051612,0.08114692069483877
0.952214716843843,0.04778528315615705
0.906033257547034,0.09396674245296602
0.9574953858888375,0.04250461411116244
0.9207587568968398,0.07924124310316015
0.9378523604981152,0.06214763950188486
0.9507041448514583,0.049295855148541734
0.9310880677681506,0.06891193223184942
0.9525235676176905,0.04747643238230952
0.9500481468241408,0.049951853175859186
0.9399680108695659,0.06003198913043403
0.954072316698824,0.04592768330117608
0.9191939590924372,0.08080604090756285
0.9380900118047105,0.061909988195289534
0.937598936826654,0.06240106317334595
0.9315179822058809,0.06848201779411901
0.9197841024078246,0.08021589759217539
0.9676119675485877,0.03238803245141228
0.9547392582485349,0.04526074175146522
0.9382856359463813,0.06171436405361878
0.9287362888947153,0.07126371110528476
0.9182671711690799,0.08173282883092006
0.9207144469174037,0.07928555308259637
0.9565115999900405,0.043488400009959495
0.9524467854339297,0.047553214566070284
0.9115788769628116,0.0884211230371884
0.9245235445144431,0.0754764554855569
0.9470678368240235,0.05293216317597647
0.9490603803980456,0.05093961960195444
0.927339528886526,0.07266047111347396
0.960377212856976,0.039622787143023974
0.983534767475499,0.016465232524501106
0.9626572849197426,0.03734271508025751
0.943777946775965,0.05622205322403497
0.9452430110980444,0.05475698890195562
0.9240556903340827,0.07594430966591738
0.9457107350436473,0.05428926495635266
0.9913401473818032,0.008659852618196896
0.937766710473181,0.062233289526818864
0.915074037524596,0.08492596247540397
0.9589634501180972,0.04103654988190273
0.9457549147957013,0.05424508520429871
0.9571508392776465,0.04284916072235346
0.9690298959588487,0.030970104041151372
0.9284477974778794,0.07155220252212072
0.959615835654824,0.04038416434517597
0.9312320689310768,0.06876793106892319
0.9636890591990913,0.03631094080090873
0.9620922959368983,0.03790770406310167
0.9539957177989307,0.04600428220106939
0.9347494822902256,0.06525051770977454
0.9518390073907559,0.048160992609244085
0.9478252549002181,0.05217474509978191
0.9461090199193326,0.05389098008066733
0.9804518260856065,0.01954817391439346
0.9290119101110592,0.07098808988894079
0.9314475817061003,0.0685524182938997
0.9625760070441232,0.03742399295587676
0.9370656909023821,0.06293430909761794
0.9414193684722366,0.05858063152776338
0.9286859755209129,0.07131402447908708
0.9293662458767811,0.07063375412321898
0.9545521444602764,0.0454478555397237
0.9527856677112881,0.047214332288711955
0.9139169261205359,0.0860830738794642
0.9577698114501563,0.0422301885498438
0.9318195363836071,0.06818046361639281
0.9336483432917808,0.06635165670821921
0.9401622795097256,0.05983772049027425
0.9146933700090683,0.08530662999093182
0.9473513234700888,0.05264867652991121
0.9156135462699114,0.08438645373008863
0.9583988296589199,0.04160117034108017
0.9217367089233982,0.07826329107660182
0.931891508459485,0.06810849154051497
0.964728807564125,0.03527119243587486
0.9426582464190084,0.05734175358099153
0.9526066993822292,0.04739330061777077
0.9455964700479329,0.054403529952067105
0.9245851382665978,0.07541486173340228
0.9697720439742837,0.030227956025716266
0.9329031065154632,0.06709689348453693
0.9439611252945563,0.056038874705443685
0.9571973424701241,0.04280265752987586
0.9272405224597637,0.07275947754023632
0.924282597295445,0.07571740270455506
0.9400824225505223,0.05991757744947774
0.9538166041820983,0.04618339581790174
0.9030202966814085,0.09697970331859161
0.9406732236456778,0.05932677635432212
0.9353616131651775,0.0646383868348225
0.9704147020383299,0.02958529796167004
0.9135076792293588,0.08649232077064116
0.9713580520304228,0.028641947969577197
0.9209388038579616,0.07906119614203841
0.9567640622715611,0.04323593772843888
0.9381306922209193,0.0618693077790807
0.9247873141178155,0.07521268588218459
0.9577791798957065,0.0422208201042935
0.9400655829343556,0.05993441706564445
0.9639441054333789,0.03605589456662112
0.9723295692769981,0.02767043072300189
0.9685856912214731,0.03141430877852699
0.9476175879348624,0.05238241206513761
0.9432695300004948,0.05673046999950514
0.9429641022640656,0.05703589773593443
0.9381910771840778,0.06180892281592228
0.9431683745769527,0.05683162542304734
0.9193746307379926,0.08062536926200732
0.9207556356290054,0.07924436437099461
0.9457972903105354,0.05420270968946464
0.9545489502557906,0.04545104974420952
0.9325137518611785,0.06748624813882145
0.9541921892569973,0.04580781074300268
0.9470054000053373,0.05299459999466277
0.9378859074136077,0.06211409258639228
0.9482450569609986,0.051754943039001466
0.9283892758582714,0.07161072414172864
0.9267091772200375,0.0732908227799624
0.963352032333816,0.03664796766618392
0.903113063998261,0.09688693600173909
0.9471974214447391,0.052802578555260944
0.9400626398491528,0.05993736015084723
0.9318693990397264,0.06813060096027365
0.9131552279412304,0.08684477205876964
0.9474228286637243,0.052577171336275694
0.9247968745866881,0.07520312541331195
0.9301179199977734,0.06988208000222658
0.9673350171615502,0.03266498283844969
0.9444034988340909,0.05559650116590905
0.9502126291765616,0.04978737082343854
0.9643140736891931,0.035685926310807005
0.9558306433052958,0.04416935669470422
0.9471873575307967,0.052812642469203266
0.9387230932776048,0.061276906722395136
0.9479621637004447,0.05203783629955523
0.9378535086699961,0.06214649133000402
0.9658424267620052,0.034157573237994954
0.9449841226483512,0.05501587735164878
0.9697471847505232,0.03025281524947675
0.9646070416886301,0.03539295831136983
0.9562542495859618,0.043745750414038144
0.9140566202144612,0.08594337978553884
0.9453497031651236,0.054650296834876474
0.9324466700136663,0.06755332998633366
0.9603896647640198,0.03961033523598034
0.9565972698473861,0.04340273015261396
0.9498217577541772,0.05017824224582283
0.9322671653710328,0.06773283462896718
0.9717734510409687,0.028226548959031334
0.9167210922855491,0.08327890771445082
0.9641457328310137,0.035854267168986376
0.9488567840278239,0.051143215972176116
0.9580757183895442,0.041924281610455826
0.9707853144308813,0.029214685569118676
0.8785935271997227,0.12140647280027736
0.943686503379582,0.05631349662041804
0.9655267518784043,0.03447324812159577
0.9751991702480332,0.02480082975196682
0.9350499236170556,0.06495007638294435
0.9592003257810621,0.04079967421893802
0.9689070294546106,0.03109297054538948
0.9200021501494383,0.07999784985056173
0.9203546578251417,0.07964534217485843
0.9477142025235448,0.052285797476455245
0.9444796881360276,0.0555203118639724
0.9385775721518433,0.06142242784815662
0.9461827314104736,0.053817268589526526
0.9286182782247655,0.07138172177523458
0.9595554561221933,0.04044454387780681
0.9481128197007765,0.05188718029922344
0.9456112236049111,0.05438877639508898
0.954501514848049,0.045498485151950985
0.9422875500340614,0.05771244996593863
0.9198914871523095,0.08010851284769048
0.9259457531554371,0.0740542468445628
0.9569791258710402,0.04302087412895989
0.9291941316057363,0.07080586839426371
0.9417369262533475,0.05826307374665258
0.9409876411688203,0.059012358831179765
0.9319394071540907,0.06806059284590926
0.9416057276987357,0.05839427230126428
0.9371317576425778,0.06286824235742217
0.9287498080300617,0.07125019196993837
0.9548122491816535,0.045187750818346584
0.9612552677999371,0.03874473220006289
0.9272895784747786,0.07271042152522147
0.9389540594312408,0.06104594056875927
0.9296408691589974,0.07035913084100257
0.9608434520097987,0.03915654799020129
0.9482701340518024,0.051729865948197576
0.9562884123700318,0.04371158762996821
0.9443057310185804,0.0556942689814197
0.9356487130893418,0.06435128691065808
0.9497480592967078,0.05025194070329221
0.9313550074582422,0.06864499254175782
0.9336693005947654,0.06633069940523463
0.8726362357857961,0.127363764214204
0.956185502362528,0.04381449763747205
0.9348711877213577,0.06512881227864242
0.960371521855528,0.03962847814447199
0.9324032222656633,0.0675967777343368
0.9568510904599156,0.04314890954008449
0.9682314329447149,0.031768567055285114
0.9414516359404536,0.058548364059546484
0.9320451064970711,0.06795489350292891
0.9226487746873091,0.0773512253126909
0.9254750158308193,0.07452498416918077
0.9510003550153258,0.04899964498467438
0.9546853092183694,0.04531469078163064
0.9345389791463438,0.06546102085365624
0.9336647043081111,0.06633529569188892
0.9384881501406629,0.06151184985933713
0.9504658929590624,0.049534107040937664
0.9439968285535877,0.056003171446412384
0.9717436997371546,0.028256300262845518
0.9565101379495333,0.04348986205046663
0.9849307506023911,0.015069249397608887
0.9676740673691809,0.032325932630819086
0.9322135250771671,0.0677864749228329
0.9499575236563856,0.05004247634361433
0.9489572919195747,0.05104270808042528
0.9721068219811525,0.027893178018847574
0.9100780852204973,0.0899219147795027
0.9655831003728255,0.034416899627174584
0.978605055539401,0.02139494446059908
0.9694088588084754,0.030591141191524666
0.943010521831898,0.05698947816810181
0.9594046352208419,0.04059536477915816
0.9672207440621795,0.03277925593782054
0.9209225446353126,0.07907745536468742
0.9534641611330096,0.04653583886699037
0.9269511843214826,0.07304881567851737
0.9579391150103349,0.042060884989665065
0.9314261600353945,0.06857383996460555
0.965307688396352,0.034692311603647996
0.9460427565904944,0.05395724340950557
0.9425330106577017,0.057466989342298436
0.9539393300840084,0.04606066991599156
0.9243371559101883,0.07566284408981182
0.9331740370679261,0.06682596293207402
0.9602910728788295,0.03970892712117043
0.9481670437896971,0.05183295621030291
0.926794687388803,0.073205312611197
0.9556616537003637,0.04433834629963633
0.9436581333079818,0.05634186669201821
0.9512065274230802,0.048793472576919766
0.9797458423885119,0.02025415761148812
0.9422989845550749,0.057701015444925036
0.9467187229150622,0.05328127708493778
0.928113540052399,0.07188645994760104
0.9652220902919069,0.03477790970809312
0.9338187344182943,0.0661812655817057
0.9356525339164543,0.06434746608354576
0.8978907550114311,0.10210924498856896
0.953558538771893,0.046441461228107134
0.9149299646206234,0.08507003537937664
0.920555702598053,0.07944429740194711
0.9493699208434973,0.05063007915650278
0.9492143255256817,0.05078567447431835
0.9473108300217892,0.052689169978210805
0.9511040213979609,0.048895978602039064
0.9382922874734592,0.061707712526540934
0.9474511534525882,0.052548846547411716
0.9621398022700992,0.03786019772990078
0.947237036345489,0.052762963654511025
0.958989803101638,0.04101019689836212
0.9471614264974949,0.05283857350250503
0.9211603070249336,0.0788396929750665
0.9875553805807431,0.012444619419257005
0.9357470283148094,0.06425297168519063
0.9651082313746553,0.03489176862534483
0.9084319757774691,0.09156802422253085
0.9516858815459188,0.04831411845408117
0.9357852369941128,0.06421476300588733
0.9522087541291145,0.04779124587088554
0.9354588232892146,0.06454117671078537
0.9309536676252066,0.06904633237479346
0.9267142794860623,0.07328572051393772
0.9351917624726431,0.06480823752735686
0.9545120891750956,0.04548791082490436
0.9649494999423285,0.035050500057671505
0.9302863162774122,0.0697136837225878
0.9402696421077225,0.05973035789227757
0.9601990514767198,0.03980094852328025
0.9336135923131439,0.06638640768685611
0.943323418104579,0.05667658189542114
0.9110575496986095,0.0889424503013904
0.9490434317931522,0.05095656820684788
0.9570607042829697,0.04293929571703024
0.922327676988458,0.07767232301154209
0.9486531906356956,0.051346809364304406
0.9576074638969939,0.042392536103006
0.9304993202728695,0.06950067972713045
0.9225675208660475,0.07743247913395249
0.9445115441514914,0.05548845584850857
0.9437970878825915,0.05620291211740845
0.9560960935784797,0.043903906421520256
0.9417128123993349,0.058287187600665154
0.9723897194703222,0.02761028052967779
0.9125213992139476,0.08747860078605244
0.9657322280018302,0.034267771998169765
0.9281067407756939,0.07189325922430607
0.938498382782189,0.06150161721781105
0.9489249888536305,0.0510750111463694
0.9545495412658833,0.04545045873411673
0.9639959604884575,0.03600403951154248
0.9134607086555224,0.0865392913444776
0.9223872914781759,0.0776127085218241
0.9662587394573279,0.03374126054267213
0.9292732683385208,0.07072673166147919
0.9440659895006684,0.05593401049933154
0.938734301667904,0.061265698332096094
0.9562556820275055,0.04374431797249448
0.960591704180231,0.039408295819769006
0.9444446790694037,0.05555532093059627
0.9551305423277597,0.04486945767224032
0.9099409615616173,0.09005903843838281
0.9408814144692301,0.05911858553076991
0.926900742613601,0.07309925738639902
0.9502825088242827,0.04971749117571734
0.9397181695217013,0.06028183047829872
0.9188846943622961,0.08111530563770387
0.9479799119188971,0.05202008808110287
0.9610208981348989,0.03897910186510116
0.9525331054667219,0.047466894533278105
0.9503473851069391,0.049652614893061
0.9585335925710284,0.04146640742897159
0.9140569094201677,0.08594309057983238
0.9550557333123398,0.04494426668766022
0.9500314477190522,0.04996855228094779
0.9094844761481111,0.09051552385188891
0.9608553024634184,0.03914469753658156
0.9655053856502103,0.034494614349789766
0.9478941071861664,0.05210589281383366
0.922364063881091,0.0776359361189089
0.9536250372292829,0.04637496277071699
0.9334473931201048,0.06655260687989521
0.969852471460565,0.030147528539435108
0.9505923327531872,0.0494076672468128
0.9300433548405105,0.06995664515948956
0.9393165067971999,0.06068349320280012
0.9239008881340168,0.07609911186598317
0.957617806034412,0.04238219396558803
0.9403585033862512,0.05964149661374885
0.944578456358096,0.05542154364190393
0.9308921089758831,0.06910789102411671
0.8995166914816847,0.1004833085183153
0.949272766721208,0.05072723327879197
0.9041293252658387,0.09587067473416139
0.8992131257485039,0.10078687425149625
0.9562996205520006,0.04370037944799947
0.9326151935890539,0.06738480641094613
0.9568532115716462,0.0431467884283538
0.9381157210108699,0.061884278989130126
0.9508984798987263,0.04910152010127364
0.944264462543577,0.055735537456423054
0.9296664686098138,0.07033353139018605
0.9501896251423778,0.04981037485762229
0.9231696911087874,0.0768303088912126
0.9455269018979127,0.05447309810208734
0.9328663932310675,0.06713360676893254
0.9344620757036446,0.0655379242963555
0.948601682974267,0.05139831702573304
0.9175881464843219,0.08241185351567819
0.9460428119555202,0.053957188044479826
0.9507626404499607,0.04923735955003925
0.9285113861993965,0.07148861380060348
0.9520626974646463,0.047937302535353686
0.9575761265652036,0.04242387343479631
0.928238168967016,0.07176183103298396
0.9444804615734268,0.055519538426573284
0.9625425654771156,0.037457434522884456
0.9736489473814145,0.026351052618585523
0.9084559075637899,0.09154409243621013
0.9495268629407373,0.050473137059262735
0.9228821810527461,0.077117818947254
0.9658332303598481,0.034166769640151834
0.9303180478227198,0.06968195217728032
0.9345424694452578,0.06545753055474215
0.9083456829001352,0.09165431709986495
0.9368131132449439,0.06318688675505613
0.9695390989181714,0.03046090108182856
0.9336734418574321,0.06632655814256794
0.9184510621399647,0.08154893786003528
0.9362568853969091,0.06374311460309094
0.9592757540616881,0.040724245938311913
0.9360151993851643,0.06398480061483573
0.9246138257423004,0.07538617425769958
0.9160740045468615,0.08392599545313854
0.9470004235832489,0.052999576416751154
0.9497305826208275,0.05026941737917248
0.9603138270567608,0.03968617294323931
0.9337128889162488,0.06628711108375125
0.9516331987689628,0.048366801231037176
0.9623597148288773,0.037640285171122695
0.9585793967248554,0.04142060327514454
0.9433144026429803,0.056685597357019675
0.9587011317926661,0.04129886820733388
0.9687544036004235,0.03124559639957647
0.9583375101223208,0.04166248987767916
0.940551796947715,0.0594482030522851
0.9535897364911972,0.046410263508802854
0.9323872674995783,0.06761273250042173
0.9565091349651766,0.04349086503482336
0.9376311690243094,0.06236883097569064
0.9295945181438772,0.07040548185612279
0.9432906377359382,0.056709362264061765
0.949169031303643,0.050830968696356886
0.9329637189891842,0.06703628101081578
0.9307842450619979,0.0692157549380022
0.9727460348422104,0.027253965157789557
0.9373664724646333,0.06263352753536662
0.9568436290285877,0.043156370971412304
0.930238299820955,0.06976170017904508
0.9623372460588279,0.037662753941172286
0.9520393427550583,0.04796065724494177
0.9573448099529223,0.04265519004707775
0.9629449141227259,0.03705508587727416
0.9340437564916719,0.06595624350832811
0.9183507998028781,0.0816492001971219
0.9500030449402982,0.04999695505970176
0.973064482213303,0.026935517786696977
0.9163704008593254,0.08362959914067457
0.9587018430079693,0.041298156992030655
0.9473353188220301,0.052664681177969984
0.9288130708716802,0.07118692912831988
0.9181348422315864,0.08186515776841372
0.9398260159975115,0.06017398400248849
0.9208423995619581,0.07915760043804197
0.939021011627064,0.060978988372936076
0.9488129462024388,0.051187053797561194
0.9362151932118912,0.06378480678810884
0.9478549378348163,0.0521450621651837
0.9471442513291315,0.05285574867086848
0.9656802728787582,0.03431972712124176
0.8972879205699062,0.10271207943009383
0.9468074920785063,0.053192507921493715
0.9400228617491135,0.05997713825088648
0.9305127974202575,0.0694872025797425
0.9360049106543666,0.06399508934563328
0.9168393091975149,0.08316069080248507
0.9455184987687784,0.054481501231221634
0.9359471995494527,0.06405280045054719
0.9189343032985581,0.08106569670144197
0.9179146582810329,0.08208534171896698
0.9389269668953405,0.06107303310465952
0.9361380503362322,0.06386194966376782
0.9221458514165533,0.07785414858344678
0.939777499593578,0.06022250040642203
0.9294169776019211,0.070583022398079
0.961610935022638,0.038389064977362025
0.9275272658680206,0.07247273413197944
0.9737655736054665,0.026234426394533647
0.9747581681221595,0.02524183187784052
0.9448827243624993,0.05511727563750066
0.9536225438095072,0.04637745619049282
0.9105258224551495,0.08947417754485062
0.9486835172808165,0.05131648271918357
0.9585943664477545,0.04140563355224556
0.9440056404726849,0.055994359527315025
0.9620339526532683,0.037966047346731716
0.9062449591301805,0.09375504086981956
0.9600613106803498,0.039938689319650195
0.9670904571132305,0.03290954288676952
0.8995944042614774,0.10040559573852255
0.9555754571982783,0.04442454280172169
0.96104635390589,0.03895364609410999
0.9582133789200279,0.041786621079972094
0.9468983883941372,0.053101611605862825
0.9582642667682654,0.041735733231734566
0.9260752572202252,0.0739247427797749
0.9924143304676308,0.007585669532369197
0.9498309113814831,0.05016908861851691
0.9616164608836271,0.03838353911637291
0.940683956688434,0.0593160433115661
0.9525614406283982,0.047438559371601796
0.920959720571904,0.07904027942809609
0.9367047014250117,0.06329529857498828
0.8844851007119318,0.11551489928806832
0.944611761581265,0.05538823841873492
0.9219092776082789,0.07809072239172112
0.9601671767169387,0.03983282328306128
0.955494524197799,0.04450547580220097
0.9223247711284314,0.07767522887156857
0.9206874429774112,0.0793125570225888
0.9448963632867162,0.0551036367132839
0.9441176612053388,0.055882338794661174
0.9306937605292095,0.06930623947079056
0.9134207776087585,0.08657922239124158
0.9718913836831958,0.02810861631680414
0.9562163280025985,0.04378367199740163
0.919632933614146,0.08036706638585397
0.9465990312561908,0.053400968743809216
0.9624417038688866,0.03755829613111341
0.9279856151833731,0.07201438481662688
0.940453367069856,0.05954663293014397
0.9419264781926407,0.058073521807359266
0.9628019842421108,0.03719801575788926
0.9390076056681199,0.06099239433188005
0.9215585672873766,0.07844143271262331
0.9558223411572219,0.04417765884277819
0.911123601777085,0.08887639822291495
0.9538900941198811,0.04610990588011895
0.9522403911503377,0.04775960884966235
0.9543253090037314,0.0456746909962686
0.9563850698859757,0.04361493011402422
0.9434401053189344,0.05655989468106565
0.9431452503632265,0.056854749636773526
0.9533130585553746,0.046686941444625346
0.9549474901010312,0.045052509898968834
0.9519172433153792,0.048082756684620837
0.9371297926644782,0.06287020733552184
0.9396856412385532,0.06031435876144674
0.9779671019451676,0.02203289805483249
0.951943075445119,0.04805692455488104
0.9589147677389066,0.041085232261093424
0.9596921080454471,0.04030789195455292
0.9694968054855994,0.030503194514400502
0.9317268908666705,0.06827310913332958
0.9102464145061879,0.08975358549381215
0.9045244822522515,0.09547551774774854
0.9693119781902847,0.030688021809715353
0.9525588238678755,0.04744117613212444
0.932032791341172,0.06796720865882801
0.9598430414012947,0.0401569585987053
0.9387306783745637,0.06126932162543639
0.9411809987125925,0.05881900128740742
0.928002034317436,0.07199796568256397
0.9481380910518271,0.05186190894817291
0.9225874626839305,0.07741253731606951
0.9238766935909087,0.07612330640909128
0.9549582737975285,0.0450417262024715
0.9542866401497656,0.04571335985023448
0.9497349937717989,0.05026500622820105
0.955468154486696,0.04453184551330406
0.9389329090522825,0.06106709094771745
0.920234571690956,0.07976542830904408
0.9108994581919654,0.08910054180803459
0.9435748378438116,0.05642516215618848
0.9238715200079392,0.07612847999206095
0.9247659857664953,0.07523401423350476
0.9628047051306791,0.037195294869320925
0.9363913652263954,0.06360863477360461
0.9464475382296822,0.053552461770317875
0.9069950818573362,0.09300491814266379
0.9274063822905924,0.07259361770940766
0.9388692003336389,0.06113079966636115
0.9280235376410588,0.0719764623589412
0.9497113498432537,0.05028865015674637
0.9327822915013831,0.067217708498617
0.9569282088337557,0.04307179116624427
0.943885117520846,0.05611488247915391
0.9228480591853301,0.07715194081466988
0.9294206363436973,0.07057936365630268
0.9197518280987017,0.08024817190129833
0.9567225448939052,0.043277455106094945
0.9397605520877899,0.06023944791221019
0.9461149051802075,0.053885094819792555
0.9396119265836136,0.06038807341638639
0.9269309368895207,0.07306906311047928
0.9414922155838862,0.058507784416113796
0.9510312868756826,0.04896871312431735
0.9492759152420879,0.05072408475791211
0.9634420087158387,0.03655799128416129
0.93286417725,0.06713582275000005
0.9163464128646152,0.08365358713538489
0.958844410762615,0.04115558923738504
0.9643055428048685,0.03569445719513155
0.9529328816098221,0.04706711839017796
0.9598158788892046,0.04018412111079534
0.9238729224719378,0.07612707752806232
0.948542149236293,0.05145785076370712
0.911864920220904,0.088135079779096
0.9525928286655917,0.04740717133440829
0.9331535806529188,0.06684641934708127
0.9469484201111982,0.053051579888801874
0.9362243634488147,0.06377563655118533
0.965680741458945,0.034319258541054984
0.9405960079028184,0.059403992097181696
0.9856196042787725,0.014380395721227446
0.9621608114296987,0.03783918857030147
0.9045923803741468,0.09540761962585327
0.9282776365453079,0.07172236345469207
0.9302300901152969,0.06976990988470308
0.9685453931026995,0.03145460689730059
0.9148364097613595,0.08516359023864062
0.9577408303971617,0.042259169602838285
0.9152134568791682,0.08478654312083184
0.9146441189701481,0.08535588102985188
0.9618295826821445,0.03817041731785546
0.9672373920921502,0.032762607907849774
0.9220591707806949,0.07794082921930519
0.9149809163727444,0.08501908362725569
0.936930133620151,0.06306986637984906
0.9076687069630905,0.0923312930369095
0.9419601949859621,0.058039805014038
0.9677694436559344,0.03223055634406554
0.9700579370641921,0.029942062935807874
0.9708043226304359,0.029195677369564056
0.9430502747853068,0.05694972521469328
0.9353790605129597,0.06462093948704027
0.949469278282143,0.050530721717857024
0.9303007889370762,0.0696992110629238
0.9459185385799653,0.05408146142003481
0.9498913141601474,0.050108685839852646
0.9494872894717136,0.050512710528286424
0.9298937913135811,0.07010620868641891
0.9650029741237378,0.034997025876262196
0.9208913015684008,0.07910869843159923
0.9416065883043243,0.05839341169567566
0.9283959424727889,0.07160405752721116
0.9354565270251829,0.06454347297481713
0.912780872654426,0.0872191273455741
0.9530126957282703,0.046987304271729716
0.8786355520084068,0.12136444799159321
0.9539197440908369,0.04608025590916311
0.9691344280760598,0.03086557192394032
0.9618758734305183,0.03812412656948165
0.9342436591863479,0.06575634081365211
0.9545837537819547,0.04541624621804531
0.9300950545123978,0.06990494548760223
0.9271435799198727,0.07285642008012737
0.90990528446944,0.09009471553056006
0.9588138916021068,0.04118610839789321
0.9460071273826831,0.05399287261731691
0.927986733744014,0.07201326625598599
0.9197161226681642,0.08028387733183587
0.9453228688677068,0.05467713113229323
0.9482539853730465,0.051746014626953475
0.9593176804627149,0.04068231953728515
0.9349534080238089,0.06504659197619102
0.9437000777607859,0.056299922239214206
0.9274055789153056,0.07259442108469452
0.927005434822388,0.07299456517761217
0.9401502561283687,0.059849743871631375
0.9462477461575901,0.05375225384240988
0.9302350080148014,0.06976499198519857
0.9528755035179606,0.04712449648203946
0.9097661775851105,0.09023382241488964
0.9398744511633347,0.06012554883666524
0.9710210387605992,0.02897896123940083
0.9518168672553896,0.048183132744610335
0.9263031462500568,0.07369685374994316
0.9352676075945411,0.06473239240545905
0.9525326661679304,0.04746733383206964
0.9577420837428684,0.04225791625713164
0.9133663575784732,0.0866336424215269
0.9172886827982188,0.08271131720178122
0.9445141326612655,0.055485867338734514
0.9185399111741905,0.08146008882580945
0.9630128590703415,0.03698714092965859
0.9495638909694395,0.05043610903056065
0.9667372416384871,0.03326275836151295
0.9320181121267467,0.06798188787325327
0.9355982567811995,0.06440174321880061
0.9461456456609,0.05385435433910006
0.9388576703184054,0.061142329681594575
0.9258142941385719,0.0741857058614282
0.947441284523998,0.052558715476001924
0.9432814081233452,0.05671859187665485
0.958767149910811,0.04123285008918902
0.9286348230853793,0.07136517691462074
0.9522018540219671,0.047798145978032947
0.9473598844934707,0.05264011550652927
0.9734354994004462,0.02656450059955391
0.9215277801846713,0.07847221981532868
0.9471055474323766,0.05289445256762333
0.9591630167161589,0.04083698328384115
0.9219361235804764,0.07806387641952355
0.9458423365927502,0.05415766340724974
0.9584769938296311,0.041523006170368894
0.9560843729243697,0.04391562707563036
0.9452798437206132,0.054720156279386735
0.9381204968248852,0.06187950317511485
0.9408495478770152,0.059150452122984754
0.9019301501321902,0.09806984986780973
0.9435858289753999,0.05641417102460001
0.929515691632177,0.07048430836782293
0.9382752492190505,0.06172475078094951
0.9451601492885535,0.05483985071144657
0.9690063715768392,0.030993628423160842
0.9496020311760148,0.0503979688239853
0.9626075434299797,0.03739245657002039
0.951424912012615,0.048575087987384975
0.9223292816099726,0.07767071839002737
0.9618696470413535,0.03813035295864645
0.9523866153576835,0.04761338464231643
0.964549738332027,0.035450261667973076
0.9357584010465242,0.06424159895347582
0.9432072709552108,0.056792729044789145
0.9332743240482363,0.0667256759517637
0.9623675697757089,0.03763243022429106
0.9300407135501447,0.0699592864498553
0.9424804292608833,0.05751957073911679
0.9236724591719829,0.07632754082801699
0.9582002398170283,0.04179976018297174
0.923459951705413,0.07654004829458703
0.9515337860716261,0.04846621392837391
0.9402712986087834,0.05972870139121661
0.9490102329518482,0.050989767048151814
0.9561198060545721,0.04388019394542787
0.9261652258236909,0.07383477417630908
0.9326251675195236,0.06737483248047636
0.9375270815803107,0.06247291841968938
0.9586801011715257,0.04131989882847434
0.9288813909946046,0.07111860900539524
0.927602750680983,0.07239724931901709
0.9175153098346388,0.08248469016536109
0.9567303363815947,0.04326966361840537
0.9484342013657785,0.05156579863422152
0.9275604991702294,0.07243950082977049
0.9665106968072615,0.0334893031927384
0.9159169323341015,0.08408306766589851
0.943479023322384,0.0565209766776161
0.90705626040196,0.09294373959803993
0.9308601725163002,0.06913982748369989
0.9153355444294,0.08466445557059997
0.9341162234123673,0.06588377658763275
0.948707005543001,0.0512929944569991
0.9401717156573245,0.05982828434267552
0.9605781422579711,0.03942185774202881
0.974244757323874,0.025755242676125882
0.9635041205746132,0.0364958794253868
0.9386784893908111,0.061321510609189056
0.939591792767466,0.06040820723253411
0.908147126689261,0.09185287331073896
0.9612185727734331,0.03878142722656695
0.956088159650739,0.043911840349261
0.9565332490351218,0.04346675096487824
0.9330877218971851,0.06691227810281479
0.9207013208629451,0.07929867913705498
0.9491145102720887,0.050885489727911314
0.9451943246235123,0.054805675376487624
0.9638344301873218,0.0361655698126781
0.9365888658242538,0.0634111341757462
0.9480228768989692,0.05197712310103077
0.9351589949721176,0.06484100502788245
0.9393798070105218,0.06062019298947816
0.9199948098955483,0.08000519010445183
0.9623750834738433,0.037624916526156724
0.9256122784293286,0.07438772157067142
0.9496149160154431,0.05038508398455698
0.9279706134576123,0.07202938654238773
0.9056647572141705,0.09433524278582946
0.9596243793692278,0.04037562063077227
0.9527179180147829,0.047282081985217196
0.9249502103081133,0.07504978969188672
0.948110192210261,0.05188980778973888
0.8932448081273142,0.10675519187268576
0.9294500530922813,0.0705499469077186
0.9595288178557736,0.04047118214422643
0.9542637276152892,0.04573627238471081
0.9546417125222685,0.04535828747773156
0.9582080723422131,0.04179192765778696
0.9371090223971473,0.0628909776028526
0.9243378809250377,0.0756621190749623
0.9489673594189315,0.05103264058106844
0.933233296505533,0.06676670349446702
0.97020239413774,0.029797605862259963
0.9295069176631974,0.07049308233680263
0.9512587332521307,0.04874126674786933
0.9633628240881426,0.036637175911857424
0.9512326389936973,0.04876736100630279
0.9355579890656659,0.06444201093433415
0.9427911635800105,0.05720883641998958
0.9306938812183334,0.06930611878166651
0.9739997758089268,0.02600022419107322
0.947945320502208,0.05205467949779198
0.9519839415194055,0.048016058480594564
0.9136647664893525,0.08633523351064754
0.9589898847028908,0.041010115297109156
0.9475067376087004,0.052493262391299575
0.953608695149324,0.046391304850675975
0.9547464049418471,0.045253595058152914
0.9188771156441357,0.08112288435586437
0.9475608676578429,0.05243913234215714
0.9363692832792253,0.06363071672077476
0.9574480641994839,0.04255193580051612
0.9334059514513146,0.06659404854868542
0.9566801612714796,0.04331983872852041
0.9369691590675473,0.06303084093245281
0.9397192630976232,0.06028073690237679
0.95072196393091,0.04927803606908998
0.9435461244805268,0.05645387551947321
0.9596486784710244,0.04035132152897555
0.9405291574542467,0.0594708425457533
0.951527094826492,0.048472905173508024
0.9546003744559864,0.04539962554401365
0.9594697520732054,0.04053024792679463
0.9412399440176598,0.05876005598234029
0.9462048442915727,0.053795155708427245
0.9162797300487379,0.08372026995126221
0.928762749727302,0.07123725027269798
0.9252871434244949,0.07471285657550518
0.9577087091238851,0.04229129087611497
0.9422806874025457,0.05771931259745438
0.938409883032148,0.06159011696785195
0.9360290920722983,0.06397090792770174
0.9664733660748648,0.033526633925135316
0.8978059131227286,0.10219408687727136
0.9360982368039702,0.06390176319602969
0.9313988934388259,0.06860110656117417
0.9655354762039328,0.03446452379606726
0.9556380626805995,0.04436193731940066
0.8958405862612308,0.10415941373876922
0.930451444871074,0.06954855512892615
0.9379032329014131,0.062096767098586934
0.9688707837417715,0.031129216258228506
0.940828022047552,0.05917197795244806
0.9668262033762745,0.033173796623725604
0.9173170379082592,0.08268296209174086
0.9644844429077584,0.03551555709224169
0.9199249177721643,0.08007508222783573
0.9342300376487169,0.06576996235128303
0.9102488556404098,0.08975114435959027
0.9274741993320618,0.07252580066793829
0.9158904329619382,0.08410956703806177
0.9486891690488034,0.05131083095119663
0.9530276744061972,0.04697232559380283
0.9451071997386843,0.05489280026131575
0.9481098004255895,0.05189019957441058
0.9387114661887322,0.06128853381126768
0.9620015846484831,0.03799841535151695
0.9224924863380346,0.07750751366196537
0.9614360505213086,0.038563949478691295
0.955517038970978,0.04448296102902213
0.9387925878602495,0.06120741213975049
0.9457122878184862,0.05428771218151388
0.9094035231070936,0.09059647689290642
0.929879622608772,0.07012037739122802
0.9458139152972738,0.05418608470272622
0.9569113039174193,0.043088696082580674
0.9393772832414883,0.06062271675851183
0.9444641707987749,0.05553582920122517
0.9589817022364862,0.041018297763513796
0.9294723694933217,0.07052763050667828
0.9136765128911555,0.0863234871088446
0.9235514895495845,0.0764485104504155
0.9097730015727301,0.09022699842726996
0.9490398972477442,0.05096010275225589
0.9427917782400517,0.0572082217599484
0.956036544928536,0.04396345507146408
0.9773036364544131,0.02269636354558701
0.9578903488312815,0.042109651168718384
0.9334547196923221,0.06654528030767806
0.8853923429754796,0.11460765702452042
0.9764556702441448,0.023544329755855194
0.9319987526700132,0.0680012473299868
0.9353025450774184,0.06469745492258164
0.9063650892026747,0.09363491079732525
0.9349279026795099,0.06507209732049006
0.92634668234018,0.0736533176598199
0.9316814245029424,0.06831857549705747
0.9487140738367644,0.051285926163235525
0.9605031058673988,0.03949689413260131
0.9576028380627397,0.04239716193726028
0.9594090793252394,0.04059092067476059
0.9499637399161971,0.050036260083802894
0.943461279549773,0.05653872045022701
0.957596403517216,0.04240359648278397
0.9511272482351585,0.04887275176484159
0.9154212948648621,0.08457870513513797
0.9224642371957468,0.07753576280425316
0.9406419369666833,0.05935806303331673
0.9498952103486171,0.050104789651382854
0.9126681569979763,0.08733184300202369
0.9547782367227462,0.04522176327725387
0.8964906275331441,0.10350937246685596
0.9572826788913436,0.042717321108656316
0.9440176675886456,0.05598233241135444
0.9334467003892807,0.06655329961071933
0.9455529121031258,0.054447087896874316
0.9227170987035606,0.07728290129643946
0.9245776954228646,0.07542230457713539
0.9048540830103725,0.09514591698962749
0.9513625390186308,0.04863746098136929
0.9513929919295594,0.04860700807044058
0.9307846049089173,0.06921539509108277
0.9306357990347268,0.06936420096527326
0.9555315963437624,0.04446840365623759
0.9307828534629612,0.06921714653703884
0.921766815205991,0.07823318479400901
0.9289304089352957,0.07106959106470433
0.9696169015212287,0.030383098478771325
0.942485436660865,0.057514563339135
0.9494946299206979,0.05050537007930215
0.9168251955369775,0.08317480446302253
0.9135731385197302,0.08642686148026978
0.9337639865797236,0.06623601342027642
0.9410307026482118,0.058969297351788186
0.9294659945879995,0.07053400541200044
0.9608098488885203,0.03919015111147975
0.9362325209850451,0.06376747901495491
0.9530933585822949,0.046906641417704974
0.9463350945648671,0.053664905435132915
0.9751098474181285,0.02489015258187156
0.9407765042617627,0.05922349573823729
0.9365134129786742,0.06348658702132587
0.955800826280011,0.0441991737199891
0.9121299149981672,0.08787008500183283
0.9347722617174048,0.06522773828259514
0.9605306708355739,0.03946932916442618
0.9492552352479411,0.05074476475205903
0.9154579198283223,0.08454208017167764
0.9548549239095447,0.04514507609045531
0.9461113532446627,0.05388864675533735
0.9373691788473,0.06263082115270005
0.9453954965418263,0.05460450345817372
0.9324043006902023,0.06759569930979775
0.9537857794405871,0.04621422055941294
0.937988272166262,0.06201172783373805
0.9396598792849105,0.06034012071508959
0.9276757218488435,0.07232427815115648
0.9599414009097218,0.04005859909027823
0.9653893297687941,0.034610670231205905
0.9483748848185191,0.051625115181481045
0.9607899474509934,0.03921005254900661
0.9374105388136467,0.06258946118635332
0.9628096020838804,0.037190397916119465
0.984063868116365,0.015936131883635005
0.9599254855029794,0.04007451449702052
0.9257456567080831,0.07425434329191688
0.9531138792678029,0.046886120732197084
0.929169412298548,0.07083058770145212
0.9344701339347877,0.06552986606521222
0.9297097678242284,0.07029023217577154
0.9465804445131326,0.05341955548686744
0.9447516409809358,0.05524835901906427
0.9483039843269244,0.051696015673075565
0.9396394231080111,0.06036057689198891
0.9280557561304169,0.07194424386958312
0.9368056773892074,0.06319432261079266
0.9588243209359126,0.04117567906408742
0.937612590988945,0.062387409011054974
0.9416349952722844,0.05836500472771554
0.9575478125688492,0.04245218743115085
0.9253589748481219,0.07464102515187811
0.935560715115318,0.06443928488468194
0.9605158130946391,0.03948418690536092
0.9394444729345927,0.060555527065407365
0.9675530426986884,0.032446957301311655
0.9425557576493072,0.057444242350692794
0.9619693527011683,0.03803064729883164
0.9650344517021926,0.034965548297807465
0.9201033819440195,0.07989661805598046
0.9622329144464551,0.037767085553544924
0.9739393148950211,0.026060685104978935
0.9663569344743959,0.03364306552560416
0.9396230645188941,0.060376935481105856
0.9605735756794171,0.03942642432058287
0.9232088816406351,0.07679111835936493
0.9327391852637592,0.06726081473624078
0.9588950354966341,0.04110496450336595
0.9407829045709891,0.05921709542901092
0.8959929113865086,0.10400708861349144
0.9337052907061153,0.06629470929388466
0.9587104054709654,0.0412895945290345
0.9156808719515017,0.08431912804849835
0.9827630507365424,0.017236949263457722
0.9720665886635488,0.0279334113364512
0.9282650960538313,0.0717349039461687
0.9152107361702484,0.08478926382975159
0.9145489451914607,0.08545105480853928
0.9098565780674124,0.09014342193258773
0.9676166803495071,0.0323833196504929
0.9528704417432494,0.04712955825675057
0.9687534183364542,0.031246581663545894
0.9429913241137337,0.05700867588626635
0.9616100093061845,0.038389990693815434
0.9412365122105383,0.0587634877894618
0.9414125931456558,0.05858740685434413
0.9355840010285615,0.0644159989714384
0.9360171990443652,0.06398280095563497
0.969048238548233,0.03095176145176704
0.9279793560910131,0.07202064390898695
0.9203750116423002,0.07962498835769989
0.9311473867232694,0.06885261327673063
0.9180672889458477,0.08193271105415233
0.9447392268962183,0.05526077310378188
0.9341032169477319,0.06589678305226823
0.9269507916901725,0.07304920830982756
0.9164715195698594,0.08352848043014066
0.9278839316940345,0.0721160683059654
0.935250942630656,0.06474905736934398
0.9610426835763818,0.0389573164236182
0.9529806564187994,0.04701934358120069
0.953087078305572,0.04691292169442804
0.9460753834234373,0.053924616576562584
0.968711519484698,0.03128848051530199
0.9157280009661315,0.08427199903386855
0.9613021476581695,0.038697852341830596
0.9257277281609497,0.07427227183905039
0.9643168223942058,0.03568317760579426
0.9666910521965298,0.033308947803470185
0.9265287193054833,0.07347128069451675
0.9458631170200273,0.05413688297997263
0.9486690252287872,0.05133097477121289
0.9459759062896697,0.054024093710330484
0.9369091149009605,0.06309088509903958
0.9311321978672665,0.06886780213273358
0.9462803653201578,0.05371963467984222
0.8904534927183483,0.10954650728165172
0.8912513252270005,0.10874867477299949
0.9456501101569527,0.05434988984304734
0.9330448049971166,0.06695519500288333
0.9648703625317248,0.03512963746827531
0.9245312290321159,0.07546877096788414
0.9397930771042968,0.060206922895703216
0.9624243813845977,0.03757561861540232
0.9442185987685325,0.0557814012314675
0.9371123871095747,0.06288761289042541
0.917663257038448,0.08233674296155201
0.9372474619997369,0.06275253800026324
0.937112189143253,0.06288781085674706
0.9035293730520858,0.09647062694791424
0.9336349612172685,0.06636503878273148
0.9525397239531563,0.047460276046843615
0.9482660755725144,0.05173392442748563
0.9149955244268873,0.08500447557311282
0.9295760443564614,0.07042395564353861
0.9516755443115589,0.04832445568844112
0.9330262870426903,0.0669737129573097
0.9603089843702923,0.03969101562970765
0.9367266299388203,0.06327337006117967
0.9367133070814889,0.06328669291851108
0.9483786780239389,0.05162132197606105
0.9124727862587704,0.08752721374122968
0.9155253114503876,0.08447468854961235
0.9759158962045708,0.024084103795429253
0.9550394209494762,0.04496057905052373
0.88185509341117,0.11814490658883003
0.9521013335952304,0.04789866640476952
0.9521071396043566,0.04789286039564347
0.9529261290136734,0.04707387098632675
0.9048159625123144,0.09518403748768559
0.9350182039584995,0.0649817960415004
0.930255297734632,0.06974470226536793
0.9639980292579271,0.03600197074207281
0.9275073522608168,0.07249264773918329
0.9205736479716745,0.07942635202832543
0.9632208732144826,0.036779126785517424
0.9565719432571761,0.04342805674282397
0.937143762884321,0.0628562371156791
0.9583085950296643,0.0416914049703358
0.9327046032798734,0.0672953967201267
0.9569938941642635,0.04300610583573647
0.9491174103482614,0.05088258965173863
0.932502930924041,0.06749706907595902
0.9772396533072546,0.022760346692745424
0.9292484578021316,0.07075154219786829
0.9293749610429728,0.0706250389570272
0.9196460266861659,0.08035397331383408
0.9214806820256262,0.07851931797437392
0.923726534330072,0.07627346566992799
0.9601408548276656,0.03985914517233432
0.9319646791598222,0.0680353208401778
0.9398524773463799,0.060147522653620146
0.9256579983775621,0.07434200162243786
0.9504730474584273,0.049526952541572744
0.9530789069010447,0.04692109309895538
0.8991172160105646,0.1008827839894355
0.941612525873001,0.05838747412699894
0.9517867573332818,0.04821324266671821
0.9215080966478261,0.07849190335217396
0.9265571118931855,0.07344288810681449
0.8787133585086105,0.12128664149138944
0.9426130477389912,0.05738695226100875
0.9342453405317076,0.06575465946829237
0.9359829429448496,0.0640170570551504
0.9384019740324163,0.06159802596758375
0.9565607132012817,0.043439286798718287
0.9572072260561427,0.04279277394385727
0.9490085835054021,0.050991416494597944
0.9382821096525737,0.06171789034742623
0.9713861106066966,0.02861388939330344
0.9653055677550761,0.03469443224492384
0.9119917062989384,0.08800829370106161
0.9740550111395303,0.025944988860469698
0.9335098986637606,0.06649010133623949
0.9511120637732631,0.048887936226736865
0.9420422433894674,0.05795775661053268
0.957904700155143,0.04209529984485716
0.9832971618575073,0.016702838142492682
0.9318627755355983,0.06813722446440176
0.9420966401899841,0.05790335981001591
0.9496526021040856,0.05034739789591442
0.9463954394558318,0.05360456054416816
0.9362402944296457,0.06375970557035432
0.8912858807501316,0.10871411924986839
0.9314737975067297,0.06852620249327043
0.9281614299557722,0.07183857004422774
0.9365269197220023,0.06347308027799768
0.9596057831322847,0.04039421686771534
0.9358957431145778,0.0641042568854222
0.9438888678286145,0.05611113217138557
0.9752773520985633,0.024722647901436814
0.9697682715848868,0.03023172841511322
0.9161838846756191,0.08381611532438092
0.9502616020344605,0.04973839796553956
0.9377291487010108,0.0622708512989892
0.9726998746850417,0.02730012531495824
0.9578381736749159,0.042161826325084174
0.9314889662157675,0.06851103378423248
0.9601675802222747,0.039832419777725295
0.9243822434521056,0.07561775654789442
0.951860944795598,0.04813905520440206
0.942111272871988,0.05788872712801205
0.9101369519937256,0.08986304800627433
0.9485392386801068,0.0514607613198932
0.9513837661700782,0.04861623382992174
0.9510636861237048,0.04893631387629518
0.9540549705161671,0.04594502948383294
0.9835074739930727,0.016492526006927348
0.9699700038962444,0.030029996103755674
0.9679801406532829,0.032019859346717056
0.9627964394926086,0.037203560507391306
0.9246877268597765,0.07531227314022355
0.9602685578663592,0.03973144213364075
0.9426018223707999,0.057398177629200145
0.9132018120746485,0.08679818792535153
0.9344172307130576,0.06558276928694246
0.9339813110517915,0.06601868894820846
0.9332817040342427,0.06671829596575743
0.9054319673189615,0.09456803268103851
0.9388408073834337,0.06115919261656629
0.9448164864306122,0.055183513569387777
0.927223792616751,0.07277620738324896
0.9366242639744322,0.06337573602556783
0.9157378901324102,0.08426210986758978
0.953372979707783,0.046627020292216895
0.9080620959293295,0.0919379040706706
0.9076922152817641,0.09230778471823593
0.9469458159737698,0.053054184026230196
0.9365131330979498,0.06348686690205019
0.9471363654114685,0.05286363458853144
0.9365940411852635,0.06340595881473665
0.9257806603178812,0.07421933968211877
0.9933114566665695,0.006688543333430531
0.9539038081196954,0.04609619188030452
0.9314583122897221,0.06854168771027794
0.9252268236779123,0.07477317632208776
0.9579897975704924,0.04201020242950766
0.9463741145486712,0.053625885451328854
0.9712079978955155,0.02879200210448457
0.9493619317141292,0.0506380682858708
0.9466247856411706,0.05337521435882947
0.9649248630824363,0.035075136917563754
0.9528422410195092,0.0471577589804907
0.9433863701395439,0.05661362986045614
0.9798969156222361,0.020103084377763855
0.9460688401383608,0.05393115986163928
0.9236192714233881,0.07638072857661202
0.9459731019407348,0.0540268980592652
0.9365159979136212,0.063484002086379
0.9380034181425343,0.061996581857465684
0.9595394953525584,0.04046050464744156
0.9315504729670955,0.06844952703290452
0.9556336122353701,0.04436638776462989
0.9381786277709662,0.061821372229033826
0.9498973213854717,0.05010267861452838
0.9427401645289913,0.0572598354710087
0.922623093391147,0.07737690660885302
0.9547875965505765,0.04521240344942347
0.9505954320795439,0.0494045679204561
0.9222391063657982,0.07776089363420174
0.9402331165086232,0.05976688349137682
0.9303787176754635,0.06962128232453646
0.9518600906814847,0.04813990931851533
0.967738282505632,0.032261717494368014
0.9506516421001869,0.0493483578998131
0.9231605020335243,0.07683949796647581
0.9317854359573591,0.06821456404264097
0.9438510848670387,0.05614891513296129
0.9646845375782659,0.03531546242173423
0.950771425894623,0.049228574105377
0.9277821407791321,0.07221785922086783
0.9235496422212044,0.0764503577787957
0.9289469260198215,0.07105307398017846
0.9551473013775784,0.044852698622421604
0.9542265496308867,0.045773450369113323
0.934888753731171,0.06511124626882911
0.9309254265726097,0.06907457342739032
0.9295077352956367,0.07049226470436327
0.9395227880949512,0.06047721190504886
0.9331421134283068,0.0668578865716932
0.948492464968286,0.051507535031714034
0.9577477156164363,0.042252284383563724
0.9275674724967098,0.07243252750329021
0.9509933167355468,0.049006683264453184
0.9610358485968593,0.03896415140314076
0.9519987897361087,0.048001210263891314
0.9586326234827591,0.041367376517240796
0.9364653024872407,0.06353469751275939
0.9379279873762272,0.06207201262377279
0.9476056131692056,0.0523943868307945
0.935075821848752,0.06492417815124801
0.941748057576488,0.058251942423512
0.961210253864545,0.03878974613545498
0.964452942352199,0.0355470576478009
0.9503357933356213,0.04966420666437865
0.9551645354744677,0.04483546452553239
0.9454960311888434,0.05450396881115671
0.9525026257173028,0.0474973742826972
0.9181258981082635,0.0818741018917365
0.9523861632278685,0.04761383677213144
0.9297551838395379,0.0702448161604621
0.9203140356046434,0.07968596439535662
0.9656434550662686,0.034356544933731345
0.9458496683876871,0.05415033161231292
0.9711058908447178,0.028894109155282212
0.9394483301532498,0.06055166984675032
0.967125641415431,0.032874358584569024
0.9290843610418031,0.07091563895819686
0.9428297381141542,0.057170261885845806
0.955829332067394,0.044170667932606
0.9342841763427702,0.06571582365722985
0.9250486625653586,0.07495133743464151
0.9563437847494449,0.043656215250555186
0.9539974034333252,0.046002596566674755
0.9402262682083854,0.059773731791614666
0.9379831760036446,0.06201682399635547
0.9528771087322346,0.04712289126776539
0.9509747651518075,0.049025234848192545
0.939042267074789,0.060957732925210915
0.9643539989025697,0.0356460010974303
0.9241971083135849,0.07580289168641505
0.9123943013595334,0.08760569864046659
0.9377911639199897,0.06220883608001025
0.9419536584590992,0.05804634154090078
0.93595777080354,0.06404222919646006
0.9388262131211077,0.06117378687889224
0.928005030238513,0.07199496976148692
0.9515792314528346,0.04842076854716548
0.957495280982655,0.042504719017344955
0.9510470014057282,0.04895299859427184
0.9495603098767202,0.050439690123279673
0.9353374308734597,0.0646625691265403
0.9471816149901088,0.05281838500989128
0.9472392006317267,0.05276079936827328
0.9237996206319209,0.07620037936807915
0.9487949038317415,0.05120509616825855
0.9559811384192529,0.04401886158074707
0.9222265425503753,0.07777345744962473
0.9320161683306227,0.06798383166937734
0.9528900666145206,0.047109933385479315
0.9611591352586145,0.03884086474138547
0.938514538822113,0.06148546117788708
0.9630106346776318,0.03698936532236822
0.9706214370045625,0.029378562995437535
0.9282943529314479,0.07170564706855204
0.9296189380300686,0.07038106196993152
0.9417640094782718,0.058235990521728245
0.9481640353925697,0.051835964607430375
0.9427420724467458,0.05725792755325424
0.9208442475139124,0.07915575248608771
0.9723859480736812,0.027614051926318835
0.9365110117691499,0.0634889882308501
0.9327948707719245,0.06720512922807546
0.9081077409353243,0.0918922590646757
0.9430336352021143,0.05696636479788577
0.9476663168965513,0.05233368310344866
0.9350125529546484,0.0649874470453516
0.9444736387860599,0.055526361213940126
0.9563873839555314,0.043612616044468644
0.9476566952427393,0.052343304757260734
0.89739392470709,0.10260607529291
0.9482147604691313,0.05178523953086872
0.9374031001603339,0.06259689983966613
0.9702196230858087,0.029780376914191362
0.9530864087850561,0.04691359121494393
0.9308479639188398,0.0691520360811602
0.9436122085589378,0.0563877914410623
0.9282484628387396,0.07175153716126036
0.9551463467036986,0.04485365329630132
0.9261564861711792,0.07384351382882087
0.9427887135664732,0.05721128643352692
0.952086178320112,0.04791382167988803
0.937556750820712,0.06244324917928802
0.9493563231469099,0.05064367685309015
0.9385065858416343,0.061493414158365685
0.9275847802284168,0.07241521977158324
0.9495689493394556,0.05043105066054451
0.9637138653004877,0.03628613469951228
0.9494591584831659,0.05054084151683421
0.9498477490009322,0.05015225099906787
0.9695963009359937,0.030403699064006397
0.9614503169897309,0.03854968301026909
0.9722844756734697,0.0277155243265303
0.9584933537564717,0.04150664624352832
0.947551214797526,0.052448785202474035
0.9411265855144918,0.05887341448550825
0.9162793235975196,0.08372067640248036
0.9372787796564068,0.06272122034359318
0.9427811843764544,0.0572188156235456
0.9312506881269704,0.06874931187302963
0.9314831713027076,0.0685168286972924
0.9549109275195747,0.045089072480425284
0.9597485971389054,0.04025140286109459
0.9554865030884705,0.04451349691152955
0.9475341896301606,0.05246581036983946
0.9687601359084277,0.0312398640915724
0.9613215246303948,0.038678475369605225
0.9347875538458349,0.0652124461541652
0.9526526696504635,0.047347330349536546
0.9416149606833758,0.05838503931662426
0.9539311787493179,0.04606882125068215
0.9389060219718928,0.06109397802810725
0.9580670240516089,0.041932975948391106
0.9425148203964868,0.057485179603513195
0.9558539388570494,0.044146061142950534
0.9323815341036571,0.06761846589634302
0.9538675850532482,0.04613241494675195
0.9242113598352875,0.07578864016471257
0.9253457357467046,0.0746542642532954
0.9380699053545952,0.06193009464540471
0.9189900572760121,0.08100994272398786
0.9753267661061533,0.024673233893846604
0.95425924373354,0.04574075626645992
0.9325331843782037,0.06746681562179636
0.9303749315872776,0.0696250684127224
0.9530665978836943,0.04693340211630568
0.9465810377213656,0.05341896227863447
0.9295642560523479,0.07043574394765202
0.9282558233862536,0.07174417661374638
0.9679254133030318,0.03207458669696825
0.9170076923975955,0.08299230760240456
0.9049363622817826,0.0950636377182173
0.937627427691244,0.06237257230875604
0.9486521647347598,0.051347835265240255
0.9597517436334635,0.040248256366536506
0.9311696040442633,0.06883039595573667
0.939138181520635,0.060861818479364956
0.9426733400029412,0.057326659997058785
0.9614565066100437,0.0385434933899563
0.9609818540928818,0.0390181459071182
0.9541425956837578,0.04585740431624216
0.967145516157831,0.032854483842169005
0.9363889071447689,0.06361109285523116
0.9060273342660659,0.09397266573393426
0.9571457888078793,0.04285421119212071
0.9779323878334685,0.022067612166531546
0.9352490012277586,0.0647509987722415
0.9549174276038445,0.04508257239615554
0.9647307930446201,0.035269206955380016
0.9399069246658682,0.060093075334131774
0.950375049854883,0.0496249501451171
0.9459026635073353,0.05409733649266471
0.9474195673015866,0.052580432698413435
0.957939073082026,0.04206092691797405
0.9365234247190669,0.06347657528093308
0.9375049419327024,0.062495058067297625
0.9584018135100074,0.04159818648999266
0.9361457023390359,0.0638542976609641
0.9212530884686038,0.07874691153139622
0.9665079727460785,0.03349202725392157
0.9311736487416229,0.06882635125837712
0.9360144128826564,0.06398558711734358
0.9310722810030692,0.06892771899693093
0.9451103921601925,0.05488960783980735
0.9675847853481123,0.03241521465188772
0.9422618380601372,0.05773816193986272
0.9406482157360769,0.059351784263923145
0.9452795052798549,0.054720494720145105
0.9544589906337987,0.04554100936620137
0.9598836557099975,0.04011634429000256
0.9218412443922035,0.07815875560779652
0.937731126873141,0.06226887312685911
0.9538053581288186,0.04619464187118137
0.9280897470756632,0.07191025292433692
0.9614357636401121,0.03856423635988799
0.927431984897274,0.0725680151027261
0.9699696066577457,0.030030393342254283
0.9448712452566559,0.055128754743344194
0.9351423292444742,0.06485767075552579
0.9153283957870559,0.0846716042129441
0.9374928529398837,0.0625071470601163
0.9520975743672102,0.04790242563278988
0.9257084204383976,0.07429157956160246
0.9420480469630871,0.057951953036912945
0.9741591648203418,0.025840835179658322
0.9065341247148395,0.09346587528516048
0.9771521630429477,0.022847836957052364
0.9421591047164396,0.0578408952835604
0.9411193500872194,0.05888064991278069
0.9688437951464036,0.03115620485359638
0.9777361700859739,0.022263829914026187
0.9271819554434924,0.07281804455650771
0.9577770088122431,0.04222299118775688
0.9173575975009207,0.08264240249907945
0.9378206881604556,0.06217931183954434
0.9547738995994036,0.04522610040059637
0.9525851325958066,0.04741486740419339
0.9238347458290317,0.07616525417096824
0.9690588261651495,0.030941173834850573
0.9159542907504961,0.08404570924950398
0.94687249858568,0.05312750141431993
0.9705657556293529,0.029434244370647136
0.9161953715314581,0.08380462846854195
0.9277075695863585,0.07229243041364153
0.948572452090138,0.051427547909862016
0.9262185776046873,0.07378142239531274
0.9327502267551023,0.06724977324489763
0.9228396641709966,0.07716033582900347
0.9487477937645492,0.05125220623545086
0.9444909623235661,0.055509037676433996
0.9488647474471895,0.05113525255281047
0.9574962574891575,0.04250374251084255
0.915149673801216,0.08485032619878398
0.9756131425937651,0.024386857406234957
0.9510491264978252,0.048950873502174724
0.9563213877770329,0.04367861222296711
0.9589967410626996,0.04100325893730043
0.9532816933046978,0.046718306695302234
0.9548054949572772,0.045194505042722856
0.9279316608056559,0.07206833919434409
0.9313554664191357,0.06864453358086425
0.9206344070739361,0.07936559292606395
0.9083498165198934,0.09165018348010666
0.9371019261854735,0.06289807381452663
0.9362250003734698,0.06377499962653027
0.9367799449305692,0.06322005506943083
0.9493836728942527,0.050616327105747275
0.9080481773218855,0.09195182267811454
0.9554304115086745,0.04456958849132555
0.9260276072073829,0.07397239279261722
0.9236875911982692,0.07631240880173079
0.9517184152963529,0.04828158470364712
0.9326268758994531,0.06737312410054691
0.9446092279799673,0.055390772020032696
0.9725883231230812,0.0274116768769188
0.9643984157888914,0.03560158421110866
0.9349663531143505,0.0650336468856496
0.9569994702060766,0.04300052979392351
0.912679819319827,0.08732018068017298
0.9515906133261867,0.04840938667381342
0.9270326725738212,0.07296732742617888
0.950983851258111,0.04901614874188905
0.9422004509322128,0.057799549067787205
0.9358419219289409,0.0641580780710591
0.9176377263386266,0.08236227366137344
0.9218752822164299,0.07812471778357002
0.9250149671208465,0.07498503287915353
0.9539300665679067,0.04606993343209337
0.9280026468404304,0.07199735315956954
0.9354749552584798,0.06452504474152021
0.931650854254365,0.06834914574563496
0.9554835427250304,0.0445164572749695
0.9245241979524879,0.07547580204751213
0.9697953988546886,0.030204601145311392
0.9666089844890465,0.0333910155109535
0.9351646616836577,0.06483533831634226
0.9608261494149188,0.039173850585081216
0.9677174575241883,0.0322825424758118
0.9570311213439816,0.042968878656018256
0.9476301253491161,0.05236987465088394
0.9391410077393045,0.06085899226069546
0.9522356156683647,0.04776438433163534
0.9287501822343707,0.07124981776562939
0.924753287853172,0.07524671214682803
0.9492587744249714,0.05074122557502857
0.9620555068491049,0.03794449315089514
0.9382668028068357,0.061733197193164197
0.9435400387835874,0.05645996121641259
0.960904716390843,0.03909528360915701
0.9373819175481152,0.06261808245188492
0.9116941165356077,0.08830588346439235
0.9702113766558786,0.029788623344121468
0.9205102951817993,0.07948970481820067
0.9620341430434495,0.037965856956550456
0.9408746490985246,0.05912535090147532
0.9578346275265938,0.042165372473406265
0.9410021970069443,0.058997802993055744
0.9347800363895664,0.06521996361043363
0.9513496514601117,0.04865034853988835
0.9445481036335991,0.055451896366401
0.9506727656501376,0.04932723434986236
0.9527313945185564,0.047268605481443654
0.9567036313915677,0.0432963686084323
0.9203886453190964,0.07961135468090377
0.9516454101939602,0.04835458980603975
0.9454876516407752,0.05451234835922484
0.9439880606360449,0.056011939363955085
0.92691868697648,0.07308131302352
0.943657388359325,0.05634261164067494
0.9620254959160932,0.0379745040839069
0.9489521092305191,0.051047890769480936
0.9534499837387327,0.046550016261267355
0.9655107358587526,0.034489264141247415
0.9305638556592783,0.06943614434072161
0.9632596048541002,0.036740395145899746
0.9319633871524812,0.0680366128475188
0.9811521171771375,0.018847882822862635
0.9556594943692318,0.04434050563076828
0.9309535689107453,0.06904643108925466
0.9206554289642067,0.07934457103579322
0.9418185662622416,0.05818143373775847
0.9320528394057397,0.06794716059426029
0.9723832708266795,0.027616729173320448
0.9226785332619613,0.07732146673803877
0.9469657159386459,0.05303428406135418
0.9360099213293802,0.06399007867061976
0.9553837729330262,0.044616227066973796
0.9210585123663757,0.07894148763362431
0.9179421057036703,0.08205789429632965
0.9521442050210762,0.04785579497892375
0.966531763833442,0.033468236166558016
0.9549826955992228,0.04501730440077722
0.962824115288328,0.03717588471167205
0.9790232097867838,0.02097679021321624
0.9470643042290593,0.0529356957709407
0.9456829978574365,0.054317002142563534
0.9316851873437048,0.0683148126562952
0.9579189360283847,0.04208106397161536
0.939412276113141,0.06058772388685899
0.9389797886329522,0.06102021136704785
0.9552188252328934,0.044781174767106656
0.9342510248673721,0.06574897513262787
0.9562125450225152,0.04378745497748489
0.912315101648344,0.0876848983516561
0.9600438008236515,0.03995619917634859
0.9391952492072877,0.060804750792712164
0.9333063629538946,0.06669363704610548
0.9145599923346603,0.08544000766533964
0.9508384788972374,0.049161521102762666
0.9497989365335162,0.050201063466483765
0.924489316568992,0.07551068343100799
0.9536949211356593,0.04630507886434076
0.9419738067594484,0.05802619324055161
0.9396298661893865,0.06037013381061361
0.955458306726031,0.044541693273969014
0.9655464603144531,0.034453539685546826
0.9400543685979587,0.05994563140204129
0.9455581939008693,0.05444180609913082
0.9371726583292452,0.06282734167075468
0.9579700184968422,0.04202998150315794
0.9543479047523686,0.04565209524763135
0.9285388749123783,0.07146112508762172
0.9402209505698996,0.05977904943010042
0.9206202902650807,0.07937970973491919
0.9184379079126246,0.08156209208737533
0.9470419500782014,0.052958049921798644
0.9499568107423302,0.05004318925766984
0.9472992046540529,0.052700795345947175
0.9203659445893554,0.07963405541064465
0.9573905442562721,0.0426094557437279
0.9433035208861072,0.056696479113892743
0.9344805943964055,0.06551940560359448
0.9415147163754143,0.05848528362458568
0.9528162328151316,0.047183767184868386
0.9389287928465773,0.06107120715342283
0.9117713682496889,0.0882286317503111
0.9243417227617664,0.07565827723823357
0.9299436216361605,0.07005637836383949
0.9578760526232273,0.04212394737677282
0.9649903061631565,0.03500969383684348
0.9733481805275426,0.026651819472457504
0.9454719198272545,0.05452808017274553
0.9590162439666069,0.04098375603339301
0.9452573840007682,0.05474261599923192
0.93356609025605,0.06643390974394997
0.9118842757091238,0.08811572429087625
0.9900638783897961,0.009936121610203793
0.9792194715260413,0.020780528473958712
0.9842903872446662,0.015709612755333783
0.924249244244734,0.07575075575526598
0.9441287545629922,0.05587124543700789
0.9480117246716044,0.05198827532839547
0.9705563099919595,0.029443690008040403
0.8953196457870473,0.10468035421295281
0.9507048634132996,0.049295136586700455
0.9416062283906237,0.058393771609376345
0.9527859294962274,0.04721407050377244
0.9215130408069754,0.07848695919302465
0.9433194557199374,0.05668054428006262
0.936897431212677,0.06310256878732312
0.9254020512772774,0.07459794872272264
0.9129356157324362,0.08706438426756385
0.9274198073241015,0.07258019267589857
0.9633503196385055,0.036649680361494553
0.9250825679917393,0.07491743200826079
0.9242816205061734,0.07571837949382668
0.9256687492523322,0.07433125074766783
0.9641374248389362,0.0358625751610639
0.9641587004654197,0.035841299534580276
0.9525086297001656,0.04749137029983444
0.9514254868944045,0.04857451310559548
0.9712108838212271,0.028789116178772833
0.9205093982519766,0.07949060174802336
0.93387753357656,0.06612246642344004
0.9487544792621944,0.051245520737805667
0.948655836685555,0.05134416331444512
0.9460485916412198,0.053951408358780144
0.9151194235308645,0.0848805764691356
0.9291891070766559,0.07081089292334408
0.93469267724702,0.06530732275298
0.9455742097241309,0.05442579027586911
0.9373187892107977,0.06268121078920229
0.9429450199227675,0.0570549800772324
0.9520304195930512,0.047969580406948695
0.9159652327654735,0.0840347672345266
0.9770702704421593,0.02292972955784063
0.9674301219642114,0.03256987803578852
0.9507032652599343,0.04929673474006567
0.9264332328113033,0.07356676718869673
0.9372943579215687,0.06270564207843132
0.9354813800713061,0.0645186199286939
0.9549437349140703,0.04505626508592978
0.963180468332245,0.036819531667755034
0.9141741918819035,0.08582580811809651
0.9543732007148951,0.04562679928510495
0.9358069631983192,0.06419303680168083
0.9269937282132521,0.07300627178674796
0.9503389234196085,0.04966107658039151
0.9619723120216752,0.038027687978324766
0.9508614543408407,0.049138545659159406
0.9592061449201609,0.04079385507983911
0.9610380784810322,0.0389619215189679
0.9398471307835895,0.06015286921641041
0.9387060323678512,0.06129396763214879
0.9663630313137656,0.033636968686234496
0.9724792352966092,0.027520764703390793
0.9392970792673443,0.06070292073265571
0.9759043105143428,0.024095689485657205
0.9265561788578437,0.0734438211421563
0.9638177987595734,0.03618220124042658
0.9181416264971346,0.08185837350286534
0.9500041930447665,0.04999580695523356
0.9423899918991776,0.05761000810082254
0.9714473421587425,0.028552657841257455
0.9506086925861823,0.04939130741381769
0.9594725219767221,0.040527478023277996
0.9274233155258684,0.07257668447413154
0.9214009291957104,0.07859907080428964
0.9647477861631687,0.035252213836831275
0.9207930562485892,0.07920694375141077
0.9126268439499522,0.08737315605004783
0.9048989546955628,0.09510104530443725
0.9124904187305961,0.08750958126940392
0.9733696774407912,0.026630322559208774
0.9581625742500615,0.04183742574993862
0.9598651371124485,0.0401348628875515
0.9257887207378027,0.07421127926219731
0.9345886372648406,0.06541136273515945
0.9412776983835679,0.05872230161643218
0.9378178637937534,0.062182136206246505
0.9555066151647287,0.0444933848352714
0.9458726335261841,0.05412736647381592
0.9529824690962562,0.0470175309037439
0.9293590051355497,0.07064099486445025
0.9594075023883909,0.0405924976116091
0.9249483377625608,0.07505166223743924
0.9097582545190785,0.0902417454809214
0.9410575646208157,0.058942435379184234
0.9449593351513229,0.05504066484867714
0.937273752497255,0.06272624750274504
0.9524205599868949,0.04757944001310507
0.9400501069717234,0.05994989302827657
0.959699967548,0.04030003245200005
0.9359160296137101,0.06408397038628988
0.9522753356201138,0.04772466437988617
0.9213384016260895,0.07866159837391058
0.9185334943917915,0.08146650560820846
0.9117159073122556,0.08828409268774448
0.9647325363411338,0.03526746365886627
0.9790570506334352,0.020942949366564878
0.9261575562484028,0.07384244375159714
0.9317594094854964,0.06824059051450362
0.9714949069887191,0.028505093011280885
0.9570446514769662,0.042955348523033794
0.9041953549474318,0.0958046450525683
0.9299280605432183,0.07007193945678168
0.9169125571888925,0.08308744281110751
0.9647905205306502,0.03520947946934993
0.9319547830568728,0.06804521694312726
0.9248228999072611,0.07517710009273894
0.9092722049620605,0.09072779503793951
0.9217297345109629,0.07827026548903725
0.9672214518336332,0.0327785481663669
0.9406499425513798,0.059350057448620215
0.9555668838611465,0.04443311613885357
0.9453030703635794,0.05469692963642064
0.9376114427976853,0.06238855720231477
0.9175959877033016,0.08240401229669837
0.9543801217450238,0.04561987825497617
0.9794703379026592,0.020529662097340855
0.9298941787031554,0.0701058212968447
0.9094835363338611,0.09051646366613893
0.9292464206855255,0.0707535793144745
0.9327866633999338,0.06721333660006629
0.9806447759671354,0.019355224032864604
0.937859733274488,0.062140266725512025
0.9522660012899298,0.047733998710070225
0.963117916760503,0.03688208323949708
0.9167565096136467,0.08324349038635323
0.9428851668667226,0.057114833133277386
0.9515317833514784,0.04846821664852157
0.9626019959748923,0.03739800402510783
0.9673436454101567,0.03265635458984328
0.955215735127652,0.04478426487234796
0.9099150969265838,0.0900849030734162
0.9630242920528287,0.0369757079471713
0.9363297294147629,0.06367027058523703
0.9384366774346319,0.061563322565368075
0.928809044301661,0.07119095569833891
0.968292537399749,0.031707462600251146
0.947859866447124,0.05214013355287592
0.9331262248997356,0.06687377510026439
0.9413306692851299,0.058669330714870266
0.9464424134918775,0.053557586508122576
0.9311882346588332,0.06881176534116683
0.9668921018457118,0.03310789815428825
0.9311863355213323,0.06881366447866771
0.9128812929089473,0.08711870709105274
0.9350439415749635,0.06495605842503646
0.9545851713473934,0.04541482865260668
0.9499555324215699,0.05004446757843012
0.9297963046756222,0.07020369532437779
0.9425791910595466,0.05742080894045341
0.9397413585873488,0.06025864141265125
0.9419891814168013,0.05801081858319878
0.9577388414748158,0.04226115852518428
0.9250170631181325,0.0749829368818675
0.9226506292576518,0.07734937074234811
0.9350187349608977,0.06498126503910233
0.9429738157056776,0.05702618429432238
0.9357152858244416,0.06428471417555835
0.9364178136545003,0.06358218634549968
0.9415960682930148,0.058403931706985206
0.9558998541993029,0.04410014580069707
0.9554363857814128,0.044563614218587295
0.9566628708497413,0.04333712915025872
0.9443644037079952,0.05563559629200477
0.942102181967697,0.05789781803230305
0.9524785021974344,0.04752149780256562
0.9484711881733835,0.05152881182661653
0.9657239408980088,0.03427605910199125
0.9658252188022278,0.03417478119777233
0.9506836397313488,0.04931636026865122
0.9705201523926108,0.02947984760738917
0.9320282614063837,0.0679717385936163
0.9477926020153755,0.05220739798462455
0.9350457574442089,0.06495424255579109
0.9501450755796474,0.04985492442035251
0.9499948533243425,0.05000514667565753
0.9357644593113434,0.06423554068865661
0.9563873524666053,0.04361264753339465
0.9566950220510481,0.04330497794895191
0.904871918846842,0.09512808115315806
0.9588024582454601,0.041197541754540025
0.9363668026875446,0.06363319731245547
0.9443547363792868,0.055645263620713155
0.9234730836816779,0.07652691631832204
0.9558592892635208,0.04414071073647924
0.938497011499091,0.061502988500908906
0.9605400952282122,0.03945990477178792
0.9442060518822709,0.055793948117729135
0.9349895264427551,0.06501047355724497
0.9260419713663122,0.07395802863368783
0.9191443384606427,0.08085566153935733
0.9814761267052646,0.018523873294735354
0.9245985837153208,0.07540141628467924
0.9484130982111604,0.051586901788839665
0.956169274516198,0.04383072548380193
0.9294769501267016,0.07052304987329837
0.9424340722940846,0.05756592770591547
0.9125119168053573,0.08748808319464274
0.9637510313097175,0.036248968690282525
0.9337950040899154,0.06620499591008468
0.9142874374832668,0.08571256251673322
0.9199198778051888,0.08008012219481123
0.9407734564471097,0.05922654355289025
0.9010691589122551,0.09893084108774482
0.9324338924104337,0.0675661075895663
0.9425891404874246,0.0574108595125755
0.9153344080811135,0.08466559191888641
0.9464255183579321,0.05357448164206801
0.9454265196659981,0.05457348033400188
0.942260425620368,0.05773957437963203
0.9254216200231307,0.07457837997686942
0.9215114559797051,0.0784885440202949
0.9470373597728049,0.05296264022719518
0.9200343632158591,0.07996563678414081
0.9430843222066229,0.05691567779337726
0.9238773734749711,0.07612262652502882
0.9111470395169597,0.08885296048304024
0.9128408290352441,0.08715917096475594
0.926564812365386,0.07343518763461401
0.9377319038182237,0.062268096181776256
0.9527558770195387,0.047244122980461274
0.8965701794879147,0.10342982051208528
0.9331215618775375,0.0668784381224626
0.9484830669717345,0.05151693302826559
0.9468445479363334,0.05315545206366658
0.9322239113639227,0.0677760886360774
0.9827551821518332,0.017244817848166852
0.9487620242270386,0.05123797577296138
0.94352413989258,0.05647586010741998
0.9582532776058745,0.04174672239412547
0.9253887915578239,0.07461120844217606
0.953260101975409,0.046739898024591074
0.8971301545379159,0.10286984546208414
0.9806456645978023,0.01935433540219766
0.9689924267354099,0.03100757326459021
0.9289415585850063,0.07105844141499375
0.9487565673233542,0.05124343267664583
0.9495025395204569,0.05049746047954305
0.9419461394337622,0.05805386056623791
0.9630665817851404,0.036933418214859695
0.9063520652277741,0.0936479347722259
0.968706669920366,0.031293330079634044
0.9373106057629349,0.06268939423706509
0.9536084151636776,0.04639158483632239
0.9573451438807913,0.04265485611920874
0.9187349084367993,0.08126509156320079
0.9679896978404856,0.03201030215951439
0.9352225471053871,0.06477745289461295
0.9320533067287937,0.0679466932712063
0.9590640616941254,0.04093593830587461
0.9573049530187112,0.0426950469812888
0.9203806650554965,0.07961933494450346
0.964640914466623,0.03535908553337695
0.9154037621944419,0.08459623780555822
0.9448193028705468,0.05518069712945324
0.9662570022883491,0.03374299771165085
0.9601665378993621,0.03983346210063782
0.8754798613007804,0.12452013869921977
0.9407040391994652,0.05929596080053477
0.9241131058309234,0.07588689416907668
0.9643738876190335,0.03562611238096656
0.9481468225691557,0.05185317743084428
0.9541772572988889,0.045822742701111016
0.9432396796300699,0.05676032036993005
0.9621159352873759,0.03788406471262408
0.9554085713577312,0.04459142864226884
0.942063058945475,0.05793694105452507
0.9627196201346349,0.03728037986536513
0.9283567968443717,0.0716432031556283
0.9351575314299473,0.06484246857005282
0.9583017419619534,0.04169825803804657
0.9415466915021344,0.05845330849786559
0.9555998703005399,0.044400129699460014
0.9442336221834752,0.055766377816524805
0.9771227684567008,0.02287723154329924
0.9535650794925316,0.046434920507468544
0.9730319459197847,0.02696805408021529
0.9837517416090767,0.016248258390923337
0.9360502181959811,0.063949781804019
0.9453773210236086,0.05462267897639137
0.9118184898681874,0.08818151013181268
0.9289975525319749,0.07100244746802511
0.945618656429469,0.054381343570531065
0.9303901088352861,0.06960989116471396
0.9015587295691938,0.09844127043080611
0.8949940776768769,0.1050059223231231
0.9356272024245179,0.06437279757548213
0.9141051104801162,0.0858948895198837
0.9505024520447687,0.049497547955231376
0.9512663329316138,0.048733667068386305
0.9085974999000934,0.09140250009990654
0.9456225710678542,0.05437742893214575
0.9303222770906706,0.06967772290932947
0.9488296937868873,0.05117030621311268
0.9263844302738881,0.07361556972611186
0.9505835026666323,0.04941649733336776
0.940283337212604,0.05971666278739599
0.9460387653563531,0.05396123464364694
0.945736154911701,0.05426384508829898
0.9309046987521836,0.0690953012478165
0.9389028057132194,0.061097194286780544
0.944966842784696,0.05503315721530398
0.923466271040453,0.07653372895954702
0.9124719501223616,0.08752804987763843
0.9390657562692094,0.060934243730790594
0.9716967030070671,0.028303296992932818
0.9430715699816103,0.056928430018389785
0.9459919694429408,0.05400803055705915
0.9274301697915949,0.07256983020840516
0.9274661614177491,0.07253383858225095
0.9457974534244398,0.0542025465755602
0.943723679384657,0.05627632061534302
0.9458152474139543,0.0541847525860457
0.9738593057042323,0.026140694295767812
0.9145315379407113,0.08546846205928876
0.9584773110493565,0.041522688950643434
0.9074511015798644,0.09254889842013558
0.9326466313503515,0.0673533686496485
0.9282047463435639,0.07179525365643627
0.9695277146432647,0.03047228535673535
0.9541713097165718,0.04582869028342824
0.9235040460327962,0.07649595396720381
0.9460116762461666,0.053988323753833445
0.9555578043537424,0.044442195646257635
0.9313557639582577,0.0686442360417424
0.9256125980668759,0.07438740193312407
0.9420768469993022,0.057923153000697815
0.9731732124433333,0.02682678755666669
0.9461146093799627,0.05388539062003729
0.9509671104854407,0.04903288951455936
0.946390572035121,0.053609427964879
0.9095117364888471,0.09048826351115295
0.9504327110820626,0.04956728891793738
0.935963446123723,0.0640365538762771
0.9271628460442964,0.07283715395570366
0.9108248961783418,0.08917510382165822
0.9615404886837293,0.03845951131627065
0.9412768720337457,0.058723127966254354
0.9511527938993313,0.04884720610066875
0.9832230065773521,0.01677699342264789
0.934493849598547,0.065506150401453
0.9343576890730363,0.06564231092696379
0.9330999931148823,0.06690000688511775
0.9416560550528059,0.058343944947194075
0.9348736587857879,0.06512634121421206
0.9552152034806962,0.044784796519303845
0.9685949175063385,0.031405082493661494
0.9567244513447619,0.04327554865523804
0.9769275137288298,0.023072486271170103
0.9524611111738299,0.04753888882617012
0.9427460779767594,0.057253922023240714
0.9401662896981179,0.059833710301882184
0.9359648916925349,0.06403510830746509
0.9482378818207176,0.05176211817928244
0.9561859158475745,0.04381408415242551
0.9606513529444242,0.03934864705557586
0.9628817456948477,0.03711825430515234
0.9444558361815218,0.05554416381847811
0.9375273885067199,0.06247261149328016
0.9315984797900297,0.06840152020997017
0.9207835680490318,0.07921643195096822
0.9518066618279967,0.04819333817200324
0.9290900685909711,0.07090993140902895
0.9524539952078304,0.04754600479216966
0.950109880817366,0.04989011918263403
0.9468784366158735,0.05312156338412658
0.9494998016762238,0.05050019832377621
0.9391984563191338,0.06080154368086623
0.947718273928837,0.05228172607116306
0.9568100363259642,0.0431899636740358
0.9375584944174302,0.06244150558256973
0.9582797016801766,0.0417202983198234
0.939030453073172,0.06096954692682796
0.9517572979305712,0.0482427020694289
0.9232645428353824,0.07673545716461762
0.9554450432364343,0.04455495676356579
0.9482523392229187,0.051747660777081296
0.9287180436337996,0.07128195636620041
0.954250680137758,0.045749319862242004
0.960110026702786,0.03988997329721401
0.9744369823979063,0.025563017602093695
0.943655106973982,0.05634489302601801
0.9533287266386459,0.04667127336135418
0.961586181758714,0.03841381824128597
0.9372464836857698,0.06275351631423026
0.948984175930085,0.051015824069914915
0.9156511928610706,0.08434880713892948
0.936470848704402,0.06352915129559812
0.947366815089343,0.05263318491065713
0.9192457121043411,0.08075428789565896
0.9542172463759044,0.04578275362409553
0.9740946505917449,0.025905349408255056
0.9217387369404986,0.07826126305950147
0.9450546035368782,0.054945396463121875
0.9365460678032734,0.06345393219672653
0.9313612031590978,0.06863879684090224
0.909033747981031,0.09096625201896902
0.9564141770439615,0.043585822956038495
0.9270375699892971,0.0729624300107028
0.9287807822197617,0.0712192177802383
0.9390880129482562,0.06091198705174378
0.9395219509073869,0.06047804909261316
0.9462397348786659,0.05376026512133408
0.9512240696938987,0.04877593030610135
0.9096496093891894,0.09035039061081067
0.963420055417367,0.036579944582633056
0.9555399748370036,0.04446002516299643
0.9384836667796058,0.061516333220394265
0.9473546912114912,0.05264530878850883
0.9207713526543089,0.0792286473456912
0.9536965880922023,0.04630341190779768
0.936561453566332,0.06343854643366802
0.9354747791284138,0.06452522087158617
0.9383562110040086,0.06164378899599149
0.9455919268255377,0.054408073174462376
0.954402271256409,0.045597728743591026
0.9728788337530314,0.02712116624696851
0.9582979913073283,0.04170200869267175
0.9380210417281556,0.06197895827184449
0.9448133012610456,0.055186698738954404
0.94379386720313,0.05620613279686999
0.9709577129668775,0.029042287033122574
0.9399195051694079,0.06008049483059202
0.9364750008721023,0.06352499912789779
0.9569503237025401,0.04304967629745997
0.98043362087712,0.01956637912287996
0.9151884298880323,0.08481157011196777
0.9456969929080028,0.05430300709199713
0.955471904101277,0.04452809589872294
0.9404837000463887,0.059516299953611275
0.9610693693164317,0.038930630683568286
0.9332947704872973,0.06670522951270284
0.9533597107384015,0.04664028926159856
0.9257089480022752,0.07429105199772491
0.9800159964591972,0.01998400354080281
0.9204592837886293,0.07954071621137077
0.9570939592547825,0.04290604074521756
0.9679195465839942,0.03208045341600585
0.9466905927996456,0.05330940720035439
0.93874944264849,0.06125055735150999
0.9502447418407645,0.049755258159235566
0.9319734912421028,0.06802650875789719
0.9477386187171062,0.0522613812828938
0.958529707801304,0.04147029219869602
0.9666968637451838,0.033303136254816124
0.9268199584261302,0.07318004157386988
0.9592974857022373,0.04070251429776274
0.9479528492396947,0.05204715076030539
0.9452420312521831,0.05475796874781698
0.9358050511115058,0.06419494888849406
0.9627643670040604,0.037235632995939516
0.9334431034015259,0.06655689659847411
0.9308320718203109,0.06916792817968906
0.9603532048483683,0.039646795151631775
0.9603469972073038,0.039653002792696145
0.9148730887715625,0.08512691122843753
0.9367465748111815,0.06325342518881846
0.9355455686750854,0.06445443132491467
0.9496260984186222,0.050373901581377806
0.9373775141656147,0.06262248583438539
0.9512921609189797,0.048707839081020304
0.9423310288120748,0.05766897118792523
0.9545120531724345,0.04548794682756558
0.9709301912355749,0.02906980876442516
0.9598849137186339,0.04011508628136609
0.9553456897907628,0.04465431020923711
0.9492551665234462,0.05074483347655383
0.9542844544781016,0.04571554552189848
0.9406981432170687,0.05930185678293134
0.9553344306185793,0.044665569381420765
0.9242752872862435,0.07572471271375646
0.9504847712946586,0.04951522870534152
0.9542518832256163,0.04574811677438366
0.9503843288025264,0.04961567119747357
0.9384035625113205,0.061596437488679504
0.9465824929223224,0.053417507077677506
0.9546104078533177,0.045389592146682284
0.9447439456264236,0.05525605437357648
0.9412087822861208,0.058791217713879206
0.9339350893963747,0.0660649106036253
0.9523192917821681,0.0476807082178318
0.9577320224938748,0.04226797750612527
0.939943561277951,0.06005643872204906
0.960736228421133,0.039263771578866985
0.952060995633403,0.04793900436659697
0.9617889015850415,0.0382110984149585
0.9230505705110701,0.07694942948893004
0.9651430258410804,0.034856974158919654
0.944296843428091,0.055703156571909024
0.9597794856795628,0.040220514320437176
0.9507320960453574,0.04926790395464269
0.9465156134769453,0.053484386523054615
0.9431075283924517,0.0568924716075483
0.9347755709828023,0.06522442901719772
0.9644968261641055,0.035503173835894616
0.9322241917658806,0.06777580823411941
0.9351500013071999,0.0648499986928
0.9430182551590043,0.05698174484099564
0.9372065158039009,0.06279348419609916
0.9369160552075604,0.06308394479243962
0.9510072859793259,0.04899271402067403
0.9217033914649311,0.07829660853506891
0.9312009519651915,0.06879904803480855
0.941866431086546,0.05813356891345397
0.9572599772563882,0.042740022743611765
0.9458097779036873,0.05419022209631272
0.9420488155788876,0.05795118442111242
0.9299950412115431,0.07000495878845692
0.9587109661968939,0.04128903380310614
0.9550697589669668,0.04493024103303319
0.9600256493772844,0.03997435062271557
0.952895055353622,0.04710494464637808
0.9547595165748912,0.04524048342510873
0.9390343183072917,0.06096568169270831
0.9593620526716093,0.04063794732839067
0.9316739067094836,0.06832609329051638
0.9460774621874298,0.053922537812570205
0.9050988088890833,0.09490119111091666
0.9072601327211898,0.0927398672788102
0.946386098264518,0.05361390173548189
0.9668503519390781,0.033149648060921987
0.9463766218942189,0.053623378105781216
0.9619713863266501,0.03802861367334985
0.9258270119040007,0.07417298809599923
0.966260456530675,0.03373954346932502
0.9168599550488145,0.08314004495118549
0.9465660091218415,0.05343399087815848
0.935836148049124,0.06416385195087608
0.9582920093706916,0.04170799062930839
0.9435298742657469,0.05647012573425314
0.9662858423795097,0.03371415762049036
0.9468209887670298,0.0531790112329702
0.9523382902933091,0.04766170970669089
0.9634687567555033,0.03653124324449672
0.9422600962131218,0.05773990378687823
0.915784335069715,0.0842156649302849
0.9513197444570456,0.04868025554295446
0.9573458789342628,0.04265412106573721
0.9409953716988935,0.059004628301106615
0.9236488145544179,0.076351185445582
0.940028871266376,0.05997112873362405
0.933964446544762,0.06603555345523801
0.9052161440477696,0.09478385595223043
0.9542804131857482,0.04571958681425178
0.9433737170393107,0.0566262829606892
0.920282376419963,0.07971762358003703
0.9291470120172778,0.07085298798272223
0.9388470188005484,0.061152981199451534
0.9231370556522209,0.07686294434777914
0.9613641171020733,0.03863588289792681
0.9180618971347217,0.08193810286527825
0.9606500047661273,0.03934999523387268
0.9212696174888416,0.07873038251115841
0.9776573432252643,0.022342656774735736
0.9586698222886755,0.04133017771132442
0.9488618045823916,0.051138195417608404
0.9409891446352132,0.0590108553647869
0.9421849091168533,0.057815090883146694
0.944243217431364,0.05575678256863612
0.9284266039448528,0.07157339605514725
0.960315160871893,0.039684839128107066
0.9250948723283967,0.07490512767160337
0.9385080515985778,0.061491948401422275
0.9565557918751851,0.04344420812481486
0.9298133581462421,0.070186641853758
0.9468370042754074,0.05316299572459267
0.9369641331536022,0.06303586684639786
0.9513257679902245,0.048674232009775505
0.9337844288612523,0.06621557113874774
0.9131026849089803,0.08689731509101985
0.936829927296821,0.06317007270317898
0.9774304114567386,0.022569588543261347
0.9500436728483294,0.04995632715167074
0.9196799608795878,0.08032003912041222
0.9238739544134649,0.07612604558653513
0.8941446309270917,0.10585536907290832
0.9503376678292726,0.04966233217072736
0.947939278384213,0.05206072161578707
0.9555836894081949,0.04441631059180512
0.9528156345990026,0.04718436540099735
0.9762537255380515,0.02374627446194856
0.9309129414224931,0.06908705857750683
0.9589852690729533,0.0410147309270466
0.9564667811277284,0.04353321887227155
0.9653010439280411,0.03469895607195902
0.9650229200965538,0.03497707990344632
0.9354930060852037,0.06450699391479622
0.9404955895187567,0.059504410481243206
0.9308535692155773,0.06914643078442274
0.9513189639905874,0.048681036009412676
0.972618284457419,0.02738171554258101
0.9595478756870855,0.040452124312914436
0.9575641138010951,0.04243588619890492
0.939839914068815,0.060160085931185096
0.9442524711434542,0.05574752885654585
0.9329068104964261,0.06709318950357382
0.9426354269991625,0.057364573000837527
0.9546855377803576,0.045314462219642394
0.9466115207630029,0.053388479236997105
0.9475733934701722,0.0524266065298279
0.9554837210185168,0.04451627898148325
0.9649334804903926,0.035066519509607506
0.9666946583155448,0.03330534168445521
0.9575155158345945,0.04248448416540552
0.922582489096609,0.07741751090339101
0.9305409717453883,0.0694590282546117
0.9334033350930014,0.06659666490699846
0.9516393507919262,0.04836064920807387
0.9474446273750088,0.052555372624991235
0.9378603270217828,0.06213967297821724
0.9464043296041944,0.05359567039580565
0.9588940340282858,0.04110596597171432
0.9135952513831054,0.08640474861689475
0.9474134910088723,0.05258650899112782
0.8972662432621039,0.10273375673789618
0.9488943949095547,0.05110560509044533
0.9672378402093507,0.03276215979064927
0.9545415931935821,0.045458406806417884
0.9672023840156792,0.03279761598432089
0.9576305192681499,0.04236948073185016
0.9387888402124975,0.061211159787502446
0.9310835343976398,0.06891646560236021
0.9198195471497912,0.0801804528502088
0.9223329958594597,0.0776670041405403
0.9334363120548894,0.06656368794511054
0.9525053356738837,0.04749466432611635
0.9471848121687216,0.052815187831278365
0.957132178528436,0.042867821471564045
0.9587743157876613,0.041225684212338756
0.9104576500867428,0.08954234991325716
0.9438472395956542,0.05615276040434586
0.945406555316386,0.05459344468361413
0.9382405486653697,0.06175945133463029
0.9042965918629278,0.09570340813707223
0.9213370067132766,0.07866299328672342
0.9420042030572672,0.05799579694273282
0.8984391879897354,0.10156081201026448
0.9689082917593693,0.031091708240630747
0.9572989027054717,0.04270109729452837
0.9198138072620867,0.08018619273791325
0.9457754470359965,0.05422455296400358
0.9414746746062295,0.058525325393770644
0.9293703411673847,0.0706296588326153
0.9347580456784453,0.06524195432155475
0.9375165935898225,0.06248340641017739
0.9373668590561849,0.06263314094381518
0.8946671555117501,0.10533284448824995
0.9638416201056466,0.03615837989435343
0.9725204076876492,0.027479592312350802
0.9185181330573673,0.08148186694263278
0.9462478441046652,0.05375215589533488
0.9600089488512327,0.03999105114876737
0.9488962811205099,0.05110371887949008
0.922372095900355,0.07762790409964505
0.9487658117273763,0.051234188272623715
0.9624774175918932,0.037522582408106825
0.9388866153428388,0.06111338465716132
0.9571436742839007,0.04285632571609929
0.9804789177445214,0.019521082255478578
0.9445668378154726,0.05543316218452745
0.9677871325521432,0.03221286744785682
0.9477575494018599,0.05224245059814016
0.9559251031035503,0.04407489689644974
0.9555933220854194,0.044406677914580736
0.9572628448296472,0.04273715517035277
0.9679127096577336,0.03208729034226643
0.9502809361696689,0.049719063830331166
0.8998687700268023,0.10013122997319761
0.9555414429125332,0.044458557087466745
0.9670835039232957,0.03291649607670435
0.948409037320749,0.051590962679250944
0.9641261712623089,0.03587382873769108
0.9364596441373264,0.06354035586267356
0.9080746080528965,0.09192539194710349
0.9590520994443789,0.04094790055562112
0.9506896470002071,0.049310352999792896
0.9236883974981798,0.07631160250182022
0.9466435050649346,0.05335649493506544
0.9621076047728079,0.03789239522719215
0.958122804129761,0.041877195870239005
0.953021307485661,0.04697869251433892
0.941691916719047,0.05830808328095309
0.9190478262037818,0.08095217379621822
0.9356873041309066,0.06431269586909337
0.9618632604092472,0.03813673959075278
0.9251307859227816,0.07486921407721836
0.9365229635471831,0.06347703645281688
0.9301225259330211,0.06987747406697883
0.937570627699322,0.062429372300678077
0.9674863005033002,0.032513699496699834
0.9336321869694892,0.0663678130305107
0.9395207120055541,0.06047928799444584
0.9439512354058918,0.0560487645941083
0.9647036649105029,0.035296335089497144
0.9586006834259287,0.04139931657407119
0.9420868629665138,0.05791313703348609
0.9487108191171089,0.05128918088289118
0.949710080557174,0.05028991944282603
0.9035681636723173,0.0964318363276827
0.9521099836451078,0.04789001635489229
0.9548179303724305,0.0451820696275696
0.957874848814961,0.042125151185038935
0.9488380675570818,0.051161932442918126
0.9466407682691685,0.05335923173083147
0.9582592733113379,0.04174072668866217
0.942700121721896,0.05729987827810409
0.9433417059876498,0.056658294012350244
0.9452577539667694,0.05474224603323061
0.9406718844525143,0.05932811554748576
0.9493369147218541,0.05066308527814592
0.9454942800138443,0.05450571998615577
0.9393348578045781,0.060665142195421906
0.9310549922646739,0.06894500773532615
0.9161589595574451,0.08384104044255493
0.9690773333846634,0.030922666615336575
0.9500628058762677,0.04993719412373229
0.9313741739381571,0.06862582606184292
0.9455419882699386,0.054458011730061436
0.9404327314251768,0.059567268574823216
0.9475564792188654,0.052443520781134546
0.9605561207170424,0.03944387928295762
0.9720090362051387,0.027990963794861382
0.9604631820619499,0.03953681793805003
0.940256259436766,0.059743740563234025
0.9499975781456943,0.05000242185430568
0.9352085203296201,0.06479147967037988
0.9430377321705846,0.0569622678294154
0.9623004966596618,0.03769950334033827
0.9638839525166745,0.03611604748332567
0.9575222473827119,0.042477752617288166
0.9337889473599782,0.06621105264002172
0.9215947552262038,0.07840524477379612
0.9534217212767968,0.04657827872320312
0.9521844161633826,0.04781558383661749
0.9484584201346292,0.051541579865370744
0.970958608212316,0.029041391787683928
0.9304232908337206,0.06957670916627941
0.9247284262084929,0.07527157379150712
0.9229005131823328,0.07709948681766719
0.9569863768783504,0.043013623121649636
0.9470473218947619,0.05295267810523807
0.9194525137806495,0.08054748621935047
0.9603276104955943,0.03967238950440564
0.9382566007717857,0.06174339922821423
0.9382813117916678,0.06171868820833219
0.9568793332377695,0.04312066676223053
0.963070724197282,0.03692927580271803
0.9643719040841654,0.0356280959158346
0.929625898054409,0.07037410194559089
0.9552964128717232,0.04470358712827678
0.9760994933390064,0.02390050666099366
0.9436991430276825,0.056300856972317445
0.9296790704343878,0.07032092956561226
0.9670573786794683,0.03294262132053178
0.9646161122815611,0.03538388771843887
0.9205013194307421,0.07949868056925798
0.948844158628274,0.05115584137172598
0.9508543841976678,0.049145615802332177
0.9589845935651713,0.0410154064348287
0.9559683120626509,0.044031687937349184
0.9368515985650857,0.06314840143491424
0.9216619014765122,0.07833809852348782
0.9680919883035679,0.03190801169643216
0.9455674664685937,0.054432533531406445
0.9528263955308889,0.04717360446911112
0.9560753103008799,0.04392468969912005
0.9537567675539338,0.046243232446066235
0.9480442737019725,0.05195572629802741
0.9040846629254115,0.09591533707458852
0.9362955400471062,0.0637044599528937
0.9723994584208282,0.02760054157917185
0.9320966962144811,0.06790330378551884
0.9284423861652569,0.07155761383474317
0.9740237198768239,0.025976280123176113
0.9491482850226711,0.050851714977328884
0.9101339629073864,0.08986603709261375
0.9428598424719098,0.05714015752809017
0.9328296188492899,0.06717038115070999
0.9747494250641098,0.025250574935890294
0.9476858188784488,0.052314181121551256
0.9635758514297929,0.03642414857020712
0.9150407330629657,0.08495926693703428
0.9497370206120722,0.050262979387927766
0.9571274450464289,0.04287255495357113
0.9187039299638289,0.08129607003617118
0.9205168082963701,0.0794831917036299
0.9184811458832395,0.08151885411676053
0.9471051451563972,0.05289485484360279
0.9296586311963166,0.07034136880368341
0.9597496988661686,0.04025030113383145
0.940527784493426,0.05947221550657399
0.9831090989813186,0.016890901018681424
0.9717157869920526,0.028284213007947402
0.9477798563339527,0.05222014366604739
0.9487135204191733,0.05128647958082667
0.936683633243476,0.063316366756524
0.9429399455130221,0.05706005448697802
0.9580764556274213,0.041923544372578704
0.9793066330268086,0.020693366973191418
0.9513849458497752,0.04861505415022489
0.9300161438543137,0.06998385614568631
0.9588347840689113,0.04116521593108864
0.9623278620135266,0.0376721379864734
0.9464076159512077,0.05359238404879236
0.9501571404285838,0.04984285957141622
0.9300556353215444,0.06994436467845554
0.9662998755893534,0.033700124410646626
0.9572932292755179,0.04270677072448207
0.9515842331573557,0.048415766842644245
0.9300529266678451,0.06994707333215495
0.9601608321733233,0.03983916782667668
0.9500345132590705,0.04996548674092938
0.939275556793934,0.06072444320606591
0.9506391842382123,0.049360815761787774
0.9283132474275388,0.07168675257246124
0.924101403173417,0.07589859682658288
0.9365181754195483,0.06348182458045165
0.9514309012934605,0.048569098706539596
0.9360878307398393,0.06391216926016077
0.9573249969999051,0.04267500300009493
0.9607639980637022,0.039236001936297754
0.9535664152598775,0.046433584740122526
0.9702487727038943,0.029751227296105756
0.953629655890204,0.04637034410979601
0.9283143818095261,0.07168561819047392
0.9060202667636733,0.09397973323632676
0.9291022359965341,0.07089776400346598
0.9414683851857762,0.058531614814223774
0.9122965070953483,0.08770349290465171
0.9357684195167564,0.06423158048324372
0.9451293789858423,0.05487062101415777
0.9643447988723667,0.03565520112763334
0.9527808392547827,0.047219160745217224
0.9287271243544197,0.07127287564558035
0.951580886945823,0.04841911305417711
0.9692509565094878,0.030749043490512162
0.9370459414583957,0.06295405854160432
0.9290065478504492,0.07099345214955068
0.9314864242517306,0.06851357574826952
0.9466366286606446,0.053363371339355425
0.9587316542267955,0.04126834577320454
0.9302521865170069,0.06974781348299305
0.9704789282803092,0.029521071719690865
0.9462513380297464,0.05374866197025369
0.9594304989460904,0.04056950105390954
0.9453301168164313,0.05466988318356871
0.9440734265702819,0.055926573429718136
0.9276797264129679,0.0723202735870321
0.9146561487960231,0.08534385120397699
0.9440937839705558,0.05590621602944416
0.9368467228335481,0.06315327716645187
0.9264658149745816,0.07353418502541849
0.9195964584503714,0.08040354154962863
0.9554593656392124,0.044540634360787514
0.9440188378681902,0.055981162131809856
0.9145494423760848,0.08545055762391512
0.9108062209413024,0.0891937790586976
0.9331331098827783,0.06686689011722179
0.9480131660256227,0.05198683397437734
0.9234860014077156,0.07651399859228444
0.9312170307315534,0.06878296926844674
0.9723370563218394,0.02766294367816063
0.9346891443222782,0.0653108556777218
0.9464459973577796,0.05355400264222043
0.950757992733135,0.049242007266865104
0.9009214497675356,0.09907855023246444
0.9594868360574588,0.040513163942541223
0.9220097826120387,0.07799021738796134
0.9249334723637286,0.07506652763627147
0.9596299091061455,0.04037009089385444
0.9365063965419168,0.06349360345808323
0.951283385601296,0.048716614398704006
0.9087076006613802,0.09129239933861986
0.9384114523608181,0.06158854763918181
0.9579941852892463,0.04200581471075376
0.9385353928823635,0.06146460711763654
0.9333936259755982,0.06660637402440188
0.9225603992267967,0.07743960077320328
0.9336549201334637,0.06634507986653633
0.9547308288183345,0.04526917118166558
0.9572942685930238,0.042705731406976186
0.9740156872871568,0.02598431271284324
0.9169053226850683,0.08309467731493173
0.9315588763582001,0.06844112364179987
0.9572791282469696,0.04272087175303046
0.9287992770080312,0.07120072299196886
0.9624311189245055,0.037568881075494484
0.9637364183596648,0.03626358164033519
0.9456976321905722,0.05430236780942776
0.946992992520939,0.053007007479060876
0.9035505728101361,0.09644942718986385
0.9789896640648168,0.021010335935183148
0.9628871900007647,0.03711280999923519
0.9413750947683753,0.05862490523162479
0.9608053216893717,0.039194678310628256
0.9552411001580957,0.04475889984190438
0.942072523689749,0.057927476310251
0.936038021095425,0.06396197890457499
0.9509817423128551,0.04901825768714494
0.9578498310701361,0.042150168929863965
0.9531070706509875,0.04689292934901252
0.9536086087447454,0.04639139125525459
0.9639968700690164,0.0360031299309837
0.9389510366800837,0.06104896331991627
0.9561453038357448,0.043854696164255254
0.9583374942738119,0.041662505726188154
0.9480266406022396,0.05197335939776036
0.9623357088007745,0.03766429119922563
0.9369060884442172,0.06309391155578281
0.9649181132263515,0.03508188677364864
0.9482049683444537,0.05179503165554642
0.9261947919871005,0.07380520801289947
0.9157322065240419,0.08426779347595809
0.9667986274333941,0.03320137256660596
0.9734227479958658,0.02657725200413423
0.9162539655786595,0.08374603442134054
0.9586164364606181,0.041383563539381954
0.9107027573214012,0.08929724267859894
0.9711053183987604,0.028894681601239633
0.9448014729715178,0.055198527028482235
0.9359090266975674,0.06409097330243269
0.9327385775349525,0.06726142246504752
0.9355681276283185,0.06443187237168138
0.9554091461488258,0.04459085385117421
0.9520744745396095,0.04792552546039055
0.9015114496991574,0.09848855030084262
0.9528110947717687,0.047188905228231284
0.9524788592819486,0.047521140718051386
0.9479719088202003,0.05202809117979969
0.9479697830411917,0.05203021695880826
0.9251375714635651,0.07486242853643492
0.9222388681009182,0.0777611318990819
0.9218973016264688,0.07810269837353132
0.9509522357693436,0.04904776423065639
0.915839260731289,0.08416073926871111
0.9400947804566444,0.05990521954335562
0.9499339295079365,0.05006607049206342
0.9274074376950705,0.07259256230492948
0.958169223393197,0.04183077660680304
0.9547637834977203,0.0452362165022797
0.9415632703036118,0.0584367296963883
0.9337389858486539,0.06626101415134616
0.9743740507148674,0.025625949285132572
0.9226912654330586,0.07730873456694153
0.9451134411742603,0.054886558825739666
0.9406111962619786,0.0593888037380214
0.938386599006407,0.06161340099359307
0.9607346076167362,0.039265392383263806
0.9013736766081416,0.09862632339185848
0.9269722226208837,0.07302777737911631
0.9382057719968732,0.061794228003126735
0.947904156598967,0.05209584340103299
0.9143980929665084,0.08560190703349159
0.9758906780701262,0.02410932192987385
0.9494375500970463,0.05056244990295363
0.9438039780534068,0.05619602194659329
0.9608830862079282,0.039116913792071786
0.9493107408389357,0.050689259161064246
0.9407539747837026,0.05924602521629749
0.9542356333579708,0.04576436664202925
0.9493913677391639,0.050608632260836034
0.9418464953895714,0.05815350461042852
0.9593562666393011,0.04064373336069896
0.9424021066744589,0.057597893325541105
0.9387524469100731,0.061247553089926916
0.9498324023099058,0.0501675976900942
0.9402025636884465,0.059797436311553556
0.9627062377950225,0.03729376220497759
0.9337887229290796,0.06621127707092044
0.9465204600442076,0.05347953995579241
0.966842465631845,0.03315753436815497
0.9182188496837517,0.08178115031624841
0.9325220453926789,0.0674779546073212
0.8818570659578199,0.11814293404218015
0.9480231133195839,0.05197688668041616
0.984209953938946,0.015790046061054053
0.9283735021931111,0.07162649780688898
0.9154594676673558,0.08454053233264426
0.9583248794849943,0.04167512051500562
0.9337439656332592,0.06625603436674068
0.9397825298750336,0.060217470124966366
0.9795180600605488,0.02048193993945132
0.9555649978465756,0.04443500215342451
0.9601950989006051,0.039804901099395024
0.9175937863221676,0.08240621367783249
0.9682564276260728,0.03174357237392722
0.9421858896273813,0.05781411037261887
0.9148013032705922,0.08519869672940782
0.9548233531231136,0.045176646876886384
0.9198790551005207,0.0801209448994793
0.9373441417189643,0.06265585828103576
0.9576319772180786,0.0423680227819215
0.9229757964981992,0.07702420350180093
0.9217215939651932,0.07827840603480687
0.9555984240301435,0.04440157596985642
0.9339530939124242,0.0660469060875758
0.94682431398863,0.05317568601136998
0.9493762449703032,0.050623755029696876
0.9146819266713798,0.08531807332862028
0.9487048775975798,0.05129512240242018
0.9704215563539825,0.029578443646017517
0.9468733117133118,0.053126688286688345
0.9454567984675843,0.05454320153241567
0.9163224365650301,0.0836775634349699
0.9346763171420489,0.06532368285795122
0.9222204554102561,0.0777795445897438
0.9356710349580176,0.06432896504198227
0.933655263169093,0.06634473683090693
0.945225940747335,0.05477405925266493
0.9641061889261435,0.03589381107385646
0.965516865613006,0.03448313438699402
0.9406658816133723,0.059334118386627756
0.9155517268619061,0.08444827313809383
0.9054233693629116,0.09457663063708852
0.9214170516729453,0.07858294832705474
0.9645031790282462,0.03549682097175377
0.9464570467753189,0.05354295322468108
0.9407871873074162,0.05921281269258385
0.9310760430505468,0.06892395694945333
0.9291977579196525,0.07080224208034751
0.9711970726560204,0.028802927343979684
0.9441772581014034,0.055822741898596547
0.9572709731923922,0.04272902680760782
0.9698280107249396,0.030171989275060415
0.9854416884364049,0.014558311563595161
0.9355527326244201,0.06444726737557989
0.9373451008182994,0.06265489918170061
0.9872493295701597,0.012750670429840308
0.9694690459896481,0.030530954010351972
0.9366045069949835,0.06339549300501651
0.9536955835645852,0.04630441643541477
0.9695076543784326,0.03049234562156744
0.9463434463563484,0.05365655364365156
0.9497716724714649,0.050228327528535184
0.9695353150471837,0.030464684952816307
0.9645235140755596,0.035476485924440374
0.9295196023611078,0.0704803976388923
0.9461357058842221,0.05386429411577782
0.9531136165272746,0.04688638347272547
0.9397300551070285,0.06026994489297161
0.9315156824172146,0.06848431758278539
0.9732910376580842,0.026708962341915703
0.9391280834025103,0.06087191659748967
0.9385506270939319,0.0614493729060682
0.9453069023726184,0.0546930976273816
0.9567755733460924,0.043224426653907536
0.9651944805117522,0.034805519488247824
0.9284355260993561,0.07156447390064394
0.9446836564728904,0.0553163435271096
0.9314037201744831,0.06859627982551689
0.9697385901988106,0.030261409801189403
0.9582491800078805,0.041750819992119534
0.9310569008365539,0.06894309916344615
0.8992172193323182,0.10078278066768187
0.9773691545899451,0.02263084541005493
0.9475643112569523,0.052435688743047694
0.9179229970959137,0.08207700290408627
0.9514110247487393,0.04858897525126075
0.9567700468708565,0.04322995312914358
0.9171564038432076,0.08284359615679249
0.9536876431558631,0.046312356844136995
0.9266596583078041,0.07334034169219585
0.9374696581488623,0.0625303418511377
0.9297798662491019,0.07022013375089803
0.9657235686644233,0.03427643133557676
0.9462223860783583,0.053777613921641765
0.9540492409168795,0.04595075908312053
0.9612524165730663,0.03874758342693374
0.9322076262246012,0.06779237377539876
0.9596673789621514,0.04033262103784864
0.9400791149804023,0.059920885019597636
0.9350835322709,0.06491646772910012
0.9606358587846614,0.03936414121533863
0.9339635578089024,0.06603644219109762
0.9384298095818999,0.06157019041810021
0.908945016916218,0.09105498308378204
0.9383086165228118,0.06169138347718825
0.9486979586698466,0.051302041330153404
0.9523260320679251,0.04767396793207499
0.9701492975069459,0.029850702493054083
0.9650493396880377,0.03495066031196223
0.9295244073907976,0.07047559260920246
0.947495500710038,0.05250449928996195
0.9435264625941847,0.056473537405815434
0.9287421275822733,0.07125787241772683
0.9866694282619046,0.013330571738095435
0.940118768638255,0.05988123136174492
0.9396060251434972,0.06039397485650279
0.942263441194581,0.05773655880541899
0.9314297173560347,0.06857028264396534
0.955615723698348,0.04438427630165193
0.95341574825111,0.04658425174888999
0.9533803044219411,0.046619695578058874
0.925731652056522,0.07426834794347796
0.9343826665205393,0.06561733347946072
0.9601383511554492,0.03986164884455088
0.9433905291619558,0.05660947083804428
0.9480676293104493,0.051932370689550644
0.9398251720260434,0.060174827973956575
0.942215759092243,0.05778424090775709
0.9111536778611808,0.08884632213881913
0.9092120785112037,0.09078792148879636
0.9507044807798195,0.04929551922018061
0.9502622090305552,0.04973779096944484
0.9568416441255017,0.04315835587449825
0.9458223793397434,0.05417762066025662
0.9465609640847048,0.053439035915295176
0.9531369986023074,0.04686300139769268
0.9265075128580001,0.0734924871419998
0.9564916536950608,0.043508346304939195
0.9330535376734128,0.06694646232658708
0.9310368301146345,0.06896316988536552
0.9658277465368218,0.03417225346317821
0.9440130563120491,0.055986943687950895
0.9385685708131496,0.061431429186850454
0.9253743979293637,0.07462560207063626
0.9325378185697863,0.06746218143021365
0.936524683399395,0.06347531660060506
0.9180639360665493,0.08193606393345057
0.9118906620972644,0.08810933790273554
0.9540814652683013,0.04591853473169867
0.9597773289597947,0.040222671040205334
0.935373089938395,0.06462691006160518
0.9460585580917421,0.05394144190825791
0.9227908183631436,0.07720918163685651
0.94546508445583,0.05453491554416996
0.9217105853563837,0.07828941464361638
0.8943800231992158,0.10561997680078429
0.9337773655290312,0.0662226344709688
0.9303668959893724,0.06963310401062764
0.9307428537386515,0.06925714626134839
0.9351780012677564,0.06482199873224367
0.9228659149208902,0.07713408507910978
0.9308052180301996,0.0691947819698004
0.9364719518524001,0.06352804814759985
0.9588230726943721,0.04117692730562794
0.9304451974447674,0.06955480255523262
0.9736618334930653,0.02633816650693463
0.9067802106998777,0.09321978930012238
0.9270554673587812,0.07294453264121882
0.9565935900501114,0.04340640994988863
0.9048640442658338,0.0951359557341662
0.9275685687961687,0.0724314312038314
0.9343249584354162,0.06567504156458381
0.9453045457281982,0.054695454271801815
0.9578479762698705,0.04215202373012943
0.9586349601824424,0.04136503981755764
0.9399678573802617,0.06003214261973834
0.943084489291645,0.056915510708355016
0.9616711791810716,0.038328820818928466
0.9491128874000442,0.05088711259995577
0.9308676650128215,0.06913233498717852
0.9585871014865017,0.04141289851349824
0.9093027487746526,0.09069725122534748
0.9489585977682556,0.05104140223174439
0.9285426910544012,0.07145730894559876
0.9311733676119703,0.0688266323880297
0.9453688925299378,0.05463110747006217
0.9472758635158111,0.05272413648418895
0.9619355138546682,0.038064486145331755
0.9442392749997833,0.05576072500021675
0.9799875841481746,0.020012415851825404
0.9710307734676716,0.028969226532328467
0.9304583839827519,0.06954161601724813
0.9409381452651266,0.05906185473487348
0.9238563346743054,0.07614366532569466
0.928334760702224,0.071665239297776
0.916254994252696,0.08374500574730395
0.9135356504253832,0.08646434957461692
0.9430404520844416,0.05695954791555834
0.9464083925764007,0.05359160742359924
0.980731199567986,0.01926880043201399
0.967844859423931,0.03215514057606904
0.9309915170032581,0.06900848299674188
0.926028224028136,0.07397177597186394
0.8926974799469354,0.10730252005306472
0.9413741802194302,0.05862581978056982
0.938825858548462,0.06117414145153805
0.9534581758239822,0.046541824176017814
0.9569612599480534,0.043038740051946675
0.9608005862619305,0.03919941373806943
0.9505684815346612,0.04943151846533885
0.9313408550263879,0.06865914497361222
0.9246224146028558,0.07537758539714419
0.9425463401925477,0.05745365980745234
0.9450320171923137,0.054967982807686375
0.9455364789102376,0.05446352108976245
0.9343919634053455,0.06560803659465464
0.9493583670914706,0.05064163290852947
0.9334024173109503,0.0665975826890497
0.9515471974966719,0.048452802503328056
0.966934114860022,0.033065885139977956
0.9455668055323254,0.054433194467674646
0.936114795309658,0.06388520469034203
0.9458975317262632,0.05410246827373684
0.9735465859107288,0.026453414089271102
0.9385364055851799,0.06146359441482016
0.9086894674132794,0.0913105325867206
0.9272194989503821,0.07278050104961784
0.9480225534929625,0.05197744650703756
0.9569766407216035,0.04302335927839643
0.9468290790635581,0.05317092093644191
0.9372144489230484,0.06278555107695165
0.9436259453428159,0.056374054657184126
0.942023449760939,0.057976550239061106
0.9374191674893741,0.06258083251062575
0.9612763204648532,0.03872367953514687
0.9601952248724498,0.039804775127550186
0.9409944923220942,0.05900550767790586
0.9381778811267741,0.06182211887322592
0.960467442864845,0.03953255713515502
0.9298249773643104,0.07017502263568973
0.9273934586477488,0.07260654135225114
0.9462294339662354,0.05377056603376474
0.94780346619082,0.05219653380918009
0.960203241187665,0.039796758812334965
0.9439984967504742,0.05600150324952589
0.9246239546676095,0.07537604533239056
0.9578834038723096,0.04211659612769035
0.9694231004625729,0.030576899537427094
0.9529601490922488,0.047039850907751146
0.9641895715963822,0.03581042840361785
0.9636775332614052,0.03632246673859491
0.9408061447985255,0.05919385520147448
0.9232513161695739,0.07674868383042602
0.9545264871102876,0.04547351288971235
0.9160960647012687,0.08390393529873125
0.9424843664087781,0.05751563359122187
0.9405877774537247,0.059412222546275324
0.929523183925105,0.07047681607489499
0.9486768992339019,0.05132310076609819
0.9737638489810533,0.026236151018946774
0.946942332061181,0.05305766793881913
0.9070540960389694,0.0929459039610306
0.9721781828092513,0.027821817190748728
0.9380863796064344,0.06191362039356562
0.9457606691594929,0.05423933084050705
0.9116735956273833,0.08832640437261675
0.9770895427264928,0.022910457273507122
0.94459542869783,0.055404571302170066
0.9179015319327156,0.08209846806728434
0.955520393574982,0.04447960642501808
0.9544171878938661,0.04558281210613397
0.9192383339067757,0.08076166609322434
0.9343746060876424,0.06562539391235751
0.9502800887407595,0.04971991125924049
0.9612521796967008,0.03874782030329911
0.9601095628212895,0.03989043717871056
0.9630725858416903,0.03692741415830964
0.9323430948689889,0.06765690513101108
0.9510876032786504,0.04891239672134962
0.936770357880222,0.06322964211977802
0.9393603668566798,0.06063963314332022
0.964009092309181,0.03599090769081903
0.963152100929554,0.03684789907044603
0.9286978643551463,0.07130213564485376
0.9438887782108731,0.05611122178912685
0.9750232797374991,0.024976720262500852
0.9792666945764844,0.02073330542351561
0.9410305197487406,0.058969480251259324
0.947559059161129,0.052440940838871054
0.9128018997867365,0.08719810021326346
0.9403364070347556,0.05966359296524444
0.9424566897629965,0.05754331023700347
0.9441151338500933,0.05588486614990675
0.9388918770522963,0.061108122947703666
0.9458831957699982,0.0541168042300017
0.9294765464426735,0.07052345355732652
0.9555390054640439,0.04446099453595611
0.9160864086584137,0.08391359134158632
0.9040892373393451,0.0959107626606549
0.9597995414303107,0.04020045856968939
0.969376601878535,0.03062339812146498
0.9450525932925223,0.054947406707477636
0.9459954704900854,0.05400452950991469
0.9554099865744614,0.04459001342553865
0.9294562549812142,0.0705437450187859
0.947284864983213,0.052715135016787096
0.9570289779125314,0.04297102208746873
0.9321839214292978,0.06781607857070218
0.9285523684434955,0.07144763155650442
0.9320316378318273,0.06796836216817267
0.9479912525864439,0.052008747413556024
0.938462981113664,0.061537018886336114
0.9450992582780636,0.054900741721936375
0.9304651863894323,0.06953481361056771
0.9188510961871217,0.08114890381287843
0.9586063722287949,0.041393627771205234
0.9803938745451138,0.01960612545488614
0.9411506379643387,0.05884936203566138
0.9524033181029925,0.04759668189700748
0.9418009772192668,0.05819902278073319
0.9607197900625155,0.0392802099374845
0.9298040181801486,0.07019598181985143
0.9727095669149592,0.02729043308504072
0.9901372780948564,0.009862721905143604
0.9548115155191962,0.04518848448080379
0.9451545235422186,0.05484547645778144
0.9519325733128489,0.04806742668715113
0.9194464815657157,0.08055351843428431
0.9172791909190517,0.08272080908094834
0.9271036500199294,0.07289634998007062
0.9312292079217801,0.06877079207821994
0.95472876303124,0.04527123696876007
0.9438180084250871,0.05618199157491289
0.9415516034124146,0.05844839658758531
0.9358105825378066,0.06418941746219348
0.9581229144020068,0.04187708559799323
0.9703778671623056,0.029622132837694593
0.940600155906384,0.05939984409361601
0.9339507311502511,0.06604926884974896
0.9498060588597577,0.05019394114024221
0.945523250648903,0.05447674935109704
0.9442296503227726,0.055770349677227445
0.9603897586497275,0.039610241350272496
0.9349909923872213,0.06500900761277881
0.9603723391521675,0.03962766084783261
0.9491041212073239,0.05089587879267619
0.9103607399615821,0.08963926003841792
0.9356321681402001,0.06436783185979994
0.9576766126610534,0.04232338733894666
0.9421975774793909,0.05780242252060909
0.9174086662293904,0.0825913337706096
0.9483911645787958,0.05160883542120417
0.9598622789406777,0.04013772105932234
0.9621227661573379,0.0378772338426621
0.9497342066727422,0.050265793327257766
0.9505633754041992,0.04943662459580081
0.9563652305801345,0.04363476941986553
0.9704084791105503,0.0295915208894498
0.9346228133043659,0.06537718669563414
0.9322506520018133,0.0677493479981867
0.9474810605632477,0.05251893943675235
0.920355025268062,0.07964497473193806
0.9274521109006046,0.07254788909939543
0.9433668107767693,0.05663318922323075
0.9458497635901368,0.05415023640986322
0.9033012067736393,0.09669879322636071
0.9160961850338938,0.08390381496610622
0.9449617105330809,0.055038289466919264
0.9618866963893926,0.03811330361060736
0.913562760839507,0.0864372391604929
0.9593617374049527,0.04063826259504735
0.9342094400607107,0.0657905599392893
0.93068115089799,0.06931884910200997
0.8992433397043054,0.10075666029569477
0.9343561414345632,0.06564385856543677
0.9540795760362235,0.04592042396377651
0.9425744761584357,0.05742552384156425
0.8902824074687548,0.10971759253124524
0.9301545423733034,0.06984545762669662
0.9354302218434499,0.06456977815655013
0.9499378256828499,0.05006217431715017
0.9401672360096381,0.05983276399036179
0.9120180103538357,0.08798198964616441
0.9458937261886471,0.054106273811352926
0.9252460832166586,0.07475391678334144
0.957783157663285,0.04221684233671503
0.9511101125741906,0.04888988742580942
0.940502742832106,0.05949725716789401
0.920309546698871,0.07969045330112907
0.96419385186918,0.03580614813081999
0.9549117257886959,0.045088274211304215
0.9456839728984026,0.05431602710159741
0.955047812332538,0.04495218766746211
0.9762299096207684,0.02377009037923156
0.9583917722109165,0.041608227789083525
0.952810946159381,0.04718905384061899
0.9562795954208371,0.043720404579162916
0.9461971018012958,0.053802898198704284
0.9326408382328447,0.06735916176715524
0.9543460534858281,0.04565394651417193
0.9544630277959467,0.04553697220405323
0.9564919290240067,0.04350807097599329
0.9751695312110709,0.024830468788929184
0.932540845743983,0.0674591542560171
0.9496239221620969,0.05037607783790308
0.9388732245668615,0.06112677543313851
0.9185740154910869,0.0814259845089132
0.9382902290722784,0.06170977092772164
0.9611654384909104,0.038834561509089566
0.8909902305449473,0.1090097694550526
0.9438209317992867,0.05617906820071332
0.9379948992007677,0.062005100799232424
0.9316550864196634,0.06834491358033651
0.9492677072374739,0.05073229276252619
0.9490085667994737,0.05099143320052637
0.9200288661010613,0.0799711338989388
0.9442299487562519,0.05577005124374822
0.9283184148336315,0.0716815851663684
0.9406662161608378,0.05933378383916224
0.928764688108166,0.07123531189183406
0.961137061662765,0.03886293833723498
0.9572975011502449,0.04270249884975516
0.9476494272519337,0.05235057274806628
0.9501181374941864,0.049881862505813605
0.9198113729366153,0.08018862706338466
0.9307185665289152,0.06928143347108483
0.9470356227071299,0.05296437729287006
0.9462523014245354,0.0537476985754645
0.9651053189644208,0.03489468103557919
0.9434986678083132,0.05650133219168692
0.9265833833319764,0.07341661666802361
0.9314060880703567,0.06859391192964331
0.9501902735489064,0.04980972645109361
0.9405887656805886,0.05941123431941152
0.9316262911748693,0.0683737088251307
0.9305750016925926,0.06942499830740746
0.9308259713416707,0.06917402865832932
0.9423570125859067,0.05764298741409329
0.942617644927021,0.05738235507297897
0.9559374957435268,0.044062504256473144
0.9137218659576206,0.0862781340423795
0.9591080247987415,0.04089197520125861
0.9392260692630143,0.06077393073698565
0.9468012481657742,0.0531987518342258
0.9053025101046047,0.09469748989539531
0.925093760643396,0.07490623935660404
0.9309053787144514,0.06909462128554845
0.9396322734657774,0.060367726534222704
0.9260158222529478,0.0739841777470521
0.9374855218021847,0.06251447819781532
0.94710207830052,0.05289792169948
0.9306734793139491,0.06932652068605086
0.9319452602178238,0.06805473978217633
0.9577511933056888,0.042248806694311164
0.9594996665326926,0.04050033346730747
0.9572830108392283,0.04271698916077167
0.9419137034180344,0.05808629658196567
0.9440669035120829,0.055933096487917104
0.9482410634411911,0.051758936558808886
0.9390483933020064,0.060951606697993654
0.9750035588032476,0.024996441196752418
0.9450862756356898,0.054913724364310204
0.9402548117715502,0.05974518822844974
0.9546877469260335,0.04531225307396649
0.9333779658334601,0.0666220341665399
0.9607140587526145,0.039285941247385534
0.9622784080681254,0.0377215919318747
0.9530945567107161,0.046905443289283984
0.9517936354037401,0.048206364596259925
0.9828273921306335,0.017172607869366478
0.9565544641235476,0.04344553587645233
0.9342787415242187,0.06572125847578134
0.9881559865972481,0.011844013402751881
0.9468707245377674,0.05312927546223264
0.9344810902294386,0.06551890977056148
0.9553924157617867,0.044607584238213385
0.9457285817842241,0.05427141821577592
0.9493323013431979,0.05066769865680209
0.9533050709312108,0.046694929068789255
0.9350878025264139,0.06491219747358618
0.9600468569877396,0.03995314301226038
0.941646357413478,0.05835364258652191
0.9598260071741344,0.04017399282586565
0.9533957753562564,0.04660422464374365
0.9276340051150225,0.07236599488497752
0.9569393254081153,0.04306067459188454
0.9180458846458749,0.08195411535412515
0.9380437525819694,0.061956247418030734
0.9473547965116641,0.05264520348833596
0.9363338836343802,0.06366611636561985
0.940011919534746,0.05998808046525395
0.9521852309443875,0.04781476905561259
0.949338204713744,0.050661795286256056
0.948668655715308,0.05133134428469209
0.9277419001043449,0.07225809989565501
0.939121036102224,0.06087896389777597
0.9434684371268852,0.05653156287311477
0.9434824918961254,0.056517508103874556
0.9200534641627018,0.07994653583729817
0.9024845110991454,0.09751548890085464
0.9322844399497695,0.06771556005023058
0.9435719929493297,0.056428007050670234
0.9450319170917941,0.054968082908205804
0.9427881625998206,0.05721183740017947
0.9231563854896463,0.07684361451035376
0.9374238345580118,0.06257616544198825
0.9124969964899398,0.08750300351006027
0.9670715970335482,0.03292840296645188
0.9306786388183359,0.0693213611816642
0.9359813202679134,0.06401867973208666
0.9361224172267195,0.06387758277328051
0.9545820878794861,0.045417912120513985
0.9354809886162614,0.0645190113837387
0.9429666313042921,0.05703336869570785
0.9236933807674509,0.07630661923254918
0.9546231322740546,0.04537686772594536
0.9411114849381738,0.05888851506182621
0.9367839138321907,0.06321608616780927
0.9524144229824865,0.04758557701751357
0.9455313579856194,0.05446864201438052
0.9332530128879848,0.0667469871120152
0.9482708622535112,0.051729137746488824
0.9244205315741739,0.07557946842582614
0.9498340604580576,0.05016593954194241
0.9535305153296683,0.04646948467033176
0.908035753404136,0.09196424659586404
0.9326630017029316,0.06733699829706831
0.9196919612115467,0.0803080387884534
0.9441488641477617,0.05585113585223834
0.9751796204319193,0.024820379568080638
0.9287380796663247,0.07126192033367539
0.958945185979956,0.041054814020043934
0.9498270858628275,0.05017291413717246
0.936380118094367,0.06361988190563302
0.9412397713168911,0.05876022868310895
0.9512195973375509,0.04878040266244903
0.9221264146322142,0.07787358536778573
0.9764571698795402,0.023542830120459823
0.9391804417593304,0.060819558240669744
0.958553884804147,0.04144611519585294
0.9237993233143145,0.0762006766856855
0.9456904767812114,0.054309523218788555
0.9733407374402631,0.026659262559737038
0.9353369267951757,0.06466307320482431
0.9202236397121729,0.07977636028782702
0.9546237234034842,0.045376276596515754
0.9640166222342065,0.03598337776579345
0.9318011433772764,0.06819885662272367
0.9669265724997232,0.0330734275002767
0.9074322235460272,0.09256777645397293
0.955468862706259,0.04453113729374105
0.9935651848931899,0.006434815106810083
0.9546795320111219,0.045320467988878274
0.9397682685949819,0.06023173140501817
0.9530067209193623,0.046993279080637766
0.9600602808237569,0.03993971917624305
0.9589131610883642,0.04108683891163592
0.9570883317076075,0.042911668292392395
0.96484939695845,0.035150603041550134
0.9485862636972865,0.05141373630271354
0.9428045035067925,0.05719549649320755
0.9544043717254656,0.045595628274534304
0.9121202811649147,0.08787971883508529
0.9436076600400971,0.056392339959902865
0.9502856785846252,0.04971432141537489
0.9565043899424218,0.04349561005757814
0.9500469860862424,0.04995301391375758
0.9649824665006206,0.03501753349937948
0.9243120225405598,0.07568797745944024
0.9395140658154713,0.06048593418452881
0.9358715480775167,0.06412845192248331
0.9580295237041285,0.04197047629587159
0.9338504867380726,0.06614951326192743
0.969944885116244,0.030055114883756014
0.961254761036233,0.038745238963767054
0.962402331031271,0.037597668968728966
0.9266937146745488,0.07330628532545125
0.9051886836449067,0.09481131635509328
0.9610532905227742,0.03894670947722586
0.9594387200327649,0.040561279967235214
0.9566865182780531,0.04331348172194693
0.9552863719840771,0.04471362801592293
0.929297844306248,0.0707021556937519
0.9408945824196289,0.05910541758037107
0.9662238984123773,0.033776101587622565
0.919531340145877,0.08046865985412299
0.9195705857190124,0.08042941428098765
0.9438381841975205,0.056161815802479476
0.9340606437231448,0.06593935627685513
0.9408800789336095,0.05911992106639061
0.9424232610136853,0.057576738986314685
0.9413393105622653,0.05866068943773464
0.9640375996737726,0.0359624003262274
0.9520388125407919,0.04796118745920805
0.9437590949692392,0.05624090503076085
0.9530924695634794,0.04690753043652067
0.9503432386499443,0.049656761350055714
0.9523240106289916,0.047675989371008365
0.9252705511549257,0.07472944884507418
0.9659066158850544,0.034093384114945544
0.9526757232897237,0.04732427671027639
0.9177296825572684,0.08227031744273158
0.9709846085209212,0.02901539147907889
0.956918414345666,0.04308158565433402
0.9202810818074455,0.07971891819255446
0.9542301636009565,0.0457698363990435
0.9785156954106148,0.021484304589385217
0.9436959717391081,0.05630402826089183
0.9435047587335941,0.056495241266405934
0.9701237873301759,0.029876212669824088
0.9496013345202328,0.05039866547976723
0.9311165674786995,0.06888343252130044
0.9157568582512793,0.08424314174872076
0.9386629648421823,0.06133703515781781
0.9190173647246095,0.08098263527539054
0.9594205708399338,0.04057942916006614
0.9641740927672349,0.03582590723276512
0.9654763460315794,0.034523653968420547
0.9568347520900004,0.04316524790999958
0.9593099709997055,0.04069002900029459
0.9566268507618202,0.04337314923817991
0.9353663673219033,0.06463363267809685
0.9291807163942248,0.07081928360577519
0.9400631217290975,0.05993687827090262
0.9325788996398037,0.06742110036019641
0.9567726866026335,0.043227313397366636
0.9201190955027968,0.07988090449720323
0.9561485047059642,0.043851495294035696
0.9420246177496023,0.057975382250397625
0.9473821258167103,0.05261787418328975
0.9819715594559307,0.018028440544069307
0.9732052660321441,0.026794733967855953
0.9374521560916153,0.0625478439083847
0.9340260304243525,0.06597396957564758
0.931577579417097,0.06842242058290307
0.9556962616507507,0.044303738349249194
0.9451693248288584,0.05483067517114159
0.9624422131980365,0.03755778680196358
0.9444100412451863,0.055589958754813616
0.925715435951147,0.07428456404885302
0.9392260541100795,0.06077394588992052
0.9340795966851044,0.06592040331489551
0.8903998945740836,0.10960010542591633
0.9529778727619803,0.04702212723801969
0.9385134466146489,0.06148655338535119
0.9647534065103616,0.03524659348963848
0.934874639633927,0.06512536036607298
0.941799768335372,0.058200231664627976
0.972677862722617,0.02732213727738293
0.9616124313883474,0.03838756861165257
0.9387628479198539,0.06123715208014617
0.9477775973838393,0.05222240261616061
0.9416967920076712,0.05830320799232874
0.9119853981263834,0.08801460187361658
0.9515978303962037,0.048402169603796334
0.9629972579084684,0.03700274209153161
0.9476498803282685,0.052350119671731456
0.9482539091869875,0.05174609081301246
0.949186588572991,0.05081341142700907
0.9221639795276869,0.07783602047231315
0.9528522369810426,0.04714776301895737
0.9353721662464818,0.06462783375351827
0.9598095251649524,0.04019047483504766
0.9604290435154061,0.039570956484593925
0.9382816240377849,0.061718375962215154
0.9497880808168988,0.05021191918310118
0.9562304320908661,0.04376956790913392
0.9117604609880366,0.08823953901196332
0.9603616375221712,0.039638362477828884
0.9483526966642232,0.051647303335776835
0.9490590408664701,0.05094095913352999
0.9606908180038659,0.03930918199613407
0.9528579193968698,0.04714208060313012
0.9513093895591967,0.04869061044080326
0.948748522724189,0.051251477275811065
0.9182212391780333,0.08177876082196665
0.9810612158484652,0.018938784151534875
0.9341838405974662,0.06581615940253392
0.9368212362354446,0.06317876376455538
0.9573176559472804,0.042682344052719715
0.9337345689692333,0.06626543103076668
0.9428394684696461,0.05716053153035395
0.9568315218484271,0.04316847815157292
0.9587676200295437,0.041232379970456395
0.950012549125974,0.049987450874026014
0.9619668304755162,0.038033169524483865
0.9402235846349531,0.05977641536504687
0.9663050867125339,0.0336949132874661
0.9585752117388352,0.041424788261164816
0.9138619615695371,0.08613803843046279
0.9333368423338652,0.06666315766613483
0.959309341540452,0.04069065845954792
0.9552493388411487,0.04475066115885134
0.920467076216588,0.07953292378341212
0.9368081941754935,0.06319180582450641
0.9515142293877289,0.04848577061227104
0.910941595303103,0.08905840469689692
0.9571280942391533,0.042871905760846575
0.9668909576663013,0.03310904233369882
0.9430638204497334,0.05693617955026668
0.9483202879287934,0.051679712071206654
0.950899621250055,0.04910037874994492
0.9419290022302006,0.05807099776979949
0.9505688102304992,0.049431189769500804
0.9134072220977468,0.0865927779022532
0.9470617494400136,0.05293825055998636
0.9288502124043321,0.07114978759566797
0.9518576170517337,0.04814238294826639
0.951193930020098,0.04880606997990211
0.97364316117824,0.02635683882175998
0.9455273637743236,0.054472636225676455
0.9510392872650272,0.04896071273497288
0.9511445934162385,0.04885540658376159
0.9211022654219315,0.07889773457806848
0.955255782359212,0.044744217640788016
0.9233398555116473,0.07666014448835266
0.9560186287330233,0.043981371266976724
0.9330121931551006,0.0669878068448993
0.9414828747561687,0.05851712524383137
0.9379378506412841,0.06206214935871588
0.9494534813155258,0.05054651868447431
0.9679046112652356,0.03209538873476432
0.9466892483706173,0.05331075162938273
0.914596907265681,0.08540309273431904
0.9343132828287459,0.06568671717125402
0.9451422578142128,0.054857742185787185
0.9306894525847431,0.06931054741525698
0.9334472567784541,0.06655274322154588
0.9283500720328924,0.07164992796710765
0.9414005142249355,0.058599485775064485
0.9503047936467349,0.049695206353265145
0.9496145151868545,0.05038548481314553
0.9408471615760796,0.059152838423920384
0.9487907202422475,0.051209279757752406
0.9468111474648921,0.05318885253510795
0.9630675494139302,0.036932450586069844
0.9391333794277743,0.06086662057222558
0.9819869194697597,0.018013080530240276
0.949161610669671,0.050838389330329
0.9488499465838821,0.05115005341611795
0.9375623728982105,0.06243762710178951
0.9362259507205711,0.06377404927942891
0.8979880913278698,0.10201190867213017
0.9709450901187621,0.029054909881237892
0.9598506783333021,0.04014932166669788
0.9726499557178495,0.027350044282150567
0.9592957989798375,0.04070420102016243
0.9465577197144566,0.05344228028554336
0.962708652843252,0.037291347156748006
0.9606054048110317,0.03939459518896826
0.9292264951613669,0.07077350483863323
0.9328692068088269,0.06713079319117313
0.9244892370884411,0.075510762911559
0.932517322112941,0.06748267788705897
0.9281995036963088,0.07180049630369119
0.9646673474554274,0.03533265254457266
0.9327798881236946,0.06722011187630533
0.9639089012276595,0.03609109877234061
0.9306515302707437,0.06934846972925643
0.9624425899020217,0.037557410097978264
0.9268392322809296,0.07316076771907043
0.9545192732343184,0.045480726765681684
0.9639327396320634,0.03606726036793664
0.9643949833436508,0.03560501665634919
0.9509882757153186,0.04901172428468142
0.939969967190475,0.06003003280952499
0.9321876235618701,0.06781237643812991
0.9487534064944009,0.05124659350559917
0.9523354262410153,0.04766457375898461
0.9564103052446845,0.04358969475531547
0.9524786124416691,0.04752138755833089
0.930306365297949,0.06969363470205098
0.917936281734372,0.08206371826562807
0.9353689010439161,0.06463109895608392
0.9405190416034429,0.05948095839655715
0.9405097200724658,0.05949027992753407
0.9468285545005858,0.05317144549941421
0.9595351270227618,0.04046487297723815
0.9519560592296573,0.04804394077034271
0.8926062125199549,0.10739378748004506
0.9524259876758246,0.04757401232417535
0.9637327052458108,0.03626729475418927
0.9534809105966985,0.04651908940330157
0.9310148641683125,0.0689851358316876
0.9279246292285405,0.07207537077145955
0.9291882802715762,0.07081171972842376
0.9536710466751456,0.04632895332485443
0.9578161651486997,0.0421838348513003
0.9564575949152551,0.043542405084744926
0.9590141261415533,0.040985873858446785
0.9379509347443346,0.06204906525566545
0.9508978926511701,0.04910210734882994
0.92651955494523,0.07348044505477008
0.9240591192409964,0.07594088075900363
0.9545159802626859,0.04548401973731413
0.9017657229198435,0.09823427708015652
0.944455713739737,0.05554428626026298
0.9530580014595239,0.04694199854047618
0.9403814004054062,0.0596185995945937
0.9429662955406075,0.05703370445939248
0.9589150146409006,0.04108498535909949
0.967310272791313,0.03268972720868703
0.9373335234860013,0.06266647651399869
0.9214484320122703,0.07855156798772972
0.9402631430442353,0.05973685695576472
0.9099719725267018,0.0900280274732983
0.9669190321502638,0.03308096784973624
0.964090810638234,0.03590918936176607
0.9418993518572752,0.05810064814272471
0.921068804659941,0.07893119534005905
0.9349042907094486,0.06509570929055136
0.9009487441257105,0.09905125587428959
0.9678086912119933,0.03219130878800664
0.9311746859507674,0.06882531404923271
0.8998125067392201,0.10018749326077997
0.9472112492950543,0.052788750704945694
0.9476308559666747,0.05236914403332536
0.9450751582450189,0.05492484175498113
0.957428963727338,0.04257103627266201
0.9481203645566892,0.051879635443310826
0.9556779772063482,0.04432202279365189
0.9311743598809418,0.06882564011905828
0.9331482962114324,0.06685170378856761
0.9485424801727219,0.051457519827278156
0.9327804670662746,0.06721953293372548
0.9853391652052366,0.014660834794763482
0.9605400982595689,0.03945990174043119
0.963533247672692,0.036466752327308075
0.95580755998555,0.04419244001445003
0.9598862859176336,0.04011371408236642
0.9694238835125477,0.030576116487452346
0.960472062056062,0.03952793794393807
0.9093377204150795,0.09066227958492042
0.9776429292494603,0.022357070750539793
0.9583680792698048,0.041631920730195206
0.9400930091754153,0.05990699082458475
0.9261581500930868,0.07384184990691327
0.9798944761441648,0.020105523855835222
0.9535134206085325,0.04648657939146753
0.9323523388976973,0.06764766110230278
0.9346930766770376,0.06530692332296241
0.9182570057896107,0.08174299421038933
0.93297869554019,0.06702130445981007
0.9642727491528881,0.035727250847112035
0.9449481909063324,0.055051809093667504
0.9371175799709356,0.06288242002906436
0.9193762920723145,0.08062370792768539
0.9149579088088792,0.0850420911911208
0.8982675797357091,0.10173242026429086
0.9411569863934663,0.05884301360653369
0.9574232562557498,0.0425767437442502
0.9423606980717812,0.05763930192821878
0.9564807287754091,0.04351927122459081
0.9389092735843384,0.061090726415661545
0.9508844201795229,0.04911557982047713
0.9451578315765653,0.054842168423434784
0.9177761092317693,0.08222389076823064
0.940680497279446,0.05931950272055397
0.9253209234435708,0.07467907655642932
0.953180359759822,0.04681964024017806
0.9227324959740016,0.07726750402599841
0.942890181934038,0.057109818065962076
0.9417168656227735,0.05828313437722652
0.9591147573274936,0.04088524267250639
0.939268623368066,0.06073137663193393
0.9581433238598047,0.04185667614019534
0.9768997324719118,0.02310026752808825
0.9445051678427216,0.0554948321572784
0.9455355059375206,0.054464494062479496
0.9202212806027699,0.07977871939723012
0.9006736645808125,0.09932633541918746
0.9496662299997968,0.05033377000020314
0.9587066240024229,0.04129337599757707
0.936498548291591,0.06350145170840904
0.9485194561267104,0.05148054387328969
0.9413796866277467,0.05862031337225334
0.9417133396502373,0.058286660349762806
0.9284716267795916,0.07152837322040839
0.9521449702374072,0.04785502976259277
0.9503234979633551,0.049676502036644914
0.962811878515825,0.03718812148417507
0.9503778324158818,0.04962216758411812
0.9293549365260011,0.07064506347399893
0.9209494248381197,0.07905057516188035
0.971266516645108,0.028733483354892127
0.9117704017261904,0.0882295982738096
0.936851576076447,0.06314842392355298
0.9598763260049754,0.04012367399502457
0.9668236934085468,0.033176306591453264
0.953324159563717,0.04667584043628307
0.9304877574927188,0.06951224250728125
0.9715744701291378,0.02842552987086224
0.9538875878281354,0.046112412171864646
0.921282092631814,0.07871790736818599
0.9542213745462406,0.045778625453759436
0.9438618611968295,0.05613813880317054
0.9038092704567879,0.09619072954321203
0.9069954090925569,0.09300459090744302
0.9559078076015646,0.04409219239843545
0.9743686694368877,0.025631330563112207
0.9331099462896821,0.06689005371031793
0.9617950438516305,0.03820495614836947
0.9438146968662877,0.0561853031337123
0.9205158020149209,0.0794841979850791
0.9301156051082595,0.06988439489174043
0.9165192094166842,0.08348079058331576
0.9377673310510424,0.06223266894895758
0.9118414077697666,0.08815859223023338
0.9428238156707713,0.057176184329228684
0.9594835602954025,0.04051643970459761
0.9506456607525051,0.049354339247494924
0.9665436048429491,0.0334563951570508
0.9481797046036526,0.051820295396347305
0.9456091993081285,0.054390800691871515
0.9447394082388935,0.055260591761106585
0.9163663173432615,0.0836336826567386
0.9610162175770115,0.0389837824229885
0.9554029361397477,0.044597063860252376
0.9226479029549128,0.07735209704508722
0.9628677303226176,0.037132269677382375
0.960319162939118,0.039680837060882004
0.9245612955026,0.07543870449740006
0.9320336647190812,0.0679663352809188
0.9229078079939169,0.07709219200608315
0.9504694176012423,0.04953058239875781
0.9633197204747593,0.0366802795252406
0.9278695755064287,0.07213042449357138
0.9458266999891604,0.054173300010839635
0.9302042565690358,0.0697957434309642
0.9568183643431296,0.04318163565687046
0.9516477376262865,0.048352262373713546
0.9278609900109829,0.07213900998901716
0.9374242388128992,0.0625757611871009
0.9536511870894868,0.046348812910513196
0.9345943184901515,0.06540568150984859
0.9491074137798331,0.0508925862201669
0.9288926252503608,0.07110737474963924
0.9523481097182607,0.04765189028173941
0.9060795942983865,0.09392040570161347
0.938255560984703,0.061744439015297026
0.9577425300758702,0.04225746992412977
0.9545587088583641,0.045441291141635955
0.940746289326694,0.05925371067330593
0.9435399910632843,0.05646000893671555
0.9539838495884327,0.04601615041156725
0.9484724882288633,0.05152751177113658
0.9553098440175346,0.044690155982465375
0.9242628907756779,0.07573710922432218
0.9477737165258643,0.05222628347413568
0.952900209393273,0.04709979060672702
0.9567400751243009,0.043259924875699095
0.9567789070810848,0.04322109291891506
0.931587847867719,0.06841215213228102
0.9495745060535683,0.05042549394643178
0.9737242400344818,0.02627575996551828
0.972643314394997,0.027356685605003074
0.970613749586397,0.029386250413603
0.9667168944490675,0.033283105550932425
0.9501456165812907,0.049854383418709285
0.9453908268162912,0.05460917318370885
0.9529778856379232,0.04702211436207684
0.9533493740777365,0.0466506259222635
0.9651342735880286,0.03486572641197143
0.933387190303369,0.06661280969663107
0.9258885538198405,0.07411144618015948
0.9391521354042327,0.06084786459576735
0.9473815926811088,0.05261840731889132
0.9632948527972612,0.036705147202738805
0.9412835863719888,0.0587164136280112
0.9415477707142933,0.058452229285706814
0.9170909049387221,0.08290909506127783
0.9336749511550537,0.06632504884494628
0.9718671857406,0.028132814259400035
0.9520400276841166,0.04795997231588344
0.9473709447995524,0.0526290552004476
0.9598236975834012,0.0401763024165987
0.9613540901873767,0.0386459098126232
0.9240316982139118,0.07596830178608818
0.9428370174366681,0.05716298256333201
0.9369601488197171,0.06303985118028281
0.9682963553497886,0.031703644650211395
0.9442082574813055,0.05579174251869446
0.9429721176659491,0.05702788233405085
0.9410913705969771,0.0589086294030229
0.9527713340368209,0.0472286659631791
0.9531743403977617,0.04682565960223829
0.9485946495203154,0.05140535047968469
0.9304718378761572,0.06952816212384277
0.9093759066653606,0.09062409333463943
0.9303878582208732,0.06961214177912678
0.9520497958617223,0.04795020413827771
0.9660301543535456,0.0339698456464545
0.9247736298707576,0.0752263701292424
0.9479818538731455,0.0520181461268546
0.9325517585518195,0.0674482414481805
0.9331194837885614,0.06688051621143874
0.9767597765884594,0.023240223411540605
0.9596273143395273,0.040372685660472696
0.9709510191006295,0.029048980899370587
0.9541706672547389,0.04582933274526117
0.9844964739260925,0.015503526073907512
0.9469432294689833,0.05305677053101667
0.932409143761462,0.06759085623853812
0.9442800076075528,0.055719992392447244
0.9499872701213272,0.05001272987867277
0.9358770903385366,0.06412290966146339
0.9224570673542437,0.07754293264575633
0.9339252488072566,0.06607475119274346
0.9323653638474458,0.06763463615255416
0.9486495856150505,0.05135041438494949
0.9299848264676974,0.07001517353230265
0.9599976268460381,0.040002373153961955
0.9399310420777939,0.06006895792220621
0.9285490523198308,0.07145094768016931
0.9592167498180314,0.04078325018196867
0.962986365687565,0.03701363431243504
0.912462109334002,0.08753789066599803
0.9299327024963954,0.07006729750360466
0.9594347103488953,0.04056528965110479
0.9596907155321158,0.04030928446788419
0.9471008602303591,0.05289913976964098
0.9304833745928578,0.06951662540714221
0.9293246475232103,0.0706753524767897
0.9543678550696849,0.045632144930315185
0.9578761278902179,0.042123872109782065
0.9461871240139367,0.05381287598606325
0.9243239904568648,0.07567600954313525
0.9118776334413541,0.08812236655864601
0.9479516745677873,0.05204832543221276
0.9361512798419029,0.0638487201580971
0.9584193008299884,0.041580699170011545
0.9598123246406729,0.0401876753593271
0.9623603053083902,0.03763969469160982
0.9582528263019964,0.04174717369800364
0.9560337677460577,0.04396623225394226
0.9364466296056094,0.06355337039439056
0.9657493001552065,0.03425069984479346
0.9475020212328062,0.052497978767193774
0.9542253957459773,0.045774604254022674
0.9190712882967592,0.08092871170324077
0.9259915364213126,0.07400846357868755
0.9596605899153716,0.040339410084628345
0.9296263427506256,0.07037365724937443
0.9402916189171363,0.059708381082863644
0.9342394039225813,0.0657605960774188
0.9502460298796137,0.049753970120386286
0.9345256991393804,0.06547430086061957
0.9388206458463376,0.06117935415366241
0.9416862709419309,0.0583137290580691
0.9608368994504904,0.03916310054950953
0.9496111320057373,0.050388867994262815
0.9191244213306732,0.08087557866932679
0.9366075339681822,0.06339246603181786
0.9322612002575483,0.06773879974245167
0.9765598909231403,0.02344010907685972
0.9355804450938372,0.06441955490616287
0.9237041917532702,0.07629580824672984
0.9501826568064949,0.049817343193505115
0.9497761111868968,0.05022388881310325
0.9369977628534253,0.06300223714657473
0.9378366111676834,0.06216338883231662
0.9576179375950331,0.04238206240496687
0.9736601046279063,0.02633989537209369
0.9600112638166874,0.03998873618331265
0.9321051228115607,0.0678948771884394
0.9578508563742669,0.04214914362573298
0.9418617376081104,0.058138262391889656
0.9412925964858377,0.05870740351416224
0.9252329869977911,0.07476701300220889
0.9481561349109836,0.05184386508901638
0.9492873107889828,0.05071268921101722
0.9458600075775725,0.05413999242242748
0.9537326406103721,0.046267359389627824
0.9372365725866479,0.06276342741335199
0.9523119419013443,0.04768805809865576
0.9099091640778678,0.0900908359221322
0.9479528837021358,0.05204711629786423
0.9367760814070797,0.06322391859292029
0.9538018710279234,0.04619812897207664
0.9648676230320372,0.03513237696796279
0.9293444779507177,0.07065552204928234
0.9465692871319974,0.05343071286800259
0.9547333619262863,0.04526663807371362
0.9459017517504089,0.05409824824959104
0.9464015006456362,0.05359849935436375
0.9545285224125963,0.04547147758740362
0.9536893786337637,0.04631062136623627
0.944955666393015,0.05504433360698499
0.9419690650942235,0.05803093490577648
0.9246380487887036,0.07536195121129638
0.9705171729401012,0.029482827059898763
0.9520363593090952,0.047963640690904745
0.9252019023552865,0.07479809764471342
0.9549847590361078,0.04501524096389219
0.9539436829668521,0.04605631703314809
0.951619949670809,0.04838005032919103
0.9626723898196912,0.03732761018030882
0.9224613893228099,0.07753861067719015
0.9575182058883389,0.04248179411166113
0.9604942255410507,0.039505774458949365
0.9465758063897923,0.053424193610207706
0.9705677636321777,0.029432236367822447
0.9621008066038013,0.037899193396198835
0.9524780272186941,0.047521972781305884
0.9412921783331494,0.058707821666850714
0.9579079102840007,0.04209208971599933
0.9429728101896069,0.05702718981039316
0.9481035297314147,0.05189647026858529
0.9357947265694085,0.06420527343059158
0.952301582813931,0.04769841718606907
0.8884853354144845,0.11151466458551541
0.9504270762848058,0.04957292371519417
0.9405583276306962,0.059441672369303755
0.9548226519514836,0.045177348048516336
0.9666554287372108,0.03334457126278913
0.9602360670712339,0.03976393292876603
0.8807577003261229,0.11924229967387712
0.948120287941693,0.051879712058307006
0.9225943261365513,0.0774056738634487
0.9326943902050833,0.06730560979491665
0.9856356858653691,0.014364314134630934
0.9357791893889696,0.06422081061103041
0.9338832794390696,0.06611672056093043
0.9217075235142387,0.0782924764857613
0.9233531861422184,0.07664681385778162
0.9437550641541609,0.05624493584583923
0.9590023803215538,0.04099761967844611
0.9296337913924315,0.07036620860756843
0.9338865540822417,0.06611344591775835
0.9497895641641796,0.05021043583582039
0.9501783268815429,0.049821673118457095
0.9015781138370462,0.09842188616295379
0.9289294278467276,0.07107057215327242
0.9268795306097317,0.07312046939026827
0.9588313330161901,0.04116866698380996
0.9469662115301543,0.05303378846984581
0.9585574171833013,0.04144258281669874
0.9273841473039396,0.07261585269606036
0.9475448571281495,0.0524551428718505
0.9513100105605238,0.048689989439476306
0.9381934359137715,0.06180656408622854
0.9713693978857909,0.028630602114209022
0.9423458515282012,0.05765414847179876
0.9251209824467831,0.07487901755321699
0.957851795593288,0.04214820440671192
0.9254061191015642,0.07459388089843579
0.9534244420217353,0.046575557978264764
0.9713549184576634,0.028645081542336602
0.9532793268502248,0.046720673149775314
0.9561725911938357,0.043827408806164314
0.9491069946940272,0.050893005305972884
0.9622344874501882,0.03776551254981185
0.9564862659624735,0.04351373403752645
0.9526488860675183,0.04735111393248172
0.9318001652242853,0.06819983477571467
0.9285666948387994,0.0714333051612007
0.9445660754707379,0.055433924529262116
0.9164576558052385,0.08354234419476157
0.968763619782178,0.03123638021782204
0.9247268876827491,0.07527311231725088
0.9342921774613501,0.06570782253864994
0.915961102733063,0.08403889726693704
0.9635998231528308,0.03640017684716923
0.9408992409050398,0.059100759094960306
0.9356240450874479,0.06437595491255216
0.913109804002308,0.08689019599769199
0.9093434436565246,0.09065655634347528
0.9376575554934605,0.062342444506539384
0.944700754952871,0.05529924504712904
0.9396720796756103,0.060327920324389744
0.919315909850875,0.08068409014912503
0.9197399332265178,0.08026006677348228
0.9276534030185393,0.0723465969814607
0.9611029637187316,0.03889703628126829
0.9276735432433634,0.07232645675663663
0.9604649075601698,0.03953509243983025
0.9497789592172928,0.050221040782707116
0.957498981485645,0.042501018514354866
0.9701327825795089,0.029867217420491136
0.9512219571012016,0.04877804289879846
0.9538931024165841,0.046106897583415934
0.913332703739196,0.08666729626080413
0.9220157226106932,0.0779842773893068
0.9766375391349353,0.023362460865064605
0.9345910812805517,0.06540891871944833
0.9331793020992424,0.06682069790075763
0.9414037321639065,0.058596267836093396
0.9572641225676664,0.04273587743233367
0.9795520286385574,0.020447971361442576
0.9538719267265204,0.046128073273479564
0.9280433774767728,0.07195662252322726
0.9400683810014223,0.05993161899857771
0.9546192019779134,0.045380798022086694
0.9566173044229422,0.04338269557705776
0.9551069563862409,0.044893043613759266
0.9315310351188966,0.06846896488110352
0.932809502411752,0.06719049758824794
0.9329860242708481,0.06701397572915191
0.9208395935945077,0.07916040640549228
0.9220972267791293,0.07790277322087072
0.9494725802807833,0.050527419719216725
0.9419157693948783,0.058084230605121696
0.9537858675339,0.04621413246610001
0.9697729346247513,0.03022706537524869
0.9310870232950371,0.06891297670496285
0.9567299322309062,0.04327006776909387
0.9282321279353631,0.07176787206463678
0.9207838126179861,0.07921618738201383
0.924626731563898,0.07537326843610218
0.9758520488886196,0.024147951111380437
0.9707448895831532,0.02925511041684679
0.9489240453595977,0.05107595464040227
0.9620867045003088,0.03791329549969127
0.9533219039393169,0.04667809606068304
0.954818868165475,0.04518113183452511
0.9528661782467314,0.04713382175326874
0.9526744617551711,0.04732553824482904
0.9343549422455699,0.06564505775443005
0.941671320950027,0.05832867904997298
0.966761846017656,0.033238153982344094
0.9606851560915994,0.039314843908400586
0.9371912349722931,0.06280876502770687
0.9406098628016083,0.059390137198391736
0.9314292305653501,0.06857076943464994
0.9579775059367017,0.04202249406329826
0.9234077466311384,0.07659225336886161
0.9513865697523874,0.04861343024761267
0.9500669528281704,0.049933047171829545
0.9526480334827027,0.047351966517297395
0.8949297724324883,0.10507022756751176
0.9654886697608742,0.03451133023912586
0.9376020493216173,0.062397950678382816
0.9139497544181069,0.08605024558189305
0.9055292360403621,0.09447076395963801
0.9562006129261292,0.043799387073870696
0.9493861429803138,0.0506138570196863
0.9549429210171132,0.045057078982886745
0.9490331019330916,0.050966898066908344
0.9541314035067769,0.04586859649322295
0.9324127716154829,0.06758722838451724
0.9310248391770415,0.0689751608229586
0.9387402234820363,0.061259776517963604
0.923970966642089,0.07602903335791092
0.9390540470035875,0.06094595299641243
0.9012197715885191,0.09878022841148092
0.9497047360494761,0.0502952639505239
0.9457760218764121,0.0542239781235879
0.9629197846007231,0.037080215399276854
0.9193106945128364,0.08068930548716356
0.9313381049826736,0.06866189501732645
0.9353574720555459,0.06464252794445421
0.9489110215863846,0.05108897841361543
0.90508224826794,0.09491775173206007
0.9600489807321972,0.03995101926780279
0.943347334384681,0.056652665615319064
0.9462352675185587,0.05376473248144141
0.9566982428593593,0.043301757140640745
0.9643865734797498,0.03561342652025022
0.9600494685508089,0.03995053144919108
0.9361905106229961,0.06380948937700398
0.952475490407673,0.047524509592327076
0.9378915666241279,0.062108433375872144
0.9379712706135285,0.062028729386471505
0.9278114640357009,0.07218853596429911
0.9541172394470652,0.0458827605529349
0.9552032632200803,0.0447967367799197
0.940834936866898,0.05916506313310196
0.9746084750033714,0.02539152499662859
0.9563650895828785,0.043634910417121656
0.9293204167259215,0.07067958327407851
0.9415730870416604,0.058426912958339614
0.9245813445111014,0.07541865548889867
0.9390872250837213,0.06091277491627872
0.9612967808909552,0.03870321910904496
0.9041958355853092,0.09580416441469077
0.9387805838593004,0.0612194161406995
0.922312784043448,0.0776872159565521
0.9470018726597401,0.052998127340259965
0.9176780507751038,0.08232194922489608
0.9175658003084747,0.08243419969152532
0.9463476023310966,0.05365239766890346
0.9471698442909664,0.052830155709033565
0.9517904710979319,0.04820952890206814
0.9314606256141104,0.0685393743858897
0.9627123642613491,0.037287635738650855
0.9377079355082558,0.06229206449174423
0.9638744016822518,0.036125598317748316
0.9202076023380532,0.0797923976619469
0.9513548046654152,0.04864519533458482
0.9226660824182124,0.07733391758178769
0.9635078323505958,0.03649216764940429
0.9318391083248325,0.06816089167516745
0.9529359462507797,0.04706405374922029
0.9632933410782946,0.036706658921705514
0.9193042540785704,0.08069574592142971
0.9755754797892366,0.024424520210763308
0.9654882962586123,0.03451170374138768
0.9621459061880216,0.0378540938119783
0.9668376375982306,0.03316236240176945
0.9313473091489562,0.06865269085104381
0.9525733180516543,0.04742668194834565
0.9414719109128209,0.058528089087179075
0.954569411057972,0.04543058894202791
0.9694511001736189,0.030548899826381076
0.9514130885314485,0.04858691146855158
0.9198958149030428,0.08010418509695713
0.9590290232723315,0.040970976727668446
0.9152314317623546,0.0847685682376455
0.963427469873015,0.03657253012698508
0.9140057757714806,0.0859942242285195
0.950149900676916,0.04985009932308402
0.9335907649305244,0.0664092350694755
0.9367421038910827,0.06325789610891726
0.906859440756278,0.093140559243722
0.9513712551283869,0.04862874487161304
0.9303016760051348,0.0696983239948653
0.9579162660751595,0.0420837339248405
0.969730990490099,0.03026900950990103
0.9520034775233998,0.04799652247660037
0.9503834652260911,0.04961653477390904
0.9391312851543905,0.06086871484560951
0.933472579409734,0.06652742059026599
0.9255175082932722,0.07448249170672783
0.9759234631953755,0.02407653680462462
0.9387261766740939,0.061273823325906196
0.9194557897071128,0.0805442102928872
0.9753382532536042,0.024661746746395843
0.9335425068478779,0.06645749315212217
0.9184991689627313,0.08150083103726875
0.9570374504347686,0.04296254956523137
0.9329681424836065,0.0670318575163936
0.9439190091698024,0.05608099083019762
0.9230911881147164,0.07690881188528369
0.9282933876072069,0.07170661239279309
0.9724354458560928,0.027564554143907204
0.9590070465918618,0.04099295340813827
0.9505896202290282,0.04941037977097188
0.9349749681113085,0.06502503188869141
0.9430457757016951,0.05695422429830495
0.9464818696019118,0.05351813039808818
0.9603586369068193,0.03964136309318069
0.979821528595118,0.020178471404882117
0.9473966281877759,0.0526033718122242
0.957157891739916,0.04284210826008419
0.957419874007191,0.04258012599280909
0.9385151929380291,0.06148480706197081
0.9414502164930525,0.05854978350694758
0.9648167786169201,0.03518322138307997
0.9523627157546877,0.047637284245312266
0.9489804851382654,0.0510195148617346
0.9256763030734081,0.07432369692659187
0.9264996135795012,0.07350038642049884
0.9551465920328469,0.044853407967153085
0.943267154763358,0.05673284523664205
0.9459939006856829,0.0540060993143171
0.9608550423952211,0.03914495760477883
0.9438244013204993,0.05617559867950062
0.9029423957141067,0.09705760428589334
0.963509237382714,0.03649076261728601
0.959446324934937,0.04055367506506307
0.9594164659520104,0.04058353404798966
0.951520128753068,0.04847987124693199
0.9458808136989986,0.05411918630100137
0.9386959289318022,0.061304071068197886
0.933682664395893,0.06631733560410699
0.9563496014595618,0.043650398540438236
0.9466757080654543,0.053324291934545756
0.9228491222990155,0.07715087770098453
0.9052447810763233,0.0947552189236768
0.9133595638071882,0.08664043619281178
0.9572303053247735,0.04276969467522649
0.9578745351370241,0.04212546486297579
0.9299314204583191,0.07006857954168079
0.9460019367933288,0.05399806320667125
0.9416973903927028,0.0583026096072971
0.9491236346378483,0.05087636536215166
0.9254470597776319,0.0745529402223682
0.9251337150020033,0.07486628499799677
0.9498915292129343,0.05010847078706577
0.9317736938534165,0.06822630614658344
0.9292049206865349,0.07079507931346517
0.9403768574062875,0.05962314259371241
0.9189046856713661,0.08109531432863389
0.9392062660644892,0.060793733935510796
0.9551887183614886,0.04481128163851154
0.9421840748862605,0.057815925113739494
0.873406295096644,0.12659370490335592
0.9545257036820818,0.04547429631791826
0.956648997460547,0.04335100253945306
0.9093275615150415,0.09067243848495858
0.9767014173693744,0.023298582630625606
0.9491258629889335,0.05087413701106641
0.9654020618551092,0.034597938144890705
0.9601299032064742,0.039870096793525794
0.9505703571885474,0.049429642811452526
0.9264904264913553,0.07350957350864465
0.9444753435269179,0.05552465647308209
0.9587941501235512,0.041205849876448875
0.9490990275250439,0.05090097247495611
0.9180740655740702,0.08192593442592978
0.9533733705891113,0.046626629410888784
0.9542667941040857,0.04573320589591431
0.9627340849125497,0.037265915087450266
0.9368904696443907,0.06310953035560929
0.9502470145951792,0.049752985404820774
0.9601752137416782,0.039824786258321726
0.9553847739535241,0.04461522604647594
0.9319484616966311,0.06805153830336888
0.9647407271766385,0.03525927282336151
0.9222648909000277,0.07773510909997226
0.9245876312557267,0.07541236874427322
0.9396726762163391,0.06032732378366094
0.9549967037782522,0.04500329622174782
0.9510939659452907,0.04890603405470935
0.9673096552266287,0.03269034477337136
0.9538282667238067,0.0461717332761933
0.9273873211545228,0.07261267884547717
0.940109046691951,0.05989095330804909
0.9700228571422103,0.02997714285778969
0.9305913966692494,0.06940860333075057
0.928321757909485,0.07167824209051497
0.9542876502454616,0.045712349754538334
0.9083360572836354,0.09166394271636463
0.9325269747905738,0.06747302520942615
0.9444884016984872,0.05551159830151272
0.9587909623494674,0.0412090376505325
0.9320562066267637,0.06794379337323635
0.9362123385184492,0.06378766148155089
0.9375089730921388,0.06249102690786123
0.9274115576298091,0.0725884423701909
0.953438688475116,0.04656131152488401
0.9363717067288391,0.06362829327116093
0.9587879264100468,0.041212073589953276
0.9280612715619034,0.07193872843809658
0.9801695233374851,0.01983047666251503
0.944628732574566,0.055371267425433995
0.9244486768221047,0.07555132317789524
0.9457361192627284,0.05426388073727167
0.9467793879954491,0.053220612004550895
0.8894998560652442,0.11050014393475588
0.9182285155581354,0.08177148444186455
0.9355117019298047,0.06448829807019531
0.959438466605766,0.040561533394233955
0.9190418545025575,0.08095814549744255
0.9032202039845927,0.09677979601540729
0.973352234370712,0.026647765629287973
0.9145176604107988,0.08548233958920104
0.9563424123140655,0.04365758768593462
0.9484062270628052,0.05159377293719491
0.974432027904213,0.02556797209578708
0.9384629107239449,0.06153708927605513
0.9472469528065299,0.052753047193470085
0.9563315686364445,0.043668431363555416
0.9456154152256981,0.05438458477430192
0.9268840256275424,0.07311597437245762
0.9525841226405204,0.04741587735947957
0.9601380936336863,0.03986190636631369
0.9580534458088185,0.04194655419118161
0.959546188894425,0.04045381110557503
0.9479558801862707,0.05204411981372928
0.9410038179446384,0.05899618205536169
0.9454956089608776,0.054504391039122434
0.9270712183331471,0.07292878166685303
0.9317260153158332,0.06827398468416677
0.9961517450083933,0.0038482549916067045
0.9436751017467762,0.056324898253223864
0.9227454302550913,0.07725456974490884
0.9710676948969206,0.028932305103079464
0.9517962405821666,0.04820375941783343
0.9569839989201068,0.04301600107989327
0.9236852808580484,0.07631471914195162
0.9532572066883495,0.0467427933116505
0.9370394564849729,0.06296054351502713
0.9137318829805355,0.08626811701946445
0.9672922540479874,0.03270774595201256
0.9517630592609417,0.04823694073905824
0.9523592787809168,0.047640721219083304
0.9460797018119949,0.05392029818800518
0.9614623140914577,0.038537685908542285
0.9378050354715418,0.06219496452845834
0.9634944116178205,0.03650558838217962
0.9173752599536231,0.08262474004637689
0.9680278912122267,0.03197210878777329
0.9389004707610018,0.0610995292389983
0.9512035267853195,0.048796473214680496
0.9527891642864247,0.04721083571357531
0.9440210105745471,0.055978989425452874
0.9409953280316881,0.059004671968311787
0.9345574002086692,0.0654425997913308
0.944901679445487,0.05509832055451307
0.958412764685687,0.041587235314312895
0.9251632975206138,0.0748367024793862
0.917692421537755,0.08230757846224511
0.9418574598996781,0.0581425401003219
0.9720464809831868,0.027953519016813255
0.9490161379732868,0.050983862026713275
0.9474281842677635,0.05257181573223652
0.9513153889294335,0.04868461107056654
0.9584178265186084,0.0415821734813916
0.9525401936716106,0.047459806328389434
0.9310803281624355,0.06891967183756458
0.9515783324634159,0.048421667536584126
0.9386858448734916,0.06131415512650847
0.926326508880749,0.07367349111925116
0.9750968123039939,0.024903187696006187
0.9239748769340129,0.0760251230659872
0.9643072141153675,0.03569278588463251
0.9454298734774381,0.05457012652256191
0.933966878635209,0.06603312136479099
0.9568655655035996,0.043134434496400455
0.9596979809991188,0.04030201900088108
0.9499679226585969,0.05003207734140323
0.9678028443546011,0.032197155645398975
0.9618724843034574,0.03812751569654264
0.9373043211169905,0.06269567888300956
0.9325234967646715,0.06747650323532854
0.9373904688244983,0.06260953117550178
0.9521235611243019,0.04787643887569823
0.9755025732026386,0.024497426797361454
0.9282977539802999,0.07170224601970021
0.9337876835201633,0.06621231647983672
0.9549809407592684,0.04501905924073154
0.9417112324966119,0.05828876750338815
0.9296294104158085,0.07037058958419168
0.9690881665007066,0.030911833499293443
0.9507287548724571,0.04927124512754286
0.9568724310510431,0.04312756894895691
0.9602636386344525,0.03973636136554752
0.9411599287433471,0.05884007125665289
0.9358486196355724,0.06415138036442762
0.9684945555657802,0.031505444434219765
0.9702151221073791,0.029784877892620867
0.9534217883058362,0.04657821169416379
0.9669495434146086,0.03305045658539144
0.9229848873582467,0.07701511264175331
0.9319149227340033,0.06808507726599662
0.9665826263539639,0.03341737364603624
0.9359366668778683,0.06406333312213179
0.9628871078336493,0.0371128921663508
0.911582283368938,0.0884177166310621
0.9151599941218276,0.08484000587817246
0.922582407597332,0.07741759240266807
0.9630203168663392,0.036979683133660915
0.9497828143010602,0.05021718569893987
0.9322030476425684,0.06779695235743159
0.9588902305282881,0.041109769471711806
0.9474407146562515,0.05255928534374861
0.9591688393195628,0.04083116068043728
0.9841267984609867,0.01587320153901326
0.950733886395979,0.04926611360402103
0.9596266733668545,0.04037332663314561
0.9575704119813094,0.042429588018690574
0.9108622014919353,0.08913779850806482
0.9390316289237349,0.06096837107626515
0.9589428978883737,0.041057102111626186
0.9386648339653142,0.06133516603468583
0.9267373775846657,0.07326262241533432
0.9586170363351537,0.0413829636648463
0.9696084167194801,0.030391583280519947
0.9380219215786577,0.06197807842134224
0.9443912448967896,0.05560875510321044
0.9438702345603832,0.05612976543961675
0.9159647666961934,0.08403523330380659
0.9484399111185335,0.051560088881466536
0.9336013471483834,0.06639865285161664
0.9621514300536165,0.037848569946383595
0.9314551812235461,0.06854481877645385
0.9374735926464428,0.06252640735355715
0.9631425443112093,0.036857455688790744
0.9655913276526817,0.03440867234731825
0.9614875233004568,0.03851247669954317
0.9577825589520159,0.042217441047984146
0.955073383605599,0.04492661639440102
0.9229918225056596,0.07700817749434045
0.9264867647588272,0.07351323524117288
0.922335050304467,0.07766494969553306
0.9585999663404019,0.041400033659598205
0.9351296554810523,0.06487034451894769
0.941633159488589,0.05836684051141085
0.9518976986501912,0.048102301349808745
0.9523947381740041,0.04760526182599588
0.9704104578906279,0.02958954210937215
0.9571476347607185,0.04285236523928141
0.9147148978409976,0.08528510215900241
0.9292674141731404,0.07073258582685961
0.9393249771649316,0.06067502283506844
0.9592299636212989,0.04077003637870106
0.9504157643011293,0.049584235698870806
0.9489658542328083,0.05103414576719171
0.9336148860467057,0.06638511395329418
0.9275683282048025,0.07243167179519741
0.957554258120483,0.04244574187951688
0.9418618633207417,0.058138136679258406
0.9591695852881229,0.04083041471187718
0.9414454614279133,0.05855453857208663
0.953265424521837,0.046734575478162926
0.9437252617448039,0.056274738255196174
0.9715363932913125,0.028463606708687576
0.9618149513047304,0.038185048695269674
0.9294289235006994,0.07057107649930051
0.9339594121346206,0.06604058786537932
0.95305245341796,0.04694754658204009
0.92138651250787,0.07861348749213001
0.946609624320462,0.05339037567953807
0.9574522605155966,0.04254773948440343
0.9402717099923613,0.059728290007638726
0.9385043051016345,0.061495694898365504
0.9841701613114325,0.015829838688567494
0.9648938664727971,0.035106133527202946
0.9335926293944276,0.06640737060557246
0.9563361438434739,0.04366385615652609
0.9499705525519595,0.050029447448040505
0.956563945238832,0.04343605476116792
0.9441156222933493,0.055884377706650674
0.9557017715656024,0.044298228434397666
0.9367425132899085,0.0632574867100914
0.9189226976337905,0.08107730236620947
0.9311165965396637,0.06888340346033625
0.9075849804540024,0.09241501954599764
0.9542433062307639,0.04575669376923597
0.9534253917481198,0.046574608251880215
0.9288490904833724,0.07115090951662757
0.9320840380387039,0.06791596196129608
0.9307694827980855,0.06923051720191464
0.9508733096024713,0.04912669039752872
0.9462645038302976,0.05373549616970234
0.9346421122991265,0.06535788770087346
0.9425378226578185,0.05746217734218152
0.9522821302060933,0.04771786979390681
0.9429858351898783,0.05701416481012163
0.9458405248332324,0.05415947516676746
0.9333917059993001,0.06660829400069995
0.9597570111879195,0.040242988812080584
0.9466296890972522,0.053370310902747846
0.9105043052569143,0.08949569474308579
0.9189287281866254,0.08107127181337463
0.9326369902631525,0.06736300973684761
0.9571459894916733,0.0428540105083268
0.9296419895563236,0.07035801044367641
0.9692750243081544,0.030724975691845617
0.9534541817401292,0.046545818259870815
0.9335952019105537,0.06640479808944638
0.963108919547034,0.03689108045296597
0.9490219445898921,0.05097805541010792
0.9370912425135915,0.06290875748640845
0.9425368821095398,0.05746311789046016
0.9493749642422132,0.05062503575778679
0.9457587843197242,0.05424121568027587
0.9572460785338763,0.042753921466123675
0.8796484622234169,0.12035153777658314
0.9617715476888976,0.03822845231110229
0.9737869483704052,0.026213051629594815
0.9362888718551857,0.06371112814481421
0.950028211022774,0.04997178897722606
0.9534028974780103,0.04659710252198968
0.9844467196345185,0.01555328036548152
0.9261692334934843,0.07383076650651571
0.9374260386655309,0.06257396133446916
0.929116112801406,0.07088388719859402
0.9353272966357986,0.0646727033642014
0.9284547751753278,0.07154522482467221
0.9526813499307977,0.04731865006920235
0.9410574053197219,0.05894259468027806
0.9602863097696875,0.039713690230312446
0.9570708203733468,0.04292917962665323
0.9352569578210729,0.06474304217892721
0.9347169818707666,0.06528301812923341
0.9709177446986487,0.029082255301351414
0.9454809861576783,0.05451901384232168
0.9252809341454734,0.07471906585452652
0.9608484572349298,0.03915154276507017
0.9411254025123404,0.05887459748765966
0.9470713578408796,0.052928642159120465
0.9512386360754861,0.04876136392451396
0.9344822976975036,0.06551770230249633
0.9348465141457851,0.06515348585421483
0.928061972276371,0.07193802772362896
0.9634343678650492,0.03656563213495083
0.9245701049283868,0.07542989507161324
0.9442680969901788,0.0557319030098212
0.9544976005778463,0.04550239942215363
0.9466775060008916,0.05332249399910832
0.9290794798046359,0.07092052019536407
0.9380237602607581,0.061976239739241906
0.9471545334449233,0.052845466555076666
0.9347447674958089,0.06525523250419112
0.9539202710745577,0.04607972892544238
0.9139487080335077,0.08605129196649243
0.9399271744464185,0.060072825553581496
0.9232074882458619,0.07679251175413818
0.9356969925503648,0.06430300744963523
0.9725688361776558,0.027431163822344243
0.9447004767284521,0.055299523271547864
0.9677692158629682,0.03223078413703188
0.9540779344574248,0.04592206554257516
0.9296543721381688,0.07034562786183128
0.952346546454499,0.047653453545500914
0.9523355482457506,0.047664451754249354
0.9362621360122966,0.06373786398770355
0.9482585883388824,0.05174141166111761
0.9398438550770769,0.060156144922923135
0.9418615531183485,0.05813844688165145
0.9419192555851132,0.058080744414886816
0.9537634067590441,0.04623659324095596
0.9627588308690995,0.03724116913090042
0.9287420781656002,0.07125792183439988
0.9380269512867188,0.06197304871328127
0.9343287209813785,0.06567127901862156
0.9482360348028128,0.051763965197187234
0.9496212136509887,0.050378786349011315
0.9444885877761785,0.055511412223821444
0.9733568100697195,0.026643189930280416
0.9541204374921646,0.04587956250783553
0.9320296278427399,0.06797037215726018
0.9581569475855668,0.041843052414433285
0.9313073308837729,0.06869266911622716
0.9221074812393643,0.07789251876063565
0.9526246060281818,0.04737539397181823
0.9515723365612662,0.04842766343873394
0.9118017027042388,0.08819829729576135
0.9503268035417693,0.049673196458230734
0.9515638605872893,0.048436139412710744
0.9473402750064607,0.05265972499353931
0.9417497871274964,0.05825021287250362
0.9384460092045896,0.06155399079541046
0.9453698034637561,0.05463019653624395
0.9294158426381285,0.07058415736187147
0.9378171074899877,0.06218289251001229
0.938036570191322,0.06196342980867802
0.9344899218689751,0.06551007813102491
0.89492232012754,0.10507767987246003
0.9409752108646571,0.059024789135342884
0.9661346515413757,0.03386534845862435
0.9347500306679523,0.06524996933204782
0.9411928122410471,0.05880718775895275
0.9159164281570393,0.0840835718429607
0.9402028543717974,0.05979714562820257
0.9640262863982787,0.03597371360172127
0.9580299681741818,0.04197003182581813
0.9188443395517598,0.0811556604482402
0.9038942729397188,0.09610572706028132
0.9657113105978359,0.0342886894021642
0.9061458087411657,0.09385419125883433
0.9464977911047853,0.053502208895214745
0.9522945378338483,0.04770546216615166
0.9158888632917149,0.08411113670828503
0.9322757271964525,0.06772427280354763
0.9485640825903506,0.05143591740964935
0.9499504203120918,0.05004957968790829
0.9669054351217147,0.03309456487828531
0.9451824959912078,0.05481750400879218
0.9491549508517412,0.050845049148258825
0.9413350797516995,0.05866492024830058
0.9383438568383147,0.06165614316168534
0.9274462952501207,0.07255370474987932
0.9522694915246046,0.04773050847539542
0.943873795815287,0.05612620418471307
0.9285930233324122,0.0714069766675877
0.9424081034733921,0.05759189652660789
0.9412553892723236,0.05874461072767653
0.9507181644175161,0.04928183558248394
0.928263261314596,0.07173673868540405
0.9529061020588917,0.04709389794110832
0.9339814539710092,0.06601854602899092
0.9607488468583679,0.03925115314163217
0.9645661040337479,0.03543389596625211
0.9598622441102412,0.040137755889758805
0.9658036255981813,0.03419637440181876
0.9345439193197822,0.06545608068021784
0.9255864343723562,0.07441356562764387
0.9339310673883511,0.06606893261164892
0.9103302612471467,0.08966973875285333
0.9437388076124561,0.05626119238754383
0.9605966147387158,0.03940338526128411
0.9495157352049624,0.05048426479503763
0.9350814069963311,0.06491859300366898
0.9462587242648327,0.05374127573516725
0.9332733198660561,0.06672668013394395
0.9351655676496267,0.06483443235037334
0.9296922848362829,0.07030771516371719
0.9639255121118983,0.03607448788810182
0.9382720411158314,0.06172795888416871
0.9389740100718765,0.06102598992812341
0.9363460075812315,0.06365399241876851
0.8850586234615262,0.11494137653847385
0.9578367609116099,0.04216323908839005
0.9204828997427197,0.07951710025728032
0.9498991551990488,0.05010084480095124
0.9664189588840815,0.03358104111591859
0.9275360121977296,0.07246398780227033
0.9578483668826931,0.04215163311730685
0.9674255275752129,0.032574472424787115
0.9084730796557425,0.09152692034425751
0.9661390515788748,0.03386094842112515
0.9541666912147881,0.045833308785211926
0.9367467225027805,0.06325327749721953
0.9620566465566907,0.0379433534433093
0.9131083991910488,0.08689160080895131
0.9470471499255959,0.05295285007440419
0.9364557783065743,0.06354422169342576
0.9490630494095034,0.050936950590496646
0.9035816947561379,0.09641830524386202
0.94854258805484,0.05145741194515994
0.9566379848970683,0.04336201510293177
0.9312834636568333,0.0687165363431666
0.9726451137783274,0.027354886221672578
0.9482405996301281,0.051759400369871866
0.880535126801406,0.11946487319859402
0.9487330021948818,0.05126699780511823
0.9364098564966675,0.06359014350333247
0.9374077849519812,0.06259221504801889
0.9249121905427583,0.07508780945724167
0.9673567841071485,0.03264321589285143
0.9534122548353553,0.04658774516464479
0.9475015633928086,0.052498436607191425
0.9741067888261274,0.02589321117387257
0.9517985089214698,0.04820149107853025
0.9417055211916648,0.05829447880833514
0.9044760443912587,0.09552395560874119
0.951203750520002,0.04879624947999814
0.9283344848143914,0.07166551518560862
0.9477440277696051,0.05225597223039499
0.921321574475681,0.0786784255243191
0.9203092417281089,0.07969075827189112
0.9572751449116276,0.04272485508837248
0.9034156422217777,0.09658435777822225
0.9442141786071255,0.05578582139287451
0.9455858380246518,0.054414161975348194
0.9485244356488219,0.05147556435117813
0.9239246857104026,0.07607531428959738
0.9453629519185144,0.054637048081485666
0.9606545108575893,0.03934548914241067
0.9684791187501284,0.03152088124987158
0.9523110971557945,0.04768890284420541
0.9369947077961578,0.06300529220384217
0.9206109867625517,0.07938901323744826
0.9425295319481937,0.057470468051806306
0.9400320345780141,0.05996796542198597
0.9438581976086313,0.0561418023913686
0.9377161894141653,0.06228381058583469
0.9465259391196845,0.05347406088031553
0.9455980747070508,0.054401925292949196
0.9138677297963161,0.0861322702036838
0.9325794272174597,0.06742057278254036
0.9358975104593336,0.06410248954066641
0.9275391892867898,0.07246081071321026
0.9550379102773545,0.04496208972264549
0.9450787668430763,0.054921233156923654
0.9226259405225242,0.0773740594774758
0.9533602496494668,0.04663975035053318
0.9028889147205139,0.09711108527948609
0.9541958047795445,0.04580419522045564
0.9527777317479865,0.04722226825201358
0.9711559511858491,0.028844048814150924
0.9504325625447501,0.04956743745525009
0.9172586720103789,0.08274132798962111
0.9584280345290335,0.04157196547096655
0.9573685178382272,0.04263148216177271
0.9331298348011291,0.06687016519887096
0.951665438682228,0.04833456131777216
0.9340759552161361,0.06592404478386402
0.9300818683229232,0.06991813167707689
0.9339597476631268,0.0660402523368732
0.962142437989985,0.03785756201001508
0.9285356212998641,0.07146437870013592
0.9456802006072836,0.054319799392716334
0.9410425786305345,0.05895742136946549
0.9228901635400772,0.07710983645992264
0.9106662123925369,0.0893337876074632
0.9509342525952301,0.04906574740476988
0.9408619299488329,0.05913807005116707
0.9473594462950724,0.05264055370492765
0.95327224817679,0.04672775182320993
0.9368121725996921,0.06318782740030797
0.9243664078242259,0.075633592175774
0.9817686979680743,0.0182313020319257
0.9409232615837904,0.05907673841620971
0.9447913290594772,0.0552086709405229
0.9423849096993688,0.057615090300631173
0.9172669059387389,0.08273309406126111
0.9712872519264069,0.028712748073593183
0.9664612773818406,0.03353872261815945
0.9623577276550211,0.03764227234497884
0.9747168498557844,0.025283150144215498
0.9520139664459487,0.04798603355405138
0.9468719783581739,0.05312802164182601
0.9349141179873977,0.06508588201260232
0.9549750134825136,0.04502498651748649
0.9406338203779946,0.05936617962200549
0.9116219479072698,0.08837805209273011
0.9209226637745022,0.07907733622549787
0.9302093941820759,0.069790605817924
0.9086593825085669,0.09134061749143303
0.9446570483581858,0.05534295164181427
0.917758875564758,0.082241124435242
0.9351636085979005,0.0648363914020994
0.9068862205123316,0.09311377948766847
0.919252689718434,0.08074731028156612
0.9565597807643371,0.04344021923566285
0.9533637569266241,0.046636243073375855
0.9680737846108426,0.03192621538915748
0.9591710137360973,0.040828986263902724
0.9591236899850969,0.04087631001490305
0.9059380247318345,0.09406197526816562
0.9353693755942627,0.06463062440573733
0.9390968118083033,0.060903188191696794
0.9236882649329091,0.0763117350670909
0.9595497047958195,0.04045029520418049
0.948868992511857,0.051131007488142935
0.9454510419993216,0.05454895800067838
0.9545476027836421,0.04545239721635791
0.9330710279961583,0.06692897200384167
0.9485878559494656,0.051412144050534375
0.9327057423929618,0.06729425760703833
0.9532074301795471,0.04679256982045298
0.9512096021736683,0.0487903978263316
0.9447285026355947,0.05527149736440534
0.9686639616595145,0.0313360383404855
0.9316146211016156,0.06838537889838445
0.939100868598766,0.06089913140123416
0.933876675487193,0.066123324512807
0.9574222906240692,0.04257770937593085
0.9237597669545267,0.07624023304547334
0.9481662398278599,0.0518337601721401
0.9342948872717645,0.06570511272823557
0.9149834426553269,0.08501655734467303
0.954491086771088,0.045508913228912116
0.945067513866783,0.05493248613321697
0.9526363448391673,0.04736365516083276
0.908419769771216,0.09158023022878405
0.9602951232520408,0.0397048767479592
0.9189361982938561,0.08106380170614394
0.9725692568455943,0.027430743154405864
0.9392762699492425,0.060723730050757575
0.9199515862550607,0.08004841374493932
0.9342749704156668,0.06572502958433318
0.946403382730698,0.05359661726930201
0.9619223791088662,0.0380776208911338
0.9598510728887685,0.04014892711123155
0.9654681248590196,0.03453187514098051
0.9261041967874275,0.07389580321257244
0.9625078200897548,0.037492179910245255
0.9506640995700875,0.04933590042991261
0.9805886475093776,0.019411352490622508
0.9517807940635923,0.048219205936407564
0.958628750859249,0.041371249140751
0.9541109354533961,0.04588906454660406
0.9448510997558052,0.05514890024419485
0.9474530566976034,0.052546943302396606
0.9582116880409771,0.04178831195902286
0.9587996719880042,0.04120032801199591
0.9465285200140194,0.05347147998598049
0.9463918295645546,0.05360817043544551
0.9283759705109486,0.07162402948905139
0.9385654981843475,0.06143450181565237
0.94772051028759,0.052279489712410115
0.9639239281606737,0.036076071839326235
0.9178547806575729,0.08214521934242716
0.9478100451312815,0.05218995486871848
0.9657501470971536,0.03424985290284639
0.9572125671608689,0.04278743283913106
0.9401580921315728,0.05984190786842724
0.9319393143966656,0.0680606856033345
0.9377332410478597,0.06226675895214023
0.9389818733187351,0.06101812668126495
0.9739212138107315,0.02607878618926842
0.9784400825874449,0.02155991741255517
0.9696796998120969,0.030320300187903104
0.9308902086625658,0.06910979133743418
0.9552610860545886,0.04473891394541136
0.9253987792194596,0.07460122078054042
0.944907972538975,0.05509202746102509
0.9472802547838519,0.05271974521614807
0.9595646251773845,0.04043537482261556
0.9309619525396227,0.06903804746037734
0.9185249181704388,0.08147508182956129
0.9474581478669825,0.052541852133017514
0.955820363298723,0.044179636701276996
0.9332045707422195,0.06679542925778048
0.9204225544280672,0.07957744557193287
0.9470010134313229,0.052998986568677124
0.9508019880283742,0.04919801197162578
0.9485153791310101,0.05148462086898988
0.9484265391459703,0.05157346085402964
0.9370641254425728,0.06293587455742718
0.9650625587959162,0.034937441204083805
0.9435823614096238,0.05641763859037618
0.9206237909817683,0.07937620901823186
0.9655808286840077,0.03441917131599222
0.9478922355383429,0.05210776446165713
0.9432834780092081,0.05671652199079198
0.9386503674129238,0.06134963258707614
0.9773127310593531,0.02268726894064684
0.9360901669722371,0.06390983302776279
0.9623756747511846,0.03762432524881538
0.9419475621022794,0.05805243789772072
0.9240977302087924,0.07590226979120764
0.9780330178742109,0.02196698212578909
0.9589684268603039,0.04103157313969606
0.9397965241910562,0.060203475808943877
0.932704695796337,0.06729530420366313
0.9558651566899603,0.04413484331003967
0.919958992302929,0.08004100769707105
0.9423977926032183,0.05760220739678175
0.9572036512572671,0.04279634874273286
0.9402649961283944,0.05973500387160556
0.9433766964492799,0.056623303550720136
0.918647735147781,0.0813522648522191
0.9384320034759716,0.061567996524028515
0.9677212901996459,0.03227870980035401
0.946127456127016,0.05387254387298407
0.9676387910739339,0.0323612089260661
0.945513278764688,0.054486721235312
0.9546450932085028,0.04535490679149731
0.9312151748239822,0.0687848251760178
0.9549263591065044,0.045073640893495734
0.9204376684032077,0.07956233159679228
0.946865409107801,0.053134590892199005
0.9598317598757166,0.040168240124283466
0.9455079416397371,0.05449205836026286
0.9571736767953576,0.04282632320464245
0.9525198858799618,0.0474801141200382
0.9569603190874233,0.04303968091257672
0.9516191703969296,0.04838082960307054
0.9708335219072395,0.029166478092760472
0.954022043660207,0.045977956339792854
0.9158313186924112,0.0841686813075888
0.9387460707971454,0.061253929202854634
0.935592413131809,0.06440758686819097
0.9442343867740265,0.0557656132259735
0.9474591945038237,0.05254080549617634
0.9497406827638343,0.05025931723616565
0.9446472178328622,0.05535278216713773
0.8988906351857102,0.10110936481428981
0.9350729169244688,0.06492708307553116
0.9124588704546986,0.08754112954530144
0.9526060770144346,0.04739392298556549
0.9102664707626051,0.08973352923739478
0.9261317863839559,0.07386821361604398
0.9420247361418405,0.05797526385815956
0.906506542169442,0.09349345783055793
0.9361271919939136,0.06387280800608643
0.9449329390139044,0.05506706098609555
0.9236334653114223,0.07636653468857763
0.9475308922275085,0.052469107772491565
0.9374141809719239,0.06258581902807624
0.9627986622637095,0.037201337736290585
0.92161701898963,0.07838298101037008
0.9342281524887097,0.06577184751129034
0.941638968499424,0.05836103150057605
0.9479595073555883,0.052040492644411754
0.9332038704192646,0.06679612958073544
0.9432302194330705,0.05676978056692946
0.9265030909063927,0.07349690909360725
0.944779903276309,0.055220096723690895
0.9168923685757079,0.08310763142429206
0.9398174363563002,0.060182563643699755
0.9462543009998333,0.05374569900016664
0.9393006848997678,0.06069931510023222
0.9396713679014671,0.06032863209853289
0.9472995536720678,0.0527004463279322
0.9573544052081627,0.04264559479183721
0.9351324307127117,0.06486756928728836
0.939010299815438,0.060989700184561915
0.9351804399472903,0.0648195600527097
0.936659940361299,0.0633400596387011
0.9482667293518028,0.051733270648197154
0.9542278203485877,0.04577217965141244
0.9503568240499138,0.049643175950086174
0.9454951156053591,0.05450488439464095
0.9358616618458533,0.06413833815414673
0.9243814868828165,0.07561851311718347
0.9409932788356652,0.05900672116433484
0.9488738791073043,0.05112612089269574
0.9261499635243723,0.07385003647562759
0.9557483642192223,0.04425163578077782
0.9603810197621627,0.039618980237837303
0.942990932168951,0.05700906783104895
0.9100626397827674,0.08993736021723263
0.930728996246414,0.06927100375358591
0.9390096405546232,0.060990359445376854
0.931208963731956,0.06879103626804402
0.9506967896589399,0.049303210341060125
0.9621068528180412,0.03789314718195883
0.9595761734874115,0.04042382651258857
0.95271756681939,0.04728243318060999
0.9625325025638974,0.03746749743610255
0.9611364026786756,0.038863597321324425
0.9659074923630325,0.034092507636967376
0.9598003811757001,0.04019961882429989
0.9792248931589248,0.020775106841075135
0.9387724072674891,0.061227592732510785
0.9257502064476412,0.0742497935523588
0.9404690446612586,0.059530955338741455
0.950318043559393,0.04968195644060697
0.9620255388533879,0.03797446114661206
0.9297461504926021,0.07025384950739794
0.9280166004822199,0.07198339951778017
0.9672701499228613,0.03272985007713882
0.9726722114918253,0.027327788508174765
0.974508374747822,0.025491625252177946
0.9323724620550038,0.06762753794499628
0.9291281808653684,0.07087181913463157
0.9407148330489743,0.05928516695102567
0.9428754525961731,0.05712454740382694
0.9311750505033135,0.06882494949668655
0.9560394038748445,0.04396059612515559
0.9502908887423521,0.049709111257647876
0.9555665123481549,0.04443348765184518
0.9514241493637668,0.048575850636233285
0.9310832322360236,0.06891676776397629
0.9342303818798818,0.0657696181201182
0.9365330278011387,0.06346697219886126
0.947447588644332,0.05255241135566807
0.9572918402387369,0.042708159761263055
0.9350209249958757,0.06497907500412424
0.9335639645037521,0.06643603549624798
0.9666877530441489,0.03331224695585105
0.9557097598423695,0.044290240157630556
0.9389757799984721,0.061024220001527824
0.948680515886133,0.051319484113867046
0.9449486196451276,0.055051380354872496
0.9218888151724494,0.07811118482755058
0.9749663730097643,0.02503362699023571
0.9338664444617902,0.06613355553820977
0.9432633457679884,0.056736654232011595
0.9441561996923945,0.05584380030760559
0.9598096361955698,0.04019036380443017
0.9426254958517929,0.05737450414820711
0.9487583480852125,0.05124165191478752
0.9170008635205372,0.08299913647946285
0.9670492890908973,0.03295071090910273
0.9647210101736422,0.035278989826357764
0.9250096566127145,0.0749903433872855
0.9353753000459496,0.06462469995405046
0.952114692682538,0.047885307317462086
0.9254895396380299,0.07451046036197011
0.9380017177919503,0.06199828220804973
0.9413358590035468,0.05866414099645324
0.9601513226927278,0.039848677307272186
0.9119051126569926,0.0880948873430075
0.9196127102979759,0.08038728970202427
0.9543643532168222,0.0456356467831778
0.9336783346558232,0.06632166534417681
0.9350543413969796,0.06494565860302041
0.9137755519987225,0.08622444800127756
0.9664783764201449,0.033521623579855164
0.9281265713839267,0.07187342861607332
0.9603564633623944,0.03964353663760569
0.9607526229267065,0.03924737707329343
0.9670265101499587,0.03297348985004131
0.9495762557803714,0.05042374421962863
0.9475557530415205,0.0524442469584795
0.9100103200902377,0.08998967990976221
0.9293896515753067,0.0706103484246932
0.9619317777988307,0.03806822220116937
0.9195325805734428,0.08046741942655736
0.9536113041739837,0.0463886958260164
0.9620802763551011,0.03791972364489905
0.9395486131296203,0.06045138687037967
0.9549945996332259,0.04500540036677413
0.9366289781422968,0.06337102185770324
0.960925244484628,0.039074755515371956
0.9465905745216897,0.05340942547831019
0.9469425761288025,0.05305742387119749
0.974532400822784,0.025467599177216086
0.9633692984890547,0.03663070151094534
0.9614377480873357,0.03856225191266427
0.9589177778569798,0.041082222143020215
0.942264195207922,0.05773580479207793
0.9503666624699852,0.04963333753001473
0.9263914794041698,0.07360852059583027
0.9473712939870913,0.05262870601290875
0.9267643225380757,0.07323567746192429
0.9539335028226974,0.046066497177302684
0.9389121768763251,0.06108782312367489
0.9525819942554978,0.04741800574450222
0.9621499648191381,0.037850035180862086
0.9540612420193768,0.04593875798062325
0.9381131168643423,0.06188688313565768
0.9379075111143974,0.06209248888560258
0.9434437753643986,0.056556224635601296
0.9352330278261479,0.06476697217385205
0.9523611922977087,0.047638807702291404
0.9406333334575306,0.0593666665424694
0.9283814746294076,0.07161852537059255
0.9390108861195097,0.060989113880490456
0.9551853208419966,0.04481467915800329
0.88146187660238,0.11853812339762006
0.9473386033636096,0.05266139663639045
0.9579393454827978,0.042060654517202284
0.9397133944517225,0.060286605548277375
0.957190347564554,0.04280965243544606
0.9735172031705593,0.026482796829440644
0.9305400560238705,0.06945994397612952
0.9362186394446038,0.0637813605553962
0.9654965509943882,0.03450344900561178
0.9450409145384046,0.05495908546159544
0.9360919707237484,0.0639080292762517
0.9349452402477775,0.06505475975222264
0.9441649095347672,0.05583509046523285
0.9473746968854772,0.052625303114522765
0.9587127302386446,0.04128726976135541
0.9542811208182004,0.045718879181799545
0.9408005603576466,0.05919943964235341
0.9428118196154684,0.05718818038453146
0.9289681968682655,0.07103180313173454
0.9659394030324168,0.03406059696758331
0.9463781915073874,0.05362180849261257
0.9421644832625908,0.05783551673740922
0.9228491976417518,0.07715080235824819
0.9318877453460664,0.06811225465393358
0.9449075148222318,0.05509248517776825
0.9268626142380273,0.07313738576197286
0.9399554158168197,0.060044584183180275
0.9424044200840622,0.05759557991593781
0.9600791086748296,0.039920891325170335
0.9386443821357509,0.06135561786424925
0.9359844727358269,0.0640155272641732
0.9789225104602738,0.021077489539726237
0.9547089951842582,0.04529100481574174
0.9627200621923049,0.03727993780769508
0.9289642840645218,0.07103571593547818
0.9418611389727303,0.058138861027269714
0.9476545263745363,0.05234547362546381
0.93543891161609,0.06456108838390989
0.9342878404339622,0.06571215956603792
0.943594024808676,0.05640597519132397
0.9144213593931824,0.08557864060681764
0.9377496060664288,0.062250393933571166
0.9451475354300283,0.054852464569971816
0.9518987007833618,0.04810129921663817
0.9315113632202685,0.0684886367797315
0.9369102748953569,0.06308972510464314
0.9253942322761066,0.07460576772389342
0.9547193265185607,0.04528067348143928
0.9574221815233075,0.04257781847669258
0.9856304390992326,0.014369560900767415
0.921875591767575,0.07812440823242504
0.950354094029172,0.04964590597082799
0.9507421745621046,0.04925782543789532
0.957160320725929,0.042839679274071035
0.9838595476511692,0.01614045234883077
0.9451066981618862,0.05489330183811386
0.9174593366073264,0.08254066339267367
0.9500322894430112,0.04996771055698888
0.9395865459778675,0.06041345402213248
0.9211347822950715,0.07886521770492853
0.9530654263128754,0.04693457368712468
0.9423786205471173,0.057621379452882704
0.94469842991598,0.05530157008402017
0.9419359638507134,0.05806403614928663
0.8991836642941808,0.10081633570581919
0.9654400604114408,0.034559939588559144
0.9250554375920851,0.07494456240791489
0.9444268615074128,0.05557313849258712
0.9396629693079125,0.06033703069208751
0.9585963166396466,0.04140368336035338
0.9492295567510176,0.050770443248982416
0.9480786743184604,0.05192132568153964
0.9585822757572829,0.041417724242717086
0.9661220274016764,0.03387797259832365
0.9419048046797923,0.058095195320207696
0.9369968580789232,0.0630031419210768
0.9519174568629368,0.04808254313706318
0.9427652679658663,0.05723473203413362
0.9617177646774363,0.038282235322563814
0.9438923087951809,0.056107691204819114
0.9118449465895235,0.08815505341047651
0.9331057367729395,0.06689426322706053
0.9044717599224392,0.0955282400775608
0.944375591728818,0.05562440827118197
0.949223455246379,0.05077654475362115
0.9208044810903379,0.07919551890966216
0.9577950803591636,0.0422049196408364
0.934071240133722,0.06592875986627801
0.9475496755046136,0.052450324495386544
0.9474882770499539,0.05251172295004617
0.9393383775898373,0.06066162241016283
0.9500862824457196,0.049913717554280486
0.9360850914709985,0.06391490852900153
0.9591529916308941,0.040847008369105944
0.9490302456945262,0.05096975430547385
0.9430754341448612,0.056924565855138894
0.9163148645924787,0.08368513540752126
0.9625622668976762,0.03743773310232369
0.9339622939082398,0.0660377060917602
0.9501611909889213,0.04983880901107868
0.9553632122659631,0.044636787734036835
0.9640885782773443,0.03591142172265565
0.943526002293479,0.05647399770652096
0.9444713859540802,0.05552861404591972
0.9485110990314264,0.05148890096857363
0.9531927824094251,0.0468072175905749
0.955954776785121,0.04404522321487909
0.9542289535268959,0.04577104647310414
0.941748523995665,0.058251476004335084
0.9541433248191714,0.045856675180828546
0.9418262719276199,0.05817372807237999
0.9442252321503969,0.05577476784960312
0.9234002326045084,0.07659976739549149
0.9483991743554074,0.05160082564459269
0.9292850677594631,0.07071493224053692
0.944613010848206,0.05538698915179402
0.9452229430126834,0.054777056987316664
0.9314126048737935,0.06858739512620653
0.9042743818922804,0.09572561810771968
0.9694127932685712,0.030587206731428774
0.9327847074754396,0.06721529252456039
0.9502370952833413,0.04976290471665878
0.9439724004325339,0.056027599567466134
0.9444597647351113,0.0555402352648888
0.9196777980983653,0.0803222019016348
0.9577791597322813,0.04222084026771878
0.9228375858361054,0.07716241416389462
0.9238052313997899,0.0761947686002102
0.9495693127688719,0.05043068723112809
0.9380620576040816,0.06193794239591836
0.9265894555923683,0.07341054440763169
0.9241719016406356,0.07582809835936447
0.921241849252914,0.07875815074708598
0.9542439497911775,0.04575605020882253
0.9647936596279004,0.03520634037209965
0.9575995893668259,0.042400410633174054
0.925677726582628,0.07432227341737202
0.9393059900764337,0.06069400992356636
0.9474258717217463,0.05257412827825381
0.9080351123126854,0.09196488768731455
0.9499951781284558,0.050004821871544224
0.9501400079941973,0.0498599920058028
0.9231801090255675,0.07681989097443252
0.9487362322649976,0.05126376773500235
0.9563297143959779,0.0436702856040221
0.9470331015788146,0.052966898421185474
0.9574530744364659,0.042546925563534246
0.9478919168943984,0.05210808310560147
0.9506871682094468,0.04931283179055333
0.9398630234175553,0.06013697658244473
0.9607239279776243,0.03927607202237571
0.9305171139448293,0.06948288605517079
0.950660481710953,0.049339518289047056
0.9261477026541918,0.0738522973458083
0.9599076955774478,0.04009230442255222
0.9179378357328988,0.08206216426710129
0.9420525718750866,0.05794742812491343
0.9580999443359026,0.04190005566409742
0.9214874543424635,0.07851254565753646
0.9594220500129672,0.0405779499870329
0.9434137034076701,0.056586296592329985
0.9602872848771952,0.039712715122804824
0.9272236955964437,0.07277630440355634
0.9396614817678935,0.0603385182321065
0.9675276084408537,0.03247239155914626
0.9506172713916801,0.04938272860832006
0.9421839489687293,0.057816051031270854
0.9669159395957013,0.03308406040429859
0.9386633455525821,0.061336654447417926
0.9407734799732727,0.05922652002672725
0.9222302330680641,0.07776976693193592
0.9621005924461645,0.03789940755383545
0.9576637761233026,0.042336223876697436
0.9389921238255301,0.061007876174470003
0.9174178054387504,0.0825821945612496
0.9224680266534154,0.07753197334658467
0.9419219455653327,0.0580780544346674
0.9904853863902334,0.009514613609766612
0.9504896537062038,0.0495103462937962
0.950277265077468,0.049722734922531965
0.9592377723880449,0.040762227611955235
0.9358597476697559,0.06414025233024417
0.9356371935674672,0.06436280643253275
0.9481712336221365,0.05182876637786358
0.9551457257079615,0.044854274292038476
0.9694905435376568,0.030509456462343168
0.9183507247264237,0.08164927527357639
0.9386110363686225,0.061388963631377455
0.9456380618673008,0.05436193813269923
0.919421187237707,0.08057881276229295
0.9770123753376541,0.022987624662346003
0.9323721692415576,0.06762783075844234
0.9618595497863675,0.038140450213632576
0.930257453468768,0.06974254653123206
0.9367732636170488,0.06322673638295122
0.9434408150543719,0.05655918494562799
0.9295453832131982,0.07045461678680176
0.9615335464827502,0.038466453517249824
0.9593867700993352,0.04061322990066478
0.9440570179005753,0.05594298209942474
0.9171951187274965,0.08280488127250357
0.9534593035964902,0.04654069640350983
0.9260987786335559,0.07390122136644413
0.9625246011580555,0.03747539884194453
0.9399154520890658,0.06008454791093414
0.9085259421657407,0.09147405783425935
0.9245049540572894,0.07549504594271071
0.9337507514733802,0.06624924852661983
0.9246891539013351,0.075310846098665
0.9160045987954767,0.08399540120452337
0.9616146994193618,0.03838530058063824
0.9546203419200879,0.045379658079912136
0.9380767003825607,0.061923299617439156
0.9597549790443466,0.04024502095565345
0.9460246947304235,0.05397530526957645
0.9103448487027441,0.08965515129725594
0.9132864679538393,0.08671353204616078
0.9652969995229951,0.03470300047700493
0.9328497582596743,0.0671502417403256
0.9639571087947573,0.036042891205242775
0.9752087062457168,0.024791293754283288
0.9551508894449211,0.04484911055507874
0.9738555264637233,0.026144473536276743
0.9576525684321057,0.042347431567894396
0.9707699548176623,0.02923004518233776
0.9399397354399746,0.06006026456002544
0.9334176544116086,0.06658234558839139
0.9393115997823975,0.0606884002176024
0.9514669733288686,0.048533026671131387
0.9598429482198648,0.040157051780135115
0.9568893974242122,0.0431106025757879
0.9519854870479516,0.048014512952048435
0.9765317629165198,0.023468237083480246
0.9490779254865924,0.05092207451340762
0.9496298151186097,0.05037018488139029
0.9422783244748584,0.05772167552514157
0.9460549666322924,0.05394503336770764
0.9511190117104306,0.04888098828956944
0.9614497826586812,0.038550217341318756
0.9386576471171332,0.061342352882866734
0.9317159132512803,0.06828408674871966
0.9399859926119611,0.06001400738803888
0.9406175475010157,0.059382452498984384
0.9561202430719496,0.04387975692805028
0.9389592759793728,0.061040724020627234
0.9381344208852211,0.06186557911477886
0.9346967866881434,0.06530321331185669
0.9320922170265823,0.06790778297341778
0.9501751023438234,0.049824897656176675
0.9551297277872502,0.044870272212749765
0.9173790258209055,0.08262097417909466
0.9334973550644952,0.06650264493550485
0.9561037906802548,0.043896209319745194
0.9267001923660775,0.07329980763392252
0.9522300985526033,0.047769901447396734
0.9407986522329664,0.059201347767033626
0.8971358176962372,0.10286418230376275
0.9410360626823834,0.0589639373176166
0.9311134123162261,0.06888658768377383
0.9392953856878417,0.06070461431215837
0.9207557932949829,0.07924420670501717
0.9602273974161213,0.03977260258387867
0.934470073444063,0.06552992655593716
0.9629259627596595,0.0370740372403406
0.9913704049799774,0.008629595020022505
0.9584274177340809,0.041572582265919235
0.9264542317233431,0.07354576827665699
0.9335591092696893,0.06644089073031079
0.9339274799531389,0.06607252004686105
0.9535911720398136,0.04640882796018648
0.965086951604174,0.03491304839582602
0.9511082937093452,0.04889170629065477
0.9436368554913173,0.05636314450868281
0.9574379155689714,0.04256208443102869
0.9505180329795511,0.049481967020448867
0.9783328082562518,0.021667191743748315
0.9763351948131226,0.023664805186877455
0.9628529702168468,0.03714702978315333
0.9342859605207376,0.06571403947926245
0.9533545484487344,0.046645451551265676
0.9439744953620788,0.0560255046379212
0.9646861335532055,0.03531386644679456
0.959175055968545,0.040824944031455014
0.9483712631964849,0.05162873680351511
0.9487854985532302,0.05121450144676983
0.9623636248897075,0.037636375110292636
0.9369596505560936,0.06304034944390637
0.9082151208698788,0.09178487913012122
0.9432847892751762,0.05671521072482382
0.9684879692526999,0.03151203074730014
0.9439769154230426,0.056023084576957496
0.938057250188096,0.06194274981190405
0.9521411597990841,0.04785884020091579
0.9368113641356246,0.06318863586437544
0.9292057331660262,0.0707942668339739
0.9196479237348231,0.0803520762651769
0.9428986355170904,0.057101364482909575
0.9383968313535308,0.06160316864646917
0.9516813040532532,0.04831869594674679
0.9661154797513817,0.03388452024861835
0.9176859751754217,0.08231402482457825
0.9325107258789018,0.06748927412109815
0.9434028129506105,0.05659718704938963
0.9420547926486843,0.05794520735131561
0.915587815494288,0.08441218450571211
0.9602904734733935,0.039709526526606524
0.9559034956967586,0.044096504303241406
0.9374906789147037,0.06250932108529633
0.939844856460866,0.060155143539134
0.9399751753562388,0.06002482464376116
0.9331661144334608,0.06683388556653919
0.9287046856215114,0.07129531437848857
0.9592948630132696,0.040705136986730395
0.9406820219279475,0.05931797807205258
0.9333788754269399,0.06662112457306012
0.9562005151554454,0.043799484844554745
0.9470109529673278,0.05298904703267225
0.9589295777409034,0.041070422259096594
0.9707385471952367,0.02926145280476327
0.9376699170268346,0.06233008297316547
0.9622331620313295,0.03776683796867043
0.9632514826852767,0.036748517314723235
0.9135029382076015,0.08649706179239859
0.9640357607646977,0.03596423923530245
0.9466298120262046,0.05337018797379557
0.9606099141071979,0.03939008589280213
0.9460136498620872,0.05398635013791276
0.9521118625544224,0.04788813744557749
0.9376488621723299,0.06235113782767013
0.9390371421155699,0.06096285788443014
0.9135586072136765,0.08644139278632341
0.9271546371746222,0.07284536282537778
0.9684364684876856,0.03156353151231442
0.9295650594755634,0.07043494052443657
0.9394987910964497,0.060501208903550346
0.950192945705053,0.04980705429494707
0.9369911999756155,0.06300880002438454
0.9133022951128561,0.08669770488714396
0.9700262387882281,0.029973761211771838
0.9540946123857612,0.045905387614238846
0.9136901658603745,0.08630983413962554
0.9877812739630077,0.012218726036992304
0.9470818995453791,0.05291810045462084
0.948124819780074,0.051875180219926
0.9347608931827074,0.0652391068172927
0.9282369835011729,0.07176301649882715
0.9459274144406307,0.05407258555936936
0.9355790230661333,0.06442097693386674
0.9446208873877319,0.05537911261226816
0.9213497298883561,0.07865027011164398
0.9466165532015581,0.05338344679844195
0.956899935988977,0.04310006401102285
0.9403346931437926,0.059665306856207356
0.9364169436557346,0.0635830563442654
0.9280261665117904,0.07197383348820963
0.9468079608220558,0.05319203917794421
0.9422397043818023,0.05776029561819771
0.9481784025230396,0.05182159747696044
0.8989156027775707,0.1010843972224294
0.9279824533997787,0.07201754660022137
0.9262848094105682,0.07371519058943177
0.9590232368067033,0.04097676319329677
0.9440433945372769,0.05595660546272308
0.9353017254042827,0.06469827459571738
0.9612024049935151,0.038797595006485025
0.928976104580172,0.07102389541982808
0.9564379444398796,0.04356205556012034
0.9334060926875635,0.06659390731243663
0.8989396989565864,0.10106030104341358
0.9569265366510207,0.04307346334897927
0.9432656310707442,0.05673436892925572
0.965780995475111,0.0342190045248891
0.9139171850374079,0.0860828149625921
0.9241484631588414,0.07585153684115874
0.941744765082638,0.05825523491736208
0.9249458319745454,0.07505416802545468
0.9416660441990043,0.05833395580099573
0.9412747323447715,0.058725267655228355
0.9618706478410227,0.03812935215897736
0.9442385193810133,0.05576148061898674
0.9376003766546606,0.06239962334533954
0.9611045040534483,0.03889549594655176
0.9457945021058174,0.05420549789418256
0.9281087026594156,0.07189129734058454
0.9566652632919864,0.04333473670801361
0.9493457655439038,0.05065423445609618
0.9286244938684448,0.07137550613155522
0.9598521092433216,0.040147890756678475
0.9135224839834736,0.08647751601652655
0.936371539544831,0.06362846045516911
0.9213420320785555,0.07865796792144453
0.9606989710059393,0.039301028994060794
0.941438314559941,0.05856168544005915
0.9070618962313993,0.09293810376860066
0.9518522700067592,0.04814772999324081
0.9284164704660066,0.07158352953399341
0.9482017305268605,0.05179826947313952
0.9378918149250204,0.06210818507497968
0.9426650124813263,0.05733498751867379
0.9205087161594273,0.07949128384057261
0.9473147672956879,0.05268523270431223
0.9417462543543174,0.05825374564568267
0.9310377537715455,0.0689622462284545
0.9568955030381328,0.04310449696186717
0.9521893118157501,0.04781068818425001
0.9560143064055889,0.04398569359441109
0.9411155616972195,0.05888443830278041
0.935702187695026,0.06429781230497406
0.9485151848957485,0.051484815104251534
0.9449583027034311,0.05504169729656893
0.9125422750521265,0.08745772494787345
0.9586124284271406,0.041387571572859466
0.9555662913748184,0.04443370862518164
0.9523186828143771,0.04768131718562278
0.9138432705134181,0.08615672948658194
0.958560509359749,0.041439490640250966
0.9632913191765582,0.03670868082344193
0.9399896983967191,0.060010301603280955
0.9359711173301806,0.06402888266981947
0.952510535778582,0.047489464221418
0.9224099796235359,0.07759002037646417
0.9526964407007197,0.047303559299280394
0.9585273815747469,0.04147261842525323
0.9535548393086113,0.04644516069138865
0.9579449359227374,0.042055064077262574
0.9410589568283214,0.05894104317167858
0.9538029546249741,0.04619704537502591
0.9340290902822224,0.0659709097177776
0.9361461415875136,0.06385385841248639
0.926080152325552,0.07391984767444804
0.9473063744987854,0.052693625501214605
0.9621008663579248,0.03789913364207516
0.9298338577032155,0.07016614229678461
0.9252357437585549,0.07476425624144516
0.9310649851529803,0.06893501484701978
0.9493681078823949,0.050631892117605166
0.9238038393352132,0.07619616066478689
0.9514549112551995,0.04854508874480045
0.9259026755792499,0.07409732442075012
0.9262496998544996,0.07375030014550049
0.9535392074343902,0.046460792565609615
0.9506289927777062,0.04937100722229392
0.9600077199143138,0.03999228008568617
0.9315567345257333,0.06844326547426681
0.9618137461393093,0.03818625386069079
0.9644112626028672,0.035588737397132725
0.9385692508499099,0.06143074915009012
0.9414854457899773,0.05851455421002265
0.9386520294915272,0.061347970508472856
0.921249647098525,0.07875035290147506
0.9223402703387752,0.07765972966122493
0.9537295549433379,0.0462704450566621
0.919336155895869,0.08066384410413098
0.9342050441937472,0.06579495580625289
0.9613012816026769,0.03869871839732301
0.9602802831569422,0.03971971684305782
0.95296207669743,0.04703792330257004
0.9438062785304294,0.056193721469570614
0.9408279051437904,0.05917209485620963
0.9232864209248401,0.07671357907515992
0.9266026730123678,0.0733973269876322
0.9271037475150212,0.07289625248497879
0.9178124543707774,0.08218754562922252
0.9565015771873362,0.04349842281266389
0.9431984719259463,0.05680152807405363
0.9413706147035728,0.058629385296427326
0.9240280774813041,0.07597192251869596
0.9328226227516214,0.06717737724837865
0.9540365171127198,0.04596348288728032
0.9272751352682008,0.07272486473179914
0.9334734179149742,0.06652658208502588
0.9578523199053567,0.042147680094643376
0.9603232199370356,0.03967678006296442
0.9726923133115432,0.02730768668845695
0.9279501119674444,0.07204988803255558
0.9440305842335398,0.05596941576646014
0.9626870101955352,0.03731298980446494
0.9483678415673336,0.05163215843266652
0.9408512960505131,0.059148703949486986
0.9269750065337268,0.07302499346627324
0.9434566192790471,0.056543380720952864
0.951682294080102,0.048317705919898125
0.9416475826382784,0.05835241736172164
0.9439791630221702,0.05602083697782986
0.9664431030666532,0.03355689693334696
0.9519465507907849,0.048053449209215095
0.9471832878279366,0.05281671217206338
0.9271711727973501,0.07282882720264999
0.9219046691566456,0.07809533084335445
0.9400148678046115,0.05998513219538842
0.9275384506358941,0.07246154936410597
0.9485556712443698,0.05144432875563033
0.9518840784538545,0.04811592154614555
0.9540101850481842,0.045989814951815734
0.9519485878929708,0.048051412107029234
0.9385931415346905,0.061406858465309515
0.9410218097934611,0.058978190206538876
0.945949609287116,0.054050390712884
0.9188298911547838,0.08117010884521611
0.9319593309525298,0.06804066904747023
0.9509041930604247,0.04909580693957526
0.9705358668678976,0.0294641331321024
0.9140024266418513,0.08599757335814873
0.9100333512736779,0.08996664872632214
0.9334060446664587,0.0665939553335413
0.9181376186601953,0.08186238133980475
0.9448823221346029,0.055117677865397216
0.9161621432054188,0.08383785679458114
0.964249403857712,0.0357505961422881
0.9304138665416914,0.06958613345830862
0.9354417849491361,0.06455821505086393
0.9687269887483145,0.03127301125168542
0.9078327950994879,0.0921672049005121
0.9454853844644474,0.05451461553555267
0.9294155583470609,0.07058444165293908
0.8951505427567309,0.10484945724326916
0.9567413262008528,0.043258673799147274
0.9392301049664185,0.06076989503358149
0.927791491755578,0.07220850824442208
0.9591268130108427,0.040873186989157345
0.954773137752197,0.04522686224780311
0.9419377516966361,0.05806224830336385
0.9253640006297337,0.07463599937026627
0.9286660054929647,0.07133399450703522
0.9330899243734004,0.06691007562659967
0.9664594831477709,0.03354051685222912
0.9540976613581038,0.04590233864189617
0.9587139491090039,0.04128605089099613
0.9077728187284894,0.0922271812715106
0.9726436131303265,0.027356386869673503
0.9556744666499867,0.04432553335001336
0.9609856073460656,0.039014392653934346
0.9339129323925832,0.06608706760741678
0.9373542660473784,0.06264573395262174
0.9485360269611453,0.05146397303885477
0.9579672087633807,0.042032791236619356
0.9541696495270735,0.04583035047292656
0.9588620464832528,0.04113795351674717
0.9475132121720398,0.05248678782796018
0.9418018047234553,0.0581981952765447
0.9687052894903435,0.031294710509656445
0.9453085294006917,0.054691470599308345
0.9234032841754634,0.07659671582453662
0.9251968054824139,0.07480319451758613
0.9673871392082266,0.03261286079177336
0.916505370453764,0.08349462954623589
0.933836533892278,0.06616346610772185
0.9336200540524949,0.06637994594750515
0.9504417365493911,0.04955826345060887
0.9445257135117002,0.055474286488299794
0.9232217989201805,0.0767782010798195
0.9435090502238195,0.05649094977618048
0.9211701813134788,0.07882981868652121
0.9320742245568954,0.06792577544310466
0.9356595818032053,0.06434041819679472
0.9423701254435563,0.05762987455644366
0.9605777424063389,0.03942225759366112
0.9510429405182788,0.04895705948172122
0.9443364477656145,0.05566355223438542
0.9560648968339039,0.04393510316609607
0.9656766744526448,0.0343233255473552
0.9579271283950489,0.04207287160495112
0.9598256307185271,0.040174369281472916
0.9109215706356009,0.08907842936439916
0.9584389357022159,0.04156106429778399
0.9231510028696382,0.0768489971303618
0.906424674729577,0.09357532527042307
0.9489220225758089,0.05107797742419102
0.9475604019598404,0.05243959804015958
0.9351170448717646,0.06488295512823547
0.9148360645831762,0.08516393541682384
0.9509239676566111,0.04907603234338895
0.9107702729038132,0.08922972709618678
0.9424378000687655,0.05756219993123446
0.9840254170693699,0.015974582930630102
0.9621551163561336,0.03784488364386638
0.9539424961911561,0.046057503808843894
0.967258784891657,0.03274121510834304
0.9497723095715063,0.05022769042849376
0.950756359603209,0.049243640396791015
0.955729135919577,0.044270864080422995
0.9216160610063334,0.07838393899366655
0.934643551206551,0.06535644879344907
0.9649408001795625,0.035059199820437516
0.9708200792967735,0.0291799207032266
0.954333468227699,0.04566653177230092
0.9260422116949704,0.07395778830502964
0.981604081292295,0.018395918707704916
0.9692930718314828,0.030706928168517243
0.9175655718448642,0.08243442815513591
0.9576190047498337,0.042380995250166247
0.9415650934430665,0.05843490655693359
0.9210710387499931,0.07892896125000695
0.9243268603973581,0.07567313960264192
0.9481482854452871,0.0518517145547129
0.96017537078139,0.03982462921860991
0.944016420406553,0.05598357959344703
0.9212251230309262,0.07877487696907377
0.9518907808928987,0.048109219107101336
0.9536893879900331,0.046310612009966896
0.96270544619249,0.037294553807510025
0.9408590827501274,0.05914091724987267
0.9456700246106269,0.05432997538937305
0.958052773976413,0.041947226023586984
0.9228567935564702,0.07714320644352979
0.9367640172201507,0.06323598277984928
0.9514730017921085,0.04852699820789164
0.9531706082022084,0.046829391797791574
0.9434111545060904,0.0565888454939097
0.9714373651624035,0.028562634837596485
0.9342785815197007,0.06572141848029936
0.9314077132818646,0.06859228671813551
0.9471079255809135,0.05289207441908653
0.9080691738543678,0.09193082614563221
0.936767264493204,0.06323273550679599
0.9418147257821636,0.0581852742178364
0.9078103568294758,0.09218964317052437
0.9261108397408263,0.07388916025917369
0.939036022411744,0.060963977588256044
0.9510955768997913,0.04890442310020876
0.9419898550068639,0.05801014499313607
0.954591137557586,0.04540886244241406
0.9273690497502562,0.07263095024974374
0.9488177837820366,0.05118221621796342
0.9317297903228104,0.06827020967718966
0.9455895642458186,0.054410435754181405
0.9304195076731707,0.0695804923268293
0.9674183250414682,0.032581674958531745
0.911738907140719,0.08826109285928097
0.9410502308300427,0.05894976916995742
0.9694100145086259,0.03058998549137415
0.9506064330579685,0.049393566942031536
0.9576675705983316,0.042332429401668335
0.9213477805705685,0.07865221942943142
0.9451686023826222,0.05483139761737781
0.9700200360385259,0.029979963961474065
0.9766975508294056,0.023302449170594527
0.957921412677302,0.042078587322697966
0.9417125954518843,0.058287404548115644
0.9445872182767578,0.05541278172324221
0.960902097693559,0.03909790230644103
0.9578678181452648,0.04213218185473521
0.9422114147273672,0.057788585272632725
0.9732847329473425,0.02671526705265754
0.9461010847199871,0.053898915280012984
0.9493065100795264,0.05069348992047371
0.9327898955248846,0.06721010447511547
0.9327058472541647,0.06729415274583528
0.9550111062750977,0.044988893724902404
0.9320049467875318,0.06799505321246822
0.9294891224927777,0.07051087750722235
0.9593535204367417,0.040646479563258314
0.9444711091812973,0.055528890818702645
0.9309944723237503,0.06900552767624966
0.9134609071162303,0.08653909288376979
0.9412658546297934,0.0587341453702066
0.9415899205459717,0.05841007945402832
0.9387276553108027,0.06127234468919724
0.9458711181975982,0.054128881802401975
0.948589382422407,0.051410617577593
0.9351351908164057,0.06486480918359423
0.9477102578388579,0.05228974216114223
0.9476577845615582,0.05234221543844186
0.9375574295557332,0.06244257044426686
0.9705582894004365,0.029441710599563464
0.9492738040347197,0.0507261959652804
0.9740570915766709,0.025942908423329067
0.9565715307318301,0.04342846926816984
0.9509172306699656,0.049082769330034366
0.8863370221656068,0.11366297783439314
0.9120121161560213,0.08798788384397874
0.9376550772781849,0.062344922721815056
0.9595966715191582,0.040403328480841855
0.9442180022219863,0.05578199777801376
0.9003901683298102,0.09960983167018984
0.9199617749566122,0.08003822504338771
0.9415260494234596,0.05847395057654039
0.982468840868188,0.01753115913181205
0.9283552072471642,0.07164479275283582
0.9270719825122286,0.0729280174877715
0.9755615112645333,0.02443848873546675
0.9413500780060525,0.05864992199394741
0.9670325344417287,0.03296746555827128
0.9411048415397048,0.05889515846029526
0.9516565558008331,0.048343444199166946
0.9396605958898578,0.06033940411014215
0.91718501866159,0.0828149813384101
0.9564739553495502,0.04352604465044977
0.9405859903246669,0.059414009675333015
0.9579966099904864,0.042003390009513634
0.9405552617802655,0.05944473821973453
0.9513593280799615,0.048640671920038604
0.954131954383027,0.04586804561697302
0.9389862874211203,0.06101371257887967
0.9425368480370852,0.0574631519629149
0.9287599787925871,0.07124002120741292
0.9354495108160356,0.06455048918396442
0.9495186088746593,0.05048139112534071
0.946873329540875,0.053126670459125065
0.9554975901551283,0.0445024098448717
0.9536234660296955,0.0463765339703046
0.9389753183719056,0.061024681628094456
0.9117388679799825,0.08826113202001755
0.9374503848214326,0.06254961517856748
0.9377803042603744,0.062219695739625686
0.912995214249031,0.08700478575096912
0.9497640359497198,0.050235964050280316
0.9266016482742653,0.0733983517257347
0.9119577389223458,0.08804226107765419
0.948325739289327,0.05167426071067304
0.9622695879253553,0.037730412074644615
0.9691190967669164,0.030880903233083637
0.941915040330963,0.05808495966903711
0.8948354960035237,0.10516450399647623
0.9396725318200132,0.06032746817998676
0.9585442637410316,0.041455736258968416
0.9673212623362017,0.03267873766379829
0.9566561586015019,0.04334384139849816
0.9457434639957045,0.054256536004295475
0.9325335469029384,0.06746645309706165
0.9240765336722591,0.07592346632774087
0.9637295013429473,0.0362704986570527
0.9459078938573814,0.054092106142618675
0.9554758032323062,0.04452419676769387
0.9414813364269159,0.05851866357308412
0.9248718814006185,0.07512811859938164
0.9354994145259167,0.06450058547408333
0.9263930613530384,0.0736069386469616
0.9794776808483043,0.020522319151695684
0.9118304828621916,0.08816951713780843
0.9129311341444359,0.08706886585556396
0.9493772350831072,0.050622764916892785
0.9621394072438885,0.03786059275611159
0.9613903753389731,0.038609624661026895
0.9455670560422574,0.05443294395774262
0.9411393628765715,0.058860637123428504
0.9204325611666541,0.07956743883334591
0.9569491300836285,0.04305086991637142
0.9258974443499063,0.07410255565009376
0.9794031620079013,0.020596837992098667
0.9753484945641951,0.024651505435804813
0.9451209908772282,0.0548790091227718
0.9054360372254431,0.09456396277455688
0.9538473346515611,0.04615266534843882
0.8962195449656452,0.10378045503435489
0.9375661116853808,0.06243388831461918
0.9173907473060909,0.08260925269390905
0.957261631746002,0.042738368253997946
0.9390405494352975,0.060959450564702575
0.9563171754817013,0.04368282451829875
0.9568230357523889,0.043176964247611055
0.9486054718231706,0.051394528176829476
0.9601835825556115,0.03981641744438846
0.9273460919950234,0.07265390800497663
0.9332741101819015,0.0667258898180984
0.9177742823509694,0.08222571764903065
0.9397831119347334,0.06021688806526655
0.9212276096062225,0.07877239039377748
0.9333866659744252,0.06661333402557468
0.9535784577036858,0.046421542296314205
0.8988617797955083,0.10113822020449167
0.9577152574628012,0.042284742537198855
0.9434128406260307,0.05658715937396938
0.9591968702486295,0.04080312975137039
0.942778718207004,0.05722128179299606
0.9558185219370824,0.04418147806291753
0.9519767244870205,0.048023275512979566
0.9418556537076974,0.05814434629230268
0.9365727050169552,0.06342729498304486
0.9167313417473926,0.0832686582526074
0.9479484499653892,0.052051550034610865
0.9636430988496194,0.03635690115038052
0.9388034493278544,0.06119655067214561
0.9414490499017355,0.058550950098264505
0.9492614203297799,0.05073857967022019
0.9196926418761342,0.08030735812386589
0.9245593353848724,0.07544066461512754
0.9377190158106504,0.06228098418934947
0.959922290183014,0.04007770981698604
0.9493568111637269,0.05064318883627314
0.9347849682720901,0.06521503172790989
0.9451119305180201,0.05488806948197995
0.9237420061160119,0.07625799388398818
0.9730483329480814,0.026951667051918704
0.9646701735096432,0.0353298264903567
0.9649517782878876,0.03504822171211243
0.9419546982889038,0.05804530171109614
0.9302627960940667,0.06973720390593328
0.9451926992639895,0.05480730073601052
0.9169165071981251,0.08308349280187494
0.9483777274573152,0.05162227254268485
0.9607304613755128,0.03926953862448725
0.9384457806878648,0.06155421931213519
0.9472835895454396,0.05271641045456038
0.938659335216151,0.06134066478384913
0.9625339841376672,0.03746601586233278
0.9358282026406913,0.06417179735930867
0.942939022742774,0.05706097725722612
0.9368608534922264,0.0631391465077736
0.9669494745075546,0.0330505254924453
0.9600115158763897,0.03998848412361036
0.9496491520307846,0.050350847969215365
0.9706350529305099,0.029364947069490135
0.9499726493363768,0.050027350663623175
0.9385230155130923,0.061476984486907825
0.9553341534831767,0.04466584651682335
0.9445660539019693,0.05543394609803072
0.9554273839652963,0.04457261603470378
0.9426377490497376,0.057362250950262365
0.9476014580492256,0.052398541950774445
0.9246628023796686,0.07533719762033145
0.9322889391223965,0.06771106087760345
0.973654157209529,0.02634584279047106
0.9596265961494836,0.04037340385051638
0.9594080122091883,0.04059198779081179
0.9578664472509335,0.042133552749066515
0.9500513927842573,0.04994860721574265
0.9343573892757566,0.06564261072424339
0.9448996734845021,0.05510032651549796
0.9096462174250245,0.09035378257497552
0.9466774361313144,0.05332256386868555
0.9784725240567018,0.02152747594329816
0.955338832727476,0.04466116727252403
0.9428371786799403,0.0571628213200597
0.9493007386487108,0.050699261351289264
0.9178063745097946,0.08219362549020534
0.9354801700521783,0.06451982994782164
0.9667850279891583,0.033214972010841726
0.9418123817259118,0.05818761827408834
0.9135732487272026,0.08642675127279745
0.911091859409787,0.08890814059021308
0.9392696171109155,0.06073038288908448
0.9424780256490582,0.057521974350941744
0.9535160266346568,0.046483973365343254
0.9538887957809729,0.0461112042190271
0.9371291306206272,0.06287086937937288
0.950491620939049,0.049508379060950986
0.9538039893477983,0.046196010652201705
0.9364425950442489,0.06355740495575114
0.9448687607039218,0.05513123929607821
0.9481606293738085,0.05183937062619147
0.9310056099561698,0.06899439004383023
0.9379557999422523,0.062044200057747745
0.9163344448774366,0.08366555512256339
0.9534662068218671,0.04653379317813293
0.9073764715958931,0.09262352840410683
0.9551799178967791,0.044820082103220894
0.9371701026959448,0.0628298973040551
0.9678916644639942,0.032108335536005866
0.9348899211466916,0.06511007885330838
0.9463261954325247,0.05367380456747534
0.9373963326160122,0.06260366738398775
0.9268999587470254,0.07310004125297459
0.9526022664699908,0.04739773353000925
0.9106163616841872,0.08938363831581274
0.9446704202952055,0.05532957970479458
0.916531931721967,0.08346806827803298
0.9092733296471468,0.0907266703528532
0.9235436375002575,0.0764563624997426
0.9401124121106319,0.05988758788936811
0.9278056068718333,0.07219439312816676
0.9549873890455001,0.04501261095449985
0.9681093979518888,0.03189060204811128
0.9573362908224502,0.042663709177549775
0.9461172055980388,0.05388279440196114
0.9246873998640512,0.07531260013594877
0.9357552078483493,0.0642447921516508
0.9476098925748072,0.05239010742519288
0.9023802554704616,0.09761974452953838
0.9397389869090755,0.060261013090924444
0.947265210314981,0.052734789685019004
0.9517186254154296,0.048281374584570394
0.9466069313182418,0.05339306868175822
0.9239009418549615,0.07609905814503845
0.938403295992222,0.061596704007777975
0.9661662991924064,0.03383370080759367
0.9568397767565606,0.04316022324343949
0.9267000351070408,0.07329996489295927
0.9126286089768559,0.0873713910231441
0.9499244410912849,0.05007555890871509
0.9230242065329217,0.07697579346707824
0.9520338306395526,0.04796616936044746
0.9416466481127694,0.05835335188723064
0.9282939830870673,0.07170601691293271
0.9638276770861438,0.036172322913856164
0.9560425980942115,0.04395740190578848
0.9226075874698189,0.07739241253018113
0.9504635089236564,0.049536491076343565
0.9495373551738053,0.05046264482619458
0.9548919634559095,0.045108036544090506
0.9206429570028878,0.07935704299711223
0.9357495840880214,0.0642504159119786
0.9640109829801174,0.035989017019882545
0.9388972335818068,0.06110276641819324
0.9388890656361921,0.06111093436380782
0.9396756395286792,0.060324360471320955
0.9280561890298704,0.07194381097012968
0.94804062715388,0.05195937284612001
0.9425268316409224,0.05747316835907763
0.9579971046482865,0.04200289535171354
0.9575292932747325,0.042470706725267544
0.9310367270575352,0.06896327294246489
0.9207758035361817,0.07922419646381826
0.9517720670105677,0.048227932989432294
0.9185054802100627,0.08149451978993731
0.9429498074532111,0.05705019254678885
0.9548434411377876,0.04515655886221247
0.9381978077578829,0.0618021922421171
0.9665332751303106,0.03346672486968943
0.9523915790896592,0.04760842091034073
0.9520960433432212,0.04790395665677876
0.9481085618114817,0.051891438188518185
0.9195588536528431,0.08044114634715706
0.93283895700607,0.06716104299393012
0.931399662929999,0.06860033707000099
0.9279034881615935,0.0720965118384064
0.9562346608043866,0.043765339195613366
0.946222139944997,0.05377786005500298
0.9173898301863299,0.08261016981367007
0.9617485390858258,0.0382514609141742
0.9408757486292229,0.05912425137077708
0.9332885756061374,0.06671142439386259
0.932762066775309,0.0672379332246909
0.9262464225677064,0.07375357743229367
0.9211490500268229,0.07885094997317717
0.944272096689711,0.055727903310288984
0.9438345713283474,0.05616542867165263
0.9508797105201486,0.04912028947985145
0.9441888918953496,0.05581110810465046
0.920538415350036,0.07946158464996403
0.9507957248844845,0.04920427511551553
0.9153764271022418,0.08462357289775835
0.9565605023884352,0.043439497611564855
0.9584886231610682,0.04151137683893186
0.9558338980149037,0.044166101985096434
0.9475667720707667,0.052433227929233286
0.9596672963036165,0.04033270369638352
0.9579706836613164,0.04202931633868362
0.9205095537280366,0.07949044627196346
0.9534849268134289,0.04651507318657119
0.9309501477431844,0.0690498522568155
0.9113858562953417,0.08861414370465824
0.9627380295569482,0.03726197044305174
0.9599362269855991,0.04006377301440085
0.9445505216574207,0.0554494783425793
0.9369998431231295,0.06300015687687072
0.941297629181364,0.05870237081863606
0.9517008781722136,0.04829912182778645
0.959718302606867,0.040281697393133004
0.9487822763221553,0.05121772367784475
0.9562311093754903,0.043768890624509754
0.9192957884247502,0.08070421157524979
0.9482437369990536,0.05175626300094641
0.9549758861853083,0.0450241138146918
0.9358331010936496,0.06416689890635054
0.9495001085078985,0.05049989149210159
0.9379173602480011,0.06208263975199891
0.9301531770023844,0.06984682299761566
0.933711252509672,0.06628874749032804
0.9729660470251305,0.0270339529748695
0.9422289025934121,0.05777109740658797
0.9717144826894385,0.0282855173105615
0.9179134116215542,0.08208658837844576
0.9267207641697781,0.07327923583022193
0.9296171864229764,0.07038281357702356
0.9421408129523774,0.05785918704762269
0.9258457321356829,0.0741542678643171
0.9529295216551913,0.047070478344808805
0.9541959593521692,0.045804040647830904
0.9571174365326283,0.0428825634673717
0.9400736191586824,0.059926380841317614
0.9359945529593202,0.0640054470406798
0.911956153280889,0.08804384671911113
0.9164422454774811,0.08355775452251893
0.960402345225001,0.03959765477499905
0.9576986583140571,0.04230134168594288
0.9491107404090778,0.05088925959092223
0.8756354510224056,0.12436454897759443
0.9226362265327426,0.07736377346725734
0.9680054097520202,0.031994590247979744
0.9624340959782404,0.03756590402175958
0.9363298329243126,0.06367016707568739
0.9155568982702831,0.08444310172971689
0.9395431663579713,0.0604568336420287
0.9553328945660952,0.044667105433904924
0.9676946960411562,0.03230530395884388
0.9138307085426431,0.0861692914573569
0.9223598222227882,0.07764017777721179
0.9152045909189932,0.08479540908100691
0.9337212215203244,0.06627877847967564
0.9285608568731046,0.07143914312689542
0.9349449764281503,0.06505502357184965
0.9503939484888904,0.04960605151110964
0.9395253883766471,0.06047461162335291
0.9606228175896722,0.03937718241032784
0.9578964938849134,0.04210350611508669
0.9284589442569565,0.07154105574304334
0.9689636929729496,0.03103630702705033
0.9411600164832171,0.058839983516782844
0.9317151962036302,0.06828480379636981
0.9604223761151678,0.039577623884832186
0.9341654735791904,0.06583452642080952
0.9561712218782346,0.043828778121765465
0.9434918544979612,0.056508145502038774
0.9656579295622462,0.03434207043775386
0.9448744747037118,0.05512552529628832
0.9373162070977386,0.0626837929022615
0.9697082323354095,0.03029176766459061
0.9281185980662318,0.07188140193376824
0.9561327064437221,0.043867293556277956
0.907686544472313,0.09231345552768694
0.9397384850155311,0.0602615149844689
0.9200178586893233,0.07998214131067675
0.9512203597860966,0.04877964021390337
0.9369596191923608,0.0630403808076391
0.9204457724410491,0.07955422755895102
0.9224878809036735,0.07751211909632662
0.9585710278190752,0.0414289721809248
0.9474158368949791,0.052584163105020884
0.9426447645372341,0.05735523546276595
0.9456021038371031,0.05439789616289697
0.9168748739159798,0.08312512608402028
0.9609313181714766,0.03906868182852341
0.9423844866072879,0.05761551339271216
0.9377437115657792,0.06225628843422068
0.9604078971633113,0.03959210283668868
0.9450596295211562,0.054940370478843835
0.9623465597584636,0.037653440241536516
0.9801337975882405,0.01986620241175955
0.9597738704584842,0.04022612954151577
0.9819741190285702,0.018025880971429813
0.9491001131054194,0.05089988689458059
0.9236236933290384,0.07637630667096165
0.9656744668931622,0.03432553310683775
0.9348748243455347,0.06512517565446538
0.9012452938830106,0.09875470611698949
0.9754755203658502,0.0245244796341499
0.9620303841038946,0.03796961589610537
0.941306855209935,0.05869314479006512
0.9151463030962395,0.0848536969037607
0.9296806393131561,0.07031936068684383
0.9393067801283562,0.06069321987164369
0.9498165530147978,0.05018344698520214
0.9465165313710577,0.053483468628942196
0.9341216178396408,0.06587838216035917
0.9402477717363913,0.05975222826360872
0.9557798724248953,0.0442201275751048
0.9476187782281027,0.0523812217718973
0.9515307682948538,0.048469231705146214
0.9496443992703875,0.05035560072961256
0.9517615477436429,0.04823845225635716
0.8796733944925375,0.12032660550746258
0.9458454669547088,0.05415453304529125
0.9606401243587914,0.03935987564120859
0.9414535235757195,0.05854647642428058
0.9518544777703419,0.04814552222965811
0.9494323299316352,0.050567670068364816
0.9640492917681985,0.035950708231801506
0.9635314726524845,0.036468527347515524
0.9297918657454609,0.0702081342545391
0.9184366518807985,0.08156334811920164
0.969103299482221,0.030896700517779076
0.9487847686703668,0.051215231329633217
0.937042831783711,0.06295716821628901
0.9569889388536325,0.043011061146367616
0.9526941084672502,0.04730589153274976
0.9597583779287333,0.04024162207126673
0.9570824603334455,0.042917539666554504
0.9685979626453137,0.03140203735468633
0.9577307744667567,0.04226922553324333
0.961089850012622,0.038910149987377934
0.9506441863132292,0.04935581368677069
0.9328925664220568,0.06710743357794326
0.9600263758546486,0.03997362414535144
0.9551137878669286,0.04488621213307152
0.9267072506577289,0.07329274934227105
0.9723213644758039,0.02767863552419607
0.9507622020523736,0.04923779794762635
0.9412439351483457,0.058756064851654306
0.9554050189020432,0.0445949810979568
0.9195222911794677,0.08047770882053232
0.9690593085279984,0.03094069147200162
0.954670700191003,0.045329299808997026
0.9276574239852495,0.07234257601475055
0.9559997083581189,0.04400029164188123
0.9102421649158793,0.08975783508412073
0.9506323289350918,0.04936767106490824
0.9218214472976948,0.07817855270230523
0.9601443781974475,0.039855621802552574
0.947215743876363,0.052784256123637
0.9322252062689702,0.06777479373102982
0.9232503970512292,0.07674960294877074
0.9546383452288256,0.04536165477117438
0.956511105889456,0.04348889411054413
0.9702222811041931,0.029777718895806986
0.960533754960066,0.03946624503993408
0.8992961835121289,0.10070381648787106
0.9523273488811914,0.047672651118808515
0.9221431406183562,0.07785685938164381
0.9360886411939521,0.06391135880604801
0.9601979549671148,0.03980204503288519
0.9485480428429104,0.05145195715708966
0.9247212748380215,0.07527872516197867
0.9387438011220276,0.061256198877972484
0.9248464573114674,0.07515354268853265
0.9246500820721111,0.07534991792788899
0.930521813399639,0.06947818660036102
0.933182864733779,0.06681713526622104
0.927161280757099,0.07283871924290103
0.9301667719617165,0.06983322803828358
0.9540677734681625,0.045932226531837435
0.9409567858039751,0.05904321419602503
0.9401835325612439,0.05981646743875616
0.943776781746015,0.05622321825398514
0.9465269179757692,0.05347308202423092
0.9417095482689942,0.05829045173100575
0.9402764551765619,0.05972354482343814
0.9371492903652621,0.06285070963473792
0.9420251306459839,0.057974869354016106
0.9273986220313427,0.07260137796865726
0.9539597120669705,0.04604028793302938
0.9163353621966972,0.08366463780330274
0.9489032827851889,0.051096717214811085
0.9466286222565442,0.05337137774345579
0.9782677018650673,0.021732298134932784
0.9298892272863606,0.07011077271363944
0.9565423977447376,0.04345760225526247
0.9323187834804786,0.06768121651952143
0.9556968051549325,0.044303194845067576
0.9557197088363336,0.0442802911636664
0.9582254017022035,0.04177459829779657
0.9241571680003118,0.07584283199968814
0.9448159136096613,0.05518408639033869
0.9210372508137448,0.07896274918625519
0.9188145090424316,0.08118549095756845
0.9550621824743141,0.04493781752568591
0.9592142061193288,0.040785793880671176
0.9370651930908969,0.06293480690910305
0.9327286470528227,0.0672713529471773
0.916982797750098,0.08301720224990201
0.9275564865927353,0.07244351340726472
0.965460650176606,0.034539349823393975
0.9548765308298093,0.04512346917019078
0.9435792825786837,0.05642071742131629
0.9076206465124794,0.09237935348752059
0.9616096273331827,0.038390372666817364
0.9719511884199841,0.028048811580015976
0.9417602013243557,0.058239798675644466
0.9402634026873069,0.05973659731269307
0.9173695103033157,0.0826304896966844
0.953148712015316,0.04685128798468384
0.9514365444831236,0.048563455516876436
0.9482336267958409,0.0517663732041591
0.9349053921887516,0.06509460781124844
0.9173578602454255,0.08264213975457445
0.9505155526364866,0.04948444736351347
0.9267071423688124,0.0732928576311876
0.9178031957925334,0.08219680420746658
0.9327972952553136,0.06720270474468627
0.9558851754675953,0.04411482453240467
0.926363781855407,0.07363621814459304
0.9597135580938982,0.04028644190610176
0.9298899712657253,0.07011002873427469
0.9459944421488953,0.0540055578511048
0.9325096630753977,0.06749033692460231
0.951974512500405,0.04802548749959495
0.940852537188297,0.05914746281170308
0.92107859737726,0.07892140262273993
0.9361712047030256,0.06382879529697437
0.9438684751195139,0.056131524880486054
0.9628858856077261,0.03711411439227376
0.9580743330494652,0.0419256669505348
0.94653443745228,0.053465562547719926
0.9498166911141689,0.05018330888583115
0.9066345229545067,0.09336547704549318
0.9114218784343036,0.08857812156569635
0.9223948931751892,0.07760510682481085
0.9484114943425797,0.051588505657420326
0.9209340383870782,0.07906596161292177
0.9593987676436345,0.04060123235636547
0.9789775323493394,0.021022467650660653
0.939156549461206,0.06084345053879402
0.924269242042526,0.07573075795747403
0.9472999761215671,0.0527000238784329
0.941126646241717,0.05887335375828302
0.9508545317292451,0.04914546827075503
0.9293732968389299,0.07062670316107018
0.9578029474573323,0.04219705254266768
0.9466970528340936,0.0533029471659065
0.9269306100329202,0.07306938996707978
0.9263297838176684,0.07367021618233159
0.9457758519511664,0.054224148048833576
0.9273403178934306,0.07265968210656935
0.9347766560423668,0.06522334395763316
0.9408575871300479,0.059142412869952164
0.9568523336807929,0.04314766631920701
0.9092159764984322,0.09078402350156785
0.935258269719519,0.064741730280481
0.9550371373292186,0.04496286267078146
0.9207359650849848,0.07926403491501534
0.9479123832232569,0.05208761677674308
0.9804764039330126,0.01952359606698737
0.9461921293700997,0.05380787062990036
0.9346121827222156,0.06538781727778438
0.9438803557232734,0.05611964427672662
0.9273788667887415,0.0726211332112586
0.9341722796714844,0.06582772032851572
0.941894060948129,0.05810593905187105
0.9352452989587875,0.06475470104121245
0.9485723631048232,0.05142763689517675
0.9286070371476254,0.07139296285237454
0.9350527548585921,0.06494724514140796
0.8868024824747752,0.11319751752522479
0.9308205843763455,0.06917941562365444
0.9349299655627882,0.06507003443721178
0.9562554597216829,0.04374454027831715
0.9115762303450985,0.08842376965490159
0.9308135834060454,0.06918641659395472
0.9353999162301269,0.06460008376987324
0.9349060005849901,0.06509399941501
0.9411583758327571,0.058841624167242916
0.9472180038571951,0.052781996142804904
0.9491855136213371,0.050814486378662975
0.9218615590511408,0.07813844094885924
0.9464742747093411,0.053525725290659014
0.9447737940372118,0.05522620596278821
0.9549144904096042,0.045085509590395784
0.9401577270444912,0.059842272955508896
0.9137138746585134,0.0862861253414867
0.95686515860394,0.04313484139606011
0.9639179303492882,0.03608206965071181
0.9297225862191136,0.07027741378088632
0.9498745829476226,0.05012541705237746
0.9769110277619706,0.023088972238029366
0.9478166772291012,0.05218332277089882
0.9490855335945703,0.05091446640542974
0.9723284056833594,0.027671594316640628
0.9443007362545337,0.05569926374546635
0.9549141087550088,0.04508589124499126
0.9325758088368401,0.0674241911631599
0.9660503346900734,0.03394966530992659
0.9113348454159524,0.08866515458404757
0.936010109340945,0.06398989065905498
0.9427537946698507,0.05724620533014936
0.9508952645303753,0.04910473546962466
0.9482466408419391,0.051753359158061
0.9577211832870379,0.042278816712962124
0.9654028119522065,0.03459718804779359
0.9480744873181819,0.051925512681818164
0.9619357179662654,0.038064282033734555
0.9474882949310628,0.05251170506893706
0.9502118420969747,0.049788157903025265
0.9181965614570442,0.08180343854295577
0.944383293580304,0.05561670641969603
0.9355141816118301,0.06448581838816994
0.9489139095939668,0.05108609040603316
0.9666360526519048,0.03336394734809529
0.9656019519292025,0.034398048070797486
0.9462233661700734,0.053776633829926604
0.9092755052370575,0.09072449476294253
0.9282426425026672,0.07175735749733278
0.9611589099216347,0.038841090078365434
0.9457222555224729,0.05427774447752712
0.9561939231319483,0.043806076868051734
0.9390629450622338,0.06093705493776637
0.9499440001104638,0.0500559998895361
0.9597864968885521,0.040213503111447946
0.9341992189224866,0.0658007810775134
0.9452746233916832,0.05472537660831686
0.9510004179467181,0.04899958205328181
0.9405861200737502,0.05941387992624984
0.9470495265090473,0.05295047349095267
0.9423523753088283,0.05764762469117167
0.9617082744768515,0.03829172552314851
0.9640318762525645,0.03596812374743546
0.9539748846467057,0.04602511535329436
0.9051274620937724,0.09487253790622768
0.9489552097340795,0.05104479026592051
0.9372304602877451,0.06276953971225488
0.9280907039395171,0.07190929606048295
0.9339529263189215,0.0660470736810785
0.9487892810621273,0.05121071893787263
0.9580808532585864,0.0419191467414136
0.9499160038597242,0.05008399614027589
0.9448643415783713,0.055135658421628736
0.9696655508739754,0.030334449126024555
0.95114965408549,0.04885034591450999
0.9614075528001581,0.03859244719984195
0.9734180126869948,0.026581987313005283
0.932417849341873,0.06758215065812712
0.931901812144364,0.06809818785563605
0.9426460217116724,0.0573539782883276
0.9294121839156717,0.07058781608432828
0.9296640122018589,0.07033598779814115
0.9315824740542995,0.06841752594570054
0.9288782131322451,0.07112178686775497
0.9088268308948789,0.09117316910512116
0.9489975674603034,0.05100243253969656
0.9554885342885983,0.04451146571140176
0.9490243393641073,0.050975660635892615
0.937264037567669,0.06273596243233098
0.8869577743600501,0.11304222563995002
0.9419232698659976,0.05807673013400237
0.9367635041103687,0.06323649588963123
0.9551661945967248,0.04483380540327521
0.9466958586472493,0.05330414135275082
0.9742568920517342,0.025743107948265846
0.9558688843689115,0.04413111563108859
0.9306982485903175,0.06930175140968262
0.9714712259120544,0.028528774087945658
0.9347316822631796,0.06526831773682047
0.9279212595669349,0.072078740433065
0.9659182424052203,0.03408175759477971
0.9399363607066302,0.06006363929336989
0.9326748589100997,0.06732514108990018
0.9601715352097271,0.03982846479027301
0.9592217590527818,0.040778240947218256
0.916066194408463,0.08393380559153701
0.9687580190553725,0.03124198094462751
0.9165658823608609,0.08343411763913913
0.9795657551139819,0.020434244886018155
0.9267017516150292,0.07329824838497083
0.9733638320135802,0.026636167986419764
0.9546247804210706,0.04537521957892952
0.947991920729513,0.05200807927048711
0.9221613686819754,0.07783863131802464
0.9765523345315269,0.023447665468473163
0.9404660508293091,0.05953394917069093
0.9644360914543034,0.035563908545696556
0.9162899819859075,0.08371001801409247
0.9365130844323633,0.06348691556763679
0.9582971505675548,0.041702849432445184
0.9304165693560501,0.06958343064394996
0.9455395999420465,0.05446040005795361
0.976080796613805,0.023919203386195
0.9207078588081673,0.0792921411918327
0.9517949690803065,0.04820503091969363
0.9320685597518198,0.06793144024818024
0.9344645035678569,0.06553549643214315
0.9472096415093111,0.05279035849068892
0.958502964766454,0.04149703523354596
0.9236265159601814,0.07637348403981856
0.9412957612775033,0.05870423872249676
0.943686634701347,0.05631336529865307
0.9572206177810091,0.04277938221899097
0.9306727866675095,0.06932721333249041
0.9543461855708559,0.04565381442914418
0.9594571233304101,0.04054287666958986
0.9573458178143113,0.04265418218568859
0.9114181876147718,0.0885818123852282
0.9455801863145368,0.05441981368546325
0.9583922040841824,0.04160779591581768
0.9465110295451684,0.05348897045483165
0.9366306250625722,0.06336937493742786
0.972024708820076,0.027975291179924054
0.9517345814360499,0.048265418563949995
0.9634128645739947,0.03658713542600541
0.9662324184492497,0.033767581550750395
0.9393969050710859,0.060603094928914227
0.9217692457894621,0.078230754210538
0.9634658474366021,0.03653415256339789
0.9379944166666843,0.06200558333331576
0.9364216129230933,0.06357838707690668
0.9365324854162554,0.06346751458374453
0.9231688138288348,0.07683118617116516
0.931968023697484,0.06803197630251605
0.9512111563007664,0.04878884369923358
0.9713718984884272,0.028628101511572867
0.9453928541088609,0.05460714589113924
0.9530245160360119,0.046975483963988054
0.959498948006561,0.04050105199343898
0.9496202220894824,0.05037977791051765
0.9269035860590938,0.07309641394090614
0.9641211565082977,0.03587884349170241
0.9641726060944376,0.03582739390556245
0.9618538035453369,0.038146196454663175
0.9665572062241097,0.033442793775890364
0.9317564430045151,0.06824355699548501
0.9497680027945796,0.050231997205420334
0.9400545537786043,0.059945446221395804
0.9641113118138854,0.03588868818611464
0.9428810400484917,0.05711895995150822
0.9503816742002279,0.04961832579977208
0.9561545783249933,0.043845421675006754
0.9634323615903654,0.03656763840963462
0.9503019793741634,0.049698020625836614
0.9406647520050943,0.05933524799490574
0.9405346701713191,0.05946532982868105
0.9386781493208748,0.06132185067912527
0.9462224499041416,0.05377755009585846
0.965495873343739,0.034504126656260986
0.9108166308109956,0.0891833691890044
0.9183432565452859,0.08165674345471402
0.9165429700177112,0.08345702998228882
0.9332546965906169,0.06674530340938312
0.9461857037927582,0.053814296207241714
0.9646283033166528,0.035371696683347206
0.935926601034802,0.06407339896519809
0.937677139494196,0.062322860505804045
0.9771567934010594,0.02284320659894063
0.9408728688908969,0.05912713110910308
0.9218995090256449,0.0781004909743551
0.9391565197964256,0.06084348020357441
0.9326011389397214,0.0673988610602786
0.928282753669348,0.07171724633065207
0.912223877551774,0.08777612244822595
0.9509033059091845,0.04909669409081556
0.9674478930830807,0.032552106916919454
0.9723218153459098,0.027678184654090235
0.9144625368921334,0.08553746310786665
0.9533166421124477,0.04668335788755237
0.9420757439994153,0.05792425600058469
0.9670260508153272,0.03297394918467285
0.975655989389773,0.02434401061022694
0.9186183623475,0.08138163765249984
0.9552707608105331,0.04472923918946701
0.9476130427144133,0.05238695728558682
0.9513856932652945,0.04861430673470548
0.8959700626121275,0.1040299373878726
0.9399967429225234,0.060003257077476585
0.9589919174176761,0.04100808258232387
0.9528448220952067,0.047155177904793316
0.9305327823490461,0.06946721765095382
0.9597136725532389,0.04028632744676122
0.9412745592558666,0.05872544074413358
0.9266180246136317,0.07338197538636827
0.9575901838201734,0.042409816179826684
0.958796190784099,0.04120380921590112
0.9595830535210352,0.040416946478964794
0.935080919303804,0.06491908069619602
0.9660950546440085,0.03390494535599148
0.9559515012409298,0.044048498759070284
0.9558822854953171,0.044117714504683096
0.9335404132944275,0.06645958670557257
0.958169827201122,0.04183017279887802
0.9309644857222749,0.06903551427772514
0.9523153587801925,0.047684641219807505
0.9337575282759046,0.06624247172409538
0.9699815116305721,0.030018488369427894
0.9381595313110732,0.061840468688926925
0.9605897437629642,0.03941025623703566
0.9327926435495827,0.06720735645041732
0.9439846607703867,0.05601533922961335
0.9227916925724161,0.07720830742758389
0.9484594867376163,0.05154051326238368
0.9542952501855442,0.04570474981445584
0.9087098000757374,0.09129019992426259
0.9639763720115383,0.03602362798846172
0.9543910662707354,0.045608933729264535
0.8955773125837687,0.10442268741623123
0.9700718490729001,0.029928150927099943
0.904389314811852,0.09561068518814796
0.9488248099685337,0.0511751900314664
0.952640270845658,0.0473597291543419
0.9312296825972514,0.06877031740274857
0.9565786620795452,0.04342133792045476
0.956796537830322,0.04320346216967791
0.9268887886533308,0.07311121134666927
0.9757437616363155,0.024256238363684575
0.9428634135743492,0.057136586425650754
0.9203820607086685,0.07961793929133155
0.932750895400888,0.06724910459911213
0.9449618471028464,0.055038152897153594
0.9498279762180926,0.050172023781907445
0.9380408637410975,0.06195913625890244
0.9252770945951505,0.07472290540484955
0.9457367066060862,0.05426329339391378
0.9468518114190986,0.05314818858090136
0.9425039375028686,0.057496062497131455
0.953964423397978,0.04603557660202193
0.943229003936332,0.05677099606366805
0.9365750665125413,0.06342493348745881
0.9680789016539165,0.03192109834608351
0.9432140405002507,0.0567859594997493
0.9404523361164421,0.05954766388355796
0.9455635330501234,0.05443646694987659
0.9493229831222375,0.050677016877762555
0.9167048636089099,0.08329513639109007
0.9243213165811021,0.0756786834188979
0.9363691844191938,0.06363081558080623
0.930020400097059,0.06997959990294109
0.9660558596721042,0.0339441403278959
0.9330919468357647,0.06690805316423536
0.9385987378384715,0.06140126216152851
0.9297327914868387,0.07026720851316128
0.9271802065907403,0.07281979340925968
0.9376539996041751,0.062346000395824844
0.9425442989247801,0.05745570107521984
0.9315147474324281,0.06848525256757185
0.9558218329083348,0.044178167091665305
0.9241739419249951,0.07582605807500485
0.931244880793034,0.06875511920696596
0.9217657391430563,0.07823426085694368
0.9393451109500855,0.06065488904991441
0.9419343203596603,0.058065679640339686
0.9265938060305713,0.07340619396942875
0.9573148393686003,0.042685160631399835
0.9551808762891593,0.044819123710840805
0.9323637644378686,0.0676362355621313
0.9526622093065643,0.0473377906934357
0.9268864612940833,0.07311353870591682
0.9301899649683163,0.06981003503168365
0.949790034838124,0.05020996516187602
0.9228812220422344,0.07711877795776567
0.9433775850770661,0.05662241492293385
0.9332435812279704,0.06675641877202969
0.9231339356051536,0.0768660643948465
0.9111192909331343,0.08888070906686568
0.954490772981578,0.04550922701842201
0.9524914521570575,0.047508547842942415
0.9411442472921648,0.058855752707835204
0.9658536986646639,0.034146301335336214
0.9397777509777568,0.06022224902224313
0.9295223300818707,0.07047766991812944
0.960127061771733,0.03987293822826691
0.9649039924733981,0.03509600752660193
0.9231683913015317,0.07683160869846822
0.9294800778389878,0.0705199221610122
0.9371029420340989,0.06289705796590112
0.9282331384540317,0.07176686154596851
0.9413153461264908,0.05868465387350916
0.9277353613763124,0.07226463862368768
0.9531104131863259,0.046889586813674014
0.8841358439856482,0.11586415601435196
0.9468277747690259,0.053172225230974146
0.9660483825764646,0.033951617423535335
0.9415219323609682,0.058478067639031905
0.920303159195159,0.07969684080484098
0.954989718579558,0.04501028142044209
0.9784635382067454,0.02153646179325474
0.9646894739261374,0.03531052607386265
0.9500246106744116,0.049975389325588405
0.9494623631314694,0.050537636868530716
0.9449936232778154,0.055006376722184565
0.9416860884746032,0.05831391152539677
0.9267959623294508,0.07320403767054927
0.9616370443208269,0.03836295567917307
0.9499970311064915,0.05000296889350845
0.9105862528135371,0.08941374718646287
0.9575700506457364,0.042429949354263655
0.9359521277778629,0.06404787222213709
0.9315210691885842,0.06847893081141572
0.9252300908083115,0.07476990919168847
0.9488021257401017,0.051197874259898274
0.9335132039657256,0.06648679603427436
0.9407630401643957,0.05923695983560427
0.9445015294029642,0.05549847059703582
0.9436154265185553,0.05638457348144467
0.949615112811432,0.050384887188567984
0.956744186039583,0.043255813960417035
0.9595740484667773,0.04042595153322266
0.9478400575190816,0.05215994248091846
0.9709607081816414,0.02903929181835864
0.9674619990967903,0.03253800090320974
0.9543726978061587,0.045627302193841264
0.9209726324465072,0.07902736755349293
0.9511068498515333,0.048893150148466756
0.9468335731421555,0.05316642685784454
0.9523494702826554,0.047650529717344715
0.9699066538711792,0.03009334612882081
0.9456110541860085,0.05438894581399143
0.9362478566479288,0.0637521433520712
0.9576904924585408,0.04230950754145926
0.9452353519864888,0.05476464801351121
0.9576150077662774,0.042384992233722774
0.9537766512668491,0.04622334873315092
0.9631384083617828,0.03686159163821719
0.9726666824894641,0.02733331751053599
0.9360795230106345,0.06392047698936551
0.9297798076768471,0.07022019232315296
0.9423492714481463,0.057650728551853735
0.9440907922114993,0.055909207788500725
0.9858307464590451,0.014169253540954944
0.9054318164490228,0.09456818355097732
0.9493823016208698,0.05061769837913026
0.9372013155465501,0.06279868445344988
0.9252229011560577,0.07477709884394242
0.9580967688190056,0.0419032311809944
0.946299751272597,0.05370024872740294
0.9577160157813898,0.042283984218610265
0.9417883457062005,0.05821165429379951
0.9785962233160349,0.021403776683965064
0.9386472687810582,0.06135273121894182
0.9403870078052464,0.05961299219475356
0.9561873724061336,0.043812627593866386
0.9289000832154354,0.07109991678456469
0.9354773131387111,0.0645226868612889
0.950789633896617,0.049210366103383134
0.9272932806138694,0.07270671938613076
0.9284309938565694,0.07156900614343063
0.9402594459097813,0.05974055409021869
0.9435209049959116,0.05647909500408853
0.9493900267886467,0.05060997321135329
0.9400572643707387,0.05994273562926128
0.9349973091170063,0.06500269088299375
0.9525137237626963,0.04748627623730374
0.928923889264875,0.07107611073512488
0.937373393331269,0.06262660666873095
0.9644700799235733,0.03552992007642676
0.9224098582592187,0.07759014174078131
0.9434776094235806,0.05652239057641939
0.9394581619168303,0.06054183808316959
0.9497973954022704,0.05020260459772967
0.9549431814571785,0.045056818542821564
0.8895998330166668,0.11040016698333327
0.9419945566190056,0.058005443380994476
0.9538080358671935,0.04619196413280646
0.9121403834423412,0.0878596165576589
0.9552518478244508,0.044748152175549116
0.9473857237376205,0.05261427626237947
0.9584839238782591,0.04151607612174087
0.9346293207431116,0.06537067925688851
0.9396355540252499,0.06036444597475013
0.9327456859670965,0.06725431403290362
0.9620683512614208,0.03793164873857922
0.9616276676484077,0.03837233235159237
0.9594258646707569,0.0405741353292432
0.946768841549862,0.05323115845013803
0.9078618553972705,0.09213814460272951
0.9230466424435614,0.07695335755643862
0.9210109012110852,0.07898909878891483
0.9535711384500971,0.04642886154990288
0.9628218901909744,0.037178109809025625
0.9609509020695451,0.03904909793045486
0.9283293870117052,0.07167061298829489
0.9722802042081025,0.027719795791897508
0.9610948521714557,0.03890514782854435
0.9587389846093339,0.04126101539066607
0.9717533131715154,0.028246686828484607
0.9323741359640053,0.06762586403599467
0.9535937146871164,0.04640628531288362
0.9572560075891997,0.042743992410800305
0.9596546133971838,0.040345386602816315
0.9532245468452337,0.04677545315476619
0.9370243296800158,0.06297567031998424
0.9597730542794553,0.04022694572054478
0.9535970698015248,0.046402930198475086
0.9502674162621523,0.04973258373784777
0.9537969830621018,0.046203016937898155
0.9700388663439746,0.02996113365602531
0.9458340156330921,0.054165984366907984
0.9332595333262478,0.0667404666737522
0.9319061921309524,0.06809380786904755
0.9516222544566669,0.048377745543333156
0.9755205330768623,0.024479466923137818
0.9702019767260307,0.029798023273969285
0.9596481812487947,0.04035181875120533
0.9143765908802384,0.08562340911976163
0.9080809630529014,0.09191903694709863
0.9109330612991153,0.0890669387008847
0.9270922701603672,0.07290772983963285
0.9340607475510698,0.0659392524489302
0.9214627030398468,0.07853729696015327
0.9538331460905717,0.04616685390942839
0.9176206220511461,0.08237937794885392
0.9485156563976277,0.051484343602372314
0.951305603214609,0.04869439678539099
0.9600780105419271,0.039921989458072946
0.9506634913043461,0.04933650869565394
0.9213415048861188,0.0786584951138813
0.9225549076103136,0.07744509238968647
0.9247261641507494,0.07527383584925064
0.9214954613353283,0.07850453866467164
0.9740235334034417,0.025976466596558282
0.9613441071463842,0.03865589285361571
0.928445320039414,0.07155467996058604
0.9244046187829146,0.07559538121708541
0.9386363223021115,0.06136367769788849
0.9537486400443426,0.04625135995565744
0.9210201848963198,0.07897981510368028
0.9664327445939648,0.03356725540603526
0.9268035227974556,0.07319647720254452
0.9467334588366048,0.053266541163395305
0.980378678601394,0.019621321398605954
0.9485313922709464,0.05146860772905368
0.9292293409539553,0.07077065904604471
0.9587257834469478,0.04127421655305207
0.9575169031361233,0.04248309686387674
0.9558383543990067,0.04416164560099333
0.9126797984267915,0.08732020157320854
0.9232793250955029,0.07672067490449706
0.932648405843457,0.06735159415654299
0.9209001615444679,0.07909983845553219
0.9491676407010994,0.050832359298900634
0.9456293556588619,0.05437064434113811
0.950099319629115,0.04990068037088508
0.9169221062786547,0.08307789372134539
0.9362893967681397,0.0637106032318604
0.938714680055256,0.06128531994474392
0.9219325387924484,0.07806746120755165
0.926922290023726,0.073077709976274
0.955568667717543,0.04443133228245692
0.9567932118562006,0.043206788143799524
0.9493441839221985,0.05065581607780149
0.9454991749578587,0.05450082504214112
0.9338126775868951,0.06618732241310481
0.9493422423299304,0.05065775767006974
0.9321662442537445,0.06783375574625551
0.9068817142150994,0.09311828578490063
0.9623572375174964,0.03764276248250356
0.9572331925297763,0.04276680747022369
0.9575934316882244,0.04240656831177564
0.9765751659951996,0.02342483400480047
0.9480585469638276,0.05194145303617233
0.9732155948391409,0.026784405160859184
0.9028544503969843,0.0971455496030157
0.9590365317933679,0.04096346820663215
0.9153201999620918,0.08467980003790812
0.9370786916189768,0.06292130838102314
0.9356330233944858,0.06436697660551423
0.9502451673140963,0.04975483268590377
0.9193512042949735,0.08064879570502653
0.9355827596033711,0.06441724039662891
0.9610564917232843,0.03894350827671571
0.943284329085133,0.05671567091486712
0.9240782674504479,0.07592173254955221
0.9544736078113093,0.04552639218869077
0.906771817727873,0.09322818227212695
0.9396630763997497,0.06033692360025028
0.9182277904974138,0.08177220950258628
0.911259997282148,0.08874000271785197
0.9572909764871164,0.04270902351288363
0.9486872934789606,0.051312706521039475
0.9778586885542355,0.022141311445764422
0.9347931666380584,0.0652068333619415
0.9318718693487674,0.06812813065123255
0.9308158591070945,0.06918414089290549
0.9775877128227203,0.022412287177279687
0.962548367384006,0.03745163261599396
0.9179907544404842,0.08200924555951582
0.9480750123871347,0.05192498761286531
0.9647773689207805,0.03522263107921966
0.9442763405699053,0.05572365943009466
0.9355853169606092,0.06441468303939077
0.9450928957681813,0.05490710423181876
0.968608205456238,0.03139179454376201
0.9536561025663469,0.04634389743365317
0.9471750321480827,0.052824967851917294
0.9347938940910601,0.06520610590894002
0.966533049631971,0.0334669503680291
0.9650690695994174,0.03493093040058262
0.9738636954967044,0.026136304503295595
0.9746108837315708,0.02538911626842922
0.9435276927043534,0.05647230729564656
0.9190985157224139,0.08090148427758613
0.9424676787169869,0.05753232128301312
0.9314500082078581,0.06854999179214193
0.956349559167549,0.0436504408324509
0.9352981634200774,0.06470183657992253
0.940904557917471,0.05909544208252909
0.9258252860196213,0.07417471398037866
0.9135598298896984,0.08644017011030161
0.9401017519441087,0.05989824805589136
0.9053467665611297,0.09465323343887035
0.9278041070342568,0.07219589296574337
0.9532300270319815,0.04676997296801851
0.9242352381485479,0.07576476185145217
0.9168647404433252,0.0831352595566748
0.9668079613132695,0.03319203868673053
0.9580851909511781,0.04191480904882192
0.9416356184614983,0.058364381538501764
0.9672911154217378,0.03270888457826225
0.9145683920074261,0.0854316079925739
0.9511891642078724,0.04881083579212757
0.9630670117594113,0.03693298824058859
0.950236684501827,0.04976331549817306
0.928119536107274,0.07188046389272605
0.9668287495350224,0.0331712504649776
0.9216839872077689,0.07831601279223116
0.9619658968884052,0.03803410311159493
0.9275212162702743,0.0724787837297257
0.9580476769575108,0.04195232304248926
0.9229493671401718,0.07705063285982819
0.9499736028126299,0.05002639718737016
0.9399857884468487,0.06001421155315131
0.9462916014659064,0.05370839853409365
0.9463442087087277,0.05365579129127244
0.9441451297199054,0.055854870280094705
0.9375935265252654,0.06240647347473467
0.9216734514371667,0.0783265485628333
0.9312818633832559,0.06871813661674402
0.9238757466724065,0.07612425332759366
0.9284466718908699,0.07155332810912997
0.9310663474880325,0.06893365251196747
0.9189827325180353,0.08101726748196474
0.9337497171242629,0.06625028287573709
0.9214005142459781,0.07859948575402194
0.9465400952760581,0.05345990472394197
0.9606875855087175,0.039312414491282525
0.9611171775896361,0.03888282241036388
0.9497787704948337,0.05022122950516641
0.9580842859592179,0.04191571404078207
0.9554620666226644,0.044537933377335526
0.936603431502328,0.06339656849767199
0.9351639331793788,0.06483606682062118
0.9076289884889837,0.09237101151101643
0.9528383684845645,0.04716163151543543
0.938736746580156,0.061263253419844
0.9351881592251763,0.0648118407748237
0.9458607319977358,0.0541392680022642
0.9233278285970355,0.07667217140296456
0.9311170961485259,0.06888290385147423
0.9394354261104351,0.060564573889564925
0.9474397429751343,0.05256025702486563
0.9664825711738682,0.03351742882613193
0.9224617824755719,0.07753821752442809
0.9515579726891926,0.04844202731080737
0.9532163978185414,0.04678360218145867
0.9149069569090773,0.08509304309092272
0.9379858905302715,0.062014109469728476
0.9664015776065746,0.033598422393425406
0.9442201067395339,0.05577989326046606
0.9255049029101013,0.07449509708989877
0.9504428157917701,0.04955718420822989
0.9573688291412153,0.042631170858784664
0.9276837418330536,0.07231625816694652
0.9304308824019336,0.0695691175980663
0.9629796534131184,0.037020346586881636
0.9275136780480046,0.07248632195199552
0.9485519129989434,0.05144808700105662
0.9508268237444418,0.04917317625555822
0.9297884109406807,0.07021158905931926
0.9655509405118523,0.03444905948814769
0.928108057265361,0.07189194273463897
0.9373580581774218,0.06264194182257818
0.946156423728639,0.05384357627136103
0.9461056039849718,0.05389439601502828
0.9410612318451664,0.05893876815483351
0.9264815595930705,0.0735184404069295
0.9483181465095496,0.0516818534904504
0.9563218405006232,0.043678159499376853
0.9691505141355079,0.03084948586449214
0.9544833311040138,0.04551666889598614
0.9662637983058295,0.03373620169417048
0.9103261940068105,0.08967380599318965
0.9652086135155992,0.03479138648440075
0.955795748863843,0.04420425113615703
0.9489616754272613,0.05103832457273876
0.9757272829386459,0.024272717061354157
0.9466348005575128,0.0533651994424872
0.9586851296730777,0.041314870326922326
0.9611844420629639,0.03881555793703613
0.9377666165376829,0.062233383462317146
0.9517927161956943,0.04820728380430575
0.9459619378408057,0.05403806215919428
0.9588914379134111,0.04110856208658897
0.9410490148436312,0.05895098515636881
0.9555254334750317,0.04447456652496823
0.9644447929986083,0.03555520700139163
0.9128321526714768,0.08716784732852322
0.9426637092310175,0.057336290768982494
0.9440349393097329,0.055965060690267174
0.9354361590392204,0.06456384096077962
0.9428985204326603,0.05710147956733973
0.9303990950264269,0.06960090497357305
0.9378657708458173,0.06213422915418262
0.9386642405917528,0.06133575940824723
0.9508918648951392,0.04910813510486078
0.9543322559286685,0.04566774407133143
0.9589800438220208,0.04101995617797919
0.944852044600686,0.055147955399314094
0.9576772933111075,0.04232270668889243
0.9420279782973763,0.05797202170262371
0.9361787398915352,0.06382126010846481
0.9512966685414778,0.048703331458522216
0.9443513717207377,0.05564862827926234
0.9621504761721145,0.03784952382788559
0.9421615344712538,0.057838465528746205
0.9229316209550372,0.07706837904496278
0.9399771590961289,0.06002284090387115
0.9665062518239648,0.03349374817603527
0.9843502143765438,0.01564978562345609
0.9507230981822162,0.04927690181778371
0.9097438695294199,0.09025613047058008
0.9348479723586696,0.06515202764133045
0.9243630612673677,0.07563693873263232
0.9516535334309022,0.04834646656909783
0.9495351160532105,0.05046488394678956
0.9403249266465811,0.05967507335341904
0.9211083044568189,0.07889169554318114
0.9662004672083822,0.03379953279161774
0.9466712943727621,0.05332870562723803
0.8937174098950128,0.10628259010498728
0.9465698202857328,0.05343017971426732
0.9369147108537063,0.06308528914629369
0.9628774754521563,0.03712252454784376
0.932320469347736,0.06767953065226395
0.9450669036503903,0.05493309634960978
0.9483100461434788,0.05168995385652121
0.9265534342304033,0.07344656576959667
0.9204004655236352,0.07959953447636484
0.9387069936993149,0.061293006300685196
0.9235721599345831,0.07642784006541692
0.9473639722092163,0.052636027790783614
0.9173970340279519,0.08260296597204808
0.9442016180405925,0.05579838195940742
0.9398367064756519,0.06016329352434823
0.9187530355436134,0.08124696445638661
0.9528447099388248,0.04715529006117524
0.9399810270981912,0.06001897290180879
0.9625134671356387,0.03748653286436137
0.9595858244906692,0.0404141755093308
0.947823223666563,0.05217677633343704
0.9145880680810271,0.08541193191897285
0.9358504413961947,0.06414955860380522
0.9567284708558488,0.0432715291441513
0.9209278904716787,0.0790721095283213
0.9178125275992776,0.08218747240072251
0.9570267862336381,0.04297321376636181
0.9210209392672172,0.07897906073278285
0.9152467001755114,0.08475329982448876
0.9462564763600759,0.05374352363992398
0.922014088069904,0.077985911930096
0.9204621805191875,0.07953781948081251
0.9455907737983992,0.0544092262016008
0.9335714586186162,0.06642854138138382
0.9461560365034818,0.05384396349651814
0.9523314283986974,0.04766857160130269
0.9193317860634698,0.08066821393653023
0.9540935357009028,0.04590646429909725
0.9487581079481127,0.0512418920518874
0.9175807646801286,0.08241923531987143
0.9533832206683291,0.04661677933167088
0.9451640347389125,0.05483596526108748
0.9679895119494604,0.03201048805053973
0.9511815659061232,0.04881843409387676
0.961732984814805,0.03826701518519496
0.9508687307715016,0.04913126922849842
0.9525542374129121,0.04744576258708798
0.9226002458530349,0.07739975414696514
0.9743002606019274,0.02569973939807256
0.8974074140421114,0.10259258595788866
0.939705688399001,0.06029431160099898
0.953847051030127,0.04615294896987289
0.9597249712325268,0.04027502876747323
0.9167673571396587,0.08323264286034125
0.9357204195988705,0.06427958040112937
0.9562909501444178,0.043709049855582355
0.9596451736177031,0.04035482638229693
0.9341202317824416,0.06587976821755834
0.9158897123126949,0.08411028768730514
0.9565825896902589,0.043417410309741084
0.9263018059336433,0.07369819406635669
0.9337670915285803,0.06623290847141969
0.9418675441819994,0.05813245581800077
0.9396635647977264,0.060336435202273594
0.9563564455616862,0.04364355443831388
0.9301193001079917,0.06988069989200825
0.9279846220996801,0.07201537790032002
0.9170857214625309,0.08291427853746915
0.9357794025513381,0.064220597448662
0.9381802732802578,0.06181972671974221
0.9619267649658749,0.03807323503412501
0.9228256822914509,0.07717431770854913
0.9491586177325491,0.05084138226745088
0.9246887741869892,0.07531122581301081
0.952191101859598,0.04780889814040215
0.9524542720409372,0.04754572795906279
0.9426514363199616,0.05734856368003836
0.9452942837713487,0.05470571622865123
0.9253435729787692,0.07465642702123075
0.9270735615829934,0.07292643841700668
0.967622630579269,0.03237736942073105
0.9404919198005274,0.05950808019947263
0.9406764138750423,0.05932358612495774
0.9506732956334113,0.049326704366588855
0.9790677676930907,0.020932232306909437
0.9262901020846472,0.07370989791535273
0.9551276960598912,0.04487230394010891
0.9591409996719548,0.040859000328045375
0.9389004850031949,0.06109951499680517
0.9577580069145744,0.04224199308542562
0.9499172403734992,0.05008275962650082
0.9342450970652796,0.06575490293472035
0.9539065604436092,0.04609343955639082
0.9475161376419927,0.05248386235800728
0.9523918354423707,0.047608164557629326
0.9372518079116331,0.06274819208836696
0.9119151118852423,0.08808488811475775
0.9524000062754707,0.04759999372452926
0.944860927768134,0.05513907223186601
0.9265379146050536,0.07346208539494632
0.9280443240486365,0.07195567595136354
0.9418259789898881,0.05817402101011198
0.9617406376592118,0.038259362340788264
0.9502648087874355,0.04973519121256462
0.9470876342037368,0.052912365796263246
0.9544059672752726,0.045594032724727486
0.9013884331971205,0.09861156680287952
0.9228660482355173,0.07713395176448257
0.9370304289772138,0.06296957102278625
0.9495368028848518,0.050463197115148274
0.9328971401281141,0.06710285987188597
0.9378991208894603,0.06210087911053969
0.9732859027680362,0.026714097231963815
0.9687156080978595,0.03128439190214054
0.9106723852448401,0.08932761475515993
0.9149452479737107,0.08505475202628933
0.9618271592160483,0.038172840783951764
0.9589765325658629,0.0410234674341371
0.9375926104819111,0.062407389518088996
0.950055735187861,0.04994426481213906
0.9513777286880427,0.0486222713119573
0.937247430690698,0.0627525693093019
0.9599764042087834,0.0400235957912167
0.9167973703446393,0.0832026296553608
0.938627231142833,0.06137276885716698
0.9474795176482629,0.05252048235173716
0.9108195362933228,0.08918046370667726
0.967170835491347,0.03282916450865306
0.9234636590007423,0.07653634099925764
0.9175062123886145,0.0824937876113855
0.923219526881748,0.07678047311825205
0.9511403331038395,0.048859666896160545
0.9162371101542971,0.08376288984570295
0.9625948911774481,0.03740510882255191
0.9486379114648062,0.05136208853519376
0.9172442945909203,0.08275570540907974
0.9425203994165802,0.05747960058341982
0.9617912669979027,0.038208733002097345
0.9013664601659962,0.09863353983400375
0.9147159279447673,0.08528407205523271
0.9427385987306481,0.05726140126935191
0.9517187508842373,0.048281249115762724
0.9368742056642645,0.0631257943357355
0.9699150585665538,0.030084941433446248
0.9689068630753002,0.031093136924699866
0.9255644527779994,0.07443554722200077
0.9200658728417876,0.07993412715821234
0.941184094589129,0.05881590541087095
0.9558214659776463,0.04417853402235381
0.9397362471885713,0.06026375281142873
0.9266688775966787,0.07333112240332133
0.9399747960277922,0.06002520397220774
0.9550666823929478,0.044933317607052214
0.946327177987207,0.053672822012792915
0.9645566714627736,0.03544332853722649
0.9486141296923911,0.05138587030760882
0.9466463387217822,0.05335366127821784
0.9630766214041944,0.0369233785958057
0.9296337335864634,0.07036626641353662
0.9439830373568495,0.05601696264315059
0.9526356613671481,0.04736433863285189
0.9322843170369556,0.06771568296304444
0.9499091486990158,0.05009085130098424
0.9538746344629444,0.046125365537055624
0.9666908886652489,0.033309111334751146
0.970060914684755,0.02993908531524507
0.9533652595462115,0.04663474045378846
0.9618403134685336,0.03815968653146648
0.9353016154198373,0.06469838458016282
0.9403883429578679,0.05961165704213212
0.9261921000023542,0.07380789999764585
0.9529780921007848,0.04702190789921532
0.9188300173165133,0.08116998268348674
0.9553170759461168,0.044682924053883154
0.9612848097498341,0.038715190250165885
0.9586108878145744,0.041389112185425736
0.9416090680629313,0.05839093193706859
0.9490928791045081,0.05090712089549193
0.9203527016256016,0.07964729837439849
0.9186840155134927,0.08131598448650731
0.9504184703229012,0.0495815296770988
0.9125928731714579,0.08740712682854222
0.9488510897251027,0.05114891027489734
0.9502392807866185,0.04976071921338153
0.9375938755807516,0.06240612441924843
0.9491532477961203,0.05084675220387969
0.9255137843570506,0.0744862156429495
0.9424011045200164,0.057598895479983724
0.9568026756997271,0.04319732430027289
0.954671256844819,0.04532874315518098
0.9109899351159263,0.08901006488407373
0.9355601682542272,0.06443983174577274
0.9650904303831536,0.034909569616846416
0.95350951805674,0.04649048194325991
0.9663877386573232,0.03361226134267675
0.94096580292225,0.05903419707775005
0.964600486470218,0.035399513529781934
0.9617940220327538,0.03820597796724622
0.9471174456006921,0.05288255439930799
0.9249234926175922,0.0750765073824077
0.9601654438332313,0.03983455616676868
0.9508409815598821,0.0491590184401179
0.9579401354696492,0.04205986453035088
0.9643954089028824,0.03560459109711758
0.958393039619908,0.04160696038009206
0.9531732105480388,0.04682678945196121
0.9504092496394432,0.04959075036055687
0.9424253408012342,0.0575746591987658
0.9427516293393082,0.05724837066069188
0.9422586340012254,0.05774136599877463
0.9580308502737898,0.041969149726210145
0.9626903087425389,0.03730969125746119
0.9409884964819852,0.059011503518014805
0.9402741153712617,0.05972588462873825
0.9477512420941409,0.052248757905859235
0.9661070327405799,0.03389296725942013
0.9456510189518261,0.05434898104817386
0.9462825148461844,0.0537174851538156
0.9311237449921258,0.06887625500787414
0.9196916205553995,0.08030837944460047
0.9464725350136245,0.05352746498637559
0.957408388381545,0.04259161161845503
0.9486123879499647,0.05138761205003523
0.9494925367893611,0.05050746321063901
0.9459709324263365,0.05402906757366367
0.9426148434738646,0.05738515652613536
0.933623363144638,0.066376636855362
0.9618295535122111,0.03817044648778891
0.9376818430568675,0.062318156943132474
0.9506110685912893,0.04938893140871078
0.9592279458022875,0.04077205419771252
0.961039360118443,0.03896063988155699
0.9500831359772042,0.04991686402279591
0.9628032121524462,0.037196787847553835
0.874728589911295,0.12527141008870502
0.9429865360483108,0.057013463951689186
0.9539246741543893,0.046075325845610735
0.9562019314655269,0.04379806853447313
0.9246906798355984,0.07530932016440166
0.9302539827299626,0.06974601727003744
0.958881263934761,0.04111873606523895
0.9536443098505684,0.046355690149431694
0.9201050808406528,0.07989491915934725
0.9413418008616917,0.05865819913830829
0.9754524908371855,0.024547509162814493
0.9335132092420608,0.06648679075793917
0.9548072353818876,0.04519276461811251
0.9741328979397342,0.025867102060265726
0.9754702153092201,0.02452978469078001
0.9562675804405365,0.04373241955946352
0.9302116623277106,0.06978833767228944
0.9496267824775141,0.05037321752248595
0.9571293731458362,0.04287062685416373
0.9202663745933124,0.07973362540668766
0.9252405512181556,0.07475944878184426
0.9483669603285798,0.0516330396714201
0.9097863884356384,0.09021361156436161
0.9637030005985258,0.03629699940147427
0.9338894372233616,0.06611056277663845
0.9731072748167319,0.026892725183268202
0.9439392409874903,0.05606075901250977
0.9132436244530912,0.08675637554690885
0.9588298321850093,0.04117016781499068
0.8973761452956889,0.1026238547043111
0.9419334708454805,0.058066529154519535
0.9603474815258625,0.039652518474137574
0.9340025275738539,0.06599747242614609
0.9424101741703977,0.05758982582960217
0.9391809326971915,0.06081906730280846
0.9419796812256774,0.058020318774322475
0.9715488223145607,0.028451177685439217
0.9297276418520751,0.07027235814792482
0.9606164305435598,0.039383569456440226
0.9070461843218912,0.09295381567810887
0.9236670062471901,0.07633299375280993
0.9222817067918344,0.07771829320816558
0.9592244675560622,0.04077553244393778
0.9237395449285386,0.07626045507146134
0.9568980849729639,0.04310191502703609
0.9406252843920903,0.05937471560790979
0.9176288436438667,0.08237115635613328
0.9425300684682864,0.0574699315317135
0.9583923575933626,0.04160764240663736
0.9407820304172514,0.05921796958274857
0.9104007739505405,0.08959922604945951
0.9539393709562933,0.04606062904370664
0.9215241812304861,0.07847581876951401
0.9592111410203329,0.04078885897966708
0.9223811601284948,0.07761883987150521
0.9349877345186525,0.06501226548134753
0.897136621834703,0.10286337816529711
0.9773830526454493,0.02261694735455063
0.940316817946281,0.05968318205371901
0.9172605949270726,0.08273940507292739
0.8739729158307756,0.12602708416922434
0.9693383929050261,0.030661607094973953
0.9225070009084537,0.07749299909154625
0.9358247390021837,0.06417526099781642
0.9399907435572848,0.060009256442715014
0.9253116737104412,0.07468832628955875
0.9274959371602424,0.07250406283975758
0.92922970117331,0.07077029882668993
0.9414000073667095,0.05859999263329052
0.9511351019866774,0.048864898013322645
0.950459885903304,0.04954011409669597
0.9632300409753538,0.036769959024646165
0.9297905367026403,0.07020946329735965
0.9362155206197298,0.06378447938027008
0.9140635340690979,0.08593646593090214
0.9403193572288681,0.059680642771132
0.9004109658685175,0.09958903413148247
0.9520715359050758,0.04792846409492425
0.9117325669563465,0.08826743304365345
0.9536545671891158,0.04634543281088416
0.959053405100638,0.040946594899362004
0.9623778253494014,0.03762217465059855
0.9072875813417054,0.09271241865829473
0.955691106350554,0.044308893649445874
0.9296134967355075,0.07038650326449247
0.9158687104384489,0.0841312895615511
0.9506553891413608,0.04934461085863917
0.9513053996629075,0.04869460033709253
0.941276432638211,0.05872356736178899
0.9661123815619688,0.03388761843803135
0.9429972649642225,0.05700273503577743
0.9509603038976189,0.04903969610238106
0.9493423351867918,0.050657664813208145
0.9606001372257741,0.0393998627742259
0.9478608051410979,0.05213919485890206
0.9403886863105986,0.05961131368940149
0.9716415827483381,0.028358417251661938
0.948934826206992,0.0510651737930081
0.9654976218301987,0.03450237816980128
0.9562750936863498,0.04372490631365032
0.9284169268260867,0.0715830731739133
0.9351861981171102,0.06481380188288977
0.9670904383174148,0.032909561682585096
0.9256796184939486,0.07432038150605144
0.9497946523658088,0.050205347634191266
0.9661582149982995,0.03384178500170059
0.9279476845168187,0.07205231548318124
0.9389057653522414,0.061094234647758684
0.9270887519963052,0.07291124800369471
0.9325250471876504,0.06747495281234961
0.9532735314508907,0.046726468549109355
0.9325259807053758,0.06747401929462422
0.9482050946967886,0.051794905303211444
0.9349440203407267,0.06505597965927341
0.9346216785700038,0.06537832142999628
0.9399864143238225,0.060013585676177546
0.9368807206056097,0.06311927939439024
0.9590692889309552,0.04093071106904474
0.970797383539677,0.029202616460322964
0.9436034527707194,0.05639654722928062
0.9466835004572118,0.053316499542788255
0.9321755418933246,0.06782445810667544
0.9405693772632993,0.059430622736700675
0.9582942894325617,0.041705710567438305
0.933899926806467,0.06610007319353298
0.9410086401407266,0.058991359859273396
0.907386926935351,0.092613073064649
0.9321272170367605,0.0678727829632396
0.9426834094456983,0.05731659055430171
0.9583018250126588,0.04169817498734112
0.9522447279844632,0.04775527201553676
0.9296609913993628,0.07033900860063717
0.9032828404505826,0.09671715954941734
0.9131824834450815,0.08681751655491853
0.9367629542111677,0.06323704578883224
0.9507310627581481,0.04926893724185196
0.9388504146634741,0.06114958533652603
0.9541838799572756,0.04581612004272453
0.944636701243672,0.05536329875632797
0.9696472759275712,0.030352724072428797
0.923570144071287,0.07642985592871313
0.9288269148015147,0.07117308519848534
0.9306996131334241,0.06930038686657596
0.9340939893188454,0.06590601068115468
0.9264569342087724,0.07354306579122767
0.9345268636702341,0.06547313632976598
0.9527076607305979,0.04729233926940212
0.9507914036965929,0.04920859630340713
0.958132539846156,0.04186746015384414
0.9482174683120159,0.05178253168798403
0.9713690420114561,0.028630957988543926
0.936602411945923,0.06339758805407714
0.9507918764488325,0.049208123551167465
0.9486212292190657,0.05137877078093435
0.9452595467063934,0.05474045329360648
0.9423121529070229,0.057687847092977106
0.9573776717780644,0.04262232822193566
