CT-4,CT-3
0.9221432678629795,0.07785673213702049
0.9871895694056319,0.012810430594368195
0.9501015454861955,0.049898454513804515
0.9323245934004903,0.06767540659950963
0.9291822978930596,0.07081770210694033
0.8939891848286922,0.10601081517130792
0.9278983484676028,0.07210165153239723
0.947518857084298,0.052481142915702064
0.9383278363812991,0.061672163618700884
0.8929380791859209,0.1070619208140791
0.9223869646427287,0.07761303535727121
0.9232658631880365,0.07673413681196359
0.9349484788719306,0.06505152112806943
0.9146798698318163,0.0853201301681837
0.9518053628930837,0.04819463710691632
0.9381531469307757,0.06184685306922444
0.9551639297952518,0.04483607020474837
0.9567617720443267,0.04323822795567332
0.9447873153401428,0.05521268465985726
0.9380767140839998,0.061923285916000215
0.9407135697949073,0.05928643020509278
0.9315299588147717,0.06847004118522812
0.9563117919900638,0.04368820800993619
0.9478668044377663,0.05213319556223382
0.9569192101652108,0.04308078983478924
0.9119316451133331,0.08806835488666691
0.9749688896598959,0.025031110340104114
0.9434093791882509,0.05659062081174916
0.9562315250884517,0.043768474911548394
0.9559697486658619,0.04403025133413814
0.9279230113533772,0.07207698864662283
0.9194857973404698,0.08051420265953026
0.9416925511259906,0.05830744887400946
0.9420146415434522,0.057985358456547856
0.9474477042009188,0.05255229579908121
0.9485218003126791,0.051478199687320945
0.9450976322169452,0.05490236778305477
0.9235321658686744,0.07646783413132556
0.9611360183230216,0.03886398167697836
0.9803624576385076,0.019637542361492438
0.9611992471736021,0.038800752826397965
0.902173558279416,0.09782644172058391
0.9309318354764712,0.06906816452352887
0.9057635306029012,0.09423646939709888
0.9315463831796923,0.06845361682030765
0.9098942795833126,0.09010572041668738
0.9670052596955911,0.03299474030440894
0.9541577928595668,0.04584220714043327
0.9620085741573535,0.03799142584264654
0.9560262943347061,0.043973705665293905
0.9613675671050054,0.03863243289499465
0.9131195542285173,0.08688044577148273
0.9558427884684755,0.044157211531524465
0.9009365140579506,0.09906348594204942
0.961795109332438,0.038204890667562164
0.9306035739738293,0.06939642602617066
0.9461792941333114,0.053820705866688585
0.9435534605658722,0.05644653943412779
0.9654299239952152,0.03457007600478483
0.9442445041950719,0.055755495804928154
0.9462864666932377,0.05371353330676237
0.9668545887452269,0.03314541125477319
0.903804616066053,0.09619538393394708
0.9622581868798263,0.03774181312017359
0.933154216869536,0.066845783130464
0.9333474810831079,0.06665251891689207
0.9452132566796546,0.05478674332034544
0.9441049639254283,0.05589503607457181
0.9239373505172532,0.07606264948274677
0.8746717908657017,0.12532820913429835
0.9572923009247327,0.04270769907526723
0.9473619946269684,0.05263800537303166
0.9105939596491363,0.08940604035086389
0.916868971074283,0.08313102892571703
0.9304184570826978,0.06958154291730226
0.9342771589179332,0.0657228410820668
0.9168995807902979,0.08310041920970218
0.9489789826045786,0.051021017395421364
0.9364217263050983,0.06357827369490167
0.925184370811482,0.07481562918851806
0.922874118073377,0.07712588192662308
0.965149613711893,0.03485038628810703
0.9602813478978586,0.03971865210214144
0.9096223947006534,0.0903776052993466
0.9272302177827307,0.07276978221726928
0.9255293075470313,0.07447069245296865
0.9302569363789465,0.06974306362105359
0.9156217161949636,0.08437828380503647
0.915599526190995,0.08440047380900496
0.95369510654356,0.04630489345643986
0.9597082291123087,0.04029177088769129
0.9578062295826831,0.04219377041731695
0.9233660470795797,0.07663395292042033
0.9094421735869443,0.0905578264130556
0.9338218003175612,0.06617819968243877
0.9441377336263466,0.05586226637365334
0.908236914121131,0.09176308587886903
0.9036600481484901,0.09633995185150997
0.9160106533713336,0.08398934662866643
0.9539166393765909,0.046083360623409085
0.9519277998952492,0.0480722001047508
0.8892630098599122,0.11073699014008781
0.9529512395027362,0.047048760497263774
0.9092063980596294,0.09079360194037066
0.9388549803777366,0.06114501962226348
0.918511953336061,0.08148804666393905
0.9520172231822067,0.047982776817793324
0.9362659180168473,0.06373408198315281
0.9727178526840105,0.027282147315989533
0.9478056882204166,0.052194311779583474
0.9162441424297145,0.08375585757028542
0.9093362676267515,0.0906637323732485
0.9365479774787744,0.06345202252122567
0.9440424573927244,0.055957542607275604
0.9418106807057882,0.05818931929421189
0.9591576042948169,0.04084239570518314
0.8877375411719017,0.11226245882809834
0.9677379403049527,0.03226205969504734
0.9591481369225945,0.04085186307740549
0.963150038602978,0.03684996139702199
0.9463603361490089,0.053639663850991184
0.9243827490007239,0.07561725099927606
0.9105420915112764,0.08945790848872365
0.9591011572361733,0.040898842763826715
0.9350379778745191,0.06496202212548086
0.936489467977632,0.06351053202236799
0.9331487323784124,0.06685126762158762
0.945325835628434,0.054674164371566046
0.9383769658391227,0.061623034160877325
0.9542021054456823,0.045797894554317736
0.8956595989661106,0.10434040103388938
0.9249456927972113,0.07505430720278873
0.9400180609285859,0.059981939071414116
0.9528894498282627,0.047110550171737334
0.9214529627175191,0.07854703728248102
0.9202790255505106,0.07972097444948949
0.9429211277800769,0.057078872219923193
0.9348662559733638,0.06513374402663627
0.9317887803694798,0.06821121963052024
0.9303996071015666,0.0696003928984334
0.9443036120248115,0.055696387975188485
0.9501099929722547,0.049890007027745355
0.911859526546981,0.088140473453019
0.923863107181362,0.07613689281863796
0.9789879407043066,0.021012059295693445
0.9309264173866899,0.06907358261331004
0.9254530564163577,0.07454694358364246
0.9363387124718289,0.06366128752817114
0.9147294045179714,0.08527059548202864
0.9414042185456736,0.058595781454326534
0.9379138005660287,0.06208619943397141
0.9481995116585261,0.05180048834147393
0.9481839839878032,0.051816016012196806
0.9476032766429175,0.05239672335708239
0.9578611720739901,0.042138827926009946
0.9688058739497797,0.031194126050220376
0.9471393597546108,0.052860640245389195
0.9535797665165828,0.04642023348341716
0.9048179064621534,0.09518209353784657
0.9387710683382008,0.061228931661799275
0.94422695295686,0.05577304704314001
0.9443559022748909,0.05564409772510924
0.9478274416336662,0.052172558366333804
0.9405736956020999,0.05942630439790005
0.9429436849761267,0.05705631502387337
0.9337514977113066,0.06624850228869332
0.9457870005122543,0.054212999487745654
0.9266792389986133,0.07332076100138672
0.9323197648012944,0.06768023519870564
0.9435026181103354,0.05649738188966461
0.9395171138245038,0.0604828861754963
0.9609309075364422,0.039069092463557796
0.9604201952589851,0.03957980474101479
0.9241293322338434,0.07587066776615647
0.9285594314270864,0.07144056857291362
0.9045989560579328,0.0954010439420672
0.9622755161003879,0.0377244838996122
0.9052324798595087,0.09476752014049121
0.9734389436244526,0.026561056375547405
0.9401137628654288,0.05988623713457119
0.9157404769616478,0.08425952303835219
0.930663349853396,0.069336650146604
0.9727961374857513,0.02720386251424872
0.9507838301408875,0.04921616985911246
0.928551703318538,0.0714482966814621
0.9379701248697778,0.062029875130222165
0.9253797874444634,0.07462021255553655
0.921334904323288,0.07866509567671194
0.9373470974299666,0.06265290257003356
0.9433143504203981,0.05668564957960182
0.9340260686641966,0.06597393133580348
0.9171534128430181,0.08284658715698197
0.925177962525574,0.07482203747442608
0.9006433805437588,0.09935661945624119
0.9603853036843533,0.03961469631564672
0.9365684745141934,0.06343152548580655
0.9420879540647243,0.05791204593527564
0.9669262240629207,0.03307377593707922
0.9534059257189555,0.046594074281044465
0.9368960209237044,0.06310397907629564
0.9620277193798654,0.0379722806201346
0.9432768027697696,0.056723197230230366
0.9422413582744146,0.057758641725585425
0.9534261542917816,0.046573845708218556
0.9581232928464831,0.041876707153516955
0.9170837242893201,0.08291627571067996
0.9467730636690548,0.05322693633094514
0.9615301009762492,0.03846989902375073
0.9256627871788867,0.07433721282111327
0.935269914269588,0.06473008573041197
0.962105446804975,0.037894553195025056
0.9331363776780826,0.06686362232191749
0.9759393974981685,0.02406060250183155
0.8792321402748139,0.120767859725186
0.9601065594168939,0.039893440583106114
0.9495585847758028,0.050441415224197234
0.9564422263297885,0.04355777367021164
0.923303879157309,0.07669612084269087
0.9422653986197994,0.057734601380200624
0.9450400310681171,0.05495996893188298
0.9497310937753949,0.05026890622460518
0.9429186038967664,0.05708139610323366
0.9789402984073684,0.021059701592631534
0.9307672164740466,0.06923278352595338
0.9260372123551139,0.07396278764488601
0.9308877288672025,0.06911227113279755
0.9569344220728193,0.043065577927180694
0.9404432766812595,0.05955672331874052
0.957060463457883,0.04293953654211703
0.9304924799299168,0.0695075200700832
0.9727668484472997,0.027233151552700362
0.9834316586848114,0.01656834131518856
0.9315577901546809,0.06844220984531915
0.9513569668549343,0.048643033145065746
0.9268563362569991,0.07314366374300092
0.9519911364016022,0.048008863598397865
0.9241100244794861,0.07588997552051394
0.9343455477736966,0.0656544522263034
0.9556531382620586,0.04434686173794141
0.9588221675424099,0.04117783245759003
0.9438175406961357,0.056182459303864334
0.9573264222863763,0.04267357771362371
0.957419016208296,0.04258098379170406
0.9589386992817273,0.041061300718272735
0.9517706374656486,0.048229362534351464
0.9175037423249705,0.08249625767502954
0.9459503391405909,0.054049660859409016
0.9382189473380549,0.06178105266194508
0.9055810200306376,0.09441897996936247
0.9576756721357453,0.04232432786425465
0.9372872981743741,0.06271270182562592
0.9614773932771808,0.03852260672281919
0.9181873057133946,0.0818126942866055
0.9379904059667751,0.062009594033224896
0.9459588991626345,0.0540411008373654
0.9521833856340727,0.04781661436592727
0.9484384629664941,0.051561537033505925
0.9555809450369668,0.04441905496303322
0.9464205637099496,0.05357943629005042
0.8878302379327209,0.11216976206727909
0.9337037247060788,0.06629627529392122
0.9603155029752998,0.03968449702470022
0.93415146864883,0.06584853135116993
0.9450859932783083,0.05491400672169167
0.9276953318176855,0.0723046681823145
0.9580038947153532,0.041996105284646805
0.9116109421453842,0.08838905785461586
0.9361738768290416,0.06382612317095837
0.9450708136334719,0.05492918636652814
0.909526151667181,0.09047384833281909
0.9337486103166214,0.06625138968337863
0.9427296863249889,0.057270313675011085
0.9557467556981157,0.04425324430188425
0.9429988278927685,0.057001172107231664
0.9018516705855915,0.09814832941440857
0.9085795081023407,0.09142049189765944
0.9564874134730215,0.043512586526978654
0.930859958053464,0.06914004194653606
0.9248820936096683,0.07511790639033165
0.9476914209862687,0.052308579013731336
0.888703117963953,0.11129688203604708
0.9111690877114051,0.08883091228859487
0.923019521543358,0.07698047845664192
0.9361221847745042,0.06387781522549593
0.9586679439044,0.04133205609559992
0.8931127944478238,0.10688720555217628
0.9652247791641848,0.03477522083581517
0.8969657714597952,0.10303422854020476
0.9286235977511603,0.0713764022488397
0.931374398802336,0.068625601197664
0.922275228516674,0.07772477148332604
0.9414093258259065,0.0585906741740935
0.9634293901812054,0.03657060981879458
0.9354650178554296,0.06453498214457043
0.9522513636501803,0.04774863634981982
0.9180769266293771,0.08192307337062282
0.925745192758699,0.07425480724130104
0.9441374873393282,0.05586251266067175
0.968632028634949,0.03136797136505107
0.9546135268354626,0.04538647316453738
0.8909909773556522,0.10900902264434781
0.9456891994111722,0.05431080058882771
0.9458813226022957,0.0541186773977043
0.961362837873344,0.03863716212665598
0.9512298159765458,0.048770184023454316
0.9372585220838049,0.06274147791619505
0.9576584835885428,0.04234151641145733
0.9599627066239395,0.04003729337606053
0.966118775018549,0.033881224981451005
0.8916964841104617,0.10830351588953843
0.9691816367260712,0.030818363273928794
0.9006131109193343,0.09938688908066567
0.9443355962059212,0.05566440379407877
0.8926431696352447,0.10735683036475538
0.9347886535337596,0.06521134646624044
0.9220325013754928,0.07796749862450728
0.9521209908404441,0.04787900915955597
0.9551669198080812,0.04483308019191869
0.969857076716169,0.030142923283830992
0.9546597676483447,0.04534023235165538
0.9550886716968833,0.04491132830311681
0.9621259851216228,0.03787401487837717
0.966924531372691,0.03307546862730913
0.9540965371937978,0.045903462806202194
0.9393372630811483,0.06066273691885173
0.9361611181615694,0.06383888183843062
0.9503966895639381,0.049603310436062004
0.9576832036952917,0.042316796304708346
0.9455703855971384,0.05442961440286174
0.945091590992494,0.05490840900750611
0.9641082449338718,0.035891755066128114
0.953586153376768,0.04641384662323199
0.9686546788904816,0.031345321109518355
0.9446552389652746,0.05534476103472553
0.9278060183274787,0.07219398167252147
0.9500605952357624,0.04993940476423755
0.9349464719354522,0.06505352806454787
0.955545967528003,0.04445403247199692
0.9513438164259665,0.0486561835740335
0.9260276542208904,0.0739723457791096
0.9364366704380701,0.06356332956192987
0.9399521008329227,0.06004789916707739
0.9493087363057618,0.05069126369423825
0.9219066505306981,0.07809334946930196
0.939558123158694,0.060441876841305996
0.9579428800208055,0.04205711997919462
0.9484199520776782,0.05158004792232194
0.9353904451926777,0.06460955480732233
0.9441272042975444,0.055872795702455666
0.9328997910984606,0.06710020890153942
0.9324238979776042,0.0675761020223959
0.9124102632174219,0.08758973678257817
0.9881047223799977,0.01189527762000224
0.9314378978362631,0.0685621021637369
0.9459276553674385,0.05407234463256143
0.9373760550652341,0.0626239449347659
0.9631375592224459,0.03686244077755403
0.9444453783472866,0.05555462165271348
0.9754361242190237,0.024563875780976314
0.9145688962729999,0.08543110372700016
0.972357019274011,0.0276429807259891
0.9626336545523324,0.03736634544766767
0.954006692262506,0.045993307737494105
0.9059144232449124,0.09408557675508758
0.9357545969194947,0.06424540308050543
0.9665060830212101,0.033493916978789846
0.9405231646004383,0.05947683539956174
0.9468515484582258,0.053148451541774014
0.9689867397229737,0.031013260277026434
0.958316304138075,0.04168369586192503
0.9403160908394738,0.05968390916052629
0.9177403082488917,0.0822596917511083
0.936158622714308,0.06384137728569207
0.9414849182199436,0.05851508178005638
0.9171519472692731,0.08284805273072696
0.981895702315826,0.018104297684174087
0.9390874476098412,0.06091255239015887
0.9205687647594782,0.07943123524052179
0.9246177457556655,0.07538225424433458
0.9470382635057947,0.052961736494205394
0.9039686412233584,0.09603135877664154
0.9321031536031431,0.06789684639685693
0.9686359683919062,0.03136403160809376
0.9534614772015573,0.04653852279844275
0.9790502432343924,0.020949756765607588
0.9438639586669866,0.05613604133301343
0.9492057302644948,0.05079426973550522
0.9342322209125058,0.0657677790874943
0.9408669123687733,0.059133087631226766
0.9182687340963268,0.08173126590367315
0.9454870598175247,0.05451294018247535
0.9606186759920265,0.039381324007973506
0.9300625971184504,0.06993740288154973
0.941905269014619,0.058094730985380996
0.9527537810061754,0.04724621899382465
0.9216434047244536,0.07835659527554631
0.9520401696040955,0.04795983039590447
0.951819528910666,0.04818047108933404
0.9342938335327546,0.0657061664672454
0.9603547765369038,0.03964522346309629
0.9528639665133428,0.0471360334866572
0.9247708401196746,0.07522915988032547
0.939932068610142,0.060067931389858
0.9384765717555201,0.061523428244479865
0.9346454917000909,0.065354508299909
0.9320929002460379,0.06790709975396213
0.9442156528744402,0.055784347125559755
0.926262532403268,0.07373746759673205
0.925889713513952,0.07411028648604805
0.9634953618183176,0.036504638181682425
0.9279403370685749,0.0720596629314251
0.9242070740083791,0.07579292599162084
0.9344695913781103,0.06553040862188975
0.9371700963757604,0.06282990362423956
0.9710961956312052,0.028903804368794722
0.9602374340972265,0.03976256590277351
0.8815979696917546,0.11840203030824548
0.9213061720853216,0.07869382791467838
0.9287588046213543,0.07124119537864573
0.963531670419786,0.03646832958021394
0.9862591772689548,0.013740822731045136
0.91307634336735,0.08692365663265005
0.9477953364402837,0.052204663559716376
0.94535909265614,0.05464090734386007
0.9361278144121394,0.06387218558786058
0.92687358606696,0.07312641393304
0.9447898266158088,0.055210173384191166
0.8972561220978873,0.10274387790211281
0.9428576521592099,0.057142347840790114
0.9626634357821562,0.03733656421784381
0.9569396755097083,0.04306032449029186
0.9521857303061074,0.04781426969389264
0.9579601781971145,0.04203982180288545
0.9361992278599265,0.06380077214007353
0.9447393724274582,0.055260627572541854
0.9490949635168885,0.05090503648311149
0.9444248131923482,0.05557518680765179
0.9215695693013368,0.07843043069866325
0.952181494650051,0.0478185053499491
0.93492132195205,0.06507867804794999
0.9308052596297179,0.06919474037028195
0.9427922796965763,0.05720772030342364
0.9487376207576367,0.05126237924236334
0.9186040955320638,0.08139590446793615
0.9599010622108061,0.04009893778919392
0.9314719907607496,0.06852800923925045
0.9813126292453417,0.018687370754658407
0.9455251241838032,0.05447487581619683
0.935911799892541,0.06408820010745901
0.9692345166909277,0.030765483309072212
0.9344623884601162,0.06553761153988374
0.9355468130253801,0.06445318697461987
0.9338533228958453,0.0661466771041548
0.9447178523653639,0.055282147634636285
0.9532169365216242,0.046783063478375776
0.946384507434536,0.05361549256546404
0.9266793492691583,0.07332065073084185
0.9492765802342452,0.05072341976575483
0.9473286571263022,0.05267134287369778
0.9334179476666206,0.06658205233337947
0.9453330506613339,0.054666949338666115
0.9452957872066725,0.054704212793327454
0.9651035018458282,0.034896498154171805
0.9560653121452392,0.043934687854760825
0.952431816150761,0.047568183849239006
0.9421925050168581,0.05780749498314189
0.9512837508031073,0.04871624919689267
0.9394104094320243,0.060589590567975776
0.9210823527100086,0.07891764728999141
0.9423212536994778,0.05767874630052224
0.9570268532720233,0.04297314672797671
0.9483409965838486,0.05165900341615143
0.931895430376293,0.06810456962370709
0.9287150794237783,0.07128492057622178
0.963462630806206,0.03653736919379409
0.9634531048776168,0.03654689512238321
0.9309086337091322,0.06909136629086773
0.9319516840481381,0.06804831595186193
0.941750053444606,0.058249946555393936
0.9675261559549134,0.032473844045086596
0.950342520645708,0.04965747935429207
0.9628944281684582,0.03710557183154197
0.9517229622142022,0.04827703778579788
0.9324680905776379,0.06753190942236223
0.9171422123937525,0.08285778760624751
0.9370910999447023,0.06290890005529784
0.9267787339595777,0.0732212660404223
0.9191424477482478,0.08085755225175224
0.9373549562884401,0.06264504371156003
0.9419992208534621,0.05800077914653785
0.9218745154477546,0.07812548455224551
0.9086021397648171,0.09139786023518291
0.9530606101098281,0.046939389890171886
0.9356396473217656,0.06436035267823434
0.9056824537902911,0.09431754620970893
0.9356786416558358,0.06432135834416422
0.9327085569239936,0.06729144307600644
0.945600359232801,0.05439964076719913
0.9547644467678033,0.045235553232196725
0.9701700492755612,0.029829950724438788
0.9553655437072733,0.04463445629272665
0.9533883148624147,0.04661168513758531
0.8966823079425253,0.10331769205747464
0.9343205273978709,0.06567947260212911
0.9392033192485382,0.060796680751461885
0.9389122300453802,0.06108776995461982
0.906052700473203,0.09394729952679709
0.9492754196906161,0.05072458030938394
0.9373983830524579,0.062601616947542
0.9565332349101846,0.043466765089815326
0.9175712135646533,0.08242878643534671
0.9231751719357968,0.07682482806420322
0.9307363877988445,0.06926361220115561
0.9708483975658674,0.029151602434132638
0.9255743265012596,0.07442567349874042
0.9379644126436412,0.06203558735635893
0.9013604691914464,0.09863953080855359
0.928776923411951,0.07122307658804904
0.9475992613950048,0.052400738604995147
0.9462883386662049,0.05371166133379522
0.9342936814844569,0.06570631851554312
0.9401679769141577,0.05983202308584243
0.9332192522623659,0.06678074773763412
0.9512668215930983,0.048733178406901674
0.9379664002317591,0.062033599768240834
0.9008923110787362,0.09910768892126381
0.955625159669964,0.04437484033003608
0.9254650266536121,0.07453497334638806
0.9482079526643056,0.05179204733569445
0.9386748142944931,0.06132518570550695
0.9188392437522579,0.0811607562477421
0.942381055350953,0.05761894464904712
0.9273129256270909,0.07268707437290912
0.9415564277923895,0.05844357220761055
0.903267012134389,0.09673298786561108
0.9133124245588585,0.08668757544114146
0.9455476724630308,0.05445232753696922
0.932908060367649,0.06709193963235102
0.9544504613306164,0.04554953866938359
0.9577447772156861,0.04225522278431397
0.9644666565292935,0.03553334347070651
0.9542864377083853,0.04571356229161475
0.9128401076797122,0.08715989232028788
0.9456981818029375,0.05430181819706249
0.9198461438042966,0.08015385619570334
0.9445544628754653,0.05544553712453466
0.9374491673084644,0.06255083269153558
0.9201771137780699,0.07982288622193019
0.9474168883955626,0.05258311160443744
0.942179382702142,0.05782061729785806
0.9293561406908951,0.07064385930910493
0.9239636074097095,0.0760363925902905
0.9476287173885102,0.05237128261148993
0.9275672264236989,0.0724327735763011
0.9602645005419577,0.03973549945804244
0.9386730295956596,0.061326970404340354
0.9373812256483798,0.06261877435162022
0.9573768065337442,0.0426231934662558
0.9295975313399855,0.07040246866001458
0.9585338784057318,0.04146612159426822
0.9533279006710651,0.046672099328934784
0.9645390071818987,0.035460992818101354
0.9580725240183904,0.04192747598160964
0.9248438999728423,0.07515610002715763
0.9622236057823841,0.037776394217615916
0.950530828789969,0.049469171210031
0.9651006152853928,0.03489938471460724
0.9523800164365019,0.04761998356349808
0.951904367477974,0.04809563252202611
0.9168703479178624,0.08312965208213757
0.9177691795547663,0.08223082044523372
0.9447599496231459,0.055240050376854165
0.9312781602177658,0.06872183978223428
0.9422760481005232,0.05772395189947689
0.9344080368883709,0.06559196311162906
0.9336202606781328,0.06637973932186725
0.9381679496985766,0.06183205030142344
0.944999571148173,0.05500042885182699
0.9393252348893144,0.06067476511068559
0.8887404610371046,0.11125953896289546
0.9564279579971731,0.04357204200282708
0.926933350881705,0.07306664911829494
0.9195889193585146,0.08041108064148528
0.9315561985830666,0.06844380141693336
0.9400676071717874,0.05993239282821266
0.9350338646151194,0.0649661353848805
0.9604336697080974,0.03956633029190262
0.938793963253979,0.06120603674602101
0.9504058286758892,0.049594171324110814
0.9564539861212407,0.04354601387875934
0.9436529743882761,0.05634702561172385
0.9447462770366656,0.05525372296333441
0.9315215549271747,0.0684784450728253
0.9430393919986112,0.05696060800138864
0.9279289950046246,0.07207100499537544
0.9222909596654757,0.07770904033452425
0.954487593740809,0.04551240625919095
0.9347637820372353,0.06523621796276467
0.9282019531567149,0.07179804684328506
0.9474059421354988,0.05259405786450125
0.9124031031919364,0.08759689680806365
0.9238394797652271,0.0761605202347729
0.9287577686876477,0.07124223131235227
0.9362846760781834,0.06371532392181656
0.9363470996152043,0.06365290038479568
0.9485131796952537,0.05148682030474627
0.9667567436590482,0.03324325634095187
0.9414415155401143,0.058558484459885755
0.9478950376540008,0.05210496234599917
0.9278234922983039,0.07217650770169617
0.9781043221897305,0.02189567781026943
0.9179812965084162,0.08201870349158372
0.9392990224119643,0.06070097758803574
0.9295806830128854,0.07041931698711457
0.9473375325748574,0.052662467425142516
0.9183279799785159,0.08167202002148415
0.9422619540723213,0.05773804592767874
0.889774395836258,0.110225604163742
0.9338315570149487,0.06616844298505131
0.9303859691060942,0.06961403089390589
0.934056759151954,0.06594324084804604
0.9416845094142513,0.058315490585748676
0.9350783764313529,0.06492162356864707
0.9274330922287156,0.07256690777128444
0.9606431318907409,0.03935686810925913
0.9275893537106508,0.07241064628934928
0.9655153885687033,0.03448461143129661
0.9298235848239312,0.07017641517606875
0.9421967332675434,0.05780326673245658
0.9199249355437767,0.08007506445622325
0.9241043854758471,0.07589561452415303
0.9422829860510539,0.05771701394894609
0.9221624242981746,0.07783757570182534
0.9229742131397682,0.07702578686023182
0.9502048724102587,0.0497951275897412
0.9159251178700616,0.0840748821299384
0.9405292679210853,0.05947073207891469
0.9792781814050486,0.020721818594951487
0.9372796196365956,0.06272038036340434
0.9707629194540683,0.029237080545931726
0.9379140904464413,0.06208590955355889
0.9106290103597035,0.08937098964029656
0.9464227584995848,0.053577241500415276
0.9450279841363078,0.05497201586369206
0.940438594918835,0.05956140508116503
0.9309468646746217,0.06905313532537827
0.9131772594599452,0.08682274054005482
0.934248823187356,0.065751176812644
0.9298785233434456,0.07012147665655438
0.9241672388732058,0.07583276112679425
0.9205342455158602,0.07946575448413991
0.9536395492547374,0.04636045074526265
0.927458420821196,0.07254157917880404
0.9318106905670678,0.06818930943293232
0.9100804676708053,0.0899195323291947
0.9314650059360383,0.06853499406396173
0.9177140966455932,0.08228590335440673
0.9537370269934834,0.046262973006516564
0.9454448945324603,0.054555105467539736
0.9383591125843731,0.06164088741562681
0.917678776457655,0.08232122354234495
0.9363630222231716,0.06363697777682843
0.9310264303730867,0.06897356962691319
0.9227094746313788,0.07729052536862133
0.957664315176378,0.04233568482362203
0.9230195823618401,0.0769804176381599
0.9527786685861512,0.047221331413848794
0.9118291086965238,0.08817089130347636
0.9500597181499424,0.04994028185005765
0.9481026653304683,0.051897334669531815
0.9469148402353142,0.053085159764685794
0.9599435040017158,0.0400564959982843
0.9389857924113705,0.06101420758862949
0.929419094919137,0.07058090508086307
0.9587653734295881,0.04123462657041188
0.919508159025575,0.08049184097442495
0.9218902473387467,0.07810975266125329
0.9331612281476969,0.06683877185230312
0.9472909073320475,0.05270909266795256
0.9634211404528871,0.0365788595471129
0.972056771501758,0.02794322849824209
0.9381413579526813,0.061858642047318696
0.9168246632795701,0.08317533672042994
0.9669523378873256,0.03304766211267444
0.9268386986541928,0.07316130134580727
0.9368839726022707,0.06311602739772933
0.9518008335724139,0.04819916642758619
0.9652640088607827,0.03473599113921736
0.9825511305193712,0.01744886948062876
0.9407688657995105,0.05923113420048953
0.9597432150849915,0.04025678491500849
0.9099239765147632,0.09007602348523681
0.9588973035032249,0.04110269649677508
0.8956606278946517,0.10433937210534826
0.9604917790644889,0.03950822093551111
0.909509569189294,0.09049043081070605
0.9202693802057925,0.07973061979420748
0.9486079582233901,0.05139204177660995
0.9480855980015042,0.051914401998495854
0.9411878925516161,0.058812107448383916
0.9672485424796771,0.03275145752032292
0.913025513613478,0.08697448638652207
0.9330724668109396,0.06692753318906038
0.9398586385666343,0.06014136143336581
0.9297102809062487,0.07028971909375133
0.9698392639884266,0.03016073601157338
0.9227723288034893,0.07722767119651079
0.9552049205407731,0.044795079459226984
0.9637768175402206,0.03622318245977944
0.9540397479318746,0.04596025206812544
0.9341196588485827,0.06588034115141736
0.9685755768051794,0.03142442319482058
0.9185908170077044,0.08140918299229566
0.9079479485938869,0.09205205140611301
0.9228976315021552,0.07710236849784495
0.9231940069780147,0.07680599302198536
0.9701028927406781,0.02989710725932197
0.9659142202681972,0.03408577973180282
0.9568836286070611,0.04311637139293891
0.9373289914536741,0.06267100854632597
0.9356784254583569,0.06432157454164321
0.9179454482986875,0.08205455170131261
0.9119760088112969,0.08802399118870315
0.9375837504383813,0.062416249561618745
0.958214430260676,0.04178556973932404
0.9155761165613294,0.08442388343867063
0.9342410924370851,0.0657589075629149
0.9712301137225239,0.02876988627747617
0.9604643405446804,0.03953565945531955
0.9077623394276834,0.09223766057231665
0.9426057458356489,0.05739425416435108
0.9316161458617837,0.06838385413821639
0.9553653433800869,0.04463465661991304
0.9529550417287737,0.04704495827122637
0.9381436423139226,0.061856357686077515
0.9622430173309721,0.03775698266902803
0.9337854553863723,0.06621454461362787
0.9410204004507984,0.058979599549201615
0.9348263072666172,0.06517369273338276
0.9360843310874972,0.06391566891250278
0.9287219810717667,0.0712780189282333
0.9161011579447459,0.08389884205525412
0.935112046799634,0.06488795320036604
0.9478979102419548,0.05210208975804526
0.9352822526368717,0.06471774736312826
0.9417062944424927,0.05829370555750734
0.911879060266046,0.08812093973395405
0.9508820079659154,0.049117992034084665
0.9364299948633089,0.06357000513669105
0.940245608923958,0.05975439107604196
0.9170560745341989,0.08294392546580123
0.9051587292797577,0.09484127072024229
0.9492659891304955,0.05073401086950454
0.9586055953319214,0.04139440466807861
0.9456476669611936,0.05435233303880645
0.9180568569920642,0.08194314300793591
0.9446784503234472,0.055321549676552846
0.9285570825215084,0.07144291747849159
0.9446810319378787,0.05531896806212133
0.986116821020531,0.013883178979469014
0.9434461688475408,0.056553831152459086
0.9463231231326326,0.053676876867367364
0.923242667536056,0.07675733246394406
0.9444318629598724,0.05556813704012764
0.9553803656072805,0.04461963439271953
0.9506762229966766,0.049323777003323334
0.9347163052632096,0.06528369473679034
0.9332570080476262,0.06674299195237375
0.9411148281798792,0.058885171820120694
0.9233356582135511,0.07666434178644885
0.9409005272506027,0.059099472749397315
0.9356906443848055,0.06430935561519449
0.9710652791127563,0.028934720887243758
0.926078884349844,0.07392111565015598
0.9613860274390414,0.038613972560958526
0.8781289124299034,0.12187108757009668
0.9470789272135566,0.05292107278644342
0.9406881489575042,0.05931185104249586
0.9542434739997738,0.04575652600022617
0.9462656713933749,0.05373432860662513
0.9626005510926945,0.03739944890730554
0.9361572108048021,0.063842789195198
0.9332536744997946,0.06674632550020554
0.9487725181257674,0.051227481874232685
0.9448523592922038,0.05514764070779625
0.9347131248378939,0.06528687516210606
0.9827829257508885,0.01721707424911142
0.9179716014373429,0.08202839856265705
0.9545289550849722,0.04547104491502782
0.9506572911358471,0.049342708864153005
0.9152901464003336,0.08470985359966646
0.9512446603379624,0.048755339662037586
0.9494830115773871,0.05051698842261295
0.920958200664333,0.07904179933566709
0.9372304660010798,0.06276953399892016
0.9448906984441603,0.05510930155583972
0.97781316452103,0.022186835478970032
0.9517982229566974,0.048201777043302675
0.950486180112255,0.049513819887744996
0.945307464982341,0.05469253501765909
0.9311126622394026,0.06888733776059745
0.9243539910820664,0.0756460089179336
0.9091105117714432,0.09088948822855693
0.912562745668812,0.08743725433118804
0.8946879046358251,0.10531209536417484
0.9540298289172524,0.04597017108274756
0.9545357683492537,0.04546423165074635
0.948443897111027,0.05155610288897314
0.9405210148019425,0.059478985198057464
0.9546646615942849,0.04533533840571522
0.9324196325999254,0.0675803674000747
0.9534866354584407,0.046513364541559264
0.9398600533092382,0.06013994669076186
0.96634753286528,0.0336524671347201
0.9243592424226222,0.0756407575773778
0.897126879098864,0.10287312090113603
0.9589416751150861,0.04105832488491395
0.9451029957277559,0.05489700427224415
0.9299266267988324,0.07007337320116762
0.9250421884734503,0.07495781152654965
0.951926384448062,0.048073615551937905
0.9272670823277492,0.07273291767225075
0.9224894826296146,0.0775105173703854
0.9401205895023201,0.059879410497679954
0.92569840405746,0.07430159594254004
0.9411805851003892,0.05881941489961079
0.9561929883767092,0.043807011623290815
0.9364323072237514,0.06356769277624864
0.969833205990213,0.030166794009787057
0.9476698853254095,0.05233011467459058
0.9140336647564484,0.08596633524355157
0.9633955966280859,0.036604403371914035
0.9429704455698843,0.057029554430115745
0.9350527245586783,0.06494727544132174
0.9483436851127636,0.05165631488723644
0.9157069733740463,0.08429302662595362
0.9361514841137184,0.06384851588628154
0.9339115280359872,0.06608847196401277
0.9350899917214501,0.06491000827854981
0.9341072335894386,0.06589276641056142
0.9558763215477067,0.044123678452293244
0.893306958366362,0.10669304163363806
0.9408098128837717,0.059190187116228296
0.9403033258913008,0.059696674108699166
0.902786387043088,0.09721361295691197
0.9515694232170308,0.04843057678296926
0.9373808370472547,0.06261916295274522
0.960375462607108,0.03962453739289195
0.9594217684752517,0.04057823152474833
0.9167514594737792,0.08324854052622085
0.9278716787556723,0.07212832124432768
0.9230544908406402,0.07694550915935991
0.937517751196099,0.06248224880390091
0.968797067960038,0.031202932039962203
0.9371317310977271,0.06286826890227293
0.9460234835338135,0.05397651646618658
0.9308071918860614,0.06919280811393871
0.9582328039051516,0.04176719609484841
0.9380725240380529,0.06192747596194718
0.9365474802447245,0.06345251975527548
0.9562138688457702,0.04378613115422979
0.9331743490788341,0.06682565092116594
0.9201382338319496,0.07986176616805041
0.9282054800445242,0.07179451995547594
0.9485681088619079,0.05143189113809215
0.9347023037299591,0.06529769627004084
0.954560836138838,0.04543916386116206
0.9624117607542483,0.037588239245751734
0.9326928775397106,0.06730712246028936
0.9235238292962876,0.07647617070371246
0.9726849144631243,0.027315085536875654
0.9423342955813663,0.05766570441863379
0.9235020494606535,0.07649795053934641
0.9090350426120991,0.09096495738790092
0.9680887426195581,0.0319112573804419
0.9652673658871599,0.034732634112840124
0.9437997925126322,0.056200207487367836
0.9249690824428666,0.07503091755713348
0.9492244881429255,0.05077551185707452
0.9665966251340905,0.033403374865909496
0.9577388210307932,0.04226117896920689
0.9318654581324779,0.06813454186752209
0.9296994534648341,0.07030054653516594
0.9040614763080514,0.09593852369194852
0.9425671990584571,0.05743280094154296
0.9048412979724327,0.09515870202756738
0.9258344138268876,0.07416558617311242
0.9374540916154765,0.06254590838452341
0.9360453416286785,0.06395465837132144
0.9368167888917884,0.06318321110821162
0.9427576095668577,0.05724239043314228
0.9315529251416336,0.0684470748583664
0.9191145460261739,0.08088545397382609
0.9453957032278787,0.054604296772121315
0.953673947544482,0.046326052455518005
0.9287980419268589,0.07120195807314111
0.9576831371140108,0.042316862885989265
0.9495484811217352,0.050451518878264864
0.9532777784820551,0.046722221517944966
0.9225977273873642,0.07740227261263585
0.9389174537042841,0.061082546295715905
0.9394763086918813,0.06052369130811876
0.9260591389897673,0.07394086101023269
0.9596032291655379,0.04039677083446224
0.9743536361101516,0.025646363889848516
0.9390326034268505,0.06096739657314964
0.9508847289869728,0.04911527101302711
0.9551354149863037,0.04486458501369625
0.9519191192550821,0.04808088074491795
0.955145952602054,0.04485404739794594
0.9505203803286992,0.04947961967130081
0.9840836751286514,0.01591632487134871
0.9452806922652044,0.05471930773479574
0.9605331144750375,0.03946688552496254
0.9582550074068837,0.04174499259311633
0.9605014476829989,0.039498552317001064
0.9445696353555413,0.05543036464445879
0.9513946822482852,0.04860531775171488
0.8799032632711965,0.12009673672880353
0.9197889476291414,0.08021105237085863
0.9654417903736108,0.034558209626389204
0.9301957485308342,0.06980425146916587
0.9568403645552945,0.043159635444705476
0.9435185845046643,0.05648141549533568
0.9603448631234967,0.03965513687650333
0.9574485611912326,0.04255143880876744
0.9354735821153634,0.06452641788463656
0.9222525825688294,0.07774741743117067
0.9448921179002798,0.05510788209972026
0.9481110473444497,0.05188895265555028
0.8938894006738488,0.10611059932615119
0.9375014482724078,0.06249855172759223
0.9457785576349117,0.054221442365088274
0.9577257127780829,0.042274287221917096
0.9186357243858263,0.08136427561417374
0.9235186792168109,0.07648132078318914
0.9685294048695416,0.03147059513045831
0.9246611262218215,0.07533887377817855
0.9256955125869488,0.07430448741305119
0.9557396919194046,0.044260308080595556
0.939999141170169,0.06000085882983106
0.9485040839280988,0.05149591607190127
0.9412976713233302,0.05870232867666973
0.9474622347056582,0.052537765294341815
0.9326456066611872,0.06735439333881278
0.9573939173026766,0.04260608269732338
0.9647592532784843,0.03524074672151567
0.9368083733941949,0.06319162660580509
0.9536256310894785,0.04637436891052156
0.9275583732506689,0.0724416267493311
0.9768331775510403,0.02316682244895982
0.9528073449810807,0.04719265501891933
0.9294906335951283,0.07050936640487167
0.9439287026235498,0.056071297376450176
0.9573440390671698,0.04265596093283023
0.9425128869106923,0.0574871130893076
0.9417040454237653,0.05829595457623471
0.9246187107661613,0.07538128923383869
0.9345002321599379,0.06549976784006199
0.9199099948906516,0.0800900051093483
0.9198182817688669,0.0801817182311332
0.9437720303530047,0.05622796964699536
0.9454881815512881,0.05451181844871186
0.9581882106052265,0.04181178939477353
0.9467020303762077,0.0532979696237923
0.9631132111896136,0.03688678881038639
0.9160112827707739,0.08398871722922609
0.984355409795599,0.01564459020440103
0.9076873829070657,0.09231261709293433
0.9268871692235541,0.07311283077644594
0.922856675560912,0.07714332443908813
0.9417873559494397,0.05821264405056035
0.98033373122592,0.019666268774080047
0.9598224086209265,0.04017759137907355
0.9398317582612339,0.06016824173876605
0.9403756351473461,0.05962436485265392
0.9510602580729801,0.048939741927019845
0.9625989123612355,0.03740108763876451
0.9427412856951582,0.05725871430484174
0.918830307461994,0.08116969253800593
0.9464687700999818,0.053531229900018275
0.9038289171800157,0.0961710828199844
0.9330474793216375,0.06695252067836252
0.9151951131313978,0.08480488686860224
0.9448836226379542,0.05511637736204586
0.919003383009451,0.08099661699054916
0.9361991047324253,0.06380089526757475
0.9677571045799983,0.03224289542000173
0.9556682796824542,0.04433172031754587
0.9176130632822758,0.0823869367177243
0.9388894489616508,0.06111055103834925
0.9121360175799798,0.08786398242002018
0.9092599957250374,0.09074000427496268
0.9615901643418069,0.038409835658193135
0.9489181747584525,0.05108182524154751
0.9440103627884772,0.05598963721152289
0.9343806390738604,0.06561936092613967
0.9354473827650516,0.06455261723494839
0.9187801642536355,0.08121983574636456
0.9434790041672766,0.05652099583272341
0.958034682692999,0.04196531730700116
0.9321870568973399,0.06781294310266019
0.9521982545626446,0.04780174543735545
0.9668759781833723,0.03312402181662771
0.8998530027419553,0.10014699725804466
0.9313555795056662,0.06864442049433381
0.9461390797995191,0.053860920200480944
0.9495213003093382,0.050478699690661856
0.9613713202061035,0.0386286797938965
0.9282187021697377,0.07178129783026231
0.9426129121375332,0.05738708786246689
0.940345007937466,0.05965499206253403
0.9330038982356055,0.06699610176439455
0.925271865379023,0.07472813462097715
0.9193647437095893,0.08063525629041067
0.9431426555966876,0.056857344403312304
0.929921193165656,0.070078806834344
0.9046531273936881,0.09534687260631187
0.9524465111296223,0.04755348887037784
0.9012197008593382,0.09878029914066173
0.9293001187097307,0.07069988129026926
0.9612227625137951,0.038777237486204805
0.9530030884656274,0.04699691153437258
0.9574980197472427,0.04250198025275721
0.939889986751364,0.06011001324863602
0.9406482461036303,0.059351753896369736
0.9463328126986199,0.053667187301380204
0.9387418263708769,0.06125817362912313
0.9267397043561192,0.07326029564388081
0.94151966085615,0.058480339143850056
0.9468774891076019,0.05312251089239808
0.9424064107119215,0.05759358928807849
0.941962447920566,0.05803755207943397
0.9465339051247259,0.053466094875274144
0.9490560278161229,0.05094397218387706
0.9193826077609962,0.08061739223900379
0.9202584347676496,0.07974156523235053
0.9689176330914907,0.031082366908509337
0.9270555745068892,0.07294442549311067
0.9157117496597575,0.08428825034024254
0.9315027720151179,0.06849722798488209
0.9326558572353467,0.06734414276465331
0.9297701125130446,0.0702298874869554
0.9298208498605499,0.07017915013944998
0.9524486296877142,0.047551370312285915
0.9436902317019307,0.05630976829806932
0.9555387946129277,0.044461205387072295
0.9283321736066791,0.07166782639332092
0.9514437058969254,0.04855629410307457
0.9388811008432081,0.061118899156791855
0.9242872472112226,0.07571275278877736
0.9420289473696599,0.05797105263034008
0.9520116918043664,0.04798830819563368
0.9688859685169446,0.031114031483055346
0.9288911163956941,0.07110888360430594
0.9300468402371243,0.06995315976287572
0.916722803153253,0.08327719684674693
0.9495564427976374,0.05044355720236257
0.9368364479715119,0.06316355202848815
0.9165320560350991,0.08346794396490083
0.9779001334442602,0.02209986655573979
0.9400098281882105,0.0599901718117895
0.9478445277468766,0.05215547225312341
0.9501142647810108,0.049885735218989126
0.918786828451998,0.08121317154800198
0.9584771664499131,0.04152283355008686
0.9565564198622643,0.04344358013773578
0.9308211370842155,0.06917886291578457
0.9593972726251994,0.040602727374800696
0.9503331174535451,0.04966688254645491
0.9287395884032575,0.07126041159674243
0.9330824446693351,0.06691755533066494
0.9353342588746423,0.06466574112535771
0.9012088666192934,0.09879113338070666
0.9303775965418478,0.06962240345815224
0.9098296201550574,0.09017037984494254
0.9408286094002544,0.05917139059974557
0.9517606590402583,0.04823934095974182
0.9379022381607451,0.06209776183925485
0.9430445896298774,0.05695541037012267
0.9580913775280137,0.041908622471986325
0.9228879221788282,0.07711207782117192
0.944425350996544,0.05557464900345611
0.9180628340034164,0.08193716599658371
0.9553089383907469,0.04469106160925308
0.9606093437256981,0.03939065627430203
0.9434671423974812,0.0565328576025188
0.9428950233610857,0.05710497663891438
0.9282396392264544,0.07176036077354572
0.9615073743269338,0.03849262567306635
0.976207922871801,0.02379207712819899
0.9255049128036329,0.07449508719636708
0.9326637002275517,0.06733629977244832
0.932453740045672,0.06754625995432807
0.9456456311083639,0.05435436889163617
0.9790448436903406,0.02095515630965938
0.9568946121421887,0.04310538785781128
0.9565326313120083,0.04346736868799175
0.9250474764911609,0.07495252350883914
0.9236856318799627,0.0763143681200373
0.9476203568183498,0.0523796431816502
0.9536892183239039,0.046310781676096174
0.9416959113014098,0.0583040886985901
0.9414938741649466,0.058506125835053414
0.9250886320881756,0.07491136791182447
0.909714126690821,0.09028587330917899
0.9420020243312331,0.057997975668766875
0.9438778485511361,0.05612215144886386
0.9494473498545434,0.050552650145456623
0.9666275995288547,0.03337240047114539
0.9194273803106745,0.08057261968932553
0.9301270223100855,0.06987297768991454
0.953676200796852,0.046323799203148004
0.9197690489424057,0.08023095105759426
0.9086451357699911,0.09135486423000891
0.9186993572831311,0.08130064271686886
0.9535645839777027,0.04643541602229726
0.9357546340339397,0.06424536596606033
0.9382128459181661,0.06178715408183389
0.9297614405082524,0.07023855949174763
0.9784325282834113,0.02156747171658862
0.9309140479058887,0.06908595209411127
0.961951439585107,0.03804856041489305
0.9234468451992989,0.07655315480070107
0.9698766024289935,0.030123397571006467
0.9342313431369775,0.06576865686302248
0.9203492338008865,0.07965076619911352
0.9370944555926708,0.0629055444073293
0.9496453164935328,0.05035468350646725
0.9734630642082069,0.02653693579179313
0.9439512039816695,0.05604879601833045
0.9256244424803529,0.07437555751964699
0.93265196556209,0.06734803443791006
0.9261814790372674,0.07381852096273255
0.9644802257080749,0.03551977429192512
0.974486983174783,0.025513016825217047
0.9645504230556198,0.03544957694438029
0.9232248677388695,0.07677513226113049
0.9203995722199998,0.07960042778000018
0.9632697528369875,0.03673024716301258
0.9491885613021074,0.050811438697892675
0.9047478452096479,0.09525215479035203
0.9516885454116176,0.04831145458838252
0.947100974477265,0.0528990255227349
0.9335751609396788,0.0664248390603212
0.9724005630025359,0.027599436997464116
0.9492249202037673,0.05077507979623277
0.9403434051544242,0.059656594845575825
0.9585065763176772,0.041493423682322825
0.9629537679086259,0.03704623209137415
0.9368818028621816,0.06311819713781848
0.9456096645244139,0.05439033547558612
0.9716276544730793,0.02837234552692076
0.942488394898171,0.05751160510182901
0.961772470650079,0.03822752934992106
0.9214259637000677,0.07857403629993234
0.9590275073905276,0.040972492609472486
0.9515048282282584,0.048495171771741584
0.973658521046698,0.026341478953301904
0.9214602034237929,0.07853979657620717
0.9213452276616103,0.07865477233838976
0.9429110197799817,0.05708898022001833
0.9223318321033224,0.0776681678966776
0.9400232945147078,0.05997670548529224
0.9356869328003329,0.06431306719966719
0.9305337649287536,0.06946623507124645
0.9206764730001618,0.07932352699983827
0.953119411998646,0.046880588001353966
0.9558775852965057,0.044122414703494275
0.9017193117565516,0.09828068824344831
0.9239448833219496,0.0760551166780504
0.9499413330716308,0.050058666928369265
0.9510656583145325,0.048934341685467585
0.9552924240492069,0.04470757595079303
0.9581453846320451,0.04185461536795486
0.9923117999926194,0.007688200007380643
0.9339012889305027,0.06609871106949738
0.9480317304308019,0.05196826956919813
0.9374740426756075,0.06252595732439245
0.9445742268754587,0.05542577312454133
0.9486366586916585,0.051363341308341484
0.9433111334357365,0.05668886656426361
0.9680339862201234,0.031966013779876706
0.9451343714052177,0.05486562859478222
0.895976430488675,0.10402356951132494
0.9628787076890742,0.03712129231092575
0.9148386197636346,0.08516138023636546
0.9622109373161641,0.03778906268383588
0.9182140158595443,0.08178598414045579
0.9267916888153144,0.07320831118468565
0.9416849615011373,0.05831503849886267
0.9271259730441911,0.07287402695580901
0.9522254574191621,0.04777454258083793
0.939113876144487,0.060886123855512994
0.9234575258795887,0.07654247412041118
0.9540953731577257,0.04590462684227432
0.9652542267278467,0.034745773272153474
0.956030421160522,0.04396957883947805
0.9395756251419101,0.06042437485808985
0.9409446780912337,0.059055321908766355
0.9676081363486593,0.032391863651340766
0.928679255949172,0.07132074405082793
0.9285111688621253,0.0714888311378748
0.9597881860944135,0.0402118139055865
0.9414029160560468,0.058597083943953264
0.9107994417040364,0.08920055829596367
0.9549658971181402,0.045034102881859835
0.9876677850393801,0.012332214960619986
0.9165523346939896,0.08344766530601049
0.9279293884550648,0.07207061154493528
0.951054910386157,0.04894508961384315
0.9106082038239218,0.08939179617607816
0.9296153199779885,0.07038468002201148
0.9386760212056754,0.06132397879432462
0.9535295455396362,0.04647045446036381
0.9390466093604168,0.06095339063958312
0.9352150863507696,0.06478491364923047
0.9852812972584729,0.014718702741527041
0.940760300685934,0.059239699314065974
0.9378840612297774,0.06211593877022264
0.9465534102330874,0.05344658976691272
0.9626481195637865,0.0373518804362135
0.9315684609241447,0.06843153907585538
0.9896232624743081,0.010376737525691867
0.951951115971381,0.04804888402861895
0.9395948525833513,0.06040514741664878
0.9549847961803243,0.045015203819675706
0.9561127396024988,0.04388726039750123
0.9257779545212054,0.07422204547879463
0.9591201690432629,0.040879830956737015
0.9272428249688963,0.07275717503110374
0.9586489247725242,0.04135107522747588
0.9490408149104526,0.05095918508954746
0.9403415791068843,0.059658420893115655
0.9458168888716886,0.054183111128311416
0.9118241369981493,0.08817586300185075
0.9405662134195126,0.059433786580487494
0.9581110315172963,0.041888968482703806
0.9639783070356484,0.03602169296435169
0.9193460697820734,0.0806539302179266
0.9588788444293421,0.041121155570657854
0.9379411574112231,0.062058842588776954
0.9341146365056562,0.06588536349434387
0.93694165423075,0.06305834576925003
0.9592202149573088,0.040779785042691225
0.9439628003943896,0.05603719960561035
0.9500748365389464,0.04992516346105361
0.9508482538293632,0.04915174617063685
0.9242839196709003,0.07571608032909971
0.9160379284883139,0.08396207151168605
0.9505913309126347,0.049408669087365374
0.9535804084119875,0.04641959158801252
0.976510345392168,0.02348965460783206
0.954331111403763,0.045668888596236995
0.9185370976094647,0.08146290239053533
0.9457129766242228,0.05428702337577716
0.899349998623535,0.100650001376465
0.9721463555257934,0.027853644474206535
0.9372733847646981,0.06272661523530197
0.9290095177899476,0.07099048221005241
0.9517769917002616,0.04822300829973841
0.9223953966807786,0.0776046033192214
0.9347321955033957,0.06526780449660433
0.9368766783073855,0.06312332169261453
0.9280267229300124,0.07197327706998767
0.9489982934375942,0.05100170656240584
0.9642750504445313,0.03572494955546873
0.9512782534896498,0.04872174651035016
0.9618370398887959,0.03816296011120417
0.8985274569882093,0.10147254301179069
0.9446768617602134,0.05532313823978673
0.9537087396668258,0.046291260333174246
0.9511996478192105,0.04880035218078949
0.9587726616894688,0.04122733831053117
0.988364756055211,0.011635243944788896
0.9615256969944104,0.03847430300558964
0.9511759344639031,0.048824065536096826
0.9385458724477881,0.06145412755221195
0.9614077505198195,0.038592249480180446
0.9417064413543405,0.05829355864565952
0.9450845571144274,0.054915442885572596
0.9347560595578469,0.06524394044215308
0.9467288353246015,0.05327116467539847
0.9560098889379444,0.04399011106205563
0.9546916060957177,0.04530839390428232
0.907241195193818,0.0927588048061821
0.9367058386889507,0.06329416131104933
0.8702802546223687,0.12971974537763126
0.9692310862361324,0.030768913763867624
0.8942876318027118,0.10571236819728831
0.9541479705694156,0.0458520294305844
0.9415101609043753,0.05848983909562468
0.9612193051740175,0.038780694825982544
0.9353693387031372,0.06463066129686285
0.9188052743261871,0.08119472567381303
0.939630372440614,0.060369627559385936
0.9326803628274165,0.06731963717258349
0.9236211979455569,0.07637880205444307
0.9640536507315002,0.03594634926849986
0.919193165341595,0.080806834658405
0.946490616440177,0.05350938355982303
0.9292659379073223,0.07073406209267784
0.9427695793113614,0.05723042068863863
0.9676568316265651,0.03234316837343491
0.9399310059123961,0.060068994087603904
0.9491075292875756,0.05089247071242448
0.9296492089621305,0.07035079103786952
0.9575178704090209,0.04248212959097915
0.9074998789769148,0.0925001210230853
0.9302316654996606,0.06976833450033945
0.9336491900825162,0.06635080991748375
0.9778778250985776,0.022122174901422386
0.9173753109175665,0.08262468908243349
0.9291919829864578,0.07080801701354217
0.9248490482496827,0.07515095175031732
0.9400544395746504,0.05994556042534952
0.9091521980610657,0.09084780193893426
0.9566379695736427,0.04336203042635727
0.9611972923004432,0.038802707699556904
0.92723720461607,0.07276279538393006
0.9609881090987572,0.03901189090124295
0.9547643081966334,0.04523569180336659
0.9556801899193542,0.04431981008064579
0.9503601135884964,0.04963988641150376
0.9474020910798648,0.0525979089201352
0.9400821066450709,0.059917893354929155
0.9523052956072358,0.047694704392764194
0.9264117023469333,0.07358829765306675
0.9148755984933857,0.08512440150661427
0.9533697231891599,0.04663027681084006
0.8952772150832927,0.10472278491670726
0.9272267748869125,0.07277322511308751
0.947848239833582,0.05215176016641798
0.945303115114201,0.05469688488579906
0.9494942784005418,0.050505721599458264
0.9582103808502184,0.04178961914978162
0.9373848740464027,0.0626151259535973
0.9794712771952387,0.02052872280476121
0.957690490136165,0.0423095098638349
0.8898937110326631,0.11010628896733696
0.9057450986238633,0.09425490137613672
0.9344346655045769,0.06556533449542311
0.9405713700544968,0.05942862994550322
0.924597095347462,0.07540290465253802
0.9213049472726594,0.07869505272734047
0.9470966311530857,0.05290336884691439
0.944013726970364,0.055986273029636005
0.9420324712426298,0.057967528757370275
0.9438267818187318,0.056173218181268206
0.9494574797585105,0.05054252024148961
0.9233146133697109,0.07668538663028922
0.9525628033888985,0.047437196611101545
0.9652966785341577,0.034703321465842235
0.9182274027847152,0.08177259721528489
0.9450832812242084,0.054916718775791656
0.9312853960487578,0.06871460395124218
0.9176849987685228,0.08231500123147706
0.9322476428841701,0.06775235711582994
0.9236132743478691,0.07638672565213088
0.9265376449035452,0.07346235509645477
0.9310744364601473,0.06892556353985267
0.957659189331861,0.042340810668139
0.9254985213772264,0.07450147862277365
0.9692314816449072,0.030768518355092745
0.9361780491637358,0.06382195083626413
0.9686971497612035,0.03130285023879653
0.9573657310871524,0.04263426891284772
0.9572915056642646,0.04270849433573546
0.9265483588317441,0.07345164116825598
0.9485377656928385,0.05146223430716144
0.9344618660164973,0.06553813398350274
0.9275766928404604,0.07242330715953962
0.899611810251019,0.10038818974898113
0.9492757357634631,0.05072426423653686
0.917540190543867,0.08245980945613292
0.9494883423873194,0.05051165761268064
0.9646895553508823,0.03531044464911771
0.933456579442252,0.06654342055774795
0.958297560714877,0.04170243928512302
0.9663692239843444,0.033630776015655575
0.9526490299681217,0.047350970031878235
0.9354613578782701,0.06453864212173001
0.9822655338221756,0.01773446617782444
0.9561911801243381,0.043808819875661924
0.9097303794605281,0.09026962053947181
0.9595205829998568,0.04047941700014325
0.9080962195990063,0.09190378040099366
0.918651675773836,0.0813483242261641
0.9469678552741926,0.05303214472580748
0.929890761511344,0.07010923848865604
0.9318394473732851,0.06816055262671497
0.9590877208182231,0.04091227918177685
0.980423482983159,0.019576517016841096
0.930443919183601,0.06955608081639893
0.8944831925404965,0.10551680745950356
0.9553662247275181,0.04463377527248185
0.9423913811163299,0.05760861888367011
0.9426090541677179,0.05739094583228214
0.9248248272651715,0.07517517273482857
0.9406724576247997,0.0593275423752004
0.9376849994768,0.06231500052320006
0.952759999955046,0.047240000044954066
0.9219422986593422,0.0780577013406579
0.9379473286446229,0.062052671355377
0.9335618910369238,0.06643810896307617
0.9591068555201671,0.04089314447983299
0.911122153693204,0.08887784630679602
0.9758227040222267,0.02417729597777334
0.9371517654100624,0.0628482345899376
0.9330328071041429,0.06696719289585706
0.9623506254309839,0.037649374569016084
0.9625529090246798,0.03744709097532012
0.9520882760339701,0.04791172396602991
0.958047096659149,0.041952903340851125
0.9457396414557077,0.05426035854429244
0.9566162331677431,0.04338376683225689
0.9303145840534607,0.0696854159465393
0.8888653561004332,0.11113464389956686
0.9760965527483026,0.023903447251697345
0.9046321665589493,0.09536783344105065
0.9245199157250726,0.07548008427492733
0.9439205704377583,0.05607942956224164
0.9432928506468488,0.056707149353151264
0.9519398221792337,0.0480601778207663
0.9653796204118743,0.03462037958812564
0.9215844624463233,0.07841553755367674
0.9510420819962883,0.048957918003711715
0.922605088350041,0.07739491164995908
0.9718332131395453,0.02816678686045474
0.9593158221779461,0.040684177822053885
0.9604595784952217,0.039540421504778336
0.931642635830776,0.06835736416922397
0.9432404078659941,0.05675959213400596
0.9381758958926613,0.06182410410733876
0.9298307279237813,0.0701692720762188
0.9265282523631059,0.07347174763689406
0.9389383471682421,0.06106165283175802
0.9304010202190458,0.06959897978095422
0.9593950838623414,0.04060491613765858
0.945884128050574,0.05411587194942602
0.9566372057570944,0.04336279424290557
0.9034767040852176,0.09652329591478234
0.9236322108095261,0.07636778919047393
0.9459367739107345,0.054063226089265656
0.9530007080954838,0.04699929190451625
0.9273163578128266,0.07268364218717333
0.9393488934449169,0.0606511065550832
0.9353799233725697,0.06462007662743031
0.9430933304166521,0.05690666958334788
0.9478107275996865,0.05218927240031343
0.9272085569326891,0.07279144306731086
0.952794167523018,0.0472058324769819
0.9282443657434849,0.07175563425651517
0.975744022606568,0.02425597739343202
0.9264159314011832,0.07358406859881687
0.9607603622105648,0.03923963778943518
0.9632651790957465,0.036734820904253576
0.894971063414894,0.10502893658510615
0.9583969486869487,0.041603051313051226
0.9335206577111528,0.06647934228884729
0.9406810908692844,0.05931890913071566
0.9565401506544364,0.04345984934556352
0.9343314394824097,0.0656685605175903
0.9610248379353964,0.03897516206460359
0.931351635172706,0.06864836482729399
0.9005074348230275,0.09949256517697251
0.9416587590814538,0.058341240918546276
0.917104928007793,0.08289507199220698
0.8816508585284354,0.1183491414715646
0.9274822740251149,0.0725177259748852
0.9390478749707926,0.060952125029207486
0.934740395860063,0.0652596041399371
0.9129138717542564,0.08708612824574355
0.929595993285056,0.07040400671494403
0.9508568267460987,0.049143173253901315
0.9529314484394854,0.04706855156051454
0.9676039290518829,0.032396070948117174
0.9019240860262425,0.09807591397375748
0.9178889580722899,0.08211104192771017
0.9438494014024149,0.056150598597585026
0.9164698746921809,0.08353012530781913
0.9017687960927069,0.09823120390729309
0.9451443072114719,0.05485569278852812
0.9652557824019268,0.03474421759807322
0.9741753241234967,0.025824675876503243
0.9467990719217829,0.053200928078217045
0.9509556555294444,0.049044344470555626
0.9397914525021891,0.06020854749781096
0.9621019808401792,0.0378980191598209
0.9186224457288122,0.08137755427118774
0.9229124120310506,0.0770875879689494
0.9253545632024953,0.07464543679750464
0.9362364798861097,0.06376352011389035
0.9386197694484579,0.06138023055154206
0.9217612694794322,0.07823873052056785
0.9430638461851121,0.05693615381488802
0.9482421241782675,0.05175787582173249
0.921005826469066,0.07899417353093395
0.9618867994855824,0.03811320051441758
0.935218318933364,0.06478168106663591
0.9174692706117007,0.08253072938829933
0.9317342968217966,0.06826570317820345
0.9249921733413292,0.0750078266586708
0.9617216117488245,0.038278388251175445
0.932745070621011,0.06725492937898914
0.9614031049541579,0.038596895045842086
0.9326251324668435,0.06737486753315648
0.9516118743478268,0.04838812565217315
0.9059082559721643,0.09409174402783577
0.9668148385282649,0.033185161471735176
0.9019154968763644,0.0980845031236357
0.9606488079591042,0.03935119204089571
0.9321743154194551,0.06782568458054503
0.9211353086632459,0.07886469133675417
0.9491591820022921,0.05084081799770791
0.9389639628304758,0.06103603716952426
0.9276200406603166,0.07237995933968344
0.9533127702648982,0.04668722973510178
0.9372539084846335,0.0627460915153665
0.9491131256981058,0.050886874301894335
0.9537129935217977,0.04628700647820225
0.9530627233019822,0.046937276698017866
0.9425466341180702,0.05745336588192979
0.9512746489774759,0.04872535102252399
0.962340313551967,0.03765968644803306
0.9648886851685975,0.03511131483140252
0.9564441609720857,0.043555839027914274
0.9212477041259616,0.07875229587403836
0.9703322111753194,0.0296677888246806
0.9659722619506459,0.0340277380493542
0.9487994538493189,0.05120054615068114
0.9649176285498738,0.03508237145012625
0.9510815146053272,0.048918485394672924
0.9396593297581859,0.06034067024181411
0.9606140465489377,0.03938595345106232
0.974323701400013,0.025676298599986984
0.960539883336726,0.039460116663273946
0.943059734139249,0.05694026586075092
0.9497737357575693,0.050226264242430665
0.91617360883112,0.08382639116888004
0.9304925527092454,0.06950744729075471
0.9092979224548515,0.09070207754514856
0.9466559639007882,0.05334403609921179
0.9260747624628966,0.0739252375371036
0.915697496578222,0.084302503421778
0.9313906782515364,0.06860932174846346
0.9443736050763577,0.05562639492364237
0.9436837480251195,0.056316251974880514
0.9573201664110873,0.04267983358891272
0.9328687149728799,0.06713128502712012
0.9346248313647032,0.06537516863529684
0.8945869579631234,0.10541304203687668
0.9365720456295274,0.06342795437047255
0.9690164128321679,0.03098358716783211
0.9543944324498148,0.04560556755018513
0.9108675655059429,0.08913243449405713
0.9569647118694127,0.04303528813058735
0.928121389784679,0.0718786102153211
0.945621667794142,0.05437833220585788
0.9161728851614936,0.08382711483850643
0.9561803064701354,0.04381969352986465
0.9417736740834494,0.05822632591655069
0.9513533575730071,0.04864664242699289
0.9190794377792928,0.08092056222070734
0.9380965902357135,0.06190340976428648
0.9417810009068124,0.05821899909318769
0.9456564641760895,0.05434353582391066
0.9598935610334661,0.0401064389665339
0.9486413707371418,0.05135862926285817
0.8985504390709618,0.1014495609290382
0.9252796661508527,0.07472033384914742
0.9539161321144803,0.04608386788551974
0.8785886136870382,0.12141138631296172
0.9203869121962723,0.07961308780372771
0.9299718047683548,0.07002819523164518
0.9351590025990457,0.06484099740095438
0.9000151454086871,0.09998485459131289
0.9619518804038526,0.03804811959614753
0.9644143234908442,0.03558567650915581
0.9604136073125409,0.03958639268745914
0.931339153587875,0.06866084641212497
0.9664710181221634,0.033528981877836636
0.9789701568145206,0.021029843185479374
0.9459057018262014,0.05409429817379866
0.9801637946462396,0.019836205353760433
0.9471204835890649,0.0528795164109352
0.9150150683220739,0.08498493167792608
0.9399311945282744,0.060068805471725634
0.9464332889003284,0.05356671109967157
0.9361089327390578,0.06389106726094218
0.9670515555439743,0.03294844445602578
0.9276477717792972,0.07235222822070275
0.9427500500893311,0.05724994991066887
0.9269622317889461,0.07303776821105393
0.8953180934287968,0.10468190657120319
0.9495620527071136,0.05043794729288637
0.9373329862160722,0.06266701378392775
0.9249467604423541,0.07505323955764584
0.951815138071883,0.04818486192811695
0.9679410722837474,0.032058927716252614
0.9776758577130864,0.022324142286913665
0.8939047598506564,0.10609524014934364
0.9472722292729832,0.05272777072701683
0.9569346508356171,0.04306534916438284
0.9510962965914754,0.04890370340852453
0.9505452459235882,0.04945475407641169
0.9517621974124301,0.04823780258756998
0.9682941110968993,0.03170588890310061
0.9522688662659416,0.047731133734058316
0.9511327792840509,0.04886722071594901
0.9293801418975705,0.07061985810242946
0.9520532280647473,0.04794677193525262
0.9197453124190851,0.08025468758091499
0.9322293624687681,0.06777063753123189
0.9336077887627825,0.06639221123721754
0.9072521555458896,0.09274784445411043
0.9298039955395573,0.07019600446044273
0.951082795175504,0.04891720482449611
0.9282527452788142,0.07174725472118584
0.931385613386084,0.06861438661391595
0.9715380353179447,0.02846196468205533
0.9464110394892161,0.05358896051078384
0.940049663570645,0.05995033642935504
0.9060857448873347,0.09391425511266523
0.9797381640452296,0.020261835954770442
0.9438852607100205,0.05611473928997947
0.9368490492740543,0.06315095072594566
0.947498661182245,0.05250133881775501
0.9254538564149684,0.07454614358503159
0.9436138582698383,0.05638614173016172
0.9386980548857617,0.061301945114238275
0.9482892105321072,0.05171078946789284
0.9632409605873898,0.03675903941261016
0.9581331137729854,0.04186688622701453
0.9532529309867034,0.04674706901329664
0.9566384990794166,0.043361500920583385
0.9380378052113688,0.061962194788631214
0.9200483960965158,0.0799516039034843
0.9355341926941527,0.06446580730584732
0.934683950016283,0.06531604998371703
0.9128940505362378,0.0871059494637621
0.9416249524047039,0.05837504759529608
0.9464855496536327,0.053514450346367204
0.9418214891752263,0.05817851082477361
0.9703058615600006,0.029694138439999376
0.9559538828208417,0.04404611717915816
0.8914819654217687,0.10851803457823123
0.94989919141681,0.050100808583190055
0.935018214636477,0.0649817853635229
0.9044838822071993,0.09551611779280066
0.9641279278422946,0.03587207215770543
0.9016053367059692,0.09839466329403079
0.9099267635631245,0.09007323643687554
0.9372186786993527,0.06278132130064736
0.9481945528145633,0.05180544718543678
0.9540342835341521,0.04596571646584795
0.9370337376243291,0.06296626237567088
0.9563461789376366,0.04365382106236334
0.9285124742697899,0.0714875257302101
0.9102187000585104,0.08978129994148973
0.9289465416986966,0.07105345830130343
0.9714784974794708,0.028521502520529242
0.9281036128731025,0.07189638712689753
0.934706189935781,0.06529381006421907
0.9130361654761019,0.08696383452389812
0.9465824813908782,0.053417518609121854
0.9408387304146115,0.059161269585388414
0.9300650765424778,0.06993492345752224
0.9315871256582579,0.06841287434174217
0.952940437493113,0.04705956250688713
0.924549721250064,0.07545027874993608
0.9472647398488141,0.05273526015118591
0.9529486769262657,0.04705132307373434
0.9401303202898245,0.05986967971017555
0.9244117492720588,0.07558825072794123
0.9466153556532717,0.053384644346728266
0.9250770254434497,0.07492297455655028
0.9550337461953847,0.044966253804615344
0.9427427456095785,0.05725725439042148
0.9296470054443516,0.07035299455564833
0.8743325177667329,0.125667482233267
0.9630169403192774,0.0369830596807226
0.9392363501860828,0.060763649813917305
0.9386625513264709,0.06133744867352909
0.8984737732108171,0.10152622678918297
0.9445836807216561,0.05541631927834396
0.9380321224364978,0.06196787756350215
0.9488746154911516,0.051125384508848355
0.9615686912608623,0.0384313087391377
0.945015572139653,0.0549844278603469
0.9570875170741676,0.0429124829258324
0.9456440559726587,0.0543559440273413
0.933597731666458,0.0664022683335421
0.9225927469322514,0.0774072530677487
0.9389106357268601,0.06108936427313988
0.9292741055473597,0.07072589445264038
0.9309546037344418,0.06904539626555828
0.9541535154537978,0.045846484546202215
0.9326295653665592,0.06737043463344085
0.924763507590897,0.07523649240910309
0.9319886812461924,0.06801131875380763
0.9815033933807364,0.0184966066192636
0.9513615190072017,0.04863848099279846
0.9485010365487069,0.05149896345129317
0.94679599652797,0.05320400347202999
0.938493183405154,0.0615068165948461
0.9505683862081865,0.04943161379181339
0.9234154669638984,0.0765845330361016
0.939318307283242,0.0606816927167581
0.9600337999197577,0.039966200080242334
0.9272094065810187,0.07279059341898135
0.9488855472854539,0.05111445271454609
0.9280624656828081,0.07193753431719185
0.9180341704071485,0.08196582959285151
0.936948211984201,0.06305178801579897
0.9476740169400364,0.052325983059963666
0.959356953811942,0.040643046188058106
0.9104666797768332,0.0895333202231669
0.9208228001710398,0.07917719982896017
0.9360814404110603,0.06391855958893972
0.9496242610508052,0.05037573894919483
0.9644996406209446,0.03550035937905539
0.9620083858653358,0.037991614134664356
0.9365971157699681,0.0634028842300319
0.9274037302307719,0.072596269769228
0.9368693441990991,0.06313065580090095
0.9252853388263277,0.07471466117367231
0.924778795430014,0.07522120456998607
0.9667937237685199,0.033206276231480064
0.8993075156286042,0.1006924843713958
0.9218142860855414,0.0781857139144586
0.9379271017559592,0.06207289824404084
0.9436282767727375,0.05637172322726249
0.9071095292525472,0.09289047074745288
0.9508223776801816,0.04917762231981838
0.9290670649455511,0.0709329350544489
0.945788470519935,0.05421152948006507
0.906615935438426,0.09338406456157403
0.956666756131349,0.043333243868650985
0.9316259921596783,0.06837400784032176
0.9167410101219466,0.08325898987805329
0.9309507109611428,0.06904928903885714
0.9686458693945053,0.03135413060549471
0.9442367080852514,0.055763291914748575
0.9058670251484776,0.09413297485152236
0.9382163646309806,0.0617836353690195
0.9606393018954044,0.039360698104595596
0.9135419227961372,0.08645807720386285
0.9412523184032934,0.05874768159670673
0.9705368008516126,0.029463199148387346
0.9291806386627627,0.07081936133723722
0.9520854839898111,0.04791451601018886
0.9607964572754263,0.0392035427245737
0.9389781443400367,0.06102185565996326
0.9272097997944385,0.07279020020556144
0.9546021953422654,0.045397804657734554
0.9434882672854622,0.056511732714537806
0.946239492921573,0.05376050707842706
0.9509306696896793,0.04906933031032071
0.940239925514332,0.05976007448566797
0.9451812696469193,0.05481873035308073
0.909700356946779,0.09029964305322102
0.9646448660263499,0.03535513397365009
0.9728702195456765,0.027129780454323467
0.9243592908188363,0.0756407091811637
0.9585856357585112,0.041414364241488935
0.9420479262011393,0.05795207379886076
0.9333831216793051,0.06661687832069485
0.9584072911548331,0.04159270884516685
0.9231264511058315,0.07687354889416849
0.9427903089614649,0.057209691038535106
0.9763864179692493,0.023613582030750722
0.9531604608807014,0.04683953911929873
0.9223808291014337,0.07761917089856628
0.9459650894188649,0.054034910581135125
0.9068725746135153,0.09312742538648476
0.946946653755106,0.05305334624489401
0.932433219630717,0.06756678036928303
0.9362862183892281,0.06371378161077194
0.9499032982549526,0.05009670174504741
0.9391370997869662,0.06086290021303385
0.9373411129090734,0.06265888709092658
0.9289755056809579,0.07102449431904202
0.9361620860085456,0.06383791399145439
0.914600309968106,0.08539969003189389
0.9346441300396606,0.0653558699603393
0.9472357761455705,0.052764223854429436
0.9399461475846964,0.060053852415303616
0.9685422326070797,0.031457767392920305
0.9370986315331137,0.06290136846688624
0.9205879629869951,0.07941203701300499
0.9243566235055,0.07564337649450015
0.9462726203044565,0.05372737969554346
0.9623162887854724,0.03768371121452765
0.9334597987587887,0.06654020124121139
0.9480367693776857,0.05196323062231437
0.948474180918256,0.051525819081744105
0.9392040417040314,0.06079595829596868
0.9907540270139219,0.009245972986078167
0.9451220557294562,0.05487794427054386
0.9278425906987876,0.07215740930121249
0.9294990141393321,0.07050098586066794
0.9599558887801531,0.04004411121984686
0.9337762028988725,0.06622379710112762
0.9339914949238464,0.06600850507615358
0.9439577012152163,0.05604229878478372
0.9409431663589138,0.05905683364108619
0.9452554391544227,0.05474456084557727
0.9602271957161818,0.03977280428381818
0.9035296514887916,0.09647034851120839
0.9341276651314819,0.0658723348685181
0.9284744154587744,0.07152558454122554
0.9128096589700716,0.0871903410299284
0.9184553652847258,0.08154463471527426
0.9281656854394855,0.07183431456051453
0.9422664622514185,0.057733537748581476
0.9437632035617985,0.056236796438201515
0.961451506896738,0.038548493103262006
0.9380564878490729,0.06194351215092721
0.9648362466841353,0.03516375331586474
0.9448604831433434,0.05513951685665661
0.9587846160137705,0.04121538398622954
0.9469335769998581,0.05306642300014199
0.9304392854167193,0.06956071458328078
0.9491686121068657,0.05083138789313443
0.9572100241240186,0.04278997587598158
0.9558759632154559,0.04412403678454416
0.9426521727261254,0.0573478272738746
0.9424559990292499,0.05754400097075014
0.9483122203283207,0.051687779671679285
0.9458496572019465,0.054150342798053606
0.9524282585653533,0.04757174143464666
0.9583908704431747,0.04160912955682531
0.960257251696858,0.039742748303141937
0.9442927840231137,0.055707215976886396
0.9263599712748106,0.07364002872518942
0.9487108531816579,0.05128914681834211
0.95246676035792,0.047533239642079984
0.9698361254016656,0.030163874598334313
0.9185656301175649,0.08143436988243513
0.9042429591930422,0.09575704080695784
0.9011535127192014,0.09884648728079858
0.9588035514102619,0.0411964485897382
0.9615123444007547,0.03848765559924525
0.9604688006873835,0.0395311993126164
0.9613375435641316,0.03866245643586844
0.9430130463639991,0.056986953636000884
0.974401282514059,0.02559871748594102
0.9456569143000526,0.0543430856999474
0.9170039562832132,0.08299604371678679
0.9562123767171826,0.04378762328281742
0.9330046477276227,0.06699535227237743
0.9598881356870783,0.04011186431292171
0.9268903537895349,0.07310964621046512
0.9790105807103611,0.020989419289638954
0.931868175574838,0.06813182442516187
0.9243959605793093,0.07560403942069077
0.9459389374043843,0.054061062595615744
0.9514195239628149,0.04858047603718507
0.9604637776585255,0.0395362223414745
0.9409097575632506,0.059090242436749485
0.9649942533258842,0.03500574667411585
0.9406306325047712,0.05936936749522885
0.9110879086601955,0.08891209133980449
0.9483102131837523,0.05168978681624778
0.9505276737528593,0.04947232624714061
0.9557844355990824,0.04421556440091752
0.9249083718355203,0.07509162816447966
0.9585221100289777,0.04147788997102239
0.9175687038129005,0.08243129618709956
0.9618701492541145,0.03812985074588555
0.9368962981486867,0.06310370185131325
0.9494744132086934,0.05052558679130662
0.9514342132581577,0.048565786741842275
0.9256320157550536,0.07436798424494642
0.9471694290454328,0.05283057095456716
0.9410595627056126,0.05894043729438745
0.9339019870114397,0.0660980129885604
0.9078310084983813,0.09216899150161872
0.9464349355857343,0.053565064414265715
0.9524480753258688,0.04755192467413118
0.9387769286468776,0.061223071353122424
0.9735312786708318,0.026468721329168134
0.9417157533058137,0.05828424669418619
0.9521702857930611,0.047829714206938906
0.917905338938137,0.08209466106186299
0.9464459744026202,0.05355402559737974
0.9664357549697933,0.03356424503020676
0.9735864123084365,0.026413587691563593
0.9395751755743558,0.060424824425644286
0.9207544407919831,0.0792455592080169
0.8967991160559894,0.10320088394401071
0.9158640125101366,0.0841359874898634
0.9466106988376494,0.05338930116235064
0.9379617332669075,0.06203826673309258
0.9759260452361849,0.024073954763815106
0.9750489110246601,0.024951088975340003
0.9292477630991546,0.07075223690084544
0.8890743866352697,0.11092561336473025
0.9417147352478329,0.05828526475216721
0.9427266332399638,0.05727336676003628
0.9606496157670794,0.03935038423292064
0.9469128957276476,0.053087104272352505
0.9584069301694313,0.04159306983056851
0.9534696621463548,0.046530337853645354
0.928314108356442,0.07168589164355803
0.9378270329685402,0.06217296703145977
0.9392661920090057,0.060733807990994246
0.9280577099494475,0.0719422900505525
0.9243672518642594,0.0756327481357407
0.9532274419842287,0.04677255801577123
0.9000596499003535,0.09994035009964647
0.9186974979019155,0.08130250209808453
0.948815935418835,0.05118406458116498
0.9435584981960257,0.056441501803974406
0.9498847554003534,0.05011524459964657
0.9616666802278887,0.038333319772111296
0.9619530821697043,0.03804691783029561
0.906919887187779,0.09308011281222102
0.9534767993913835,0.04652320060861648
0.9181853674425424,0.0818146325574576
0.9616672532543632,0.0383327467456368
0.9500479551763935,0.049952044823606524
0.9373522856243182,0.0626477143756818
0.9410315773681702,0.0589684226318297
0.9244010385742503,0.07559896142574969
0.9557811510291664,0.04421884897083359
0.9538067144772296,0.04619328552277049
0.9600409001970579,0.03995909980294215
0.9578327143965335,0.04216728560346657
0.9428638634527758,0.05713613654722425
0.9394641902942904,0.060535809705709494
0.9311197061416192,0.06888029385838088
0.940943876525476,0.05905612347452406
0.951214533629337,0.04878546637066297
0.9370293397904906,0.06297066020950931
0.9425784477895756,0.057421552210424505
0.9444400466624748,0.05555995333752526
0.9327481207581796,0.06725187924182044
0.9207815757440553,0.07921842425594466
0.9721782675766995,0.027821732423300466
0.9165809893502084,0.08341901064979164
0.9465272828022723,0.05347271719772775
0.9223391483100094,0.07766085168999068
0.9488640792476561,0.05113592075234391
0.9673141272046925,0.03268587279530755
0.9005260534131595,0.09947394658684046
0.9334749040335852,0.06652509596641482
0.9242180023190907,0.07578199768090935
0.9163833976608189,0.08361660233918104
0.9497767311906851,0.050223268809314894
0.902850023574619,0.09714997642538103
0.9318710456203664,0.06812895437963372
0.951367154137634,0.048632845862366034
0.9167295742001097,0.08327042579989034
0.9494887356530206,0.05051126434697936
0.9397752221478215,0.06022477785217855
0.9737369367758574,0.026263063224142656
0.8894684703135799,0.11053152968642017
0.9346900147274062,0.06530998527259384
0.9687750104004066,0.031224989599593477
0.9433088580878961,0.05669114191210389
0.9446637787999747,0.0553362212000254
0.9408821100167101,0.05911788998328995
0.9184435028115692,0.0815564971884308
0.9372686074053986,0.06273139259460146
0.9701790950782071,0.02982090492179286
0.9410512047432961,0.05894879525670387
0.9494043476275528,0.05059565237244732
0.9614077079788016,0.03859229202119839
0.9528641836628782,0.047135816337121904
0.9447009766591585,0.05529902334084142
0.9138673076180592,0.0861326923819408
0.9357465427878041,0.06425345721219593
0.9705344998282862,0.02946550017171389
0.945687645555687,0.054312354444313045
0.9332633847854085,0.0667366152145915
0.9476016594986016,0.052398340501398404
0.9442558835857318,0.05574411641426818
0.9575476539138454,0.04245234608615458
0.9446100458922593,0.055389954107740745
0.9515525019002823,0.04844749809971776
0.933912298710406,0.06608770128959394
0.9609729440367532,0.039027055963246945
0.9236385178468934,0.0763614821531066
0.9537876537064435,0.046212346293556666
0.9084900772801292,0.09150992271987092
0.9652221661814568,0.03477783381854317
0.9811527967665136,0.018847203233486348
0.9496729630986718,0.05032703690132819
0.9164392629908551,0.08356073700914485
0.9342898024130666,0.0657101975869334
0.9370318510526373,0.06296814894736273
0.9289879526682403,0.07101204733175964
0.9340477860887311,0.06595221391126896
0.9505589229739595,0.04944107702604054
0.965554841095834,0.034445158904165926
0.9964966628375175,0.003503337162482573
0.9416247718032672,0.05837522819673275
0.9268605908802477,0.0731394091197523
0.9522324323809588,0.04776756761904106
0.9456700067553573,0.054329993244642716
0.9364524263465908,0.06354757365340921
0.9724916262977297,0.027508373702270404
0.9328282077880475,0.06717179221195256
0.9792881192151546,0.020711880784845378
0.9669302658109595,0.03306973418904048
0.942420993621737,0.057579006378263006
0.944181134009982,0.05581886599001806
0.9636455877500514,0.03635441224994865
0.9441517651477424,0.0558482348522577
0.9509874796478597,0.04901252035214033
0.9109879053673848,0.08901209463261513
0.9303590770373906,0.06964092296260949
0.9778979590042695,0.022102040995730564
0.9331627885012627,0.06683721149873738
0.9300902108161614,0.06990978918383861
0.9406236299163109,0.059376370083689144
0.948629677384723,0.05137032261527702
0.9557405056945598,0.04425949430544019
0.9577036669847391,0.042296333015260854
0.966857666515875,0.033142333484124986
0.9351654090821298,0.06483459091787024
0.9420015509983591,0.05799844900164084
0.9449745450654844,0.05502545493451573
0.929401215152168,0.07059878484783204
0.9305247864578198,0.06947521354218025
0.9366269533032212,0.06337304669677878
0.9344223631320888,0.0655776368679112
0.8969801851902974,0.10301981480970254
0.9624983223041089,0.0375016776958911
0.9292216818690037,0.0707783181309964
0.9399979844529418,0.06000201554705825
0.9732513658139197,0.026748634186080367
0.9577987545602171,0.042201245439782986
0.9192820976801055,0.08071790231989444
0.9325496525547825,0.0674503474452175
0.9347991215874851,0.06520087841251489
0.9650281253192244,0.03497187468077556
0.9717150032816352,0.028284996718364736
0.9258532610232891,0.07414673897671091
0.963234171909292,0.03676582809070802
0.943992183207218,0.056007816792781925
0.9346742309541514,0.06532576904584862
0.9328256505587584,0.0671743494412416
0.9254007931426632,0.07459920685733679
0.9506107571542263,0.049389242845773694
0.9474459454541573,0.05255405454584277
0.9607491852544822,0.0392508147455179
0.958436936505118,0.041563063494882
0.9591239565020131,0.0408760434979869
0.9373492708056632,0.06265072919433677
0.9518790819585415,0.0481209180414585
0.9854595769429595,0.014540423057040524
0.924476998749993,0.07552300125000697
0.9751830111779252,0.024816988822074813
0.9467106508977734,0.053289349102226644
0.8925906383489851,0.10740936165101488
0.9359529953572785,0.06404700464272149
0.939644527241327,0.06035547275867312
0.9457785424748395,0.05422145752516051
0.9669570346731967,0.03304296532680329
0.9616394329031115,0.03836056709688836
0.9697024101532663,0.030297589846733863
0.9314423649519702,0.06855763504802974
0.9546804963560132,0.0453195036439869
0.9299124475489265,0.07008755245107354
0.9600235227467835,0.039976477253216604
0.9575887336381871,0.042411266361812944
0.9652607330452129,0.0347392669547872
0.9226810983488227,0.07731890165117734
0.9536483075039774,0.046351692496022515
0.9360422260285481,0.06395777397145185
0.9246279984577864,0.07537200154221352
0.9561811202074983,0.043818879792501784
0.9509932825417825,0.04900671745821744
0.959371460667179,0.04062853933282099
0.9334099463739468,0.06659005362605319
0.9499719681887354,0.05002803181126461
0.9717078283689239,0.02829217163107623
0.9275036620807657,0.07249633791923432
0.9716603803001989,0.02833961969980119
0.9904189221050026,0.009581077894997469
0.9624332913902859,0.03756670860971415
0.9300594463251212,0.06994055367487877
0.946351291380269,0.05364870861973106
0.9291394373633844,0.0708605626366156
0.9712998459568186,0.028700154043181488
0.9502264716145332,0.049773528385466746
0.9218253981264776,0.07817460187352245
0.9212724275393226,0.07872757246067746
0.9333967140485789,0.06660328595142109
0.9245711310519351,0.07542886894806496
0.9630848239955853,0.03691517600441475
0.9347928876223022,0.06520711237769784
0.9551377311875886,0.044862268812411496
0.910994640783412,0.0890053592165881
0.9409727663928704,0.05902723360712962
0.9016524994590565,0.09834750054094346
0.9595542520830402,0.04044574791695981
0.9339198482063594,0.06608015179364062
0.9329078228038741,0.0670921771961259
0.9224802795292697,0.07751972047073032
0.9588364453719372,0.041163554628062836
0.9426959457296356,0.05730405427036446
0.9685601524464714,0.0314398475535286
0.9739700233260309,0.026029976673969096
0.9282013046846886,0.07179869531531131
0.9444684463589441,0.05553155364105582
0.9553968556051824,0.044603144394817634
0.9702227243445267,0.02977727565547337
0.9274288945086503,0.07257110549134968
0.9567022835875681,0.043297716412431714
0.9656542076967664,0.03434579230323361
0.9236296038822916,0.07637039611770836
0.9328520535701755,0.06714794642982451
0.9211928230308689,0.07880717696913105
0.930952033350758,0.06904796664924195
0.9228634804177573,0.07713651958224262
0.9420226336816,0.05797736631840011
0.9209031651841854,0.07909683481581462
0.9249402964225204,0.07505970357747951
0.905376777333106,0.09462322266689403
0.9250127559263653,0.07498724407363475
0.9534369568337658,0.04656304316623418
0.944168251406352,0.05583174859364807
0.9540400429134668,0.045959957086533075
0.9395895009602059,0.060410499039794056
0.9288766392376063,0.07112336076239373
0.9539439630700461,0.046056036929953824
0.9469625214209877,0.05303747857901223
0.909143790285449,0.09085620971455104
0.9639243690128703,0.036075630987129834
0.9463098953716321,0.05369010462836792
0.9178045760512938,0.08219542394870608
0.893396461721386,0.10660353827861394
0.9546990673943618,0.045300932605638236
0.9685874089106512,0.03141259108934886
0.9206419153919151,0.07935808460808493
0.9137663467161441,0.08623365328385584
0.9480861260201778,0.05191387397982221
0.9614228639911782,0.038577136008821886
0.9188701145938082,0.08112988540619187
0.948173119659318,0.05182688034068204
0.9304199656538743,0.06958003434612575
0.9379028794037667,0.06209712059623333
0.9404657855191885,0.059534214480811594
0.9427536335879563,0.057246366412043746
0.9372043418322356,0.06279565816776432
0.9365363969628342,0.06346360303716583
0.9353823251169469,0.06461767488305323
0.9485784210228585,0.05142157897714146
0.9236505690594968,0.07634943094050309
0.9418292726363644,0.05817072736363563
0.9539759829147929,0.04602401708520717
0.9621979552082687,0.03780204479173134
0.9328557214843354,0.06714427851566464
0.9495643207311223,0.05043567926887773
0.9755732909617115,0.024426709038288474
0.9301606957080623,0.06983930429193774
0.9431573483917403,0.05684265160825976
0.9528161988109886,0.0471838011890114
0.9584803491995646,0.04151965080043552
0.9657069550066774,0.034293044993322766
0.9268680133905093,0.07313198660949068
0.9110955838469793,0.08890441615302086
0.9360605629548944,0.06393943704510571
0.9646313811692924,0.03536861883070765
0.9402014731734873,0.0597985268265126
0.9435341224602075,0.056465877539792514
0.9252475419292303,0.07475245807076959
0.9145749537133514,0.08542504628664874
0.9378422142491392,0.062157785750860825
0.9649292853929063,0.035070714607093614
0.9320970874054223,0.06790291259457774
0.9114264895944786,0.08857351040552147
0.9360048552794991,0.06399514472050094
0.9419794007584985,0.05802059924150152
0.9837537387054918,0.016246261294508332
0.9555679247304276,0.04443207526957242
0.9582835261983871,0.04171647380161292
0.9530938927277478,0.04690610727225224
0.9341164608418829,0.06588353915811701
0.9568185290989021,0.04318147090109797
0.9446372359678002,0.05536276403219986
0.9187610033465002,0.08123899665349982
0.9391774999922209,0.06082250000777908
0.9504136424891942,0.04958635751080566
0.9604596819697935,0.03954031803020659
0.9370855681617482,0.06291443183825184
0.9326591009863043,0.06734089901369578
0.918405058274144,0.08159494172585609
0.9354552394321751,0.06454476056782488
0.9054742054878263,0.09452579451217366
0.9468324501466997,0.0531675498533003
0.9456900091052225,0.05430999089477758
0.944995295749335,0.05500470425066492
0.9192185229141241,0.08078147708587585
0.9040111014187943,0.0959888985812057
0.9549425397147214,0.045057460285278524
0.9574514833478965,0.04254851665210346
0.9339100117728382,0.06608998822716186
0.9290076236093274,0.07099237639067263
0.9152249252556475,0.0847750747443526
0.9322225745204836,0.06777742547951646
0.9688085329668104,0.031191467033189653
0.9507352856345611,0.04926471436543896
0.9629729739577175,0.0370270260422824
0.9649039515055382,0.035096048494461844
0.9706854109117944,0.029314589088205608
0.950002299437303,0.04999770056269708
0.931378962851622,0.06862103714837794
0.9319857113624938,0.06801428863750622
0.9238679521499468,0.0761320478500532
0.9520709148815283,0.0479290851184717
0.9606134113279187,0.0393865886720814
0.9614698388444677,0.03853016115553227
0.9571577848696236,0.04284221513037642
0.9353270580874561,0.06467294191254384
0.9280982657658129,0.07190173423418719
0.9572946396888934,0.042705360311106694
0.9506228067281148,0.049377193271885195
0.9419305453145154,0.058069454685484544
0.9463840987855437,0.053615901214456266
0.9575822781691413,0.0424177218308587
0.9492946275740928,0.05070537242590724
0.9365365206984575,0.06346347930154249
0.9594996997272112,0.04050030027278888
0.9293534277278471,0.07064657227215297
0.9504058031532221,0.04959419684677803
0.9559273730946198,0.04407262690538012
0.9772530248601214,0.02274697513987856
0.9427391241949503,0.05726087580504962
0.9442357927358311,0.05576420726416883
0.9258234524459991,0.07417654755400098
0.9215768545188022,0.0784231454811978
0.9661827578729595,0.0338172421270405
0.9230349250935356,0.07696507490646445
0.9357177642799945,0.06428223572000549
0.9233113233196508,0.07668867668034927
0.976994962331225,0.023005037668775076
0.9626658471693693,0.037334152830630754
0.9537465003442939,0.04625349965570622
0.9448156636757232,0.05518433632427676
0.938009523941311,0.061990476058689056
0.9065577932597034,0.0934422067402966
0.9305565862875441,0.06944341371245585
0.9559531359192353,0.04404686408076476
0.9545890628498391,0.04541093715016096
0.9558351175389874,0.044164882461012675
0.9726462284986462,0.02735377150135381
0.9544559829187041,0.04554401708129583
0.9665293089987564,0.03347069100124355
0.9619863135707655,0.03801368642923461
0.8893163230481205,0.11068367695187949
0.9628184577306971,0.037181542269302884
0.94168690617115,0.05831309382885007
0.9234108158490668,0.07658918415093328
0.9370931176381141,0.06290688236188587
0.9009807735931625,0.0990192264068375
0.9251324159070883,0.07486758409291173
0.9449425211775376,0.055057478822462355
0.9109132209333495,0.08908677906665058
0.9199812165312183,0.08001878346878173
0.9381616447247002,0.0618383552752999
0.9298611735759255,0.07013882642407465
0.927087961169917,0.07291203883008308
0.92209529204264,0.07790470795736007
0.9294456842392581,0.07055431576074195
0.9522450389237881,0.04775496107621201
0.943537011361463,0.05646298863853705
0.951209533749631,0.04879046625036905
0.9007849689043734,0.09921503109562654
0.9071125725115824,0.09288742748841766
0.9537797015839832,0.04622029841601687
0.9503598891928472,0.04964011080715278
0.9299258143091582,0.07007418569084177
0.9349577494743608,0.06504225052563914
0.9225355378357111,0.07746446216428904
0.9276762962955934,0.07232370370440644
0.9453132075592783,0.05468679244072172
0.9456839204718787,0.0543160795281214
0.9343119823533108,0.06568801764668918
0.9336356640297999,0.06636433597020013
0.9208523862333529,0.07914761376664717
0.9628315992344886,0.037168400765511464
0.9271041677446437,0.0728958322553564
0.9315763124081525,0.06842368759184748
0.9322588092439921,0.06774119075600804
0.9106294321446319,0.08937056785536815
0.9265350036574161,0.07346499634258384
0.9312955390909019,0.06870446090909815
0.900149830636141,0.09985016936385908
0.9376483486299166,0.062351651370083416
0.9214203946945857,0.07857960530541423
0.9314664636313396,0.06853353636866043
0.9562292455164868,0.0437707544835131
0.9692891536684631,0.030710846331536798
0.9063402932534831,0.0936597067465169
0.9318457100064931,0.06815428999350688
0.9604057035598372,0.03959429644016278
0.9313203689196178,0.0686796310803822
0.9194570545015537,0.08054294549844623
0.971101218260342,0.02889878173965796
0.9182246215033288,0.08177537849667117
0.9468378788181413,0.05316212118185873
0.9809219810806662,0.019078018919333715
0.9324561517432034,0.06754384825679655
0.9176461071145091,0.08235389288549083
0.9542497330781093,0.04575026692189063
0.9240376249842132,0.0759623750157868
0.9608189303592297,0.03918106964077031
0.9060936151851788,0.09390638481482125
0.9176749795753324,0.08232502042466772
0.9277695945227863,0.07223040547721375
0.9391871264599408,0.060812873540059216
0.9392848111529786,0.06071518884702149
0.9566489464254316,0.04335105357456846
0.9568631825111698,0.043136817488830345
0.9524532398244095,0.04754676017559052
0.9373996407833649,0.06260035921663507
0.9655350046444313,0.03446499535556877
0.9494811194821572,0.05051888051784294
0.9468035367774997,0.05319646322250019
0.9524525231197498,0.04754747688025018
0.9444091550165219,0.05559084498347822
0.9520648999196527,0.047935100080347307
0.8907878065189311,0.1092121934810689
0.9140768910744264,0.08592310892557373
0.9617406929677444,0.0382593070322556
0.9301981869964592,0.06980181300354088
0.9626326329003485,0.03736736709965158
0.9311274919563512,0.06887250804364872
0.9282618703022899,0.07173812969771008
0.956482923589443,0.04351707641055711
0.9538611604545469,0.04613883954545314
0.9367313861056054,0.06326861389439467
0.919568193543901,0.08043180645609907
0.9212032306973722,0.07879676930262777
0.9275087466444535,0.07249125335554656
0.9252023933311048,0.07479760666889519
0.9588854296902395,0.04111457030976058
0.8951619614304339,0.10483803856956608
0.9122409418446504,0.08775905815534957
0.8847809174774489,0.11521908252255114
0.945038118444492,0.054961881555507915
0.956898463041658,0.043101536958342006
0.9598994573388142,0.04010054266118578
0.9096151268240935,0.09038487317590656
0.9701113390872131,0.029888660912786892
0.9346552456531304,0.06534475434686965
0.9392925044647555,0.06070749553524452
0.9394752009703781,0.06052479902962193
0.93279424611532,0.06720575388467992
0.909552591580791,0.09044740841920897
0.9584681736836593,0.04153182631634074
0.9273139687274813,0.07268603127251876
0.910146476525613,0.08985352347438708
0.975198828678288,0.024801171321712043
0.9457342193802563,0.05426578061974381
0.9437559327527558,0.056244067247244144
0.9247215509107735,0.07527844908922655
0.9400845288951912,0.05991547110480886
0.9417810423664404,0.0582189576335596
0.9135434021253184,0.08645659787468161
0.9596443118572687,0.040355688142731265
0.9434989296924912,0.056501070307508824
0.958010649445355,0.04198935055464518
0.9368401029714647,0.06315989702853533
0.9368203735405692,0.06317962645943072
0.9417774526655627,0.05822254733443743
0.9309758815794034,0.06902411842059666
0.9411590415919482,0.05884095840805184
0.9032819837453047,0.09671801625469538
0.9359664845919441,0.06403351540805598
0.9179240538733925,0.0820759461266076
0.9666359305725243,0.033364069427475745
0.9098668999835821,0.09013310001641792
0.9370182643607202,0.06298173563927983
0.9220462826956196,0.07795371730438037
0.9258255299716371,0.07417447002836297
0.938110063980455,0.0618899360195449
0.9472011116088026,0.052798888391197424
0.9253425469315947,0.0746574530684053
0.9586521650683756,0.04134783493162439
0.9428344821764412,0.05716551782355881
0.9411738469982531,0.0588261530017468
0.9323061106800483,0.06769388931995175
0.9436462484056104,0.05635375159438955
0.9595125200256812,0.040487479974318674
0.9464071056989813,0.05359289430101867
0.9533591489666826,0.04664085103331742
0.9439925364704653,0.05600746352953469
0.942099141523846,0.05790085847615395
0.9410003542560809,0.05899964574391916
0.9298184650094786,0.07018153499052135
0.942180115675934,0.0578198843240661
0.9266969819027445,0.07330301809725548
0.9473705185166613,0.0526294814833386
0.9489800321621028,0.05101996783789704
0.9517627425735559,0.048237257426444025
0.9372300081879784,0.06276999181202163
0.9642401739190541,0.03575982608094589
0.9257872414276612,0.07421275857233883
0.9239364500505458,0.0760635499494542
0.9325228319452034,0.06747716805479655
0.914791936667325,0.08520806333267499
0.9406415718990029,0.059358428100997056
0.9531978520176333,0.04680214798236682
0.9409155162886746,0.059084483711325284
0.9413332185647847,0.058666781435215296
0.9633467678838334,0.03665323211616656
0.933810447452208,0.06618955254779206
0.9435182505382256,0.056481749461774526
0.9626462360439161,0.037353763956084
0.915012660230648,0.08498733976935209
0.9463119715941365,0.053688028405863446
0.9389989098553293,0.06100109014467069
0.9498556508616031,0.05014434913839686
0.9394595027822388,0.0605404972177612
0.9245380116819576,0.07546198831804239
0.9297172107728854,0.0702827892271146
0.9317136727634532,0.06828632723654676
0.9523003543375068,0.047699645662493136
0.9530816915654672,0.046918308434532825
0.9049084452098461,0.09509155479015376
0.9621728266283219,0.037827173371678124
0.9222634583167606,0.07773654168323935
0.8979958399613053,0.10200416003869486
0.9383003253767541,0.06169967462324584
0.943630589593773,0.05636941040622712
0.9456089612645887,0.054391038735411394
0.9727685308826821,0.02723146911731791
0.9258026240660742,0.07419737593392585
0.9417770081022171,0.058222991897782884
0.9528205320891311,0.047179467910869
0.9423595995051187,0.057640400494881276
0.9515969375214158,0.04840306247858422
0.9520896373674225,0.04791036263257758
0.9481515105077687,0.0518484894922313
0.9682858083510799,0.031714191648920156
0.9311439192365922,0.06885608076340774
0.944927756538143,0.05507224346185701
0.967789626949746,0.03221037305025398
0.9181716870555388,0.08182831294446129
0.9449893313851947,0.05501066861480539
0.9369321766215699,0.06306782337843007
0.9327705186635212,0.0672294813364788
0.923750009436819,0.07624999056318102
0.955851478744129,0.04414852125587095
0.961466612621445,0.038533387378555085
0.9557083377024639,0.0442916622975362
0.946516337610337,0.05348366238966294
0.9407210615839628,0.059278938416037236
0.920160085180678,0.079839914819322
0.9372240367846839,0.06277596321531613
0.9547722306425241,0.04522776935747592
0.9325079741512814,0.06749202584871852
0.9739106557181372,0.02608934428186296
0.910098830466036,0.08990116953396407
0.9560151284051164,0.04398487159488365
0.9491418543089462,0.05085814569105385
0.9245832542965485,0.07541674570345144
0.9384722141086878,0.06152778589131229
0.9407220197574697,0.059277980242530316
0.9590093994832176,0.040990600516782424
0.9299498950504147,0.07005010494958537
0.9405635307550744,0.05943646924492565
0.8963871814113069,0.10361281858869298
0.9519528765136162,0.048047123486383826
0.9427996009244728,0.05720039907552736
0.941730098029336,0.05826990197066394
0.9459794861492037,0.05402051385079646
0.9409428659702144,0.059057134029785574
0.9427711029832412,0.05722889701675892
0.9329477875951115,0.06705221240488851
0.9404654953817071,0.05953450461829289
0.9237992363371178,0.07620076366288224
0.9418667277895995,0.05813327221040067
0.9918428487154124,0.008157151284587669
0.9381977453520401,0.06180225464795991
0.95513301923653,0.044866980763469955
0.9564088938770757,0.04359110612292422
0.9522051181950784,0.047794881804921606
0.9503413987410566,0.049658601258943426
0.9483888841325291,0.05161111586747098
0.9586483884233281,0.04135161157667195
0.9801162933222952,0.019883706677704872
0.9456981700568271,0.05430182994317294
0.9264494670791817,0.07355053292081828
0.9649545865500594,0.03504541344994054
0.930723555314784,0.06927644468521613
0.9576212406381032,0.04237875936189692
0.9297074936368683,0.0702925063631316
0.9313889810158573,0.06861101898414279
0.9685078392834633,0.03149216071653672
0.9568000460777483,0.043199953922251816
0.9631811856227082,0.03681881437729192
0.9164904498824412,0.08350955011755873
0.9577359984933216,0.04226400150667847
0.9435705580699081,0.05642944193009189
0.9531656232707391,0.046834376729261044
0.9067530769887783,0.09324692301122171
0.9355694209212762,0.0644305790787238
0.939805330548156,0.06019466945184402
0.9224145629338557,0.07758543706614432
0.9463773500561878,0.05362264994381217
0.9080117956218762,0.09198820437812391
0.9432800974415602,0.056719902558439915
0.9342253422423479,0.06577465775765211
0.9477415457164996,0.05225845428350043
0.9337645794339706,0.06623542056602943
0.93944193246503,0.06055806753497
0.9695141531334361,0.03048584686656387
0.9355121874003255,0.06448781259967451
0.95256830929039,0.047431690709609946
0.9310811430019189,0.06891885699808116
0.9485386476685115,0.05146135233148846
0.9556672051640397,0.04433279483596034
0.941342730598658,0.05865726940134204
0.9472309624616713,0.05276903753832865
0.975483429699879,0.024516570300120857
0.9523629076692429,0.047637092330757115
0.8859493586082913,0.11405064139170878
0.9626993092949112,0.03730069070508878
0.94740077746128,0.05259922253871995
0.9445228560802696,0.055477143919730354
0.9377778475776032,0.06222215242239682
0.924812404477961,0.07518759552203913
0.90932122248874,0.09067877751125998
0.9385406063165507,0.06145939368344933
0.9508013950489517,0.04919860495104829
0.9561100090775395,0.043889990922460535
0.9530071932185132,0.04699280678148689
0.963820349202832,0.03617965079716803
0.9350125049811056,0.06498749501889445
0.9181539832714977,0.08184601672850247
0.9678014803642103,0.03219851963578964
0.9245445543535407,0.07545544564645931
0.9218546465014176,0.07814535349858247
0.9621593480463441,0.03784065195365591
0.9109398567476896,0.08906014325231032
0.942459566847724,0.057540433152275985
0.9182352279097091,0.08176477209029084
0.9530875397934334,0.04691246020656668
0.9601577134179928,0.039842286582007114
0.9418800348810132,0.05811996511898679
0.9284495616036744,0.07155043839632566
0.9345731956524206,0.06542680434757937
0.9477538201948635,0.05224617980513641
0.9518040906793844,0.04819590932061568
0.9444749015546099,0.05552509844539018
0.9517495577742756,0.04825044222572434
0.9448713181389246,0.055128681861075425
0.9237371263799092,0.07626287362009081
0.9381189196933301,0.061881080306669986
0.9381274655893015,0.061872534410698454
0.9454305398280896,0.05456946017191037
0.950738377105779,0.04926162289422104
0.9408999322718532,0.05910006772814685
0.9317641052116621,0.06823589478833793
0.9127518284596579,0.0872481715403422
0.9520426131546411,0.047957386845358864
0.9548492851534047,0.045150714846595164
0.934979495272279,0.06502050472772104
0.9665846446408133,0.03341535535918674
0.9512912551838804,0.04870874481611969
0.9382103336748985,0.061789666325101474
0.933220106871267,0.06677989312873292
0.9508319809591245,0.0491680190408756
0.934595465047901,0.06540453495209902
0.9768565235791106,0.023143476420889476
0.9606740554051726,0.039325944594827515
0.9366639025167848,0.06333609748321524
0.9246607969583771,0.07533920304162284
0.9355448428996687,0.06445515710033141
0.953508195118041,0.04649180488195907
0.9587677837725674,0.04123221622743255
0.9386596128148941,0.061340387185105975
0.9352221954208146,0.06477780457918546
0.9545472362227468,0.045452763777253165
0.9373754585970635,0.0626245414029366
0.9359059690253361,0.064094030974664
0.9573327080491729,0.042667291950827024
0.9423128990204394,0.057687100979560604
0.9105143380842757,0.08948566191572432
0.9259299274329802,0.07407007256701983
0.9363179628960019,0.06368203710399808
0.945461659944607,0.054538340055393056
0.9436799290374792,0.05632007096252076
0.9725328568631739,0.027467143136826085
0.9353205965644967,0.06467940343550332
0.9119972402631751,0.08800275973682498
0.9565702690059237,0.04342973099407642
0.958112590131442,0.04188740986855811
0.9125061531042278,0.08749384689577215
0.972437034281145,0.027562965718854984
0.9596579474595169,0.04034205254048301
0.9500120743860054,0.04998792561399447
0.9326592817911938,0.06734071820880627
0.9436966136519328,0.056303386348067246
0.9464266775405397,0.05357332245946027
0.9355810820709961,0.06441891792900388
0.9654192900806285,0.034580709919371455
0.9366612649501648,0.06333873504983521
0.9273688479141345,0.07263115208586556
0.9239722105362353,0.07602778946376468
0.9303032948367488,0.06969670516325124
0.9131926855520697,0.08680731444793031
0.9011247974760338,0.09887520252396623
0.9378737158241044,0.062126284175895635
0.980109503134911,0.019890496865089067
0.9324830172169566,0.0675169827830433
0.9587934968880432,0.041206503111956796
0.9513146091857841,0.04868539081421591
0.8876740281628702,0.11232597183712974
0.9518143505898286,0.048185649410171436
0.9343542838304612,0.06564571616953883
0.9580905213101786,0.04190947868982142
0.9419120417832568,0.058087958216743105
0.967610335734953,0.03238966426504691
0.9516657856396529,0.04833421436034708
0.9602796909523714,0.03972030904762854
0.9200696839637127,0.0799303160362874
0.9144767461848993,0.08552325381510073
0.9163685718321604,0.08363142816783968
0.9309973332283313,0.06900266677166876
0.9412778209526419,0.05872217904735823
0.9230683039312488,0.07693169606875114
0.9392726749366013,0.060727325063398764
0.9354078844584126,0.0645921155415873
0.9568823757290288,0.04311762427097124
0.9769934727215841,0.023006527278415973
0.9455556606088207,0.05444433939117932
0.9749299234256995,0.0250700765743005
0.9557268071377494,0.0442731928622506
0.9166741577206625,0.08332584227933745
0.9425506437223565,0.057449356277643505
0.9239750318444803,0.07602496815551972
0.9650194795841901,0.0349805204158099
0.9570306945084445,0.042969305491555546
0.9480494038111291,0.05195059618887096
0.948623802887556,0.05137619711244403
0.9448147423727988,0.05518525762720111
0.931458346524072,0.06854165347592792
0.9349003301611505,0.06509966983884945
0.9412660533664509,0.05873394663354912
0.9295522574509906,0.07044774254900936
0.9504259145685677,0.04957408543143235
0.9555822130255459,0.04441778697445417
0.9540409594969121,0.045959040503087974
0.9374398984515631,0.062560101548437
0.9590770629329022,0.04092293706709789
0.9382504355692441,0.06174956443075581
0.9562106187550361,0.043789381244963926
0.9691391449153617,0.03086085508463831
0.9331693381103124,0.06683066188968748
0.9586409953988888,0.041359004601111124
0.9321561717793738,0.06784382822062612
0.9623564539680372,0.03764354603196295
0.9495270553608763,0.05047294463912373
0.9561241803461986,0.04387581965380139
0.9321576049298026,0.0678423950701975
0.954721407279159,0.04527859272084101
0.9365892528101132,0.0634107471898868
0.9469492138406038,0.05305078615939625
0.909685500045609,0.0903144999543911
0.9335251991000976,0.06647480089990244
0.9335284151975549,0.06647158480244506
0.942549617273311,0.05745038272668902
0.9547978896265773,0.045202110373422755
0.9294380459814467,0.07056195401855336
0.9168047268238927,0.08319527317610723
0.9586794374874131,0.04132056251258685
0.9138289846181165,0.08617101538188356
0.8789744743960995,0.12102552560390037
0.9476130111085942,0.05238698889140577
0.960837114031365,0.03916288596863517
0.9321910322167419,0.06780896778325815
0.8810174631670952,0.11898253683290475
0.940130034925265,0.05986996507473509
0.9496691665144799,0.05033083348552013
0.9453563792233958,0.05464362077660418
0.9219633660553735,0.0780366339446265
0.9250965460434121,0.07490345395658796
0.9503867203760124,0.04961327962398765
0.9257080564490655,0.0742919435509345
0.9722313244721188,0.027768675527881186
0.9351798588193745,0.06482014118062557
0.9533823204690275,0.046617679530972636
0.955387535571973,0.04461246442802694
0.9342319656973109,0.06576803430268902
0.9241381754254687,0.07586182457453132
0.928500196578562,0.07149980342143811
0.9440349465934175,0.05596505340658252
0.9312814145715458,0.0687185854284542
0.9185714165005731,0.08142858349942696
0.9386373634015753,0.06136263659842464
0.9500897580037228,0.04991024199627722
0.9648879662487293,0.03511203375127081
0.961220548807842,0.03877945119215801
0.9079112445670888,0.09208875543291123
0.9406909106367827,0.05930908936321735
0.9459315529163906,0.0540684470836093
0.9247043812971996,0.07529561870280035
0.944595664728303,0.05540433527169704
0.9318680181312395,0.06813198186876059
0.9233461154417159,0.07665388455828419
0.9468772812457035,0.053122718754296624
0.9629868019811018,0.03701319801889816
0.9183659485087381,0.08163405149126193
0.9382468162005502,0.06175318379944987
0.9592335763597611,0.040766423640238934
0.9384045927802556,0.06159540721974443
0.9492481613767557,0.05075183862324431
0.9565388864349823,0.043461113565017646
0.9788993270218503,0.021100672978149673
0.9363441493256536,0.06365585067434648
0.9399852926764944,0.06001470732350549
0.8986179736561631,0.10138202634383688
0.9424873232442449,0.057512676755755075
0.9418142489731349,0.05818575102686508
0.9456920740330653,0.05430792596693471
0.9233153591565657,0.07668464084343427
0.9358116315359883,0.06418836846401178
0.9517975723397054,0.04820242766029456
0.9419871873004199,0.05801281269958013
0.9530789017121818,0.04692109828781824
0.9375968951992597,0.06240310480074033
0.9662508532958052,0.03374914670419483
0.9231553693687274,0.07684463063127253
0.9159424055506511,0.08405759444934884
0.918653436563806,0.08134656343619392
0.9429917563915607,0.05700824360843919
0.9434513847210483,0.056548615278951726
0.9542836980992917,0.04571630190070834
0.9027585122510704,0.0972414877489296
0.9359762922573346,0.06402370774266541
0.9578414723240487,0.042158527675951366
0.9314796541720267,0.06852034582797333
0.9384243284875061,0.06157567151249385
0.9390492539787906,0.0609507460212095
0.9486660354264214,0.05133396457357865
0.9421610166887078,0.057838983311292176
0.9590217362722692,0.04097826372773094
0.9365070465598425,0.06349295344015748
0.9090013155018555,0.0909986844981445
0.9044216702949718,0.09557832970502823
0.8847394908470511,0.11526050915294889
0.936098339656261,0.0639016603437391
0.9224623553546731,0.07753764464532696
0.969475717702822,0.030524282297178032
0.9409283468657135,0.05907165313428647
0.9604031216408471,0.039596878359152946
0.9625432617980875,0.037456738201912615
0.9406697973578823,0.05933020264211777
0.9342680660323628,0.06573193396763731
0.9450449884775354,0.05495501152246466
0.9174104180228495,0.0825895819771505
0.9374078331008708,0.0625921668991292
0.9013146138699246,0.09868538613007546
0.9668723721718687,0.033127627828131265
0.9455704956423029,0.054429504357697084
0.9424618004839217,0.05753819951607832
0.911719223675261,0.0882807763247389
0.9523563957270988,0.04764360427290115
0.9508832354633728,0.04911676453662721
0.9613072240199153,0.038692775980084665
0.9700952242347023,0.029904775765297778
0.9335125706764795,0.06648742932352035
0.9342384903915265,0.06576150960847343
0.9239936830428894,0.07600631695711056
0.9485946854598977,0.05140531454010232
0.9442208628120548,0.05577913718794526
0.9210497157492755,0.07895028425072446
0.8933507436918957,0.10664925630810436
0.9198323550686558,0.08016764493134422
0.8923333325798418,0.10766666742015814
0.9341309076598483,0.0658690923401517
0.9376799644922705,0.06232003550772948
0.9387527685046478,0.06124723149535213
0.9437268863342484,0.056273113665751634
0.93515875106713,0.06484124893287009
0.9129844403229447,0.08701555967705539
0.9455185689806769,0.05448143101932308
0.9505825702073196,0.04941742979268045
0.947000805351319,0.05299919464868099
0.9492823746406924,0.05071762535930766
0.9634643999105856,0.03653560008941441
0.9434034207520802,0.05659657924791982
0.9474876605245863,0.05251233947541367
0.9162226786575673,0.08377732134243275
0.9145721426353544,0.08542785736464564
0.9328430519307447,0.06715694806925533
0.9315237285158663,0.06847627148413364
0.9373063869641178,0.06269361303588211
0.9224307225469566,0.07756927745304341
0.9448828228952681,0.055117177104731775
0.937217333424132,0.06278266657586808
0.9055731650048342,0.09442683499516587
0.9605442107152338,0.03945578928476627
0.9393322479734465,0.06066775202655352
0.9290168291909682,0.07098317080903184
0.9432172318264259,0.05678276817357421
0.9379030805231976,0.06209691947680243
0.9675535348242394,0.03244646517576051
0.9442775174729865,0.05572248252701348
0.9439809178137983,0.05601908218620163
0.9671047498866184,0.03289525011338159
0.9479562609291438,0.052043739070856326
0.9135240752525029,0.08647592474749705
0.9189920438454785,0.08100795615452147
0.8994140941518475,0.10058590584815248
0.9304813838544784,0.06951861614552168
0.9437920213885884,0.05620797861141159
0.952579816959581,0.04742018304041891
0.9192371447414213,0.0807628552585788
0.9454673518657355,0.05453264813426458
0.9569712141164027,0.04302878588359726
0.9468271240906481,0.05317287590935188
0.912927696180928,0.08707230381907216
0.9224784114516935,0.0775215885483066
0.9726197565160224,0.0273802434839776
0.9454253173182917,0.054574682681708224
0.9226926147941514,0.07730738520584864
0.9681830668217353,0.031816933178264666
0.9608544250277433,0.03914557497225679
0.96018968675262,0.03981031324737999
0.9682252439281714,0.031774756071828586
0.9221851441947851,0.07781485580521484
0.9448897070988356,0.05511029290116442
0.9566392170522937,0.04336078294770623
0.9747433264299676,0.025256673570032397
0.9454746677754019,0.0545253322245981
0.927287713881163,0.072712286118837
0.9524416114354106,0.047558388564589424
0.9062487311690096,0.09375126883099036
0.9630783216944082,0.03692167830559183
0.9644250328395532,0.03557496716044678
0.929640345917387,0.07035965408261302
0.9151523840693275,0.08484761593067248
0.938951094546512,0.061048905453487894
0.953025767778267,0.046974232221733005
0.9509272704854781,0.049072729514521934
0.9241632825537782,0.07583671744622182
0.9606103490816641,0.03938965091833594
0.9428325152457189,0.05716748475428103
0.9450692441335153,0.054930755866484667
0.9523088617635694,0.04769113823643068
0.9552885061732127,0.04471149382678731
0.9630519558255789,0.03694804417442121
0.9165235252744958,0.08347647472550415
0.960890963803318,0.03910903619668207
0.9196003398591466,0.08039966014085352
0.9318986359557158,0.0681013640442842
0.9560292721306028,0.04397072786939714
0.9478975918227966,0.05210240817720339
0.9601464010273232,0.03985359897267685
0.9442044035173134,0.055795596482686644
0.9258623484520779,0.07413765154792201
0.9255824774769664,0.07441752252303357
0.9178859289886495,0.08211407101135051
0.9016498033280084,0.09835019667199171
0.9249087457901278,0.0750912542098722
0.9354995513912369,0.06450044860876318
0.9298626744130434,0.07013732558695661
0.9669992310793071,0.03300076892069294
0.9369973298676668,0.06300267013233321
0.8772416600997399,0.12275833990026015
0.9212658195852168,0.07873418041478307
0.9241254199215144,0.07587458007848556
0.9595287947700438,0.040471205229956286
0.9398105876690402,0.06018941233095979
0.9608768486489013,0.03912315135109866
0.9489104201514263,0.051089579848573624
0.9510801799026162,0.04891982009738384
0.9463414356929862,0.05365856430701377
0.9431851203345255,0.056814879665474556
0.9537542195206067,0.046245780479393386
0.9420967332576978,0.05790326674230216
0.9137818133396282,0.08621818666037193
0.9487709351227849,0.05122906487721506
0.9703978207825192,0.02960217921748077
0.9189791074845881,0.08102089251541189
0.9335750573905309,0.06642494260946907
0.966441259912617,0.033558740087383035
0.9488375582526132,0.051162441747386884
0.955149116637004,0.04485088336299602
0.9371636391077877,0.0628363608922124
0.9462071973231229,0.05379280267687707
0.986497016213966,0.013502983786033998
0.9653143335043229,0.03468566649567708
0.9610853927742444,0.03891460722575552
0.9344057542472517,0.06559424575274832
0.9217699981172048,0.07823000188279518
0.9295033475944635,0.07049665240553644
0.9068516107911911,0.09314838920880901
0.9459227773454094,0.05407722265459049
0.9346453318019533,0.06535466819804672
0.921502033406186,0.07849796659381407
0.9040591201555704,0.09594087984442959
0.9428571003622342,0.05714289963776575
0.961093788075792,0.038906211924207894
0.9300284891347641,0.06997151086523601
0.9425839044514389,0.0574160955485611
0.9287151952451238,0.07128480475487617
0.9593941846970118,0.040605815302988346
0.9254326981432354,0.07456730185676463
0.939368872811417,0.06063112718858299
0.939372353731132,0.060627646268868046
0.9410620358448699,0.058937964155130154
0.942034989386924,0.05796501061307607
0.9550085992462517,0.04499140075374826
0.9348461154675182,0.06515388453248183
0.9794794096038429,0.020520590396157033
0.9332503035375241,0.06674969646247582
0.9338464043967467,0.06615359560325333
0.9420089033483323,0.05799109665166771
0.9178989137251645,0.08210108627483548
0.9490731045124523,0.050926895487547724
0.9220116217442482,0.07798837825575168
0.9309124026332968,0.06908759736670322
0.9264862325173648,0.07351376748263519
0.9613010090901578,0.038698990909842274
0.9447220915870789,0.05527790841292117
0.9161198109666193,0.08388018903338076
0.9121961385268491,0.08780386147315095
0.9402677758446326,0.05973222415536743
0.9339656746004946,0.06603432539950538
0.9047988962425617,0.09520110375743843
0.9382365498945603,0.06176345010543966
0.9463010206562513,0.05369897934374866
0.9494082808191457,0.05059171918085423
0.9484925317678994,0.05150746823210066
0.9154272626229661,0.08457273737703383
0.9158821981788982,0.08411780182110193
0.9488578376547234,0.05114216234527661
0.9309622402919285,0.06903775970807151
0.9553838356608639,0.044616164339136
0.9592255854508959,0.040774414549104174
0.8905619997937244,0.10943800020627556
0.9716281809264273,0.02837181907357273
0.9251349922345189,0.074865007765481
0.9486962269603788,0.05130377303962117
0.9400067313330509,0.059993268666949116
0.9236670747274248,0.07633292527257517
0.9499090121689733,0.05009098783102675
0.9421666301414446,0.057833369858555334
0.9295930030965267,0.07040699690347338
0.9435251090975493,0.056474890902450676
0.9306884288554357,0.06931157114456435
0.9151150135453759,0.08488498645462413
0.9079679759690962,0.09203202403090388
0.9349521268819602,0.06504787311803982
0.9322925897765982,0.06770741022340185
0.9269728141212212,0.07302718587877872
0.9147879166615162,0.08521208333848386
0.940745128552681,0.05925487144731895
0.9299745799785463,0.07002542002145382
0.9550620971841332,0.0449379028158669
0.9562850264039909,0.043714973596009135
0.9334551755432199,0.06654482445678021
0.9521234253196444,0.04787657468035559
0.9272580172542092,0.07274198274579081
0.9318751499866622,0.06812485001333782
0.9522355423126513,0.047764457687348785
0.9509816675583558,0.04901833244164431
0.9361095123418283,0.06389048765817178
0.9605625162023214,0.03943748379767859
0.9095727852993296,0.09042721470067049
0.9376662886430566,0.06233371135694339
0.9356846124470063,0.06431538755299368
0.9160261598579716,0.08397384014202836
0.9378934651850441,0.06210653481495594
0.9633855460785841,0.03661445392141598
0.9293891355650465,0.07061086443495351
0.9350547472887786,0.06494525271122141
0.885361100484505,0.114638899515495
0.9576017185301254,0.04239828146987452
0.929917221254761,0.07008277874523902
0.9611934139691338,0.03880658603086617
0.9548073021491901,0.04519269785080987
0.9524668586133911,0.04753314138660897
0.9420159294795883,0.05798407052041158
0.9413477743490456,0.058652225650954425
0.9256098877684543,0.07439011223154567
0.9744340885771411,0.02556591142285892
0.9745684419478632,0.025431558052136823
0.9672970903825445,0.03270290961745548
0.939689157789164,0.060310842210835984
0.9342221894658114,0.06577781053418864
0.9586922127110139,0.04130778728898612
0.9577395119442765,0.04226048805572347
0.9580881545558847,0.04191184544411532
0.9503586609244157,0.04964133907558437
0.9372269812848021,0.06277301871519789
0.9575040442829121,0.04249595571708783
0.9349337042707299,0.06506629572927011
0.9592022307791799,0.040797769220820165
0.9708656692221919,0.02913433077780813
0.962547364696292,0.03745263530370804
0.9171703797034614,0.08282962029653869
0.9459411958196018,0.054058804180398164
0.9510589735676552,0.048941026432344804
0.9482021585309094,0.051797841469090694
0.9001038976581877,0.09989610234181233
0.9544976849376573,0.045502315062342695
0.9472785431633115,0.0527214568366886
0.9235138598013345,0.07648614019866543
0.9241097580101783,0.07589024198982175
0.8984641687914524,0.10153583120854758
0.9288806353275852,0.0711193646724147
0.9298311493423895,0.07016885065761043
0.9194705958189179,0.08052940418108206
0.9634838365078712,0.036516163492128925
0.9226625469127904,0.07733745308720963
0.9577032253026746,0.04229677469732549
0.946023136710752,0.05397686328924799
0.9376709268635592,0.06232907313644075
0.9247677829642089,0.07523221703579111
0.9758328441915333,0.024167155808466716
0.8817205315087124,0.11827946849128756
0.9440855979609752,0.0559144020390248
0.9350402600257393,0.06495973997426083
0.9394668103813353,0.06053318961866472
0.9357442065822832,0.06425579341771687
0.9105758854111039,0.08942411458889615
0.9117034257472199,0.08829657425278022
0.9229543726801533,0.07704562731984663
0.9434634904734066,0.0565365095265934
0.9749998653499545,0.025000134650045427
0.8931372147338941,0.10686278526610593
0.9498110922948957,0.050188907705104285
0.9522005390876223,0.047799460912377745
0.9508049326242066,0.049195067375793385
0.9365120069238242,0.06348799307617595
0.9156994924005774,0.08430050759942265
0.9566549999789945,0.0433450000210055
0.942894321616945,0.05710567838305504
0.9327846954948167,0.06721530450518336
0.961581251249505,0.03841874875049498
0.9594774464565807,0.04052255354341924
0.9399259811744138,0.06007401882558615
0.9504153520343975,0.04958464796560258
0.9726815041132882,0.02731849588671184
0.9442366890135424,0.055763310986457496
0.9525189935697562,0.04748100643024369
0.9550439719822419,0.04495602801775811
0.944772158694313,0.05522784130568696
0.9398515437086161,0.060148456291383955
0.9632796680788293,0.03672033192117074
0.957532799969613,0.04246720003038689
0.9377421246149181,0.06225787538508196
0.9670074993322881,0.032992500667711894
0.9227182978078871,0.07728170219211306
0.9392458864329989,0.06075411356700117
0.8903150110546812,0.1096849889453188
0.9412982101030223,0.058701789896977705
0.9733383141703722,0.026661685829627864
0.9379923876265304,0.06200761237346973
0.9343398791408688,0.06566012085913123
0.9362781754702396,0.06372182452976037
0.9509223658437501,0.04907763415624987
0.9273843655019544,0.0726156344980457
0.9412684135070062,0.0587315864929939
0.928632885068184,0.07136711493181602
0.9319019556175333,0.06809804438246665
0.940346644034891,0.059653355965109074
0.9163613976951093,0.08363860230489069
0.9517323487991064,0.048267651200893616
0.9570921260602461,0.04290787393975399
0.9413870820230785,0.05861291797692154
0.9638264462976642,0.036173553702335826
0.9257447614468531,0.07425523855314696
0.9435560969856677,0.056443903014332344
0.9087274886551142,0.09127251134488575
0.9520659963314834,0.04793400366851663
0.9153855886350184,0.08461441136498156
0.9317982577633158,0.06820174223668429
0.9688531826930503,0.031146817306949695
0.9372684448434114,0.06273155515658863
0.9263415665963981,0.07365843340360188
0.940599853121502,0.059400146878498
0.9378967436001168,0.06210325639988322
0.9734827677591695,0.026517232240830402
0.9510759780290884,0.04892402197091163
0.9524130053640576,0.0475869946359425
0.9469531872900523,0.05304681270994783
0.9514474790593797,0.04855252094062036
0.9429641832646591,0.05703581673534089
0.9637095758067704,0.03629042419322962
0.9474138142963217,0.05258618570367832
0.9444666473962615,0.0555333526037385
0.9337770974804737,0.0662229025195263
0.9635978212334342,0.03640217876656598
0.9312258282386884,0.06877417176131172
0.9372553530849014,0.06274464691509862
0.9382886558637141,0.06171134413628579
0.942901603090508,0.05709839690949208
0.9413207482165274,0.05867925178347257
0.9320789682404288,0.06792103175957125
0.9449733356013096,0.05502666439869035
0.9465728617333453,0.053427138266654677
0.9501931812542225,0.04980681874577755
0.9303383443185531,0.06966165568144679
0.9434099685088849,0.05659003149111513
0.9189683460655067,0.08103165393449331
0.9728699424891855,0.027130057510814463
0.9593528314579419,0.040647168542058146
0.9426349918447671,0.057365008155232995
0.9024177889756859,0.09758221102431414
0.9111363896208164,0.08886361037918357
0.9588779143391402,0.04112208566085988
0.9312767015039677,0.06872329849603237
0.9556078949131426,0.044392105086857384
0.9328865893878675,0.06711341061213254
0.9370288515096321,0.06297114849036792
0.9578331022423877,0.042166897757612315
0.9295686724808641,0.07043132751913594
0.9622535495965607,0.03774645040343929
0.9766190002092638,0.023380999790736108
0.9084341154550607,0.09156588454493937
0.9352965478179687,0.06470345218203134
0.9336879864611393,0.06631201353886072
0.9522829420006509,0.04771705799934906
0.9852853392451557,0.014714660754844277
0.9603637476477572,0.03963625235224276
0.9641848836408506,0.03581511635914942
0.9274401708902947,0.07255982910970529
0.9358861473845914,0.06411385261540853
0.9114889412923363,0.08851105870766379
0.9124822957807617,0.08751770421923835
0.9620702484630635,0.03792975153693648
0.9254737340314125,0.07452626596858755
0.9222402496018941,0.07775975039810593
0.9529393430115274,0.047060656988472636
0.9601411026959756,0.039858897304024296
0.9248461167954912,0.0751538832045089
0.9381308033180048,0.061869196681995205
0.9456361115237047,0.05436388847629529
0.9505894741267736,0.04941052587322643
0.9560880455775138,0.0439119544224862
0.9589259308820052,0.04107406911799484
0.9450514483117501,0.05494855168824986
0.933341977189871,0.066658022810129
0.9466272496107364,0.05337275038926362
0.932362749451773,0.06763725054822708
0.9256659074131733,0.07433409258682667
0.9341191617413752,0.06588083825862479
0.9315739245174862,0.06842607548251378
0.9613937890156096,0.03860621098439039
0.9636322603013626,0.03636773969863742
0.9651213144242692,0.03487868557573089
0.9653082494947467,0.03469175050525329
0.9509704680190221,0.04902953198097797
0.9502461181629387,0.049753881837061295
0.9457199283150609,0.05428007168493909
0.9112172385592885,0.08878276144071155
0.9547338867371649,0.045266113262835174
0.9379477018494092,0.06205229815059074
0.9425253383364314,0.05747466166356864
0.923275294947406,0.076724705052594
0.9139051877283022,0.08609481227169775
0.8929258026882179,0.10707419731178218
0.9401828077521569,0.059817192247843085
0.9524337849695849,0.04756621503041506
0.9327273272187249,0.06727267278127516
0.9531400722606049,0.04685992773939504
0.9164641715610494,0.08353582843895062
0.9389040795844884,0.06109592041551164
0.9608700167603506,0.03912998323964952
0.9742718226286456,0.025728177371354407
0.92924203032647,0.07075796967352993
0.9065743392347037,0.0934256607652963
0.9380001269107973,0.061999873089202726
0.9618419551258427,0.0381580448741573
0.9648264386870762,0.035173561312923804
0.9405807235144004,0.05941927648559965
0.9475058033794236,0.05249419662057644
0.9349710995798466,0.06502890042015345
0.9296577482687833,0.07034225173121672
0.9199939850665778,0.08000601493342224
0.9391710755755447,0.06082892442445541
0.9257333253639178,0.07426667463608215
0.961534159560123,0.03846584043987698
0.9381867319197731,0.06181326808022694
0.9433607159258087,0.056639284074191214
0.9312394283956636,0.06876057160433634
0.9297181239677678,0.07028187603223236
0.9543258083586156,0.045674191641384365
0.9551638433316837,0.0448361566683163
0.9346591853222025,0.0653408146777975
0.9448738855566241,0.055126114443375916
0.9376616625483334,0.062338337451666594
0.9382983871940567,0.06170161280594346
0.9782107197291007,0.02178928027089939
0.8984155350789459,0.10158446492105412
0.9317704831188695,0.0682295168811305
0.9742743153449354,0.025725684655064654
0.9064634284034164,0.09353657159658355
0.948716761559674,0.05128323844032605
0.9592504459524204,0.040749554047579684
0.9110083019571606,0.08899169804283934
0.9519803653254885,0.048019634674511515
0.9215791583197085,0.07842084168029152
0.9526853554649173,0.04731464453508275
0.9415949459768017,0.0584050540231983
0.948829733897041,0.051170266102959015
0.9403301043153902,0.059669895684609835
0.9323432578141793,0.06765674218582081
0.9335106280921235,0.06648937190787656
0.9340936303551014,0.06590636964489859
0.9463373676169546,0.05366263238304534
0.9619135351550364,0.038086464844963655
0.9221899014889832,0.07781009851101692
0.9575854036799273,0.042414596320072794
0.9323398481044963,0.06766015189550363
0.9736961263676853,0.02630387363231475
0.9448954513636093,0.05510454863639075
0.9380917393182925,0.06190826068170757
0.9236259108014572,0.07637408919854285
0.9779543787336098,0.02204562126639012
0.8990371146712227,0.10096288532877731
0.9420296851573078,0.05797031484269225
0.9448033794740678,0.055196620525932154
0.9269230188780999,0.07307698112190013
0.8943414491667555,0.10565855083324452
0.9136413733875348,0.08635862661246513
0.9466042311350121,0.0533957688649879
0.950040069218728,0.04995993078127217
0.9253859142863289,0.07461408571367124
0.9582039598143746,0.04179604018562553
0.9378422554273744,0.06215774457262564
0.9307207467076597,0.06927925329234018
0.9497094489428952,0.05029055105710476
0.9310386837632048,0.06896131623679533
0.925798565626802,0.07420143437319819
0.9337050002069041,0.06629499979309582
0.9557104796157305,0.0442895203842694
0.9416297839913825,0.05837021600861744
0.9314471548481629,0.06855284515183714
0.9759014906554996,0.024098509344500335
0.9595620220307661,0.040437977969233915
0.9292609218661204,0.07073907813387961
0.9593248798502528,0.04067512014974724
0.9304755286857384,0.06952447131426175
0.9616904380500273,0.038309561949972724
0.9520363946506568,0.04796360534934323
0.9516414397723587,0.04835856022764123
0.9333009925346197,0.06669900746538028
0.9277585184947279,0.07224148150527217
0.932984645948509,0.06701535405149087
0.9411776700234616,0.058822329976538336
0.9400689275718145,0.05993107242818563
0.9558645157081525,0.04413548429184761
0.9607387991772005,0.039261200822799505
0.9118742616698464,0.08812573833015365
0.9444579589258336,0.05554204107416632
0.9412137839088849,0.05878621609111518
0.9010332190357884,0.09896678096421166
0.9732463341719664,0.026753665828033638
0.9857591527282584,0.014240847271741505
0.9360556909691594,0.0639443090308407
0.96823070711123,0.03176929288877005
0.946917414170845,0.05308258582915503
0.9528266083197999,0.04717339168020008
0.9624092508162997,0.03759074918370034
0.9416053892669494,0.058394610733050654
0.9681739914107543,0.03182600858924564
0.9342895725268073,0.06571042747319268
0.934338422412365,0.06566157758763505
0.9616977724740892,0.03830222752591081
0.9324725224698791,0.06752747753012098
0.9231363742417092,0.07686362575829078
0.9389160055582707,0.0610839944417294
0.9270690115093517,0.07293098849064832
0.9427422107257318,0.05725778927426819
0.9176157845379774,0.08238421546202247
0.953245583859111,0.04675441614088913
0.9560727665015785,0.04392723349842154
0.9386795242670651,0.061320475732934816
0.9735547918595504,0.02644520814044958
0.940984161622049,0.05901583837795092
0.9481810336978791,0.05181896630212092
0.9611203068428116,0.038879693157188436
0.9530013647855308,0.04699863521446922
0.9390076835278234,0.06099231647217657
0.9334770930899935,0.06652290691000648
0.9501247793180888,0.04987522068191125
0.9323565564220273,0.06764344357797263
0.9302678728935296,0.06973212710647031
0.9713446713897631,0.028655328610236896
0.9258261696527923,0.07417383034720774
0.9261025287188132,0.07389747128118684
0.9430516531282802,0.056948346871719915
0.9694472009105948,0.030552799089405263
0.963166284724066,0.036833715275934015
0.9559330656596776,0.04406693434032233
0.9606061061659107,0.039393893834089366
0.9778064984812977,0.0221935015187023
0.9384246380421957,0.0615753619578043
0.9396295908841693,0.060370409115830616
0.9483770887136664,0.05162291128633351
0.9498542584198171,0.05014574158018288
0.9357216000711428,0.0642783999288573
0.9026754445855275,0.09732455541447248
0.9554243703415407,0.044575629658459306
0.9156790596926517,0.08432094030734824
0.9219277561284738,0.07807224387152613
0.9457909102374298,0.05420908976257011
0.9438502881141498,0.05614971188585018
0.9567408220517875,0.043259177948212574
0.9740301467165814,0.02596985328341865
0.9505591746328067,0.0494408253671933
0.9322872267298663,0.06771277327013372
0.9686882631912963,0.031311736808703784
0.9587657718968304,0.04123422810316953
0.9180986417117409,0.08190135828825904
0.9459542050618158,0.05404579493818422
0.9455736161826267,0.054426383817373296
0.9187770652050139,0.08122293479498609
0.9285488101051405,0.07145118989485949
0.9590401195187425,0.04095988048125763
0.9319889970358244,0.0680110029641757
0.9403644802296985,0.05963551977030143
0.9737395728367382,0.02626042716326176
0.9769817215609294,0.023018278439070547
0.9302790051867796,0.06972099481322043
0.9389904907969268,0.0610095092030733
0.9462509312891291,0.05374906871087098
0.9284678568862011,0.07153214311379893
0.9664728252143439,0.033527174785656144
0.9532889058917349,0.04671109410826516
0.9072777204049652,0.09272227959503478
0.9432290281059255,0.05677097189407463
0.9578952350269536,0.0421047649730464
0.9716877010670327,0.02831229893296729
0.9698711051983502,0.030128894801649764
0.9639542758764769,0.036045724123523186
0.9399538875048223,0.060046112495177634
0.9010712657694133,0.0989287342305867
0.9242087342663452,0.07579126573365479
0.9689359667785991,0.031064033221401003
0.9470636493954173,0.05293635060458275
0.9424899889033223,0.05751001109667769
0.9564076501183508,0.04359234988164917
0.9224183595017132,0.07758164049828677
0.9031815571615308,0.09681844283846919
0.9354442870465901,0.06455571295340991
0.9673501526527993,0.032649847347200694
0.9066753658708205,0.09332463412917948
0.9349852048322912,0.06501479516770892
0.9659279983342081,0.03407200166579187
0.9509957759000519,0.049004224099948174
0.9604300313418533,0.039569968658146694
0.9753154723249364,0.024684527675063617
0.9669307250534627,0.03306927494653744
0.9459106285024875,0.05408937149751256
0.9341031238551971,0.06589687614480291
0.9501213920941172,0.04987860790588297
0.9080282588737004,0.09197174112629967
0.924197119271861,0.07580288072813895
0.9140419092657636,0.08595809073423641
0.955789338607163,0.04421066139283713
0.9556097159798779,0.04439028402012207
0.9244983744204167,0.07550162557958326
0.9336036773348817,0.06639632266511832
0.9844421965311534,0.015557803468846595
0.9626683269198633,0.03733167308013678
0.9280190153187857,0.0719809846812143
0.9726157366841647,0.027384263315835242
0.9151055578728674,0.08489444212713253
0.9405870368264893,0.059412963173510816
0.9500281783704936,0.04997182162950638
0.9158707155375957,0.08412928446240428
0.9326501340213358,0.0673498659786642
0.9224104978394596,0.07758950216054036
0.9649178266915306,0.03508217330846948
0.881252021812245,0.11874797818775494
0.9584473825366252,0.041552617463374845
0.9493574279708059,0.05064257202919408
0.9519377972101065,0.04806220278989352
0.9358232425527669,0.06417675744723303
0.9435735028214807,0.05642649717851934
0.9468869113241566,0.05311308867584343
0.9410099159978917,0.05899008400210833
0.9518766205812289,0.048123379418771
0.8996334353533056,0.10036656464669447
0.9524853501866918,0.04751464981330821
0.9021599130992443,0.09784008690075571
0.9291155117392137,0.07088448826078637
0.9564734089574461,0.043526591042553936
0.9087645725789787,0.09123542742102127
0.9714746606783145,0.028525339321685543
0.9304578491826726,0.06954215081732738
0.9506039282036638,0.04939607179633614
0.9725645871775261,0.027435412822473873
0.9543900065203301,0.04560999347966982
0.9630313711454109,0.03696862885458904
0.9054463739222545,0.09455362607774562
0.929099144325923,0.070900855674077
0.9448832331364975,0.05511676686350244
0.9085419120308661,0.09145808796913393
0.9572644970734455,0.042735502926554356
0.9670260623378185,0.0329739376621815
0.9398504947113063,0.06014950528869372
0.9376281510124097,0.06237184898759025
0.9569139433318428,0.04308605666815713
0.9310289340405296,0.06897106595947043
0.9112950311130138,0.08870496888698619
0.9623982327360829,0.03760176726391708
0.9380268151489682,0.06197318485103183
0.9388651765924722,0.06113482340752786
0.9787942060490912,0.021205793950908814
0.9434475417403476,0.056552458259652445
0.9352764258135553,0.06472357418644477
0.9376043423223018,0.062395657677698134
0.9345427272726964,0.06545727272730374
0.9392254463461315,0.06077455365386846
0.9287727862961487,0.07122721370385139
0.9237179342295803,0.07628206577041981
0.9376343519983301,0.062365648001669945
0.9431238583397084,0.05687614166029169
0.9367733631500939,0.06322663684990618
0.9393376335519316,0.060662366448068515
0.9126602346342167,0.08733976536578318
0.9361166597913007,0.06388334020869937
0.9414151449549196,0.058584855045080375
0.9591300651935998,0.04086993480640016
0.8966389050683072,0.10336109493169264
0.9243085438066645,0.07569145619333546
0.9565698322409236,0.04343016775907642
0.9471478289596114,0.052852171040388654
0.9298179141590986,0.0701820858409014
0.9303212223862266,0.06967877761377343
0.9301959392491792,0.06980406075082078
0.9188572927589774,0.08114270724102259
0.9442264512082228,0.055773548791777254
0.9495818056440025,0.050418194355997474
0.9424906614452336,0.0575093385547664
0.9074966798256666,0.09250332017433342
0.9354061558042382,0.0645938441957618
0.9613592389446699,0.03864076105533016
0.9622454132465809,0.03775458675341911
0.960550332889612,0.03944966711038802
0.9573365196272341,0.04266348037276585
0.9213594227578488,0.07864057724215132
0.936955697946057,0.06304430205394293
0.9263326541120948,0.07366734588790529
0.9230451743580458,0.0769548256419543
0.9287421216995849,0.07125787830041508
0.947389840302509,0.05261015969749101
0.9577667531546568,0.04223324684534325
0.9566072450598849,0.0433927549401151
0.9530410369063579,0.046958963093642184
0.9272621361848554,0.07273786381514462
0.9301314408253849,0.06986855917461511
0.953836838644425,0.04616316135557503
0.9214111726558543,0.07858882734414567
0.9569972728701421,0.043002727129857844
0.9394143347953534,0.06058566520464657
0.9290844038915417,0.07091559610845836
0.9329446190824039,0.06705538091759608
0.9691475500541495,0.030852449945850482
0.8956978131558163,0.10430218684418362
0.9830896639870518,0.016910336012948342
0.9197394800760371,0.08026051992396292
0.9241176505785617,0.07588234942143825
0.9300576275087548,0.0699423724912453
0.9670015425442894,0.032998457455710735
0.9376321393911188,0.062367860608881255
0.9408253874291498,0.05917461257085024
0.928283043391672,0.07171695660832811
0.9396387866733251,0.06036121332667474
0.9177133349664425,0.08228666503355749
0.9084205221323267,0.0915794778676733
0.9550242781893228,0.044975721810677244
0.9554337821641902,0.04456621783580991
0.9405711596495746,0.05942884035042534
0.9541587199511845,0.04584128004881554
0.9487219569286269,0.05127804307137304
0.9643652606024451,0.03563473939755506
0.942563402946431,0.05743659705356891
0.927492602208844,0.07250739779115602
0.9595201664480754,0.04047983355192457
0.923910388941253,0.07608961105874708
0.9669981602390098,0.033001839760990324
0.9540074523852496,0.04599254761475037
0.9750753613285831,0.024924638671416942
0.9205136787196749,0.07948632128032515
0.9226447397647121,0.07735526023528783
0.9739219833861732,0.02607801661382681
0.9639514028468651,0.036048597153134875
0.9675779095025889,0.03242209049741102
0.9367947560930012,0.06320524390699886
0.9416394657386792,0.05836053426132075
0.9390608892671448,0.06093911073285512
0.9525413881806987,0.04745861181930126
0.9314102738646666,0.06858972613533343
0.9562747007410092,0.04372529925899079
0.9166185959143878,0.08338140408561222
0.9329687869445753,0.06703121305542473
0.8952801669629614,0.10471983303703859
0.9274088332711595,0.0725911667288405
0.9369950083863825,0.06300499161361744
0.9350806051869123,0.0649193948130877
0.9487938436421666,0.05120615635783341
0.935926451516852,0.06407354848314804
0.9522333973170983,0.04776660268290172
0.9609524721003764,0.03904752789962354
0.9283202402413417,0.07167975975865826
0.9525875654858509,0.04741243451414915
0.9113789665983909,0.08862103340160914
0.9413612837628453,0.05863871623715466
0.9395433363125971,0.06045666368740287
0.9304467957742574,0.0695532042257427
0.9611198410512211,0.038880158948778915
0.9588997309634726,0.041100269036527456
0.9429592835815402,0.05704071641845971
0.9535614383551929,0.04643856164480715
0.954151013965113,0.04584898603488691
0.965924559545152,0.034075440454848005
0.9063322830652748,0.0936677169347253
0.9667026350309763,0.033297364969023704
0.9368624038481541,0.06313759615184594
0.9373781428816342,0.06262185711836589
0.907565486085245,0.09243451391475502
0.9406383226346221,0.05936167736537788
0.9609522643341157,0.03904773566588437
0.9235739557434208,0.07642604425657915
0.9175932500032331,0.08240674999676686
0.9172394682175835,0.08276053178241648
0.9670861374100297,0.032913862589970255
0.9446704557953344,0.055329544204665654
0.9441789489942796,0.05582105100572053
0.923650711738983,0.07634928826101699
0.9273904609586734,0.07260953904132668
0.9467831003079038,0.0532168996920962
0.9489705922814771,0.05102940771852292
0.9087535325138342,0.09124646748616584
0.9594819246086325,0.04051807539136765
0.8954625421190633,0.10453745788093667
0.9528382447547772,0.04716175524522284
0.9331205846175316,0.06687941538246851
0.9312546649831247,0.06874533501687544
0.9420070127353829,0.057992987264617005
0.9495000285837379,0.050499971416262085
0.9497877411945896,0.05021225880541036
0.9542536960948974,0.04574630390510268
0.9465339609848636,0.05346603901513628
0.9243021983362673,0.07569780166373273
0.9362193169258444,0.06378068307415569
0.9709195240188985,0.029080475981101535
0.9184978894362584,0.08150211056374161
0.9090190461183503,0.09098095388164981
0.9585939470090706,0.04140605299092933
0.9238710527651548,0.07612894723484524
0.8931530061961857,0.10684699380381446
0.9347119353075499,0.06528806469245017
0.9713407438123852,0.02865925618761481
0.9591696241786055,0.040830375821394455
0.9648730652161486,0.0351269347838514
0.9614684305795175,0.03853156942048254
0.9411012288410792,0.058898771158920914
0.9293385088757243,0.07066149112427565
0.9277301998129192,0.07226980018708075
0.9435903576330881,0.05640964236691195
0.9332221972145545,0.06677780278544555
0.9495081082153743,0.05049189178462568
0.9734121949313377,0.02658780506866242
0.9174243418316723,0.08257565816832763
0.9323604769144295,0.0676395230855705
0.918575150853893,0.0814248491461071
0.966337241641195,0.033662758358804945
0.9504065918770791,0.049593408122920936
0.9214834064424053,0.07851659355759479
0.9701176211953291,0.02988237880467092
0.9441320838844774,0.055867916115522644
0.9424852415877911,0.05751475841220897
0.9331083499591701,0.06689165004082989
0.9517098141733905,0.04829018582660952
0.9519804652689928,0.0480195347310073
0.9151948654054084,0.08480513459459152
0.9340581830492899,0.06594181695071018
0.9615282586716134,0.03847174132838667
0.8940817610619608,0.10591823893803927
0.9617102450536308,0.03828975494636916
0.9470088346013893,0.0529911653986108
0.942615995113131,0.057384004886869
0.8983302882418277,0.10166971175817238
0.9611044759267483,0.03889552407325177
0.9007232203486656,0.09927677965133444
0.934543551373776,0.06545644862622398
0.9351465228253292,0.06485347717467088
0.9015303820927186,0.09846961790728143
0.9167771856801047,0.08322281431989528
0.9430842963519449,0.056915703648055226
0.9584085270648024,0.04159147293519768
0.9521271604692109,0.04787283953078916
0.9163937365580941,0.08360626344190594
0.9630739861655125,0.03692601383448735
0.911640227910228,0.08835977208977196
0.9306795642553765,0.0693204357446236
0.9642883480819625,0.035711651918037476
0.9269117925484648,0.07308820745153521
0.9404364037321844,0.05956359626781566
0.9407372478685935,0.059262752131406554
0.9365205932245012,0.06347940677549882
0.9454830307419224,0.054516969258077565
0.9467054241856555,0.053294575814344526
0.9541547137814906,0.04584528621850937
0.9331085271110862,0.06689147288891384
0.923816560936884,0.07618343906311602
0.9781335262069096,0.021866473793090355
0.9280360735339273,0.07196392646607268
0.9375464992928367,0.06245350070716336
0.9286867980630565,0.07131320193694345
0.9049435409909585,0.09505645900904153
0.920288968318423,0.07971103168157705
0.9378730400687649,0.062126959931235085
0.9366720937129998,0.06332790628700025
0.9630993400549619,0.03690065994503823
0.9401253475356481,0.05987465246435195
0.9484820695086837,0.05151793049131622
0.9738440347923477,0.02615596520765228
0.9259063203666545,0.07409367963334548
0.9528771404105293,0.04712285958947069
0.9468916297987326,0.053108370201267345
0.9484793849237654,0.05152061507623473
0.9616326975095897,0.03836730249041028
0.9355596928206648,0.06444030717933534
0.9562201065151036,0.04377989348489641
0.9379907601695372,0.0620092398304628
0.9730943728336401,0.026905627166359948
0.9468650104390645,0.053134989560935514
0.9319810863151717,0.06801891368482817
0.9536374003381719,0.046362599661828124
0.916612903030602,0.08338709696939799
0.9613175849363971,0.03868241506360287
0.9584702163065407,0.04152978369345931
0.9462912414767812,0.05370875852321877
0.9721355384898106,0.027864461510189363
0.9314743330642598,0.06852566693574019
0.9122217530954474,0.08777824690455274
0.9191466279582723,0.08085337204172775
0.9594814520118083,0.04051854798819167
0.9269263364050871,0.07307366359491281
0.948221618413364,0.051778381586636016
0.9397541274767544,0.06024587252324564
0.9507346388617038,0.049265361138296236
0.9446079404690534,0.05539205953094659
0.9354576764381511,0.06454232356184886
0.9449687920414483,0.0550312079585517
0.913495233052981,0.08650476694701904
0.9474947164741154,0.05250528352588447
0.9251175240333492,0.0748824759666508
0.9471999146721855,0.05280008532781445
0.941230869361517,0.058769130638483005
0.9264676440298194,0.07353235597018058
0.9553464274931442,0.04465357250685573
0.9719773387264701,0.028022661273529953
0.9580803810057665,0.04191961899423337
0.955885720902293,0.044114279097707
0.9380481502484955,0.061951849751504424
0.9546469825173368,0.045353017482663245
0.9406560540997274,0.05934394590027254
0.9572073827747628,0.04279261722523725
0.9807816695397508,0.01921833046024931
0.9421500561398723,0.05784994386012774
0.9343183988569077,0.06568160114309238
0.9442097477254553,0.05579025227454483
0.9536814562962925,0.04631854370370753
0.9475613506201391,0.0524386493798608
0.926692539626479,0.07330746037352101
0.9475461521959953,0.05245384780400482
0.9128903046700726,0.08710969532992746
0.9449581801791025,0.055041819820897515
0.9294741820785581,0.07052581792144182
0.9477679068926619,0.052232093107338166
0.9226926764373418,0.07730732356265838
0.972332878808929,0.02766712119107089
0.9489837158237987,0.05101628417620134
0.9537749639450631,0.04622503605493697
0.9495938297342276,0.0504061702657724
0.9580070293320936,0.04199297066790648
0.8994202625329585,0.10057973746704153
0.902512848535222,0.09748715146477802
0.9579099852419306,0.042090014758069345
0.9507691532565119,0.04923084674348813
0.9548969590626825,0.045103040937317505
0.9568651623498275,0.043134837650172564
0.9302749367534712,0.06972506324652884
0.9004781651353811,0.09952183486461882
0.9130269118433502,0.08697308815664981
0.9548956085990088,0.04510439140099117
0.943907515126056,0.05609248487394401
0.9508550401664877,0.049144959833512324
0.9473454345664157,0.05265456543358438
0.9330988551267247,0.06690114487327535
0.9834920152989844,0.016507984701015572
0.9248093342802085,0.0751906657197915
0.9505134723087968,0.049486527691203264
0.9327242802166176,0.06727571978338252
0.9071125414599165,0.0928874585400836
0.9486157461941171,0.05138425380588283
0.9585529953854827,0.04144700461451732
0.930028391086401,0.06997160891359892
0.9235478066834107,0.0764521933165893
0.9283245488230483,0.07167545117695176
0.9632845055566084,0.03671549444339158
0.9199727779196237,0.08002722208037627
0.9448681844517307,0.055131815548269195
0.907366053025872,0.092633946974128
0.9334973951364292,0.06650260486357083
0.9274617606611502,0.0725382393388499
0.9343181440556276,0.06568185594437237
0.924145012656896,0.07585498734310399
0.9481081054408151,0.05189189455918482
0.9554502856384506,0.044549714361549454
0.9433342032111941,0.056665796788806004
0.9329557404850629,0.06704425951493714
0.9280429750836625,0.07195702491633754
0.950396649685977,0.04960335031402297
0.9196846108227871,0.08031538917721302
0.9530391962535703,0.046960803746429775
0.9321234313833371,0.06787656861666305
0.9277121391080766,0.07228786089192342
0.9175608911590882,0.08243910884091163
0.9545033447748666,0.04549665522513346
0.9351322455941504,0.0648677544058495
0.9333097470653464,0.06669025293465351
0.9353210287263055,0.06467897127369451
0.9192502303980433,0.08074976960195669
0.9209419342113782,0.07905806578862186
0.9601673208118529,0.039832679188147126
0.9356583864950443,0.06434161350495572
0.9464633979131871,0.053536602086812865
0.9407294406276828,0.05927055937231728
0.9142185736927788,0.08578142630722128
0.882799487071145,0.11720051292885508
0.9211225959103734,0.07887740408962664
0.9669471394422375,0.03305286055776246
0.9395921284837611,0.060407871516238935
0.9339934044634326,0.06600659553656746
0.9556657267958104,0.04433427320418957
0.9328916452874952,0.06710835471250479
0.8826895474198587,0.1173104525801412
0.9672972916781771,0.032702708321822926
0.9144562841500988,0.08554371584990121
0.9430729445262834,0.056927055473716695
0.9661301903049031,0.033869809695096925
0.9467717540254245,0.053228245974575664
0.9199237865859317,0.08007621341406845
0.9192694504137683,0.08073054958623176
0.8995921329774894,0.10040786702251062
0.8909078952368235,0.10909210476317656
0.9507724598539977,0.04922754014600236
0.9381960564054093,0.061803943594590696
0.9549928080628374,0.04500719193716265
0.9548280161630999,0.045171983836900166
0.9301097008638854,0.06989029913611457
0.9116288001097893,0.08837119989021065
0.9552829634431013,0.04471703655689876
0.9118935229952364,0.08810647700476358
0.929396913190075,0.07060308680992501
0.9617840795374212,0.03821592046257882
0.9315246826321256,0.06847531736787445
0.9336003666346695,0.06639963336533053
0.9387876544134593,0.06121234558654073
0.9380484948096052,0.06195150519039474
0.9133118017928354,0.08668819820716456
0.9365379849694961,0.06346201503050387
0.9481460780358074,0.051853921964192584
0.9711057115094287,0.02889428849057138
0.9648508339879924,0.03514916601200761
0.9541729841829144,0.04582701581708561
0.9371963162416056,0.06280368375839443
0.9151110393426691,0.08488896065733097
0.9379272821467157,0.06207271785328422
0.9649477349913809,0.0350522650086192
0.932449056831351,0.06755094316864892
0.9474027711102405,0.05259722888975948
0.9548672406739591,0.045132759326040876
0.9218151664428421,0.07818483355715797
0.9680412695120423,0.03195873048795777
0.9498481241698639,0.050151875830136174
0.912505964848864,0.08749403515113603
0.9574324493050025,0.04256755069499756
0.9293441338124075,0.0706558661875925
0.9444878338237293,0.05551216617627083
0.9377408801384163,0.062259119861583695
0.9344520150646279,0.06554798493537212
0.9384688490308284,0.061531150969171555
0.9290276773542304,0.0709723226457695
0.9683503595692424,0.03164964043075757
0.9619526903711186,0.03804730962888132
0.9307211878213413,0.0692788121786587
0.9227710267537571,0.07722897324624294
0.9624254964142762,0.03757450358572376
0.9633690412455812,0.0366309587544188
0.9472969733326577,0.052703026667342355
0.960659579291341,0.03934042070865899
0.9252113791100829,0.07478862088991713
0.9500835853867986,0.04991641461320144
0.9609537389519683,0.039046261048031584
0.9757824336794186,0.024217566320581394
0.9271463132216329,0.07285368677836711
0.924085122833757,0.07591487716624305
0.9415504957913755,0.05844950420862455
0.9473136785837909,0.05268632141620915
0.9488770157136104,0.05112298428638965
0.943553453818212,0.05644654618178802
0.9431024962022659,0.05689750379773408
0.920083293447907,0.07991670655209297
0.9312781172380222,0.06872188276197784
0.9082628574203048,0.0917371425796953
0.9362572097280798,0.06374279027192029
0.9192776950465854,0.0807223049534147
0.9579239945512431,0.04207600544875693
0.9423029365676592,0.057697063432340885
0.9464619670663038,0.05353803293369632
0.9634748694865816,0.03652513051341852
0.8947230800967769,0.10527691990322308
0.9404634273665992,0.059536572633400876
0.9387609412382979,0.0612390587617021
0.9182069860321834,0.08179301396781667
0.9371290932145564,0.06287090678544355
0.9526663825999098,0.04733361740009028
0.9507626177769564,0.049237382223043594
0.9720553051912154,0.027944694808784674
0.9306233694093112,0.06937663059068878
0.9415610432601605,0.05843895673983937
0.9356230503911032,0.06437694960889692
0.9471831970723072,0.052816802927692794
0.9667694089311428,0.033230591068857215
0.9370050397636365,0.0629949602363635
0.954147489799313,0.04585251020068697
0.9389878522587721,0.06101214774122796
0.8882177934913343,0.11178220650866566
0.9212407791104121,0.07875922088958792
0.9404970944208128,0.05950290557918722
0.9481242330233728,0.05187576697662715
0.958672363694122,0.04132763630587815
0.9264026568244935,0.07359734317550648
0.95753269285696,0.04246730714304007
0.9526041056576435,0.047395894342356575
0.9048715892109475,0.09512841078905257
0.9487226268820533,0.05127737311794671
0.9206293672107219,0.07937063278927804
0.9409221718070226,0.059077828192977355
0.9258281300842816,0.07417186991571852
0.9681046120837112,0.03189538791628879
0.932743021931428,0.06725697806857206
0.9539535979429717,0.04604640205702822
0.9468192341077675,0.053180765892232626
0.9559831958639724,0.0440168041360276
0.9450338462348638,0.054966153765136215
0.9610294910030484,0.03897050899695168
0.9294761093703623,0.07052389062963772
0.9743396878617021,0.025660312138297933
0.9523788217274679,0.0476211782725321
0.9379590378443078,0.06204096215569224
0.9302647616794565,0.06973523832054351
0.9239322478116807,0.07606775218831933
0.9035468840343837,0.09645311596561634
0.9386284780094026,0.061371521990597235
0.9261784303062354,0.07382156969376473
0.9523990170048894,0.047600982995110674
0.967306863706111,0.032693136293889036
0.8885194576478239,0.11148054235217612
0.9419419617550138,0.058058038244986294
0.9328140570897138,0.06718594291028628
0.9382304565127877,0.06176954348721227
0.9550726550732628,0.04492734492673726
0.9317205324183633,0.06827946758163672
0.9249685828091796,0.07503141719082038
0.9068576403299403,0.0931423596700598
0.9500334506844486,0.049966549315551424
0.9405494181707221,0.05945058182927785
0.8948606513824662,0.10513934861753374
0.9190722489177515,0.08092775108224848
0.9176366473997313,0.0823633526002688
0.9378281680194085,0.062171831980591535
0.9621985139558343,0.037801486044165694
0.9053485491402241,0.09465145085977593
0.9372174027705378,0.06278259722946221
0.9601258266001019,0.039874173399897975
0.9516011392373247,0.04839886076267535
0.8991869670647598,0.10081303293524031
0.9118498710028197,0.0881501289971803
0.9246551600245508,0.07534483997544913
0.9143155970146049,0.08568440298539523
0.9510540425499454,0.04894595745005467
0.9470997781432685,0.05290022185673155
0.9558568007792592,0.044143199220740816
0.9458993413784259,0.05410065862157413
0.9477354323113567,0.05226456768864333
0.9376020468948237,0.06239795310517637
0.9488179936331717,0.05118200636682841
0.9257161858230092,0.07428381417699086
0.9531538291108489,0.04684617088915116
0.9516578892178992,0.04834211078210073
0.9751110648927735,0.024888935107226375
0.9174019511294287,0.08259804887057133
0.9566491081798717,0.04335089182012827
0.9551205530952842,0.04487944690471585
0.9435943593187729,0.056405640681227026
0.9521007689826841,0.04789923101731585
0.9135634487512597,0.0864365512487403
0.8905683276900164,0.10943167230998348
0.9676922055195568,0.03230779448044324
0.9574603512218849,0.04253964877811505
0.9604124797894774,0.03958752021052256
0.9513601544747844,0.048639845525215664
0.9275469363868465,0.07245306361315354
0.9236769927885946,0.07632300721140538
0.9746999565010555,0.025300043498944606
0.9669733122404945,0.03302668775950546
0.9611054322893281,0.03889456771067196
0.9770132743426329,0.022986725657367084
0.9498002789794022,0.050199721020597894
0.9279121243333197,0.0720878756666803
0.9511736110753172,0.048826388924682766
0.9573556968862107,0.04264430311378933
0.9143224965626933,0.08567750343730685
0.9382210307510827,0.061778969248917445
0.9599632937957877,0.040036706204212354
0.9788821924371631,0.021117807562836856
0.9450379319599432,0.05496206804005686
0.95114416710909,0.04885583289090998
0.9457234078949919,0.05427659210500806
0.9317447715558911,0.06825522844410907
0.9673580131120626,0.03264198688793741
0.9459025682801497,0.05409743171985027
0.945908032530451,0.054091967469549
0.9662522600631311,0.03374773993686894
0.9377910040986646,0.06220899590133548
0.9193044104318775,0.08069558956812253
0.9014263408085857,0.09857365919141436
0.9487933768991004,0.051206623100899726
0.9539774453071425,0.04602255469285757
0.9615337011740712,0.038466298825928856
0.946389346210779,0.05361065378922106
0.951396406359486,0.048603593640514045
0.9170536529465088,0.08294634705349124
0.9055706069227263,0.0944293930772737
0.9235343323933831,0.07646566760661704
0.9161050927166225,0.08389490728337747
0.9158879671418104,0.08411203285818966
0.9455115967932619,0.054488403206738166
0.960348147795659,0.039651852204340934
0.9430535624669998,0.056946437533000216
0.9465257635120582,0.05347423648794192
0.919018639447326,0.08098136055267403
0.9587217126593064,0.04127828734069364
0.9383857472777907,0.06161425272220937
0.9350852654667912,0.06491473453320888
0.9441606509976553,0.05583934900234473
0.914516244026784,0.08548375597321596
0.9766309339754303,0.02336906602456966
0.9731267701136692,0.026873229886330906
0.957590465998989,0.04240953400101108
0.9482406995132898,0.051759300486710146
0.9239468098707342,0.07605319012926579
0.9604879756812671,0.039512024318732866
0.9479464916666004,0.05205350833339966
0.9356282255533073,0.06437177444669269
0.9264707209400059,0.07352927905999405
0.955953535334317,0.04404646466568299
0.9247646490860099,0.0752353509139902
0.9505348398234037,0.049465160176596315
0.926373813696448,0.07362618630355203
0.957228010439848,0.04277198956015206
0.9469315658012761,0.05306843419872385
0.9642642084625549,0.035735791537445195
0.942964670482699,0.05703532951730088
0.9530682977255243,0.04693170227447574
0.9560276672521046,0.04397233274789534
0.9646062523647282,0.0353937476352718
0.9446075493798243,0.0553924506201758
0.9321258048280868,0.06787419517191323
0.9581340676390516,0.04186593236094838
0.9435330498681715,0.056466950131828536
0.9224043965464274,0.07759560345357278
0.9070863686540963,0.09291363134590372
0.9496247460012702,0.05037525399872971
0.9593760815603388,0.04062391843966128
0.9472890847869929,0.052710915213007116
0.9536148359950278,0.04638516400497217
0.9526541571638393,0.047345842836160806
0.9351955161023421,0.0648044838976579
0.9245500202278636,0.07544997977213645
0.9383260325474485,0.06167396745255155
0.8903518709695659,0.10964812903043407
0.9729778935333746,0.027022106466625395
0.9361650489656437,0.06383495103435638
0.960542880253992,0.03945711974600793
0.9530169543132362,0.04698304568676385
0.9684520628568197,0.03154793714318025
0.9248271782819256,0.0751728217180744
0.9587850728323469,0.041214927167653084
0.901567761811846,0.09843223818815404
0.9432351165521196,0.05676488344788041
0.9214720378724707,0.07852796212752938
0.9254905618764512,0.07450943812354884
0.9629797844768141,0.037020215523185906
0.9466137747485369,0.053386225251463096
0.9062570480996428,0.09374295190035725
0.9510210164720082,0.04897898352799182
0.9550835097822586,0.0449164902177414
0.9149121740051609,0.08508782599483916
0.9207498912615276,0.07925010873847242
0.9694514327149741,0.03054856728502581
0.9412407257152805,0.05875927428471956
0.9452487211545025,0.05475127884549744
0.9310176338080149,0.06898236619198511
0.9332614513145394,0.06673854868546057
0.9678698596278134,0.032130140372186665
0.9587514076958557,0.041248592304144384
0.9309140989373728,0.06908590106262721
0.9477265140377035,0.05227348596229661
0.9559143642868615,0.044085635713138525
0.9379028477565889,0.06209715224341112
0.9489481107290051,0.051051889270994966
0.935647690776377,0.06435230922362292
0.9432887280155864,0.056711271984413725
0.9168789400494053,0.08312105995059463
0.9458489033128156,0.0541510966871845
0.9393745949036574,0.060625405096342636
0.9350686985105777,0.0649313014894222
0.9438524955722449,0.05614750442775507
0.9353574925284609,0.06464250747153907
0.9516008757089305,0.048399124291069476
0.889347372330348,0.110652627669652
0.9612789949030265,0.0387210050969735
0.945870603936159,0.05412939606384106
0.9400813786330501,0.059918621366949934
0.9528359211787351,0.04716407882126481
0.9603373024646362,0.03966269753536378
0.9226413978988209,0.07735860210117901
0.9429022761887728,0.05709772381122721
0.9415975710952521,0.05840242890474794
0.9328656529304193,0.06713434706958075
0.9491107208937463,0.05088927910625375
0.9507550337987372,0.049244966201262924
0.9444758176949106,0.05552418230508931
0.9331959553792879,0.06680404462071214
0.9498166097699623,0.05018339023003769
0.9191079162155414,0.08089208378445861
0.9236133512186534,0.07638664878134656
0.9571429435707766,0.04285705642922351
0.9385378294863369,0.0614621705136631
0.9231269036264214,0.07687309637357864
0.9490702136636955,0.050929786336304496
0.9207477627623833,0.07925223723761662
0.9752789926117941,0.024721007388205887
0.9382773827292765,0.06172261727072349
0.9172409487797418,0.08275905122025819
0.9548149616372549,0.04518503836274509
0.9169892014297573,0.08301079857024274
0.9424252612446468,0.057574738755353176
0.9231496935497638,0.0768503064502361
0.9786649738312652,0.0213350261687348
0.9582225156953622,0.041777484304637715
0.9569452862524018,0.04305471374759812
0.9128822245139351,0.0871177754860649
0.943005226076144,0.05699477392385613
0.9611471856844307,0.03885281431556922
0.915827054705239,0.084172945294761
0.9467772923949155,0.05322270760508446
0.9136990301252683,0.0863009698747317
0.9484267261972252,0.051573273802774815
0.9664822233709475,0.03351777662905253
0.963452278181938,0.03654772181806204
0.9387528611381254,0.06124713886187458
0.910497153657101,0.08950284634289898
0.9136075159139162,0.08639248408608381
0.9436057835973211,0.056394216402679
0.9397191591599084,0.06028084084009163
0.9648018667783258,0.035198133221674206
0.9401779556812992,0.059822044318700814
0.9543728191509657,0.04562718084903429
0.9310154086129466,0.06898459138705343
0.9555031412786414,0.044496858721358626
0.916669931270069,0.08333006872993089
0.9280562193226201,0.07194378067737986
0.9497445323257365,0.0502554676742635
0.9520782468565059,0.04792175314349412
0.939622848509409,0.060377151490591
0.9031528639373956,0.09684713606260456
0.9021676003734795,0.09783239962652056
0.9679354816076005,0.03206451839239956
0.9418242662127616,0.058175733787238455
0.9552664866854346,0.04473351331456543
0.9316157004383062,0.06838429956169381
0.9284915283467878,0.07150847165321218
0.9054802865522924,0.09451971344770754
0.9302211113296558,0.06977888867034429
0.9339744767524457,0.06602552324755434
0.9664927005517223,0.03350729944827769
0.9400057652329852,0.05999423476701487
0.9431226082932228,0.0568773917067772
0.9385474780313378,0.06145252196866235
0.9268673581878688,0.07313264181213122
0.9602132336769865,0.039786766323013506
0.898754450951508,0.10124554904849199
0.917811824936107,0.082188175063893
0.9604932589771231,0.03950674102287684
0.9389306415184839,0.061069358481516144
0.9207772039014334,0.07922279609856664
0.9500907257272563,0.04990927427274361
0.9235209604323079,0.07647903956769213
0.9297739200227597,0.07022607997724026
0.945510821698397,0.05448917830160303
0.9791818022867187,0.020818197713281278
0.9230953497100257,0.0769046502899743
0.897767117650454,0.1022328823495459
0.9397964695403048,0.06020353045969519
0.9187367869245399,0.08126321307546021
0.9506308430657268,0.04936915693427327
0.9464187237407161,0.0535812762592839
0.919302829077435,0.08069717092256504
0.9034644025989467,0.09653559740105329
0.9264171004745527,0.07358289952544729
0.9711028640484527,0.02889713595154726
0.9587709480292964,0.04122905197070373
0.9439419985693283,0.05605800143067176
0.8902371577640803,0.10976284223591977
0.9279085529519877,0.07209144704801228
0.9180834903492964,0.08191650965070371
0.9260284776208759,0.07397152237912405
0.9343235536843493,0.06567644631565075
0.9451090138153092,0.05489098618469077
0.9706322822801406,0.029367717719859278
0.9598093323689458,0.04019066763105415
0.9579010601028393,0.04209893989716081
0.9165886076988718,0.08341139230112822
0.9282959735975652,0.07170402640243485
0.938125855274433,0.06187414472556705
0.9570248076125426,0.04297519238745741
0.9573419895934047,0.042658010406595386
0.9552216989025217,0.044778301097478296
0.922320990272954,0.07767900972704601
0.9121013770617898,0.08789862293821026
0.9513327462186114,0.04866725378138867
0.9326901690432549,0.06730983095674518
0.9449819129596027,0.05501808704039737
0.905145521558388,0.09485447844161193
0.931610873318732,0.06838912668126809
0.9444262593370377,0.05557374066296236
0.9218661128455135,0.07813388715448656
0.9320837587706188,0.06791624122938122
0.9502233866305222,0.04977661336947781
0.9471783660673782,0.052821633932621896
0.9448920116133444,0.05510798838665564
0.9461596183063483,0.05384038169365178
0.9043304905806557,0.09566950941934428
0.9388262408552099,0.0611737591447901
0.9403282538068177,0.059671746193182315
0.9528595497821567,0.04714045021784329
0.9378650991774635,0.062134900822536476
0.9235059686371563,0.07649403136284366
0.9646572184293793,0.035342781570620714
0.9399709669459552,0.06002903305404499
0.8925927642029476,0.10740723579705232
0.9313217716113741,0.06867822838862596
0.9487116295554597,0.051288370444540196
0.9337914982974416,0.0662085017025585
0.9368803539879326,0.06311964601206749
0.9170325908436913,0.08296740915630875
0.971678447957197,0.028321552042802976
0.9501551838728545,0.04984481612714552
0.9774675049559807,0.0225324950440193
0.9509959659748435,0.04900403402515653
0.9559949849103132,0.044005015089686926
0.9759371265608793,0.024062873439120707
0.9327628576660288,0.06723714233397121
0.953543329978634,0.04645667002136594
0.9153164889095232,0.08468351109047681
0.9187244134633564,0.08127558653664364
0.9558689633918783,0.04413103660812167
0.957065917566748,0.04293408243325208
0.943092808617243,0.05690719138275702
0.9346160343451495,0.06538396565485052
0.9584839575146418,0.0415160424853583
0.9186697238329754,0.08133027616702466
0.9576119130330797,0.04238808696692033
0.9319533097193381,0.0680466902806618
0.9393688165887535,0.06063118341124652
0.9603429401389476,0.03965705986105244
0.9353010554544381,0.06469894454556194
0.9326565871248924,0.0673434128751077
0.9585580759317822,0.04144192406821785
0.9041271288115098,0.09587287118849024
0.9548071484773086,0.04519285152269138
0.9432650886357019,0.05673491136429814
0.9236999773251019,0.07630002267489812
0.9437401584019165,0.05625984159808343
0.9443698182295244,0.05563018177047573
0.9525406536822248,0.04745934631777509
0.9311700541615129,0.06882994583848723
0.9727738048556264,0.027226195144373577
0.9374798091749839,0.0625201908250161
0.9265200016888001,0.07347999831119989
0.9162360054483936,0.08376399455160635
0.9286427139778279,0.07135728602217209
0.9598271462532505,0.040172853746749546
0.9180917738467654,0.0819082261532345
0.9446892754504793,0.05531072454952062
0.9662093678221323,0.03379063217786776
0.9276633069908305,0.07233669300916946
0.9405596580541683,0.059440341945831664
0.9578442064833578,0.042155793516642275
0.9262893079834933,0.07371069201650671
0.9467125557688617,0.05328744423113835
0.920455417472988,0.07954458252701213
0.9280713786271146,0.07192862137288528
0.9390802950830772,0.060919704916922834
0.9174167783375983,0.0825832216624018
0.9591015536423152,0.04089844635768485
0.955949885322184,0.04405011467781604
0.9181523091354726,0.0818476908645274
0.9534265093093265,0.04657349069067357
0.9154836529343198,0.0845163470656803
0.9190237609797683,0.08097623902023174
0.963620764502862,0.03637923549713801
0.9356665655477264,0.06433343445227363
0.9099998215567418,0.09000017844325825
0.9539666499600417,0.046033350039958384
0.9270436479806415,0.07295635201935835
0.9291758082308251,0.07082419176917491
0.9409246755721111,0.059075324427888876
0.9640035879667246,0.03599641203327543
0.9169738609755056,0.08302613902449447
0.9343643468197447,0.06563565318025531
0.9347514551659409,0.06524854483405904
0.9584997736316277,0.04150022636837219
0.9445782222338834,0.055421777766116474
0.953834334211398,0.04616566578860202
0.9541477389328965,0.045852261067103516
0.9240406330438811,0.07595936695611903
0.9384785055616129,0.06152149443838713
0.9665386412500472,0.033461358749952846
0.9492129849228773,0.05078701507712273
0.9764746849140827,0.023525315085917327
0.9708956867865663,0.029104313213433666
0.9425832765485365,0.057416723451463536
0.9301205236912374,0.06987947630876253
0.9039768716733323,0.0960231283266677
0.9343632305112023,0.06563676948879786
0.9571902289360882,0.042809771063911914
0.9554074173141242,0.044592582685875855
0.9230078013027894,0.07699219869721068
0.9550335796367376,0.0449664203632624
0.9457949290815887,0.05420507091841135
0.8974394167126845,0.10256058328731553
0.9574578685012723,0.042542131498727764
0.9234141725364269,0.07658582746357302
0.8891059768916835,0.11089402310831657
0.9670175485063871,0.03298245149361286
0.9531241542861003,0.046875845713899716
0.9215168165959245,0.07848318340407542
0.9452164019466229,0.0547835980533771
0.9557460717976002,0.04425392820239975
0.9480665236094526,0.05193347639054734
0.9157689163537109,0.08423108364628908
0.940894730609153,0.05910526939084701
0.9332691261908936,0.06673087380910636
0.913316212758764,0.08668378724123604
0.9610191832714863,0.03898081672851376
0.9188023300607256,0.08119766993927428
0.9424685192112422,0.057531480788757784
0.933334757687614,0.06666524231238614
0.9422400967467207,0.05775990325327936
0.9117055501995514,0.08829444980044855
0.9596699968724812,0.040330003127518804
0.960106492407176,0.0398935075928239
0.9662666903757902,0.03373330962420985
0.9414924701560187,0.05850752984398137
0.9502478288482826,0.04975217115171737
0.9037508778778972,0.09624912212210276
0.9559900391133542,0.044009960886645653
0.9379237749138127,0.06207622508618725
0.9601347188423868,0.039865281157613286
0.9393567345382289,0.0606432654617712
0.9427010659444789,0.05729893405552111
0.9435912926129124,0.05640870738708771
0.9207938656293132,0.07920613437068681
0.9612831126238176,0.03871688737618241
0.9269481861029931,0.07305181389700696
0.9270532081231848,0.0729467918768153
0.9828362443769191,0.017163755623080958
0.9115945075139645,0.08840549248603556
0.9513364795615552,0.048663520438444866
0.9238346464672236,0.07616535353277641
0.9465678943170932,0.05343210568290684
0.9691884996997412,0.030811500300258927
0.9794489472648765,0.020551052735123462
0.9582874895220845,0.041712510477915486
0.9551224304436542,0.044877569556345816
0.9135953430453257,0.08640465695467428
0.9570374706108765,0.04296252938912351
0.9070155084697082,0.09298449153029181
0.9501308993300861,0.04986910066991402
0.9345402017824596,0.06545979821754043
0.9148998307624198,0.0851001692375803
0.9610112682002934,0.038988731799706695
0.9826271177079559,0.017372882292044138
0.9431667620605074,0.0568332379394926
0.9154761681211109,0.08452383187888908
0.937068849018598,0.06293115098140206
0.8947899292284255,0.10521007077157454
0.9539047616125683,0.046095238387431625
0.9602473802470892,0.03975261975291082
0.9479962642923733,0.05200373570762686
0.9668946424751088,0.033105357524891216
0.9264016113589867,0.07359838864101341
0.9676441150535917,0.0323558849464084
0.9564268077780936,0.04357319222190639
0.9453480318381141,0.05465196816188591
0.9713426524419476,0.028657347558052396
0.9610391375361533,0.03896086246384667
0.923256653905357,0.07674334609464296
0.958909190643692,0.041090809356307975
0.9567403737003083,0.04325962629969175
0.9390794810644876,0.06092051893551239
0.9615460215851227,0.03845397841487735
0.9428506982357113,0.05714930176428876
0.9415263794417423,0.05847362055825778
0.962043012890615,0.03795698710938507
0.9349288170606892,0.06507118293931086
0.920823733377355,0.07917626662264503
0.9148996485667197,0.08510035143328039
0.944621963497708,0.05537803650229209
0.966244881003592,0.033755118996408026
0.9180891144967779,0.08191088550322216
0.9526684829320898,0.04733151706791018
0.9643514830110057,0.03564851698899434
0.9421790608511692,0.05782093914883071
0.9534610456740484,0.04653895432595163
0.9539127658466873,0.046087234153312846
0.894792458880277,0.10520754111972307
0.9410438647134725,0.058956135286527614
0.9444987276256918,0.05550127237430824
0.9149938111434058,0.08500618885659422
0.9207886174161269,0.07921138258387314
0.9158559181915296,0.0841440818084704
0.9597307529284888,0.0402692470715112
0.9679215555867893,0.032078444413210755
0.8837328611865009,0.1162671388134992
0.9363774718392628,0.0636225281607372
0.9241211050428095,0.07587889495719045
0.9128420164320487,0.08715798356795143
0.9299629719499115,0.07003702805008839
0.9079125931447534,0.09208740685524665
0.9505247707492214,0.049475229250778664
0.9622977022912784,0.0377022977087216
0.9364642501090995,0.06353574989090047
0.9202972312646431,0.0797027687353568
0.9590436061735392,0.04095639382646078
0.9243942875111248,0.07560571248887514
0.9321990925171277,0.06780090748287232
0.9573676403043885,0.04263235969561145
0.9275455325359185,0.0724544674640815
0.9325565138304714,0.06744348616952842
0.9675031886335494,0.032496811366450516
0.8917338518116917,0.10826614818830832
0.9234384774027279,0.07656152259727218
0.923269728512075,0.07673027148792501
0.9518213257070591,0.04817867429294087
0.9190147453101429,0.08098525468985703
0.9446529336970081,0.05534706630299204
0.9141561822140493,0.08584381778595077
0.9633480541328574,0.03665194586714252
0.9472689123409933,0.05273108765900671
0.9022584889090469,0.09774151109095301
0.9463790369491117,0.05362096305088826
0.9432438922241985,0.05675610777580155
0.9130166185159283,0.08698338148407174
0.9404816293361529,0.05951837066384706
0.962031136341091,0.037968863658909044
0.9361082251129473,0.06389177488705258
0.9300212593098695,0.06997874069013058
0.9617212257867563,0.03827877421324366
0.909583657896046,0.09041634210395408
0.9491528954239612,0.050847104576038804
0.9129665419861419,0.087033458013858
0.9437848841217179,0.05621511587828211
0.9387617495305215,0.06123825046947855
0.9339156202073118,0.06608437979268829
0.9281940363045056,0.07180596369549454
0.9370388483105581,0.062961151689442
0.9551696836410389,0.04483031635896112
0.9078126648079821,0.09218733519201788
0.9480849714443088,0.05191502855569124
0.9514767050602888,0.04852329493971122
0.9231241952924879,0.07687580470751203
0.9320759532351521,0.06792404676484785
0.9676755219860707,0.03232447801392934
0.9587508102658905,0.04124918973410957
0.9068463036096882,0.09315369639031193
0.9396189886432446,0.060381011356755464
0.9392658121016749,0.06073418789832493
0.9377484336095592,0.06225156639044089
0.9517311678991744,0.048268832100825595
0.9414445048994322,0.05855549510056785
0.9520654353476912,0.04793456465230887
0.9302985489574678,0.06970145104253224
0.9191608822169801,0.08083911778301993
0.9324077808718959,0.06759221912810413
0.9576275096483475,0.04237249035165253
0.9149730755825836,0.08502692441741644
0.939666088962781,0.060333911037219023
0.9674539447260405,0.0325460552739596
0.959775348240514,0.04022465175948613
0.9617318619597942,0.03826813804020585
0.960221613288251,0.039778386711749075
0.9691477150306437,0.03085228496935638
0.9398420763238683,0.060157923676131736
0.9207357695200427,0.07926423047995738
0.9437922895704339,0.0562077104295661
0.9253435918415402,0.07465640815845978
0.9326422115529144,0.06735778844708573
0.971198651250284,0.02880134874971603
0.9536827340953902,0.04631726590460986
0.9693782032710038,0.030621796728996325
0.9339562634600066,0.0660437365399934
0.9325479965547406,0.06745200344525937
0.9319469189441671,0.06805308105583291
0.9446599594545431,0.055340040545456985
0.9508289400686171,0.04917105993138294
0.9343409129593943,0.06565908704060587
0.9496370666397858,0.050362933360214246
0.9456853249075714,0.05431467509242872
0.9567114506570238,0.0432885493429763
0.9342602049731674,0.06573979502683254
0.9527528285226567,0.04724717147734322
0.9715639274696197,0.028436072530380337
0.9345321000646158,0.06546789993538421
0.9408332047016086,0.05916679529839142
0.9404459209564652,0.05955407904353489
0.9350778020346759,0.06492219796532402
0.9264528948192103,0.07354710518078968
0.9341369058373394,0.06586309416266056
0.940456638289162,0.05954336171083803
0.9403449698233839,0.059655030176616046
0.9234653158865885,0.07653468411341148
0.9583600605903041,0.04163993940969594
0.9222558113659647,0.07774418863403532
0.9310702918576722,0.06892970814232777
0.9227665508318874,0.07723344916811256
0.9481514300709557,0.05184856992904421
0.9597980740028461,0.04020192599715392
0.9278153193082179,0.07218468069178204
0.9568188236189197,0.04318117638108037
0.9015047236279327,0.09849527637206743
0.9637822335817697,0.03621776641823033
0.934635813901183,0.06536418609881708
0.9124101219971794,0.08758987800282066
0.9342571045292873,0.06574289547071262
0.932008618805077,0.06799138119492293
0.9276885199081341,0.07231148009186597
0.9252617556892927,0.07473824431070733
0.9527126867187071,0.047287313281293
0.9144984455978158,0.08550155440218418
0.9545210461780379,0.045478953821962084
0.933995307268896,0.06600469273110399
0.943198223178694,0.05680177682130619
0.9622290816536035,0.037770918346396565
0.9634593009203261,0.03654069907967399
0.9043553053561717,0.09564469464382828
0.9394521798824575,0.060547820117542506
0.9715422561560132,0.028457743843986843
0.9493513339773767,0.05064866602262327
0.9157206383520868,0.08427936164791311
0.9161880426474296,0.08381195735257045
0.926600555295995,0.07339944470400495
0.9631710728195833,0.036828927180416776
0.9504230338414688,0.04957696615853133
0.9469091991115021,0.05309080088849793
0.9415591108508913,0.058440889149108624
0.9362804474657984,0.06371955253420163
0.9538380263317351,0.04616197366826493
0.923586548226595,0.07641345177340501
0.9103512564831953,0.08964874351680478
0.9414616704725723,0.05853832952742767
0.9524413939134003,0.047558606086599724
0.9390160819142118,0.06098391808578816
0.975944109881212,0.024055890118787986
0.9627884042180371,0.03721159578196285
0.9422068837492769,0.057793116250723156
0.9520195951390875,0.04798040486091244
0.9404232401679969,0.059576759832003084
0.9536707768074807,0.046329223192519274
0.932684665358839,0.06731533464116103
0.9536991761502136,0.046300823849786454
0.887306354198029,0.11269364580197108
0.9212615436735612,0.07873845632643899
0.9228555319678207,0.07714446803217931
0.9527275122139851,0.04727248778601481
0.9549546475849803,0.04504535241501974
0.9576422668000554,0.04235773319994468
0.9266511117774466,0.07334888822255337
0.9297550830033998,0.07024491699660015
0.9461117250404952,0.05388827495950478
0.9532130534797683,0.04678694652023181
0.9263276080041773,0.07367239199582273
0.9434624887360823,0.056537511263917754
0.9349771592254685,0.06502284077453156
0.9757973872330612,0.024202612766938785
0.9331300344439586,0.06686996555604145
0.9327881723662126,0.06721182763378737
0.9273815574945298,0.0726184425054702
0.9386322161260047,0.061367783873995344
0.9312576563782885,0.06874234362171142
0.9796123611032785,0.020387638896721478
0.9309378206005959,0.06906217939940408
0.9569105111516181,0.043089488848381916
0.9510668375000904,0.04893316249990965
0.9528724161318869,0.04712758386811314
0.9691162779497753,0.030883722050224733
0.9723965802258069,0.027603419774193137
0.9409613462439392,0.05903865375606071
0.919430588457522,0.08056941154247806
0.9395497519237629,0.06045024807623709
0.9647313082980415,0.03526869170195852
0.9369431974253775,0.0630568025746226
0.9409516371571677,0.05904836284283238
0.9144302331650728,0.08556976683492727
0.9695745826744219,0.030425417325578113
0.9297107297994467,0.07028927020055342
0.9187688304513025,0.08123116954869745
0.9194954549426725,0.08050454505732758
0.9043047964643393,0.09569520353566079
0.9682845461247962,0.03171545387520383
0.9207561460181806,0.0792438539818195
0.9495045644106267,0.050495435589373396
0.9527957930647236,0.04720420693527636
0.9516973088583767,0.04830269114162337
0.9288894459259165,0.07111055407408359
0.9080848804323463,0.09191511956765375
0.9586394297622539,0.04136057023774608
0.9367318223142185,0.06326817768578147
0.9381759695471623,0.061824030452837735
0.949358537393799,0.050641462606201025
0.9435055805524429,0.05649441944755712
0.9790797882061494,0.02092021179385067
0.9226020685510716,0.07739793144892837
0.9601598660598192,0.03984013394018079
0.9202831985160282,0.07971680148397182
0.9356264753703812,0.06437352462961869
0.952485223417956,0.047514776582044
0.940230408179783,0.05976959182021699
0.9318432525529762,0.0681567474470238
0.9705754832925355,0.029424516707464543
0.9444401071045898,0.055559892895410135
0.9252825525880158,0.0747174474119841
0.9605013170583989,0.039498682941601124
0.933272837511135,0.06672716248886501
0.9473566738420339,0.05264332615796598
0.9173202758746579,0.08267972412534223
0.9567236217265327,0.04327637827346743
0.9453419676066007,0.054658032393399225
0.9472740870263183,0.05272591297368177
0.9247507746999497,0.07524922530005031
0.9655681567181049,0.03443184328189512
0.9428072900421042,0.05719270995789584
0.9318911049406192,0.06810889505938078
0.8985184604671863,0.10148153953281368
0.9016157356311482,0.09838426436885189
0.9489634984787841,0.05103650152121591
0.920683418196131,0.07931658180386902
0.9372033702673179,0.06279662973268217
0.9659300415118134,0.034069958488186766
0.9283673881931014,0.07163261180689871
0.8958235569782399,0.10417644302176009
0.9619902159464353,0.03800978405356465
0.9719777045067999,0.028022295493200206
0.9647105775406447,0.035289422459355346
0.9201360145791936,0.07986398542080643
0.9652250844166836,0.03477491558331645
0.9498484806166765,0.050151519383323594
0.9214110886583807,0.0785889113416192
0.9340852027241321,0.06591479727586788
0.9579627940285523,0.042037205971447715
0.9500379386228264,0.049962061377173704
0.9221956188107412,0.07780438118925881
0.9604625694052887,0.039537430594711334
0.9535751255762186,0.0464248744237814
0.9402683259559239,0.05973167404407604
0.9872506652548961,0.01274933474510392
0.9503545485232308,0.049645451476769326
0.9310428367303224,0.06895716326967768
0.9382827699562963,0.06171723004370369
0.9465497324580839,0.05345026754191608
0.9626960406371045,0.03730395936289568
0.9356871081624041,0.0643128918375959
0.9616393119387082,0.03836068806129176
0.9426433622152234,0.05735663778477667
0.9705303109808825,0.029469689019117416
0.9342763061183705,0.06572369388162948
0.9466164940562768,0.053383505943723195
0.9084218057939072,0.09157819420609288
0.9260602346585369,0.07393976534146303
0.9413569708176557,0.05864302918234426
0.9511295024916885,0.04887049750831152
0.9353151379367112,0.06468486206328879
0.9512570327852808,0.04874296721471915
0.8757979316719448,0.12420206832805525
0.9761833625197491,0.023816637480250723
0.9519484561187728,0.048051543881227246
0.9127856017574091,0.08721439824259102
0.9692308312269093,0.03076916877309066
0.9140114536327208,0.08598854636727925
0.9587035856761518,0.04129641432384829
0.9209706911925646,0.07902930880743547
0.9153293710015201,0.08467062899847995
0.963137370376826,0.036862629623173965
0.9569900824713939,0.04300991752860617
0.9452231592394275,0.05477684076057251
0.9087812267741402,0.09121877322585988
0.9644925807907565,0.03550741920924355
0.927969177173722,0.07203082282627804
0.9453843899739102,0.05461561002608986
0.9141158941812974,0.08588410581870273
0.9582947168447719,0.0417052831552282
0.8996436480682236,0.10035635193177643
0.9282898475413348,0.0717101524586652
0.9574542624097216,0.042545737590278465
0.9374156579287795,0.0625843420712206
0.9520152983807553,0.047984701619244764
0.9424456630792564,0.057554336920743604
0.9214129905418732,0.07858700945812683
0.932553699099639,0.06744630090036102
0.9710613330135572,0.028938666986442735
0.9241915890862326,0.07580841091376746
0.9271315319444545,0.0728684680555455
0.9061984171762976,0.09380158282370243
0.9619571163837934,0.03804288361620662
0.9481541434492726,0.051845856550727376
0.9094871482567731,0.09051285174322687
0.9083287185254357,0.09167128147456416
0.9239643628330966,0.07603563716690347
0.9428326647814658,0.057167335218534295
0.9508958243742478,0.04910417562575217
0.9238427557849839,0.07615724421501611
0.9615178258030912,0.038482174196908865
0.9644199242958139,0.035580075704186045
0.9298009532705905,0.07019904672940946
0.9410742044831072,0.05892579551689278
0.970006552922825,0.029993447077175016
0.9293674330094909,0.07063256699050917
0.9459763101569912,0.054023689843008794
0.9080180794636118,0.09198192053638822
0.9560124911386632,0.043987508861336816
0.9027175996022144,0.0972824003977855
0.9505860869974714,0.04941391300252864
0.9398900590938841,0.060109940906115975
0.89660046210391,0.10339953789608998
0.9337309202524678,0.06626907974753224
0.9416480380694084,0.0583519619305916
0.9121300124151234,0.08786998758487664
0.9360621603328687,0.06393783966713135
0.9553625409860794,0.044637459013920563
0.9493270826026737,0.05067291739732628
0.9595784445589497,0.04042155544105037
0.9364859456114645,0.0635140543885355
0.9387944798519059,0.061205520148094036
0.95157650795389,0.04842349204610998
0.9238698078866999,0.07613019211330017
0.9283562415334564,0.07164375846654351
0.9457944074891279,0.05420559251087205
0.9052945327092209,0.09470546729077911
0.9527518313575453,0.047248168642454846
0.9457440944217971,0.054255905578202944
0.9478843821681051,0.05211561783189488
0.9200088241223912,0.07999117587760891
0.941899018513188,0.05810098148681188
0.92773302199319,0.07226697800681009
0.9354035981754663,0.06459640182453376
0.9565075941943842,0.043492405805615905
0.9616886943942065,0.038311305605793614
0.9155121404829519,0.08448785951704807
0.9528873067201957,0.047112693279804274
0.955379198691633,0.044620801308367146
0.9082882489257594,0.09171175107424054
0.9540547346269526,0.04594526537304753
0.9283485115679755,0.07165148843202451
0.904531103655593,0.09546889634440697
0.9212257905035358,0.07877420949646421
0.9321066074214339,0.0678933925785661
0.9303504574924708,0.06964954250752932
0.9304066791367421,0.06959332086325792
0.9354954604196128,0.06450453958038717
0.9573160270124724,0.042683972987527685
0.9446743217097756,0.055325678290224424
0.9440259326265484,0.055974067373451605
0.9341041979247372,0.0658958020752629
0.9536151832624116,0.04638481673758842
0.9081833604225724,0.09181663957742764
0.9541542263186843,0.04584577368131562
0.9326573266736112,0.06734267332638876
0.9295753060412567,0.07042469395874329
0.9335064645992556,0.0664935354007445
0.9615801672887253,0.03841983271127471
0.9260816856667555,0.07391831433324449
0.9272237152576526,0.07277628474234747
0.9543446192912075,0.04565538070879252
0.933229006097532,0.06677099390246806
0.933622822108059,0.06637717789194092
0.9308965633725077,0.06910343662749233
0.9207488342992414,0.0792511657007586
0.95420902928375,0.0457909707162501
0.9638096396694733,0.03619036033052676
0.9592675750603847,0.04073242493961521
0.9331557835415456,0.06684421645845447
0.9495730774896983,0.05042692251030175
0.9374484615142733,0.06255153848572673
0.9347923666402906,0.06520763335970946
0.9500368158366835,0.049963184163316535
0.9195204063305698,0.0804795936694303
0.9652937264454483,0.03470627355455155
0.9658654716979965,0.03413452830200343
0.9320640893589073,0.06793591064109278
0.9378449782356807,0.0621550217643193
0.9447756995760994,0.055224300423900516
0.966774332589655,0.033225667410344994
0.9496762544853337,0.05032374551466625
0.9213227301771182,0.07867726982288185
0.9223293077120618,0.07767069228793828
0.94787789216546,0.052122107834540035
0.9545089570862912,0.04549104291370879
0.9173610701856656,0.08263892981433445
0.9470729870778908,0.05292701292210925
0.9219906044104271,0.0780093955895729
0.9478626100665676,0.05213738993343241
0.9366141783915003,0.06338582160849973
0.9647402171198397,0.03525978288016032
0.9382688750057194,0.06173112499428061
0.9355913376554293,0.06440866234457072
0.9300904359681965,0.06990956403180347
0.9510185454521013,0.04898145454789876
0.9397635114385325,0.06023648856146737
0.9040164637283205,0.09598353627167959
0.9277041703368349,0.07229582966316506
0.938407470604046,0.061592529395954054
0.9416532057985119,0.05834679420148822
0.9391426725045007,0.060857327495499366
0.9264856976332595,0.07351430236674052
0.9258685123778785,0.07413148762212153
0.9461060862550482,0.053893913744951755
0.9601847805315716,0.03981521946842834
0.9273870263998679,0.07261297360013211
0.9612141595207628,0.038785840479237214
0.9589108985783267,0.041089101421673296
0.9179117550321637,0.08208824496783626
0.9228538777844831,0.07714612221551696
0.9383140261872961,0.061685973812703854
0.9544557456076908,0.045544254392309365
0.9337483744639463,0.06625162553605365
0.9479889605992162,0.05201103940078375
0.8731277863095375,0.12687221369046253
0.8970513700383386,0.10294862996166133
0.9642758548580356,0.03572414514196438
0.9571020575563505,0.04289794244364949
0.9582905655276854,0.04170943447231466
0.9436342705554263,0.05636572944457376
0.9457630302531017,0.054236969746898324
0.9433577773206385,0.056642222679361476
0.9448018752779113,0.055198124722088786
0.9326738184493427,0.06732618155065741
0.9277106839788196,0.07228931602118031
0.9038544575479338,0.09614554245206625
0.9822253299460416,0.017774670053958445
0.9432891320258927,0.05671086797410734
0.9567009091531224,0.043299090846877615
0.9412557273389912,0.05874427266100884
0.9149907059141004,0.08500929408589955
0.9622060002107633,0.037793999789236726
0.959624884467177,0.04037511553282301
0.9168353878202217,0.08316461217977829
0.9115870626363185,0.08841293736368153
0.9545454561273664,0.04545454387263353
0.9134381191820496,0.08656188081795034
0.9215791679185669,0.07842083208143324
0.9246085120363791,0.07539148796362097
0.9398079007750556,0.060192099224944416
0.9132007829590564,0.08679921704094362
0.9103599009159377,0.08964009908406231
0.9570467115212293,0.04295328847877075
0.913340424631507,0.0866595753684931
0.9241534417022162,0.07584655829778376
0.9432536396355026,0.0567463603644975
0.9461292384196377,0.05387076158036229
0.9262389432778698,0.07376105672213024
0.9396601272123314,0.06033987278766857
0.9601330486304173,0.03986695136958277
0.9157312569264007,0.08426874307359938
0.9165209476459154,0.08347905235408475
0.9675713658470627,0.03242863415293728
0.8943353763106527,0.1056646236893473
0.9386119375988934,0.06138806240110669
0.8816714442109108,0.11832855578908918
0.9698052018160872,0.030194798183912755
0.9367422155177522,0.06325778448224795
0.8982907666397241,0.10170923336027587
0.9542247355346728,0.045775264465327196
0.9417032326112387,0.058296767388761335
0.9342089589779978,0.06579104102200227
0.9541193632941498,0.04588063670585031
0.9258815184707738,0.07411848152922611
0.939618661089752,0.06038133891024802
0.9386062758357349,0.06139372416426522
0.9380811768127395,0.061918823187260566
0.9438076978005008,0.05619230219949929
0.9096237595729068,0.09037624042709323
0.9508593690809304,0.049140630919069644
0.9426061576145665,0.05739384238543344
0.9502668536242891,0.049733146375710954
0.9613120266663241,0.038687973333675914
0.9468779204273818,0.053122079572618164
0.9510856208477546,0.04891437915224533
0.8894372315774653,0.1105627684225347
0.9395793995605883,0.060420600439411595
0.9458237112268776,0.05417628877312235
0.9416498991186273,0.058350100881372775
0.9206120318353711,0.07938796816462888
0.9429776945384977,0.057022305461502276
0.9309412368753867,0.06905876312461336
0.9418423204474596,0.05815767955254033
0.9728012871289082,0.02719871287109183
0.9172075733487741,0.08279242665122599
0.9665329444606366,0.033467055539363376
0.9143917129196288,0.08560828708037117
0.9284977562487017,0.07150224375129825
0.9392983545345462,0.06070164546545383
0.8887997255868663,0.11120027441313365
0.9586321616051263,0.04136783839487358
0.9311446629221006,0.06885533707789943
0.9281356213728935,0.0718643786271065
0.9203094897949223,0.0796905102050777
0.9446074822718998,0.055392517728100193
0.9413621924290398,0.058637807570960196
0.9422083023795869,0.05779169762041315
0.9618972515494173,0.03810274845058269
0.9458261887813363,0.05417381121866374
0.9507720923709292,0.04922790762907088
0.9406722166735338,0.05932778332646628
0.9284538963034968,0.07154610369650316
0.9090879846819946,0.09091201531800544
0.9617831640146943,0.03821683598530576
0.9238635758202337,0.0761364241797663
0.9128331131829917,0.08716688681700835
0.9444298519243668,0.055570148075633305
0.9414681669007431,0.05853183309925696
0.9607505462204415,0.03924945377955841
0.9497948824738891,0.05020511752611101
0.9549385649976021,0.04506143500239787
0.9434796449909822,0.0565203550090178
0.8981152974757881,0.10188470252421189
0.9557616054705407,0.044238394529459345
0.9566367743255972,0.04336322567440286
0.9119781813837172,0.0880218186162828
0.9171452178211879,0.08285478217881219
0.9589733629040623,0.041026637095937624
0.9583927590346313,0.041607240965368816
0.9588769463732558,0.041123053626744115
0.9562241396612102,0.04377586033878977
0.9600777693955204,0.03992223060447964
0.9066818851997958,0.09331811480020426
0.9527442148192602,0.04725578518073988
0.9080185257670976,0.09198147423290236
0.9543774088789521,0.04562259112104789
0.9326461262348293,0.06735387376517067
0.9685634541863264,0.03143654581367372
0.9291171114501945,0.07088288854980555
0.9729739335469723,0.02702606645302783
0.91853437077033,0.08146562922967004
0.9176878389685341,0.08231216103146588
0.9489429308927472,0.05105706910725286
0.9608125453897101,0.03918745461028993
0.9413012410951755,0.05869875890482448
0.9228992079137702,0.07710079208622983
0.9498964180917915,0.05010358190820855
0.9390504722632025,0.06094952773679746
0.9355126305827416,0.06448736941725842
0.9476927658939921,0.05230723410600802
0.9312929656425142,0.06870703435748585
0.9109734594478632,0.0890265405521368
0.9493933111289014,0.050606688871098676
0.9417584874522065,0.05824151254779367
0.9614245169979179,0.03857548300208214
0.9438852602550909,0.056114739744909194
0.9357122545010432,0.06428774549895677
0.961793287335387,0.03820671266461294
0.9569560020423074,0.04304399795769263
0.9435310994062794,0.05646890059372064
0.9456469628070723,0.05435303719292766
0.9497381285907076,0.05026187140929236
0.949955721162548,0.05004427883745204
0.9563405802453626,0.043659419754637344
0.9218787136631529,0.0781212863368472
0.9031162866640967,0.09688371333590334
0.9621572414650276,0.037842758534972425
0.8929549695797693,0.10704503042023074
0.9478457739036552,0.05215422609634485
0.9436124814386045,0.0563875185613955
0.907777591280967,0.09222240871903309
0.963067331463077,0.03693266853692309
0.9464816329214714,0.05351836707852864
0.9702392233220015,0.029760776677998514
0.9377790182896957,0.06222098171030433
0.9196122332213627,0.0803877667786374
0.9325171251300314,0.06748287486996866
0.9434454775798041,0.05655452242019599
0.9634222132906505,0.03657778670934944
0.9190919675406789,0.08090803245932114
0.961825349526172,0.03817465047382796
0.914964396911631,0.085035603088369
0.9273903478716632,0.07260965212833691
0.9693859861311972,0.030614013868802904
0.9417393516572854,0.058260648342714445
0.955017584573391,0.04498241542660893
0.9314576130306965,0.06854238696930345
0.9608155566246798,0.039184443375320226
0.9632648403394252,0.036735159660574744
0.9647725987071654,0.03522740129283458
0.9052309533038015,0.09476904669619846
0.9338968012165094,0.06610319878349065
0.9599691338111681,0.040030866188832
0.9679832585491361,0.03201674145086388
0.9241918548615953,0.07580814513840466
0.9542062890552143,0.045793710944785716
0.918103110854182,0.081896889145818
0.9268438937628591,0.07315610623714086
0.9386492604809193,0.06135073951908069
0.9317216890932816,0.06827831090671847
0.9605568014134432,0.03944319858655674
0.9439683603423995,0.05603163965760054
0.9233880716828125,0.07661192831718756
0.9051608530025337,0.09483914699746637
0.9135986201044337,0.08640137989556629
0.9124769008539505,0.08752309914604953
0.9035477550093677,0.09645224499063244
0.9596883265584975,0.04031167344150262
0.949902709111079,0.050097290888921044
0.9057794864611729,0.09422051353882717
0.9361561279469621,0.06384387205303783
0.9100025538431419,0.08999744615685812
0.9188571398676862,0.08114286013231362
0.9542817033908474,0.04571829660915262
0.9609079818152909,0.039092018184709074
0.9678449330813045,0.032155066918695525
0.9368146855933746,0.06318531440662548
0.9300583229220682,0.06994167707793174
0.9619051492414622,0.038094850758537795
0.9108414692054325,0.08915853079456754
0.9264573879671635,0.0735426120328366
0.9539199677603326,0.046080032239667404
0.9542304757377448,0.04576952426225536
0.9412287102081264,0.05877128979187368
0.9620058591487216,0.037994140851278384
0.9541761414798521,0.04582385852014803
0.9505510621098943,0.049448937890105696
0.9421264723386944,0.057873527661305525
0.9246130371161575,0.07538696288384242
0.9389603873542931,0.06103961264570688
0.9415111122596346,0.058488887740365425
0.9571043604653467,0.04289563953465322
0.911312699277174,0.08868730072282605
0.9543816902822753,0.04561830971772475
0.9690450406341358,0.030954959365864267
0.9604779362429116,0.039522063757088416
0.9646572241479128,0.03534277585208724
0.9282248882449713,0.07177511175502878
0.9331362413483987,0.06686375865160135
0.9466226285672651,0.05337737143273492
0.9414609036388951,0.05853909636110496
0.9785507920279981,0.021449207972001866
0.9335298965765507,0.06647010342344922
0.9334200049894936,0.06657999501050636
0.9609067605817164,0.03909323941828361
0.9513457086267273,0.04865429137327272
0.9424462404544572,0.05755375954554267
0.9387950268369252,0.061204973163074744
0.9586962131340805,0.04130378686591947
0.9566074702889943,0.04339252971100564
0.9557806380313186,0.04421936196868134
0.9454786216333755,0.0545213783666246
0.9573674202261993,0.042632579773800805
0.9603872228983834,0.03961277710161658
0.9678925193837503,0.03210748061624959
0.9366034078892115,0.06339659211078846
0.9193536533938026,0.08064634660619735
0.9478026439301815,0.052197356069818415
0.960145401575998,0.03985459842400187
0.9226068244508496,0.07739317554915041
0.932430502113512,0.06756949788648801
0.9104213633638001,0.08957863663620007
0.9552202948885198,0.04477970511148019
0.9387062571165324,0.061293742883467485
0.9454875593311723,0.054512440668827655
0.9343608672122191,0.06563913278778087
0.9015599638683622,0.09844003613163775
0.9602385374139325,0.03976146258606747
0.9400836466039915,0.05991635339600846
0.896534302020225,0.10346569797977508
0.9376488326794954,0.06235116732050464
0.9543663279374378,0.04563367206256223
0.9234093178574285,0.07659068214257153
0.9146842706186492,0.08531572938135078
0.926449861754047,0.07355013824595298
0.9363981749078935,0.06360182509210643
0.9327007158683559,0.06729928413164414
0.9529795037022987,0.04702049629770128
0.9302327880566091,0.06976721194339079
0.98195820773687,0.0180417922631299
0.9434669320598771,0.05653306794012291
0.9356536435329241,0.06434635646707584
0.9194779121676824,0.08052208783231754
0.9054091912725882,0.09459080872741173
0.9506060377599449,0.0493939622400551
0.9204761094335864,0.07952389056641355
0.9211611011960419,0.07883889880395814
0.9609775558277749,0.039022444172225224
0.9107375247886972,0.08926247521130286
0.9649892031242884,0.035010796875711535
0.9646172183586712,0.03538278164132888
0.9373208446837139,0.06267915531628603
0.9423562527843412,0.057643747215658785
0.8866758643522014,0.11332413564779872
0.93773758787016,0.062262412129839954
0.9487799760890696,0.05122002391093036
0.9223733873281927,0.07762661267180726
0.9286371030300126,0.07136289696998747
0.9388031305225604,0.06119686947743954
0.9173298760433874,0.08267012395661255
0.9291007170413538,0.07089928295864621
0.8754272036005848,0.12457279639941536
0.9360989479722611,0.06390105202773884
0.9578870477003367,0.04211295229966333
0.9093586646631815,0.09064133533681851
0.9595053896351432,0.0404946103648568
0.9599103806918723,0.0400896193081277
0.9427954781239922,0.05720452187600788
0.9368534404630452,0.06314655953695489
0.9151498698212507,0.08485013017874929
0.9452521979691739,0.05474780203082606
0.9275674821459288,0.0724325178540712
0.9625953098323097,0.03740469016769029
0.96168940740376,0.03831059259624012
0.957299075467478,0.04270092453252208
0.9205964747544791,0.07940352524552086
0.9382867846180768,0.06171321538192334
0.9661536700329605,0.03384632996703959
0.9428968593305491,0.05710314066945089
0.915899772880641,0.08410022711935908
0.9264434106764692,0.07355658932353078
0.9510424987178467,0.04895750128215316
0.8996118437813244,0.10038815621867557
0.959188883314269,0.040811116685730967
0.9556374924010426,0.0443625075989574
0.9552226180053962,0.0447773819946038
0.9470348239061516,0.05296517609384846
0.9491374143981146,0.050862585601885356
0.9518702176203067,0.04812978237969342
0.947072410542155,0.05292758945784496
0.9695910582115339,0.030408941788466124
0.9487885181453709,0.05121148185462908
0.9310824041357277,0.06891759586427235
0.9608269941421382,0.03917300585786186
0.9334163272680234,0.06658367273197674
0.9406807530578414,0.05931924694215858
0.9374659586808779,0.0625340413191221
0.978126556933002,0.021873443066998066
0.954803679856138,0.045196320143862
0.9256828715422096,0.07431712845779043
0.9504357594307153,0.04956424056928468
0.9258726343533332,0.07412736564666687
0.9484259235748235,0.0515740764251766
0.9168649527443122,0.08313504725568771
0.9245103475516823,0.07548965244831776
0.9260360137253413,0.07396398627465879
0.9079026457173919,0.09209735428260812
0.9216769122671223,0.07832308773287773
0.9458785946405351,0.05412140535946481
0.9177908288391534,0.0822091711608466
0.9616214744772434,0.03837852552275659
0.9498497909264568,0.05015020907354324
0.9423132961716958,0.057686703828304244
0.9205981505052143,0.07940184949478571
0.9525812630833664,0.04741873691663358
0.9444490752522773,0.05555092474772277
0.9412697381343905,0.05873026186560945
0.9606478799237879,0.03935212007621215
0.9315236555447326,0.06847634445526739
0.9421211326044971,0.05787886739550289
0.9001332299251735,0.0998667700748264
0.9672088010515556,0.032791198948444414
0.9453622745763272,0.05463772542367287
0.9231281311339512,0.07687186886604876
0.9349936145527067,0.06500638544729341
0.9635198479425311,0.03648015205746888
0.9732636136420295,0.026736386357970453
0.9569457117309035,0.043054288269096505
0.9351158709323959,0.06488412906760414
0.9701723936865987,0.029827606313401377
0.9168127286057758,0.08318727139422427
0.9561437338557502,0.04385626614424972
0.9262138975487781,0.0737861024512217
0.940145559838093,0.0598544401619069
0.9528124439720611,0.047187556027938865
0.9613009137969998,0.03869908620300032
0.9459924382625018,0.054007561737498135
0.9334920810886912,0.06650791891130879
0.9428687505978052,0.05713124940219484
0.9446583477086449,0.055341652291355195
0.912419116846953,0.08758088315304707
0.9411731854528678,0.05882681454713227
0.927607800881569,0.07239219911843099
0.9593643763418082,0.040635623658191906
0.9447860522944129,0.05521394770558714
0.919814108871986,0.0801858911280139
0.9259492370567676,0.07405076294323251
0.9378134879555687,0.062186512044431215
0.9428594912593238,0.05714050874067621
0.9376303287417525,0.06236967125824749
0.9150798218012133,0.08492017819878671
0.9567871683601945,0.04321283163980555
0.9452721404307465,0.05472785956925351
0.9473262185239257,0.05267378147607427
0.9699365690830395,0.030063430916960534
0.9004480082213743,0.09955199177862571
0.9471417021364167,0.05285829786358331
0.8969853907556887,0.10301460924431134
0.9426537485438491,0.05734625145615087
0.9311273394649813,0.06887266053501871
0.9253745632008119,0.07462543679918804
0.9173227335016415,0.08267726649835844
0.9342468570803942,0.06575314291960581
0.9426889816044821,0.057311018395517936
0.9519324054987803,0.048067594501219675
0.9498127069540638,0.05018729304593612
0.9456335590365404,0.054366440963459564
0.9609007807342633,0.039099219265736666
0.9383888073526147,0.06161119264738536
0.9268115979529482,0.07318840204705176
0.9300133565278101,0.06998664347218991
0.9387733588583197,0.061226641141680305
0.9425964923311959,0.05740350766880409
0.9238714210533764,0.07612857894662368
0.9243703081811551,0.07562969181884506
0.9522922906612024,0.04770770933879755
0.9376166070444237,0.062383392955576274
0.9551194475505532,0.044880552449446755
0.9604596691567132,0.0395403308432868
0.9210726073398685,0.07892739266013155
0.9214599211125621,0.0785400788874379
0.9484581599862886,0.05154184001371133
0.9644869509536725,0.03551304904632753
0.9293894024574685,0.07061059754253159
0.9565188046818641,0.04348119531813589
0.9225737989443439,0.07742620105565619
0.9454176993318172,0.05458230066818268
0.9346211767761005,0.0653788232238996
0.9019137230938822,0.09808627690611783
0.9348059210797824,0.0651940789202176
0.938941110893727,0.061058889106273086
0.949265795945016,0.050734204054983925
0.9555484464076649,0.044451553592335165
0.9437646071617284,0.05623539283827167
0.9382046891434501,0.06179531085654987
0.9631910966763721,0.03680890332362788
0.891594742560953,0.10840525743904705
0.9923896622364006,0.007610337763599347
0.937738577757033,0.06226142224296709
0.9552165495016328,0.0447834504983672
0.9286970949939158,0.0713029050060841
0.9197120328883618,0.08028796711163814
0.9034107272902929,0.09658927270970699
0.9595332929579794,0.040466707042020614
0.9187960543064032,0.08120394569359682
0.9388104610714654,0.06118953892853469
0.93294506342411,0.06705493657589001
0.9495861990719437,0.050413800928056245
0.9064163576030558,0.09358364239694429
0.9284877109223351,0.07151228907766492
0.9056488768555634,0.09435112314443665
0.9539628562346253,0.04603714376537484
0.9281772498257265,0.07182275017427346
0.9406290866355475,0.05937091336445258
0.960473271112326,0.03952672888767398
0.9527295870100925,0.047270412989907584
0.9333886775637229,0.06661132243627702
0.9476507979813715,0.05234920201862844
0.9709721950328721,0.029027804967127847
0.9706140078506728,0.029385992149327213
0.9615717460958817,0.03842825390411832
0.923351956546467,0.07664804345353313
0.9572875347629439,0.04271246523705609
0.9644333666154007,0.035566633384599415
0.9486231198876132,0.05137688011238683
0.9413066436879556,0.058693356312044545
0.9480145163029016,0.05198548369709846
0.9394126728124875,0.060587327187512516
0.8873006455551699,0.11269935444483017
0.9447861143361453,0.05521388566385463
0.9423208902503384,0.05767910974966172
0.9217659293599517,0.07823407064004825
0.9214795829097979,0.0785204170902021
0.9536752475439176,0.046324752456082446
0.8890436375523745,0.11095636244762556
0.9602931140269471,0.039706885973052865
0.9305441099776199,0.06945589002238015
0.9507587253591395,0.049241274640860457
0.9217809195833199,0.07821908041668021
0.9181131042349181,0.08188689576508189
0.9174633242236637,0.08253667577633628
0.9529119249692634,0.04708807503073668
0.9202339358349443,0.07976606416505577
0.9039452933454282,0.09605470665457184
0.9676559232444236,0.032344076755576365
0.9419532014374695,0.058046798562530526
0.9613298612040573,0.03867013879594278
0.9273058313391922,0.07269416866080791
0.972358034472561,0.027641965527438982
0.9531378901611156,0.046862109838884315
0.972888467028184,0.027111532971816003
0.9332429052821767,0.06675709471782336
0.9479720076038216,0.052027992396178425
0.9273201672414523,0.07267983275854768
0.9247800634927311,0.07521993650726898
0.9755760540563889,0.024423945943611095
0.9657980957266955,0.03420190427330454
0.9284863180553121,0.07151368194468784
0.9573656244381048,0.04263437556189506
0.9361410273679421,0.06385897263205789
0.9588771764327997,0.04112282356720032
0.9741297843763937,0.025870215623606314
0.946922970023208,0.05307702997679205
0.9350667396080447,0.06493326039195546
0.9774021092599479,0.02259789074005212
0.95140527871383,0.048594721286170164
0.9492916245134881,0.05070837548651193
0.9640799215914081,0.03592007840859189
0.9473277947671589,0.05267220523284115
0.9315712141366627,0.06842878586333728
0.9334435085289555,0.0665564914710444
0.9197631681167812,0.08023683188321891
0.9556160546955818,0.04438394530441832
0.9420699235145464,0.05793007648545352
0.9562629168892004,0.043737083110799546
0.938473961396542,0.061526038603457955
0.9357648568964092,0.06423514310359084
0.9591585072003672,0.0408414927996327
0.9751387767891071,0.024861223210893024
0.9332589262971792,0.06674107370282067
0.9469775930224528,0.05302240697754719
0.9559422416206718,0.044057758379328245
0.8969391946124734,0.10306080538752647
0.916204213172348,0.08379578682765211
0.9316869160260535,0.06831308397394663
0.9561178648510675,0.04388213514893247
0.9341955891026441,0.06580441089735597
0.9473817292946523,0.0526182707053478
0.9378869227686044,0.06211307723139565
0.9732458463598798,0.026754153640120196
0.9412730457129611,0.05872695428703895
0.9493023096708201,0.05069769032917993
0.9476735571692586,0.05232644283074138
0.9469761591350784,0.05302384086492158
0.929519715384234,0.07048028461576612
0.9470150372214812,0.052984962778518836
0.9443005102020838,0.055699489797916196
0.9520453084593701,0.04795469154062997
0.9224183551632703,0.07758164483672973
0.9254350069526227,0.07456499304737724
0.956498519550927,0.043501480449072996
0.9391267967900433,0.06087320320995678
0.9167735991808793,0.08322640081912062
0.9446788543656494,0.05532114563435062
0.939077521120728,0.06092247887927214
0.9537263852374843,0.046273614762515625
0.9063564545743862,0.09364354542561386
0.9252635656407949,0.07473643435920505
0.9318095881836779,0.06819041181632213
0.9478457474756998,0.0521542525243002
0.9018199839939287,0.09818001600607128
0.9383445693986936,0.061655430601306446
0.9444470719447774,0.055552928055222585
0.9359713874249912,0.0640286125750089
0.9292854405802985,0.07071455941970156
0.9320731936010018,0.06792680639899812
0.9419457776018697,0.0580542223981302
0.9177488265637073,0.08225117343629268
0.9661116379098498,0.033888362090150295
0.9328974383268497,0.06710256167315032
0.9311954422753405,0.06880455772465957
0.952088093086521,0.047911906913478984
0.902509064041898,0.0974909359581019
0.9453049426857425,0.054695057314257556
0.9076159969795661,0.09238400302043391
0.9451594512462166,0.05484054875378342
0.9278677242317104,0.0721322757682897
0.9710614886932949,0.028938511306705095
0.9485324870880845,0.05146751291191562
0.9569823712666298,0.04301762873337018
0.9086847979155465,0.09131520208445346
0.9573350499065204,0.042664950093479655
0.9478629696564944,0.052137030343505704
0.9287279127034301,0.07127208729656999
0.9575916681307663,0.04240833186923375
0.9229434673003056,0.07705653269969442
0.921060026425168,0.07893997357483198
0.9416674827454197,0.05833251725458033
0.9417413555103673,0.05825864448963275
0.9543974667426552,0.045602533257344806
0.935218814916944,0.06478118508305603
0.9186798526947426,0.08132014730525747
0.933694511426065,0.06630548857393505
0.9604926322035382,0.039507367796461856
0.943157323054973,0.056842676945027044
0.9571629667920408,0.04283703320795919
0.9502209953368507,0.049779004663149315
0.9604837611241241,0.03951623887587579
0.9067185846553711,0.09328141534462892
0.9486156132317288,0.051384386768271256
0.9211326235377697,0.07886737646223038
0.9486023885015791,0.05139761149842095
0.9412745515123404,0.05872544848765973
0.9126955529189125,0.0873044470810875
0.9033584217378066,0.09664157826219341
0.9398387397968468,0.060161260203153225
0.9533897564274676,0.04661024357253239
0.9651066475321435,0.034893352467856596
0.9045338298738865,0.09546617012611353
0.9745737872290164,0.02542621277098365
0.9349240191155035,0.06507598088449658
0.9105976820097605,0.08940231799023952
0.9375439407751466,0.062456059224853366
0.9293984179734426,0.07060158202655742
0.9462639158888863,0.053736084111113844
0.9182556818613348,0.08174431813866523
0.9571204865454346,0.04287951345456535
0.9365801276982898,0.0634198723017103
0.9379251382055784,0.06207486179442164
0.921263055363466,0.07873694463653406
0.9272791741939967,0.07272082580600325
0.9413541567217872,0.058645843278212706
0.9199222461619174,0.08007775383808254
0.9588919187671114,0.041108081232888644
0.9092712346340766,0.09072876536592347
0.977255545523127,0.022744454476873004
0.9592694420597706,0.04073055794022948
0.9660964764908895,0.03390352350911055
0.9222407573445468,0.07775924265545325
0.9423045914838599,0.057695408516140086
0.9201054465199373,0.07989455348006272
0.9544942736974794,0.045505726302520644
0.9575941667130479,0.04240583328695214
0.9142935357128268,0.08570646428717317
0.9791088801965476,0.02089111980345243
0.9296522620046009,0.07034773799539898
0.9601651471984362,0.03983485280156383
0.9438156220581035,0.0561843779418965
0.9264452167310563,0.07355478326894371
0.9370396952608195,0.06296030473918043
0.9157740564557989,0.08422594354420107
0.9608164586660392,0.03918354133396076
0.9222285678912016,0.07777143210879855
0.962905211773517,0.03709478822648311
0.937237447887034,0.06276255211296601
0.9162748908654132,0.0837251091345868
0.9420674828194072,0.05793251718059289
0.9271017255360402,0.07289827446395987
0.9428796237406841,0.05712037625931597
0.891286649426367,0.10871335057363302
0.9500185282054049,0.049981471794595105
0.9150170641896289,0.0849829358103711
0.904026625950101,0.09597337404989909
0.961734997948898,0.03826500205110191
0.9381930138225486,0.06180698617745151
0.9410437083883315,0.058956291611668515
0.9173563711905028,0.08264362880949723
0.9303382421524743,0.06966175784752568
0.9376565547178827,0.06234344528211737
0.9297350350171548,0.07026496498284512
0.9474138565044896,0.0525861434955104
0.9317198003906781,0.06828019960932188
0.9144386296311656,0.08556137036883424
0.9077900147739881,0.09220998522601188
0.9275459138512957,0.07245408614870438
0.9183497245523045,0.08165027544769561
0.9524080470568076,0.047591952943192364
0.9107908481767125,0.08920915182328747
0.907456815062123,0.09254318493787707
0.9595339863804332,0.04046601361956688
0.9616541382817212,0.03834586171827877
0.960101868052491,0.03989813194750907
0.942673957058819,0.05732604294118109
0.9733755789920804,0.026624421007919633
0.9697334165422407,0.030266583457759434
0.9534450411834409,0.04655495881655917
0.9340681462332854,0.06593185376671463
0.9415523315053561,0.05844766849464399
0.9157823710815899,0.0842176289184102
0.9763953693755547,0.023604630624445323
0.9607375181653476,0.03926248183465245
0.9602409483170115,0.03975905168298863
0.9213808945742881,0.07861910542571185
0.88824496952785,0.11175503047214991
0.9281454811705155,0.07185451882948445
0.9204504965236224,0.07954950347637761
0.9424018105649222,0.057598189435077746
0.9320916074392862,0.06790839256071386
0.9284117758657584,0.07158822413424165
0.9389788679465945,0.061021132053405626
0.9478817283203509,0.052118271679649185
0.9703868951309937,0.02961310486900623
0.9880002181347145,0.011999781865285487
0.9360056670399263,0.06399433296007379
0.9612933346547446,0.03870666534525538
0.9334224809507895,0.06657751904921039
0.9620306674813085,0.03796933251869157
0.9527313959715495,0.04726860402845044
0.9423450867389507,0.05765491326104929
0.9614539252833819,0.038546074716618084
0.930025140201702,0.069974859798298
0.926478659343451,0.07352134065654907
0.9664558554620972,0.03354414453790283
0.9355469461197665,0.06445305388023358
0.9307256981241708,0.06927430187582917
0.9594687198045627,0.040531280195437246
0.9292255141952417,0.0707744858047584
0.9140628189655082,0.08593718103449176
0.9401817766183901,0.05981822338161
0.9367223232678035,0.06327767673219653
0.9449216934293465,0.0550783065706535
0.9516752460992872,0.04832475390071283
0.9458488960185462,0.05415110398145384
0.9550039912102032,0.04499600878979695
0.9543975309534563,0.04560246904654378
0.9716984261886576,0.028301573811342476
0.9661723841947185,0.03382761580528155
0.9351793016873101,0.06482069831268991
0.9292687438634917,0.07073125613650837
0.9263526913437881,0.07364730865621189
0.9146611949813297,0.08533880501867022
0.9623898449681569,0.03761015503184308
0.9264930905507415,0.07350690944925865
0.9400933717575247,0.05990662824247534
0.9290327055868342,0.07096729441316589
0.9195708164035862,0.08042918359641384
0.950455393541906,0.04954460645809402
0.948263070826817,0.051736929173183
0.9347934288747975,0.06520657112520255
0.9117195801596313,0.08828041984036884
0.9326590785508155,0.06734092144918451
0.9682990157467553,0.03170098425324473
0.930716155544625,0.06928384445537507
0.8955979116014693,0.10440208839853075
0.9298939262342263,0.07010607376577367
0.9123276733917035,0.08767232660829657
0.9849321068584669,0.015067893141533133
0.9535577414526305,0.046442258547369476
0.9158826486097822,0.08411735139021785
0.9115071311193111,0.08849286888068887
0.9479429185057282,0.052057081494271795
0.9545047692440217,0.045495230755978396
0.970160669892876,0.029839330107124157
0.9340240888714525,0.0659759111285475
0.9599983644850231,0.040001635514976985
0.9299022916893126,0.07009770831068747
0.9241304539176564,0.07586954608234361
0.9874718799583975,0.012528120041602532
0.9413721517508,0.05862784824920005
0.9621274211677325,0.0378725788322675
0.9385483343120287,0.06145166568797138
0.9322581073044772,0.06774189269552283
0.9323665022284431,0.06763349777155694
0.9596805901718145,0.04031940982818554
0.9162695820618544,0.08373041793814567
0.9357345814164741,0.06426541858352577
0.940943703294896,0.05905629670510403
0.9062741077334485,0.09372589226655145
0.9492864331923451,0.05071356680765507
0.934069218224183,0.06593078177581704
0.9531046678337489,0.04689533216625109
0.9680174368418983,0.03198256315810162
0.9576266223644402,0.04237337763555983
0.9475491247176384,0.052450875282361566
0.9519465082963282,0.04805349170367183
0.9423047533780923,0.05769524662190769
0.9432840031218759,0.05671599687812427
0.9456051172682001,0.05439488273179992
0.9360722362834353,0.0639277637165647
0.9191548629447481,0.08084513705525184
0.9533350614176624,0.046664938582337584
0.9259887937536432,0.07401120624635688
0.9355140834233502,0.0644859165766497
0.9443516885072201,0.05564831149277996
0.9232082741104422,0.07679172588955782
0.9524283995245264,0.0475716004754736
0.9558397869597071,0.04416021304029288
0.950805618690663,0.04919438130933697
0.9219910455303589,0.07800895446964107
0.9511565670487919,0.04884343295120809
0.9443821690932017,0.055617830906798345
0.9025136896714621,0.09748631032853802
0.9443810184125154,0.055618981587484656
0.9302561947464847,0.06974380525351528
0.9644503530229839,0.03554964697701619
0.918191455331734,0.08180854466826606
0.9667916610996375,0.03320833890036248
0.943340481286859,0.05665951871314099
0.9442985652804581,0.055701434719542
0.9616950956494141,0.0383049043505859
0.9387195976692108,0.06128040233078919
0.9466815015963036,0.05331849840369648
0.9456692431496404,0.05433075685035966
0.9428527955563648,0.05714720444363521
0.9445986516375686,0.05540134836243137
0.9477157242394241,0.05228427576057591
0.9591025948209365,0.04089740517906347
0.9408069388075393,0.059193061192460664
0.9238964823815059,0.07610351761849408
0.9559902542471131,0.04400974575288687
0.92247049030934,0.07752950969066
0.9401501154484657,0.059849884551534255
0.9562816111238841,0.04371838887611589
0.949322533571691,0.05067746642830898
0.8863186089031898,0.11368139109681029
0.9113477700301771,0.08865222996982296
0.9616777321153693,0.038322267884630765
0.9096288261622363,0.09037117383776382
0.9313472435431212,0.06865275645687885
0.9506705547531881,0.049329445246811925
0.9380792262360729,0.06192077376392715
0.948855118790385,0.0511448812096151
0.9553706778074824,0.04462932219251759
0.9177277236664674,0.08227227633353267
0.9253390578615485,0.07466094213845152
0.9026754528935745,0.09732454710642556
0.9432691814545683,0.05673081854543171
0.9378573849827412,0.0621426150172589
0.9437827332238752,0.05621726677612491
0.9476697384564623,0.052330261543537704
0.916777756849291,0.08322224315070903
0.916469258884654,0.08353074111534592
0.942671288454898,0.05732871154510203
0.9393123642966495,0.060687635703350444
0.914748857102929,0.08525114289707114
0.9318291803768373,0.06817081962316283
0.9575826471813261,0.04241735281867392
0.9255674494493504,0.07443255055064958
0.950251208564972,0.04974879143502794
0.9615679359203483,0.03843206407965167
0.9517341969246372,0.04826580307536284
0.9559911625072859,0.04400883749271416
0.9520356140110117,0.047964385988988265
0.9032393708385178,0.09676062916148218
0.9070738099225423,0.0929261900774577
0.9334519081849513,0.06654809181504873
0.9412052102297432,0.058794789770256775
0.9405693956961515,0.059430604303848486
0.960492604348834,0.03950739565116599
0.9372760730075514,0.06272392699244854
0.9540359156439208,0.045964084356079196
0.9380700580349818,0.0619299419650183
0.9530257813781451,0.04697421862185501
0.9644272406840076,0.03557275931599237
0.9228753872705867,0.07712461272941326
0.959388087341802,0.040611912658197954
0.9475961354709893,0.052403864529010614
0.9462102379064833,0.053789762093516644
0.9266727341620596,0.07332726583794041
0.9538660449707604,0.04613395502923958
0.9433576011665625,0.05664239883343746
0.9308390744959901,0.0691609255040099
0.9243366037358767,0.07566339626412338
0.9450488305103163,0.05495116948968377
0.9532503831266915,0.04674961687330853
0.962130116708022,0.03786988329197808
0.9539592986999264,0.046040701300073615
0.9301367408355291,0.06986325916447085
0.9128772408901196,0.08712275910988042
0.9464906090316417,0.05350939096835818
0.9574867340220266,0.04251326597797342
0.9312997917968314,0.06870020820316848
0.9346772867806314,0.06532271321936857
0.9665315366559432,0.03346846334405681
0.9545060077321589,0.04549399226784115
0.9733255156650638,0.026674484334936254
0.9601829800841466,0.03981701991585342
0.9460594995687114,0.05394050043128862
0.9392887442171505,0.06071125578284958
0.9591364011506137,0.04086359884938625
0.9078179656424457,0.09218203435755445
0.9391667443393079,0.060833255660692066
0.9604366270063616,0.03956337299363846
0.9540517045630972,0.04594829543690279
0.96022829006862,0.03977170993137995
0.947427506579321,0.052572493420679045
0.895059197694977,0.10494080230502296
0.9408254585306904,0.059174541469309616
0.9753223844017868,0.024677615598213333
0.948863497568038,0.05113650243196208
0.9327053429584653,0.0672946570415347
0.9424822385118863,0.05751776148811373
0.9353482769681047,0.06465172303189531
0.9515753537606328,0.04842464623936712
0.9426346799116428,0.05736532008835725
0.944503730460127,0.05549626953987307
0.8773128250840961,0.12268717491590382
0.9497701648374816,0.050229835162518464
0.9233010225770414,0.07669897742295857
0.9156920148909689,0.08430798510903112
0.9411204915829162,0.05887950841708374
0.9587761173572937,0.041223882642706274
0.9299004434960513,0.07009955650394872
0.9321177650553002,0.06788223494469978
0.9286251868380072,0.07137481316199284
0.9268167214931076,0.07318327850689235
0.9416805378429329,0.05831946215706723
0.9427037183180065,0.05729628168199351
0.9572822109318394,0.042717789068160636
0.9292523521879569,0.07074764781204315
0.9601216931265628,0.03987830687343724
0.933023390809726,0.06697660919027404
0.9580961165331321,0.04190388346686785
0.9376246377180101,0.06237536228198978
0.9319329916645557,0.06806700833544428
0.9599052365419442,0.04009476345805595
0.9690974152212591,0.030902584778740895
0.9065471313964371,0.09345286860356304
0.9290230110735243,0.0709769889264758
0.9408702305818012,0.05912976941819874
0.932861447620863,0.06713855237913705
0.9650302788808622,0.034969721119137834
0.934941667239578,0.0650583327604221
0.9440904662540706,0.05590953374592945
0.9242538387743834,0.07574616122561662
0.9343339444967509,0.06566605550324908
0.9048902532205356,0.09510974677946447
0.9230279279240392,0.07697207207596082
0.9182841927636367,0.08171580723636339
0.9373917970802833,0.06260820291971668
0.9529154404702028,0.047084559529797204
0.9611910928954955,0.03880890710450444
0.938965667877458,0.061034332122541994
0.9702831689189467,0.029716831081053302
0.9385171931233277,0.0614828068766724
0.9363817966786913,0.06361820332130871
0.9339041427465924,0.06609585725340766
0.9404717511831389,0.05952824881686123
0.9370287083933095,0.06297129160669047
0.9507865534641955,0.04921344653580457
0.9281643482932743,0.07183565170672568
0.9489368842956499,0.05106311570435001
0.9591269470307768,0.04087305296922328
0.9323340362142521,0.06766596378574781
0.9541830606561735,0.04581693934382647
0.9581471939600719,0.041852806039928046
0.9496376288672329,0.05036237113276711
0.8655991881739733,0.13440081182602673
0.9832059904039385,0.016794009596061504
0.9393016227044698,0.060698377295530126
0.9245544885839758,0.07544551141602411
0.9471512134922115,0.052848786507788396
0.9698031710959585,0.03019682890404142
0.8932459982885633,0.10675400171143677
0.9480837968426239,0.05191620315737609
0.9431805780116095,0.056819421988390593
0.9454318824739557,0.05456811752604431
0.9331841896887066,0.0668158103112933
0.94327748937447,0.056722510625530125
0.9444054590176462,0.055594540982353814
0.9323506165659141,0.06764938343408596
0.9601887945703729,0.03981120542962713
0.9667953102559954,0.0332046897440046
0.9442006969028419,0.055799303097158054
0.9502406494905317,0.04975935050946826
0.9158433465290341,0.0841566534709659
0.9368830865231612,0.06311691347683879
0.919931920565089,0.0800680794349111
0.9521028069750203,0.04789719302497971
0.9236665266774795,0.07633347332252051
0.9357207816994874,0.06427921830051254
0.915955381910615,0.08404461808938506
0.9317340474271629,0.06826595257283712
0.9172942828576999,0.08270571714230016
0.89644590272922,0.10355409727078002
0.9432563477620899,0.05674365223791014
0.950769324410886,0.04923067558911395
0.9166066273100293,0.08339337268997077
0.9610898024154774,0.038910197584522556
0.9623074475344485,0.03769255246555154
0.9427797260833892,0.05722027391661079
0.926101578058322,0.0738984219416779
0.9522525366633021,0.04774746333669789
0.9548896306264413,0.04511036937355878
0.9131642985829517,0.08683570141704829
0.9612924935701705,0.038707506429829466
0.9062780934941933,0.09372190650580675
0.9585769349129559,0.04142306508704419
0.9330747415070858,0.06692525849291409
0.9589905087925513,0.04100949120744874
0.909398027745891,0.09060197225410903
0.9225663901445376,0.07743360985546252
0.9026824754406261,0.09731752455937388
0.9250767645119585,0.07492323548804147
0.944572838404979,0.055427161595020924
0.9084485233156042,0.09155147668439582
0.957154169267423,0.04284583073257691
0.9513658285281658,0.04863417147183422
0.9707412669411591,0.029258733058840747
0.9388950709401845,0.06110492905981549
0.9188521193902748,0.0811478806097253
0.9469250612618635,0.05307493873813651
0.9527557463501415,0.04724425364985853
0.9242080019436375,0.07579199805636253
0.9433830004916507,0.0566169995083494
0.9308028796089555,0.06919712039104454
0.9395679336955784,0.060432066304421654
0.9237512913420084,0.07624870865799167
0.9002739623769944,0.09972603762300553
0.899827061477763,0.1001729385222369
0.9488239382921729,0.051176061707827125
0.9344797050252668,0.06552029497473315
0.9506830636769865,0.04931693632301345
0.9455158663150038,0.05448413368499619
0.9448238065651245,0.055176193434875516
0.9597520681834372,0.04024793181656289
0.959186432388315,0.04081356761168493
0.9198048824850299,0.0801951175149701
0.910102659947083,0.08989734005291711
0.9738527618422048,0.02614723815779512
0.930765159327927,0.069234840672073
0.9170767334706783,0.08292326652932179
0.9446106763868729,0.05538932361312718
0.9430520507042913,0.05694794929570871
0.9186832963625239,0.08131670363747621
0.9249019894759443,0.0750980105240558
0.9266134082432916,0.07338659175670839
0.8988323909670355,0.10116760903296461
0.95230150118444,0.04769849881555993
0.9247885207923241,0.07521147920767599
0.9393044934674312,0.060695506532568826
0.9537093773614193,0.046290622638580824
0.9348240357049434,0.06517596429505661
0.9539983928104403,0.04600160718955964
0.9515696861982929,0.04843031380170716
0.9194135623393891,0.08058643766061105
0.952598646394184,0.04740135360581607
0.9175516616958658,0.08244833830413423
0.9571822431643536,0.042817756835646426
0.9386943529573705,0.061305647042629564
0.9531505485654339,0.04684945143456601
0.9189724940130123,0.08102750598698777
0.9457767568833687,0.05422324311663129
0.9363418470347629,0.06365815296523723
0.9375476062468727,0.062452393753127305
0.9487727186656875,0.05122728133431256
0.9204968201784743,0.07950317982152567
0.9434813849728195,0.05651861502718043
0.9451769850759033,0.05482301492409665
0.9426882253087191,0.057311774691280924
0.9374139882716993,0.0625860117283008
0.9639896870828055,0.03601031291719443
0.9831271586292695,0.01687284137073051
0.9433244487806062,0.05667555121939388
0.9481257267328919,0.05187427326710811
0.9664959052587219,0.03350409474127819
0.9785440458573121,0.02145595414268778
0.971562882193339,0.028437117806661083
0.9214986646777314,0.07850133532226852
0.9453570160235513,0.05464298397644875
0.9587279773011632,0.0412720226988368
0.9605362825715371,0.03946371742846285
0.9564302951241658,0.043569704875834205
0.9189086850395791,0.08109131496042078
0.9893722930060099,0.010627706993989943
0.9257217810948322,0.07427821890516781
0.934145320493351,0.06585467950664897
0.9605496822472555,0.03945031775274454
0.960353503081232,0.039646496918767975
0.8937277890570474,0.10627221094295264
0.9616456552481101,0.03835434475188984
0.9545139493440166,0.045486050655983434
0.9544011253372532,0.04559887466274677
0.9531755855588847,0.046824414441115306
0.9437864501000509,0.0562135498999491
0.9730598393224503,0.0269401606775497
0.9212629230674606,0.07873707693253935
0.9523405165428844,0.04765948345711567
0.9014617789732202,0.09853822102677977
0.9186955935613954,0.08130440643860462
0.9360951558491208,0.06390484415087924
0.9474723561269867,0.052527643873013244
0.977682866596425,0.022317133403575086
0.9334602561778541,0.06653974382214584
0.9644984658267451,0.0355015341732548
0.9564124522224097,0.0435875477775903
0.930643252979944,0.06935674702005598
0.9419058906210183,0.05809410937898169
0.9521886643063562,0.04781133569364383
0.9679627178197499,0.03203728218025016
0.9036111454933803,0.0963888545066197
0.9557096754894726,0.04429032451052743
0.9545442777313895,0.04545572226861051
0.8984511777965846,0.10154882220341543
0.9462306658480123,0.053769334151987695
0.9241716020088571,0.07582839799114298
0.9176560533834014,0.08234394661659865
0.9405566971312257,0.05944330286877425
0.9400410271518863,0.059958972848113655
0.9747340156207379,0.025265984379262023
0.9404297514990845,0.059570248500915635
0.9456740108191513,0.05432598918084881
0.9531293990354802,0.046870600964519796
0.9618675691775609,0.03813243082243903
0.9425976619603594,0.05740233803964052
0.9658888514341687,0.034111148565831244
0.9192416496679676,0.08075835033203241
0.9480856139933272,0.05191438600667281
0.9369834890314801,0.0630165109685199
0.9181437208438151,0.0818562791561849
0.9484332028186712,0.05156679718132876
0.9568672414960645,0.043132758503935484
0.9576204475655943,0.042379552434405665
0.9314336112869744,0.06856638871302558
0.9278006020887742,0.07219939791122573
0.9614473048861087,0.03855269511389119
0.9250251060283259,0.0749748939716741
0.9032064356532366,0.09679356434676338
0.9345885612405012,0.06541143875949876
0.9424602273871124,0.05753977261288759
0.9314966748984751,0.06850332510152485
0.9269794828013861,0.07302051719861394
0.9528898173482562,0.0471101826517438
0.9605529635475532,0.039447036452446876
0.9464452667728971,0.053554733227102816
0.9373510958391502,0.0626489041608498
0.9393166041826242,0.060683395817375835
0.9231370386295411,0.07686296137045891
0.9050804659968885,0.09491953400311151
0.934052206997198,0.06594779300280197
0.9256121972992779,0.07438780270072208
0.9470805678227485,0.05291943217725148
0.9482431574420402,0.05175684255795973
0.9346439223995838,0.0653560776004162
0.9379061119614629,0.06209388803853716
0.9644413744014878,0.0355586255985121
0.9412320070947076,0.0587679929052925
0.9610555995314,0.03894440046860007
0.9377982141695952,0.06220178583040478
0.9682622234203462,0.03173777657965387
0.9302695929118368,0.06973040708816325
0.9515835028008944,0.048416497199105644
0.9158282573430073,0.0841717426569927
0.9202217528434483,0.07977824715655177
0.9507723563168188,0.04922764368318129
0.9470755615224239,0.05292443847757608
0.9120335190085527,0.08796648099144734
0.9328240286991977,0.06717597130080227
0.9441883331996589,0.05581166680034112
0.9272358244683838,0.07276417553161613
0.9195461226348786,0.08045387736512143
0.933573509091874,0.06642649090812602
0.9331430786947502,0.06685692130524977
0.9504158328995183,0.049584167100481816
0.9591160937488445,0.04088390625115552
0.9582717110178097,0.041728288982190345
0.9192179496301321,0.08078205036986795
0.942800931157697,0.057199068842303115
0.9639232079094645,0.036076792090535555
0.9535977341269652,0.046402265873034726
0.9337172530784432,0.06628274692155676
0.957622550263785,0.04237744973621512
0.9571227144426697,0.04287728555733033
0.9395121922032856,0.0604878077967144
0.959189286776539,0.040810713223461026
0.9857439928202288,0.014256007179771164
0.9519989699762764,0.04800103002372363
0.9200313518689059,0.07996864813109406
0.9486788864799738,0.051321113520026294
0.934549228553052,0.06545077144694796
0.9384372243031143,0.06156277569688565
0.952157538235596,0.04784246176440402
0.9340809623411965,0.06591903765880333
0.8784860690983036,0.12151393090169639
0.9460003585483391,0.05399964145166087
0.9123797381868972,0.08762026181310283
0.906167782950984,0.09383221704901595
0.9203187190658065,0.07968128093419354
0.942055645931393,0.05794435406860693
0.933342671082551,0.06665732891744913
0.958263009896895,0.041736990103105075
0.9380530206936861,0.06194697930631386
0.9276970089697242,0.07230299103027589
0.9404427014088476,0.05955729859115248
0.9173949849856278,0.08260501501437227
0.9554981322129616,0.04450186778703847
0.9508631611099096,0.04913683889009034
0.9384322544047998,0.06156774559520022
0.9539947434772175,0.04600525652278243
0.91005746210467,0.08994253789533012
0.8785509337320937,0.12144906626790625
0.9463637356246739,0.053636264375326065
0.9409415666148259,0.05905843338517416
0.9159223834083419,0.08407761659165813
0.9506112824198568,0.04938871758014325
0.9199292775467136,0.08007072245328643
0.9218763138268403,0.07812368617315975
0.9632110045299604,0.036788995470039665
0.9500573155575348,0.04994268444246519
0.925313176206269,0.0746868237937311
0.9365998029583209,0.06340019704167921
0.9397269066036738,0.060273093396326284
0.9289486755990756,0.07105132440092447
0.9404147361067223,0.05958526389327767
0.937939422938205,0.06206057706179501
0.9503357517893564,0.04966424821064364
0.9447527146876302,0.055247285312369866
0.9461193577670937,0.05388064223290635
0.928460948536403,0.07153905146359694
0.9714210765285737,0.028578923471426397
0.9319540588483459,0.06804594115165419
0.8939720363168177,0.10602796368318237
0.9693658489010379,0.030634151098962104
0.9137110602677183,0.08628893973228172
0.9345489401630721,0.06545105983692791
0.9358186020122855,0.06418139798771456
0.9308466672377852,0.0691533327622148
0.942856229913474,0.05714377008652606
0.9401553021431156,0.05984469785688447
0.9514198113988102,0.04858018860118984
0.9083439263829519,0.09165607361704815
0.9018941343190318,0.09810586568096817
0.9415476222352642,0.05845237776473582
0.9258561685717603,0.07414383142823971
0.9523655150423699,0.04763448495763021
0.913959249311766,0.08604075068823402
0.9484592740475078,0.0515407259524922
0.9330820639913847,0.06691793600861537
0.9280688202227464,0.0719311797772536
0.9382023033600263,0.06179769663997364
0.9382104916330942,0.06178950836690576
0.9330960416711139,0.0669039583288861
0.9448298254161407,0.05517017458385936
0.890763044360896,0.109236955639104
0.9732019350928531,0.026798064907146778
0.9590216586606272,0.04097834133937286
0.9293077818616388,0.07069221813836123
0.9275851712594201,0.07241482874057983
0.9367738926521694,0.06322610734783068
0.961549088106481,0.038450911893519124
0.9454953788328574,0.05450462116714255
0.9605180282196067,0.039481971780393275
0.875575107418787,0.12442489258121307
0.9213013621455486,0.07869863785445136
0.9224738673773284,0.07752613262267151
0.9366563145781075,0.0633436854218926
0.9421985083014917,0.057801491698508366
0.9347685039856551,0.06523149601434484
0.9668252051551491,0.03317479484485093
0.9106923739608993,0.08930762603910068
0.9442632199891855,0.05573678001081443
0.9186045657896845,0.0813954342103155
0.9043029362742667,0.0956970637257332
0.9466153978143106,0.05338460218568949
0.9395153632638878,0.06048463673611206
0.9161257108024293,0.08387428919757074
0.9428009143221484,0.05719908567785161
0.9105666558147673,0.08943334418523279
0.9468548038489877,0.053145196151012396
0.9309883376886019,0.06901166231139805
0.9326906293791535,0.06730937062084652
0.9545402866850377,0.04545971331496238
0.9565208898190392,0.04347911018096079
0.9531664238733495,0.04683357612665057
0.9633512013516773,0.036648798648322774
0.954223993663997,0.04577600633600301
0.9161576947390766,0.08384230526092337
0.942904099624049,0.05709590037595096
0.9291769778624837,0.0708230221375164
0.9260677016459109,0.07393229835408914
0.9244345153603375,0.0755654846396625
0.9356259609102011,0.0643740390897988
0.9357411418552211,0.06425885814477891
0.9328134063208549,0.06718659367914528
0.9484820138670482,0.05151798613295183
0.950649524779008,0.049350475220992104
0.9256975311794391,0.07430246882056098
0.958010249007894,0.04198975099210597
0.8920200464730306,0.10797995352696944
0.9592183621796796,0.04078163782032041
0.9412116461793366,0.05878835382066342
0.9431371468095495,0.05686285319045056
0.9255256435581404,0.07447435644185955
0.964881084116368,0.035118915883632064
0.9196819181134522,0.08031808188654779
0.9709663429047205,0.029033657095279542
0.9320337366873007,0.06796626331269927
0.9446804448090861,0.055319555190914
0.9718922579416452,0.028107742058354722
0.9069817312732323,0.09301826872676774
0.9602922712079782,0.03970772879202179
0.9378033401341275,0.06219665986587258
0.917761080243699,0.08223891975630099
0.9411904769038248,0.058809523096175306
0.9280751963703645,0.07192480362963548
0.9578044587849747,0.042195541215025334
0.9265980666786865,0.07340193332131353
0.9662035271815835,0.033796472818416495
0.9525237290835974,0.0474762709164027
0.9119697677461561,0.08803023225384393
0.9407881464105026,0.05921185358949753
0.9582152773314262,0.04178472266857378
0.9345115969620604,0.06548840303793958
0.9246117621535239,0.07538823784647605
0.94294663048982,0.05705336951018008
0.944628576671057,0.05537142332894296
0.9256035306081172,0.07439646939188288
0.936173055424901,0.06382694457509892
0.9393717645414817,0.06062823545851827
0.9290734403503046,0.07092655964969548
0.9566790737074858,0.04332092629251421
0.926063143688265,0.07393685631173501
0.9114074204948518,0.08859257950514836
0.9422793045461723,0.05772069545382775
0.9515203506808265,0.04847964931917343
0.9411856022853156,0.05881439771468444
0.9585560544895684,0.04144394551043166
0.9673892660391362,0.03261073396086372
0.937610093914726,0.062389906085273894
0.9509694604403969,0.049030539559603126
0.9628622309153917,0.03713776908460823
0.9743418767131456,0.025658123286854354
0.9456869585162946,0.05431304148370542
0.9557760252792326,0.044223974720767445
0.8929757996155959,0.10702420038440416
0.940294570380523,0.059705429619477
0.9436105834197861,0.05638941658021392
0.9313866124655996,0.06861338753440045
0.9183708316161702,0.08162916838382987
0.9239368239151622,0.07606317608483784
0.8970780748523858,0.10292192514761432
0.9399666775243051,0.0600333224756949
0.9512301615810458,0.048769838418954256
0.9654309692299066,0.03456903077009349
0.9597642417475971,0.04023575825240287
0.9175840223266047,0.08241597767339516
0.9446398627768595,0.0553601372231405
0.9455389020978667,0.054461097902133215
0.9241792764432892,0.07582072355671082
0.9389875147658864,0.06101248523411362
0.9385285907868863,0.061471409213113656
0.9351833437248194,0.06481665627518066
0.9281466724500497,0.07185332754995032
0.9407714757544875,0.05922852424551262
0.9553396754354023,0.044660324564597675
0.9526585878482472,0.047341412151752776
0.9170399155221103,0.08296008447788966
0.9617709998358202,0.03822900016417992
0.9582123290891987,0.04178767091080128
0.9632550162129428,0.03674498378705711
0.9418872123198653,0.05811278768013474
0.9131492276483887,0.08685077235161134
0.9901528190366805,0.009847180963319498
0.916935589050202,0.08306441094979804
0.9608377393765954,0.03916226062340464
0.9080941984840115,0.09190580151598862
0.922634132976168,0.07736586702383198
0.9208675554517116,0.07913244454828842
0.922285255604508,0.07771474439549202
0.9429954773156075,0.05700452268439258
0.9231702619878943,0.07682973801210574
0.9374959109908315,0.06250408900916844
0.9323443809387539,0.06765561906124616
0.9126223158924306,0.08737768410756946
0.9458424180138502,0.054157581986149825
0.9368660765156971,0.06313392348430302
0.9634282539064595,0.036571746093540566
0.9595135411806435,0.04048645881935657
0.9444376847073063,0.05556231529269367
0.8980869537442889,0.10191304625571113
0.9454988865661295,0.05450111343387057
0.9366460381293946,0.06335396187060534
0.9126702584534102,0.08732974154658972
0.9420095533927633,0.057990446607236824
0.933836458428186,0.06616354157181406
0.9308570358751034,0.06914296412489662
0.950417666317023,0.04958233368297707
0.9293964757627251,0.07060352423727494
0.9441909949851373,0.05580900501486277
0.938483058651221,0.06151694134877906
0.9180046339043924,0.0819953660956076
0.9067994668837945,0.09320053311620546
0.9588087190011849,0.0411912809988151
0.9590050710267753,0.04099492897322462
0.9242165526824436,0.07578344731755646
0.9645518262212693,0.03544817377873067
0.9263061725608288,0.07369382743917124
0.9486186321034252,0.051381367896574756
0.961382310023707,0.03861768997629307
0.9357012256216495,0.0642987743783506
0.9633051853923917,0.03669481460760833
0.9658104817721146,0.034189518227885456
0.9142703020232923,0.08572969797670771
0.9496449793458882,0.05035502065411179
0.9661829949684474,0.03381700503155256
0.8873033954461844,0.11269660455381553
0.9272433947755616,0.07275660522443843
0.9396322935296171,0.06036770647038292
0.9232202884317299,0.0767797115682701
0.9467571528898503,0.05324284711014972
0.9487316731373749,0.051268326862625044
0.9321349685333549,0.06786503146664505
0.9235169599224233,0.07648304007757674
0.9394053410725104,0.060594658927489664
0.9366650047057299,0.0633349952942701
0.9181567752221924,0.0818432247778076
0.9533553110692644,0.04664468893073563
0.9149203600261607,0.08507963997383929
0.9611205945410065,0.03887940545899354
0.9487384710698988,0.051261528930101254
0.9412867603510178,0.05871323964898215
0.9397842794514727,0.06021572054852729
0.9424879437333438,0.0575120562666563
0.9356834304574225,0.06431656954257745
0.9263060499779115,0.07369395002208844
0.912496456744744,0.08750354325525596
0.9676927892210291,0.03230721077897089
0.952483032943685,0.04751696705631502
0.9300568932920178,0.06994310670798215
0.950527768941038,0.04947223105896205
0.9303836356722103,0.06961636432778978
0.9742869120113701,0.025713087988629882
0.9105110250690693,0.0894889749309307
0.9301401140548217,0.06985988594517839
0.9247006120699005,0.07529938793009956
0.936981325010846,0.06301867498915406
0.9573374589058901,0.042662541094109996
0.9460708634711388,0.05392913652886133
0.9526518674807657,0.04734813251923436
0.9440381383428048,0.05596186165719518
0.9351505310358833,0.0648494689641168
0.9332830859098525,0.06671691409014747
0.9626243796384821,0.03737562036151799
0.909703728957472,0.090296271042528
0.9468833911236108,0.053116608876389255
0.8992468261078165,0.10075317389218352
0.9510634289789236,0.0489365710210765
0.9482562673358663,0.05174373266413374
0.9278669132889223,0.07213308671107765
0.9336629303335815,0.06633706966641846
0.9707207213968646,0.02927927860313541
0.9261673966009807,0.07383260339901943
0.9615468395727322,0.038453160427267756
0.9177330468395384,0.0822669531604616
0.9220393988372331,0.077960601162767
0.9427949230364863,0.057205076963513825
0.9317448847088313,0.0682551152911686
0.9651688063030813,0.034831193696918776
0.9588666217662336,0.04113337823376628
0.9728655444517889,0.027134455548211162
0.8914101695760211,0.10858983042397892
0.9211705670646206,0.07882943293537949
0.9624125523970256,0.03758744760297442
0.9267824116297763,0.07321758837022382
0.955326198895311,0.04467380110468903
0.9334586618246953,0.06654133817530475
0.9508906731126977,0.04910932688730238
0.9489554059560008,0.05104459404399926
0.9324777228184167,0.06752227718158334
0.8980989429607531,0.10190105703924691
0.9194376186428114,0.08056238135718873
0.9464153785975049,0.05358462140249515
0.9753650578318275,0.024634942168172472
0.933199712172723,0.06680028782727691
0.9081419375424719,0.09185806245752805
0.9442157987240583,0.05578420127594172
0.9331584776604499,0.06684152233955012
0.9659764902865802,0.0340235097134199
0.946153448981776,0.053846551018224
0.9097059694354647,0.09029403056453539
0.9312317024151751,0.06876829758482492
0.9369168179724804,0.06308318202751977
0.9488352784858138,0.05116472151418618
0.9322823583642852,0.06771764163571471
0.9155313100860445,0.08446868991395556
0.9482262086048326,0.05177379139516736
0.9098652113176782,0.09013478868232189
0.8696282497652412,0.13037175023475886
0.9376253319508259,0.0623746680491741
0.9188077412432887,0.08119225875671131
0.9305337965984514,0.06946620340154869
0.9343257409741785,0.06567425902582152
0.94854976809476,0.05145023190524002
0.9194202859035837,0.08057971409641629
0.9373356518942966,0.06266434810570337
0.9371063741207118,0.06289362587928819
0.945536650772685,0.05446334922731507
0.9247660096212151,0.07523399037878487
0.9142866954700988,0.08571330452990124
0.9161335312017787,0.08386646879822142
0.9401616042025298,0.059838395797470315
0.9575558265624817,0.04244417343751825
0.9496732651478021,0.05032673485219785
0.9199472855136123,0.08005271448638777
0.9250762172880599,0.0749237827119401
0.9653877604870066,0.034612239512993456
0.8927054073045606,0.10729459269543931
0.9738824693253547,0.02611753067464525
0.9491725254921958,0.050827474507804254
0.9272059647179979,0.07279403528200215
0.9538094288981105,0.04619057110188956
0.9577835204252255,0.042216479574774445
0.9303971857403995,0.06960281425960053
0.9254337736685709,0.07456622633142906
0.9534220087623441,0.04657799123765593
0.9675027953667158,0.03249720463328431
0.9372323381986234,0.0627676618013765
0.9124233422352561,0.08757665776474378
0.9587099237624179,0.041290076237582164
0.9108129634930358,0.08918703650696425
0.9595964011583337,0.040403598841666485
0.9593589343023118,0.04064106569768812
0.93573362551318,0.06426637448682006
0.9323239778883475,0.06767602211165252
0.9700501984867552,0.029949801513244792
0.9714466125195146,0.028553387480485408
0.9481078868421371,0.05189211315786288
0.9299027917741384,0.07009720822586155
0.947781068367229,0.05221893163277106
0.945086083344517,0.05491391665548293
0.9409868738529199,0.059013126147080104
0.9224173813827474,0.07758261861725269
0.9423297102507469,0.0576702897492531
0.9652703737480036,0.03472962625199641
0.927141589787554,0.07285841021244605
0.956946622957559,0.043053377042441054
0.9374574547130232,0.06254254528697684
0.9575488700174122,0.04245112998258781
0.9343879783852641,0.06561202161473591
0.9461613910545225,0.05383860894547762
0.923683283816353,0.076316716183647
0.9374786607866448,0.06252133921335533
0.9068094547492722,0.09319054525072776
0.9150048996592551,0.08499510034074496
0.9211465809622402,0.07885341903775986
0.92698479730162,0.07301520269837998
0.9539102996774637,0.04608970032253631
0.9129285213614126,0.08707147863858741
0.9391208108044475,0.06087918919555252
0.9227336892981104,0.07726631070188965
0.9865792113373394,0.013420788662660567
0.9314090830834252,0.06859091691657493
0.9241950055895214,0.07580499441047858
0.9443900729888932,0.0556099270111067
0.9358874614766669,0.06411253852333315
0.9559441368721588,0.044055863127841106
0.9270878080832623,0.07291219191673777
0.9356904602112669,0.06430953978873316
0.9666644345424512,0.0333355654575488
0.9189123761573716,0.0810876238426284
0.918939324839755,0.08106067516024507
0.9298798638712884,0.0701201361287116
0.9057047088793883,0.09429529112061172
0.9214831270682269,0.07851687293177313
0.8933686002182547,0.10663139978174543
0.9255289798559979,0.07447102014400218
0.9392500572389098,0.06074994276109025
0.9432082827581685,0.05679171724183161
0.984081550691518,0.015918449308481873
0.9401710556255535,0.05982894437444648
0.9188986327302251,0.0811013672697749
0.9498077541411732,0.050192245858826735
0.9392947476815464,0.060705252318453695
0.9310261562817919,0.0689738437182081
0.9201009819660965,0.07989901803390367
0.9486463031335085,0.051353696866491494
0.9295647348155356,0.07043526518446448
0.961878919043731,0.038121080956269
0.9340051408941626,0.0659948591058374
0.9618108608610869,0.03818913913891306
0.9499884272598598,0.050011572740140196
0.9391722407446954,0.06082775925530466
0.9432675057061313,0.056732494293868604
0.942225818802625,0.05777418119737511
0.9194803200397765,0.08051967996022345
0.9156683099088715,0.08433169009112855
0.9272897687689051,0.0727102312310949
0.9372099850297965,0.0627900149702035
0.9756763795332644,0.024323620466735717
0.9368369385360644,0.06316306146393563
0.9365454405040204,0.06345455949597958
0.9365660661695834,0.06343393383041653
0.9276472064845613,0.07235279351543875
0.9740332995348552,0.025966700465144793
0.9276137007585051,0.07238629924149477
0.946081828677968,0.05391817132203203
0.9451552468188997,0.05484475318110024
0.9460629599398733,0.053937040060126756
0.9440239286996951,0.055976071300304915
0.9152518002594403,0.08474819974055975
0.9393193959900143,0.0606806040099856
0.930416849385582,0.06958315061441794
0.9372321859350173,0.06276781406498265
0.9563614322344083,0.04363856776559174
0.9276028901380716,0.07239710986192839
0.9323429752787279,0.06765702472127226
0.93582930806376,0.0641706919362401
0.9301663092975704,0.06983369070242973
0.9006116199438632,0.09938838005613682
0.9415744304764799,0.058425569523520085
0.9393296089957305,0.060670391004269505
0.9286818147923174,0.07131818520768257
0.9171608030345354,0.08283919696546464
0.9624094859539019,0.03759051404609808
0.9069022537795878,0.09309774622041224
0.9201365085644436,0.07986349143555642
0.9412792364082333,0.05872076359176673
0.943058601861416,0.056941398138583954
0.9566957232938611,0.04330427670613895
0.9387072920132389,0.06129270798676115
0.9440607992500488,0.05593920074995116
0.9612184199988018,0.03878158000119822
0.9229705022920839,0.07702949770791617
0.9439118050803045,0.05608819491969547
0.9473294934541421,0.05267050654585793
0.9082292407315035,0.0917707592684966
0.9467415198131283,0.05325848018687183
0.9664701473374989,0.03352985266250121
0.9483041621803684,0.05169583781963158
0.9646891510761231,0.03531084892387697
0.940192243330627,0.05980775666937308
0.9336586541274303,0.06634134587256973
0.9396773159920565,0.06032268400794345
0.9174560696089643,0.08254393039103573
0.934017975443416,0.065982024556584
0.9363307077270203,0.0636692922729798
0.9325780665157262,0.06742193348427383
0.9442712862995807,0.055728713700419444
0.9138105878719281,0.08618941212807191
0.9282518088712214,0.07174819112877857
0.9297226663740765,0.07027733362592349
0.9155603788609625,0.08443962113903754
0.9233517550290488,0.0766482449709513
0.9319151133538917,0.06808488664610844
0.9635300498187278,0.03646995018127226
0.9024562599990461,0.0975437400009538
0.91525862457376,0.08474137542624009
0.9810584752749755,0.018941524725024562
0.9614623392767078,0.03853766072329217
0.9137746018131983,0.08622539818680174
0.9366802297119402,0.06331977028805981
0.9248537373562795,0.07514626264372046
0.912914898943776,0.08708510105622401
0.9714162629177808,0.028583737082219132
0.918279773374459,0.08172022662554103
0.9387098585443618,0.06129014145563825
0.9332193249380022,0.06678067506199786
0.960940993461215,0.03905900653878503
0.9520865728762521,0.04791342712374801
0.9746746197594889,0.02532538024051109
0.9307376800221889,0.06926231997781108
0.9361208313718774,0.06387916862812253
0.9569715968539123,0.04302840314608764
0.938447565478281,0.06155243452171897
0.9409568622780978,0.05904313772190221
0.9385221001994457,0.06147789980055428
0.9058160964491869,0.09418390355081319
0.9294459449473763,0.07055405505262365
0.9130946071862609,0.08690539281373902
0.9451470984947932,0.054852901505206775
0.9191972188445905,0.08080278115540944
0.922790286096496,0.0772097139035039
0.9653362613188685,0.034663738681131484
0.9336956171300249,0.06630438286997503
0.9429892967340231,0.05701070326597695
0.938559988284305,0.06144001171569496
0.8934519779759483,0.10654802202405175
0.9308450963197217,0.06915490368027837
0.9528711757009336,0.04712882429906649
0.9575202916998357,0.0424797083001644
0.9524964939046536,0.047503506095346426
0.9533861618649324,0.04661383813506761
0.9212621931164844,0.07873780688351568
0.9743763036148313,0.025623696385168766
0.9403466273850941,0.05965337261490596
0.9147223143545411,0.08527768564545893
0.905902882159418,0.09409711784058196
0.9268291047164449,0.07317089528355501
0.9295985211421245,0.07040147885787554
0.9174400139093721,0.08255998609062788
0.8906911912324948,0.10930880876750522
0.9390231580843355,0.06097684191566453
0.9383977165443635,0.06160228345563648
0.9218332758956752,0.07816672410432479
0.909863899345359,0.090136100654641
0.9564911379882141,0.043508862011785956
0.957699593910271,0.04230040608972899
0.9344048814289795,0.06559511857102053
0.9196529742115879,0.08034702578841217
0.9573419294105953,0.04265807058940481
0.9175836594699676,0.08241634053003243
0.9177881895030454,0.0822118104969547
0.9321044578383071,0.06789554216169286
0.9449247379382735,0.055075262061726464
0.9259844634385881,0.07401553656141188
0.9486823509849359,0.051317649015064117
0.9363877914019957,0.06361220859800433
0.9520136369835412,0.047986363016458776
0.9673110822821221,0.03268891771787785
0.9589557493810277,0.041044250618972246
0.9250668694231652,0.07493313057683484
0.9384111966229993,0.06158880337700059
0.9444004631637485,0.05559953683625147
0.9211033007390312,0.0788966992609689
0.9162670776255242,0.08373292237447581
0.9598422761629523,0.04015772383704778
0.9550272291195372,0.04497277088046282
0.9363701827772888,0.06362981722271127
0.9525487232605787,0.04745127673942125
0.9699950581678527,0.03000494183214726
0.9296946797175709,0.07030532028242911
0.929871133152318,0.07012886684768203
0.9437363000157939,0.056263699984206134
0.9351431680621387,0.06485683193786136
0.9390255487307656,0.0609744512692344
0.9405804258381736,0.05941957416182646
0.9436783980750197,0.05632160192498027
0.9479676211687057,0.05203237883129431
0.9269478194704545,0.07305218052954554
0.9129264308072932,0.0870735691927068
0.9620862205280432,0.03791377947195692
0.96219310307854,0.03780689692146001
0.9684324516874688,0.03156754831253113
0.9426910422118897,0.057308957788110265
0.9030826284113329,0.09691737158866713
0.9198295595913681,0.08017044040863189
0.9050375871457654,0.09496241285423453
0.9254992532144191,0.07450074678558095
0.9514459580499737,0.04855404195002635
0.9349567690577539,0.06504323094224614
0.9198927570866262,0.08010724291337376
0.9256309087922315,0.0743690912077685
0.919943100367034,0.08005689963296599
0.9445193417226946,0.055480658277305445
0.9689994110738347,0.03100058892616542
0.9700204400259098,0.0299795599740902
0.9118013286549259,0.08819867134507413
0.960724253021312,0.039275746978688006
0.9661536360394166,0.03384636396058334
0.9616056039091959,0.03839439609080409
0.9804198933668925,0.019580106633107573
0.9314331781963892,0.06856682180361084
0.9305565047097997,0.06944349529020041
0.9232922217364381,0.07670777826356177
0.9608250655624295,0.03917493443757049
0.9211573693225292,0.0788426306774708
0.9516155016079264,0.048384498392073615
0.9195702959561068,0.08042970404389314
0.9693161280313026,0.030683871968697422
0.9455724299064698,0.054427570093530164
0.9550194216526823,0.04498057834731778
0.9167581676187222,0.08324183238127769
0.902033933419923,0.09796606658007695
0.9142327191098346,0.08576728089016543
0.9163462189743059,0.08365378102569417
0.9005480289465192,0.09945197105348086
0.9851333860373165,0.014866613962683465
0.9179885295472501,0.08201147045274998
0.9591791662065735,0.040820833793426506
0.95772360790132,0.04227639209868006
0.9269051982079074,0.07309480179209266
0.9672107276260161,0.032789272373983866
0.9334076633190398,0.06659233668096018
0.9272242215586654,0.07277577844133462
0.9207253941039703,0.07927460589602972
0.9139999797599414,0.08600002024005855
0.9336419498969935,0.06635805010300656
0.9330365275540794,0.06696347244592052
0.9135669724678463,0.0864330275321537
0.9224658341905553,0.0775341658094447
0.9403167096141144,0.0596832903858856
0.9615169652423144,0.03848303475768563
0.9601336280339419,0.03986637196605813
0.9225854074704279,0.07741459252957213
0.9600545880031717,0.039945411996828266
0.9301248794659288,0.0698751205340712
0.9315164800181649,0.06848351998183516
0.9521596281307698,0.047840371869230174
0.9368200318427954,0.06317996815720464
0.9616752662934277,0.03832473370657228
0.9574874011508347,0.04251259884916524
0.9513508386887993,0.04864916131120072
0.94399393286004,0.056006067139959995
0.9313830119783587,0.06861698802164132
0.9473869797316685,0.052613020268331465
0.9309342345325097,0.06906576546749037
0.9692029256246745,0.030797074375325625
0.911857472250818,0.08814252774918202
0.9253816023006719,0.07461839769932813
0.9318844632719383,0.0681155367280617
0.9189226923695473,0.08107730763045283
0.9442980860682588,0.055701913931741204
0.9484241746133155,0.05157582538668445
0.9254473947627339,0.07455260523726619
0.9247945699090965,0.07520543009090361
0.9234316067730565,0.07656839322694355
0.9437298315686219,0.056270168431378095
0.9494935650941592,0.05050643490584087
0.9681658180091657,0.031834181990834334
0.9472632849062091,0.05273671509379091
0.9451602005864711,0.054839799413528866
0.9507869438321634,0.04921305616783662
0.9654841189136665,0.034515881086333564
0.9589950652980499,0.041004934701950255
0.936430091777205,0.063569908222795
0.937714047146844,0.06228595285315595
0.9794637631228892,0.020536236877110828
0.9451056614307951,0.05489433856920496
0.9580520178869151,0.04194798211308491
0.9203963562706804,0.07960364372931958
0.9491323775764596,0.05086762242354044
0.9523212566390633,0.04767874336093677
0.8991090042884832,0.1008909957115168
0.9662244093986732,0.0337755906013268
0.9380220882067236,0.06197791179327643
0.9228517058967042,0.07714829410329593
0.9386742384651962,0.06132576153480392
0.9137628907539169,0.08623710924608319
0.931545311883344,0.068454688116656
0.9136530893193762,0.08634691068062386
0.9327098458160685,0.06729015418393154
0.9572342837290105,0.04276571627098953
0.9615700489955549,0.03842995100444511
0.9553065061427461,0.044693493857253866
0.9470857362579337,0.05291426374206639
0.9598763011007615,0.0401236988992385
0.9401155343769412,0.059884465623058866
0.9498935815573911,0.05010641844260881
0.9463040618074176,0.05369593819258245
0.9275742219719658,0.07242577802803418
0.9188374021338581,0.08116259786614191
0.9459335548096861,0.05406644519031389
0.9279591510985684,0.0720408489014316
0.959824523006356,0.04017547699364392
0.916020624480004,0.0839793755199961
0.9371106633014198,0.06288933669858028
0.9292153746579714,0.07078462534202858
0.9558282578618605,0.04417174213813946
0.9532483599541367,0.04675164004586316
0.9274486514011593,0.07255134859884071
0.880481110431917,0.11951888956808306
0.9677797634446028,0.032220236555397144
0.9167999373878232,0.08320006261217675
0.9183659941863735,0.0816340058136265
0.9445244655998097,0.055475534400190187
0.9606077142375674,0.03939228576243258
0.916632865155305,0.08336713484469506
0.9357045085279188,0.06429549147208131
0.9701801023832091,0.029819897616791033
0.9511379527182825,0.04886204728171762
0.939174334028818,0.06082566597118206
0.9620392987942011,0.03796070120579881
0.9430281497780784,0.05697185022192168
0.9112276231799935,0.08877237682000645
0.9363395658564747,0.06366043414352535
0.903395566724186,0.09660443327581403
0.9024370219343716,0.09756297806562847
0.9096535945635466,0.09034640543645336
0.9255685165617789,0.07443148343822117
0.9764841733974772,0.023515826602522848
0.9629051252507183,0.0370948747492817
0.9103488762127977,0.08965112378720234
0.9708091051733101,0.029190894826689975
0.9129878870773758,0.08701211292262426
0.9319199803166266,0.06808001968337347
0.9206849378720126,0.07931506212798749
0.9416104510056688,0.05838954899433122
0.9261300362221327,0.07386996377786723
0.9510597773070718,0.04894022269292813
0.9126964501138575,0.08730354988614261
0.9465476152923176,0.05345238470768244
0.9664737388502851,0.03352626114971485
0.9378103548452559,0.06218964515474424
0.9557699419861022,0.04423005801389794
0.9651149736533983,0.03488502634660179
0.9562426714521601,0.043757328547839924
0.9164085681480304,0.08359143185196957
0.9370572682584578,0.06294273174154223
0.9610353244299306,0.03896467557006953
0.9488625652334551,0.05113743476654486
0.952738384677057,0.047261615322943054
0.934898483859917,0.06510151614008297
0.9578480570561926,0.04215194294380743
0.9120917009067225,0.0879082990932775
0.9505788932679076,0.049421106732092525
0.9110586417659153,0.08894135823408458
0.9549095778078375,0.04509042219216254
0.9555583428464588,0.04444165715354126
0.9189684020773919,0.08103159792260815
0.8964831579744618,0.10351684202553818
0.9492209861348738,0.05077901386512622
0.9434540051654169,0.05654599483458323
0.9562714118081457,0.043728588191854406
0.9341409343808326,0.06585906561916757
0.961682776786329,0.038317223213671044
0.9619496858885843,0.038050314111415656
0.9609549868231071,0.03904501317689293
0.9511809166379862,0.04881908336201392
0.9516534831229816,0.048346516877018325
0.9530598873762841,0.046940112623715925
0.9368740714378603,0.06312592856213971
0.9334333990027279,0.0665666009972721
0.9273035275446311,0.07269647245536898
0.9402921558924473,0.05970784410755276
0.9753442714080838,0.024655728591916278
0.921027616877753,0.07897238312224701
0.9510348695595521,0.04896513044044797
0.9376908831819546,0.06230911681804534
0.9313996504377009,0.06860034956229909
0.9266059948921005,0.07339400510789945
0.9280756224094592,0.07192437759054082
0.9519783877536206,0.04802161224637943
0.916188175161743,0.08381182483825697
0.964537199246471,0.03546280075352907
0.8990547069666543,0.1009452930333457
0.9606071350805159,0.03939286491948417
0.9512845222841562,0.04871547771584384
0.9416372982024249,0.058362701797575106
0.9624741798509862,0.03752582014901385
0.9609012222586709,0.03909877774132903
0.9200102264384808,0.07998977356151922
0.9472759066469597,0.05272409335304037
0.9286325454132012,0.07136745458679887
0.9519841375492226,0.048015862450777394
0.9317038530667807,0.06829614693321924
0.9521651218647194,0.04783487813528064
0.9524141827904673,0.04758581720953262
0.881872984745165,0.11812701525483507
0.9581941240025408,0.041805875997459156
0.9612115359641223,0.03878846403587772
0.9696337052932303,0.030366294706769673
0.9339504051526918,0.06604959484730817
0.922296602651076,0.07770339734892401
0.9496541211799049,0.05034587882009507
0.9614467911807889,0.03855320881921105
0.8892634286206353,0.11073657137936462
0.9333241216426255,0.0666758783573746
0.9482021930007082,0.051797806999291846
0.9557268014047746,0.04427319859522542
0.9444216016134216,0.05557839838657847
0.9348095121148979,0.06519048788510207
0.9642705120414565,0.03572948795854353
0.9546844339218846,0.04531556607811536
0.9401983124660499,0.05980168753395003
0.9656288212831339,0.034371178716866145
0.9412338785798453,0.058766121420154735
0.9316706549701012,0.06832934502989879
0.9732928901675536,0.026707109832446403
0.9570841756714531,0.042915824328546875
0.9606896344235661,0.039310365576433866
0.9084747404212099,0.09152525957879004
0.9401075296691284,0.05989247033087162
0.946069447037801,0.05393055296219896
0.9417893368050609,0.058210663194939
0.9402283349949746,0.059771665005025405
0.9284706920042014,0.07152930799579862
0.9727048796118906,0.02729512038810936
0.9751623912771397,0.024837608722860376
0.9468730698553334,0.053126930144666594
0.9430863432210654,0.05691365677893459
0.9457711017146235,0.05422889828537653
0.9547911898130986,0.0452088101869015
0.9687123948409503,0.03128760515904969
0.9612875882230254,0.03871241177697454
0.9097030364254979,0.09029696357450204
0.9580526480534509,0.04194735194654912
0.9256088714787701,0.07439112852122982
0.9481739157999918,0.05182608420000817
0.952364614349099,0.04763538565090099
0.9367804054756138,0.06321959452438615
0.9264856824608403,0.07351431753915968
0.9580151081682756,0.041984891831724394
0.9665473254787034,0.03345267452129654
0.9406283526993535,0.059371647300646486
0.9253240700986173,0.0746759299013828
0.9304482694421471,0.06955173055785285
0.9598102159789272,0.040189784021072726
0.9391174884268335,0.060882511573166445
0.9404818153251259,0.05951818467487414
0.9414897034445097,0.058510296555490435
0.9520418252842278,0.047958174715772274
0.961148909143822,0.038851090856178036
0.9460937116359641,0.053906288364035944
0.9207038519398979,0.07929614806010211
0.9365387127225183,0.06346128727748174
0.9473775219691009,0.052622478030899235
0.9387896578792124,0.061210342120787714
0.9508267989130391,0.049173201086960924
0.9050115968351525,0.0949884031648475
0.9537818363920354,0.04621816360796459
0.9544012336770676,0.045598766322932284
0.951255794625389,0.04874420537461104
0.965946011424375,0.03405398857562507
0.9446149848445325,0.05538501515546745
0.9507314488769976,0.04926855112300244
0.940020315350452,0.05997968464954789
0.9453867584565022,0.054613241543497844
0.9396898529868295,0.06031014701317056
0.9568228436479805,0.043177156352019436
0.9829898571070564,0.017010142892943593
0.9663807890063476,0.033619210993652476
0.9360885672528633,0.06391143274713683
0.9330456638468303,0.06695433615316976
0.9069444678005629,0.09305553219943706
0.9023578976006384,0.09764210239936151
0.9579749173741519,0.04202508262584825
0.9335878643357239,0.0664121356642761
0.9437975076910349,0.056202492308965124
0.9442946101944196,0.055705389805580284
0.9169065054395424,0.08309349456045763
0.9627775422649703,0.03722245773502981
0.9674310597575533,0.03256894024244675
0.9166144446137484,0.08338555538625167
0.9560774116283823,0.04392258837161766
0.9293619476465493,0.07063805235345064
0.9427724677959175,0.057227532204082415
0.9384270169152779,0.06157298308472218
0.9453443600754919,0.05465563992450813
0.9633067154574745,0.036693284542525545
0.9282078147916906,0.07179218520830942
0.9374820674327196,0.06251793256728051
0.9051595932741998,0.09484040672580016
0.9318847969802301,0.06811520301976995
0.9077801252894491,0.09221987471055096
0.9498572953369654,0.05014270466303459
0.943215322546325,0.05678467745367496
0.9431500959464431,0.05684990405355701
0.9493736219903608,0.05062637800963922
0.917043686062787,0.08295631393721302
0.9271947601190396,0.07280523988096042
0.9219751498403114,0.07802485015968867
0.9733468102663975,0.026653189733602565
0.9191928155119905,0.0808071844880095
0.9425364906136556,0.057463509386344425
0.9320880433121697,0.0679119566878304
0.9557043747669327,0.044295625233067334
0.9568906557452882,0.043109344254711766
0.9029345676669502,0.09706543233304982
0.9557943298983966,0.04420567010160338
0.9336221391763252,0.0663778608236748
0.9414319236413903,0.058568076358609715
0.9494977041723774,0.050502295827622626
0.9398659826732167,0.0601340173267832
0.9587463673870549,0.041253632612945165
0.96297677617777,0.03702322382222997
0.9367548624052497,0.06324513759475021
0.9571052752010667,0.042894724798933324
0.9038424105563363,0.09615758944366384
0.91931713027747,0.08068286972253001
0.9229413675794383,0.07705863242056171
0.9614426342800549,0.03855736571994518
0.9240151885894627,0.07598481141053733
0.92761456097028,0.07238543902971999
0.928913851522269,0.071086148477731
0.9337668533811859,0.06623314661881406
0.9455662133799972,0.05443378662000271
0.9479361079589916,0.052063892041008454
0.9488072555950527,0.05119274440494734
0.9398400240264889,0.060159975973511096
0.9498674623369722,0.05013253766302791
0.9393148916744642,0.060685108325535767
0.9268070291643721,0.07319297083562791
0.9349415048095547,0.06505849519044528
0.9437545977536453,0.056245402246354645
0.9538966902602876,0.04610330973971245
0.9343949290532946,0.06560507094670548
0.9548435951739089,0.04515640482609107
0.9584027013072656,0.04159729869273447
0.9295479652748131,0.07045203472518693
0.9373129485593639,0.0626870514406362
0.9531499081670661,0.046850091832933836
0.9423969414987696,0.05760305850123046
0.9611705114284506,0.03882948857154948
0.9318111594920645,0.06818884050793546
0.9143754680830984,0.08562453191690164
0.9628420291017193,0.0371579708982807
0.9350920364609445,0.06490796353905555
0.9286398426403641,0.07136015735963583
0.9647143003446836,0.03528569965531643
0.9770685985595221,0.022931401440477964
0.9522130901741824,0.04778690982581754
0.9597428017446223,0.040257198255377685
0.9511821570708174,0.04881784292918258
0.9387365700482898,0.06126342995171017
0.9345073553295157,0.06549264467048432
0.9427333840788397,0.05726661592116033
0.9421123230903853,0.057887676909614695
0.9322926359346912,0.06770736406530883
0.9345098298891767,0.06549017011082323
0.9387631060588947,0.06123689394110537
0.8953701569568858,0.10462984304311422
0.939288646874144,0.060711353125855926
0.9093399451384633,0.09066005486153675
0.912228397408208,0.08777160259179195
0.9763280385411214,0.02367196145887864
0.9562085888632298,0.04379141113677019
0.9521042178495263,0.04789578215047374
0.9518002600194876,0.04819973998051242
0.9445066474383765,0.055493352561623535
0.9244354759919177,0.0755645240080823
0.9225797396477468,0.0774202603522533
0.9310038460138285,0.06899615398617154
0.9456065674743179,0.054393432525682114
0.9130198432106259,0.08698015678937411
0.9454764611051252,0.05452353889487481
0.9321796665401639,0.0678203334598361
0.9518276887050485,0.04817231129495155
0.9302967362858766,0.06970326371412343
0.9467194224350954,0.05328057756490463
0.977819768404259,0.02218023159574098
0.9404844345257167,0.05951556547428333
0.937575619179634,0.06242438082036604
0.9323692089991554,0.0676307910008446
0.9675354991750938,0.03246450082490611
0.9427789696867125,0.05722103031328746
0.9559813782119868,0.04401862178801328
0.9460784058701117,0.05392159412988831
0.9265481468536376,0.07345185314636248
0.9374026582148411,0.06259734178515881
0.9259311422505809,0.07406885774941921
0.9646811485311851,0.03531885146881491
0.9050152845755716,0.09498471542442855
0.9469891167550386,0.05301088324496134
0.9373940127289163,0.0626059872710837
0.9643061342033592,0.035693865796640786
0.923577592822055,0.07642240717794513
0.922346287732558,0.07765371226744198
0.9278430185603116,0.07215698143968846
0.9666132297070477,0.03338677029295235
0.9539342299803248,0.046065770019675184
0.9342143105346271,0.06578568946537297
0.9201252715548488,0.07987472844515119
0.9775046629433196,0.02249533705668035
0.9429557634471408,0.057044236552859194
0.9595782806470152,0.04042171935298478
0.9586744830100535,0.041325516989946534
0.9496382902809296,0.05036170971907044
0.9291261926222456,0.07087380737775432
0.9201305342544888,0.07986946574551117
0.9621963951409606,0.037803604859039434
0.9467396411530896,0.053260358846910404
0.9313433174674772,0.06865668253252279
0.9504527205260207,0.049547279473979286
0.9421521895959076,0.05784781040409243
0.9359922260932925,0.06400777390670755
0.9246797660197774,0.07532023398022264
0.9312232230176344,0.06877677698236559
0.9552408954735021,0.04475910452649792
0.9501870066600235,0.04981299333997645
0.9254941776087467,0.0745058223912532
0.9451114631784719,0.054888536821528035
0.9533853653578213,0.046614634642178826
0.9449248813677706,0.05507511863222944
0.9200167999805612,0.07998320001943894
0.9679471831988047,0.03205281680119526
0.9277888466796159,0.07221115332038407
0.9484151414247223,0.051584858575277684
0.9220221069833685,0.07797789301663151
0.9873118697519906,0.012688130248009494
0.9444222668059047,0.05557773319409534
0.9501677603376031,0.049832239662396895
0.9231225228285485,0.07687747717145152
0.9443476228845898,0.05565237711541009
0.9567549974769098,0.04324500252309016
0.8925106283028419,0.10748937169715814
0.9328657900428545,0.06713420995714546
0.9234296007663801,0.07657039923361983
0.8895574777381065,0.11044252226189355
0.9337483474158623,0.06625165258413766
0.9397420036865979,0.0602579963134022
0.9688615902297758,0.031138409770224328
0.9390365669234496,0.06096343307655048
0.9489932045825252,0.05100679541747483
0.9459642191718062,0.05403578082819384
0.9069559098524589,0.09304409014754114
0.9442942746964713,0.05570572530352867
0.9295040778046473,0.07049592219535274
0.9504862257279179,0.04951377427208213
0.9401098717189831,0.05989012828101691
0.9613530198751062,0.03864698012489375
0.9337201984819169,0.06627980151808312
0.9393322108932968,0.0606677891067033
0.9110495623300141,0.08895043766998598
0.9026617953527165,0.09733820464728354
0.9615573716933496,0.03844262830665039
0.9227903108180734,0.07720968918192664
0.9332877387977507,0.06671226120224936
0.9449236400250706,0.05507635997492946
0.9403226541460487,0.059677345853951395
0.9171612765872698,0.08283872341273028
0.9267223160352069,0.07327768396479305
0.9153340148554447,0.0846659851445552
0.9350937628819636,0.0649062371180365
0.9274599260481649,0.07254007395183518
0.8932051969502085,0.10679480304979151
0.953660891910118,0.04633910808988198
0.9390591850080973,0.060940814991902834
0.9497963556515068,0.05020364434849328
0.9596597512598931,0.04034024874010699
0.8881199490265872,0.11188005097341283
0.9523107949192741,0.04768920508072594
0.9293784597804422,0.0706215402195578
0.9790338604815139,0.020966139518486165
0.910173930315598,0.08982606968440199
0.9452283772822796,0.05477162271772054
0.938829614792501,0.061170385207498915
0.9119781826940958,0.08802181730590422
0.9619982366597586,0.03800176334024144
0.9712925769718315,0.02870742302816847
0.9545282770189167,0.04547172298108332
0.9642508513659374,0.03574914863406265
0.9535095069532977,0.0464904930467023
0.9590146946030629,0.04098530539693708
0.9424783125040282,0.0575216874959718
0.9299981232112832,0.07000187678871685
0.9572645779780168,0.042735422021983265
0.9346833891884396,0.06531661081156039
0.9263633395085138,0.0736366604914862
0.9501546380117633,0.04984536198823673
0.9390100008440607,0.06098999915593938
0.9516783722920533,0.04832162770794681
0.9347034131656103,0.06529658683438959
0.9762556697862873,0.023744330213712736
0.9272742185852247,0.07272578141477518
0.9409250309490723,0.059074969050927635
0.9306641495292884,0.06933585047071172
0.9091017406652954,0.09089825933470462
0.9273212677906056,0.07267873220939437
0.9401765767952998,0.05982342320470021
0.9371860115749873,0.06281398842501279
0.9527850347794774,0.04721496522052267
0.9119240770449336,0.08807592295506644
0.9460352454596687,0.05396475454033127
0.9446260063317696,0.05537399366823029
0.9526924709579234,0.04730752904207668
0.9645435024202206,0.035456497579779415
0.9389655180644615,0.06103448193553855
0.9550046160132364,0.04499538398676375
0.9497913459759137,0.05020865402408628
0.9106817411500745,0.08931825884992559
0.9326132548254457,0.06738674517455437
0.9508972034015835,0.04910279659841661
0.9366798462762099,0.06332015372379014
0.9261738523300826,0.07382614766991738
0.9632419948211345,0.03675800517886547
0.9338828709767499,0.06611712902325009
0.9268359479130525,0.0731640520869476
0.9437083053613003,0.05629169463869974
0.9579971406986234,0.042002859301376524
0.9405962838433343,0.05940371615666575
0.942881858437914,0.05711814156208602
0.9673371681453323,0.03266283185466773
0.9261448008530999,0.07385519914690004
0.9505101249388656,0.049489875061134586
0.9577846523577467,0.04221534764225333
0.9405484637808766,0.05945153621912347
0.9550166971731382,0.044983302826861936
0.9141063742867424,0.08589362571325768
0.9536055562079113,0.046394443792088666
0.9180433170286274,0.0819566829713727
0.9381674920177312,0.06183250798226892
0.9295466375030726,0.07045336249692738
0.9663113321691917,0.03368866783080827
0.9380615866655513,0.061938413334448744
0.937937333840187,0.06206266615981305
0.9475947494299078,0.05240525057009226
0.9172829180925143,0.08271708190748561
0.8926622770537551,0.107337722946245
0.9416053780878413,0.0583946219121587
0.9470579912877723,0.05294200871222777
0.9397074813605863,0.0602925186394137
0.9624530281748721,0.03754697182512787
0.9352178598840716,0.06478214011592844
0.9333959689848513,0.0666040310151487
0.9223969325761825,0.07760306742381741
0.9234344892223627,0.07656551077763732
0.9130014266745496,0.08699857332545033
0.942804131606366,0.05719586839363405
0.9320624619579966,0.06793753804200335
0.9644461599828127,0.03555384001718732
0.9524677910819211,0.0475322089180788
0.9443333659752405,0.05566663402475946
0.9355315911738866,0.06446840882611336
0.9068964890843612,0.0931035109156388
0.9448426640756228,0.05515733592437713
0.9511366249666507,0.048863375033349324
0.9314010611439963,0.06859893885600364
0.9598560632891391,0.04014393671086083
0.9124210810611061,0.08757891893889398
0.9590962862606989,0.04090371373930111
0.9433764385710044,0.056623561428995654
0.9277141532089048,0.0722858467910952
0.9447551161950289,0.05524488380497107
0.9392540792522047,0.060745920747795265
0.9489789706693494,0.0510210293306505
0.9133786119946391,0.086621388005361
0.9760099359187401,0.023990064081259928
0.9599655356248875,0.04003446437511249
0.9324771000375324,0.06752289996246769
0.9449568678789898,0.05504313212101028
0.9038980399429128,0.0961019600570872
0.9584729247370546,0.04152707526294534
0.9463190490047325,0.053680950995267526
0.9431650500296986,0.056834949970301474
0.8793218125538049,0.120678187446195
0.9130982289464498,0.08690177105355028
0.9115823621383992,0.08841763786160087
0.9283725006854467,0.07162749931455333
0.9341071032061353,0.06589289679386467
0.9347980761071236,0.06520192389287628
0.9679407589797553,0.03205924102024472
0.9568913348669289,0.043108665133071156
0.8882833435126465,0.11171665648735352
0.966167185738867,0.033832814261133076
0.9095448807892452,0.0904551192107548
0.9592226130230953,0.04077738697690465
0.9318327188577434,0.06816728114225655
0.9415585042795418,0.05844149572045821
0.9681649417502163,0.03183505824978382
0.9331165398543794,0.06688346014562066
0.9230833807590898,0.07691661924091024
0.9205464784495265,0.0794535215504734
0.943632079657202,0.05636792034279808
0.9643798347964245,0.03562016520357553
0.9440328801412533,0.05596711985874665
0.9292565837247512,0.07074341627524891
0.9329954145080349,0.06700458549196511
0.9321202224781691,0.06787977752183103
0.9360254170148785,0.06397458298512142
0.9717096967247584,0.028290303275241645
0.9418910123520201,0.05810898764797989
0.9587714551027837,0.041228544897216286
0.939641889424549,0.06035811057545101
0.9576191929280631,0.04238080707193697
0.9481703760425096,0.05182962395749036
0.949073610213596,0.05092638978640397
0.956861320954297,0.043138679045703066
0.9271890423063459,0.07281095769365406
0.9517465355855549,0.04825346441444511
0.9539678314514048,0.046032168548595195
0.9562463572525212,0.04375364274747878
0.9475130970086606,0.05248690299133949
0.9156905456962721,0.08430945430372803
0.9396830363300864,0.06031696366991355
0.9304057402520304,0.06959425974796961
0.9156128752317787,0.08438712476822133
0.9210235679974732,0.07897643200252683
0.9538151939332951,0.04618480606670504
0.9874811639358454,0.012518836064154612
0.9336865906446136,0.06631340935538647
0.9414215698385726,0.0585784301614274
0.939042806131148,0.060957193868852
0.9529355287811372,0.04706447121886287
0.953866001412384,0.046133998587615986
0.9549771431041896,0.0450228568958105
0.9571158271077579,0.04288417289224207
0.9583588123556883,0.04164118764431168
0.9490295442520387,0.05097045574796123
0.9231206798765955,0.07687932012340455
0.9270855700571993,0.07291442994280076
0.9113517118954538,0.08864828810454625
0.90610066734151,0.09389933265849006
0.9619037946300018,0.03809620536999827
0.9046730721505882,0.09532692784941187
0.9340614652245558,0.06593853477544417
0.9377412687885816,0.06225873121141838
0.9267373559873349,0.0732626440126652
0.9612459537630086,0.038754046236991455
0.9569025168280378,0.043097483171962284
0.9491574916482683,0.050842508351731645
0.9698088626154525,0.03019113738454749
0.9411175755576996,0.05888242444230032
0.903211700160269,0.09678829983973093
0.961695081596177,0.038304918403823024
0.9114604743460248,0.08853952565397516
0.9403360299335808,0.059663970066419235
0.9419426751905381,0.058057324809461935
0.9360348420919687,0.0639651579080313
0.930529496332481,0.06947050366751895
0.9398177130456538,0.060182286954346284
0.9370590405636188,0.0629409594363813
0.9467553745898518,0.05324462541014822
0.9086922284944514,0.09130777150554847
0.9335122947004116,0.0664877052995883
0.9679181207755915,0.03208187922440854
0.9503330223507467,0.049666977649253374
0.954130559107829,0.045869440892171015
0.9509233775702134,0.04907662242978653
0.9384859103400752,0.06151408965992475
0.937179399618381,0.06282060038161895
0.9413194755329435,0.05868052446705644
0.9576288678912839,0.04237113210871622
0.9311043893450542,0.06889561065494576
0.9378481629967318,0.062151837003268304
0.9337315085443727,0.0662684914556273
0.922723777023833,0.07727622297616708
0.9122188693400656,0.08778113065993452
0.9105390135513902,0.08946098644860977
0.8991359230611258,0.10086407693887421
0.9718206659937971,0.028179334006202816
0.9665141451529988,0.033485854847001215
0.9663150421993475,0.033684957800652594
0.9467873802701869,0.05321261972981306
0.9432205238469827,0.05677947615301729
0.9534623277938745,0.04653767220612556
0.9599254053868024,0.04007459461319767
0.9688715527600456,0.031128447239954473
0.9557348469564159,0.044265153043584214
0.9719677782670001,0.028032221732999886
0.9411345638719303,0.0588654361280698
0.9364828280019274,0.06351717199807257
0.9613994332964794,0.03860056670352052
0.940739956572584,0.059260043427416094
0.9476959183990272,0.05230408160097279
0.931136663074745,0.06886333692525515
0.9262189251928454,0.0737810748071547
0.9174806945980688,0.08251930540193125
0.9544925947643699,0.045507405235630134
0.9226938511534517,0.07730614884654832
0.9473974853835105,0.05260251461648941
0.9214428749191009,0.07855712508089904
0.927652166074494,0.07234783392550609
0.9598966940419044,0.04010330595809566
0.9257899546814986,0.07421004531850144
0.9109709039741394,0.0890290960258607
0.9410714467371137,0.058928553262886305
0.9284080306765251,0.07159196932347496
0.9632350548725273,0.0367649451274728
0.9330421329625196,0.06695786703748043
0.9165033064054134,0.08349669359458659
0.9583971853183391,0.0416028146816609
0.9258525300511526,0.07414746994884731
0.9524067839444531,0.047593216055546964
0.9794305077579334,0.020569492242066695
0.9420037513133065,0.05799624868669357
0.9271194043001211,0.07288059569987893
0.897594233186806,0.10240576681319402
0.9342109691789346,0.06578903082106541
0.9597554192002965,0.040244580799703576
0.9665327676065046,0.03346723239349546
0.9319154443304373,0.06808455566956274
0.9806252092174983,0.01937479078250173
0.923076541893842,0.07692345810615792
0.9271797323570524,0.07282026764294758
0.9350009504568337,0.06499904954316628
0.9516249357481823,0.048375064251817666
0.954102828192682,0.04589717180731805
0.9323802464122365,0.06761975358776352
0.9300180995234698,0.0699819004765302
0.9651121765664816,0.034887823433518435
0.936369334566528,0.06363066543347201
0.9460721208867443,0.05392787911325568
0.893981718631197,0.106018281368803
0.9188144414094979,0.08118555859050208
0.9414257197203304,0.058574280279669586
0.9586688824760622,0.04133111752393784
0.9516745523119867,0.048325447688013314
0.9379126257193289,0.06208737428067114
0.9850526519401439,0.014947348059856199
0.9347611271404715,0.06523887285952844
0.9498603123227957,0.05013968767720436
0.9080154430434323,0.09198455695656765
0.9469311265360669,0.0530688734639331
0.9369067544286801,0.06309324557131996
0.9649232708676334,0.035076729132366605
0.9030499394047029,0.09695006059529712
0.9538036159172987,0.04619638408270134
0.9562232766905611,0.04377672330943885
0.9288026958265538,0.07119730417344623
0.9330973369506937,0.06690266304930624
0.9578267049312856,0.04217329506871437
0.926674671797263,0.07332532820273699
0.9612990926274954,0.03870090737250463
0.9606970024225217,0.039302997577478405
0.9589054355362395,0.041094564463760475
0.94105079887407,0.058949201125930065
0.9220115551199979,0.07798844488000216
0.9534829513509168,0.046517048649083174
0.9259683143806473,0.07403168561935256
0.9240269633044143,0.07597303669558578
0.9214087895718092,0.07859121042819085
0.9140372945085259,0.08596270549147414
0.9686659323198944,0.03133406768010561
0.9576558241376721,0.04234417586232791
0.9388584683727085,0.061141531627291516
0.9509764824419216,0.04902351755807849
0.9479098345658006,0.0520901654341995
0.9479543801873057,0.0520456198126943
0.914664297734778,0.08533570226522205
0.9518878349370067,0.04811216506299328
0.9093191918922197,0.09068080810778031
0.91607138695685,0.08392861304315004
0.8920114963696022,0.10798850363039783
0.933188008225642,0.06681199177435816
0.9425378067604396,0.05746219323956038
0.9073793977244076,0.09262060227559243
0.9214664270996265,0.07853357290037354
0.9355562033460181,0.0644437966539819
0.9448928532388072,0.05510714676119277
0.9557708176175561,0.04422918238244386
0.9603579390372534,0.03964206096274652
0.8977781252294634,0.1022218747705365
0.9330816836159112,0.06691831638408889
0.9042645105406566,0.09573548945934339
0.9564494160600182,0.043550583939981825
0.9470223981553064,0.05297760184469365
0.9623762938843679,0.037623706115632094
0.9414587852196109,0.05854121478038911
0.9340322580914848,0.06596774190851526
0.9469317555121548,0.05306824448784527
0.9480782853355367,0.05192171466446337
0.9564801439916546,0.04351985600834531
0.9682052428851952,0.03179475711480498
0.8978341919877852,0.10216580801221481
0.9503747462705694,0.049625253729430704
0.9474833161693337,0.052516683830666336
0.9273636096505846,0.07263639034941537
0.9320148696234845,0.06798513037651546
0.954829463560799,0.04517053643920099
0.9739458552737068,0.026054144726293242
0.8991639431035131,0.10083605689648689
0.9644157827112542,0.03558421728874584
0.9388618542676007,0.06113814573239934
0.9496995598902243,0.0503004401097758
0.9613615766019795,0.03863842339802051
0.9193422513453463,0.0806577486546536
0.9366770202718705,0.06332297972812956
0.9567366312357728,0.04326336876422715
0.9501468660845722,0.04985313391542769
0.9473888224509885,0.05261117754901145
0.9282183321409343,0.07178166785906569
0.9407359689476618,0.05926403105233825
0.923518577482538,0.07648142251746207
0.9333327496587233,0.06666725034127681
0.9347424337562327,0.06525756624376744
0.9585476150027196,0.04145238499728049
0.9546683013407774,0.0453316986592227
0.9494571115613922,0.050542888438607735
0.917045238647525,0.08295476135247504
0.9294139615180778,0.07058603848192231
0.935888096542215,0.0641119034577849
0.9558562089493734,0.04414379105062677
0.9495434179934202,0.05045658200657986
0.9575638238917284,0.04243617610827156
0.9312965325938338,0.0687034674061662
0.9554792121639164,0.044520787836083583
0.9094779277134314,0.09052207228656864
0.9511542572296539,0.04884574277034626
0.94694979869647,0.053050201303530095
0.9450440216729196,0.0549559783270804
0.9263513535411804,0.0736486464588196
0.9665470206333016,0.033452979366698485
0.9485732583775891,0.0514267416224109
0.9325549970517669,0.06744500294823313
0.911822439635598,0.08817756036440205
0.9328017740238161,0.06719822597618387
0.9381519115134966,0.06184808848650335
0.9642267065234538,0.03577329347654626
0.9364214027043228,0.06357859729567722
0.9648798892095767,0.03512011079042343
0.9400536924122616,0.05994630758773843
0.9291534593232454,0.07084654067675462
0.969477054926675,0.030522945073325
0.9085839606299403,0.09141603937005965
0.9216787686164504,0.07832123138354964
0.9463688201954957,0.05363117980450424
0.94996644994573,0.050033550054269994
0.9606065554027344,0.03939344459726562
0.9642329701825045,0.03576702981749545
0.9094774209514063,0.0905225790485937
0.93320935581271,0.06679064418729005
0.9778303258012502,0.022169674198749934
0.9367142827774633,0.06328571722253666
0.9546780518680447,0.04532194813195534
0.9435731036410683,0.05642689635893174
0.936349148606744,0.06365085139325592
0.8989814598323839,0.10101854016761613
0.926902532123481,0.07309746787651912
0.9548541238593948,0.045145876140605154
0.9228168838166004,0.07718311618339951
0.9441479881194532,0.05585201188054674
0.9703448401150847,0.029655159884915225
0.9529009446299295,0.04709905537007045
0.9401771066436108,0.0598228933563893
0.9510179806398806,0.04898201936011937
0.9583836655559789,0.0416163344440212
0.9515961856618489,0.048403814338151115
0.9268155748454425,0.07318442515455757
0.9439654530172059,0.05603454698279405
0.9575954100170261,0.04240458998297389
0.9364193631779244,0.06358063682207567
0.9622578108894106,0.03774218911058934
0.9187799580199656,0.08122004198003435
0.9538612479409903,0.04613875205900985
0.9474338440439891,0.05256615595601098
0.9386072433732077,0.06139275662679235
0.905373484344551,0.09462651565544904
0.9337745511243353,0.06622544887566477
0.9111074856743498,0.08889251432565023
0.9513617211347624,0.04863827886523761
0.9461313700345839,0.05386862996541614
0.9458370506986172,0.054162949301382865
0.9757230173516426,0.024276982648357447
0.9456915231424519,0.05430847685754824
0.9597486433092942,0.04025135669070582
0.9663620114914035,0.03363798850859641
0.9409087853232887,0.05909121467671128
0.9179571925785913,0.08204280742140871
0.8812623055568611,0.11873769444313888
0.9394427647080782,0.06055723529192181
0.9123717811191877,0.08762821888081235
0.9263075789113332,0.07369242108866685
0.9645666386528972,0.03543336134710285
0.9738802456277665,0.026119754372233465
0.9362750970028235,0.06372490299717658
0.9154928766894357,0.0845071233105643
0.9321174540904963,0.0678825459095037
0.9473018067060277,0.052698193293972295
0.9343345197610035,0.06566548023899647
0.9332281674232558,0.06677183257674428
0.9390742037457972,0.06092579625420283
0.8947198216592792,0.10528017834072083
0.9240790960876464,0.07592090391235369
0.9307411963418124,0.06925880365818765
0.9506200983594346,0.04937990164056542
0.9424064973966271,0.0575935026033729
0.9311489738354101,0.06885102616458989
0.9516712659123389,0.04832873408766114
0.9015547386379043,0.09844526136209582
0.9466754354122702,0.05332456458772982
0.9352570659193802,0.06474293408061982
0.9392882610404479,0.06071173895955208
0.9351301917624685,0.06486980823753159
0.9474526845432737,0.05254731545672643
0.915346318830475,0.08465368116952508
0.9097381688653015,0.09026183113469861
0.9493160899557731,0.05068391004422686
0.893803853456466,0.10619614654353411
0.9466621655998271,0.05333783440017296
0.960640865436328,0.039359134563672044
0.8903818152799511,0.10961818472004888
0.9585332843051194,0.04146671569488054
0.9377538564301379,0.06224614356986219
0.9086769290945359,0.09132307090546417
0.9089372733485925,0.09106272665140751
0.9311529636241768,0.06884703637582315
0.9379679054197144,0.06203209458028563
0.9354870717525507,0.06451292824744924
0.9894977347131501,0.010502265286849947
0.9391742496136494,0.06082575038635071
0.9117618886672201,0.0882381113327799
0.9459364689735459,0.05406353102645414
0.9744390147187636,0.02556098528123648
0.9147470126174824,0.08525298738251771
0.9453657143755074,0.05463428562449273
0.9623775694666865,0.03762243053331358
0.960451994731366,0.039548005268634036
0.9013033072158879,0.09869669278411214
0.9333844293865251,0.06661557061347488
0.9567036170946831,0.04329638290531687
0.9383261773335875,0.06167382266641255
0.9086081019078223,0.09139189809217774
0.9315274031698548,0.06847259683014524
0.9513159422664711,0.04868405773352891
0.9581450889961959,0.04185491100380419
0.9580699713850086,0.04193002861499138
0.9720657119921199,0.027934288007880115
0.9567847242292999,0.04321527577070018
0.9549426142526352,0.045057385747364856
0.9239675122184501,0.0760324877815499
0.9241956334992734,0.07580436650072664
0.9400208989321992,0.059979101067800834
0.949593824854119,0.0504061751458809
0.9341432341513266,0.06585676584867355
0.9303157263028692,0.0696842736971308
0.9043166099612869,0.09568339003871308
0.9308791339084075,0.06912086609159246
0.9390545949598611,0.060945405040138796
0.9541033018257303,0.045896698174269654
0.8885913130278688,0.11140868697213127
0.9209592306610134,0.07904076933898657
0.9547777222073888,0.045222277792611336
0.9436863551729817,0.056313644827018325
0.9408282113406075,0.059171788659392544
0.932193508684462,0.06780649131553795
0.9449399946629026,0.0550600053370974
0.9581343221653096,0.041865677834690425
0.931431665826035,0.06856833417396514
0.9656739324806705,0.03432606751932964
0.9193381814839746,0.08066181851602529
0.9482907142416914,0.05170928575830862
0.9405106430467878,0.059489356953212225
0.9773962886327437,0.02260371136725627
0.9201446126174172,0.0798553873825828
0.9665667647110333,0.03343323528896667
0.9378900809733308,0.06210991902666919
0.9156453010153524,0.08435469898464767
0.961200203175177,0.038799796824822985
0.9494590606706168,0.05054093932938322
0.9566250910400111,0.043374908959988835
0.9036964913193908,0.09630350868060923
0.9417042046805064,0.05829579531949364
0.9309208948316383,0.06907910516836174
0.9354485389728665,0.0645514610271335
0.9504317497273215,0.04956825027267852
0.9651384501206719,0.03486154987932813
0.9454055863731179,0.05459441362688208
0.9557379075490264,0.044262092450973664
0.9289959877943139,0.07100401220568606
0.9186102325165343,0.08138976748346569
0.9232426468620447,0.07675735313795531
0.944460797754201,0.05553920224579902
0.9380325232966442,0.061967476703355714
0.9174916875343913,0.08250831246560877
0.9598891342121392,0.040110865787860855
0.9118684446174853,0.08813155538251469
0.9369506630627439,0.0630493369372562
0.943439503332976,0.05656049666702394
0.9273841752263691,0.07261582477363097
0.9186880113550214,0.0813119886449786
0.9262709826491791,0.073729017350821
0.938437675321334,0.061562324678666035
0.9256628546701019,0.07433714532989813
0.9650180240897935,0.034981975910206506
0.9572283661492367,0.042771633850763234
0.9741611694876513,0.025838830512348775
0.9153671964970458,0.08463280350295428
0.9371630279208353,0.0628369720791648
0.9463412862340271,0.053658713765972914
0.9545037392859975,0.04549626071400245
0.9344568190610495,0.06554318093895051
0.9497571336122941,0.05024286638770593
0.9179375643864066,0.08206243561359344
0.9235619684392165,0.07643803156078358
0.9261016435340229,0.07389835646597705
0.9267485875075938,0.07325141249240621
0.9135434072685619,0.08645659273143805
0.9483719489397456,0.051628051060254344
0.9551840167816171,0.044815983218382906
0.9361920685124241,0.06380793148757598
0.9425972718156074,0.05740272818439262
0.9510352079945164,0.04896479200548372
0.9586924233048938,0.04130757669510629
0.9536104392270737,0.04638956077292639
0.9000193103237523,0.09998068967624776
0.9612658488036401,0.038734151196359846
0.9346484073718275,0.06535159262817244
0.9159789834816225,0.0840210165183775
0.961301179504006,0.03869882049599412
0.9561534702896386,0.04384652971036139
0.9444124932290605,0.05558750677093956
0.9581470554584207,0.041852944541579284
0.9424698660848991,0.05753013391510089
0.949293223925188,0.05070677607481195
0.9372871681978014,0.06271283180219862
0.9365378803933051,0.06346211960669502
0.9310188659215904,0.06898113407840953
0.9090202264164378,0.09097977358356231
0.9559216611613213,0.04407833883867871
0.9143866731484704,0.08561332685152959
0.9468235316709446,0.05317646832905546
0.9523672019266626,0.04763279807333755
0.9490222639747602,0.05097773602523981
0.9158215779233012,0.08417842207669873
0.9576106783112726,0.04238932168872744
0.953016550533216,0.04698344946678396
0.9308782229758332,0.06912177702416682
0.9300010032918361,0.06999899670816381
0.9164451192018869,0.08355488079811323
0.9902445388251526,0.009755461174847428
0.9604704064021294,0.039529593597870644
0.9675615807825382,0.03243841921746188
0.9578919593816906,0.04210804061830933
0.943500308243881,0.056499691756119026
0.9113056662675862,0.08869433373241374
0.9686607452335756,0.03133925476642443
0.9420459270175698,0.057954072982430174
0.9399490536921188,0.060050946307881256
0.9456836673502059,0.05431633264979415
0.9592452470472234,0.04075475295277657
0.9325609674952031,0.06743903250479691
0.9418719474719017,0.05812805252809837
0.9573512613984904,0.04264873860150965
0.9150258179745159,0.08497418202548404
0.9242403617216151,0.075759638278385
0.9481635942700074,0.05183640572999269
0.9545227328689573,0.04547726713104268
0.9308017449606663,0.06919825503933376
0.9333069612227679,0.06669303877723222
0.9184164223940895,0.0815835776059105
0.9231230715295435,0.07687692847045642
0.9517050777081908,0.0482949222918092
0.9454734193554851,0.05452658064451486
0.8723614392869392,0.1276385607130608
0.9371396906020133,0.06286030939798665
0.923963196998017,0.07603680300198298
0.9638899310270767,0.036110068972923404
0.919905412745149,0.08009458725485101
0.9409147460899167,0.059085253910083464
0.9479780369585368,0.05202196304146314
0.9605591502745612,0.03944084972543878
0.9099457754221195,0.09005422457788041
0.9629663017794926,0.037033698220507366
0.9714294227215642,0.028570577278435844
0.9499371814116168,0.050062818588383365
0.9402192955522299,0.05978070444777002
0.9399412137730174,0.0600587862269826
0.9265192506944837,0.07348074930551643
0.9261541864703171,0.07384581352968288
0.9117834807719266,0.08821651922807346
0.9159516581521705,0.08404834184782956
0.9428230416171207,0.05717695838287926
0.9318409810761457,0.06815901892385434
0.9300616958632782,0.06993830413672178
0.9448077034829462,0.05519229651705389
0.9558257938168756,0.044174206183124384
0.9738552183108162,0.0261447816891838
0.9351212912917235,0.06487870870827647
0.9564738357518348,0.043526164248165286
0.9232848561688723,0.0767151438311277
0.9307240051900643,0.06927599480993568
0.947059132263752,0.052940867736247975
0.9324521861862185,0.06754781381378158
0.9413371642424957,0.05866283575750425
0.9276204863496501,0.07237951365034999
0.9681188284061445,0.03188117159385544
0.9432036936309043,0.05679630636909573
0.9474289303545432,0.05257106964545677
0.9674361147768151,0.03256388522318493
0.9488674750582776,0.051132524941722365
0.927554671698933,0.07244532830106713
0.9188551794371956,0.08114482056280446
0.9463910781347007,0.05360892186529928
0.952587854670874,0.04741214532912592
0.9479950490430654,0.05200495095693461
0.9352498395147412,0.06475016048525889
0.9268148592146653,0.07318514078533475
0.9464649757838594,0.05353502421614066
0.921446747044588,0.07855325295541209
0.9537789742616307,0.046221025738369184
0.9225965488499576,0.07740345115004245
0.9212350650546678,0.07876493494533222
0.8964681762746455,0.1035318237253545
0.9457429450364553,0.054257054963544785
0.9540214148858869,0.04597858511411313
0.9267733576574209,0.07322664234257913
0.9256247254952342,0.07437527450476583
0.9372481310492793,0.06275186895072067
0.9539525231217981,0.046047476878201966
0.9360470548109288,0.06395294518907126
0.9188759732748474,0.08112402672515268
0.9712825540591101,0.028717445940889867
0.9203199169918675,0.07968008300813247
0.937979025710883,0.06202097428911697
0.9574441876414274,0.042555812358572635
0.92219691019788,0.07780308980211996
0.9647692581828711,0.035230741817129006
0.9346454744954887,0.06535452550451133
0.9587388043702282,0.04126119562977182
0.9380254010109706,0.06197459898902932
0.9426134815647871,0.05738651843521299
0.9598674852839583,0.040132514716041845
0.8706215479013107,0.1293784520986893
0.9433171224302047,0.05668287756979523
0.9026227401613118,0.09737725983868814
0.9473791034446291,0.052620896555370965
0.9522734555440356,0.047726544455964366
0.9772374154072981,0.022762584592701876
0.9283690402761625,0.07163095972383744
0.9270024378526954,0.07299756214730459
0.9399995010606108,0.060000498939389184
0.9010631104839962,0.09893688951600381
0.9339928255202683,0.06600717447973171
0.9234488189899186,0.0765511810100815
0.9507206135261886,0.04927938647381136
0.9436971681779694,0.05630283182203053
0.9140467506436248,0.0859532493563751
0.9510186483044836,0.04898135169551637
0.9223210193066975,0.07767898069330255
0.9146318156917478,0.08536818430825227
0.9340858746906725,0.06591412530932751
0.9481254571105541,0.05187454288944582
0.9271024171587957,0.07289758284120432
0.949132175400807,0.05086782459919304
0.9381476940249845,0.06185230597501543
0.9586759103154697,0.04132408968453035
0.956737392378727,0.04326260762127302
0.9495545310420657,0.05044546895793432
0.9225142938238382,0.0774857061761618
0.937732956673426,0.062267043326573956
0.9338024037039704,0.06619759629602959
0.9494513306221865,0.050548669377813604
0.9459253297936573,0.05407467020634279
0.9247983245349093,0.07520167546509075
0.9417365559437755,0.058263444056224606
0.9671357627897341,0.03286423721026588
0.9123866542891554,0.08761334571084459
0.9565130564544397,0.04348694354556028
0.9611084705790089,0.038891529420991125
0.963865063285541,0.036134936714459005
0.9385098749436452,0.06149012505635473
0.9699080598735138,0.030091940126486156
0.9638019685462861,0.03619803145371401
0.9346109507225709,0.06538904927742903
0.9650600103619008,0.03493998963809915
0.9397255554390409,0.060274444560959116
0.9848030275539293,0.015196972446070715
0.9552270727445715,0.04477292725542851
0.9512144433606506,0.04878555663934947
0.9173040043495271,0.0826959956504728
0.9606917669772779,0.03930823302272207
0.9609413536182243,0.03905864638177573
0.9376832622534979,0.06231673774650217
0.9524643843815833,0.04753561561841669
0.9670624829176082,0.032937517082391836
0.927630840219454,0.0723691597805461
0.9203708786598915,0.07962912134010844
0.9517594593485357,0.048240540651464325
0.9521607083470692,0.04783929165293077
0.9308272586987848,0.06917274130121524
0.9064270046475683,0.09357299535243169
0.9281760680538411,0.0718239319461589
0.9724329747390846,0.027567025260915402
0.9515259151441774,0.04847408485582259
0.9558814575674802,0.0441185424325198
0.9396849749819446,0.0603150250180554
0.9579229119420415,0.04207708805795849
0.9401237400939683,0.059876259906031785
0.9400775041547109,0.059922495845289185
0.9414755595932597,0.058524440406740305
0.9680430164462818,0.03195698355371837
0.9388149193274439,0.06118508067255622
0.9392999377074156,0.06070006229258443
0.9559345730588923,0.044065426941107676
0.9059990308164553,0.09400096918354472
0.9337341491801037,0.0662658508198964
0.9213086048650182,0.07869139513498172
0.9525282222423709,0.04747177775762899
0.9697783712396124,0.030221628760387684
0.9412964456718304,0.05870355432816964
0.9416987923354004,0.05830120766459954
0.9518379533160808,0.04816204668391919
0.9550726550064674,0.04492734499353259
0.9399032108874962,0.06009678911250374
0.9439264438199647,0.05607355618003519
0.9295473855674057,0.07045261443259432
0.9448649321638134,0.055135067836186616
0.9364718734662356,0.06352812653376433
0.9497312111894385,0.05026878881056157
0.9407126632214264,0.05928733677857358
0.9412854155059776,0.058714584494022476
0.9254107934384623,0.07458920656153768
0.9348739007969616,0.06512609920303844
0.9409388021582837,0.0590611978417162
0.9208448698352587,0.07915513016474139
0.9190849907367469,0.08091500926325314
0.9542215514532957,0.045778448546704355
0.9421025407209032,0.05789745927909691
0.9358543075149915,0.0641456924850084
0.9170366497948733,0.08296335020512675
0.9255251433071953,0.07447485669280475
0.9475654261084515,0.052434573891548444
0.908380203996769,0.09161979600323099
0.9448944023885075,0.0551055976114925
0.9478347474495226,0.05216525255047748
0.9378001002566441,0.06219989974335604
0.939098074080264,0.06090192591973609
0.9319764299818731,0.06802357001812677
0.9362638050931529,0.06373619490684712
0.951926896453391,0.04807310354660902
0.944732606776193,0.05526739322380707
0.9481866345381279,0.05181336546187204
0.9469538671615687,0.053046132838431286
0.9314614590650659,0.0685385409349341
0.9590616248438942,0.0409383751561058
0.9759683388886117,0.024031661111388342
0.9287305575426695,0.07126944245733058
0.9069842671355578,0.09301573286444213
0.9474443242568669,0.05255567574313307
0.9333087132139882,0.06669128678601179
0.938753960221904,0.06124603977809593
0.9246275561916948,0.07537244380830516
0.9576160096528427,0.04238399034715732
0.9562036158096282,0.04379638419037172
0.9412152816284616,0.05878471837153843
0.922009074744515,0.07799092525548496
0.9136863455218905,0.08631365447810954
0.9616700233547056,0.03832997664529434
0.9286537075912061,0.0713462924087938
0.9516224830001451,0.04837751699985491
0.9332526955055607,0.06674730449443932
0.9160167010831839,0.08398329891681612
0.8942160172412787,0.10578398275872128
0.9394537625785744,0.0605462374214256
0.9402088997827883,0.059791100217211755
0.9321970865280749,0.0678029134719252
0.9368534699094802,0.06314653009051979
0.9349870267868267,0.06501297321317336
0.914151840812097,0.08584815918790306
0.9365549622506415,0.0634450377493585
0.9273492285791356,0.07265077142086442
0.9394132485038651,0.06058675149613494
0.9681997154503754,0.031800284549624636
0.9323529392565832,0.06764706074341675
0.9219748605292455,0.0780251394707545
0.9499228253833552,0.0500771746166449
0.9324870359570945,0.06751296404290552
0.944833359202363,0.055166640797636966
0.9212175662452287,0.07878243375477137
0.9605513582600941,0.03944864173990602
0.9632743495882236,0.03672565041177646
0.9431459383940555,0.05685406160594452
0.9156361424801779,0.08436385751982216
0.9616355068148251,0.038364493185174875
0.9729626385399954,0.027037361460004575
0.9530671885116277,0.046932811488372306
0.9211761070276951,0.07882389297230495
0.9606084744654864,0.03939152553451367
0.9554291416219379,0.044570858378062045
0.9600903630082379,0.03990963699176215
0.9791116250953192,0.020888374904680793
0.9529256188624057,0.0470743811375944
0.9110542274256322,0.08894577257436778
0.9340319117461271,0.06596808825387283
0.9732625713760616,0.026737428623938353
0.9442939096049864,0.05570609039501372
0.9541899721152237,0.04581002788477637
0.9659376311260786,0.03406236887392142
0.9276172998038633,0.07238270019613662
0.9538425677483865,0.046157432251613485
0.9525237900042773,0.047476209995722725
0.9539735887276081,0.04602641127239188
0.9187702866218692,0.08122971337813092
0.9441064855936401,0.055893514406359986
0.9623906373411523,0.037609362658847734
0.9279285668296833,0.0720714331703167
0.9371044638998456,0.0628955361001544
0.9607330697359033,0.03926693026409667
0.9011709368444651,0.09882906315553489
0.9434632145348669,0.056536785465133084
0.9041148422719791,0.0958851577280208
0.9293813000002166,0.07061869999978354
0.9478732313006601,0.05212676869933986
0.9492195367412353,0.050780463258764716
0.945020225519597,0.05497977448040311
0.9495487569748478,0.05045124302515232
0.922005685149348,0.07799431485065199
0.9061181690624182,0.09388183093758186
0.9511439191056625,0.04885608089433749
0.9242879367572338,0.07571206324276633
0.975425316041635,0.024574683958365075
0.93520399192794,0.06479600807206003
0.9325427505056394,0.06745724949436063
0.9321835084215576,0.06781649157844248
0.9519248992865766,0.04807510071342341
0.9348241814279525,0.06517581857204756
0.9448314547467999,0.05516854525320015
0.9418509748761025,0.05814902512389751
0.9477539577290899,0.05224604227091013
0.9655830305651242,0.034416969434875794
0.9337705813652376,0.06622941863476245
0.9390831145976568,0.06091688540234319
0.9645083840556222,0.03549161594437776
0.9485828411713711,0.051417158828628864
0.8902041285153836,0.10979587148461659
0.9223792304339324,0.07762076956606755
0.9703197916896269,0.029680208310373133
0.9428524569928477,0.05714754300715233
0.9525561649208122,0.04744383507918789
0.9517519247678459,0.04824807523215413
0.9796636354558983,0.02033636454410171
0.938221540200671,0.06177845979932919
0.9420294000237057,0.05797059997629432
0.9278352007718116,0.07216479922818853
0.9222924001424566,0.07770759985754343
0.9474330911656066,0.05256690883439345
0.9311801418802865,0.06881985811971349
0.9159185176120155,0.08408148238798448
0.9320947764621381,0.06790522353786192
0.9356130472343678,0.06438695276563229
0.9179003394410011,0.08209966055899888
0.9291397932310188,0.07086020676898123
0.9530758631738259,0.046924136826174134
0.9631689362657583,0.036831063734241665
0.9260224503096787,0.07397754969032129
0.9275042471496828,0.07249575285031724
0.9490045496169742,0.05099545038302575
0.9684477373223175,0.03155226267768256
0.9186218734600881,0.08137812653991201
0.9279522023522355,0.0720477976477645
0.9254253292990255,0.07457467070097444
0.9576340598120543,0.04236594018794562
0.9198332296343001,0.08016677036569991
0.9480091603043516,0.05199083969564845
0.9261123109920639,0.07388768900793619
0.914262375885425,0.08573762411457486
0.9678743768861273,0.03212562311387275
0.9321932692175239,0.0678067307824762
0.908021974127933,0.09197802587206712
0.947287140434555,0.052712859565445025
0.9530564320706094,0.04694356792939053
0.9668993052901095,0.0331006947098905
0.9150903503456146,0.08490964965438541
0.9244309233722361,0.07556907662776384
0.9585584116062372,0.041441588393762746
0.9196532945841643,0.08034670541583562
0.9440513768279649,0.055948623172035104
0.9270294992496475,0.07297050075035244
0.9355270848841503,0.0644729151158498
0.9544345783808718,0.04556542161912833
0.9455083429417968,0.05449165705820321
0.9383659563862302,0.061634043613769764
0.9293738322423782,0.07062616775762182
0.918004451070652,0.081995548929348
0.9238227274868995,0.07617727251310048
0.944063739908498,0.055936260091502044
0.9277438799943197,0.07225612000568032
0.9327441418129592,0.06725585818704077
0.9453182541472103,0.05468174585278973
0.9570887237209823,0.0429112762790178
0.9324895712277911,0.06751042877220895
0.9348658479258097,0.06513415207419038
0.9589652356609303,0.041034764339069815
0.9614415253857201,0.038558474614279886
0.9531272838722129,0.04687271612778703
0.9537389709087772,0.04626102909122279
0.9599205300945216,0.040079469905478414
0.9470469867570465,0.05295301324295352
0.9557026842175953,0.04429731578240472
0.9270563392312415,0.0729436607687585
0.9378891037471108,0.0621108962528893
0.9595578744726488,0.04044212552735114
0.8980313086720454,0.10196869132795464
0.9776578231004951,0.02234217689950492
0.9170568719421341,0.08294312805786583
0.9175173118528138,0.08248268814718616
0.9308430609410459,0.06915693905895416
0.9208823741871176,0.07911762581288234
0.9253609750004385,0.07463902499956168
0.924690716232118,0.07530928376788211
0.9542923045883378,0.045707695411662266
0.9497880061457343,0.05021199385426563
0.905676832852956,0.09432316714704413
0.9549748601993749,0.04502513980062503
0.9472957241998798,0.052704275800120215
0.938871791029434,0.06112820897056608
0.9580789446883973,0.04192105531160271
0.9408997660503763,0.059100233949623694
0.9667326201999065,0.03326737980009353
0.9581182167641901,0.04188178323580993
0.9477173872974293,0.052282612702570834
0.9640569745381956,0.035943025461804355
0.9546677015183159,0.045332298481684075
0.9671377472268676,0.03286225277313237
0.959490711800837,0.040509288199163
0.9582836766274447,0.04171632337255527
0.9249005405308762,0.07509945946912387
0.9154248079481307,0.08457519205186922
0.9574983344895064,0.042501665510493676
0.9475947453999126,0.05240525460008745
0.9174844782154,0.08251552178460012
0.9562283253406679,0.043771674659332085
0.9115230274246972,0.08847697257530283
0.8944647250074109,0.1055352749925891
0.9565229516784269,0.043477048321573064
0.9606507756045874,0.039349224395412614
0.9696531827352793,0.030346817264720702
0.953789696940258,0.04621030305974202
0.9357501931958281,0.06424980680417189
0.9705029727777263,0.029497027222273684
0.9500350067986308,0.04996499320136926
0.9509578884389449,0.049042111561055035
0.9545986107544496,0.04540138924555035
0.9723568561438818,0.027643143856118307
0.9114564139538066,0.08854358604619339
0.905475012112079,0.09452498788792099
0.9603179462928666,0.03968205370713343
0.9434698581165476,0.05653014188345244
0.9054335732493471,0.09456642675065294
0.9624122172554322,0.037587782744567685
0.9397327907564088,0.06026720924359126
0.9441233518286589,0.055876648171341116
0.9302774105541913,0.0697225894458087
0.9153548783547273,0.08464512164527281
0.9520909679366679,0.04790903206333211
0.9214644984710516,0.07853550152894848
0.9393142453633998,0.06068575463660027
0.9034697489736057,0.09653025102639434
0.9036184856540366,0.09638151434596355
0.9452048558016697,0.05479514419833029
0.9786184302061016,0.021381569793898384
0.9576999760245315,0.04230002397546862
0.9388011762564274,0.061198823743572564
0.9717564892228252,0.028243510777174897
0.9300773015054196,0.06992269849458059
0.9451471982652957,0.05485280173470438
0.941273411934335,0.05872658806566501
0.9395814980567362,0.06041850194326378
0.9090086093330799,0.09099139066692011
0.9168338543523915,0.08316614564760852
0.937418996528876,0.06258100347112411
0.9271673990200328,0.07283260097996723
0.9700708790221133,0.0299291209778866
0.9365631391485485,0.06343686085145157
0.9241417371488496,0.07585826285115044
0.9553646724785416,0.044635327521458525
0.9097846706604827,0.09021532933951734
0.9391572112127877,0.06084278878721228
0.9613523216387059,0.03864767836129403
0.9533674733114024,0.04663252668859762
0.9604114127108034,0.03958858728919658
0.9349264655719277,0.06507353442807229
0.9449840876129854,0.055015912387014566
0.8994687991474711,0.10053120085252888
0.9372940862832506,0.06270591371674925
0.9357515993314675,0.06424840066853256
0.9489688600381849,0.051031139961815096
0.9477673472523708,0.052232652747629255
0.8925332060205181,0.1074667939794819
0.9575873537294833,0.042412646270516656
0.9783864913763797,0.02161350862362036
0.9730813958994268,0.02691860410057324
0.946528354917843,0.05347164508215701
0.9482921724991249,0.05170782750087504
0.9460153784986106,0.05398462150138946
0.9508636782517016,0.04913632174829837
0.9026669022781696,0.09733309772183046
0.9444039739613069,0.055596026038693125
0.9231632974752835,0.07683670252471642
0.9297994356229251,0.07020056437707484
0.9615833589922741,0.03841664100772588
0.9527423431099478,0.047257656890052166
0.93131730921695,0.06868269078305009
0.962114244085064,0.03788575591493601
0.9110929615070072,0.08890703849299289
0.9454145164944256,0.05458548350557433
0.9166048556266227,0.08339514437337728
0.9282217879808153,0.07177821201918468
0.9170472335834513,0.0829527664165488
0.936925703582769,0.063074296417231
0.9336756568736376,0.0663243431263623
0.9220871716726045,0.07791282832739559
0.8874856501257584,0.11251434987424162
0.9571627205550781,0.042837279444921855
0.9593759662731268,0.04062403372687331
0.9459316920144174,0.054068307985582556
0.9183489040657477,0.08165109593425238
0.9296394746923564,0.07036052530764357
0.9394553777739508,0.06054462222604921
0.9254803617586019,0.07451963824139808
0.9471524843692865,0.052847515630713576
0.9528016972891674,0.047198302710832606
0.9294182773094847,0.07058172269051535
0.924893512700763,0.07510648729923688
0.9268255580464058,0.07317444195359421
0.9743419600014009,0.025658039998599034
0.9606734235814905,0.039326576418509535
0.9429302930487307,0.057069706951269304
0.9421751990364113,0.057824800963588684
0.9351703064860619,0.06482969351393814
0.9389072481616211,0.06109275183837892
0.9159105254434574,0.08408947455654259
0.96240767955723,0.037592320442770055
0.9552726884532695,0.04472731154673045
0.9543961848151897,0.04560381518481025
0.9254348006333637,0.07456519936663632
0.9297222572296535,0.07027774277034649
0.9868107516774065,0.013189248322593524
0.9504607850328122,0.049539214967187856
0.9623973471647178,0.037602652835282184
0.9404369662618554,0.059563033738144665
0.956913780006975,0.04308621999302498
0.9332832308791729,0.06671676912082705
0.9838023549969201,0.016197645003079936
0.9569435631058418,0.0430564368941582
0.9392569212527355,0.06074307874726452
0.9423831402118854,0.05761685978811459
0.9191192419216924,0.08088075807830765
0.9553051957646602,0.04469480423533975
0.9279617554212103,0.07203824457878967
0.9086005331368824,0.09139946686311755
0.9399623426435492,0.06003765735645089
0.9495494484054635,0.050450551594536513
0.9540466844492824,0.04595331555071753
0.8943814133742585,0.10561858662574157
0.9441084180259576,0.05589158197404243
0.9476619085181278,0.05233809148187224
0.9738227537191578,0.026177246280842177
0.9166767217564248,0.08332327824357523
0.9464567636374951,0.05354323636250497
0.9512295901972692,0.04877040980273074
0.913261203391416,0.08673879660858383
0.910142345236428,0.08985765476357208
0.9029898915618124,0.09701010843818762
0.9524572615126808,0.04754273848731919
0.9357071472677482,0.06429285273225177
0.9774965469968094,0.02250345300319055
0.9360762171806906,0.06392378281930945
0.9606950970490323,0.039304902950967606
0.9260977736482964,0.07390222635170371
0.9614909860558719,0.038509013944128104
0.9470971034407626,0.0529028965592374
0.9207306343094243,0.07926936569057574
0.9522893581088403,0.047710641891159644
0.9310250600959552,0.06897493990404488
0.9148557066698628,0.0851442933301372
0.9493774297275792,0.05062257027242076
0.9485233695562213,0.05147663044377872
0.9457567939779362,0.05424320602206375
0.8925948773690552,0.10740512263094477
0.9328385985401393,0.06716140145986073
0.9332844512780698,0.0667155487219302
0.9452493932147978,0.05475060678520221
0.9572208540210198,0.042779145978980325
0.9175102035858644,0.08248979641413559
0.9586716109417841,0.041328389058216
0.920996850611764,0.0790031493882361
0.9180604933769333,0.08193950662306655
0.9652171593052012,0.03478284069479877
0.9610426938114316,0.03895730618856834
0.9301576098866913,0.06984239011330873
0.9417899511652758,0.05821004883472425
0.9281565568539833,0.07184344314601657
0.9641345815397764,0.03586541846022365
0.9761905892206887,0.02380941077931131
0.9168753085746276,0.08312469142537235
0.9065065209195116,0.09349347908048855
0.9266126837814473,0.07338731621855261
0.9308076838822785,0.06919231611772142
0.9274650509747467,0.07253494902525333
0.8983244834263079,0.10167551657369221
0.9445880704291123,0.0554119295708878
0.9238679078275123,0.07613209217248786
0.95262939790312,0.047370602096880064
0.9305941502468468,0.06940584975315324
0.9176894331331559,0.08231056686684401
0.9537755647414191,0.04622443525858097
0.9368361441416595,0.06316385585834061
0.9701117318002618,0.029888268199738117
0.9338969753716618,0.0661030246283382
0.9414061250200365,0.05859387497996354
0.9259500935900807,0.07404990640991924
0.9503647538063502,0.04963524619364985
0.941620572622733,0.058379427377266924
0.9465008203645852,0.05349917963541492
0.932188868762641,0.06781113123735907
0.9395191156629705,0.06048088433702946
0.9333203987673168,0.06667960123268332
0.9740591079550408,0.02594089204495915
0.9369147146256905,0.06308528537430942
0.9176345985493212,0.08236540145067883
0.9566094861933135,0.04339051380668643
0.9765120204579041,0.023487979542095916
0.9478047112605348,0.052195288739465134
0.9166762461579306,0.08332375384206933
0.9651332409946031,0.034866759005396916
0.9476584709514098,0.052341529048590296
0.9069447875292196,0.09305521247078051
0.9266944962592993,0.0733055037407006
0.9177327624193599,0.08226723758064008
0.9437889058115169,0.056211094188483135
0.9423381939260833,0.05766180607391667
0.9376319021084465,0.06236809789155358
0.9081041981596311,0.09189580184036898
0.9243534364552792,0.0756465635447208
0.9627159884044878,0.037284011595512305
0.9725347219997978,0.02746527800020218
0.9478691670387015,0.05213083296129857
0.9241761461927281,0.0758238538072718
0.9475316798625715,0.052468320137428526
0.9424534019012836,0.05754659809871648
0.9547158877510706,0.04528411224892941
0.9492997215897795,0.05070027841022053
0.9461274595232795,0.053872540476720576
0.9204126861845576,0.07958731381544241
0.972972852152567,0.027027147847432962
0.9472449686152669,0.05275503138473324
0.9293923893024622,0.07060761069753789
0.901637258351346,0.09836274164865408
0.9310759416737892,0.06892405832621097
0.9481297119519992,0.05187028804800071
0.959771346285572,0.04022865371442798
0.9349379404200183,0.06506205957998164
0.9579395671799796,0.042060432820020324
0.9573686987674735,0.04263130123252647
0.9334315971381812,0.06656840286181874
0.9494216051121764,0.0505783948878235
0.9243066958234071,0.07569330417659302
0.9337689739639851,0.06623102603601501
0.9472854492358732,0.05271455076412687
0.8947670115283486,0.10523298847165134
0.9533376480926206,0.0466623519073795
0.9382871379340274,0.0617128620659726
0.9570261518710389,0.04297384812896108
0.9300863579089311,0.06991364209106889
0.9230171879162066,0.07698281208379343
0.9656560930610592,0.034343906938940925
0.919092142436531,0.08090785756346906
0.9238223128844848,0.07617768711551522
0.9380619505804073,0.061938049419592654
0.959483667447888,0.04051633255211208
0.9471569910003335,0.05284300899966661
0.9695438589385779,0.030456141061422158
0.9218676052455499,0.07813239475445012
0.9302015439750887,0.06979845602491132
0.9520847638227078,0.04791523617729234
0.9317896735879937,0.0682103264120064
0.9478727333850557,0.0521272666149444
0.947426168628502,0.05257383137149792
0.9309250588160133,0.06907494118398674
0.9423835183099016,0.057616481690098455
0.9404278327841972,0.059572167215802795
0.9377469679594436,0.062253032040556475
0.915584366729703,0.08441563327029704
0.9580154520449429,0.041984547955057204
0.9433694176217322,0.05663058237826777
0.9464665052135071,0.053533494786493024
0.9603001377901086,0.039699862209891364
0.9687381787244633,0.031261821275536644
0.9314331918445721,0.06856680815542791
0.9528295260694811,0.0471704739305189
0.9374878016436091,0.06251219835639087
0.9525978783011501,0.047402121698849935
0.9390745840715534,0.06092541592844655
0.9453436060422595,0.05465639395774048
0.9279872190091437,0.07201278099085631
0.9382177934494983,0.06178220655050169
0.9588537933052845,0.04114620669471547
0.9491372978305151,0.05086270216948492
0.9607724891580915,0.03922751084190858
0.9508404357705227,0.04915956422947741
0.9413851873256779,0.05861481267432221
0.956714603563317,0.043285396436683055
0.9232691423663231,0.07673085763367685
0.9255850183539567,0.07441498164604332
0.975630927209307,0.024369072790693017
0.9239184510926705,0.07608154890732956
0.9143715965779217,0.08562840342207834
0.9221296601160434,0.07787033988395653
0.9708200299361541,0.029179970063845904
0.9233137020537845,0.0766862979462155
0.9330216850150986,0.0669783149849015
0.9766418460168036,0.0233581539831964
0.929733560009142,0.07026643999085812
0.9084730156324724,0.09152698436752758
0.9325046152037729,0.06749538479622705
0.9701253146264208,0.029874685373579284
0.9466251479270205,0.05337485207297953
0.9625214252090365,0.03747857479096356
0.9200633676888946,0.0799366323111054
0.9109718623837084,0.08902813761629157
0.9440258816488795,0.055974118351120636
0.9331521849976582,0.06684781500234184
0.9495159543402494,0.050484045659750634
0.9552698386291538,0.044730161370846164
0.9253802252350736,0.07461977476492647
0.9268497331825339,0.073150266817466
0.9534471678886509,0.046552832111349064
0.913457899591782,0.086542100408218
0.9402626121102033,0.05973738788979669
0.9341163123268194,0.06588368767318055
0.9425838146742367,0.05741618532576337
0.9278900109162422,0.07210998908375776
0.9732610024727032,0.02673899752729673
0.9507864496655328,0.04921355033446709
0.9477595880064924,0.0522404119935076
0.9469291958276725,0.053070804172327464
0.9570545905023914,0.04294540949760859
0.926385623573578,0.07361437642642196
0.9642706249258196,0.0357293750741804
0.9354368905439719,0.06456310945602814
0.9338748863314502,0.06612511366854976
0.9257345371505019,0.07426546284949812
0.9691295831349699,0.030870416865030094
0.954136356245685,0.04586364375431498
0.9422128387239344,0.05778716127606565
0.9300220171104129,0.06997798288958708
0.9324674338131735,0.06753256618682645
0.9573196514770901,0.042680348522909944
0.9707963463079136,0.029203653692086523
0.9411287164338581,0.05887128356614202
0.9299378331639516,0.07006216683604832
0.939564266092071,0.0604357339079291
0.9322512901268639,0.06774870987313611
0.918960976601415,0.08103902339858506
0.9609601957178129,0.03903980428218714
0.9500541662284383,0.0499458337715618
0.9610923797498898,0.03890762025011016
0.9346645911360009,0.06533540886399913
0.9270843176709543,0.07291568232904572
0.9531748387763334,0.04682516122366667
0.947011642717918,0.05298835728208199
0.9115646467194717,0.08843535328052836
0.9647759986789172,0.03522400132108282
0.9717804366622608,0.0282195633377392
0.9560624571553121,0.04393754284468795
0.9745574667009785,0.025442533299021464
0.9578887166052689,0.04211128339473111
0.9506906558250295,0.04930934417497048
0.9396816650475635,0.06031833495243665
0.9461051303688224,0.053894869631177775
0.9081855362391333,0.09181446376086669
0.9342598294872879,0.06574017051271214
0.9368158969993703,0.06318410300062972
0.9576448654228448,0.04235513457715522
0.9568526801170257,0.0431473198829743
0.9656056711175909,0.03439432888240907
0.9603205763396613,0.039679423660338865
0.9283369926417528,0.07166300735824717
0.9161749479427636,0.08382505205723643
0.9920814672697311,0.007918532730268858
0.9403880637486719,0.0596119362513281
0.8838060110163336,0.11619398898366647
0.926825770360642,0.07317422963935796
0.9557280710351288,0.044271928964871185
0.9320711414359087,0.06792885856409137
0.9715027446740907,0.028497255325909382
0.9022754274281704,0.0977245725718297
0.9368285537549212,0.06317144624507877
0.9570093675189931,0.04299063248100697
0.9406717045704247,0.05932829542957531
0.9626024943556565,0.03739750564434362
0.9198313577456454,0.08016864225435466
0.9093754528448651,0.09062454715513497
0.9317897875041109,0.06821021249588914
0.9468325417459534,0.05316745825404655
0.9508280952304483,0.04917190476955173
0.9536207488027066,0.046379251197293365
0.904610455080464,0.09538954491953598
0.9374188013854556,0.06258119861454431
0.9185786899451701,0.08142131005482978
0.956230598015565,0.043769401984435005
0.9066245553861436,0.09337544461385629
0.9508619666312653,0.049138033368734645
0.9567438549474251,0.04325614505257488
0.9403846818002102,0.05961531819978981
0.9186533501803772,0.08134664981962288
0.9464342093573053,0.05356579064269478
0.9509652692111249,0.049034730788875026
0.9367480389396606,0.06325196106033935
0.9327217094481729,0.06727829055182705
0.9271439882417587,0.07285601175824133
0.9570884213789718,0.0429115786210283
0.9545993492012689,0.045400650798731255
0.9546350176415446,0.04536498235845542
0.9127776048742312,0.08722239512576878
0.9435145005936116,0.05648549940638839
0.9027845030980899,0.09721549690191017
0.9390606077587147,0.06093939224128537
0.9011104839461953,0.09888951605380483
0.9372920318974826,0.06270796810251753
0.9458598883065222,0.054140111693477745
0.9262552175574921,0.07374478244250791
0.9283503423980947,0.07164965760190527
0.9545723272682644,0.04542767273173571
0.9501839342003658,0.049816065799634164
0.8926980267520042,0.10730197324799592
0.970674162077626,0.02932583792237399
0.9514456867081573,0.04855431329184274
0.9359429170712699,0.06405708292873008
0.9603629601700541,0.03963703982994605
0.9694824019923625,0.030517598007637602
0.9163192719334095,0.0836807280665906
0.9285551683732478,0.07144483162675226
0.9309360134378081,0.0690639865621919
0.9312070946672493,0.06879290533275079
0.964146058506379,0.035853941493621026
0.9084114482288145,0.09158855177118547
0.9325785619235677,0.06742143807643235
0.9317361295398666,0.06826387046013349
0.9377309694221302,0.062269030577869845
0.9443364117970755,0.05566358820292457
0.9479041047879725,0.052095895212027524
0.9448920680247903,0.05510793197520971
0.9243130950974351,0.07568690490256492
0.9405955352990026,0.059404464700997375
0.9606969592998474,0.03930304070015258
0.9598263895852843,0.04017361041471562
0.9397005759229525,0.06029942407704746
0.9721467146507982,0.027853285349201944
0.9511854850981766,0.04881451490182346
0.9525568109027543,0.04744318909724569
0.8950121330675255,0.10498786693247456
0.9139469275317089,0.08605307246829115
0.9266570752328398,0.07334292476716024
0.940959188586427,0.059040811413573084
0.9419062931301609,0.05809370686983908
0.940192585780568,0.059807414219432024
0.9477477768351351,0.05225222316486487
0.944397486868314,0.05560251313168596
0.9310916943259806,0.06890830567401937
0.9587559506708581,0.041244049329141975
0.9792539418657474,0.020746058134252683
0.9284720497457429,0.07152795025425701
0.9812932202020669,0.018706779797933046
0.9225352236730208,0.07746477632697918
0.9615174690246143,0.038482530975385676
0.9535398266635234,0.046460173336476576
0.9207458439952247,0.07925415600477517
0.9258482063490207,0.07415179365097933
0.9444389229133597,0.05556107708664028
0.9417074757882979,0.05829252421170205
0.9559078336247551,0.044092166375244886
0.9707327642184975,0.02926723578150247
0.937131192547604,0.06286880745239615
0.9569468039323049,0.04305319606769508
0.9531335426566324,0.046866457343367536
0.9477521254547651,0.052247874545235024
0.9600617201325958,0.039938279867404225
0.9192650930987134,0.0807349069012866
0.9648817946680843,0.035118205331915724
0.9425598532178044,0.0574401467821955
0.9432473242338589,0.056752675766141035
0.93235167597095,0.06764832402904997
0.9070016938842265,0.09299830611577357
0.9406862307477727,0.05931376925222731
0.9034940261265613,0.09650597387343877
0.9354395333355053,0.06456046666449472
0.9432731665840083,0.0567268334159917
0.944654817245551,0.05534518275444899
0.9509267319704094,0.04907326802959051
0.8965264326444223,0.10347356735557764
0.9412841649619689,0.05871583503803113
0.9438742144992989,0.0561257855007012
0.9642030567007759,0.03579694329922408
0.9348235074193993,0.06517649258060068
0.9455812598287928,0.05441874017120712
0.9439907722573871,0.05600922774261292
0.9113678543371608,0.08863214566283921
0.9705021460694536,0.029497853930546346
0.9584000349156582,0.04159996508434183
0.9470366439062804,0.05296335609371964
0.9396528434798631,0.060347156520136835
0.937833300073014,0.06216669992698596
0.9134033216146352,0.08659667838536486
0.9186034274305752,0.08139657256942484
0.9227478554643163,0.07725214453568377
0.9839433544798284,0.016056645520171553
0.9597308984420597,0.04026910155794039
0.945539448747252,0.054460551252747916
0.952691046967349,0.04730895303265098
0.9015226207004939,0.09847737929950603
0.9285269161801365,0.07147308381986359
0.9319328353420725,0.06806716465792759
0.9406511132522487,0.05934888674775117
0.922727226466903,0.07727277353309704
0.956317436215214,0.04368256378478608
0.9469530809061932,0.05304691909380666
0.950063932474494,0.04993606752550596
0.9189805335269037,0.0810194664730963
0.9357766700199103,0.06422332998008974
0.9524806661128085,0.04751933388719138
0.9604313591287269,0.0395686408712731
0.9428175059247769,0.05718249407522309
0.9284213561955907,0.07157864380440933
0.9546119761085278,0.045388023891472236
0.9331076638027149,0.06689233619728505
0.9286318515692581,0.07136814843074189
0.9596377634079817,0.04036223659201837
0.9162767294070564,0.08372327059294359
0.9276505378631009,0.0723494621368992
0.9379367960644923,0.06206320393550771
0.936332654352391,0.06366734564760904
0.9108789272072353,0.08912107279276474
0.9324749448765074,0.06752505512349262
0.9506100010557345,0.04938999894426567
0.9260047709804402,0.07399522901955978
0.9297432239486322,0.07025677605136783
0.955454564992943,0.0445454350070569
0.9398314890747551,0.06016851092524492
0.9444403217138657,0.05555967828613441
0.9688450954844902,0.03115490451550989
0.93227110824976,0.06772889175024004
0.9289296073623684,0.07107039263763161
0.969801104556109,0.03019889544389088
0.9271997089395153,0.0728002910604846
0.968643324149849,0.031356675850150936
0.9407414203728791,0.059258579627121034
0.9344282796347436,0.06557172036525648
0.9671418522407818,0.03285814775921827
0.9321050796194595,0.0678949203805405
0.9207742294982127,0.07922577050178735
0.9344594412010938,0.06554055879890619
0.9489324975861878,0.05106750241381226
0.9401468737139821,0.059853126286017966
0.9623154684243967,0.03768453157560333
0.96990027142217,0.030099728577830186
0.9502100285162807,0.04978997148371935
0.9525818157657301,0.04741818423426991
0.9248765266586396,0.07512347334136033
0.9309643925807998,0.06903560741920023
0.936212141058584,0.06378785894141607
0.9528384546969065,0.04716154530309352
0.9288366499917237,0.07116335000827638
0.9429408990426533,0.057059100957346724
0.939616592019351,0.060383407980648944
0.9692184224228766,0.030781577577123388
0.931442127499371,0.06855787250062899
0.9541916106388544,0.04580838936114567
0.9493784085957913,0.0506215914042088
0.9293744102957568,0.07062558970424308
0.9495142005027234,0.05048579949727667
0.8944141357623345,0.10558586423766549
0.9641959577432997,0.03580404225670035
0.9446827326163342,0.05531726738366587
0.9131393333706326,0.08686066662936738
0.9637576044697206,0.03624239553027938
0.9488277583592483,0.05117224164075167
0.9398474430160682,0.060152556983931876
0.8884395949028203,0.11156040509717974
0.9210593592089841,0.07894064079101597
0.9363625609697519,0.06363743903024817
0.8814673966741288,0.11853260332587126
0.9338271275128907,0.06617287248710937
0.939676926065647,0.06032307393435298
0.9413835864044224,0.058616413595577566
0.9296940055813679,0.07030599441863214
0.9522809409267867,0.047719059073213374
0.9363889287950877,0.06361107120491231
0.9385786733312703,0.06142132666872971
0.9258498160516028,0.07415018394839729
0.9682081695862353,0.03179183041376464
0.9414844959460186,0.058515504053981475
0.9320066158165143,0.06799338418348573
0.9039685569967936,0.09603144300320647
0.9354895157381744,0.06451048426182565
0.9595650905374457,0.04043490946255437
0.9691293321253475,0.03087066787465262
0.9547828760364769,0.04521712396352303
0.9416273301984933,0.058372669801506696
0.9631147746637446,0.036885225336255295
0.9118938816683975,0.08810611833160262
0.9586397541029773,0.04136024589702273
0.9372236199227316,0.06277638007726836
0.9338515361569284,0.06614846384307164
0.9317276501880025,0.06827234981199747
0.9328483207458725,0.06715167925412753
0.9464533546455384,0.05354664535446149
0.9289899139307044,0.07101008606929556
0.9493566195452972,0.05064338045470287
0.9589237136811929,0.0410762863188071
0.9322910525669372,0.06770894743306281
0.9312261894215894,0.06877381057841063
0.9263535094879404,0.07364649051205972
0.9168360895451885,0.08316391045481146
0.9427717548810436,0.05722824511895645
0.9421902675673443,0.05780973243265574
0.9112052127103882,0.08879478728961186
0.9635251337986942,0.036474866201305856
0.9504023321589856,0.049597667841014374
0.9497015328722702,0.05029846712772984
0.9502147832216479,0.04978521677835219
0.9449186689953278,0.05508133100467214
0.9554944899724863,0.044505510027513615
0.9419312646469042,0.05806873535309581
0.936705596795463,0.06329440320453705
0.9575746391667447,0.04242536083325519
0.9540905383519983,0.045909461648001665
0.9152053871544008,0.08479461284559923
0.9442100351036633,0.05578996489633671
0.9529486480594926,0.04705135194050734
0.9542046912724511,0.04579530872754898
0.9440127179468212,0.05598728205317888
0.9493404144523008,0.05065958554769917
0.9405165203102821,0.059483479689718025
0.9493407281366985,0.05065927186330159
0.9458219033251238,0.0541780966748762
0.9494999774263236,0.05050002257367642
0.9135998708870152,0.08640012911298475
0.9421717621307368,0.05782823786926322
0.9211826449884561,0.07881735501154387
0.9392681219458408,0.0607318780541593
0.9428062437879923,0.05719375621200772
0.9742124612815115,0.02578753871848851
0.9466940610291734,0.05330593897082653
0.9209410014595955,0.07905899854040456
0.934216822641558,0.06578317735844212
0.960002421746813,0.03999757825318691
0.959484890994426,0.04051510900557388
0.9582084438696605,0.041791556130339524
0.9465034239661969,0.053496576033803075
0.9720044877379328,0.0279955122620673
0.9180011773660669,0.08199882263393315
0.9271415083220044,0.07285849167799571
0.9621068267405082,0.03789317325949182
0.9477835924470518,0.05221640755294818
0.9301370556407857,0.06986294435921431
0.9497428189719115,0.05025718102808849
0.9242922176751313,0.07570778232486877
0.9355141853598691,0.06448581464013087
0.964265443888234,0.03573455611176603
0.9203642278788755,0.07963577212112455
0.9351110150569248,0.06488898494307518
0.9591381051125766,0.040861894887423325
0.9331963754245554,0.06680362457544457
0.9256328422844212,0.07436715771557868
0.9580635663367207,0.04193643366327929
0.9069989775547499,0.09300102244525012
0.9516720450475343,0.04832795495246575
0.9428727866722193,0.057127213327780764
0.9558104253822999,0.044189574617700136
0.9522898283270276,0.0477101716729724
0.9193232682651784,0.08067673173482152
0.9044523319069786,0.09554766809302141
0.9337841865326514,0.0662158134673486
0.9298650098203244,0.07013499017967559
0.9364143093472099,0.06358569065279014
0.9600108815728889,0.03998911842711109
0.9389203117937145,0.061079688206285426
0.9323668645023994,0.06763313549760058
0.9447042080808348,0.055295791919165255
0.9602406744547,0.039759325545300025
0.9433391005180973,0.05666089948190271
0.9098255723410951,0.090174427658905
0.9244203980355897,0.07557960196441024
0.9454050287397764,0.054594971260223585
0.9331307327169117,0.06686926728308826
0.946492434493305,0.05350756550669503
0.9132718354137935,0.08672816458620645
0.945135073655327,0.054864926344673146
0.9334902730255357,0.06650972697446432
0.9592359347543313,0.04076406524566871
0.9787122893088072,0.02128771069119292
0.9114063459900064,0.0885936540099936
0.9766693675126508,0.023330632487349335
0.9515102120724378,0.04848978792756218
0.9329851210165001,0.06701487898349978
0.9764419754388142,0.023558024561185803
0.951245532812255,0.04875446718774509
0.9276915880892173,0.07230841191078279
0.9368474830650683,0.0631525169349317
0.930797474331019,0.06920252566898105
0.9134884766064639,0.08651152339353622
0.9135229208208765,0.08647707917912349
0.9528279205805064,0.04717207941949361
0.9501811286181927,0.04981887138180734
0.951662363586172,0.04833763641382813
0.9314100092195382,0.0685899907804618
0.9441964844175289,0.05580351558247119
0.972303460935645,0.02769653906435495
0.9188554537920377,0.08114454620796231
0.9817037919391034,0.01829620806089661
0.9453987814025546,0.05460121859744541
0.9234784698268833,0.07652153017311668
0.9459050098257652,0.05409499017423491
0.9689372454277476,0.03106275457225238
0.9465840993750613,0.053415900624938804
0.9161090901575404,0.08389090984245953
0.9396560535856744,0.06034394641432572
0.9434289476975988,0.05657105230240126
0.9302088289271958,0.06979117107280414
0.9672887263761016,0.03271127362389845
0.9473351152198586,0.05266488478014143
0.9361183669058016,0.06388163309419838
0.9558315819635894,0.044168418036410625
0.9275682054664771,0.07243179453352291
0.9774627021356757,0.022537297864324374
0.8916715811044335,0.10832841889556657
0.936042665765546,0.063957334234454
0.928057428511877,0.07194257148812312
0.9608204690360795,0.0391795309639205
0.9618938625487047,0.03810613745129543
0.9618674574617958,0.03813254253820419
0.9222701600895911,0.07772983991040901
0.9528042371094654,0.047195762890534634
0.9524612599059575,0.04753874009404237
0.909390932332359,0.09060906766764096
0.9345112816981492,0.0654887183018508
0.8874095837322323,0.11259041626776771
0.9344455073965056,0.06555449260349443
0.9398074681734243,0.060192531826575704
0.9378766842886396,0.06212331571136043
0.9441297483943581,0.05587025160564186
0.948059829506345,0.05194017049365502
0.9316890317013233,0.06831096829867665
0.949258618608886,0.05074138139111409
0.9574230836646433,0.04257691633535673
0.958317182409167,0.04168281759083308
0.9611845810765738,0.03881541892342622
0.9409357522211622,0.0590642477788378
0.9550719229617826,0.044928077038217454
0.9126299444117659,0.08737005558823407
0.9390018642783549,0.060998135721645204
0.9257063427099786,0.07429365729002145
0.945103029749728,0.05489697025027191
0.9177644071533444,0.08223559284665558
0.9445966397198767,0.05540336028012318
0.9338698014628368,0.06613019853716326
0.9410807946430217,0.05891920535697829
0.9453638002102079,0.05463619978979214
0.9387469675140584,0.061253032485941564
0.9693791696206423,0.030620830379357818
0.923774617615955,0.07622538238404498
0.9356324492568299,0.06436755074317019
0.9264721275014066,0.0735278724985934
0.9124441015957877,0.08755589840421225
0.9414867198654461,0.058513280134553924
0.9244545918253411,0.07554540817465885
0.9407567861073843,0.05924321389261564
0.933934449342367,0.06606555065763305
0.9364231534288691,0.06357684657113101
0.9453711091952797,0.05462889080472032
0.9405296757053065,0.059470324294693525
0.9255473462230961,0.07445265377690384
0.9453365405385009,0.05466345946149906
0.9697596026415176,0.03024039735848245
0.9209374161322713,0.07906258386772873
0.9644027766992198,0.03559722330078019
0.9722958503037998,0.027704149696200248
0.9252569782828048,0.07474302171719521
0.9632311704078662,0.03676882959213393
0.9705509956042484,0.029449004395751592
0.9769670449229888,0.02303295507701125
0.9062740276568165,0.09372597234318347
0.9281544622364685,0.07184553776353152
0.9414712780451715,0.0585287219548286
0.9570399644397047,0.04296003556029531
0.9245792877759907,0.07542071222400931
0.9548663962614248,0.045133603738575244
0.9526879747359983,0.047312025264001654
0.9682479541439472,0.03175204585605282
0.9659088756782587,0.034091124321741294
0.920754120599863,0.07924587940013711
0.9288743562673552,0.07112564373264493
0.9326138497737295,0.06738615022627051
0.9560204132368132,0.043979586763186904
0.916725963544693,0.083274036455307
0.9280379972404489,0.07196200275955113
0.9701583405392082,0.029841659460791703
0.9356533434910446,0.06434665650895541
0.92988682858229,0.07011317141771008
0.9824401008123355,0.01755989918766457
0.9646197102410327,0.03538028975896736
0.9697914054294051,0.030208594570594917
0.9493673031966288,0.05063269680337126
0.91268739275014,0.08731260724986
0.9236061657549172,0.07639383424508285
0.9571888715624329,0.04281112843756716
0.9405986618716339,0.05940133812836619
0.9362815102790966,0.06371848972090342
0.9512846068007623,0.04871539319923772
0.9649700954494735,0.03502990455052647
0.9525237078321491,0.04747629216785087
0.9351503839266254,0.06484961607337458
0.9202204629067047,0.07977953709329531
0.9758119760945253,0.02418802390547472
0.9614189965548471,0.038581003445152987
0.9630827615519378,0.036917238448062106
0.9423251323018289,0.05767486769817114
0.9470831877197533,0.05291681228024666
0.9394593909411001,0.060540609058899894
0.9214185458810832,0.07858145411891687
0.9491674562960576,0.05083254370394254
0.955285440626946,0.04471455937305399
0.956539422183,0.04346057781699997
0.9443563862310822,0.05564361376891785
0.9391508510224919,0.060849148977508115
0.941307981764723,0.05869201823527707
0.9684923617856237,0.031507638214376285
0.9499606972517249,0.05003930274827511
0.9144515223494976,0.08554847765050247
0.9556206717970833,0.04437932820291663
0.9376229652566173,0.0623770347433827
0.9558269001464978,0.04417309985350214
0.903867298924479,0.09613270107552102
0.9315191523664893,0.06848084763351071
0.951726414725285,0.048273585274715106
0.9406170707679126,0.059382929232087524
0.9314633786029002,0.06853662139709975
0.908434144010831,0.091565855989169
0.9111644293659302,0.08883557063406987
0.931666915474436,0.06833308452556387
0.9323947243069304,0.06760527569306961
0.9471297030981654,0.05287029690183462
0.9355336038368288,0.06446639616317126
0.9323227064638019,0.06767729353619803
0.9602273489267548,0.03977265107324522
0.9213390252897377,0.0786609747102624
0.8931583430897623,0.10684165691023777
0.8915990777368967,0.10840092226310333
0.9569980549396239,0.04300194506037611
0.9603051959298459,0.03969480407015423
0.9613878366561767,0.03861216334382335
0.9260793251868408,0.07392067481315932
0.9344644585682282,0.06553554143177166
0.950221195732607,0.04977880426739291
0.9346049258963042,0.06539507410369584
0.9491319348502129,0.050868065149787166
0.9341470125478429,0.06585298745215704
0.9242404701571157,0.07575952984288423
0.9632137462041697,0.03678625379583039
0.9376353238104125,0.06236467618958755
0.9557294138035284,0.044270586196471624
0.9631964997948926,0.03680350020510732
0.9276022692441305,0.07239773075586949
0.9636476357382882,0.03635236426171189
0.960355318407658,0.03964468159234201
0.9527083383913667,0.047291661608633295
0.9314742326727513,0.06852576732724867
0.910737830936297,0.08926216906370314
0.9373102006012841,0.0626897993987159
0.9494641400491053,0.05053585995089474
0.9383780248195813,0.06162197518041871
0.9546818373163475,0.045318162683652574
0.9542834559035739,0.04571654409642615
0.9444054015973139,0.05559459840268617
0.9321263325964759,0.06787366740352402
0.9132311381339354,0.08676886186606453
0.9427108820880965,0.05728911791190344
0.940791502014676,0.05920849798532399
0.9449958410252209,0.05500415897477911
0.9658501277187648,0.03414987228123531
0.9511858937526908,0.04881410624730923
0.9390154732158104,0.06098452678418969
0.9334946302060011,0.06650536979399888
0.9277427158110244,0.07225728418897563
0.9631692703004583,0.03683072969954179
0.9564701569237397,0.043529843076260295
0.9252471061010785,0.07475289389892141
0.9526619870490352,0.04733801295096487
0.956182901311013,0.0438170986889871
0.9385915258562799,0.061408474143720186
0.9079342998738734,0.09206570012612662
0.9148064572219973,0.08519354277800263
0.9382940578666288,0.06170594213337122
0.9548904169978627,0.04510958300213726
0.9494749310910927,0.05052506890890739
0.9529729796716419,0.047027020328358184
0.9457396746011515,0.05426032539884857
0.9617253269016625,0.038274673098337486
0.937725037616555,0.062274962383445036
0.9615188059207042,0.03848119407929582
0.9627592135759617,0.03724078642403829
0.9609557358759352,0.03904426412406478
0.9486717079941867,0.051328292005813445
0.9271089446450625,0.0728910553549375
0.914845499474726,0.08515450052527393
0.9264476122138143,0.07355238778618566
0.9301161120697184,0.06988388793028155
0.9183802946213118,0.08161970537868829
0.9127212902600472,0.0872787097399527
0.9455744402508606,0.05442555974913946
0.9542071682573664,0.045792831742633565
0.9414297954994407,0.058570204500559366
0.9707375063304547,0.02926249366954526
0.9671415795171713,0.03285842048282871
0.9445639197940479,0.05543608020595209
0.9449922003081073,0.055007799691892734
0.9628511850737709,0.03714881492622915
0.9456545631839437,0.05434543681605631
0.9526978831197552,0.0473021168802448
0.946556932060045,0.053443067939955104
0.9281497857843206,0.07185021421567946
0.9333927177643623,0.06660728223563778
0.9445551709132186,0.05544482908678145
0.9647632722868207,0.03523672771317933
0.9484733510950233,0.05152664890497676
0.9345196591815861,0.0654803408184139
0.9170291116662435,0.08297088833375661
0.9445839012764325,0.055416098723567404
0.9587306992102945,0.0412693007897055
0.9391082396138646,0.06089176038613535
0.9337167122095414,0.06628328779045861
0.9385065336768877,0.06149346632311225
0.9552264405710261,0.04477355942897386
0.9211962932127878,0.07880370678721216
0.9131961774290079,0.08680382257099215
0.9464823472578885,0.05351765274211148
0.9222493559271352,0.07775064407286475
0.9168146851695191,0.08318531483048082
0.9393985139376503,0.06060148606234975
0.9485556251772257,0.05144437482277431
0.9598692292199267,0.04013077078007339
0.9540917155983755,0.045908284401624505
0.9611240886845568,0.03887591131544322
0.9455679404065531,0.05443205959344693
0.9394364544986484,0.060563545501351505
0.962943581641879,0.03705641835812091
0.9596492351223579,0.04035076487764208
0.9535849569767788,0.04641504302322126
0.955574187551657,0.04442581244834301
0.9424780808320717,0.057521919167928245
0.9133442110690685,0.08665578893093155
0.9343071943797883,0.06569280562021171
0.9380684932481905,0.061931506751809466
0.9409439855661956,0.05905601443380445
0.9497663605578733,0.05023363944212671
0.9423268751588864,0.05767312484111377
0.9576590423554656,0.0423409576445345
0.9419083582966468,0.05809164170335333
0.924235778375576,0.07576422162442402
0.9344850928229812,0.06551490717701876
0.9716780639592268,0.028321936040773144
0.9477638245657212,0.05223617543427893
0.944231785496018,0.05576821450398195
0.953951363373538,0.04604863662646199
0.9667793731486815,0.033220626851318505
0.9842000682742772,0.015799931725722846
0.9191295470792522,0.0808704529207477
0.9688670467108856,0.031132953289114335
0.9674152122702836,0.03258478772971651
0.9336768166715472,0.0663231833284528
0.921859319269531,0.07814068073046905
0.9337752797807081,0.06622472021929193
0.9431121487754858,0.05688785122451421
0.9531875199003357,0.04681248009966436
0.9363513943773082,0.06364860562269187
0.9264824544725555,0.07351754552744454
0.9530223736937018,0.04697762630629822
0.9345990250639128,0.06540097493608729
0.9518393438264156,0.04816065617358449
0.949597731336968,0.05040226866303204
0.9455080810690195,0.0544919189309806
0.9533304204805233,0.046669579519476756
0.9304354529453019,0.06956454705469817
0.9331099292638008,0.06689007073619933
0.9260399263691151,0.07396007363088493
0.9447245682539589,0.05527543174604117
0.9369663118224704,0.06303368817752966
0.9758503694086391,0.024149630591360972
0.9244887079502627,0.07551129204973728
0.9321279953263495,0.06787200467365055
0.9212158860533395,0.07878411394666054
0.934591818407673,0.06540818159232699
0.9442822361962429,0.05571776380375712
0.9546571802034534,0.04534281979654661
0.924376809104149,0.0756231908958511
0.9507446426674172,0.049255357332582864
0.9533390687009733,0.04666093129902665
0.9352246303302081,0.06477536966979194
0.9470294906904597,0.05297050930954016
0.9600391505791748,0.03996084942082525
0.9558943858432285,0.044105614156771535
0.9570983267923695,0.042901673207630546
0.9451262275700342,0.054873772429965835
0.9210301300482447,0.07896986995175534
0.9140476582338494,0.08595234176615066
0.9459739335895998,0.054026066410400204
0.922047725348159,0.07795227465184094
0.923648134760921,0.07635186523907897
0.922224406125138,0.07777559387486203
0.9287859685429397,0.07121403145706034
0.9164617459522091,0.08353825404779097
0.9483848393462221,0.051615160653777976
0.9487478555758068,0.051252144424193215
0.9495907961739951,0.05040920382600482
0.9312048264878822,0.06879517351211782
0.9455024383754633,0.05449756162453676
0.92072939979701,0.07927060020299005
0.9285932154809073,0.07140678451909267
0.9131739012383145,0.0868260987616854
0.9605897033021938,0.03941029669780621
0.9286626439839372,0.07133735601606286
0.932627742234444,0.06737225776555605
0.9491970023304229,0.05080299766957718
0.9610112077127765,0.038988792287223496
0.9375761399691322,0.06242386003086777
0.9487567150540042,0.05124328494599586
0.9602059697701768,0.03979403022982323
0.9090815186035507,0.09091848139644924
0.9436377753605021,0.056362224639497936
0.9615380029637624,0.03846199703623772
0.9124702566567462,0.08752974334325395
0.97974836652771,0.02025163347228997
0.9503108758276281,0.049689124172372014
0.9499039413348249,0.050096058665175046
0.9388034220472377,0.06119657795276237
0.9287336301902448,0.07126636980975519
0.9680260138429677,0.031973986157032154
0.9808088380502133,0.019191161949786636
0.9545428619850337,0.04545713801496633
0.9608090977903722,0.03919090220962784
0.9707393220926159,0.02926067790738407
0.8945995907575646,0.10540040924243549
0.9414513789004681,0.05854862109953187
0.9279424361325865,0.0720575638674134
0.9466651313224431,0.053334868677556845
0.9072604369389725,0.09273956306102753
0.9638931430298918,0.036106856970108195
0.9540476434326227,0.04595235656737735
0.9321980766202381,0.06780192337976189
0.9288203452664108,0.07117965473358934
0.9415146209126605,0.058485379087339605
0.9411680028556837,0.058831997144316306
0.9659280119712561,0.03407198802874385
0.9460021970669525,0.053997802933047456
0.9286759664096849,0.07132403359031513
0.9304332172077234,0.06956678279227659
0.9346191725406211,0.0653808274593789
0.945848913950546,0.054151086049454025
0.9297481357195212,0.0702518642804788
0.9620927763684466,0.03790722363155338
0.9356999000442735,0.06430009995572655
0.9238404530908103,0.0761595469091897
0.9571388114421493,0.042861188557850656
0.9252722379601824,0.07472776203981753
0.9336766568087672,0.06632334319123283
0.9461255524780001,0.05387444752199999
0.938265004808478,0.06173499519152204
0.9198906200261266,0.08010937997387338
0.9363171186376383,0.06368288136236169
0.910585864538701,0.08941413546129894
0.9108697421980501,0.08913025780194997
0.9562835665615479,0.04371643343845212
0.9129363856402172,0.08706361435978283
0.925899808322371,0.07410019167762905
0.935257381652806,0.06474261834719405
0.9612593964303686,0.038740603569631354
0.9313524963604624,0.06864750363953767
0.9368266629664165,0.06317333703358347
0.9730918119892009,0.02690818801079908
0.951103749319679,0.04889625068032107
0.9600915091233607,0.03990849087663937
0.9158635783573105,0.0841364216426895
0.9298146649998539,0.07018533500014629
0.9637964761931244,0.03620352380687569
0.9122943609542384,0.08770563904576167
0.9204581437245987,0.07954185627540138
0.9451289957889769,0.0548710042110231
0.9360081411156728,0.06399185888432732
0.9700765648365995,0.02992343516340057
0.934338480017785,0.06566151998221503
0.8970467656512371,0.10295323434876291
0.9454622542191657,0.054537745780834306
0.964313550164549,0.03568644983545109
0.9308207395994299,0.0691792604005701
0.9349886313379084,0.06501136866209158
0.9322062834020132,0.06779371659798678
0.9557079432408961,0.0442920567591038
0.921032144249431,0.07896785575056904
0.9636455480605953,0.03635445193940469
0.9549052009904268,0.045094799009573326
0.935336064082379,0.06466393591762101
0.9337832720491316,0.0662167279508684
0.957304716958036,0.042695283041964106
0.9627252746395805,0.03727472536041959
0.9264573612890806,0.07354263871091934
0.9432702044540353,0.05672979554596469
0.9640196113578715,0.03598038864212855
0.8832485467505686,0.11675145324943138
0.9504477869922519,0.049552213007748105
0.9423873432621409,0.05761265673785912
0.9489839029302067,0.051016097069793286
0.9128116559401022,0.0871883440598979
0.9327349078108227,0.06726509218917731
0.9211303652899528,0.07886963471004715
0.9235773081907714,0.07642269180922857
0.951518844996235,0.04848115500376508
0.9394641154836416,0.06053588451635846
0.9450341732160226,0.05496582678397737
0.9412167154668186,0.05878328453318149
0.9514805289568727,0.04851947104312724
0.9669659086281447,0.03303409137185528
0.9369089507965406,0.06309104920345945
0.9078145282704674,0.09218547172953254
0.909381195792173,0.0906188042078269
0.9711610246165078,0.0288389753834922
0.9516527763985184,0.04834722360148157
0.9370051025811155,0.0629948974188846
0.9482545432003403,0.051745456799659785
0.9396369730909193,0.06036302690908067
0.9725623346046969,0.027437665395303165
0.9592461785365607,0.04075382146343932
0.9357437743460224,0.06425622565397761
0.9526685850412498,0.04733141495875014
0.9609559912770222,0.03904400872297787
0.9379156754226472,0.06208432457735284
0.8965344962324662,0.10346550376753387
0.954509053821365,0.04549094617863501
0.9650127433398593,0.0349872566601407
0.9312163249587087,0.06878367504129138
0.9539515385373689,0.04604846146263103
0.9357516267917855,0.06424837320821446
0.9159856084915761,0.08401439150842396
0.9217415803889579,0.07825841961104216
0.9487397185376644,0.05126028146233568
0.956584797941385,0.04341520205861509
0.9109779090316068,0.08902209096839321
0.9367361718864455,0.06326382811355451
0.938353822334722,0.061646177665278086
0.9372918135463171,0.06270818645368288
0.9346637871404687,0.0653362128595313
0.9260269207924214,0.07397307920757855
0.9396141567779608,0.06038584322203936
0.9541532108254942,0.04584678917450586
0.915519134523207,0.08448086547679304
0.9252475914993157,0.07475240850068435
0.92949996055477,0.07050003944522994
0.9354876924744764,0.06451230752552367
0.962133922185773,0.037866077814227087
0.9116219872247597,0.08837801277524025
0.9040019260028297,0.09599807399717034
0.9239324523220713,0.07606754767792875
0.9708927538809392,0.029107246119060737
0.9234274756814355,0.07657252431856446
0.9796776531044898,0.02032234689551018
0.9467356285879227,0.05326437141207737
0.9541867491721501,0.04581325082784995
0.9276589052095704,0.07234109479042962
0.9466123822811924,0.05338761771880765
0.9758550559913177,0.024144944008682372
0.9323419567108028,0.06765804328919713
0.928205465468241,0.07179453453175895
0.914282722561449,0.08571727743855091
0.9587092273892588,0.041290772610741176
0.93055799027579,0.06944200972420994
0.9522348557934994,0.04776514420650063
0.9236633617018204,0.07633663829817965
0.9199405318576629,0.08005946814233716
0.954420999019628,0.04557900098037214
0.9213011771212894,0.07869882287871059
0.9528856837614238,0.04711431623857621
0.8978818296722421,0.10211817032775801
0.9014617248139936,0.09853827518600641
0.9592061661074318,0.040793833892568264
0.9238731965955234,0.07612680340447676
0.9454225523558131,0.05457744764418691
0.935254600839157,0.06474539916084306
0.9675751998023667,0.03242480019763338
0.9578122282802973,0.04218777171970277
0.9421280079253809,0.0578719920746192
0.9193103699526661,0.08068963004733401
0.9630399309889601,0.03696006901103999
0.9288072285498241,0.07119277145017598
0.9491688172564593,0.050831182743540725
0.9454579939121229,0.05454200608787704
0.9551631199194903,0.044836880080509685
0.9411693642301296,0.05883063576987043
0.9505719172245751,0.049428082775424806
0.9522180633409207,0.04778193665907936
0.9437394642308484,0.05626053576915164
0.9258848657013639,0.07411513429863614
0.9519159856151226,0.04808401438487748
0.9292705761107353,0.0707294238892648
0.9461372297814149,0.05386277021858514
0.9056595308453057,0.09434046915469428
0.9071684979199381,0.09283150208006191
0.9726527265834527,0.02734727341654729
0.9611287353765784,0.03887126462342158
0.9249492910554318,0.07505070894456824
0.9216103652676243,0.07838963473237573
0.8970339277917064,0.10296607220829357
0.9344529654340025,0.06554703456599757
0.9176530194811064,0.08234698051889355
0.9351384120554191,0.06486158794458098
0.9374529511688541,0.06254704883114592
0.9464527150955488,0.053547284904451126
0.94989864941324,0.05010135058676004
0.9503062160931743,0.04969378390682567
0.9356382049380277,0.06436179506197226
0.9563582948456902,0.04364170515430975
0.9613380556339093,0.03866194436609083
0.9619753341420496,0.0380246658579505
0.9603672186248703,0.03963278137512984
0.9150901755499828,0.08490982445001721
0.9590395751221856,0.04096042487781451
0.9239849579675022,0.07601504203249776
0.9161142896810738,0.08388571031892625
0.9425027756938079,0.05749722430619212
0.9506154560263488,0.04938454397365123
0.9515478605329176,0.04845213946708235
0.9336266437601142,0.0663733562398859
0.9194464617406791,0.08055353825932086
0.9387700540706819,0.06122994592931811
0.9341452740822555,0.06585472591774447
0.9322142599582934,0.06778574004170655
0.9353317663460597,0.0646682336539402
0.9214903280285393,0.07850967197146082
0.9747341719660175,0.025265828033982522
0.9451282622188972,0.05487173778110287
0.899036810531145,0.10096318946885499
0.9366906413119659,0.06330935868803415
0.9443767917259942,0.05562320827400576
0.9542792345940481,0.04572076540595202
0.9393757430712079,0.06062425692879207
0.9235000435994256,0.07649995640057439
0.961791500550258,0.03820849944974204
0.9057033224647139,0.09429667753528603
0.9227378933167775,0.07726210668322248
0.9036053650791775,0.09639463492082241
0.9548593211172448,0.0451406788827552
0.9239216981547235,0.07607830184527653
0.9568931974232437,0.04310680257675626
0.9458882600951007,0.05411173990489923
0.963494212704585,0.036505787295414996
0.9246244386172024,0.07537556138279751
0.9305219146178536,0.06947808538214634
0.959771570640553,0.04022842935944706
0.9364975338500511,0.06350246614994892
0.9275158179341384,0.07248418206586173
0.9408115042777736,0.059188495722226356
0.9338583399127883,0.06614166008721167
0.9187141241251621,0.081285875874838
0.9383665402142888,0.06163345978571115
0.9185358937745992,0.08146410622540087
0.9332489658320551,0.06675103416794492
0.9140889529317776,0.08591104706822232
0.9465719263825367,0.05342807361746336
0.9422827267826399,0.0577172732173602
0.969193604260462,0.030806395739538098
0.9254221792600179,0.07457782073998205
0.9610746378306876,0.03892536216931238
0.9429717744607244,0.057028225539275466
0.930476171966135,0.06952382803386502
0.9611194143921383,0.038880585607861645
0.9391426980982315,0.06085730190176852
0.9173199461650413,0.08268005383495879
0.9310617951666537,0.0689382048333464
0.9586970455824619,0.04130295441753804
0.9247239662970617,0.07527603370293838
0.9606243362855298,0.039375663714470224
0.902140958066378,0.09785904193362205
0.9558160428182028,0.044183957181797275
0.8936733670305583,0.10632663296944167
0.9347786791537115,0.06522132084628857
0.9507423233380977,0.04925767666190238
0.9430946863519843,0.056905313648015696
0.9663030251568936,0.03369697484310639
0.9424107914474922,0.0575892085525079
0.9261556659568353,0.07384433404316472
0.9278012599101709,0.07219874008982914
0.9339869430804421,0.06601305691955801
0.9308227138153633,0.0691772861846367
0.966407398752502,0.03359260124749806
0.9546921630657869,0.04530783693421312
0.9351800060659796,0.06481999393402038
0.931823254530373,0.06817674546962713
0.9616071706093556,0.03839282939064443
0.9296836657097639,0.07031633429023612
0.9218851420713746,0.07811485792862541
0.9431947546106164,0.05680524538938363
0.9436633904113532,0.05633660958864696
0.934717685575942,0.06528231442405794
0.9437719839703351,0.05622801602966484
0.9279820484081319,0.07201795159186813
0.9633116299477215,0.03668837005227859
0.9729497237896111,0.02705027621038892
0.9350862623849572,0.06491373761504278
0.9591309832661482,0.040869016733851904
0.9738185687166268,0.026181431283373233
0.9241358421797092,0.07586415782029077
0.9502324042199054,0.04976759578009464
0.945907293562456,0.054092706437544096
0.9529314913453683,0.047068508654631816
0.9265668420582761,0.07343315794172395
0.9336541819865095,0.06634581801349052
0.9451951257839648,0.05480487421603519
0.9320791150203426,0.06792088497965748
0.9317993698568192,0.06820063014318091
0.9268267745735304,0.07317322542646974
0.9215756179717824,0.07842438202821761
0.934378236813821,0.06562176318617897
0.9301905484833279,0.0698094515166721
0.9733247288073915,0.02667527119260847
0.935894831379673,0.06410516862032695
0.9030529739122416,0.09694702608775844
0.9273952547324663,0.07260474526753372
0.9440875003569688,0.05591249964303127
0.9395549760796024,0.060445023920397745
0.9240368134031924,0.07596318659680766
0.936715082601027,0.06328491739897302
0.9516118239804962,0.04838817601950386
0.9448189571727843,0.0551810428272157
0.9372217563132346,0.06277824368676545
0.9287427962927007,0.07125720370729922
0.9209542565411026,0.07904574345889748
0.9611020768017474,0.038897923198252596
0.9387728728484332,0.06122712715156673
0.9606661124384275,0.039333887561572606
0.9412904013835525,0.05870959861644762
0.9209455278201812,0.07905447217981876
0.9563948706069553,0.04360512939304477
0.9262778800133527,0.0737221199866474
0.9339126418196547,0.06608735818034532
0.9300150307158475,0.06998496928415258
0.9441524147730087,0.055847585226991237
0.906000157939148,0.09399984206085198
0.9287927744688868,0.07120722553111326
0.953657538049288,0.04634246195071199
0.9535900602673927,0.0464099397326074
0.9499613201530475,0.05003867984695263
0.952421898194739,0.04757810180526108
0.9364756346300445,0.06352436536995551
0.9688874802890104,0.03111251971098964
0.9378346797007365,0.0621653202992635
0.9307407547134904,0.06925924528650958
0.8949547623904714,0.10504523760952852
0.9346699071116898,0.06533009288831018
0.9629942323737839,0.03700576762621616
0.9300595830857173,0.0699404169142827
0.9385670048871259,0.06143299511287404
0.9405961000552233,0.059403899944776704
0.9352345227942133,0.06476547720578671
0.9472404384697652,0.052759561530234776
0.9337634650532574,0.06623653494674277
0.9408372249051864,0.059162775094813574
0.9696584934335247,0.03034150656647537
0.9320401241038637,0.06795987589613622
0.8978924304500661,0.10210756954993405
0.9671399615971138,0.03286003840288616
0.9367636644885714,0.06323633551142858
0.9359168567659433,0.0640831432340568
0.9684439722671713,0.03155602773282877
0.9054965089451884,0.09450349105481158
0.9417708906948516,0.05822910930514833
0.9176810149120793,0.08231898508792063
0.9552281693173524,0.04477183068264755
0.9627667155301429,0.037233284469857096
0.9508008274434984,0.049199172556501664
0.9752942988158108,0.024705701184189258
0.9656191660138576,0.034380833986142466
0.9429511321782661,0.05704886782173401
0.9181925640532358,0.08180743594676428
0.9318216126819676,0.06817838731803241
0.9253612314041795,0.07463876859582055
0.9368895228176749,0.06311047718232518
0.955769506165447,0.044230493834553124
0.9346411645225199,0.06535883547748013
0.9545169695840169,0.0454830304159832
0.9462065129451553,0.053793487054844616
0.9339532332495184,0.0660467667504816
0.9365198552110986,0.06348014478890143
0.9381142384473498,0.06188576155265023
0.9090675204764084,0.09093247952359158
0.9535219611733593,0.04647803882664066
0.8978379577990613,0.10216204220093868
0.9606298979757872,0.03937010202421272
0.9652119365135103,0.034788063486489704
0.8995911201629014,0.1004088798370985
0.9399322748400711,0.06006772515992889
0.9484652417970562,0.051534758202943856
0.9314990455446047,0.06850095445539524
0.9681083430218314,0.031891656978168675
0.9301055766712605,0.06989442332873957
0.9369979840957801,0.06300201590421993
0.9311498638460696,0.06885013615393036
0.9300483801090053,0.06995161989099485
0.9269336987330873,0.07306630126691273
0.9434102758571451,0.05658972414285498
0.92348338452133,0.07651661547867007
0.9407356830654218,0.05926431693457818
0.9510953844903375,0.048904615509662644
0.9546106614755357,0.04538933852446422
0.929636345976537,0.070363654023463
0.9531469526125789,0.04685304738742114
0.9449206945971604,0.0550793054028396
0.9348032690353533,0.06519673096464668
0.9612424322322056,0.038757567767794494
0.9183761142922825,0.08162388570771745
0.9194867305513938,0.08051326944860611
0.9461669898283124,0.053833010171687595
0.9507938215637337,0.04920617843626624
0.9422911732612012,0.05770882673879888
0.9360373697770795,0.06396263022292038
0.958743308366601,0.04125669163339895
0.8983121506700691,0.10168784932993086
0.9539792390310445,0.04602076096895538
0.9202623533390792,0.07973764666092084
0.9210973352023464,0.07890266479765362
0.9373745110797791,0.06262548892022088
0.9555478206942223,0.04445217930577779
0.9206668024797693,0.0793331975202307
0.9586811867241768,0.04131881327582326
0.9586048602361996,0.041395139763800444
0.9613469948586891,0.038653005141310884
0.9251223675001035,0.07487763249989653
0.9546629382129876,0.0453370617870124
0.9207196703756471,0.07928032962435298
0.9321880490197288,0.06781195098027121
0.9547264187283516,0.04527358127164831
0.9710428367583916,0.028957163241608373
0.9364214446520346,0.06357855534796546
0.9276839794599796,0.07231602054002033
0.9646742838082862,0.035325716191713784
0.9523481254861114,0.04765187451388863
0.9298286219290465,0.0701713780709535
0.9616693785648883,0.03833062143511177
0.9141804520284476,0.08581954797155242
0.9363808875077121,0.06361911249228797
0.9334364318583515,0.06656356814164859
0.9111982437844379,0.088801756215562
0.9403825239866281,0.05961747601337193
0.9696922265657992,0.030307773434200727
0.9471372230702683,0.052862776929731715
0.9624150492879762,0.03758495071202381
0.9447767870179055,0.05522321298209452
0.9243673009651213,0.07563269903487861
0.934388145517139,0.06561185448286097
0.9270137314405791,0.07298626855942088
0.9140588709994277,0.08594112900057223
0.9189025832719653,0.08109741672803462
0.938312389223385,0.061687610776614984
0.9489713770847051,0.051028622915294884
0.9568916119785108,0.04310838802148916
0.9394297617946923,0.060570238205307686
0.9342554947532455,0.06574450524675443
0.9607366433527114,0.03926335664728858
0.9546400642256238,0.045359935774376296
0.9464328154608682,0.05356718453913184
0.9317089229257302,0.06829107707426985
0.9193586762824736,0.08064132371752648
0.9410328435073346,0.058967156492665346
0.94224292638567,0.05775707361433005
0.9589649289009339,0.04103507109906615
0.9604902696846945,0.03950973031530541
0.9228781399986951,0.07712186000130497
0.9552350770722436,0.04476492292775639
0.935082635520372,0.06491736447962813
0.9521837886463701,0.04781621135362992
0.9363607671499764,0.0636392328500236
0.9265374623659992,0.07346253763400085
0.927558254171071,0.07244174582892907
0.9077452777720891,0.09225472222791088
0.9196118827075548,0.08038811729244519
0.9241344821454281,0.07586551785457184
0.9515585430924572,0.04844145690754272
0.9708453442769722,0.0291546557230278
0.9318087526268258,0.06819124737317415
0.9729614297626143,0.02703857023738567
0.9784671489240724,0.021532851075927624
0.9296775069301112,0.07032249306988883
0.9645669403267879,0.035433059673212
0.9139307832757959,0.08606921672420409
0.9218483163573028,0.0781516836426972
0.9479522604809796,0.05204773951902048
0.9461966777806016,0.053803322219398556
0.9114307680897623,0.08856923191023773
0.9608698528275074,0.03913014717249253
0.9697607443789953,0.03023925562100472
0.926101077464987,0.073898922535013
0.9093380338684117,0.09066196613158829
0.9619195063388128,0.03808049366118709
0.9647711702962588,0.035228829703741166
0.9245652270354303,0.07543477296456975
0.9353638606736049,0.06463613932639516
0.9516994954368003,0.04830050456319979
0.9410444351064717,0.05895556489352824
0.9590530214067322,0.040946978593267847
0.9435020893789355,0.056497910621064545
0.9584746288412946,0.04152537115870544
0.9608623993631561,0.03913760063684395
0.9054075666883624,0.09459243331163766
0.9292912115628003,0.07070878843719972
0.929529738361388,0.07047026163861209
0.9453512390815516,0.05464876091844847
0.9461733570776486,0.05382664292235139
0.9365853170872693,0.0634146829127307
0.9501969442978084,0.049803055702191616
0.9493189529149673,0.05068104708503272
0.9629344801715641,0.03706551982843584
0.9223240892682132,0.07767591073178678
0.8938758830494589,0.10612411695054118
0.961941835753301,0.038058164246699056
0.9514627350796702,0.048537264920329844
0.9540728630218832,0.045927136978116644
0.9526264186326618,0.04737358136733812
0.9574550741102387,0.04254492588976136
0.9493781436370449,0.05062185636295523
0.9352545578308438,0.06474544216915624
0.947212264100464,0.052787735899536045
0.9296594257705622,0.07034057422943779
0.9400494688690513,0.059950531130948816
0.9451075873649177,0.054892412635082176
0.9216605608782675,0.0783394391217325
0.9005396252764026,0.09946037472359737
0.923919536474358,0.07608046352564204
0.9332365147453778,0.06676348525462224
0.9219098543406063,0.07809014565939369
0.9135240474355407,0.08647595256445931
0.9544914373837324,0.04550856261626757
0.9651116840993927,0.03488831590060725
0.935159577394862,0.06484042260513798
0.9331724290972803,0.06682757090271976
0.9196261305904063,0.08037386940959375
0.9572281533855592,0.042771846614440806
0.8977769449549617,0.10222305504503815
0.9200979238239291,0.07990207617607088
0.9008800975925365,0.09911990240746349
0.8985124278286007,0.1014875721713993
0.9261591218807326,0.07384087811926746
0.9084673053229291,0.091532694677071
0.9497138499025869,0.050286150097413114
0.9637495835913551,0.03625041640864489
0.9196043469210088,0.08039565307899114
0.9501850863245198,0.049814913675480146
0.9559407341150274,0.04405926588497264
0.9490120369591846,0.050987963040815466
0.9127704571750213,0.08722954282497879
0.9246504065574288,0.0753495934425711
0.9702083861486664,0.029791613851333606
0.9500577897629086,0.04994221023709141
0.9504823896377795,0.04951761036222044
0.9478920811530824,0.052107918846917574
0.9134098184338169,0.08659018156618321
0.9438665559438756,0.056133444056124485
0.9214661085700409,0.07853389142995912
0.9389784376769197,0.0610215623230803
0.9482664623475708,0.05173353765242925
0.9799779663817437,0.02002203361825633
0.963176286392875,0.036823713607125046
0.9206791069815485,0.07932089301845141
0.9025550122164945,0.09744498778350548
0.9097911933667853,0.09020880663321468
0.9227202558306804,0.0772797441693197
0.9447812010042572,0.05521879899574282
0.9158453810286664,0.08415461897133347
0.9505380698385937,0.04946193016140637
0.9193861923375845,0.08061380766241556
0.8944003409723738,0.10559965902762633
0.9452236739382369,0.05477632606176304
0.9120800347623044,0.0879199652376957
0.9097782066540092,0.09022179334599076
0.9439159899576501,0.05608401004234991
0.9785287000060332,0.02147129999396681
0.9489536092679851,0.051046390732015015
0.9536376322891655,0.04636236771083453
0.929548040280187,0.07045195971981302
0.9159811025366447,0.08401889746335535
0.9281223823821357,0.07187761761786422
0.9441082927829981,0.05589170721700186
0.959729387213863,0.040270612786136986
0.9122664689301363,0.0877335310698638
0.9093387659127402,0.09066123408725983
0.9305552596547056,0.06944474034529438
0.9552493870341777,0.04475061296582232
0.9490868515298428,0.05091314847015715
0.9617698979121468,0.038230102087853185
0.9131463071644151,0.08685369283558494
0.9551629694678856,0.04483703053211443
0.9633249289759778,0.03667507102402223
0.9471461351576457,0.052853864842354374
0.9859978629047867,0.014002137095213293
0.9364439397113027,0.06355606028869738
0.9457291195555859,0.054270880444414055
0.9570731158141376,0.042926884185862456
0.9479010546599728,0.0520989453400273
0.9230266899822036,0.07697331001779642
0.9230643301712604,0.07693566982873952
0.9447455690492291,0.055254430950770976
0.9256920868274757,0.07430791317252426
0.9614405915530297,0.038559408446970166
0.94716467866316,0.05283532133684001
0.949528424662225,0.050471575337775035
0.9067224827565964,0.09327751724340368
0.947002796347893,0.052997203652106945
0.9256916548912097,0.07430834510879028
0.9584940778346197,0.04150592216538038
0.9259143861324708,0.07408561386752925
0.9315084867388249,0.06849151326117503
0.9373749339694226,0.06262506603057737
0.9152268488759174,0.08477315112408264
0.9561529360717512,0.04384706392824884
0.9534791605464426,0.046520839453557554
0.9660347108313158,0.03396528916868429
0.9473450142770187,0.052654985722981246
0.9777136090433102,0.022286390956689855
0.9450184499391966,0.05498155006080345
0.9489079698734856,0.051092030126514525
0.9383189186936343,0.06168108130636575
0.953556875576839,0.04644312442316103
0.9353081520774791,0.064691847922521
0.9509156931104149,0.04908430688958508
0.9083723225859585,0.09162767741404163
0.949847962728405,0.05015203727159507
0.939036543819943,0.06096345618005705
0.9364098305984772,0.06359016940152284
0.9054351980894414,0.09456480191055867
0.9463231572055225,0.0536768427944774
0.9249823744160395,0.07501762558396052
0.9402134383317693,0.05978656166823075
0.9243618108591942,0.07563818914080568
0.8937813464501536,0.10621865354984639
0.9428081284542551,0.05719187154574485
0.8941813852970522,0.1058186147029478
0.9479369097817287,0.05206309021827129
0.918816939927973,0.08118306007202705
0.9355325217507601,0.06446747824923993
0.903065673541095,0.09693432645890496
0.9378084599472071,0.06219154005279303
0.9174740748842366,0.08252592511576337
0.929799277072831,0.07020072292716904
0.9565588177484421,0.043441182251557915
0.9341202712520746,0.06587972874792536
0.9263583197003985,0.07364168029960146
0.9409916091717715,0.05900839082822852
0.9592932372502198,0.04070676274978022
0.9406922670306259,0.059307732969374104
0.946604295133382,0.05339570486661796
0.9462483170030043,0.05375168299699578
0.934048101166758,0.06595189883324198
0.954831646524199,0.04516835347580087
0.9474920866465758,0.05250791335342424
0.9549417500681094,0.045058249931890657
0.9383579456224018,0.06164205437759818
0.9263822522953736,0.07361774770462644
0.9529221684192616,0.04707783158073849
0.9594867340402071,0.04051326595979289
0.913173293058392,0.08682670694160798
0.947752595812481,0.052247404187518984
0.9243278913520079,0.07567210864799213
0.935391665843821,0.06460833415617899
0.9429761429302401,0.05702385706975986
0.9390172388841046,0.060982761115895366
0.9251961869963272,0.07480381300367274
0.976230343993427,0.023769656006572975
0.9566130797703046,0.04338692022969537
0.9274315233098297,0.07256847669017027
0.972294954388216,0.027705045611783927
0.9515900979795722,0.04840990202042787
0.9570163895572541,0.042983610442746026
0.9189429528007983,0.0810570471992017
0.9406767796970419,0.05932322030295803
0.963799860024428,0.03620013997557206
0.9102062716784513,0.08979372832154887
0.9176439992873009,0.08235600071269907
0.9425733424204038,0.057426657579596266
0.9653086177825239,0.03469138221747607
0.9366130660231916,0.06338693397680842
0.9607479750402075,0.039252024959792506
0.9427178720951309,0.05728212790486908
0.9263346714683226,0.07366532853167736
0.9436147123719856,0.05638528762801455
0.9497366382546077,0.050263361745392365
0.9134130844644089,0.08658691553559116
0.9341431932551467,0.06585680674485332
0.9376649797106816,0.06233502028931841
0.9101340883546664,0.08986591164533361
0.9492717997054909,0.050728200294509106
0.905591967142079,0.09440803285792095
0.9264010731017277,0.07359892689827241
0.9561848628402794,0.043815137159720616
0.910227809147474,0.08977219085252594
0.9371920231316565,0.06280797686834347
0.9590363693225712,0.04096363067742891
0.9610174505087875,0.03898254949121249
0.9481929243688596,0.05180707563114038
0.9529627618099633,0.047037238190036704
0.9185555885618665,0.08144441143813355
0.8942393045173777,0.10576069548262237
0.9519366946204176,0.04806330537958238
0.9512303071884489,0.04876969281155114
0.9493317247060122,0.0506682752939878
0.9541672197710273,0.04583278022897273
0.9754517500510795,0.024548249948920534
0.9264868684941863,0.07351313150581364
0.917244269766032,0.08275573023396796
0.9392807450292424,0.06071925497075756
0.9527971821162745,0.04720281788372557
0.954178373794861,0.045821626205138924
0.9086625429727485,0.09133745702725156
0.9398431556378559,0.060156844362143976
0.9510434059064511,0.048956594093548834
0.9568191270157547,0.04318087298424535
0.9502468456709018,0.0497531543290982
0.9527554724966206,0.047244527503379416
0.9526868774263358,0.047313122573664136
0.9528574320853933,0.047142567914606665
0.9390843105819713,0.06091568941802882
0.9256992741821999,0.07430072581780008
0.9142595374839395,0.08574046251606045
0.917990204785245,0.08200979521475511
0.9297309033298323,0.07026909667016773
0.918941325161817,0.08105867483818291
0.9748581494152223,0.025141850584777744
0.9513391874952281,0.04866081250477184
0.9672035820302625,0.03279641796973758
0.9629736679013908,0.03702633209860919
0.9352291787579301,0.06477082124206995
0.9271136411304185,0.07288635886958153
0.9651502106528964,0.03484978934710367
0.9320171502468053,0.06798284975319473
0.9400143552941038,0.05998564470589629
0.9509905644137199,0.04900943558628019
0.9514531718830314,0.048546828116968664
0.9643298270028656,0.03567017299713444
0.9658834236460719,0.03411657635392799
0.9400414037492776,0.05995859625072249
0.9281718763816006,0.07182812361839938
0.9350384003611659,0.06496159963883413
0.9387460177349509,0.06125398226504904
0.9717738113624242,0.02822618863757579
0.9325825023252542,0.06741749767474586
0.9430256398697862,0.05697436013021392
0.9457777751080182,0.05422222489198181
0.9557956571353028,0.04420434286469728
0.9496108864051491,0.05038911359485089
0.9262829970373411,0.07371700296265893
0.9349104641920724,0.06508953580792765
0.9450504507506805,0.05494954924931947
0.9278886791279846,0.0721113208720155
0.9322857773083836,0.06771422269161644
0.9536327897029806,0.046367210297019366
0.9172519190428746,0.08274808095712541
0.9161205978301326,0.08387940216986757
0.9213865571828995,0.07861344281710039
0.9341875802458742,0.06581241975412577
0.9558312781729582,0.044168721827041756
0.9592147967329175,0.040785203267082466
0.9339230126778066,0.06607698732219339
0.9576044315998342,0.04239556840016584
0.9374226037820094,0.06257739621799065
0.9307634964728426,0.06923650352715739
0.9077570296816226,0.09224297031837739
0.9439694272402054,0.05603057275979462
0.9295221614261628,0.07047783857383712
0.9510140794793117,0.04898592052068822
0.9015990194080183,0.09840098059198159
0.9572533159349623,0.042746684065037684
0.9580661792328999,0.04193382076710004
0.9262539651493376,0.07374603485066249
0.9275001939214464,0.0724998060785536
0.9634171759771543,0.03658282402284582
0.9570387774753473,0.042961222524652815
0.9544729604451755,0.0455270395548245
0.9444828053669473,0.055517194633052824
0.9608201474290816,0.0391798525709185
0.9411809473590443,0.058819052640955674
0.9542381554367063,0.045761844563293734
0.9197146044041634,0.08028539559583653
0.9518778048265572,0.048122195173442885
0.957783961243111,0.042216038756888924
0.9421179800113395,0.05788201998866059
0.9561745100015262,0.04382548999847378
0.9548982995421527,0.045101700457847345
0.9573258932200459,0.04267410677995416
0.965564486063332,0.034435513936668105
0.9594408825158117,0.04055911748418821
0.9539108086386555,0.046089191361344484
0.9391882719415299,0.060811728058470176
0.9569703146477958,0.04302968535220423
0.9547998820632091,0.04520011793679101
0.9026994737419395,0.09730052625806052
0.9551890056119556,0.04481099438804439
0.9450503962852354,0.05494960371476475
0.9356528868149123,0.06434711318508765
0.9555690874449966,0.04443091255500347
0.9468041314780145,0.053195868521985615
0.9131954327007459,0.08680456729925407
0.935047708083745,0.06495229191625505
0.9632667114720067,0.03673328852799326
0.9411548084121868,0.058845191587813234
0.9111991761817697,0.08880082381823029
0.9694672119321583,0.030532788067841633
0.9292019237596075,0.07079807624039246
0.9068479649697256,0.09315203503027425
0.9192996980116038,0.08070030198839616
0.9468589128967613,0.053141087103238754
0.9101405896338945,0.08985941036610544
0.9008196718446467,0.09918032815535324
0.9279577076747337,0.07204229232526624
0.9414530355561184,0.0585469644438817
0.9187506510286075,0.0812493489713924
0.9642406306889292,0.03575936931107083
0.9083744141262172,0.09162558587378276
0.9302676432811305,0.06973235671886954
0.9551885785724208,0.04481142142757929
0.9402043711355661,0.059795628864433986
0.905379761018629,0.09462023898137098
0.9396993556002325,0.060300644399767525
0.9256142145412607,0.0743857854587394
0.957589243637073,0.042410756362926946
0.9482624698020125,0.05173753019798766
0.9147043776494764,0.08529562235052367
0.9210141271895596,0.07898587281044048
0.9360296084726119,0.06397039152738818
0.939643482668063,0.06035651733193698
0.9387614064099918,0.06123859359000817
0.9512703203517481,0.048729679648251915
0.9763687719698627,0.023631228030137227
0.9569886046476193,0.04301139535238072
0.9507612344514362,0.04923876554856382
0.9473974952848495,0.05260250471515053
0.9267685059187747,0.0732314940812253
0.9452959706929666,0.05470402930703349
0.9599020833698508,0.0400979166301492
0.9131941644264718,0.08680583557352814
0.9662739363059049,0.0337260636940952
0.8921728292097028,0.10782717079029736
0.9714556732865862,0.02854432671341378
0.9200142879426139,0.07998571205738604
0.9659046807533047,0.03409531924669531
0.9371527875695108,0.06284721243048913
0.963808531402438,0.036191468597561935
0.9477863524940283,0.05221364750597166
0.9382090236044129,0.06179097639558711
0.943865565921688,0.056134434078311965
0.9359473458915328,0.06405265410846722
0.9444695916002114,0.05553040839978864
0.9546266869726294,0.04537331302737061
0.9380132298778573,0.06198677012214271
0.927045215495556,0.07295478450444412
0.961019620300664,0.03898037969933606
0.9149987970736779,0.0850012029263221
0.9594197378034427,0.040580262196557394
0.9487133266551268,0.05128667334487329
0.9029575035896128,0.0970424964103872
0.9446250563417541,0.0553749436582459
0.9498010856264436,0.05019891437355647
0.9455962734657848,0.054403726534215276
0.9265155627223048,0.07348443727769519
0.8927119063684021,0.10728809363159782
0.9548424754181298,0.04515752458187029
0.9376859353149588,0.062314064685041234
0.9366897164627607,0.06331028353723929
0.945261562167443,0.054738437832556955
0.9150725113031271,0.08492748869687297
0.9169805793945142,0.08301942060548592
0.9380373565761171,0.061962643423883024
0.9364528649902001,0.06354713500979987
0.9542001868580556,0.045799813141944465
0.9389764898586349,0.06102351014136506
0.9316023276928372,0.06839767230716273
0.9282304482971997,0.0717695517028003
0.9282855509527979,0.07171444904720221
0.913563185408184,0.08643681459181599
0.9316692691775728,0.0683307308224274
0.9277410963618796,0.07225890363812035
0.9787567519856927,0.02124324801430732
0.9350426697147084,0.06495733028529163
0.9526259623096273,0.04737403769037273
0.93974562156789,0.06025437843210995
0.9291559784540216,0.07084402154597835
0.8931283829632315,0.10687161703676841
0.9298506184499489,0.07014938155005121
0.9452825761603847,0.054717423839615274
0.9898965634056418,0.010103436594358157
0.9484394794420373,0.05156052055796268
0.9633335314966489,0.03666646850335101
0.9736190662669565,0.026380933733043614
0.9574537062557928,0.04254629374420718
0.9315035580128952,0.06849644198710476
0.942471586834947,0.05752841316505287
0.9295809269527322,0.07041907304726781
0.9312946481031493,0.06870535189685076
0.956435183593259,0.043564816406741105
0.9437692984699126,0.05623070153008736
0.9340402433190417,0.0659597566809583
0.8970601728894642,0.10293982711053587
0.9109138179648076,0.08908618203519236
0.9334560573239064,0.06654394267609366
0.9500222555607902,0.04997774443920977
0.9322326966906315,0.06776730330936859
0.9456134334626225,0.0543865665373776
0.9436586294288009,0.05634137057119905
0.9273310892216358,0.07266891077836421
0.9645264209002524,0.03547357909974759
0.9352346751186469,0.06476532488135306
0.9673181679698214,0.03268183203017865
0.9520090746647247,0.04799092533527524
0.9144231888179937,0.0855768111820064
0.9306872077767547,0.06931279222324518
0.9600778272787933,0.0399221727212066
0.9107631859975303,0.08923681400246986
0.9099411991035443,0.09005880089645578
0.9373577769306592,0.06264222306934075
0.90975430704426,0.09024569295574009
0.9512525787548727,0.0487474212451273
0.9487234114684125,0.05127658853158751
0.9658546503044292,0.034145349695570926
0.9428571878649405,0.057142812135059444
0.9473816951922659,0.05261830480773409
0.9450396060734441,0.054960393926555995
0.9579899871377496,0.04201001286225042
0.930296720546237,0.06970327945376302
0.9249442914017413,0.0750557085982587
0.9290324671076696,0.07096753289233045
0.9626970927124033,0.03730290728759662
0.9591462793949492,0.040853720605050756
0.9204817304214019,0.07951826957859816
0.9281242993776846,0.07187570062231541
0.9610403294389471,0.03895967056105291
0.9740019588899714,0.025998041110028527
0.9116935371739208,0.08830646282607925
0.9539257069864943,0.04607429301350564
0.9710273102160756,0.02897268978392449
0.9249046012536041,0.07509539874639592
0.9451795036993026,0.05482049630069738
0.9302835801350813,0.06971641986491885
0.9587081878207151,0.041291812179284924
0.9186769164130748,0.08132308358692515
0.9170019000708717,0.08299809992912843
0.9376822558097044,0.06231774419029555
0.9058565970336099,0.09414340296639005
0.9351330842866421,0.064866915713358
0.9500860655014669,0.04991393449853308
0.8973087904998426,0.10269120950015752
0.9294722446165964,0.07052775538340356
0.9682048875953349,0.0317951124046651
0.9626872445970052,0.037312755402994696
0.9847039521780782,0.01529604782192181
0.9459803673592168,0.05401963264078333
0.956320610952056,0.04367938904794396
0.932588767304776,0.06741123269522392
0.9525154052640056,0.04748459473599449
0.9466420107541481,0.05335798924585188
0.9639307745672531,0.036069225432746946
0.9431895998252366,0.05681040017476338
0.9387625889824648,0.061237411017535257
0.9542335998747818,0.0457664001252182
0.9708704954059645,0.029129504594035526
0.9251809714186853,0.07481902858131484
0.9437658533826255,0.05623414661737446
0.9306620903809015,0.06933790961909861
0.9501768188946448,0.04982318110535526
0.9496343909626275,0.050365609037372513
0.9165961156325827,0.08340388436741737
0.9502363132911483,0.04976368670885174
0.9233519859135852,0.07664801408641467
0.9535965672119855,0.04640343278801451
0.9295825957598253,0.07041740424017467
0.9511469027376802,0.04885309726231975
0.9603805577145265,0.03961944228547349
0.9249748165804196,0.07502518341958046
0.9404947270734485,0.059505272926551486
0.932675406372421,0.06732459362757912
0.9528279550219447,0.047172044978055286
0.9550773143936712,0.044922685606328866
0.9458747028773931,0.054125297122607004
0.9308234589599085,0.06917654104009151
0.9471525381443451,0.05284746185565497
0.9425164449929321,0.057483555007068
0.9559024909196743,0.044097509080325795
0.9475983958483514,0.052401604151648705
0.9432222978054464,0.05677770219455359
0.9405150979299498,0.05948490207005021
0.9512062184129934,0.0487937815870067
0.9239787085008301,0.07602129149916996
0.9405706277336588,0.059429372266341166
0.9291777135330153,0.07082228646698477
0.9563899000148784,0.04361009998512158
0.9520498802106939,0.047950119789306085
0.9387560676384574,0.06124393236154273
0.9893373980426176,0.010662601957382504
0.9589851889801744,0.04101481101982571
0.943965291858605,0.056034708141395
0.9170730935419266,0.08292690645807345
0.9167869207855502,0.08321307921444976
0.9336425535963447,0.06635744640365529
0.9082841036137438,0.09171589638625624
0.9342744095787453,0.06572559042125481
0.9171151450344917,0.0828848549655083
0.9521133659084842,0.04788663409151592
0.9504746702407308,0.04952532975926913
0.9526487613236005,0.04735123867639943
0.9698774179819333,0.03012258201806674
0.943404387432931,0.056595612567068986
0.9558398103287155,0.04416018967128458
0.9043624428492871,0.09563755715071286
0.9570187269396607,0.04298127306033933
0.9525877073896044,0.047412292610395555
0.959914731283448,0.04008526871655211
0.9517169146296514,0.04828308537034876
0.9307488064431351,0.0692511935568649
0.9513576559297771,0.04864234407022302
0.9336331426612522,0.0663668573387479
0.9696086077871412,0.03039139221285885
0.9559102342061723,0.04408976579382775
0.914142106496232,0.085857893503768
0.9536199578172534,0.04638004218274671
0.9431981194533205,0.05680188054667949
0.9269500929795238,0.07304990702047624
0.9462170130818713,0.053782986918128765
0.9430348892561292,0.05696511074387076
0.9441141984203485,0.0558858015796515
0.9633911168469583,0.03660888315304171
0.9400836540671724,0.059916345932827554
0.9453169251567053,0.05468307484329463
0.9310673354033487,0.0689326645966512
0.9368519009931641,0.06314809900683593
0.961935266604754,0.03806473339524607
0.9590109689052609,0.04098903109473907
0.8640789145099445,0.13592108549005563
0.9474652035609393,0.05253479643906068
0.942109438187054,0.057890561812945954
0.9242233663750309,0.07577663362496914
0.9147404598366806,0.08525954016331937
0.9368604941883197,0.06313950581168025
0.9350375742468776,0.06496242575312246
0.9094882465671,0.09051175343289997
0.9254781771840077,0.07452182281599233
0.9643655182693704,0.035634481730629525
0.9480338748720141,0.05196612512798601
0.9176219057670248,0.08237809423297512
0.9385365063249672,0.061463493675032774
0.9506259674823689,0.04937403251763117
0.9284744899023933,0.07152551009760667
0.9336214075495111,0.06637859245048901
0.9525358470190493,0.04746415298095086
0.9496532472284895,0.05034675277151049
0.9221150597283099,0.07788494027169016
0.9310686844654236,0.06893131553457646
0.9557256739604201,0.04427432603957996
0.9235409084404282,0.07645909155957176
0.9608984661200473,0.03910153387995277
0.9209372402679533,0.0790627597320467
0.9248306740171283,0.07516932598287177
0.9375043379271392,0.06249566207286076
0.9280402589718805,0.07195974102811954
0.9401647318475498,0.059835268152450265
0.9613037687960511,0.03869623120394896
0.9295213237725295,0.07047867622747067
0.9530646457728845,0.04693535422711551
0.9301622459283568,0.06983775407164314
0.9503989200843265,0.049601079915673495
0.9466472553454336,0.053352744654566485
0.946533073272936,0.053466926727064074
0.9649309707228891,0.035069029277110975
0.9210859116906434,0.07891408830935664
0.9614213101351916,0.038578689864808446
0.9576709032262377,0.04232909677376234
0.9292160635511504,0.07078393644884969
0.9698722477470268,0.030127752252973244
0.9294507045448388,0.07054929545516117
0.9355797639641329,0.06442023603586713
0.922995245565916,0.077004754434084
0.9457402639624792,0.054259736037520837
0.9231905903234359,0.07680940967656423
0.9310385138717802,0.06896148612821995
0.943219398596319,0.05678060140368098
0.9173496326231133,0.08265036737688675
0.9686435769454702,0.031356423054529854
0.9235916559329351,0.07640834406706501
0.9543830734094199,0.04561692659058016
0.9371472469941781,0.06285275300582202
0.9375772675952089,0.06242273240479102
0.9322057447265497,0.06779425527345036
0.9509380269666852,0.04906197303331489
0.891079288283975,0.10892071171602492
0.9212057572852507,0.07879424271474925
0.9274446863392224,0.07255531366077761
0.9454843181465491,0.054515681853450834
0.9331625153888702,0.0668374846111297
0.9032312731578391,0.09676872684216084
0.9349148513670117,0.06508514863298832
0.9612965695405397,0.038703430459460356
0.9433668152475772,0.056633184752422995
0.960401776901158,0.03959822309884198
0.9271316570993485,0.07286834290065138
0.9129869410640712,0.0870130589359288
0.9593419476576432,0.04065805234235673
0.92945807846981,0.07054192153018997
0.9487882173870857,0.05121178261291428
0.9107716857976514,0.0892283142023486
0.9343403963994752,0.0656596036005248
0.9385662055817418,0.061433794418258296
0.992063846885619,0.007936153114381016
0.9693598176390832,0.03064018236091689
0.9085280586021343,0.09147194139786584
0.9634427485362757,0.03655725146372439
0.9183083110549186,0.08169168894508143
0.9353883560657531,0.06461164393424683
0.9379129594446234,0.06208704055537663
0.9458571934092393,0.05414280659076074
0.9393914942155854,0.06060850578441448
0.921283796634383,0.07871620336561697
0.9682160868839907,0.031783913116009234
0.927228709748158,0.07277129025184205
0.9229668531055816,0.07703314689441847
0.902908022009882,0.09709197799011815
0.936854228675253,0.06314577132474697
0.9246805309931864,0.0753194690068136
0.9222850852097059,0.0777149147902942
0.9694045055783427,0.030595494421657404
0.9591162979316837,0.04088370206831634
0.9261800313307191,0.07381996866928085
0.9500407955260697,0.04995920447393032
0.9609197436400947,0.0390802563599053
0.9372860297695188,0.06271397023048114
0.9374609228055594,0.0625390771944405
0.9200276659821959,0.07997233401780411
0.9509944070116718,0.0490055929883282
0.9175355339105675,0.08246446608943259
0.9590522595528943,0.040947740447105696
0.9479239311998193,0.05207606880018069
0.9428181941211535,0.057181805878846546
0.9198100958338127,0.08018990416618736
0.9155215737781864,0.0844784262218135
0.932390722255723,0.06760927774427707
0.9463694161055103,0.053630583894489804
0.9102497532688149,0.08975024673118517
0.9396236478811648,0.060376352118835144
0.9463927461227375,0.0536072538772626
0.891810735569401,0.10818926443059906
